dataset,partition,num_clients,seed,round,client_id,global_l1o_rob,l1o_rob_contribution,global_l1o_adv,l1o_adv_contribution,global_l1o_fair,l1o_fair_contribution,global_l1o_priv,l1o_priv_contribution,l1o_priv_abs_contribution,global_l1o_fair_eo,l1o_fair_eo_contribution,l1o_fair_eo_abs_contribution,accuracy,precision,recall,f1,loss,loss_contribution,acc_contribution,global_l1o_loss,global_l1o_acc
cifar,noniid,20,42,1,0,1.0,0.0,1.0,0.0,1.0,0.0,0.9003444444444444,-0.0199444444444443,,1.0,0.0,0.0,0.1026,0.01026,0.1,0.0186105568655904,2.675368309020996,-0.0994031429290771,-0.0,2.675368309020996,0.1026
cifar,noniid,20,42,1,1,1.0,0.0,1.0,0.0,1.0,0.0,0.9003444444444444,0.0241222222222221,,1.0,0.0,0.0,0.1026,0.01026,0.1,0.0186105568655904,2.675368309020996,-0.0625350475311279,-0.0,2.675368309020996,0.1026
cifar,noniid,20,42,1,2,1.0,0.0,1.0,0.0,1.0,0.0,0.9003444444444444,0.0051777777777777,,1.0,0.0,0.0,0.1026,0.01026,0.1,0.0186105568655904,2.675368309020996,-0.0563287734985351,-0.0,2.675368309020996,0.1026
cifar,noniid,20,42,1,3,1.0,0.0,1.0,0.0,1.0,0.0,0.9003444444444444,-0.0097111111111112,,1.0,0.0,0.0,0.1026,0.01026,0.1,0.0186105568655904,2.675368309020996,-0.0919547080993652,-0.0,2.675368309020996,0.1026
cifar,noniid,20,42,1,4,1.0,0.0,1.0,0.0,1.0,0.0,0.9003444444444444,0.0003666666666666,,1.0,0.0,0.0,0.1026,0.01026,0.1,0.0186105568655904,2.675368309020996,-0.0655174255371093,-0.0,2.675368309020996,0.1026
cifar,noniid,20,42,1,5,1.0,0.0,1.0,0.0,1.0,0.0,0.9003444444444444,0.0264999999999999,,1.0,0.0,0.0,0.1026,0.01026,0.1,0.0186105568655904,2.675368309020996,-0.1167066097259521,-0.0,2.675368309020996,0.1026
cifar,noniid,20,42,1,6,1.0,0.0,1.0,0.0,1.0,0.0,0.9003444444444444,0.1160111111111108,,1.0,0.0,0.0,0.1026,0.01026,0.1,0.0186105568655904,2.675368309020996,-0.0806789398193359,-0.0,2.675368309020996,0.1026
cifar,noniid,20,42,1,7,1.0,0.0,1.0,0.0,1.0,0.0,0.9003444444444444,0.0129888888888887,,1.0,0.0,0.0,0.1026,0.01026,0.1,0.0186105568655904,2.675368309020996,-0.0575230121612548,-0.0,2.675368309020996,0.1026
cifar,noniid,20,42,1,8,1.0,0.0,1.0,0.0,1.0,0.0,0.9003444444444444,-0.0312777777777777,,1.0,0.0,0.0,0.1026,0.01026,0.1,0.0186105568655904,2.675368309020996,-0.1051471233367919,-0.0,2.675368309020996,0.1026
cifar,noniid,20,42,1,9,1.0,0.0,1.0,0.0,1.0,0.0,0.9003444444444444,-0.0346999999999999,,1.0,0.0,0.0,0.1026,0.01026,0.1,0.0186105568655904,2.675368309020996,-0.0600843429565429,-0.0,2.675368309020996,0.1026
cifar,noniid,20,42,1,10,1.0,0.0,1.0,0.0,1.0,0.0,0.9003444444444444,0.0294333333333334,,1.0,0.0,0.0,0.1026,0.01026,0.1,0.0186105568655904,2.675368309020996,-0.0788159370422363,-0.0,2.675368309020996,0.1026
cifar,noniid,20,42,1,11,1.0,0.0,1.0,0.0,1.0,0.0,0.9003444444444444,0.0307444444444444,,1.0,0.0,0.0,0.1026,0.01026,0.1,0.0186105568655904,2.675368309020996,-0.0715148448944091,-0.0,2.675368309020996,0.1026
cifar,noniid,20,42,1,12,1.0,0.0,1.0,0.0,1.0,0.0,0.9003444444444444,-0.0165666666666666,,1.0,0.0,0.0,0.1026,0.01026,0.1,0.0186105568655904,2.675368309020996,-0.0726795196533203,-0.0,2.675368309020996,0.1026
cifar,noniid,20,42,1,13,1.0,0.0,1.0,0.0,1.0,0.0,0.9003444444444444,-0.0441333333333333,,1.0,0.0,0.0,0.1026,0.01026,0.1,0.0186105568655904,2.675368309020996,-0.0853834152221679,-0.0,2.675368309020996,0.1026
cifar,noniid,20,42,1,14,1.0,0.0,1.0,0.0,1.0,0.0,0.9003444444444444,0.0293666666666665,,1.0,0.0,0.0,0.1026,0.01026,0.1,0.0186105568655904,2.675368309020996,-0.0799746513366699,-0.0,2.675368309020996,0.1026
cifar,noniid,20,42,1,15,1.0,0.0,1.0,0.0,1.0,0.0,0.9003444444444444,-0.0034333333333333,,1.0,0.0,0.0,0.1026,0.01026,0.1,0.0186105568655904,2.675368309020996,-0.05708909034729,-0.0,2.675368309020996,0.1026
cifar,noniid,20,42,1,16,1.0,0.0,1.0,0.0,1.0,0.0,0.9003444444444444,0.090588888888889,,1.0,0.0,0.0,0.1026,0.01026,0.1,0.0186105568655904,2.675368309020996,-0.0826070308685302,-0.0,2.675368309020996,0.1026
cifar,noniid,20,42,1,17,1.0,0.0,1.0,0.0,1.0,0.0,0.9003444444444444,0.0333777777777775,,1.0,0.0,0.0,0.1026,0.01026,0.1,0.0186105568655904,2.675368309020996,-0.06719970703125,-0.0,2.675368309020996,0.1026
cifar,noniid,20,42,1,18,1.0,0.0,1.0,0.0,1.0,0.0,0.9003444444444444,0.0612666666666665,,1.0,0.0,0.0,0.1026,0.01026,0.1,0.0186105568655904,2.675368309020996,-0.0631747245788574,-0.0,2.675368309020996,0.1026
cifar,noniid,20,42,1,19,1.0,0.0,1.0,0.0,1.0,0.0,0.9003444444444444,0.0080111111111109,,1.0,0.0,0.0,0.1026,0.01026,0.1,0.0186105568655904,2.675368309020996,-0.0597283840179443,-0.0,2.675368309020996,0.1026
cifar,noniid,20,42,2,0,1.0,0.0,1.0,0.0,1.0,0.0,0.8296444444444446,-0.0531999999999996,,1.0,0.0,0.0,0.1026,0.01026,0.1,0.0186105568655904,2.8039395809173584,-0.03804612159729,-0.0,2.8039395809173584,0.1026
cifar,noniid,20,42,2,1,1.0,0.0,1.0,0.0,1.0,0.0,0.8296444444444446,-0.016333333333333,,1.0,0.0,0.0,0.1026,0.01026,0.1,0.0186105568655904,2.8039395809173584,0.0035731792449951,-0.0,2.8039395809173584,0.1026
cifar,noniid,20,42,2,2,1.0,0.0,1.0,0.0,1.0,0.0,0.8296444444444446,-0.0251555555555551,,1.0,0.0,0.0,0.1026,0.01026,0.1,0.0186105568655904,2.8039395809173584,-0.0097708702087402,-0.0,2.8039395809173584,0.1026
cifar,noniid,20,42,2,3,1.0,0.0,1.0,0.0,1.0,0.0,0.8296444444444446,6.666666666688137e-05,,1.0,0.0,0.0,0.1026,0.01026,0.1,0.0186105568655904,2.8039395809173584,-0.0388693809509277,-0.0,2.8039395809173584,0.1026
cifar,noniid,20,42,2,4,1.0,0.0,1.0,0.0,1.0,0.0,0.8296444444444446,-0.0536888888888886,,1.0,0.0,0.0,0.1026,0.01026,0.1,0.0186105568655904,2.8039395809173584,-0.0141220092773437,-0.0,2.8039395809173584,0.1026
cifar,noniid,20,42,2,5,1.0,0.0,1.0,0.0,1.0,0.0,0.8296444444444446,-0.0657333333333329,,1.0,0.0,0.0,0.1026,0.01026,0.1,0.0186105568655904,2.8039395809173584,-0.0614650249481201,-0.0,2.8039395809173584,0.1026
cifar,noniid,20,42,2,6,1.0,0.0,1.0,0.0,1.0,0.0,0.8296444444444446,-0.0264444444444442,,1.0,0.0,0.0,0.1026,0.01026,0.1,0.0186105568655904,2.8039395809173584,-0.0168285369873046,-0.0,2.8039395809173584,0.1026
cifar,noniid,20,42,2,7,1.0,0.0,1.0,0.0,1.0,0.0,0.8296444444444446,-0.0260222222222219,,1.0,0.0,0.0,0.1026,0.01026,0.1,0.0186105568655904,2.8039395809173584,0.0154130458831787,-0.0,2.8039395809173584,0.1026
cifar,noniid,20,42,2,8,1.0,0.0,1.0,0.0,1.0,0.0,0.8296444444444446,-0.0224444444444442,,1.0,0.0,0.0,0.1026,0.01026,0.1,0.0186105568655904,2.8039395809173584,-0.050389289855957,-0.0,2.8039395809173584,0.1026
cifar,noniid,20,42,2,9,1.0,0.0,1.0,0.0,1.0,0.0,0.8296444444444446,0.0084555555555556,,1.0,0.0,0.0,0.1026,0.01026,0.1,0.0186105568655904,2.8039395809173584,-0.0157465934753417,-0.0,2.8039395809173584,0.1026
cifar,noniid,20,42,2,10,1.0,0.0,1.0,0.0,1.0,0.0,0.8296444444444446,-0.0034666666666665,,1.0,0.0,0.0,0.1026,0.01026,0.1,0.0186105568655904,2.8039395809173584,-0.0067672729492187,-0.0,2.8039395809173584,0.1026
cifar,noniid,20,42,2,11,1.0,0.0,1.0,0.0,1.0,0.0,0.8296444444444446,-0.0175999999999998,,1.0,0.0,0.0,0.1026,0.01026,0.1,0.0186105568655904,2.8039395809173584,-0.0265438556671142,-0.0,2.8039395809173584,0.1026
cifar,noniid,20,42,2,12,1.0,0.0,1.0,0.0,1.0,0.0,0.8296444444444446,-0.0142666666666664,,1.0,0.0,0.0,0.1026,0.01026,0.1,0.0186105568655904,2.8039395809173584,-0.0171825885772705,-0.0,2.8039395809173584,0.1026
cifar,noniid,20,42,2,13,1.0,0.0,1.0,0.0,1.0,0.0,0.8296444444444446,-0.0264888888888885,,1.0,0.0,0.0,0.1026,0.01026,0.1,0.0186105568655904,2.8039395809173584,-0.0474617481231689,-0.0,2.8039395809173584,0.1026
cifar,noniid,20,42,2,14,1.0,0.0,1.0,0.0,1.0,0.0,0.8296444444444446,-0.0301111111111107,,1.0,0.0,0.0,0.1026,0.01026,0.1,0.0186105568655904,2.8039395809173584,-0.0417771339416503,-0.0,2.8039395809173584,0.1026
cifar,noniid,20,42,2,15,1.0,0.0,1.0,0.0,1.0,0.0,0.8296444444444446,-0.0351999999999999,,1.0,0.0,0.0,0.1026,0.01026,0.1,0.0186105568655904,2.8039395809173584,-0.0158121585845947,-0.0,2.8039395809173584,0.1026
cifar,noniid,20,42,2,16,1.0,0.0,1.0,0.0,1.0,0.0,0.8296444444444446,-0.0311666666666663,,1.0,0.0,0.0,0.1026,0.01026,0.1,0.0186105568655904,2.8039395809173584,-0.0382020473480224,-0.0,2.8039395809173584,0.1026
cifar,noniid,20,42,2,17,1.0,0.0,1.0,0.0,1.0,0.0,0.8296444444444446,-0.0477999999999998,,1.0,0.0,0.0,0.1026,0.01026,0.1,0.0186105568655904,2.8039395809173584,-0.02168869972229,-0.0,2.8039395809173584,0.1026
cifar,noniid,20,42,2,18,1.0,0.0,1.0,0.0,1.0,0.0,0.8296444444444446,-0.0281111111111107,,1.0,0.0,0.0,0.1026,0.01026,0.1,0.0186105568655904,2.8039395809173584,0.0055947303771972,-0.0,2.8039395809173584,0.1026
cifar,noniid,20,42,2,19,1.0,0.0,1.0,0.0,1.0,0.0,0.8296444444444446,-0.0006777777777775,,1.0,0.0,0.0,0.1026,0.01026,0.1,0.0186105568655904,2.8039395809173584,-0.0220484733581542,-0.0,2.8039395809173584,0.1026
cifar,noniid,20,42,3,0,0.9981639981269836,-0.001468002796173,0.9366602687140116,-0.0613942059941596,1.0,0.0,0.7505555555555554,-0.0272444444444446,,0.9906151608233638,-0.0087291619610452,0.0087291619610452,0.1046,0.2174482006543075,0.1020835759082343,0.0227809492947363,2.810520887374878,-0.0350339412689209,0.0017999999999999,2.810520887374878,0.1046
cifar,noniid,20,42,3,1,0.9981639981269836,-0.0013999938964843,0.9366602687140116,-0.0497474982762797,1.0,0.0,0.7505555555555554,-0.0266000000000001,,0.9906151608233638,-0.0072064289897866,0.0072064289897866,0.1046,0.2174482006543075,0.1020835759082343,0.0227809492947363,2.810520887374878,0.0080089569091796,0.0013999999999999,2.810520887374878,0.1046
cifar,noniid,20,42,3,2,0.9981639981269836,-0.0015100240707397,0.9366602687140116,-0.0575144885675418,1.0,0.0,0.7505555555555554,-0.0050444444444448,,0.9906151608233638,-0.007271119698935,0.007271119698935,0.1046,0.2174482006543075,0.1020835759082343,0.0227809492947363,2.810520887374878,6.937980651855469e-05,0.0013999999999999,2.810520887374878,0.1046
cifar,noniid,20,42,3,3,0.9981639981269836,-0.0010579824447631,0.9366602687140116,-0.0536498088053682,1.0,0.0,0.7505555555555554,0.015422222222222,,0.9906151608233638,-0.0068988569948147,0.0068988569948147,0.1046,0.2174482006543075,0.1020835759082343,0.0227809492947363,2.810520887374878,-0.0260329246520996,0.0013999999999999,2.810520887374878,0.1046
cifar,noniid,20,42,3,4,0.9981639981269836,-0.0014359951019287,0.9366602687140116,-0.0594486807023308,1.0,0.0,0.7505555555555554,-0.0236,,0.9906151608233638,-0.0087317085648765,0.0087317085648765,0.1046,0.2174482006543075,0.1020835759082343,0.0227809492947363,2.810520887374878,-0.0044021606445312,0.0016,2.810520887374878,0.1046
cifar,noniid,20,42,3,5,0.9981639981269836,0.006305992603302,0.9366602687140116,0.329790039706378,1.0,0.0,0.7505555555555554,-0.0158888888888888,,0.9906151608233638,0.0354860105652584,0.0354860105652584,0.1046,0.2174482006543075,0.1020835759082343,0.0227809492947363,2.810520887374878,-0.0466470718383789,-0.0013999999999999,2.810520887374878,0.1046
cifar,noniid,20,42,3,6,0.9981639981269836,-0.0015079975128173,0.9366602687140116,-0.0613942059941596,1.0,0.0,0.7505555555555554,-0.0243111111111111,,0.9906151608233638,-0.0088227791655787,0.0088227791655787,0.1046,0.2174482006543075,0.1020835759082343,0.0227809492947363,2.810520887374878,-0.0177884101867675,0.0017999999999999,2.810520887374878,0.1046
cifar,noniid,20,42,3,7,0.9981639981269836,-0.0014359951019287,0.9366602687140116,-0.0594562361403574,1.0,0.0,0.7505555555555554,-0.0248000000000001,,0.9906151608233638,-0.0089998777790588,0.0089998777790588,0.1046,0.2174482006543075,0.1020835759082343,0.0227809492947363,2.810520887374878,0.0276875495910644,0.0017999999999999,2.810520887374878,0.1046
cifar,noniid,20,42,3,8,0.9981639981269836,-0.0001779794692993,0.9366602687140116,-0.0459986908235606,1.0,0.0,0.7505555555555554,-0.0019333333333333,,0.9906151608233638,-0.0075493021620006,0.0075493021620006,0.1046,0.2174482006543075,0.1020835759082343,0.0227809492947363,2.810520887374878,-0.0389938354492187,0.0007999999999999,2.810520887374878,0.1046
cifar,noniid,20,42,3,9,0.9981639981269836,-0.0015959739685058,0.9366602687140116,-0.0594562361403574,1.0,0.0,0.7505555555555554,0.0072888888888889,,0.9906151608233638,-0.0082632657583529,0.0082632657583529,0.1046,0.2174482006543075,0.1020835759082343,0.0227809492947363,2.810520887374878,-0.0172195434570312,0.0016,2.810520887374878,0.1046
cifar,noniid,20,42,3,10,0.9981639981269836,-0.0006600022315979,0.9366602687140116,0.0122416640628487,1.0,0.0,0.7505555555555554,-0.0065111111111113,,0.9906151608233638,0.0003663409921204,0.0003663409921204,0.1046,0.2174482006543075,0.1020835759082343,0.0227809492947363,2.810520887374878,0.0110590457916259,0.0007999999999999,2.810520887374878,0.1046
cifar,noniid,20,42,3,11,0.9981639981269836,-0.0014439821243286,0.9366602687140116,-0.0399934277840429,1.0,0.0,0.7505555555555554,-0.0254666666666669,,0.9906151608233638,-0.005702884250154,0.005702884250154,0.1046,0.2174482006543075,0.1020835759082343,0.0227809492947363,2.810520887374878,-0.0147581100463867,0.0016,2.810520887374878,0.1046
cifar,noniid,20,42,3,12,0.9981639981269836,-0.0012360215187072,0.9366602687140116,-0.0438844783677004,1.0,0.0,0.7505555555555554,-0.010466666666667,,0.9906151608233638,-0.0075716097574326,0.0075716097574326,0.1046,0.2174482006543075,0.1020835759082343,0.0227809492947363,2.810520887374878,-0.0115880966186523,0.0016,2.810520887374878,0.1046
cifar,noniid,20,42,3,13,0.9981639981269836,-0.0013719797134399,0.9366602687140116,-0.0575257777976163,1.0,0.0,0.7505555555555554,-0.0468444444444446,,0.9906151608233638,-0.0087199963973393,0.0087199963973393,0.1046,0.2174482006543075,0.1020835759082343,0.0227809492947363,2.810520887374878,-0.0446958541870117,0.0013999999999999,2.810520887374878,0.1046
cifar,noniid,20,42,3,14,0.9981639981269836,-0.0014359951019287,0.9366602687140116,-0.0613942059941596,1.0,0.0,0.7505555555555554,-0.0040666666666668,,0.9906151608233638,-0.0091027251589744,0.0091027251589744,0.1046,0.2174482006543075,0.1020835759082343,0.0227809492947363,2.810520887374878,-0.0272912979125976,0.0017999999999999,2.810520887374878,0.1046
cifar,noniid,20,42,3,15,0.9981639981269836,-0.0011680126190185,0.9366602687140116,-0.0362079483402519,1.0,0.0,0.7505555555555554,0.0031777777777775,,0.9906151608233638,-0.0051396096365969,0.0051396096365969,0.1046,0.2174482006543075,0.1020835759082343,0.0227809492947363,2.810520887374878,-0.0127856731414794,0.0011999999999999,2.810520887374878,0.1046
cifar,noniid,20,42,3,16,0.9981639981269836,0.001035988330841,0.9366602687140116,0.1755812706407937,1.0,0.0,0.7505555555555554,-0.0188000000000001,,0.9906151608233638,0.0137080241351772,0.0137080241351772,0.1046,0.2174482006543075,0.1020835759082343,0.0227809492947363,2.810520887374878,-0.0332405567169189,-0.0,2.810520887374878,0.1046
cifar,noniid,20,42,3,17,0.9981639981269836,-0.001550018787384,0.9366602687140116,-0.0613942059941596,1.0,0.0,0.7505555555555554,0.005222222222222,,0.9906151608233638,-0.0086356009631302,0.0086356009631302,0.1046,0.2174482006543075,0.1020835759082343,0.0227809492947363,2.810520887374878,-0.0122961997985839,0.0017999999999999,2.810520887374878,0.1046
cifar,noniid,20,42,3,18,0.9981639981269836,-0.0016360282897949,0.9366602687140116,-0.0613942059941596,1.0,0.0,0.7505555555555554,-0.0113111111111112,,0.9906151608233638,-0.0088345194364254,0.0088345194364254,0.1046,0.2174482006543075,0.1020835759082343,0.0227809492947363,2.810520887374878,0.0130960941314697,0.0017999999999999,2.810520887374878,0.1046
cifar,noniid,20,42,3,19,0.9981639981269836,-0.0011119842529296,0.9366602687140116,-0.0439598863247481,1.0,0.0,0.7505555555555554,-0.0036,,0.9906151608233638,-0.0070714434262683,0.0070714434262683,0.1046,0.2174482006543075,0.1020835759082343,0.0227809492947363,2.810520887374878,-0.0167236328125,0.0011999999999999,2.810520887374878,0.1046
cifar,noniid,20,42,4,0,0.9460219740867616,-0.0416780114173889,0.3657770800627943,-0.4166726457141709,1.0,0.0,0.7594666666666667,-0.0040444444444445,,0.9690625425541342,-0.0149047231335378,0.0149047231335378,0.1348,0.243679779940009,0.1334507731587227,0.0723348961525824,2.6883978843688965,-0.0182321071624755,0.0208,2.6883978843688965,0.1348
cifar,noniid,20,42,4,1,0.9460219740867616,-0.0297780036926269,0.3657770800627943,-0.1877943485086342,1.0,0.0,0.7594666666666667,-0.0205777777777775,,0.9690625425541342,-0.0059041029361086,0.0059041029361086,0.1348,0.243679779940009,0.1334507731587227,0.0723348961525824,2.6883978843688965,0.0134162902832031,0.0176,2.6883978843688965,0.1348
cifar,noniid,20,42,4,2,0.9460219740867616,-0.032908022403717,0.3657770800627943,-0.2454313262419341,1.0,0.0,0.7594666666666667,-0.0478888888888888,,0.9690625425541342,-0.0072358455953626,0.0072358455953626,0.1348,0.243679779940009,0.1334507731587227,0.0723348961525824,2.6883978843688965,0.0072827339172363,0.0156,2.6883978843688965,0.1348
cifar,noniid,20,42,4,3,0.9460219740867616,-0.0235620141029357,0.3657770800627943,-0.164628325342611,1.0,0.0,0.7594666666666667,0.0014222222222222,,0.9690625425541342,-0.0007989113164965,0.0007989113164965,0.1348,0.243679779940009,0.1334507731587227,0.0723348961525824,2.6883978843688965,-0.0176119804382324,0.0093999999999999,2.6883978843688965,0.1348
cifar,noniid,20,42,4,4,0.9460219740867616,-0.0372840166091918,0.3657770800627943,-0.2888341315104425,1.0,0.0,0.7594666666666667,-0.038,,0.9690625425541342,-0.0124547752879558,0.0124547752879558,0.1348,0.243679779940009,0.1334507731587227,0.0723348961525824,2.6883978843688965,0.0090401172637939,0.0208,2.6883978843688965,0.1348
cifar,noniid,20,42,4,5,0.9460219740867616,0.0359479784965515,0.3657770800627943,0.2017899417991287,1.0,0.0,0.7594666666666667,0.0075777777777779,,0.9690625425541342,0.0105119646108988,0.0105119646108988,0.1348,0.243679779940009,0.1334507731587227,0.0723348961525824,2.6883978843688965,-0.0287802219390869,-0.0053999999999999,2.6883978843688965,0.1348
cifar,noniid,20,42,4,6,0.9460219740867616,-0.0424840450286865,0.3657770800627943,-0.5247338688423151,1.0,0.0,0.7594666666666667,-0.0641999999999998,,0.9690625425541342,-0.0223038394311079,0.0223038394311079,0.1348,0.243679779940009,0.1334507731587227,0.0723348961525824,2.6883978843688965,-0.0137920379638671,0.0228,2.6883978843688965,0.1348
cifar,noniid,20,42,4,7,0.9460219740867616,-0.0429840087890625,0.3657770800627943,-0.3735944541331391,1.0,0.0,0.7594666666666667,-0.0128222222222222,,0.9690625425541342,-0.0150024311720121,0.0150024311720121,0.1348,0.243679779940009,0.1334507731587227,0.0723348961525824,2.6883978843688965,0.0331599712371826,0.0234,2.6883978843688965,0.1348
cifar,noniid,20,42,4,8,0.9460219740867616,-0.0326000452041626,0.3657770800627943,-0.3492488266729569,1.0,0.0,0.7594666666666667,-0.0588888888888889,,0.9690625425541342,-0.0111705437834676,0.0111705437834676,0.1348,0.243679779940009,0.1334507731587227,0.0723348961525824,2.6883978843688965,-0.0375010967254638,0.01,2.6883978843688965,0.1348
cifar,noniid,20,42,4,9,0.9460219740867616,-0.0334960222244262,0.3657770800627943,-0.2896999517393258,1.0,0.0,0.7594666666666667,0.008622222222222,,0.9690625425541342,-0.0128444820405416,0.0128444820405416,0.1348,0.243679779940009,0.1334507731587227,0.0723348961525824,2.6883978843688965,-0.010953664779663,0.0174,2.6883978843688965,0.1348
cifar,noniid,20,42,4,10,0.9460219740867616,-0.0022300481796264,0.3657770800627943,0.1295701835110702,1.0,0.0,0.7594666666666667,-0.0054888888888888,,0.9690625425541342,0.0089282578068473,0.0089282578068473,0.1348,0.243679779940009,0.1334507731587227,0.0723348961525824,2.6883978843688965,0.0153648853302001,0.0126,2.6883978843688965,0.1348
cifar,noniid,20,42,4,11,0.9460219740867616,-0.034276008605957,0.3657770800627943,-0.1576886239083247,1.0,0.0,0.7594666666666667,-0.0413333333333332,,0.9690625425541342,-0.0069778070485544,0.0069778070485544,0.1348,0.243679779940009,0.1334507731587227,0.0723348961525824,2.6883978843688965,-0.0070807933807373,0.0214,2.6883978843688965,0.1348
cifar,noniid,20,42,4,12,0.9460219740867616,-0.0334920287132263,0.3657770800627943,-0.1790257873207182,1.0,0.0,0.7594666666666667,-0.0184444444444442,,0.9690625425541342,-0.01037165898474,0.01037165898474,0.1348,0.243679779940009,0.1334507731587227,0.0723348961525824,2.6883978843688965,-0.0074377059936523,0.019,2.6883978843688965,0.1348
cifar,noniid,20,42,4,13,0.9460219740867616,-0.0366900563240051,0.3657770800627943,-0.4377316918670302,1.0,0.0,0.7594666666666667,-0.0189999999999999,,0.9690625425541342,-0.0165669835650907,0.0165669835650907,0.1348,0.243679779940009,0.1334507731587227,0.0723348961525824,2.6883978843688965,-0.0446612834930419,0.0138,2.6883978843688965,0.1348
cifar,noniid,20,42,4,14,0.9460219740867616,-0.0393240451812744,0.3657770800627943,-0.4170696352656728,1.0,0.0,0.7594666666666667,-0.0238222222222221,,0.9690625425541342,-0.0164692688976577,0.0164692688976577,0.1348,0.243679779940009,0.1334507731587227,0.0723348961525824,2.6883978843688965,-0.0192334651947021,0.022,2.6883978843688965,0.1348
cifar,noniid,20,42,4,15,0.9460219740867616,-0.0269020199775695,0.3657770800627943,-0.1411915610521882,1.0,0.0,0.7594666666666667,-0.0136666666666664,,0.9690625425541342,-0.0039619382139395,0.0039619382139395,0.1348,0.243679779940009,0.1334507731587227,0.0723348961525824,2.6883978843688965,-0.0057110786437988,0.0136,2.6883978843688965,0.1348
cifar,noniid,20,42,4,16,0.9460219740867616,0.0250659584999084,0.3657770800627943,0.2022850165707308,1.0,0.0,0.7594666666666667,-0.0255777777777779,,0.9690625425541342,0.0040661393807261,0.0040661393807261,0.1348,0.243679779940009,0.1334507731587227,0.0723348961525824,2.6883978843688965,-0.0190620422363281,-0.0085999999999999,2.6883978843688965,0.1348
cifar,noniid,20,42,4,17,0.9460219740867616,-0.0368580222129821,0.3657770800627943,-0.3801978752144865,1.0,0.0,0.7594666666666667,-0.0470222222222223,,0.9690625425541342,-0.0107024201905167,0.0107024201905167,0.1348,0.243679779940009,0.1334507731587227,0.0723348961525824,2.6883978843688965,0.0010783672332763,0.017,2.6883978843688965,0.1348
cifar,noniid,20,42,4,18,0.9460219740867616,-0.0408080220222473,0.3657770800627943,-0.2865593685353365,1.0,0.0,0.7594666666666667,-0.0423111111111111,,0.9690625425541342,-0.0118696353753604,0.0118696353753604,0.1348,0.243679779940009,0.1334507731587227,0.0723348961525824,2.6883978843688965,0.0204079151153564,0.0254,2.6883978843688965,0.1348
cifar,noniid,20,42,4,19,0.9460219740867616,-0.0290680527687072,0.3657770800627943,-0.1736274733522669,1.0,0.0,0.7594666666666667,-0.0172444444444443,,0.9690625425541342,-0.0055547120723421,0.0055547120723421,0.1348,0.243679779940009,0.1334507731587227,0.0723348961525824,2.6883978843688965,-0.0162978172302246,0.0148,2.6883978843688965,0.1348
cifar,noniid,20,42,5,0,0.7937059998512268,-0.1007239818572998,0.1210191082802547,-0.0907455976020981,1.0,0.0,0.6918666666666666,-0.0264666666666666,,0.9503325783427776,-0.017920996320725,0.017920996320725,0.1898,0.2837847693863818,0.1903110243064094,0.1320530980330898,2.454885959625244,-0.0112006664276123,0.0313999999999999,2.454885959625244,0.1898
cifar,noniid,20,42,5,1,0.7937059998512268,-0.0643979907035827,0.1210191082802547,-0.0060045529899818,1.0,0.0,0.6918666666666666,0.0214666666666667,,0.9503325783427776,0.0007877332496178,0.0007877332496178,0.1898,0.2837847693863818,0.1903110243064094,0.1320530980330898,2.454885959625244,0.0213809013366699,0.0249999999999999,2.454885959625244,0.1898
cifar,noniid,20,42,5,2,0.7937059998512268,-0.063975989818573,0.1210191082802547,-0.025866908170979,1.0,0.0,0.6918666666666666,0.0143777777777778,,0.9503325783427776,-0.0075684908439048,0.0075684908439048,0.1898,0.2837847693863818,0.1903110243064094,0.1320530980330898,2.454885959625244,0.0148124694824218,0.0148,2.454885959625244,0.1898
cifar,noniid,20,42,5,3,0.7937059998512268,-0.0415080189704895,0.1210191082802547,-0.0139015266403801,1.0,0.0,0.6918666666666666,-0.0327111111111113,,0.9503325783427776,-0.0010631238980046,0.0010631238980046,0.1898,0.2837847693863818,0.1903110243064094,0.1320530980330898,2.454885959625244,-0.0088465213775634,0.0093999999999999,2.454885959625244,0.1898
cifar,noniid,20,42,5,4,0.7937059998512268,-0.0774800181388855,0.1210191082802547,-0.0431599961973571,1.0,0.0,0.6918666666666666,0.0075777777777776,,0.9503325783427776,-0.0059596507350139,0.0059596507350139,0.1898,0.2837847693863818,0.1903110243064094,0.1320530980330898,2.454885959625244,0.0162935256958007,0.0284,2.454885959625244,0.1898
cifar,noniid,20,42,5,5,0.7937059998512268,0.0472219586372375,0.1210191082802547,0.0623837138239648,1.0,0.0,0.6918666666666666,0.020622222222222,,0.9503325783427776,-0.0025695322371674,0.0025695322371674,0.1898,0.2837847693863818,0.1903110243064094,0.1320530980330898,2.454885959625244,-0.006044864654541,-0.0004,2.454885959625244,0.1898
cifar,noniid,20,42,5,6,0.7937059998512268,-0.1051139831542968,0.1210191082802547,-0.2485746007629955,1.0,0.0,0.6918666666666666,0.0499777777777774,,0.9503325783427776,-0.0240606721143187,0.0240606721143187,0.1898,0.2837847693863818,0.1903110243064094,0.1320530980330898,2.454885959625244,-0.0106563568115234,0.0332,2.454885959625244,0.1898
cifar,noniid,20,42,5,7,0.7937059998512268,-0.0966500043869018,0.1210191082802547,-0.0725723469934434,1.0,0.0,0.6918666666666666,0.0282444444444445,,0.9503325783427776,-0.0175018855515085,0.0175018855515085,0.1898,0.2837847693863818,0.1903110243064094,0.1320530980330898,2.454885959625244,0.0476975440979003,0.038,2.454885959625244,0.1898
cifar,noniid,20,42,5,8,0.7937059998512268,-0.075264036655426,0.1210191082802547,-0.0765999393387928,1.0,0.0,0.6918666666666666,0.0379555555555555,,0.9503325783427776,-0.0110674653525919,0.0110674653525919,0.1898,0.2837847693863818,0.1903110243064094,0.1320530980330898,2.454885959625244,-0.029083251953125,0.0191999999999999,2.454885959625244,0.1898
cifar,noniid,20,42,5,9,0.7937059998512268,-0.071586012840271,0.1210191082802547,-0.0576834620991821,1.0,0.0,0.6918666666666666,0.0511999999999999,,0.9503325783427776,-0.0068123488460883,0.0068123488460883,0.1898,0.2837847693863818,0.1903110243064094,0.1320530980330898,2.454885959625244,-0.0091617107391357,0.0249999999999999,2.454885959625244,0.1898
cifar,noniid,20,42,5,10,0.7937059998512268,-0.0040280222892761,0.1210191082802547,0.0457502910759537,1.0,0.0,0.6918666666666666,-0.0092888888888889,,0.9503325783427776,-0.0133040917942335,0.0133040917942335,0.1898,0.2837847693863818,0.1903110243064094,0.1320530980330898,2.454885959625244,0.0264608860015869,0.0169999999999999,2.454885959625244,0.1898
cifar,noniid,20,42,5,11,0.7937059998512268,-0.0720320343971252,0.1210191082802547,-0.0094156743284408,1.0,0.0,0.6918666666666666,-0.0271777777777779,,0.9503325783427776,-0.0070269809259668,0.0070269809259668,0.1898,0.2837847693863818,0.1903110243064094,0.1320530980330898,2.454885959625244,0.0002040863037109,0.0335999999999999,2.454885959625244,0.1898
cifar,noniid,20,42,5,12,0.7937059998512268,-0.0701940059661865,0.1210191082802547,-0.0114962291430581,1.0,0.0,0.6918666666666666,0.0328666666666666,,0.9503325783427776,-0.0068492831583339,0.0068492831583339,0.1898,0.2837847693863818,0.1903110243064094,0.1320530980330898,2.454885959625244,-0.0030274391174316,0.0226,2.454885959625244,0.1898
cifar,noniid,20,42,5,13,0.7937059998512268,-0.0866360068321228,0.1210191082802547,-0.1135780481178495,1.0,0.0,0.6918666666666666,0.0471111111111111,,0.9503325783427776,-0.0161962093904725,0.0161962093904725,0.1898,0.2837847693863818,0.1903110243064094,0.1320530980330898,2.454885959625244,-0.0383543968200683,0.0199999999999999,2.454885959625244,0.1898
cifar,noniid,20,42,5,14,0.7937059998512268,-0.0843259692192077,0.1210191082802547,-0.0732164806921762,1.0,0.0,0.6918666666666666,-0.0279333333333333,,0.9503325783427776,-0.0091474656181322,0.0091474656181322,0.1898,0.2837847693863818,0.1903110243064094,0.1320530980330898,2.454885959625244,-0.0065233707427978,0.0302,2.454885959625244,0.1898
cifar,noniid,20,42,5,15,0.7937059998512268,-0.0569580197334289,0.1210191082802547,-0.0078591733426569,1.0,0.0,0.6918666666666666,0.0107111111111108,,0.9503325783427776,-0.0057056832799865,0.0057056832799865,0.1898,0.2837847693863818,0.1903110243064094,0.1320530980330898,2.454885959625244,0.000666856765747,0.0184,2.454885959625244,0.1898
cifar,noniid,20,42,5,16,0.7937059998512268,0.0542200207710266,0.1210191082802547,0.0646666492638613,1.0,0.0,0.6918666666666666,-0.0253777777777777,,0.9503325783427776,-0.0081066913582239,0.0081066913582239,0.1898,0.2837847693863818,0.1903110243064094,0.1320530980330898,2.454885959625244,-0.0069541931152343,-0.008,2.454885959625244,0.1898
cifar,noniid,20,42,5,17,0.7937059998512268,-0.0743799805641174,0.1210191082802547,-0.0567317986121273,1.0,0.0,0.6918666666666666,0.0303111111111111,,0.9503325783427776,-0.0148038950385072,0.0148038950385072,0.1898,0.2837847693863818,0.1903110243064094,0.1320530980330898,2.454885959625244,0.0143325328826904,0.0227999999999999,2.454885959625244,0.1898
cifar,noniid,20,42,5,18,0.7937059998512268,-0.0992839932441711,0.1210191082802547,-0.0520054148805081,1.0,0.0,0.6918666666666666,-0.0119333333333333,,0.9503325783427776,-0.0072731385462863,0.0072731385462863,0.1898,0.2837847693863818,0.1903110243064094,0.1320530980330898,2.454885959625244,0.0302343368530273,0.0418,2.454885959625244,0.1898
cifar,noniid,20,42,5,19,0.7937059998512268,-0.0631399750709533,0.1210191082802547,-0.0283636077691279,1.0,0.0,0.6918666666666666,0.0127111111111111,,0.9503325783427776,-0.0055960652209072,0.0055960652209072,0.1898,0.2837847693863818,0.1903110243064094,0.1320530980330898,2.454885959625244,-0.0155706405639648,0.0214,2.454885959625244,0.1898
cifar,noniid,20,42,6,0,0.56318199634552,-0.0552300214767456,0.1100993377483443,0.0114093814164666,0.9974451777730466,-0.0004258037044921,0.7434888888888886,-0.016088888888889,,0.962567628968489,0.0061400970537021,0.0061400970537021,0.2494,0.4792452490232737,0.2511536272162267,0.1974450014230391,2.175227642059326,-0.0339968204498291,0.013,2.175227642059326,0.2494
cifar,noniid,20,42,6,1,0.56318199634552,-0.0518920421600341,0.1100993377483443,0.0254706676274462,0.9974451777730466,-0.0006387055567382,0.7434888888888886,-0.0163111111111111,,0.962567628968489,0.0083876892639628,0.0083876892639628,0.2494,0.4792452490232737,0.2511536272162267,0.1974450014230391,2.175227642059326,-0.0049920082092285,0.0148,2.175227642059326,0.2494
cifar,noniid,20,42,6,2,0.56318199634552,-0.0173460245132446,0.1100993377483443,0.0167880247838522,0.9974451777730466,-0.0012774111134766,0.7434888888888886,0.0360222222222217,,0.962567628968489,0.0084304198815665,0.0084304198815665,0.2494,0.4792452490232737,0.2511536272162267,0.1974450014230391,2.175227642059326,-0.0027089118957519,0.0016,2.175227642059326,0.2494
cifar,noniid,20,42,6,3,0.56318199634552,-0.0281220078468322,0.1100993377483443,0.0075993377483443,0.9974451777730466,-0.0012774111134766,0.7434888888888886,0.0157444444444443,,0.962567628968489,0.0024031648782701,0.0024031648782701,0.2494,0.4792452490232737,0.2511536272162267,0.1974450014230391,2.175227642059326,-0.0158464908599853,0.0056,2.175227642059326,0.2494
cifar,noniid,20,42,6,4,0.56318199634552,-0.0523500442504882,0.1100993377483443,0.0114954983068085,0.9974451777730466,-0.0010645092612305,0.7434888888888886,0.0084444444444442,,0.962567628968489,0.0008819820067774,0.0008819820067774,0.2494,0.4792452490232737,0.2511536272162267,0.1974450014230391,2.175227642059326,-0.0054342746734619,0.0142,2.175227642059326,0.2494
cifar,noniid,20,42,6,5,0.56318199634552,0.0429019927978515,0.1100993377483443,0.0568078016981876,0.9974451777730466,-0.0014903129657227,0.7434888888888886,0.0988777777777776,,0.962567628968489,0.0093688513965631,0.0093688513965631,0.2494,0.4792452490232737,0.2511536272162267,0.1974450014230391,2.175227642059326,-0.020402193069458,-0.0101999999999999,2.175227642059326,0.2494
cifar,noniid,20,42,6,6,0.56318199634552,-0.0566860437393188,0.1100993377483443,-0.0234062608735333,0.9974451777730466,0.000212901852246,0.7434888888888886,-0.0404888888888892,,0.962567628968489,0.001490005743352,0.001490005743352,0.2494,0.4792452490232737,0.2511536272162267,0.1974450014230391,2.175227642059326,-0.0450661182403564,0.0134,2.175227642059326,0.2494
cifar,noniid,20,42,6,7,0.56318199634552,-0.0772500038146972,0.1100993377483443,0.0030212978209396,0.9974451777730466,-0.0010645092612305,0.7434888888888886,-0.003888888888889,,0.962567628968489,0.0024237023170874,0.0024237023170874,0.2494,0.4792452490232737,0.2511536272162267,0.1974450014230391,2.175227642059326,0.0225155353546142,0.026,2.175227642059326,0.2494
cifar,noniid,20,42,6,8,0.56318199634552,-0.0459200143814086,0.1100993377483443,0.0003840948672723,0.9974451777730466,-0.0010645092612305,0.7434888888888886,-0.0229222222222222,,0.962567628968489,0.0032118424418865,0.0032118424418865,0.2494,0.4792452490232737,0.2511536272162267,0.1974450014230391,2.175227642059326,-0.0489566326141357,0.0006,2.175227642059326,0.2494
cifar,noniid,20,42,6,9,0.56318199634552,-0.053920030593872,0.1100993377483443,-0.0008206966454647,0.9974451777730466,-0.0004258037044921,0.7434888888888886,0.0765333333333331,,0.962567628968489,0.0012027222940882,0.0012027222940882,0.2494,0.4792452490232737,0.2511536272162267,0.1974450014230391,2.175227642059326,-0.0300273895263671,0.015,2.175227642059326,0.2494
cifar,noniid,20,42,6,10,0.56318199634552,-0.0029200315475463,0.1100993377483443,0.0435968746941571,0.9974451777730466,-0.0012774111134766,0.7434888888888886,0.0103111111111109,,0.962567628968489,0.0097342559472086,0.0097342559472086,0.2494,0.4792452490232737,0.2511536272162267,0.1974450014230391,2.175227642059326,8.106231689453125e-05,0.0068,2.175227642059326,0.2494
cifar,noniid,20,42,6,11,0.56318199634552,-0.0251380205154418,0.1100993377483443,0.0305237409313682,0.9974451777730466,0.0,0.7434888888888886,0.0806666666666664,,0.962567628968489,-5.6168080510010654e-05,5.6168080510010654e-05,0.2494,0.4792452490232737,0.2511536272162267,0.1974450014230391,2.175227642059326,-0.021003246307373,0.0178,2.175227642059326,0.2494
cifar,noniid,20,42,6,12,0.56318199634552,-0.0284600257873535,0.1100993377483443,0.0372959904680096,0.9974451777730466,0.0,0.7434888888888886,-0.0243555555555559,,0.962567628968489,-0.0021345045288861,0.0021345045288861,0.2494,0.4792452490232737,0.2511536272162267,0.1974450014230391,2.175227642059326,-0.0270469188690185,0.008,2.175227642059326,0.2494
cifar,noniid,20,42,6,13,0.56318199634552,-0.0718259811401367,0.1100993377483443,-0.0038773677425042,0.9974451777730466,0.0004258037044923,0.7434888888888886,0.0220888888888886,,0.962567628968489,0.0050372168840686,0.0050372168840686,0.2494,0.4792452490232737,0.2511536272162267,0.1974450014230391,2.175227642059326,-0.062432050704956,0.0064,2.175227642059326,0.2494
cifar,noniid,20,42,6,14,0.56318199634552,-0.0379979610443115,0.1100993377483443,0.0076014910644511,0.9974451777730466,-0.0010645092612305,0.7434888888888886,0.0099222222222219,,0.962567628968489,-0.0009027722123651,0.0009027722123651,0.2494,0.4792452490232737,0.2511536272162267,0.1974450014230391,2.175227642059326,-0.031813621520996,0.01,2.175227642059326,0.2494
cifar,noniid,20,42,6,15,0.56318199634552,-0.0272079706192016,0.1100993377483443,0.0174287396017563,0.9974451777730466,-0.0004258037044921,0.7434888888888886,-0.0206444444444446,,0.962567628968489,0.0032095894650079,0.0032095894650079,0.2494,0.4792452490232737,0.2511536272162267,0.1974450014230391,2.175227642059326,-0.0223565101623535,0.0064,2.175227642059326,0.2494
cifar,noniid,20,42,6,16,0.56318199634552,0.0320219993591308,0.1100993377483443,0.0528680925820643,0.9974451777730466,-0.0012774111134766,0.7434888888888886,0.0300666666666664,,0.962567628968489,0.0032997440615538,0.0032997440615538,0.2494,0.4792452490232737,0.2511536272162267,0.1974450014230391,2.175227642059326,-0.0227203369140625,-0.0181999999999999,2.175227642059326,0.2494
cifar,noniid,20,42,6,17,0.56318199634552,-0.0196999907493591,0.1100993377483443,0.0185851946535024,0.9974451777730466,-0.0008516074089844,0.7434888888888886,-0.0234000000000003,,0.962567628968489,-0.0003551949756838,0.0003551949756838,0.2494,0.4792452490232737,0.2511536272162267,0.1974450014230391,2.175227642059326,0.0008215904235839,0.0042,2.175227642059326,0.2494
cifar,noniid,20,42,6,18,0.56318199634552,-0.0775560140609741,0.1100993377483443,0.0296703833247518,0.9974451777730466,-0.0012774111134766,0.7434888888888886,0.0382888888888885,,0.962567628968489,0.0063879566429156,0.0063879566429156,0.2494,0.4792452490232737,0.2511536272162267,0.1974450014230391,2.175227642059326,-0.00335693359375,0.0242,2.175227642059326,0.2494
cifar,noniid,20,42,6,19,0.56318199634552,-0.0387840270996093,0.1100993377483443,0.0065034473373854,0.9974451777730466,-0.0004258037044921,0.7434888888888886,0.0455111111111108,,0.962567628968489,0.0002818388290862,0.0002818388290862,0.2494,0.4792452490232737,0.2511536272162267,0.1974450014230391,2.175227642059326,-0.0331578254699707,0.013,2.175227642059326,0.2494
cifar,noniid,20,42,7,0,0.3437560200691223,-0.0190659761428833,0.0824675324675324,0.0265234765234765,0.9985110923270312,0.0008516074089844,0.6462111111111111,-0.0070333333333332,,0.9605897611185654,0.001412952372543,0.001412952372543,0.3076,0.6052634587521435,0.3104295603105186,0.2748538078380282,1.8788056373596191,-0.0534970760345459,-0.007,1.8788056373596191,0.3076
cifar,noniid,20,42,7,1,0.3437560200691223,-0.0425779819488525,0.0824675324675324,0.0274451396332394,0.9985110923270312,-0.0012746005279684,0.6462111111111111,-0.0841666666666667,,0.9605897611185654,0.008647528603269,0.008647528603269,0.3076,0.6052634587521435,0.3104295603105186,0.2748538078380282,1.8788056373596191,-0.0323513746261596,-0.0055999999999999,1.8788056373596191,0.3076
cifar,noniid,20,42,7,2,0.3437560200691223,0.0020840167999267,0.0824675324675324,0.0187049062049062,0.9985110923270312,-0.0014875023802146,0.6462111111111111,-0.0282333333333333,,0.9605897611185654,0.0031639735775851,0.0031639735775851,0.3076,0.6052634587521435,0.3104295603105186,0.2748538078380282,1.8788056373596191,-0.0209287405014038,-0.0095999999999999,1.8788056373596191,0.3076
cifar,noniid,20,42,7,3,0.3437560200691223,-0.010803997516632,0.0824675324675324,0.0119465667750292,0.9985110923270312,0.0003197041015576,0.6462111111111111,-0.0771888888888889,,0.9605897611185654,0.0017164636669804,0.0017164636669804,0.3076,0.6052634587521435,0.3104295603105186,0.2748538078380282,1.8788056373596191,-0.0357666015625,-0.007,1.8788056373596191,0.3076
cifar,noniid,20,42,7,4,0.3437560200691223,-0.027101993560791,0.0824675324675324,0.022077922077922,0.9985110923270312,0.0002157124377543,0.6462111111111111,0.0368333333333332,,0.9605897611185654,0.0017228286893313,0.0017228286893313,0.3076,0.6052634587521435,0.3104295603105186,0.2748538078380282,1.8788056373596191,-0.0280590057373046,-0.0045999999999999,1.8788056373596191,0.3076
cifar,noniid,20,42,7,5,0.3437560200691223,0.0176120400428771,0.0824675324675324,0.0428040709290709,0.9985110923270312,0.0023426230210843,0.6462111111111111,-0.0104333333333332,,0.9605897611185654,0.0038083507863625,0.0038083507863625,0.3076,0.6052634587521435,0.3104295603105186,0.2748538078380282,1.8788056373596191,-0.0369849205017089,-0.0276,1.8788056373596191,0.3076
cifar,noniid,20,42,7,6,0.3437560200691223,-0.0201879739761352,0.0824675324675324,0.0108164421248533,0.9985110923270312,0.0019161166702149,0.6462111111111111,0.0082333333333333,,0.9605897611185654,0.0035811339988534,0.0035811339988534,0.3076,0.6052634587521435,0.3104295603105186,0.2748538078380282,1.8788056373596191,-0.0762611627578735,-0.0176,1.8788056373596191,0.3076
cifar,noniid,20,42,7,7,0.3437560200691223,-0.0418840050697326,0.0824675324675324,0.0205912849625424,0.9985110923270312,-0.0004258037044923,0.6462111111111111,-0.0810111111111111,,0.9605897611185654,0.0032198165344583,0.0032198165344583,0.3076,0.6052634587521435,0.3104295603105186,0.2748538078380282,1.8788056373596191,-0.0033262968063354,0.0073999999999999,1.8788056373596191,0.3076
cifar,noniid,20,42,7,8,0.3437560200691223,-0.0257659554481506,0.0824675324675324,0.0169545534811294,0.9985110923270312,-0.0010616986757223,0.6462111111111111,-0.009011111111111,,0.9605897611185654,0.0100366405995707,0.0100366405995707,0.3076,0.6052634587521435,0.3104295603105186,0.2748538078380282,1.8788056373596191,-0.0691587924957275,-0.0161999999999999,1.8788056373596191,0.3076
cifar,noniid,20,42,7,9,0.3437560200691223,-0.0458119511604309,0.0824675324675324,0.0114114698860461,0.9985110923270312,0.0004258037044921,0.6462111111111111,-0.0429333333333334,,0.9605897611185654,0.0101975453188508,0.0101975453188508,0.3076,0.6052634587521435,0.3104295603105186,0.2748538078380282,1.8788056373596191,-0.0431503057479858,-0.0038,1.8788056373596191,0.3076
cifar,noniid,20,42,7,10,0.3437560200691223,-0.0093899965286254,0.0824675324675324,0.034789513891681,0.9985110923270312,2.8105855082172222e-06,0.6462111111111111,0.0332777777777777,,0.9605897611185654,0.0040098689860006,0.0040098689860006,0.3076,0.6052634587521435,0.3104295603105186,0.2748538078380282,1.8788056373596191,-0.0343118906021118,-0.0146,1.8788056373596191,0.3076
cifar,noniid,20,42,7,11,0.3437560200691223,0.0023280382156372,0.0824675324675324,0.0362357401939415,0.9985110923270312,0.0010645092612305,0.6462111111111111,0.0085888888888887,,0.9605897611185654,0.0043794788387181,0.0043794788387181,0.3076,0.6052634587521435,0.3104295603105186,0.2748538078380282,1.8788056373596191,-0.0521271228790283,-0.0116,1.8788056373596191,0.3076
cifar,noniid,20,42,7,12,0.3437560200691223,-0.0169999599456787,0.0824675324675324,0.0314847314847314,0.9985110923270312,0.0021290185224611,0.6462111111111111,-0.0291555555555556,,0.9605897611185654,-0.0003905056674793,0.0003905056674793,0.3076,0.6052634587521435,0.3104295603105186,0.2748538078380282,1.8788056373596191,-0.0641870498657226,-0.019,1.8788056373596191,0.3076
cifar,noniid,20,42,7,13,0.3437560200691223,-0.0509079694747924,0.0824675324675324,0.0140001957841153,0.9985110923270312,0.0006387055567382,0.6462111111111111,-0.0199444444444445,,0.9605897611185654,0.0058095719364367,0.0058095719364367,0.3076,0.6052634587521435,0.3104295603105186,0.2748538078380282,1.8788056373596191,-0.072239875793457,-0.0088,1.8788056373596191,0.3076
cifar,noniid,20,42,7,14,0.3437560200691223,0.0026360154151916,0.0824675324675324,0.0243132973221468,0.9985110923270312,-0.0010645092612305,0.6462111111111111,0.0019666666666664,,0.9605897611185654,0.0001908714789943,0.0001908714789943,0.3076,0.6052634587521435,0.3104295603105186,0.2748538078380282,1.8788056373596191,-0.0509825944900512,-0.0111999999999999,1.8788056373596191,0.3076
cifar,noniid,20,42,7,15,0.3437560200691223,-0.0121919512748718,0.0824675324675324,0.0185289135417012,0.9985110923270312,-0.0014875023802146,0.6462111111111111,-0.0587333333333333,,0.9605897611185654,0.0050903882702915,0.0050903882702915,0.3076,0.6052634587521435,0.3104295603105186,0.2748538078380282,1.8788056373596191,-0.042504072189331,-0.0088,1.8788056373596191,0.3076
cifar,noniid,20,42,7,16,0.3437560200691223,0.0125160217285156,0.0824675324675324,0.0435453767789097,0.9985110923270312,0.0003197041015576,0.6462111111111111,-0.0522999999999997,,0.9605897611185654,-0.001805510906447,0.001805510906447,0.3076,0.6052634587521435,0.3104295603105186,0.2748538078380282,1.8788056373596191,-0.0353466272354126,-0.0264,1.8788056373596191,0.3076
cifar,noniid,20,42,7,17,0.3437560200691223,-7.396936416625977e-05,0.0824675324675324,0.0221969297615054,0.9985110923270312,0.0012774111134766,0.6462111111111111,-0.0232777777777779,,0.9605897611185654,0.0023297610794767,0.0023297610794767,0.3076,0.6052634587521435,0.3104295603105186,0.2748538078380282,1.8788056373596191,-0.0222373008728027,-0.0178,1.8788056373596191,0.3076
cifar,noniid,20,42,7,18,0.3437560200691223,-0.0680299997329711,0.0824675324675324,0.0277347571938685,0.9985110923270312,0.0006415161422465,0.6462111111111111,-0.0696777777777777,,0.9605897611185654,0.0127807880941811,0.0127807880941811,0.3076,0.6052634587521435,0.3104295603105186,0.2748538078380282,1.8788056373596191,-0.036934494972229,-0.0048,1.8788056373596191,0.3076
cifar,noniid,20,42,7,19,0.3437560200691223,-0.03015798330307,0.0824675324675324,0.0122007790517875,0.9985110923270312,-0.0012774111134766,0.6462111111111111,-0.0025444444444442,,0.9605897611185654,0.0075242555417613,0.0075242555417613,0.3076,0.6052634587521435,0.3104295603105186,0.2748538078380282,1.8788056373596191,-0.0483089685440063,-0.002,1.8788056373596191,0.3076
cifar,noniid,20,42,8,0,0.2592120170593261,-0.0026959776878356,0.045674368619022,0.0164993183172111,0.9980796674515228,0.0018100170672804,0.6028444444444445,-0.0109555555555556,,0.9568617817278476,-0.0019222641437018,0.0019222641437018,0.381,0.6088581510365062,0.3848672667348923,0.3651621700057156,1.6781810522079468,-0.0782148838043212,-0.0227999999999999,1.6781810522079468,0.381
cifar,noniid,20,42,8,1,0.2592120170593261,-0.0150020122528076,0.045674368619022,0.0155991806490972,0.9980796674515228,0.0031935277836917,0.6028444444444445,0.054666666666667,,0.9568617817278476,0.0042006674403178,0.0042006674403178,0.381,0.6088581510365062,0.3848672667348923,0.3651621700057156,1.6781810522079468,-0.0585471391677856,-0.0193999999999999,1.6781810522079468,0.381
cifar,noniid,20,42,8,2,0.2592120170593261,0.0030000209808349,0.045674368619022,0.0118802057926011,0.9980796674515228,0.0036193314881839,0.6028444444444445,-0.0138,,0.9568617817278476,-0.001695908746704,0.001695908746704,0.381,0.6088581510365062,0.3848672667348923,0.3651621700057156,1.6781810522079468,-0.0346570014953613,-0.0156,1.6781810522079468,0.381
cifar,noniid,20,42,8,3,0.2592120170593261,-0.004061996936798,0.045674368619022,0.0101954025774609,0.9980796674515228,0.0018093144209034,0.6028444444444445,-0.0503555555555554,,0.9568617817278476,0.0001389510024473,0.0001389510024473,0.381,0.6088581510365062,0.3848672667348923,0.3651621700057156,1.6781810522079468,-0.0486812591552734,-0.0137999999999999,1.6781810522079468,0.381
cifar,noniid,20,42,8,4,0.2592120170593261,-0.0128899812698364,0.045674368619022,0.0109273067896914,0.9980796674515228,0.0078773685331062,0.6028444444444445,-0.0607777777777778,,0.9568617817278476,0.0005020778689175,0.0005020778689175,0.381,0.6088581510365062,0.3848672667348923,0.3651621700057156,1.6781810522079468,-0.0460089445114135,-0.0151999999999999,1.6781810522079468,0.381
cifar,noniid,20,42,8,5,0.2592120170593261,-0.0033539533615112,0.045674368619022,0.0213907357875504,0.9980796674515228,0.003086022888003,0.6028444444444445,-0.0785333333333333,,0.9568617817278476,-0.0025520841367137,0.0025520841367137,0.381,0.6088581510365062,0.3848672667348923,0.3651621700057156,1.6781810522079468,-0.0482068061828613,-0.0279999999999999,1.6781810522079468,0.381
cifar,noniid,20,42,8,6,0.2592120170593261,-0.0084660053253173,0.045674368619022,0.0117677347123881,0.9980796674515228,-0.0007448051596729,0.6028444444444445,-0.0479555555555553,,0.9568617817278476,0.0002162710152555,0.0002162710152555,0.381,0.6088581510365062,0.3848672667348923,0.3651621700057156,1.6781810522079468,-0.0921065807342529,-0.0242,1.6781810522079468,0.381
cifar,noniid,20,42,8,7,0.2592120170593261,-0.0138799548149108,0.045674368619022,0.0108329749632758,0.9980796674515228,0.0037261337374955,0.6028444444444445,-0.1279555555555556,,0.9568617817278476,0.0062738550589784,0.0062738550589784,0.381,0.6088581510365062,0.3848672667348923,0.3651621700057156,1.6781810522079468,-0.0216259956359863,-0.0041999999999999,1.6781810522079468,0.381
cifar,noniid,20,42,8,8,0.2592120170593261,-0.0195260047912597,0.045674368619022,0.0100124243102775,0.9980796674515228,0.0018093144209034,0.6028444444444445,-0.0137111111111112,,0.9568617817278476,0.0006550030101025,0.0006550030101025,0.381,0.6088581510365062,0.3848672667348923,0.3651621700057156,1.6781810522079468,-0.0904148817062377,-0.0256,1.6781810522079468,0.381
cifar,noniid,20,42,8,9,0.2592120170593261,-0.0214119553565979,0.045674368619022,0.0093200419421147,0.9980796674515228,-0.000860039165509,0.6028444444444445,-0.064088888888889,,0.9568617817278476,0.001370805415092,0.001370805415092,0.381,0.6088581510365062,0.3848672667348923,0.3651621700057156,1.6781810522079468,-0.0628546476364135,-0.0114,1.6781810522079468,0.381
cifar,noniid,20,42,8,10,0.2592120170593261,-0.0065919756889343,0.045674368619022,0.0172170545900654,0.9980796674515228,0.0024480199776417,0.6028444444444445,-0.005711111111111,,0.9568617817278476,-0.0020705986558742,0.0020705986558742,0.381,0.6088581510365062,0.3848672667348923,0.3651621700057156,1.6781810522079468,-0.0583691596984863,-0.0259999999999999,1.6781810522079468,0.381
cifar,noniid,20,42,8,11,0.2592120170593261,0.0021660327911376,0.045674368619022,0.0192930843980165,0.9980796674515228,0.0066006600660065,0.6028444444444445,0.0676777777777779,,0.9568617817278476,0.0052482509542167,0.0052482509542167,0.381,0.6088581510365062,0.3848672667348923,0.3651621700057156,1.6781810522079468,-0.064544677734375,-0.0237999999999999,1.6781810522079468,0.381
cifar,noniid,20,42,8,12,0.2592120170593261,-0.0045179724693298,0.045674368619022,0.0144553398776939,0.9980796674515228,0.0025555248733304,0.6028444444444445,-0.008088888888889,,0.9568617817278476,0.0005314778552433,0.0005314778552433,0.381,0.6088581510365062,0.3848672667348923,0.3651621700057156,1.6781810522079468,-0.0838798284530639,-0.0276,1.6781810522079468,0.381
cifar,noniid,20,42,8,13,0.2592120170593261,-0.0372340083122253,0.045674368619022,0.0082060141886422,0.9980796674515228,-0.001170608864165,0.6028444444444445,-0.0385111111111109,,0.9568617817278476,-0.0043780826641575,0.0043780826641575,0.381,0.6088581510365062,0.3848672667348923,0.3651621700057156,1.6781810522079468,-0.0836784839630127,-0.0143999999999999,1.6781810522079468,0.381
cifar,noniid,20,42,8,14,0.2592120170593261,-0.0027059912681579,0.045674368619022,0.0150211022873637,0.9980796674515228,0.0071325633734333,0.6028444444444445,-0.0322999999999999,,0.9568617817278476,-0.0022008780622648,0.0022008780622648,0.381,0.6088581510365062,0.3848672667348923,0.3651621700057156,1.6781810522079468,-0.0601382255554199,-0.0177999999999999,1.6781810522079468,0.381
cifar,noniid,20,42,8,15,0.2592120170593261,-0.0029799938201904,0.045674368619022,0.0089584073747588,0.9980796674515228,0.0042580370449223,0.6028444444444445,-0.0636666666666665,,0.9568617817278476,0.0004201356765068,0.0004201356765068,0.381,0.6088581510365062,0.3848672667348923,0.3651621700057156,1.6781810522079468,-0.0610321760177612,-0.0161999999999999,1.6781810522079468,0.381
cifar,noniid,20,42,8,16,0.2592120170593261,-0.0043419599533081,0.045674368619022,0.0214169428764477,0.9980796674515228,0.0078773685331062,0.6028444444444445,0.0250888888888889,,0.9568617817278476,-0.0018972240796177,0.0018972240796177,0.381,0.6088581510365062,0.3848672667348923,0.3651621700057156,1.6781810522079468,-0.0485658645629882,-0.0282,1.6781810522079468,0.381
cifar,noniid,20,42,8,17,0.2592120170593261,0.005008041858673,0.045674368619022,0.0145342380313776,0.9980796674515228,0.0014818812091982,0.6028444444444445,-0.0591999999999999,,0.9568617817278476,-0.0040031136021787,0.0040031136021787,0.381,0.6088581510365062,0.3848672667348923,0.3651621700057156,1.6781810522079468,-0.0455689430236816,-0.0207999999999999,1.6781810522079468,0.381
cifar,noniid,20,42,8,18,0.2592120170593261,-0.0381239652633667,0.045674368619022,0.0143295758991029,0.9980796674515228,0.0058544496135796,0.6028444444444445,-0.0745777777777774,,0.9568617817278476,0.0035063641325027,0.0035063641325027,0.381,0.6088581510365062,0.3848672667348923,0.3651621700057156,1.6781810522079468,-0.0571773052215576,-0.02,1.6781810522079468,0.381
cifar,noniid,20,42,8,19,0.2592120170593261,-0.0126959681510925,0.045674368619022,0.0093296126480978,0.9980796674515228,0.0046838407494145,0.6028444444444445,-0.0657555555555553,,0.9568617817278476,0.0033823647025467,0.0033823647025467,0.381,0.6088581510365062,0.3848672667348923,0.3651621700057156,1.6781810522079468,-0.0571545362472534,-0.01,1.6781810522079468,0.381
cifar,noniid,20,42,9,0,0.2648040056228637,0.0066480040550231,0.0271816881258941,0.008523314069919,0.9958424413869958,0.0025548222269533,0.628411111111111,-0.0073,,0.957260985083322,-0.0080033772772351,0.0080033772772351,0.4332,0.6152141152760897,0.4373365136312944,0.4255504428263116,1.524945855140686,-0.0679997205734252,-0.0268,1.524945855140686,0.4332
cifar,noniid,20,42,9,1,0.2648040056228637,0.0005959868431091,0.0271816881258941,0.0104489712610768,0.9958424413869958,0.001169906217788,0.628411111111111,0.0888111111111109,,0.957260985083322,-0.0011876065386263,0.0011876065386263,0.4332,0.6152141152760897,0.4373365136312944,0.4255504428263116,1.524945855140686,-0.0626949071884155,-0.026,1.524945855140686,0.4332
cifar,noniid,20,42,9,2,0.2648040056228637,0.0070360302925109,0.0271816881258941,0.0070995338584363,0.9958424413869958,0.0004251010581152,0.628411111111111,0.0179888888888888,,0.957260985083322,-0.0043535205436086,0.0043535205436086,0.4332,0.6152141152760897,0.4373365136312944,0.4255504428263116,1.524945855140686,-0.0329254865646362,-0.016,1.524945855140686,0.4332
cifar,noniid,20,42,9,3,0.2648040056228637,0.0033680200576782,0.0271816881258941,0.0032431154068336,0.9958424413869958,0.0089418777943368,0.628411111111111,0.0760777777777776,,0.957260985083322,0.001297915969748,0.001297915969748,0.4332,0.6152141152760897,0.4373365136312944,0.4255504428263116,1.524945855140686,-0.0520747900009155,-0.02,1.524945855140686,0.4332
cifar,noniid,20,42,9,4,0.2648040056228637,-0.0024740099906921,0.0271816881258941,0.0065260976454271,0.9958424413869958,0.0039376302969875,0.628411111111111,0.0056999999999998,,0.957260985083322,-0.0008758228504299,0.0008758228504299,0.4332,0.6152141152760897,0.4373365136312944,0.4255504428263116,1.524945855140686,-0.0446118116378784,-0.0198,1.524945855140686,0.4332
cifar,noniid,20,42,9,5,0.2648040056228637,-0.0040259957313537,0.0271816881258941,0.0095450038225431,0.9958424413869958,-2.1079391311351614e-06,0.628411111111111,0.1220333333333332,,0.957260985083322,-0.0068156587695493,0.0068156587695493,0.4332,0.6152141152760897,0.4373365136312944,0.4255504428263116,1.524945855140686,-0.0384472608566284,-0.028,1.524945855140686,0.4332
cifar,noniid,20,42,9,6,0.2648040056228637,0.0047420263290405,0.0271816881258941,0.0076694930039429,0.9958424413869958,-0.0001060996029345,0.628411111111111,0.1116555555555554,,0.957260985083322,-0.006039445790762,0.006039445790762,0.4332,0.6152141152760897,0.4373365136312944,0.4255504428263116,1.524945855140686,-0.0777113437652587,-0.0276,1.524945855140686,0.4332
cifar,noniid,20,42,9,7,0.2648040056228637,0.0086179971694946,0.0271816881258941,0.0064539129071009,0.9958424413869958,-0.0012781137598537,0.628411111111111,0.0536555555555555,,0.957260985083322,-0.0029147504563861,0.0029147504563861,0.4332,0.6152141152760897,0.4373365136312944,0.4255504428263116,1.524945855140686,-0.0262980461120605,-0.01,1.524945855140686,0.4332
cifar,noniid,20,42,9,8,0.2648040056228637,0.0006080269813537,0.0271816881258941,0.0047582297386582,0.9958424413869958,0.004789940352349,0.628411111111111,0.0919666666666667,,0.957260985083322,-0.001804193350283,0.001804193350283,0.4332,0.6152141152760897,0.4373365136312944,0.4255504428263116,1.524945855140686,-0.0911564826965332,-0.0374,1.524945855140686,0.4332
cifar,noniid,20,42,9,9,0.2648040056228637,0.0023239850997924,0.0271816881258941,0.0041776285859753,0.9958424413869958,0.0,0.628411111111111,-0.0373444444444444,,0.957260985083322,-0.003047757752539,0.003047757752539,0.4332,0.6152141152760897,0.4373365136312944,0.4255504428263116,1.524945855140686,-0.0557228326797485,-0.0206,1.524945855140686,0.4332
cifar,noniid,20,42,9,10,0.2648040056228637,0.0037519931793212,0.0271816881258941,0.0075994426950847,0.9958424413869958,0.0009570043655419,0.628411111111111,0.0976777777777775,,0.957260985083322,-0.001053932716444,0.001053932716444,0.4332,0.6152141152760897,0.4373365136312944,0.4255504428263116,1.524945855140686,-0.0536396503448486,-0.0282,1.524945855140686,0.4332
cifar,noniid,20,42,9,11,0.2648040056228637,-0.003301978111267,0.0271816881258941,0.0114371986971941,0.9958424413869958,0.005535448158399,0.628411111111111,-0.1027444444444445,,0.957260985083322,-0.0038084527416867,0.0038084527416867,0.4332,0.6152141152760897,0.4373365136312944,0.4255504428263116,1.524945855140686,-0.0608876943588256,-0.0294,1.524945855140686,0.4332
cifar,noniid,20,42,9,12,0.2648040056228637,0.0053820013999938,0.0271816881258941,0.0097600853384376,0.9958424413869958,-0.0012774111134766,0.628411111111111,0.0932555555555556,,0.957260985083322,-0.0134253748438736,0.0134253748438736,0.4332,0.6152141152760897,0.4373365136312944,0.4255504428263116,1.524945855140686,-0.0800428390502929,-0.032,1.524945855140686,0.4332
cifar,noniid,20,42,9,13,0.2648040056228637,-0.0112099647521972,0.0271816881258941,0.0067825750438542,0.9958424413869958,0.0015971152150343,0.628411111111111,0.1066333333333335,,0.957260985083322,-0.0060805594797228,0.0060805594797228,0.4332,0.6152141152760897,0.4373365136312944,0.4255504428263116,1.524945855140686,-0.0708522796630859,-0.0212,1.524945855140686,0.4332
cifar,noniid,20,42,9,14,0.2648040056228637,0.0060139894485473,0.0271816881258941,0.0063298691374291,0.9958424413869958,0.0018086117745264,0.628411111111111,-0.0240111111111112,,0.957260985083322,-0.0090426820627396,0.0090426820627396,0.4332,0.6152141152760897,0.4373365136312944,0.4255504428263116,1.524945855140686,-0.0569950342178344,-0.0256,1.524945855140686,0.4332
cifar,noniid,20,42,9,15,0.2648040056228637,0.0099760293960571,0.0271816881258941,0.0037688110434988,0.9958424413869958,0.0085160740898445,0.628411111111111,0.0106555555555554,,0.957260985083322,-0.0020074558120241,0.0020074558120241,0.4332,0.6152141152760897,0.4373365136312944,0.4255504428263116,1.524945855140686,-0.0562151670455932,-0.022,1.524945855140686,0.4332
cifar,noniid,20,42,9,16,0.2648040056228637,0.0047879815101623,0.0271816881258941,0.0087606354943151,0.9958424413869958,0.005747647364268,0.628411111111111,0.087522222222222,,0.957260985083322,-0.004155927034726,0.004155927034726,0.4332,0.6152141152760897,0.4373365136312944,0.4255504428263116,1.524945855140686,-0.0507853031158447,-0.0308,1.524945855140686,0.4332
cifar,noniid,20,42,9,17,0.2648040056228637,0.0110059976577758,0.0271816881258941,0.0089107433843611,0.9958424413869958,-0.0036193314881839,0.628411111111111,-0.0071444444444446,,0.957260985083322,-0.0008256574563848,0.0008256574563848,0.4332,0.6152141152760897,0.4373365136312944,0.4255504428263116,1.524945855140686,-0.0461583137512207,-0.023,1.524945855140686,0.4332
cifar,noniid,20,42,9,18,0.2648040056228637,-0.0132179856300354,0.0271816881258941,0.0089025976221045,0.9958424413869958,0.0027663187864453,0.628411111111111,0.0992777777777775,,0.957260985083322,-0.0065807058574113,0.0065807058574113,0.4332,0.6152141152760897,0.4373365136312944,0.4255504428263116,1.524945855140686,-0.062778353691101,-0.0276,1.524945855140686,0.4332
cifar,noniid,20,42,9,19,0.2648040056228637,-0.0062800049781799,0.0271816881258941,0.0035130490726396,0.9958424413869958,0.0102192889078135,0.628411111111111,0.0023444444444442,,0.957260985083322,0.0014006789226901,0.0014006789226901,0.4332,0.6152141152760897,0.4373365136312944,0.4255504428263116,1.524945855140686,-0.0461564064025878,-0.0156,1.524945855140686,0.4332
cifar,noniid,20,42,10,0,0.2783480286598205,0.0081340074539184,0.0185103569854561,0.0047729832480824,0.9997807743303604,0.0042580370449222,0.6740444444444444,0.1048111111111111,,0.9563189319709564,-0.0062884280666137,0.0062884280666137,0.453,0.6261078171653696,0.4576481751879491,0.4402424503916917,1.5074865818023682,-0.0949883460998535,-0.0317999999999999,1.5074865818023682,0.453
cifar,noniid,20,42,10,1,0.2783480286598205,0.006518006324768,0.0185103569854561,0.004236294995244,0.9997807743303604,0.0025534169341991,0.6740444444444444,0.0209999999999999,,0.9563189319709564,-0.0072405625036494,0.0072405625036494,0.453,0.6261078171653696,0.4576481751879491,0.4402424503916917,1.5074865818023682,-0.1005995273590087,-0.0299999999999999,1.5074865818023682,0.453
cifar,noniid,20,42,10,2,0.2783480286598205,0.0079960227012634,0.0185103569854561,0.0043554860445735,0.9997807743303604,0.0026609218298878,0.6740444444444444,0.070488888888889,,0.9563189319709564,-0.0058056008106258,0.0058056008106258,0.453,0.6261078171653696,0.4576481751879491,0.4402424503916917,1.5074865818023682,-0.0564154386520385,-0.0167999999999999,1.5074865818023682,0.453
cifar,noniid,20,42,10,3,0.2783480286598205,0.0063920021057128,0.0185103569854561,0.0028467131272533,0.9997807743303604,0.0083031722375984,0.6740444444444444,0.0718999999999998,,0.9563189319709564,-0.0012762406257592,0.0012762406257592,0.453,0.6261078171653696,0.4576481751879491,0.4402424503916917,1.5074865818023682,-0.0771565437316894,-0.0217999999999999,1.5074865818023682,0.453
cifar,noniid,20,42,10,4,0.2783480286598205,-0.0010319948196411,0.0185103569854561,0.0040115997360775,0.9997807743303604,0.0106443899659286,0.6740444444444444,0.0336888888888891,,0.9563189319709564,-0.0027061215279118,0.0027061215279118,0.453,0.6261078171653696,0.4576481751879491,0.4402424503916917,1.5074865818023682,-0.0752887725830078,-0.0229999999999999,1.5074865818023682,0.453
cifar,noniid,20,42,10,5,0.2783480286598205,-0.0046999454498291,0.0185103569854561,0.0066445632047687,0.9997807743303604,9.62625536558015e-05,0.6740444444444444,0.0807,,0.9563189319709564,-0.008719868358584,0.008719868358584,0.453,0.6261078171653696,0.4576481751879491,0.4402424503916917,1.5074865818023682,-0.0710066556930542,-0.0319999999999999,1.5074865818023682,0.453
cifar,noniid,20,42,10,6,0.2783480286598205,-0.0007479786872863,0.0185103569854561,0.0048006795661013,0.9997807743303604,0.0033003300330032,0.6740444444444444,0.0841111111111112,,0.9563189319709564,-0.015041687079762,0.015041687079762,0.453,0.6261078171653696,0.4576481751879491,0.4402424503916917,1.5074865818023682,-0.112036108970642,-0.0379999999999999,1.5074865818023682,0.453
cifar,noniid,20,42,10,7,0.2783480286598205,0.0160019993782043,0.0185103569854561,0.0047374020605813,0.9997807743303604,0.000212199205869,0.6740444444444444,0.0514444444444446,,0.9563189319709564,-0.0101492667685174,0.0101492667685174,0.453,0.6261078171653696,0.4576481751879491,0.4402424503916917,1.5074865818023682,-0.0603096485137939,-0.0167999999999999,1.5074865818023682,0.453
cifar,noniid,20,42,10,8,0.2783480286598205,0.0063660144805908,0.0185103569854561,0.0042019309123241,0.9997807743303604,0.0087289759420906,0.6740444444444444,0.1422444444444444,,0.9563189319709564,0.0016186526438083,0.0016186526438083,0.453,0.6261078171653696,0.4576481751879491,0.4402424503916917,1.5074865818023682,-0.1279516220092773,-0.0429999999999999,1.5074865818023682,0.453
cifar,noniid,20,42,10,9,0.2783480286598205,0.0089540481567382,0.0185103569854561,0.0029046074988031,0.9997807743303604,0.0010645092612304,0.6740444444444444,0.1305777777777781,,0.9563189319709564,-0.0037874898837028,0.0037874898837028,0.453,0.6261078171653696,0.4576481751879491,0.4402424503916917,1.5074865818023682,-0.095421552658081,-0.0272,1.5074865818023682,0.453
cifar,noniid,20,42,10,10,0.2783480286598205,0.003786027431488,0.0185103569854561,0.003994227953198,0.9997807743303604,0.0020215136267724,0.6740444444444444,0.0483777777777778,,0.9563189319709564,-0.0082314258260468,0.0082314258260468,0.453,0.6261078171653696,0.4576481751879491,0.4402424503916917,1.5074865818023682,-0.0934596061706543,-0.0329999999999999,1.5074865818023682,0.453
cifar,noniid,20,42,10,11,0.2783480286598205,-0.0079799890518188,0.0185103569854561,0.0049189237070376,0.9997807743303604,0.0083031722375984,0.6740444444444444,0.0505444444444445,,0.9563189319709564,-0.0088896330090296,0.0088896330090296,0.453,0.6261078171653696,0.4576481751879491,0.4402424503916917,1.5074865818023682,-0.0768171548843383,-0.0263999999999999,1.5074865818023682,0.453
cifar,noniid,20,42,10,12,0.2783480286598205,-0.0005819797515869,0.0185103569854561,0.0057664302630348,0.9997807743303604,0.0030874281807571,0.6740444444444444,-0.0005333333333334,,0.9563189319709564,-0.0060657693098545,0.0060657693098545,0.453,0.6261078171653696,0.4576481751879491,0.4402424503916917,1.5074865818023682,-0.1066043376922607,-0.0375999999999999,1.5074865818023682,0.453
cifar,noniid,20,42,10,13,0.2783480286598205,-0.0064119696617126,0.0185103569854561,0.0032589142814165,0.9997807743303604,0.0026616244762649,0.6740444444444444,0.1069555555555556,,0.9563189319709564,-0.007019541832267,0.007019541832267,0.453,0.6261078171653696,0.4576481751879491,0.4402424503916917,1.5074865818023682,-0.1021217107772827,-0.0239999999999999,1.5074865818023682,0.453
cifar,noniid,20,42,10,14,0.2783480286598205,0.0051920413970947,0.0185103569854561,0.0057057307979303,0.9997807743303604,0.005747647364268,0.6740444444444444,-0.0101999999999999,,0.9563189319709564,-0.0100400349432643,0.0100400349432643,0.453,0.6261078171653696,0.4576481751879491,0.4402424503916917,1.5074865818023682,-0.0805203914642334,-0.0259999999999999,1.5074865818023682,0.453
cifar,noniid,20,42,10,15,0.2783480286598205,0.0111000537872314,0.0185103569854561,0.0032274160519575,0.9997807743303604,0.0091547796465828,0.6740444444444444,0.0462222222222221,,0.9563189319709564,-0.0048446461673428,0.0048446461673428,0.453,0.6261078171653696,0.4576481751879491,0.4402424503916917,1.5074865818023682,-0.080145239830017,-0.0232,1.5074865818023682,0.453
cifar,noniid,20,42,10,16,0.2783480286598205,0.0043880343437194,0.0185103569854561,0.0046328059650479,0.9997807743303604,0.0047892377059719,0.6740444444444444,0.102411111111111,,0.9563189319709564,-0.008911488977208,0.008911488977208,0.453,0.6261078171653696,0.4576481751879491,0.4402424503916917,1.5074865818023682,-0.0822370052337646,-0.0322,1.5074865818023682,0.453
cifar,noniid,20,42,10,17,0.2783480286598205,0.0124100446701049,0.0185103569854561,0.00579501654247,0.9997807743303604,0.0050969968191197,0.6740444444444444,0.0250000000000001,,0.9563189319709564,-0.0062945903003015,0.0062945903003015,0.453,0.6261078171653696,0.4576481751879491,0.4402424503916917,1.5074865818023682,-0.0740463733673095,-0.0267999999999999,1.5074865818023682,0.453
cifar,noniid,20,42,10,18,0.2783480286598205,0.0023180246353149,0.0185103569854561,0.0029874811684626,0.9997807743303604,0.000423695765361,0.6740444444444444,0.1437555555555556,,0.9563189319709564,-0.0155157355654834,0.0155157355654834,0.453,0.6261078171653696,0.4576481751879491,0.4402424503916917,1.5074865818023682,-0.0956536531448364,-0.0305999999999999,1.5074865818023682,0.453
cifar,noniid,20,42,10,19,0.2783480286598205,-0.0063739418983459,0.0185103569854561,0.0026307080092756,0.9997807743303604,0.004044432546299,0.6740444444444444,0.0488555555555554,,0.9563189319709564,-0.0027347176587246,0.0027347176587246,0.453,0.6261078171653696,0.4576481751879491,0.4402424503916917,1.5074865818023682,-0.0550282001495361,-0.0147999999999999,1.5074865818023682,0.453
cifar,noniid,4,42,1,0,0.9125840067863464,0.0354899764060974,0.9920477137176938,-1.577834579824522e-05,1.0,0.0,0.7939333333333334,0.0026666666666665,,0.9973193784720517,0.0012794859558198,0.0012794859558198,0.1006,0.0301087394281111,0.1001984126984127,0.0187543025827712,2.9668760299682617,-0.093205451965332,-0.0002,2.9668760299682617,0.1006
cifar,noniid,4,42,1,1,0.9125840067863464,-0.0226579904556274,0.9920477137176938,0.0020078730802436,1.0,0.0,0.7939333333333334,-0.0379777777777776,,0.9973193784720517,0.001278213709081,0.001278213709081,0.1006,0.0301087394281111,0.1001984126984127,0.0187543025827712,2.9668760299682617,0.6806809902191162,0.0001999999999999,2.9668760299682617,0.1006
cifar,noniid,4,42,1,2,0.9125840067863464,0.5361199975013733,0.9920477137176938,0.6235682464590924,1.0,0.0,0.7939333333333334,0.0537555555555555,,0.9973193784720517,0.0118823311039462,0.0118823311039462,0.1006,0.0301087394281111,0.1001984126984127,0.0187543025827712,2.9668760299682617,-0.0073578357696533,-0.0796,2.9668760299682617,0.1006
cifar,noniid,4,42,1,3,0.9125840067863464,0.0235999822616577,0.9920477137176938,0.134643691779851,1.0,0.0,0.7939333333333334,0.0726222222222223,,0.9973193784720517,0.0016672886259995,0.0016672886259995,0.1006,0.0301087394281111,0.1001984126984127,0.0187543025827712,2.9668760299682617,0.2418019771575927,-0.0088,2.9668760299682617,0.1006
cifar,noniid,4,42,2,0,0.3077419996261596,-0.083079993724823,0.1138023836985774,-0.0428445257002371,0.9956407818767824,0.0197984669661345,0.6318444444444444,0.0319555555555555,,0.925984194143991,-0.0062087661473317,0.0062087661473317,0.4982,0.5836865422856488,0.5011553263780355,0.5006884482671276,1.458500623703003,0.0864776372909545,0.0461999999999999,1.458500623703003,0.4982
cifar,noniid,4,42,2,1,0.3077419996261596,0.0522680282592773,0.1138023836985774,-0.0029071278695459,0.9956407818767824,0.0065999574196294,0.6318444444444444,-0.0883333333333333,,0.925984194143991,-0.0207098692828457,0.0207098692828457,0.4982,0.5836865422856488,0.5011553263780355,0.5006884482671276,1.458500623703003,0.2589970827102661,0.1087999999999999,1.458500623703003,0.4982
cifar,noniid,4,42,2,2,0.3077419996261596,-0.0275760293006896,0.1138023836985774,-0.0596851607854082,0.9956407818767824,-0.001056077504706,0.6318444444444444,-0.1346444444444445,,0.925984194143991,-0.0377757010006596,0.0377757010006596,0.4982,0.5836865422856488,0.5011553263780355,0.5006884482671276,1.458500623703003,0.1278589963912964,0.0485999999999999,1.458500623703003,0.4982
cifar,noniid,4,42,2,3,0.3077419996261596,-0.0308859944343566,0.1138023836985774,-0.028023518636879,0.9956407818767824,-0.0019133060847068,0.6318444444444444,-0.0418444444444445,,0.925984194143991,-0.0203894439136874,0.0203894439136874,0.4982,0.5836865422856488,0.5011553263780355,0.5006884482671276,1.458500623703003,0.0365896224975585,0.0259999999999999,1.458500623703003,0.4982
cifar,noniid,4,42,3,0,0.4596679806709289,-0.1392779946327209,0.099827882960413,-0.096707038533902,0.9789290404450282,0.008621471046402,0.5752222222222223,-0.0674555555555553,,0.9425903280081924,0.0173811620541597,0.0173811620541597,0.5256,0.6306485607363961,0.5286072234564129,0.5353020157604095,1.3429827690124512,0.2320358753204345,0.0799999999999999,1.3429827690124512,0.5256
cifar,noniid,4,42,3,1,0.4596679806709289,0.1096220016479492,0.099827882960413,0.0275129492847605,0.9789290404450282,-0.0101174051831411,0.5752222222222223,-0.0158,,0.9425903280081924,-0.00119932478042,0.00119932478042,0.5256,0.6306485607363961,0.5286072234564129,0.5353020157604095,1.3429827690124512,0.0942964553833007,0.0343999999999999,1.3429827690124512,0.5256
cifar,noniid,4,42,3,2,0.4596679806709289,0.0772039890289306,0.099827882960413,0.0112539237044343,0.9789290404450282,-0.0114967000212901,0.5752222222222223,-0.0608666666666666,,0.9425903280081924,-0.0113798590462612,0.0113798590462612,0.5256,0.6306485607363961,0.5286072234564129,0.5353020157604095,1.3429827690124512,0.1179358959197998,0.0415999999999999,1.3429827690124512,0.5256
cifar,noniid,4,42,3,3,0.4596679806709289,0.0591179728507995,0.099827882960413,0.0277907024801652,0.9789290404450282,-0.0070222478922364,0.5752222222222223,-0.1167333333333333,,0.9425903280081924,-0.0012481926151314,0.0012481926151314,0.5256,0.6306485607363961,0.5286072234564129,0.5353020157604095,1.3429827690124512,-0.0872608423233032,-0.0286,1.3429827690124512,0.5256
cifar,noniid,4,42,4,0,0.4051560163497925,-0.1724439859390258,0.0621468926553672,-0.0904900241803325,0.974138397446302,0.0062795506716948,0.7162888888888892,0.0277111111111114,,0.920210953784998,0.0053684175999313,0.0053684175999313,0.563,0.6517489729876779,0.5662036086718694,0.5757977173742456,1.255536675453186,0.3041760921478271,0.1075999999999999,1.255536675453186,0.563
cifar,noniid,4,42,4,1,0.4051560163497925,0.1204680204391479,0.0621468926553672,0.0123543615350352,0.974138397446302,-0.0063933793847767,0.7162888888888892,0.0046111111111113,,0.920210953784998,-0.0051409323234576,0.0051409323234576,0.563,0.6517489729876779,0.5662036086718694,0.5757977173742456,1.255536675453186,0.0820049047470092,0.0321999999999998,1.255536675453186,0.563
cifar,noniid,4,42,4,2,0.4051560163497925,0.0540019869804382,0.0621468926553672,0.0115186591003044,0.974138397446302,-0.0013828080700341,0.7162888888888892,-0.0166888888888885,,0.920210953784998,-0.022323545866806,0.022323545866806,0.563,0.6517489729876779,0.5662036086718694,0.5757977173742456,1.255536675453186,-0.0021233558654785,0.0039999999999998,1.255536675453186,0.563
cifar,noniid,4,42,4,3,0.4051560163497925,0.0273939967155456,0.0621468926553672,0.0103056341641266,0.974138397446302,-0.006171343129629,0.7162888888888892,0.0624888888888892,,0.920210953784998,-0.0047480655108044,0.0047480655108044,0.563,0.6517489729876779,0.5662036086718694,0.5757977173742456,1.255536675453186,-0.0650187730789184,-0.013,1.255536675453186,0.563
cifar,noniid,4,42,5,0,0.3631539940834045,-0.0959160327911377,0.0414345403899721,-0.0370130236067248,0.9665814356611304,-0.0018128276527886,0.6108666666666669,-0.0686666666666662,,0.9322651968381324,0.0265624224341287,0.0265624224341287,0.6062,0.6521020915862981,0.6086412865841573,0.6116308980008922,1.1396936178207395,0.1645290851593017,0.0575999999999999,1.1396936178207395,0.6062
cifar,noniid,4,42,5,1,0.3631539940834045,0.0430319905281066,0.0414345403899721,0.0022040613254681,0.9665814356611304,-0.0141653509613256,0.6108666666666669,0.0516222222222224,,0.9322651968381324,0.0168708649277966,0.0168708649277966,0.6062,0.6521020915862981,0.6086412865841573,0.6116308980008922,1.1396936178207395,0.1453794240951538,0.0597999999999999,1.1396936178207395,0.6062
cifar,noniid,4,42,5,2,0.3631539940834045,0.0157200098037719,0.0414345403899721,-0.0104588677446702,0.9665814356611304,-0.0113898977719786,0.6108666666666669,-0.0279111111111109,,0.9322651968381324,-0.0050840400543642,0.0050840400543642,0.6062,0.6521020915862981,0.6086412865841573,0.6116308980008922,1.1396936178207395,0.1122543811798095,0.0372,1.1396936178207395,0.6062
cifar,noniid,4,42,5,3,0.3631539940834045,-0.005537986755371,0.0414345403899721,0.0037762042037345,0.9665814356611304,-0.0095763674728128,0.6108666666666669,-0.0768111111111109,,0.9322651968381324,-0.0028783288198281,0.0028783288198281,0.6062,0.6521020915862981,0.6086412865841573,0.6116308980008922,1.1396936178207395,-0.0342628955841064,-0.0026,1.1396936178207395,0.6062
cifar,noniid,4,42,6,0,0.3210800290107727,-0.0614319443702697,0.0366372260385999,-0.0180965017720509,0.9692430601373956,0.0093669788524519,0.643288888888889,-0.0652444444444442,,0.9281459430920076,0.0178958338740622,0.0178958338740622,0.5958,0.6621816741837594,0.5986421249061641,0.6021258209983353,1.1695407629013062,0.2512029409408569,0.0747999999999999,1.1695407629013062,0.5958
cifar,noniid,4,42,6,1,0.3210800290107727,0.0319700241088867,0.0366372260385999,0.0035514731689172,0.9692430601373956,-0.0193789870790357,0.643288888888889,0.0020444444444445,,0.9281459430920076,0.0008328055056509,0.0008328055056509,0.5958,0.6621816741837594,0.5986421249061641,0.6021258209983353,1.1695407629013062,0.1050449609756469,0.0383999999999999,1.1695407629013062,0.5958
cifar,noniid,4,42,6,2,0.3210800290107727,-0.0326379537582397,0.0366372260385999,-0.0042611983663615,0.9692430601373956,-0.0054293485554645,0.643288888888889,-0.0093999999999998,,0.9281459430920076,-0.0292432144924131,0.0292432144924131,0.5958,0.6621816741837594,0.5986421249061641,0.6021258209983353,1.1695407629013062,0.0017626285552978,0.0066,1.1695407629013062,0.5958
cifar,noniid,4,42,6,3,0.3210800290107727,-0.0314119458198547,0.0366372260385999,-0.0093593668063745,0.9692430601373956,-0.0174565465914272,0.643288888888889,0.0386222222222223,,0.9281459430920076,0.0022067871785282,0.0022067871785282,0.5958,0.6621816741837594,0.5986421249061641,0.6021258209983353,1.1695407629013062,-0.0052188634872436,0.0056,1.1695407629013062,0.5958
cifar,noniid,4,42,7,0,0.3248460292816162,0.0186400413513183,0.0315286624203821,-0.0043687734770537,0.9634954127731274,0.0014875023802146,0.5613333333333332,-0.0944000000000002,,0.9391536004599808,0.0186239253511745,0.0186239253511745,0.6244,0.6581133040700403,0.6269806766181315,0.6234766752779104,1.0945861339569092,0.1502482891082763,0.0461999999999999,1.0945861339569092,0.6244
cifar,noniid,4,42,7,1,0.3248460292816162,-0.0061379671096801,0.0315286624203821,0.001215647593364,0.9634954127731274,-0.0106486058441909,0.5613333333333332,-0.0050888888888889,,0.9391536004599808,0.0017320178646782,0.0017320178646782,0.6244,0.6581133040700403,0.6269806766181315,0.6234766752779104,1.0945861339569092,0.0444527864456176,0.0113999999999999,1.0945861339569092,0.6244
cifar,noniid,4,42,7,2,0.3248460292816162,-0.0378639698028564,0.0315286624203821,-0.0047321492895313,0.9634954127731274,-0.0193740685543963,0.5613333333333332,-0.0491777777777779,,0.9391536004599808,-0.0077646094295069,0.0077646094295069,0.6244,0.6581133040700403,0.6269806766181315,0.6234766752779104,1.0945861339569092,0.1673651933670044,0.0474,1.0945861339569092,0.6244
cifar,noniid,4,42,7,3,0.3248460292816162,-0.0802559852600097,0.0315286624203821,-0.0067791323830821,0.9634954127731274,-0.0218213858856611,0.5613333333333332,-0.0009777777777777,,0.9391536004599808,0.0072992785088229,0.0072992785088229,0.6244,0.6581133040700403,0.6269806766181315,0.6234766752779104,1.0945861339569092,-0.0006990432739257,0.0055999999999999,1.0945861339569092,0.6244
cifar,noniid,4,42,8,0,0.3307340145111084,0.0281960368156433,0.0226986128625472,-0.0074438184060847,0.9878744314712502,-0.0051131576857919,0.5679666666666667,-0.0312333333333334,,0.9584308392743864,0.0041722159653335,0.0041722159653335,0.6444,0.6760670928910917,0.6464644786617162,0.6374270730839947,1.0249898433685305,0.0715965032577514,0.021,1.0249898433685305,0.6444
cifar,noniid,4,42,8,1,0.3307340145111084,0.0098159909248352,0.0226986128625472,-0.0058633266924178,0.9878744314712502,-0.0111524032965357,0.5679666666666667,-0.099322222222222,,0.9584308392743864,0.0165255666273348,0.0165255666273348,0.6444,0.6760670928910917,0.6464644786617162,0.6374270730839947,1.0249898433685305,0.0886731147766113,0.0275999999999999,1.0249898433685305,0.6444
cifar,noniid,4,42,8,2,0.3307340145111084,-0.0736179947853088,0.0226986128625472,-0.01865217969431,0.9878744314712502,0.0026630297690191,0.5679666666666667,-0.1157888888888889,,0.9584308392743864,-0.0099193038392648,0.0099193038392648,0.6444,0.6760670928910917,0.6464644786617162,0.6374270730839947,1.0249898433685305,0.2626384496688843,0.0694,1.0249898433685305,0.6444
cifar,noniid,4,42,8,3,0.3307340145111084,-0.0682600140571594,0.0226986128625472,-0.0094312314567637,0.9878744314712502,-0.0081942620491557,0.5679666666666667,-0.0252777777777779,,0.9584308392743864,0.0144188755685145,0.0144188755685145,0.6444,0.6760670928910917,0.6464644786617162,0.6374270730839947,1.0249898433685305,0.0199834108352661,0.0091999999999999,1.0249898433685305,0.6444
cifar,noniid,4,42,9,0,0.3216720223426819,0.0133200287818908,0.020974507905776,-0.0045183540928643,0.9732881953300716,-0.0089439857334679,0.5999222222222222,-0.0996777777777777,,0.9539636781801544,0.0157006450182175,0.0157006450182175,0.641,0.6640618178298539,0.6432788188010591,0.638881005717544,1.0421916246414185,0.2060853242874145,0.0612,1.0421916246414185,0.641
cifar,noniid,4,42,9,1,0.3216720223426819,-0.003525972366333,0.020974507905776,0.0016655648163451,0.9732881953300716,-0.0236117288543843,0.5999222222222222,-0.0498999999999998,,0.9539636781801544,0.0055727998551917,0.0055727998551917,0.641,0.6640618178298539,0.6432788188010591,0.638881005717544,1.0421916246414185,0.1619011163711547,0.0395999999999999,1.0421916246414185,0.641
cifar,noniid,4,42,9,2,0.3216720223426819,-0.0464739799499511,0.020974507905776,-0.0088608830407259,0.9732881953300716,-0.0085160740898446,0.5999222222222222,-0.1825666666666665,,0.9539636781801544,-0.0021764429822251,0.0021764429822251,0.641,0.6640618178298539,0.6432788188010591,0.638881005717544,1.0421916246414185,0.2442309856414795,0.0614,1.0421916246414185,0.641
cifar,noniid,4,42,9,3,0.3216720223426819,-0.0725339651107788,0.020974507905776,-0.0093905552126135,0.9732881953300716,-0.0015936019831491,0.5999222222222222,-0.1234999999999999,,0.9539636781801544,0.0109218021950054,0.0109218021950054,0.641,0.6640618178298539,0.6432788188010591,0.638881005717544,1.0421916246414185,0.0018556118011474,0.0108,1.0421916246414185,0.641
cifar,noniid,4,42,10,0,0.3228039741516113,-0.0005660057067871,0.020794537554314,-0.0078149102168103,0.9854250062008544,-0.0009605175974272,0.5466222222222221,-0.1262888888888891,,0.9530688815351326,0.0159986411773286,0.0159986411773286,0.6244,0.6586025097548667,0.6273726801876189,0.6196362514811634,1.056259036064148,0.208824872970581,0.0633999999999999,1.056259036064148,0.6244
cifar,noniid,4,42,10,1,0.3228039741516113,0.0138099789619445,0.020794537554314,0.0008138736806434,0.9854250062008544,0.00212691058333,0.5466222222222221,-0.1203555555555557,,0.9530688815351326,0.0055003166820537,0.0055003166820537,0.6244,0.6586025097548667,0.6273726801876189,0.6196362514811634,1.056259036064148,0.0263590812683105,-0.0038,1.056259036064148,0.6244
cifar,noniid,4,42,10,2,0.3228039741516113,-0.0632179975509643,0.020794537554314,-0.0064991158491716,0.9854250062008544,0.0194829787428391,0.5466222222222221,-0.1332777777777778,,0.9530688815351326,0.0060775997545067,0.0060775997545067,0.6244,0.6586025097548667,0.6273726801876189,0.6196362514811634,1.056259036064148,0.1569448709487915,0.0379999999999999,1.056259036064148,0.6244
cifar,noniid,4,42,10,3,0.3228039741516113,-0.056302011013031,0.020794537554314,-0.0008306262726846,0.9854250062008544,0.0035188530562657,0.5466222222222221,-0.0573666666666667,,0.9530688815351326,0.0049420118064719,0.0049420118064719,0.6244,0.6586025097548667,0.6273726801876189,0.6196362514811634,1.056259036064148,0.0235892534255981,0.0005999999999999,1.056259036064148,0.6244
cifar,noniid,20,107,1,0,0.9344180226325988,0.0281479954719543,0.550185873605948,0.0843671136695409,1.0,0.0,0.9127888888888888,0.0772999999999999,,0.9963293745696138,0.0055303431159983,0.0055303431159983,0.1076,0.1169746936905988,0.10465376435823,0.0277054596130777,2.4495508670806885,-0.0360205173492431,-0.0181999999999999,2.4495508670806885,0.1076
cifar,noniid,20,107,1,1,0.9344180226325988,-0.013289988040924,0.550185873605948,-0.2750393516192773,1.0,0.0,0.9127888888888888,-0.0396555555555557,,0.9963293745696138,0.0018666480723628,0.0018666480723628,0.1076,0.1169746936905988,0.10465376435823,0.0277054596130777,2.4495508670806885,-0.0194275379180908,-0.0034,2.4495508670806885,0.1076
cifar,noniid,20,107,1,2,0.9344180226325988,0.0066620111465454,0.550185873605948,-0.1890261338987424,1.0,0.0,0.9127888888888888,-0.0466999999999999,,0.9963293745696138,0.0025507068810494,0.0025507068810494,0.1076,0.1169746936905988,0.10465376435823,0.0277054596130777,2.4495508670806885,-0.0181441307067871,0.001,2.4495508670806885,0.1076
cifar,noniid,20,107,1,3,0.9344180226325988,-0.0090839862823486,0.550185873605948,-0.2115532568288346,1.0,0.0,0.9127888888888888,-0.0124666666666668,,0.9963293745696138,0.0044890317112293,0.0044890317112293,0.1076,0.1169746936905988,0.10465376435823,0.0277054596130777,2.4495508670806885,-0.0358302593231201,-0.0074,2.4495508670806885,0.1076
cifar,noniid,20,107,1,4,0.9344180226325988,0.0232999920845031,0.550185873605948,-0.074814126394052,1.0,0.0,0.9127888888888888,-0.0226111111111111,,0.9963293745696138,0.0036075387060779,0.0036075387060779,0.1076,0.1169746936905988,0.10465376435823,0.0277054596130777,2.4495508670806885,-0.0312302112579345,-0.0027999999999999,2.4495508670806885,0.1076
cifar,noniid,20,107,1,5,0.9344180226325988,-0.0116399526596069,0.550185873605948,0.3560111163243945,1.0,0.0,0.9127888888888888,0.1110999999999999,,0.9963293745696138,0.017350482655414,0.017350482655414,0.1076,0.1169746936905988,0.10465376435823,0.0277054596130777,2.4495508670806885,-0.0304298400878906,0.0046,2.4495508670806885,0.1076
cifar,noniid,20,107,1,6,0.9344180226325988,-0.0477799773216247,0.550185873605948,0.0584846287926699,1.0,0.0,0.9127888888888888,-0.0143222222222223,,0.9963293745696138,0.0007032705445645,0.0007032705445645,0.1076,0.1169746936905988,0.10465376435823,0.0277054596130777,2.4495508670806885,-0.0244488716125488,0.0112,2.4495508670806885,0.1076
cifar,noniid,20,107,1,7,0.9344180226325988,0.0723040103912353,0.550185873605948,0.498053172184147,1.0,0.0,0.9127888888888888,0.0273777777777779,,0.9963293745696138,0.0500666325348143,0.0500666325348143,0.1076,0.1169746936905988,0.10465376435823,0.0277054596130777,2.4495508670806885,-0.0391829013824462,-0.0189999999999999,2.4495508670806885,0.1076
cifar,noniid,20,107,1,8,0.9344180226325988,-0.0429019927978515,0.550185873605948,-0.0112895362301176,1.0,0.0,0.9127888888888888,-0.0135777777777776,,0.9963293745696138,0.0015041281514157,0.0015041281514157,0.1076,0.1169746936905988,0.10465376435823,0.0277054596130777,2.4495508670806885,-0.0286180973052978,0.0099999999999999,2.4495508670806885,0.1076
cifar,noniid,20,107,1,9,0.9344180226325988,0.086184024810791,0.550185873605948,0.4422812311969141,1.0,0.0,0.9127888888888888,0.0265888888888889,,0.9963293745696138,0.0594285775850449,0.0594285775850449,0.1076,0.1169746936905988,0.10465376435823,0.0277054596130777,2.4495508670806885,-0.0426456928253173,-0.0517999999999999,2.4495508670806885,0.1076
cifar,noniid,20,107,1,10,0.9344180226325988,-0.010405957698822,0.550185873605948,-0.2738715770224182,1.0,0.0,0.9127888888888888,-0.0319444444444445,,0.9963293745696138,0.0030077823917327,0.0030077823917327,0.1076,0.1169746936905988,0.10465376435823,0.0277054596130777,2.4495508670806885,-0.030691385269165,-0.0037999999999999,2.4495508670806885,0.1076
cifar,noniid,20,107,1,11,0.9344180226325988,0.0198840498924255,0.550185873605948,-0.0689477004012723,1.0,0.0,0.9127888888888888,-0.0504777777777776,,0.9963293745696138,0.0035453126611733,0.0035453126611733,0.1076,0.1169746936905988,0.10465376435823,0.0277054596130777,2.4495508670806885,-0.0206937789916992,-0.0031999999999999,2.4495508670806885,0.1076
cifar,noniid,20,107,1,12,0.9344180226325988,0.0238299965858459,0.550185873605948,0.2696103340376026,1.0,0.0,0.9127888888888888,-0.0023222222222221,,0.9963293745696138,0.016250951389393,0.016250951389393,0.1076,0.1169746936905988,0.10465376435823,0.0277054596130777,2.4495508670806885,-0.0226039886474609,-0.0035999999999999,2.4495508670806885,0.1076
cifar,noniid,20,107,1,13,0.9344180226325988,0.0427460074424743,0.550185873605948,0.4475368669834314,1.0,0.0,0.9127888888888888,0.0364333333333333,,0.9963293745696138,0.0453066228650891,0.0453066228650891,0.1076,0.1169746936905988,0.10465376435823,0.0277054596130777,2.4495508670806885,-0.017549991607666,-0.0132,2.4495508670806885,0.1076
cifar,noniid,20,107,1,14,0.9344180226325988,0.0249440073966979,0.550185873605948,0.1467670701871445,1.0,0.0,0.9127888888888888,-0.0207555555555556,,0.9963293745696138,0.0005949640573176,0.0005949640573176,0.1076,0.1169746936905988,0.10465376435823,0.0277054596130777,2.4495508670806885,-0.0391232967376709,-0.0094,2.4495508670806885,0.1076
cifar,noniid,20,107,1,15,0.9344180226325988,-0.015701949596405,0.550185873605948,0.2138056176644489,1.0,0.0,0.9127888888888888,-0.0023666666666666,,0.9963293745696138,0.0080010901033966,0.0080010901033966,0.1076,0.1169746936905988,0.10465376435823,0.0277054596130777,2.4495508670806885,-0.0456840991973876,-0.0017999999999999,2.4495508670806885,0.1076
cifar,noniid,20,107,1,16,0.9344180226325988,0.0386300086975097,0.550185873605948,0.4606588465789209,1.0,0.0,0.9127888888888888,0.0022111111111109,,0.9963293745696138,0.0608626816478853,0.0608626816478853,0.1076,0.1169746936905988,0.10465376435823,0.0277054596130777,2.4495508670806885,-0.022681713104248,-0.0108,2.4495508670806885,0.1076
cifar,noniid,20,107,1,17,0.9344180226325988,0.0413140058517456,0.550185873605948,0.2984128239605579,1.0,0.0,0.9127888888888888,0.0094555555555555,,0.9963293745696138,0.0134758056060148,0.0134758056060148,0.1076,0.1169746936905988,0.10465376435823,0.0277054596130777,2.4495508670806885,-0.0325605869293212,-0.0051999999999999,2.4495508670806885,0.1076
cifar,noniid,20,107,1,18,0.9344180226325988,0.0051479935646057,0.550185873605948,-0.1727499062105658,1.0,0.0,0.9127888888888888,-0.0584777777777778,,0.9963293745696138,0.0044175830954014,0.0044175830954014,0.1076,0.1169746936905988,0.10465376435823,0.0277054596130777,2.4495508670806885,-0.0120985507965087,-0.0013999999999999,2.4495508670806885,0.1076
cifar,noniid,20,107,1,19,0.9344180226325988,0.0281299948692321,0.550185873605948,0.2322462643697135,1.0,0.0,0.9127888888888888,-0.0381444444444443,,0.9963293745696138,0.0124160882533723,0.0124160882533723,0.1076,0.1169746936905988,0.10465376435823,0.0277054596130777,2.4495508670806885,-0.0154175758361816,-0.005,2.4495508670806885,0.1076
cifar,noniid,20,107,2,0,0.9641839861869812,-0.0272960066795349,0.7150837988826816,-0.2332909621115823,1.0,0.0,0.7953555555555556,-0.0690555555555554,,0.9966242490238804,-0.0018057540943239,0.0018057540943239,0.1072,0.117919002443582,0.1039914450421675,0.0265690014689856,2.612224817276001,-0.02236008644104,0.0027999999999999,2.612224817276001,0.1072
cifar,noniid,20,107,2,1,0.9641839861869812,-0.026524007320404,0.7150837988826816,-0.2312763543740233,1.0,0.0,0.7953555555555556,-0.0289777777777777,,0.9966242490238804,-0.0025332078990272,0.0025332078990272,0.1072,0.117919002443582,0.1039914450421675,0.0265690014689856,2.612224817276001,0.0040795803070068,0.0027999999999999,2.612224817276001,0.1072
cifar,noniid,20,107,2,2,0.9641839861869812,-0.0168319940567016,0.7150837988826816,-0.1816657231058461,1.0,0.0,0.7953555555555556,-0.0415555555555555,,0.9966242490238804,0.0006324081536399,0.0006324081536399,0.1072,0.117919002443582,0.1039914450421675,0.0265690014689856,2.612224817276001,0.0152316093444824,0.0023999999999999,2.612224817276001,0.1072
cifar,noniid,20,107,2,3,0.9641839861869812,-0.0234659910202026,0.7150837988826816,-0.2082878486268969,1.0,0.0,0.7953555555555556,-0.0232222222222222,,0.9966242490238804,-0.0023618413398345,0.0023618413398345,0.1072,0.117919002443582,0.1039914450421675,0.0265690014689856,2.612224817276001,-0.0070881843566894,0.0027999999999999,2.612224817276001,0.1072
cifar,noniid,20,107,2,4,0.9641839861869812,-0.0219820141792297,0.7150837988826816,-0.1893139066622514,1.0,0.0,0.7953555555555556,-0.0556,,0.9966242490238804,-0.0010112300191276,0.0010112300191276,0.1072,0.117919002443582,0.1039914450421675,0.0265690014689856,2.612224817276001,-0.0147438049316406,0.003,2.612224817276001,0.1072
cifar,noniid,20,107,2,5,0.9641839861869812,0.0438699722290039,0.7150837988826816,0.4954498554550609,1.0,0.0,0.7953555555555556,-0.0311777777777777,,0.9966242490238804,0.046745998847484,0.046745998847484,0.1072,0.117919002443582,0.1039914450421675,0.0265690014689856,2.612224817276001,-0.0093612670898437,-0.0126,2.612224817276001,0.1072
cifar,noniid,20,107,2,6,0.9641839861869812,0.0267840027809143,0.7150837988826816,0.3991115766604594,1.0,0.0,0.7953555555555556,-0.0645555555555557,,0.9966242490238804,0.0256348878432157,0.0256348878432157,0.1072,0.117919002443582,0.1039914450421675,0.0265690014689856,2.612224817276001,0.0077443122863769,-0.0075999999999999,2.612224817276001,0.1072
cifar,noniid,20,107,2,7,0.9641839861869812,0.0033239722251892,0.7150837988826816,0.0390538363358651,1.0,0.0,0.7953555555555556,-0.0620444444444445,,0.9966242490238804,0.0026105326074953,0.0026105326074953,0.1072,0.117919002443582,0.1039914450421675,0.0265690014689856,2.612224817276001,-0.0208151340484619,0.0002,2.612224817276001,0.1072
cifar,noniid,20,107,2,8,0.9641839861869812,0.0684259533882141,0.7150837988826816,0.5933989314879858,1.0,0.0,0.7953555555555556,-0.0329555555555554,,0.9966242490238804,0.0524636697896111,0.0524636697896111,0.1072,0.117919002443582,0.1039914450421675,0.0265690014689856,2.612224817276001,-0.0112001895904541,-0.0213999999999999,2.612224817276001,0.1072
cifar,noniid,20,107,2,9,0.9641839861869812,0.0094559788703918,0.7150837988826816,0.1728934936762184,1.0,0.0,0.7953555555555556,-0.0318222222222221,,0.9966242490238804,0.0024730455324407,0.0024730455324407,0.1072,0.117919002443582,0.1039914450421675,0.0265690014689856,2.612224817276001,-0.023677110671997,-0.0034,2.612224817276001,0.1072
cifar,noniid,20,107,2,10,0.9641839861869812,-0.0287460088729858,0.7150837988826816,-0.2483777395788569,1.0,0.0,0.7953555555555556,-0.0058888888888888,,0.9966242490238804,-0.0026505667953076,0.0026505667953076,0.1072,0.117919002443582,0.1039914450421675,0.0265690014689856,2.612224817276001,-0.0119867324829101,0.0032,2.612224817276001,0.1072
cifar,noniid,20,107,2,11,0.9641839861869812,-0.0160239934921264,0.7150837988826816,-0.1456032240180818,1.0,0.0,0.7953555555555556,-0.0047777777777777,,0.9966242490238804,0.0004539252021349,0.0004539252021349,0.1072,0.117919002443582,0.1039914450421675,0.0265690014689856,2.612224817276001,0.0143289566040039,0.0023999999999999,2.612224817276001,0.1072
cifar,noniid,20,107,2,12,0.9641839861869812,-0.0010660290718078,0.7150837988826816,0.0005315600767114,1.0,0.0,0.7953555555555556,-0.0289000000000001,,0.9966242490238804,0.000944437665086,0.000944437665086,0.1072,0.117919002443582,0.1039914450421675,0.0265690014689856,2.612224817276001,-0.0089516639709472,0.0003999999999999,2.612224817276001,0.1072
cifar,noniid,20,107,2,13,0.9641839861869812,0.0074819922447204,0.7150837988826816,0.1512151857439955,1.0,0.0,0.7953555555555556,-0.0279555555555555,,0.9966242490238804,-0.0008110249895437,0.0008110249895437,0.1072,0.117919002443582,0.1039914450421675,0.0265690014689856,2.612224817276001,0.000241994857788,-0.0021999999999999,2.612224817276001,0.1072
cifar,noniid,20,107,2,14,0.9641839861869812,-0.0155860185623168,0.7150837988826816,-0.1350110777776599,1.0,0.0,0.7953555555555556,-0.0287999999999999,,0.9966242490238804,-0.0006304314240711,0.0006304314240711,0.1072,0.117919002443582,0.1039914450421675,0.0265690014689856,2.612224817276001,-0.0189929008483886,0.002,2.612224817276001,0.1072
cifar,noniid,20,107,2,15,0.9641839861869812,0.0428040027618408,0.7150837988826816,0.4948554138908382,1.0,0.0,0.7953555555555556,-0.021111111111111,,0.9966242490238804,0.0615050702479533,0.0615050702479533,0.1072,0.117919002443582,0.1039914450421675,0.0265690014689856,2.612224817276001,-0.0302197933197021,-0.0146,2.612224817276001,0.1072
cifar,noniid,20,107,2,16,0.9641839861869812,0.0132139921188354,0.7150837988826816,0.205138048430602,1.0,0.0,0.7953555555555556,-0.0592888888888889,,0.9966242490238804,0.0062093503073923,0.0062093503073923,0.1072,0.117919002443582,0.1039914450421675,0.0265690014689856,2.612224817276001,0.010782241821289,-0.0034,2.612224817276001,0.1072
cifar,noniid,20,107,2,17,0.9641839861869812,0.0001279711723327,0.7150837988826816,-0.0048410131473936,1.0,0.0,0.7953555555555556,-0.0253333333333332,,0.9966242490238804,0.0030243191789219,0.0030243191789219,0.1072,0.117919002443582,0.1039914450421675,0.0265690014689856,2.612224817276001,-0.0062310695648193,0.0008,2.612224817276001,0.1072
cifar,noniid,20,107,2,18,0.9641839861869812,-0.0162640213966369,0.7150837988826816,-0.1480340718397519,1.0,0.0,0.7953555555555556,-0.0429999999999999,,0.9966242490238804,0.0001447806399357,0.0001447806399357,0.1072,0.117919002443582,0.1039914450421675,0.0265690014689856,2.612224817276001,0.0226809978485107,0.002,2.612224817276001,0.1072
cifar,noniid,20,107,2,19,0.9641839861869812,0.0016219615936279,0.7150837988826816,0.0206393544382371,1.0,0.0,0.7953555555555556,-0.0729999999999999,,0.9966242490238804,0.0026966579944007,0.0026966579944007,0.1072,0.117919002443582,0.1039914450421675,0.0265690014689856,2.612224817276001,0.0012071132659912,-0.0,2.612224817276001,0.1072
cifar,noniid,20,107,3,0,0.9269980192184448,-0.0452460050582885,0.3375394321766561,-0.3754730455417039,1.0,0.0,0.7907111111111111,-0.0558666666666665,,0.9755452262688036,-0.0184126887045719,0.0184126887045719,0.1298,0.1665294219390215,0.1283189215498562,0.0502147403133999,2.657155513763428,-0.0063676834106445,0.0163999999999999,2.657155513763428,0.1298
cifar,noniid,20,107,3,1,0.9269980192184448,-0.0415779948234558,0.3375394321766561,-0.3723704777332537,1.0,0.0,0.7907111111111111,-0.0567555555555554,,0.9755452262688036,-0.0190473054649025,0.0190473054649025,0.1298,0.1665294219390215,0.1283189215498562,0.0502147403133999,2.657155513763428,0.0354321002960205,0.0187999999999999,2.657155513763428,0.1298
cifar,noniid,20,107,3,2,0.9269980192184448,-0.0250219702720642,0.3375394321766561,-0.1763494567122326,1.0,0.0,0.7907111111111111,0.0189777777777777,,0.9755452262688036,-0.0162099524170477,0.0162099524170477,0.1298,0.1665294219390215,0.1283189215498562,0.0502147403133999,2.657155513763428,0.038945198059082,0.0147999999999999,2.657155513763428,0.1298
cifar,noniid,20,107,3,3,0.9269980192184448,-0.0324980020523071,0.3375394321766561,-0.249568581760626,1.0,0.0,0.7907111111111111,-0.0039777777777778,,0.9755452262688036,-0.016459588321213,0.016459588321213,0.1298,0.1665294219390215,0.1283189215498562,0.0502147403133999,2.657155513763428,0.0147323608398437,0.0156,2.657155513763428,0.1298
cifar,noniid,20,107,3,4,0.9269980192184448,-0.0291159749031066,0.3375394321766561,-0.2579071527620479,1.0,0.0,0.7907111111111111,-0.0204444444444442,,0.9755452262688036,-0.0178823582114988,0.0178823582114988,0.1298,0.1665294219390215,0.1283189215498562,0.0502147403133999,2.657155513763428,0.0057895183563232,0.0153999999999999,2.657155513763428,0.1298
cifar,noniid,20,107,3,5,0.9269980192184448,0.0471680164337158,0.3375394321766561,0.2071690618062858,1.0,0.0,0.7907111111111111,-0.0147111111111108,,0.9755452262688036,0.0349332047200976,0.0349332047200976,0.1298,0.1665294219390215,0.1283189215498562,0.0502147403133999,2.657155513763428,0.011772871017456,-0.005,2.657155513763428,0.1298
cifar,noniid,20,107,3,6,0.9269980192184448,0.0273100137710571,0.3375394321766561,0.1729240475612715,1.0,0.0,0.7907111111111111,-0.0139555555555557,,0.9755452262688036,0.0295218458598228,0.0295218458598228,0.1298,0.1665294219390215,0.1283189215498562,0.0502147403133999,2.657155513763428,0.0429227352142334,0.0014,2.657155513763428,0.1298
cifar,noniid,20,107,3,7,0.9269980192184448,-0.0079319477081298,0.3375394321766561,-0.0143427282161425,1.0,0.0,0.7907111111111111,-0.0129555555555556,,0.9755452262688036,-0.0072569041682155,0.0072569041682155,0.1298,0.1665294219390215,0.1283189215498562,0.0502147403133999,2.657155513763428,0.0035371780395507,0.0069999999999999,2.657155513763428,0.1298
cifar,noniid,20,107,3,8,0.9269980192184448,0.0502920150756835,0.3375394321766561,0.1882857008333726,1.0,0.0,0.7907111111111111,0.0161111111111111,,0.9755452262688036,0.0401624877895255,0.0401624877895255,0.1298,0.1665294219390215,0.1283189215498562,0.0502147403133999,2.657155513763428,0.0142691135406494,-0.002,2.657155513763428,0.1298
cifar,noniid,20,107,3,9,0.9269980192184448,0.0010740160942077,0.3375394321766561,0.0465177603500308,1.0,0.0,0.7907111111111111,0.0156444444444445,,0.9755452262688036,-0.0022632101217823,0.0022632101217823,0.1298,0.1665294219390215,0.1283189215498562,0.0502147403133999,2.657155513763428,0.0005815029144287,0.0002,2.657155513763428,0.1298
cifar,noniid,20,107,3,10,0.9269980192184448,-0.0451020002365112,0.3375394321766561,-0.4052141910117496,1.0,0.0,0.7907111111111111,-0.0126666666666666,,0.9755452262688036,-0.0176924628452507,0.0176924628452507,0.1298,0.1665294219390215,0.1283189215498562,0.0502147403133999,2.657155513763428,0.0027227401733398,0.019,2.657155513763428,0.1298
cifar,noniid,20,107,3,11,0.9269980192184448,-0.0191739797592163,0.3375394321766561,-0.1020578832595854,1.0,0.0,0.7907111111111111,-0.0058666666666664,,0.9755452262688036,-0.01092191313157,0.01092191313157,0.1298,0.1665294219390215,0.1283189215498562,0.0502147403133999,2.657155513763428,0.0471701622009277,0.0102,2.657155513763428,0.1298
cifar,noniid,20,107,3,12,0.9269980192184448,-0.0089879631996154,0.3375394321766561,-0.032526357297028,1.0,0.0,0.7907111111111111,-0.0237777777777778,,0.9755452262688036,-0.0050705185781048,0.0050705185781048,0.1298,0.1665294219390215,0.1283189215498562,0.0502147403133999,2.657155513763428,0.0098559856414794,0.006,2.657155513763428,0.1298
cifar,noniid,20,107,3,13,0.9269980192184448,0.0106480121612548,0.3375394321766561,0.0925471363369027,1.0,0.0,0.7907111111111111,-0.0117777777777776,,0.9755452262688036,0.0042928038037031,0.0042928038037031,0.1298,0.1665294219390215,0.1283189215498562,0.0502147403133999,2.657155513763428,0.0227360725402832,-0.0012,2.657155513763428,0.1298
cifar,noniid,20,107,3,14,0.9269980192184448,-0.020609974861145,0.3375394321766561,-0.1436892367653233,1.0,0.0,0.7907111111111111,0.0015333333333333,,0.9755452262688036,-0.0116799695667845,0.0116799695667845,0.1298,0.1665294219390215,0.1283189215498562,0.0502147403133999,2.657155513763428,0.0107684135437011,0.0113999999999999,2.657155513763428,0.1298
cifar,noniid,20,107,3,15,0.9269980192184448,0.0480160117149353,0.3375394321766561,0.1907371065952608,1.0,0.0,0.7907111111111111,0.02,,0.9755452262688036,0.0423340277698315,0.0423340277698315,0.1298,0.1665294219390215,0.1283189215498562,0.0502147403133999,2.657155513763428,-0.0038321018218994,-0.0092,2.657155513763428,0.1298
cifar,noniid,20,107,3,16,0.9269980192184448,0.0083360075950622,0.3375394321766561,0.093025325593584,1.0,0.0,0.7907111111111111,-0.0010555555555555,,0.9755452262688036,0.0079465772481105,0.0079465772481105,0.1298,0.1665294219390215,0.1283189215498562,0.0502147403133999,2.657155513763428,0.0400977134704589,0.001,2.657155513763428,0.1298
cifar,noniid,20,107,3,17,0.9269980192184448,-0.0079419612884521,0.3375394321766561,-0.0023298488690954,1.0,0.0,0.7907111111111111,0.0167999999999999,,0.9755452262688036,-0.0076720744225713,0.0076720744225713,0.1298,0.1665294219390215,0.1283189215498562,0.0502147403133999,2.657155513763428,0.0209007263183593,0.006,2.657155513763428,0.1298
cifar,noniid,20,107,3,18,0.9269980192184448,-0.0245879888534545,0.3375394321766561,-0.1315757598099882,1.0,0.0,0.7907111111111111,-0.0167111111111111,,0.9755452262688036,-0.0124193298568747,0.0124193298568747,0.1298,0.1665294219390215,0.1283189215498562,0.0502147403133999,2.657155513763428,0.0515909194946289,0.0088,2.657155513763428,0.1298
cifar,noniid,20,107,3,19,0.9269980192184448,-0.0030039548873901,0.3375394321766561,-0.0017174337361063,1.0,0.0,0.7907111111111111,0.0182444444444445,,0.9755452262688036,-0.0018474448502832,0.0018474448502832,0.1298,0.1665294219390215,0.1283189215498562,0.0502147403133999,2.657155513763428,0.0196309089660644,0.005,2.657155513763428,0.1298
cifar,noniid,20,107,4,0,0.8758339881896973,-0.0494040250778198,0.210989010989011,-0.1702533763435103,1.0,0.0,0.7395555555555555,-0.0027111111111113,,0.9556729128567314,-0.0267502476429305,0.0267502476429305,0.1694,0.3684550110396182,0.169378234714682,0.1045098801517966,2.552207469940185,0.0013449192047119,0.0073999999999999,2.552207469940185,0.1694
cifar,noniid,20,107,4,1,0.8758339881896973,-0.050570011138916,0.210989010989011,-0.1670755051400212,1.0,0.0,0.7395555555555555,-0.0071777777777781,,0.9556729128567314,-0.0256441352705817,0.0256441352705817,0.1694,0.3684550110396182,0.169378234714682,0.1045098801517966,2.552207469940185,0.0536108016967773,0.0163999999999999,2.552207469940185,0.1694
cifar,noniid,20,107,4,2,0.8758339881896973,-0.0369080305099487,0.210989010989011,-0.0935931992535765,1.0,0.0,0.7395555555555555,0.0091333333333334,,0.9556729128567314,-0.0176187115988101,0.0176187115988101,0.1694,0.3684550110396182,0.169378234714682,0.1045098801517966,2.552207469940185,0.0530898571014404,0.0225999999999999,2.552207469940185,0.1694
cifar,noniid,20,107,4,3,0.8758339881896973,-0.0384640097618103,0.210989010989011,-0.0957441560932832,1.0,0.0,0.7395555555555555,-0.0046888888888889,,0.9556729128567314,-0.0257138466998745,0.0257138466998745,0.1694,0.3684550110396182,0.169378234714682,0.1045098801517966,2.552207469940185,0.0303270816802978,0.0103999999999999,2.552207469940185,0.1694
cifar,noniid,20,107,4,4,0.8758339881896973,-0.0286639928817749,0.210989010989011,-0.080369013702347,1.0,0.0,0.7395555555555555,-0.0134222222222222,,0.9556729128567314,-0.0229949111183016,0.0229949111183016,0.1694,0.3684550110396182,0.169378234714682,0.1045098801517966,2.552207469940185,0.0199289321899414,0.0113999999999999,2.552207469940185,0.1694
cifar,noniid,20,107,4,5,0.8758339881896973,0.025409996509552,0.210989010989011,0.0701439405664757,1.0,0.0,0.7395555555555555,0.0244222222222219,,0.9556729128567314,0.0084508964559638,0.0084508964559638,0.1694,0.3684550110396182,0.169378234714682,0.1045098801517966,2.552207469940185,0.0225210189819335,0.0091999999999999,2.552207469940185,0.1694
cifar,noniid,20,107,4,6,0.8758339881896973,0.0056699514389038,0.210989010989011,0.0672231076811229,1.0,0.0,0.7395555555555555,0.0134888888888886,,0.9556729128567314,0.0056503713419356,0.0056503713419356,0.1694,0.3684550110396182,0.169378234714682,0.1045098801517966,2.552207469940185,0.0635275840759277,0.0143999999999999,2.552207469940185,0.1694
cifar,noniid,20,107,4,7,0.8758339881896973,-0.0181440114974975,0.210989010989011,-0.0071928071928071,1.0,0.0,0.7395555555555555,0.030488888888889,,0.9556729128567314,-0.006467223441547,0.006467223441547,0.1694,0.3684550110396182,0.169378234714682,0.1045098801517966,2.552207469940185,0.0240449905395507,0.0078,2.552207469940185,0.1694
cifar,noniid,20,107,4,8,0.8758339881896973,0.0334680080413818,0.210989010989011,0.07265372376744,1.0,0.0,0.7395555555555555,0.0206666666666666,,0.9556729128567314,0.0109695913730361,0.0109695913730361,0.1694,0.3684550110396182,0.169378234714682,0.1045098801517966,2.552207469940185,0.027130126953125,0.0138,2.552207469940185,0.1694
cifar,noniid,20,107,4,9,0.8758339881896973,-0.0052120089530944,0.210989010989011,0.0116723822874164,1.0,0.0,0.7395555555555555,0.0266999999999999,,0.9556729128567314,-0.0009977694589838,0.0009977694589838,0.1694,0.3684550110396182,0.169378234714682,0.1045098801517966,2.552207469940185,0.015960693359375,-0.0037999999999999,2.552207469940185,0.1694
cifar,noniid,20,107,4,10,0.8758339881896973,-0.0565080046653747,0.210989010989011,-0.1866943866943866,1.0,0.0,0.7395555555555555,0.0392222222222222,,0.9556729128567314,-0.0274188663410986,0.0274188663410986,0.1694,0.3684550110396182,0.169378234714682,0.1045098801517966,2.552207469940185,0.0125038623809814,0.0174,2.552207469940185,0.1694
cifar,noniid,20,107,4,11,0.8758339881896973,-0.0221320390701293,0.210989010989011,-0.044740783944644,1.0,0.0,0.7395555555555555,-0.0011111111111112,,0.9556729128567314,-0.0145210354131173,0.0145210354131173,0.1694,0.3684550110396182,0.169378234714682,0.1045098801517966,2.552207469940185,0.0668902397155761,0.0081999999999999,2.552207469940185,0.1694
cifar,noniid,20,107,4,12,0.8758339881896973,-0.013264000415802,0.210989010989011,-0.0183254098147715,1.0,0.0,0.7395555555555555,0.0157333333333333,,0.9556729128567314,-0.006150378379934,0.006150378379934,0.1694,0.3684550110396182,0.169378234714682,0.1045098801517966,2.552207469940185,0.021660566329956,0.0051999999999999,2.552207469940185,0.1694
cifar,noniid,20,107,4,13,0.8758339881896973,-0.0049760341644287,0.210989010989011,0.0224644208250765,1.0,0.0,0.7395555555555555,-0.003211111111111,,0.9556729128567314,-0.0008419291842096,0.0008419291842096,0.1694,0.3684550110396182,0.169378234714682,0.1045098801517966,2.552207469940185,0.0360252857208251,0.0027999999999999,2.552207469940185,0.1694
cifar,noniid,20,107,4,14,0.8758339881896973,-0.0325720310211181,0.210989010989011,-0.0808348883820581,1.0,0.0,0.7395555555555555,0.0331777777777779,,0.9556729128567314,-0.0196152358120682,0.0196152358120682,0.1694,0.3684550110396182,0.169378234714682,0.1045098801517966,2.552207469940185,0.0272066593170166,0.0146,2.552207469940185,0.1694
cifar,noniid,20,107,4,15,0.8758339881896973,0.0193639993667602,0.210989010989011,0.059982299579615,1.0,0.0,0.7395555555555555,0.0255999999999998,,0.9556729128567314,0.0130230567487148,0.0130230567487148,0.1694,0.3684550110396182,0.169378234714682,0.1045098801517966,2.552207469940185,0.0104031562805175,-0.0037999999999999,2.552207469940185,0.1694
cifar,noniid,20,107,4,16,0.8758339881896973,-0.0083760023117065,0.210989010989011,0.0184890109890109,1.0,0.0,0.7395555555555555,0.0097333333333331,,0.9556729128567314,-0.0023211618373437,0.0023211618373437,0.1694,0.3684550110396182,0.169378234714682,0.1045098801517966,2.552207469940185,0.0574629306793212,0.0111999999999999,2.552207469940185,0.1694
cifar,noniid,20,107,4,17,0.8758339881896973,-0.0114499926567077,0.210989010989011,-0.0075295075295075,1.0,0.0,0.7395555555555555,0.0108000000000001,,0.9556729128567314,-0.0089412500536221,0.0089412500536221,0.1694,0.3684550110396182,0.169378234714682,0.1045098801517966,2.552207469940185,0.0342464447021484,0.0129999999999999,2.552207469940185,0.1694
cifar,noniid,20,107,4,18,0.8758339881896973,-0.0298280119895935,0.210989010989011,-0.0499333191080763,1.0,0.0,0.7395555555555555,0.0146666666666663,,0.9556729128567314,-0.0156940054237105,0.0156940054237105,0.1694,0.3684550110396182,0.169378234714682,0.1045098801517966,2.552207469940185,0.0690898895263671,0.0053999999999999,2.552207469940185,0.1694
cifar,noniid,20,107,4,19,0.8758339881896973,-0.011210024356842,0.210989010989011,-0.0057774560768572,1.0,0.0,0.7395555555555555,0.0249111111111108,,0.9556729128567314,-0.0016277261822251,0.0016277261822251,0.1694,0.3684550110396182,0.169378234714682,0.1045098801517966,2.552207469940185,0.0319228172302246,0.0088,2.552207469940185,0.1694
cifar,noniid,20,107,5,0,0.816182017326355,-0.058243989944458,0.1635475996745321,-0.1592493351913682,1.0,0.0,0.6804444444444444,0.002911111111111,,0.9571501416211832,-0.0175976398109619,0.0175976398109619,0.23,0.4078198003762665,0.2295054355548512,0.1711875884604491,2.3180489540100098,0.0114486217498779,0.0254,2.3180489540100098,0.23
cifar,noniid,20,107,5,1,0.816182017326355,-0.0656619668006897,0.1635475996745321,-0.1458558381414436,1.0,0.0,0.6804444444444444,-0.0089777777777777,,0.9571501416211832,-0.0168208876691584,0.0168208876691584,0.23,0.4078198003762665,0.2295054355548512,0.1711875884604491,2.3180489540100098,0.0664451122283935,0.0358,2.3180489540100098,0.23
cifar,noniid,20,107,5,2,0.816182017326355,-0.0444979667663574,0.1635475996745321,-0.0799911677210941,1.0,0.0,0.6804444444444444,0.0183222222222221,,0.9571501416211832,-0.0036428328174122,0.0036428328174122,0.23,0.4078198003762665,0.2295054355548512,0.1711875884604491,2.3180489540100098,0.0525069236755371,0.0344,2.3180489540100098,0.23
cifar,noniid,20,107,5,3,0.816182017326355,-0.0465999841690063,0.1635475996745321,-0.1080454905366002,1.0,0.0,0.6804444444444444,-0.0039555555555554,,0.9571501416211832,-0.020710330157318,0.020710330157318,0.23,0.4078198003762665,0.2295054355548512,0.1711875884604491,2.3180489540100098,0.0441601276397705,0.0228,2.3180489540100098,0.23
cifar,noniid,20,107,5,4,0.816182017326355,-0.0339159965515136,0.1635475996745321,-0.0753822896243608,1.0,0.0,0.6804444444444444,0.0191999999999998,,0.9571501416211832,-0.0078090347377359,0.0078090347377359,0.23,0.4078198003762665,0.2295054355548512,0.1711875884604491,2.3180489540100098,0.0307545661926269,0.0182,2.3180489540100098,0.23
cifar,noniid,20,107,5,5,0.816182017326355,0.0071080327033996,0.1635475996745321,0.0147062449508244,1.0,0.0,0.6804444444444444,-0.0104444444444444,,0.9571501416211832,0.0118911035510503,0.0118911035510503,0.23,0.4078198003762665,0.2295054355548512,0.1711875884604491,2.3180489540100098,0.0280861854553222,0.0112,2.3180489540100098,0.23
cifar,noniid,20,107,5,6,0.816182017326355,-0.0147039890289306,0.1635475996745321,-0.0001060635033936,1.0,0.0,0.6804444444444444,-0.0236,,0.9571501416211832,0.0118234684303962,0.0118234684303962,0.23,0.4078198003762665,0.2295054355548512,0.1711875884604491,2.3180489540100098,0.0607039928436279,0.0246,2.3180489540100098,0.23
cifar,noniid,20,107,5,7,0.816182017326355,-0.0320940017700195,0.1635475996745321,-0.0488254381832702,1.0,0.0,0.6804444444444444,0.0067333333333332,,0.9571501416211832,-0.0105692060935324,0.0105692060935324,0.23,0.4078198003762665,0.2295054355548512,0.1711875884604491,2.3180489540100098,0.0342752933502197,0.0188,2.3180489540100098,0.23
cifar,noniid,20,107,5,8,0.816182017326355,0.0115460157394409,0.1635475996745321,0.016540557421011,1.0,0.0,0.6804444444444444,-0.0066666666666665,,0.9571501416211832,0.0125877238511821,0.0125877238511821,0.23,0.4078198003762665,0.2295054355548512,0.1711875884604491,2.3180489540100098,0.0280730724334716,0.01,2.3180489540100098,0.23
cifar,noniid,20,107,5,9,0.816182017326355,-0.0201979875564575,0.1635475996745321,-0.0682042251429861,1.0,0.0,0.6804444444444444,-0.0147333333333334,,0.9571501416211832,-0.0041444917928888,0.0041444917928888,0.23,0.4078198003762665,0.2295054355548512,0.1711875884604491,2.3180489540100098,0.0364346504211425,0.0143999999999999,2.3180489540100098,0.23
cifar,noniid,20,107,5,10,0.816182017326355,-0.0559159517288208,0.1635475996745321,-0.1444446030545126,1.0,0.0,0.6804444444444444,0.0122222222222223,,0.9571501416211832,-0.0173352535236023,0.0173352535236023,0.23,0.4078198003762665,0.2295054355548512,0.1711875884604491,2.3180489540100098,0.0232491493225097,0.0294,2.3180489540100098,0.23
cifar,noniid,20,107,5,11,0.816182017326355,-0.0460540056228637,0.1635475996745321,-0.0761912062956171,1.0,0.0,0.6804444444444444,0.0094666666666665,,0.9571501416211832,-0.0039694899973446,0.0039694899973446,0.23,0.4078198003762665,0.2295054355548512,0.1711875884604491,2.3180489540100098,0.0762155055999755,0.0196,2.3180489540100098,0.23
cifar,noniid,20,107,5,12,0.816182017326355,-0.029617965221405,0.1635475996745321,-0.0464071514566895,1.0,0.0,0.6804444444444444,-0.0148888888888887,,0.9571501416211832,-0.0006516445671076,0.0006516445671076,0.23,0.4078198003762665,0.2295054355548512,0.1711875884604491,2.3180489540100098,0.0317053794860839,0.0162,2.3180489540100098,0.23
cifar,noniid,20,107,5,13,0.816182017326355,-0.023665964603424,0.1635475996745321,-0.0410606952563434,1.0,0.0,0.6804444444444444,-0.0071777777777779,,0.9571501416211832,0.000598479566786,0.000598479566786,0.23,0.4078198003762665,0.2295054355548512,0.1711875884604491,2.3180489540100098,0.0449085235595703,0.017,2.3180489540100098,0.23
cifar,noniid,20,107,5,14,0.816182017326355,-0.0419880151748657,0.1635475996745321,-0.0878701697016493,1.0,0.0,0.6804444444444444,-0.0082666666666666,,0.9571501416211832,-0.0080553107579346,0.0080553107579346,0.23,0.4078198003762665,0.2295054355548512,0.1711875884604491,2.3180489540100098,0.0375275611877441,0.0232,2.3180489540100098,0.23
cifar,noniid,20,107,5,15,0.816182017326355,-0.006689965724945,0.1635475996745321,-0.0114743880123631,1.0,0.0,0.6804444444444444,-0.0045111111111111,,0.9571501416211832,0.0076191590655503,0.0076191590655503,0.23,0.4078198003762665,0.2295054355548512,0.1711875884604491,2.3180489540100098,0.0229909420013427,0.0056,2.3180489540100098,0.23
cifar,noniid,20,107,5,16,0.816182017326355,-0.0236079692840576,0.1635475996745321,-0.040804339776745,1.0,0.0,0.6804444444444444,-0.0170888888888889,,0.9571501416211832,0.0045935133333848,0.0045935133333848,0.23,0.4078198003762665,0.2295054355548512,0.1711875884604491,2.3180489540100098,0.0643584728240966,0.0218,2.3180489540100098,0.23
cifar,noniid,20,107,5,17,0.816182017326355,-0.0202080011367797,0.1635475996745321,-0.0373826328836074,1.0,0.0,0.6804444444444444,-0.0044333333333332,,0.9571501416211832,-0.0014173542199783,0.0014173542199783,0.23,0.4078198003762665,0.2295054355548512,0.1711875884604491,2.3180489540100098,0.0467314720153808,0.0208,2.3180489540100098,0.23
cifar,noniid,20,107,5,18,0.816182017326355,-0.0517899990081787,0.1635475996745321,-0.0878919396728766,1.0,0.0,0.6804444444444444,-0.0137333333333331,,0.9571501416211832,-0.0147036897710751,0.0147036897710751,0.23,0.4078198003762665,0.2295054355548512,0.1711875884604491,2.3180489540100098,0.082592487335205,0.0226,2.3180489540100098,0.23
cifar,noniid,20,107,5,19,0.816182017326355,-0.0269860029220581,0.1635475996745321,-0.0492964370227155,1.0,0.0,0.6804444444444444,-0.0070222222222222,,0.9571501416211832,0.0051799738564177,0.0051799738564177,0.23,0.4078198003762665,0.2295054355548512,0.1711875884604491,2.3180489540100098,0.0375978946685791,0.0174,2.3180489540100098,0.23
cifar,noniid,20,107,6,0,0.7130439877510071,-0.0566239953041076,0.128287363694676,-0.1314528960455836,0.9931856899488928,0.0006388415672913,0.6656444444444443,-0.0215444444444445,,0.9516314845804038,-0.0122648835557331,0.0122648835557331,0.3034,0.6077282429675386,0.3023262439748307,0.2646469575268345,2.0234150886535645,0.0102860927581787,0.0416,2.0234150886535645,0.3034
cifar,noniid,20,107,6,1,0.7130439877510071,-0.0717760324478149,0.128287363694676,-0.1243022777395868,0.9931856899488928,-0.0008517887563884,0.6656444444444443,-0.0796444444444444,,0.9516314845804038,-0.008769637628205,0.008769637628205,0.3034,0.6077282429675386,0.3023262439748307,0.2646469575268345,2.0234150886535645,0.0600221157073974,0.0567999999999999,2.0234150886535645,0.3034
cifar,noniid,20,107,6,2,0.7130439877510071,-0.0581759810447692,0.128287363694676,-0.0753189473496515,0.9931856899488928,-0.0005211602259481,0.6656444444444443,-0.0205111111111111,,0.9516314845804038,0.0013986876491,0.0013986876491,0.3034,0.6077282429675386,0.3023262439748307,0.2646469575268345,2.0234150886535645,0.0270886421203613,0.0373999999999999,2.0234150886535645,0.3034
cifar,noniid,20,107,6,3,0.7130439877510071,-0.0527880191802978,0.128287363694676,-0.0960187128244537,0.9931856899488928,-0.0010647359454855,0.6656444444444443,-0.0777333333333336,,0.9516314845804038,-0.0105124836225986,0.0105124836225986,0.3034,0.6077282429675386,0.3023262439748307,0.2646469575268345,2.0234150886535645,0.0445880889892578,0.0388,2.0234150886535645,0.3034
cifar,noniid,20,107,6,4,0.7130439877510071,-0.0327680110931396,0.128287363694676,-0.0637467757078843,0.9931856899488928,0.0004258943781941,0.6656444444444443,-0.0388888888888891,,0.9516314845804038,-0.0030177732996362,0.0030177732996362,0.3034,0.6077282429675386,0.3023262439748307,0.2646469575268345,2.0234150886535645,0.0246620178222656,0.0243999999999999,2.0234150886535645,0.3034
cifar,noniid,20,107,6,5,0.7130439877510071,-0.0202140212059021,0.128287363694676,-0.0196048270447848,0.9931856899488928,0.0,0.6656444444444443,-0.0626666666666668,,0.9516314845804038,-0.0004979908671233,0.0004979908671233,0.3034,0.6077282429675386,0.3023262439748307,0.2646469575268345,2.0234150886535645,0.0198719501495361,0.0164,2.0234150886535645,0.3034
cifar,noniid,20,107,6,6,0.7130439877510071,-0.0372139811515808,0.128287363694676,-0.0359355102056171,0.9931856899488928,0.0017035775127768,0.6656444444444443,-0.0312111111111115,,0.9516314845804038,0.0026631274469268,0.0026631274469268,0.3034,0.6077282429675386,0.3023262439748307,0.2646469575268345,2.0234150886535645,0.0410232543945312,0.0332,2.0234150886535645,0.3034
cifar,noniid,20,107,6,7,0.7130439877510071,-0.0435720086097717,0.128287363694676,-0.0645541264441113,0.9931856899488928,-0.0004258943781941,0.6656444444444443,-0.06,,0.9516314845804038,-0.0054361509945335,0.0054361509945335,0.3034,0.6077282429675386,0.3023262439748307,0.2646469575268345,2.0234150886535645,0.0309064388275146,0.0313999999999999,2.0234150886535645,0.3034
cifar,noniid,20,107,6,8,0.7130439877510071,-0.015466034412384,0.128287363694676,-0.0179711397066844,0.9931856899488928,0.0012776831345826,0.6656444444444443,-0.0656888888888891,,0.9516314845804038,0.0001614377695423,0.0001614377695423,0.3034,0.6077282429675386,0.3023262439748307,0.2646469575268345,2.0234150886535645,0.0198984146118164,0.0141999999999999,2.0234150886535645,0.3034
cifar,noniid,20,107,6,9,0.7130439877510071,-0.0253060460090637,0.128287363694676,-0.0888470528488985,0.9931856899488928,-0.0008517887563884,0.6656444444444443,-0.0735555555555558,,0.9516314845804038,-0.0071650662029704,0.0071650662029704,0.3034,0.6077282429675386,0.3023262439748307,0.2646469575268345,2.0234150886535645,0.0372610092163085,0.0313999999999999,2.0234150886535645,0.3034
cifar,noniid,20,107,6,10,0.7130439877510071,-0.0536540150642395,0.128287363694676,-0.1027111459923582,0.9931856899488928,0.0004258943781941,0.6656444444444443,-0.0671111111111113,,0.9516314845804038,-0.007045289458419,0.007045289458419,0.3034,0.6077282429675386,0.3023262439748307,0.2646469575268345,2.0234150886535645,0.01778244972229,0.0378,2.0234150886535645,0.3034
cifar,noniid,20,107,6,11,0.7130439877510071,-0.0591760277748107,0.128287363694676,-0.0823951288869263,0.9931856899488928,-0.0023424190800681,0.6656444444444443,-0.0492888888888891,,0.9516314845804038,-0.0081806285670049,0.0081806285670049,0.3034,0.6077282429675386,0.3023262439748307,0.2646469575268345,2.0234150886535645,0.0593705177307128,0.0362,2.0234150886535645,0.3034
cifar,noniid,20,107,6,12,0.7130439877510071,-0.043175995349884,0.128287363694676,-0.0547004847685119,0.9931856899488928,-0.0002129471890971,0.6656444444444443,-0.0663333333333335,,0.9516314845804038,-0.0049317102346311,0.0049317102346311,0.3034,0.6077282429675386,0.3023262439748307,0.2646469575268345,2.0234150886535645,0.0254678726196289,0.026,2.0234150886535645,0.3034
cifar,noniid,20,107,6,13,0.7130439877510071,-0.0308440327644348,0.128287363694676,-0.0681025280020748,0.9931856899488928,-0.0010647359454855,0.6656444444444443,-0.0541111111111112,,0.9516314845804038,-0.0034016810218927,0.0034016810218927,0.3034,0.6077282429675386,0.3023262439748307,0.2646469575268345,2.0234150886535645,0.0427923202514648,0.0307999999999999,2.0234150886535645,0.3034
cifar,noniid,20,107,6,14,0.7130439877510071,-0.0498819947242736,0.128287363694676,-0.0801383569261665,0.9931856899488928,0.0,0.6656444444444443,-0.0501,,0.9516314845804038,0.002945274573238,0.002945274573238,0.3034,0.6077282429675386,0.3023262439748307,0.2646469575268345,2.0234150886535645,0.0366456508636474,0.0312,2.0234150886535645,0.3034
cifar,noniid,20,107,6,15,0.7130439877510071,-0.0307880043983459,0.128287363694676,-0.0560898354608482,0.9931856899488928,-0.0012776831345826,0.6656444444444443,-0.0808222222222223,,0.9516314845804038,-0.0078391188462541,0.0078391188462541,0.3034,0.6077282429675386,0.3023262439748307,0.2646469575268345,2.0234150886535645,0.0266764163970947,0.022,2.0234150886535645,0.3034
cifar,noniid,20,107,6,16,0.7130439877510071,-0.0338940024375915,0.128287363694676,-0.0554608061442697,0.9931856899488928,-0.0012776831345826,0.6656444444444443,-0.0138222222222226,,0.9516314845804038,-0.0013570122305602,0.0013570122305602,0.3034,0.6077282429675386,0.3023262439748307,0.2646469575268345,2.0234150886535645,0.0601856708526611,0.0323999999999999,2.0234150886535645,0.3034
cifar,noniid,20,107,6,17,0.7130439877510071,-0.0198380351066589,0.128287363694676,-0.0450939312693526,0.9931856899488928,-0.0010647359454855,0.6656444444444443,-0.0423555555555559,,0.9516314845804038,-0.0016587768785912,0.0016587768785912,0.3034,0.6077282429675386,0.3023262439748307,0.2646469575268345,2.0234150886535645,0.0448386669158935,0.0286,2.0234150886535645,0.3034
cifar,noniid,20,107,6,18,0.7130439877510071,-0.0758780241012573,0.128287363694676,-0.1115563863053239,0.9931856899488928,-0.0010647359454855,0.6656444444444443,-0.0565111111111114,,0.9516314845804038,-0.0105977469906309,0.0105977469906309,0.3034,0.6077282429675386,0.3023262439748307,0.2646469575268345,2.0234150886535645,0.0768558979034423,0.0484,2.0234150886535645,0.3034
cifar,noniid,20,107,6,19,0.7130439877510071,-0.0312280058860778,0.128287363694676,-0.0586753870216562,0.9931856899488928,-0.0010647359454855,0.6656444444444443,-0.044177777777778,,0.9516314845804038,-0.0056493174501358,0.0056493174501358,0.3034,0.6077282429675386,0.3023262439748307,0.2646469575268345,2.0234150886535645,0.0353293418884277,0.0277999999999999,2.0234150886535645,0.3034
cifar,noniid,20,107,7,0,0.5292739868164062,-0.0604400038719177,0.0895822848515349,-0.0749392596364336,0.9794393885053349,0.0033118891777996,0.6164444444444444,-0.0214666666666667,,0.939525118454896,-0.0132854865960756,0.0132854865960756,0.3886,0.596831546872803,0.3869662424937876,0.372945977057718,1.7366716861724854,0.0094823837280273,0.0436,1.7366716861724854,0.3886
cifar,noniid,20,107,7,1,0.5292739868164062,-0.0664420127868652,0.0895822848515349,-0.0656001123690788,0.9794393885053349,-0.0015858961714337,0.6164444444444444,-0.0607555555555554,,0.939525118454896,-0.0065290086997644,0.0065290086997644,0.3886,0.596831546872803,0.3869662424937876,0.372945977057718,1.7366716861724854,0.0604575872421264,0.0559999999999999,1.7366716861724854,0.3886
cifar,noniid,20,107,7,2,0.5292739868164062,-0.0693560242652893,0.0895822848515349,-0.0422134317876742,0.9794393885053349,-0.0003810633910159,0.6164444444444444,-0.0239333333333333,,0.939525118454896,-0.0006499695742546,0.0006499695742546,0.3886,0.596831546872803,0.3869662424937876,0.372945977057718,1.7366716861724854,0.0123666524887084,0.0333999999999999,1.7366716861724854,0.3886
cifar,noniid,20,107,7,3,0.5292739868164062,-0.0531560182571411,0.0895822848515349,-0.0625670364154333,0.9794393885053349,0.0004258943781941,0.6164444444444444,-0.034,,0.939525118454896,-0.0071854030841118,0.0071854030841118,0.3886,0.596831546872803,0.3869662424937876,0.372945977057718,1.7366716861724854,0.04280686378479,0.0479999999999999,1.7366716861724854,0.3886
cifar,noniid,20,107,7,4,0.5292739868164062,-0.0265899896621704,0.0895822848515349,-0.0324859454256505,0.9794393885053349,-0.0010423204518963,0.6164444444444444,-0.0407111111111113,,0.939525118454896,-0.0041682897288759,0.0041682897288759,0.3886,0.596831546872803,0.3869662424937876,0.372945977057718,1.7366716861724854,0.0292316675186157,0.0242,1.7366716861724854,0.3886
cifar,noniid,20,107,7,5,0.5292739868164062,-0.0370000004768371,0.0895822848515349,-0.0165337632404671,0.9794393885053349,-0.0010423204518963,0.6164444444444444,0.0160777777777778,,0.939525118454896,-0.0024494322490039,0.0024494322490039,0.3886,0.596831546872803,0.3869662424937876,0.372945977057718,1.7366716861724854,0.0250991582870483,0.016,1.7366716861724854,0.3886
cifar,noniid,20,107,7,6,0.5292739868164062,-0.0544019937515258,0.0895822848515349,-0.0346716489520461,0.9794393885053349,0.001938940195463,0.6164444444444444,-0.0567333333333333,,0.939525118454896,0.0059551709162352,0.0059551709162352,0.3886,0.596831546872803,0.3869662424937876,0.372945977057718,1.7366716861724854,0.0316474437713623,0.0366,1.7366716861724854,0.3886
cifar,noniid,20,107,7,7,0.5292739868164062,-0.0577560067176818,0.0895822848515349,-0.042842783268356,0.9794393885053349,-0.0029588451537703,0.6164444444444444,-0.0141777777777778,,0.939525118454896,-0.0011860346478531,0.0011860346478531,0.3886,0.596831546872803,0.3869662424937876,0.372945977057718,1.7366716861724854,0.0395814180374145,0.0342,1.7366716861724854,0.3886
cifar,noniid,20,107,7,8,0.5292739868164062,-0.030392050743103,0.0895822848515349,-0.0248818150444067,0.9794393885053349,0.0015130458172688,0.6164444444444444,0.0047777777777777,,0.939525118454896,-0.0027191390166692,0.0027191390166692,0.3886,0.596831546872803,0.3869662424937876,0.372945977057718,1.7366716861724854,0.0155705213546752,0.0147999999999999,1.7366716861724854,0.3886
cifar,noniid,20,107,7,9,0.5292739868164062,-0.0328980088233947,0.0895822848515349,-0.0586071301902477,0.9794393885053349,0.0029812606473593,0.6164444444444444,-0.058,,0.939525118454896,-0.0013480541979089,0.0013480541979089,0.3886,0.596831546872803,0.3869662424937876,0.372945977057718,1.7366716861724854,0.0456637144088745,0.0383999999999999,1.7366716861724854,0.3886
cifar,noniid,20,107,7,10,0.5292739868164062,-0.0516160130500793,0.0895822848515349,-0.043969986631771,0.9794393885053349,-0.0001905316955079,0.6164444444444444,-0.0022222222222221,,0.939525118454896,-0.0066424277953768,0.0066424277953768,0.3886,0.596831546872803,0.3869662424937876,0.372945977057718,1.7366716861724854,0.0192525386810302,0.0376,1.7366716861724854,0.3886
cifar,noniid,20,107,7,11,0.5292739868164062,-0.0587420463562011,0.0895822848515349,-0.0575917498434846,0.9794393885053349,-0.0012776831345826,0.6164444444444444,-0.0215333333333336,,0.939525118454896,-0.001482454488308,0.001482454488308,0.3886,0.596831546872803,0.3869662424937876,0.372945977057718,1.7366716861724854,0.0485396385192871,0.0419999999999999,1.7366716861724854,0.3886
cifar,noniid,20,107,7,12,0.5292739868164062,-0.0424339771270751,0.0895822848515349,-0.0300712072978965,0.9794393885053349,0.0027683134582623,0.6164444444444444,-0.0024666666666668,,0.939525118454896,0.0003658316934807,0.0003658316934807,0.3886,0.596831546872803,0.3869662424937876,0.372945977057718,1.7366716861724854,0.0241280794143676,0.0316,1.7366716861724854,0.3886
cifar,noniid,20,107,7,13,0.5292739868164062,-0.0316300392150878,0.0895822848515349,-0.0437873395360534,0.9794393885053349,0.000212947189097,0.6164444444444444,-0.010388888888889,,0.939525118454896,-0.0093582390847916,0.0093582390847916,0.3886,0.596831546872803,0.3869662424937876,0.372945977057718,1.7366716861724854,0.0438644886016845,0.0326,1.7366716861724854,0.3886
cifar,noniid,20,107,7,14,0.5292739868164062,-0.0503060221672058,0.0895822848515349,-0.0415017859449251,0.9794393885053349,-0.0013729489823366,0.6164444444444444,-0.0474222222222224,,0.939525118454896,-0.0051114414557393,0.0051114414557393,0.3886,0.596831546872803,0.3869662424937876,0.372945977057718,1.7366716861724854,0.0429079532623291,0.0392,1.7366716861724854,0.3886
cifar,noniid,20,107,7,15,0.5292739868164062,-0.061627984046936,0.0895822848515349,-0.0471974674371026,0.9794393885053349,0.000212947189097,0.6164444444444444,0.0078999999999997,,0.939525118454896,-0.0054093836103394,0.0054093836103394,0.3886,0.596831546872803,0.3869662424937876,0.372945977057718,1.7366716861724854,0.0359958410263061,0.0243999999999999,1.7366716861724854,0.3886
cifar,noniid,20,107,7,16,0.5292739868164062,-0.0372940301895141,0.0895822848515349,-0.0405395313167928,0.9794393885053349,-0.0004258943781942,0.6164444444444444,-0.0094999999999998,,0.939525118454896,0.0021818048513914,0.0021818048513914,0.3886,0.596831546872803,0.3869662424937876,0.372945977057718,1.7366716861724854,0.057177186012268,0.0429999999999999,1.7366716861724854,0.3886
cifar,noniid,20,107,7,17,0.5292739868164062,-0.0159140229225158,0.0895822848515349,-0.0273008320315819,0.9794393885053349,-0.0002129471890971,0.6164444444444444,-0.0138666666666669,,0.939525118454896,-0.001290373377158,0.001290373377158,0.3886,0.596831546872803,0.3869662424937876,0.372945977057718,1.7366716861724854,0.0425325632095336,0.0273999999999999,1.7366716861724854,0.3886
cifar,noniid,20,107,7,18,0.5292739868164062,-0.0809839963912963,0.0895822848515349,-0.0716699301514183,0.9794393885053349,0.0006388415672913,0.6164444444444444,-0.0534000000000003,,0.939525118454896,-0.0006904589354725,0.0006904589354725,0.3886,0.596831546872803,0.3869662424937876,0.372945977057718,1.7366716861724854,0.073244571685791,0.0601999999999999,1.7366716861724854,0.3886
cifar,noniid,20,107,7,19,0.5292739868164062,-0.0344140529632568,0.0895822848515349,-0.0366365667194292,0.9794393885053349,0.0004258943781941,0.6164444444444444,0.0230999999999999,,0.939525118454896,0.0004481548824922,0.0004481548824922,0.3886,0.596831546872803,0.3869662424937876,0.372945977057718,1.7366716861724854,0.0361921787261962,0.029,1.7366716861724854,0.3886
cifar,noniid,20,107,8,0,0.4330599904060364,-0.045926034450531,0.0582441113490364,-0.0505424995296246,0.9740260468035506,0.0053460952210168,0.5865333333333334,-0.0378444444444443,,0.935978354425108,-0.009702473385028,0.009702473385028,0.4718,0.6020606021893762,0.4697832566837805,0.4663690352202415,1.4915754795074463,0.0111778974533081,0.0379999999999999,1.4915754795074463,0.4718
cifar,noniid,20,107,8,1,0.4330599904060364,-0.0410760045051574,0.0582441113490364,-0.0461410173449578,0.9740260468035506,-0.0018941092082847,0.5865333333333334,-0.0588444444444444,,0.935978354425108,-0.0137910081380866,0.0137910081380866,0.4718,0.6020606021893762,0.4697832566837805,0.4663690352202415,1.4915754795074463,0.0581257343292236,0.0524,1.4915754795074463,0.4718
cifar,noniid,20,107,8,2,0.4330599904060364,-0.0464259982109069,0.0582441113490364,-0.030545126319125,0.9740260468035506,0.0004931408589617,0.5865333333333334,-0.0087111111111111,,0.935978354425108,-0.0139703187582345,0.0139703187582345,0.4718,0.6020606021893762,0.4697832566837805,0.4663690352202415,1.4915754795074463,-0.0014660358428955,0.0217999999999999,1.4915754795074463,0.4718
cifar,noniid,20,107,8,3,0.4330599904060364,-0.0264059901237487,0.0582441113490364,-0.0400244894932658,0.9740260468035506,0.0067918945575181,0.5865333333333334,0.0386666666666666,,0.935978354425108,-0.0032197100378104,0.0032197100378104,0.4718,0.6020606021893762,0.4697832566837805,0.4663690352202415,1.4915754795074463,0.0353267192840576,0.0403999999999999,1.4915754795074463,0.4718
cifar,noniid,20,107,8,4,0.4330599904060364,-0.0159820318222045,0.0582441113490364,-0.0290103427395885,0.9740260468035506,0.0046119878059714,0.5865333333333334,-0.0057555555555555,,0.935978354425108,-0.0101239290503789,0.0101239290503789,0.4718,0.6020606021893762,0.4697832566837805,0.4663690352202415,1.4915754795074463,0.0307085514068603,0.0322,1.4915754795074463,0.4718
cifar,noniid,20,107,8,5,0.4330599904060364,-0.024910032749176,0.0582441113490364,-0.0238321974353469,0.9740260468035506,0.0109779879852954,0.5865333333333334,0.0214222222222222,,0.935978354425108,-0.0129245813385207,0.0129245813385207,0.4718,0.6020606021893762,0.4697832566837805,0.4663690352202415,1.4915754795074463,0.0259793996810913,0.023,1.4915754795074463,0.4718
cifar,noniid,20,107,8,6,0.4330599904060364,-0.039929986000061,0.0582441113490364,-0.0308873120252246,0.9740260468035506,0.0020790370303954,0.5865333333333334,0.0088888888888887,,0.935978354425108,-0.0120474616214986,0.0120474616214986,0.4718,0.6020606021893762,0.4697832566837805,0.4663690352202415,1.4915754795074463,0.0254014730453491,0.0296,1.4915754795074463,0.4718
cifar,noniid,20,107,8,7,0.4330599904060364,-0.0342199802398681,0.0582441113490364,-0.0390035950729819,0.9740260468035506,0.0079967273379359,0.5865333333333334,-0.0088888888888889,,0.935978354425108,-0.0149152286261402,0.0149152286261402,0.4718,0.6020606021893762,0.4697832566837805,0.4663690352202415,1.4915754795074463,0.0350935459136962,0.0349999999999999,1.4915754795074463,0.4718
cifar,noniid,20,107,8,8,0.4330599904060364,-0.0268319845199584,0.0582441113490364,-0.0260403487036413,0.9740260468035506,0.0030260916345378,0.5865333333333334,0.0102222222222223,,0.935978354425108,-0.0114900320265949,0.0114900320265949,0.4718,0.6020606021893762,0.4697832566837805,0.4663690352202415,1.4915754795074463,0.0115282535552978,0.0144,1.4915754795074463,0.4718
cifar,noniid,20,107,8,9,0.4330599904060364,-0.0286760330200195,0.0582441113490364,-0.0500033113313759,0.9740260468035506,0.0065060970142563,0.5865333333333334,-0.0470888888888887,,0.935978354425108,-0.0117902847832628,0.0117902847832628,0.4718,0.6020606021893762,0.4697832566837805,0.4663690352202415,1.4915754795074463,0.0426433086395263,0.0418,1.4915754795074463,0.4718
cifar,noniid,20,107,8,10,0.4330599904060364,-0.0353699922561645,0.0582441113490364,-0.0357339908407446,0.9740260468035506,0.0041860934277773,0.5865333333333334,0.0068888888888889,,0.935978354425108,-0.0104818690805554,0.0104818690805554,0.4718,0.6020606021893762,0.4697832566837805,0.4663690352202415,1.4915754795074463,0.0145604610443115,0.0303999999999999,1.4915754795074463,0.4718
cifar,noniid,20,107,8,11,0.4330599904060364,-0.0341060161590576,0.0582441113490364,-0.0425454845636435,0.9740260468035506,0.0035976867210616,0.5865333333333334,0.0605777777777778,,0.935978354425108,-0.0018407172888105,0.0018407172888105,0.4718,0.6020606021893762,0.4697832566837805,0.4663690352202415,1.4915754795074463,0.0288442373275756,0.0356,1.4915754795074463,0.4718
cifar,noniid,20,107,8,12,0.4330599904060364,-0.0310320258140563,0.0582441113490364,-0.0244153675368575,0.9740260468035506,0.0037377835559939,0.5865333333333334,0.0325222222222221,,0.935978354425108,-0.0124251934293849,0.0124251934293849,0.4718,0.6020606021893762,0.4697832566837805,0.4663690352202415,1.4915754795074463,0.0192703008651733,0.0243999999999999,1.4915754795074463,0.4718
cifar,noniid,20,107,8,13,0.4330599904060364,-0.0190560221672058,0.0582441113490364,-0.0365993508977407,0.9740260468035506,0.0049930511969873,0.5865333333333334,-0.0249111111111111,,0.935978354425108,-0.0082752625208936,0.0082752625208936,0.4718,0.6020606021893762,0.4697832566837805,0.4663690352202415,1.4915754795074463,0.0409858226776123,0.0363999999999999,1.4915754795074463,0.4718
cifar,noniid,20,107,8,14,0.4330599904060364,-0.0273579955101013,0.0582441113490364,-0.0323692715505918,0.9740260468035506,0.0070272572402044,0.5865333333333334,0.0331666666666667,,0.935978354425108,-0.0141945340499691,0.0141945340499691,0.4718,0.6020606021893762,0.4697832566837805,0.4663690352202415,1.4915754795074463,0.0401198863983154,0.0353999999999999,1.4915754795074463,0.4718
cifar,noniid,20,107,8,15,0.4330599904060364,-0.0464720129966735,0.0582441113490364,-0.0441792997163499,0.9740260468035506,0.0008517887563884,0.5865333333333334,-0.0322666666666666,,0.935978354425108,-0.0086871594711217,0.0086871594711217,0.4718,0.6020606021893762,0.4697832566837805,0.4663690352202415,1.4915754795074463,0.0328609943389892,0.0323999999999999,1.4915754795074463,0.4718
cifar,noniid,20,107,8,16,0.4330599904060364,-0.0257459878921508,0.0582441113490364,-0.031439903520852,0.9740260468035506,0.0025553662691653,0.5865333333333334,-0.0270222222222222,,0.935978354425108,-0.0081503207329685,0.0081503207329685,0.4718,0.6020606021893762,0.4697832566837805,0.4663690352202415,1.4915754795074463,0.049484372138977,0.0412,1.4915754795074463,0.4718
cifar,noniid,20,107,8,17,0.4330599904060364,-0.0114859938621521,0.0582441113490364,-0.0281195250145999,0.9740260468035506,-0.0020117905496278,0.5865333333333334,-0.0646888888888888,,0.935978354425108,-0.0093885136585729,0.0093885136585729,0.4718,0.6020606021893762,0.4697832566837805,0.4663690352202415,1.4915754795074463,0.0398054122924804,0.0283999999999999,1.4915754795074463,0.4718
cifar,noniid,20,107,8,18,0.4330599904060364,-0.0558120012283325,0.0582441113490364,-0.0489329221437865,0.9740260468035506,0.0036201022146508,0.5865333333333334,-0.0181666666666668,,0.935978354425108,-0.0116706055482612,0.0116706055482612,0.4718,0.6020606021893762,0.4697832566837805,0.4663690352202415,1.4915754795074463,0.0606118440628051,0.0515999999999999,1.4915754795074463,0.4718
cifar,noniid,20,107,8,19,0.4330599904060364,-0.0215359926223754,0.0582441113490364,-0.0341966901081584,0.9740260468035506,0.0035024208733076,0.5865333333333334,-0.0014444444444443,,0.935978354425108,-0.003715941949869,0.003715941949869,0.4718,0.6020606021893762,0.4697832566837805,0.4663690352202415,1.4915754795074463,0.0245070457458496,0.026,1.4915754795074463,0.4718
cifar,noniid,20,107,9,0,0.4089760184288025,-0.0349839925765991,0.0380434782608695,-0.0433040977457039,0.9688704832780418,0.0019613556890523,0.6002222222222222,0.0149777777777779,,0.9295159507848456,-0.0246272990514373,0.0246272990514373,0.5162,0.608252461678555,0.5141789085777055,0.507983635862808,1.3711121082305908,0.0202550888061523,0.0302,1.3711121082305908,0.5162
cifar,noniid,20,107,9,1,0.4089760184288025,-0.0287399888038635,0.0380434782608695,-0.0354241959624721,0.9688704832780418,-0.0017764278669415,0.6002222222222222,-0.0576,,0.9295159507848456,-0.017329307088887,0.017329307088887,0.5162,0.608252461678555,0.5141789085777055,0.507983635862808,1.3711121082305908,0.0612649917602539,0.0412,1.3711121082305908,0.5162
cifar,noniid,20,107,9,2,0.4089760184288025,-0.0262359976768493,0.0380434782608695,-0.0233600305110602,0.9688704832780418,-0.0204037030395408,0.6002222222222222,-0.0294,,0.9295159507848456,-0.0212481623435502,0.0212481623435502,0.5162,0.608252461678555,0.5141789085777055,0.507983635862808,1.3711121082305908,0.0010402202606201,0.0145999999999999,1.3711121082305908,0.5162
cifar,noniid,20,107,9,3,0.4089760184288025,-0.0204799771308898,0.0380434782608695,-0.0336484512762054,0.9688704832780418,-0.0017035775127768,0.6002222222222222,-0.0247333333333332,,0.9295159507848456,-0.0093049069335143,0.0093049069335143,0.5162,0.608252461678555,0.5141789085777055,0.507983635862808,1.3711121082305908,0.0350226163864135,0.0293999999999999,1.3711121082305908,0.5162
cifar,noniid,20,107,9,4,0.4089760184288025,-0.0169360041618347,0.0380434782608695,-0.0287861875908011,0.9688704832780418,-0.0058728593203621,0.6002222222222222,-0.0149777777777777,,0.9295159507848456,-0.0154791306150207,0.0154791306150207,0.5162,0.608252461678555,0.5141789085777055,0.507983635862808,1.3711121082305908,0.0394483804702758,0.0277999999999999,1.3711121082305908,0.5162
cifar,noniid,20,107,9,5,0.4089760184288025,-0.023743987083435,0.0380434782608695,-0.0262793343639806,0.9688704832780418,-0.0059905406617053,0.6002222222222222,0.0182222222222221,,0.9295159507848456,-0.0158998084822954,0.0158998084822954,0.5162,0.608252461678555,0.5141789085777055,0.507983635862808,1.3711121082305908,0.0278823375701904,0.0197999999999999,1.3711121082305908,0.5162
cifar,noniid,20,107,9,6,0.4089760184288025,-0.0363919734954834,0.0380434782608695,-0.0369056052421854,0.9688704832780418,-0.007979915717744,0.6002222222222222,-0.0007777777777777,,0.9295159507848456,-0.0106066842471209,0.0106066842471209,0.5162,0.608252461678555,0.5141789085777055,0.507983635862808,1.3711121082305908,0.0277726650238037,0.0266,1.3711121082305908,0.5162
cifar,noniid,20,107,9,7,0.4089760184288025,-0.0306859612464904,0.0380434782608695,-0.0377511427660253,0.9688704832780418,-0.0035528557338831,0.6002222222222222,-0.0006222222222223,,0.9295159507848456,-0.0225773828695886,0.0225773828695886,0.5162,0.608252461678555,0.5141789085777055,0.507983635862808,1.3711121082305908,0.0409181118011474,0.0323999999999999,1.3711121082305908,0.5162
cifar,noniid,20,107,9,8,0.4089760184288025,-0.027925968170166,0.0380434782608695,-0.0295778423437445,0.9688704832780418,-0.0085234914372813,0.6002222222222222,-0.0066666666666665,,0.9295159507848456,-0.0108819830536608,0.0108819830536608,0.5162,0.608252461678555,0.5141789085777055,0.507983635862808,1.3711121082305908,0.0156848430633544,0.0187999999999999,1.3711121082305908,0.5162
cifar,noniid,20,107,9,9,0.4089760184288025,-0.0435180068016052,0.0380434782608695,-0.0473274293230508,0.9688704832780418,0.0032390388236349,0.6002222222222222,-0.0800444444444443,,0.9295159507848456,-0.0172586183918832,0.0172586183918832,0.5162,0.608252461678555,0.5141789085777055,0.507983635862808,1.3711121082305908,0.0530080795288085,0.0355999999999999,1.3711121082305908,0.5162
cifar,noniid,20,107,9,10,0.4089760184288025,-0.0259760022163391,0.0380434782608695,-0.0288380688785341,0.9688704832780418,-0.0087588541199676,0.6002222222222222,-0.0028444444444444,,0.9295159507848456,-0.0202623981253807,0.0202623981253807,0.5162,0.608252461678555,0.5141789085777055,0.507983635862808,1.3711121082305908,0.0190794467926025,0.0227999999999999,1.3711121082305908,0.5162
cifar,noniid,20,107,9,11,0.4089760184288025,-0.0220919847488403,0.0380434782608695,-0.0345799407517783,0.9688704832780418,-0.0056318927642786,0.6002222222222222,0.0339111111111112,,0.9295159507848456,-0.0134865531267655,0.0134865531267655,0.5162,0.608252461678555,0.5141789085777055,0.507983635862808,1.3711121082305908,0.0238544940948486,0.0239999999999999,1.3711121082305908,0.5162
cifar,noniid,20,107,9,12,0.4089760184288025,-0.0247099995613098,0.0380434782608695,-0.0224533166109253,0.9688704832780418,-0.0011375862996503,0.6002222222222222,-0.0283111111111111,,0.9295159507848456,-0.0068903783330366,0.0068903783330366,0.5162,0.608252461678555,0.5141789085777055,0.507983635862808,1.3711121082305908,0.0127530097961425,0.0141999999999999,1.3711121082305908,0.5162
cifar,noniid,20,107,9,13,0.4089760184288025,-0.0201359987258911,0.0380434782608695,-0.0327710939863674,0.9688704832780418,-0.0017988433605307,0.6002222222222222,-0.0106444444444444,,0.9295159507848456,-0.0179394732899346,0.0179394732899346,0.5162,0.608252461678555,0.5141789085777055,0.507983635862808,1.3711121082305908,0.0415745973587036,0.0286,1.3711121082305908,0.5162
cifar,noniid,20,107,9,14,0.4089760184288025,-0.0173959732055664,0.0380434782608695,-0.0249164563262113,0.9688704832780418,-7.285035416482177e-05,0.6002222222222222,-0.0081888888888888,,0.9295159507848456,-0.0039730501093966,0.0039730501093966,0.5162,0.608252461678555,0.5141789085777055,0.507983635862808,1.3711121082305908,0.0453244447708129,0.0283999999999999,1.3711121082305908,0.5162
cifar,noniid,20,107,9,15,0.4089760184288025,-0.0391619801521301,0.0380434782608695,-0.0369767974893331,0.9688704832780418,-0.0027458979646731,0.6002222222222222,-0.0050444444444446,,0.9295159507848456,-0.0180466602941701,0.0180466602941701,0.5162,0.608252461678555,0.5141789085777055,0.507983635862808,1.3711121082305908,0.0310404300689697,0.0227999999999999,1.3711121082305908,0.5162
cifar,noniid,20,107,9,16,0.4089760184288025,-0.024317979812622,0.0380434782608695,-0.0320519178403332,0.9688704832780418,-0.0056094772706895,0.6002222222222222,-0.0267555555555556,,0.9295159507848456,-0.0146954835349146,0.0146954835349146,0.5162,0.608252461678555,0.5141789085777055,0.507983635862808,1.3711121082305908,0.0585443973541259,0.0326,1.3711121082305908,0.5162
cifar,noniid,20,107,9,17,0.4089760184288025,-0.0152579545974731,0.0380434782608695,-0.0290047637669309,0.9688704832780418,-0.0045447413252038,0.6002222222222222,-0.0686666666666664,,0.9295159507848456,-0.0134766014975161,0.0134766014975161,0.5162,0.608252461678555,0.5141789085777055,0.507983635862808,1.3711121082305908,0.0441797971725463,0.0243999999999999,1.3711121082305908,0.5162
cifar,noniid,20,107,9,18,0.4089760184288025,-0.0306659936904907,0.0380434782608695,-0.0414405000995132,0.9688704832780418,0.0013000986281718,0.6002222222222222,-0.0313333333333334,,0.9295159507848456,-0.0110464291980925,0.0110464291980925,0.5162,0.608252461678555,0.5141789085777055,0.507983635862808,1.3711121082305908,0.0511379241943359,0.0363999999999999,1.3711121082305908,0.5162
cifar,noniid,20,107,9,19,0.4089760184288025,-0.023494005203247,0.0380434782608695,-0.0323389464746877,0.9688704832780418,-0.00444947547745,0.6002222222222222,-0.0194666666666667,,0.9295159507848456,-0.0134065878260862,0.0134065878260862,0.5162,0.608252461678555,0.5141789085777055,0.507983635862808,1.3711121082305908,0.0332012176513671,0.0249999999999999,1.3711121082305908,0.5162
cifar,noniid,20,107,10,0,0.4077619910240173,-0.0255979895591735,0.038652889399158,-0.0256838858192692,0.9774388057025016,-0.0103447502914014,0.4768222222222222,-0.0790666666666668,,0.94879758787806,-0.0165113985057375,0.0165113985057375,0.5222,0.6102067077721721,0.5199437255640389,0.5135292805856391,1.3332035541534424,0.0131723880767822,0.0175999999999999,1.3332035541534424,0.5222
cifar,noniid,20,107,10,1,0.4077619910240173,-0.021086037158966,0.038652889399158,-0.0223227203569395,0.9774388057025016,-0.0082376938940196,0.4768222222222222,-0.0948444444444445,,0.94879758787806,-0.0120943744296638,0.0120943744296638,0.5222,0.6102067077721721,0.5199437255640389,0.5135292805856391,1.3332035541534424,0.0609391927719116,0.0312,1.3332035541534424,0.5222
cifar,noniid,20,107,10,2,0.4077619910240173,-0.0182420015335083,0.038652889399158,-0.0171827057927768,0.9774388057025016,-0.0198825428135928,0.4768222222222222,-0.092977777777778,,0.94879758787806,-0.0068543285332008,0.0068543285332008,0.5222,0.6102067077721721,0.5199437255640389,0.5135292805856391,1.3332035541534424,-0.0092124938964843,0.0043999999999999,1.3332035541534424,0.5222
cifar,noniid,20,107,10,3,0.4077619910240173,-0.0131040215492248,0.038652889399158,-0.023120074900882,0.9774388057025016,-0.0094425266744374,0.4768222222222222,-0.0648444444444442,,0.94879758787806,-0.0168921481729477,0.0168921481729477,0.5222,0.6102067077721721,0.5199437255640389,0.5135292805856391,1.3332035541534424,0.01907479763031,0.0198,1.3332035541534424,0.5222
cifar,noniid,20,107,10,4,0.4077619910240173,-0.0203379988670349,0.038652889399158,-0.0190394182931496,0.9774388057025016,-0.0055422307899219,0.4768222222222222,-0.1056111111111111,,0.94879758787806,-0.0084565342038949,0.0084565342038949,0.5222,0.6102067077721721,0.5199437255640389,0.5135292805856391,1.3332035541534424,0.0336675643920898,0.0232,1.3332035541534424,0.5222
cifar,noniid,20,107,10,5,0.4077619910240173,-0.0161939859390258,0.038652889399158,-0.0190620693758713,0.9774388057025016,-0.0030092800143459,0.4768222222222222,-0.0792666666666663,,0.94879758787806,-0.0127682395907997,0.0127682395907997,0.5222,0.6102067077721721,0.5199437255640389,0.5135292805856391,1.3332035541534424,0.0176749229431152,0.0143999999999999,1.3332035541534424,0.5222
cifar,noniid,20,107,10,6,0.4077619910240173,-0.0285980105400085,0.038652889399158,-0.0240937562204157,0.9774388057025016,-0.0049986550703846,0.4768222222222222,-0.0292444444444441,,0.94879758787806,-0.0149184055648085,0.0149184055648085,0.5222,0.6102067077721721,0.5199437255640389,0.5135292805856391,1.3332035541534424,0.0168179273605346,0.017,1.3332035541534424,0.5222
cifar,noniid,20,107,10,7,0.4077619910240173,-0.0261059999465942,0.038652889399158,-0.0259797882403441,0.9774388057025016,-0.0032222272034431,0.4768222222222222,-0.0296222222222222,,0.94879758787806,-0.0051942835764924,0.0051942835764924,0.5222,0.6102067077721721,0.5199437255640389,0.5135292805856391,1.3332035541534424,0.0317853689193725,0.0233999999999999,1.3332035541534424,0.5222
cifar,noniid,20,107,10,8,0.4077619910240173,-0.0269100069999694,0.038652889399158,-0.0207453130236633,0.9774388057025016,-0.0084058100959383,0.4768222222222222,-0.1129111111111109,,0.94879758787806,-0.0078920664839019,0.0078920664839019,0.5222,0.6102067077721721,0.5199437255640389,0.5135292805856391,1.3332035541534424,0.0111604928970336,0.0133999999999999,1.3332035541534424,0.5222
cifar,noniid,20,107,10,9,0.4077619910240173,-0.0330240130424499,0.038652889399158,-0.0343189817789911,0.9774388057025016,-0.0005715950865238,0.4768222222222222,-0.1368,,0.94879758787806,-0.0133051432677543,0.0133051432677543,0.5222,0.6102067077721721,0.5199437255640389,0.5135292805856391,1.3332035541534424,0.0530593395233154,0.0326,1.3332035541534424,0.5222
cifar,noniid,20,107,10,10,0.4077619910240173,-0.0202640295028686,0.038652889399158,-0.018782201080779,0.9774388057025016,0.0001625123285213,0.4768222222222222,-0.0276,,0.94879758787806,-0.0083351054731,0.0083351054731,0.5222,0.6102067077721721,0.5199437255640389,0.5135292805856391,1.3332035541534424,0.0181053876876831,0.017,1.3332035541534424,0.5222
cifar,noniid,20,107,10,11,0.4077619910240173,-0.0134299993515014,0.038652889399158,-0.0225635403006839,0.9774388057025016,-0.0085907379180489,0.4768222222222222,-0.1603333333333334,,0.94879758787806,-0.0140729767402982,0.0140729767402982,0.5222,0.6102067077721721,0.5199437255640389,0.5135292805856391,1.3332035541534424,0.0177458524703979,0.0205999999999999,1.3332035541534424,0.5222
cifar,noniid,20,107,10,12,0.4077619910240173,-0.0171800255775451,0.038652889399158,-0.016407211415111,0.9774388057025016,-0.0025105352819869,0.4768222222222222,-0.1093333333333332,,0.94879758787806,-0.0189294293535315,0.0189294293535315,0.5222,0.6102067077721721,0.5199437255640389,0.5135292805856391,1.3332035541534424,0.0085278749465942,0.0125999999999999,1.3332035541534424,0.5222
cifar,noniid,20,107,10,13,0.4077619910240173,-0.0154600143432617,0.038652889399158,-0.0241743357317319,0.9774388057025016,-0.0047576885143011,0.4768222222222222,-0.1211555555555554,,0.94879758787806,-0.0152927906073653,0.0152927906073653,0.5222,0.6102067077721721,0.5199437255640389,0.5135292805856391,1.3332035541534424,0.0348895788192749,0.0247999999999999,1.3332035541534424,0.5222
cifar,noniid,20,107,10,14,0.4077619910240173,-0.0111840367317199,0.038652889399158,-0.0181698396924785,0.9774388057025016,-0.0003810633910159,0.4768222222222222,-0.1211333333333335,,0.94879758787806,-0.0147247439955974,0.0147247439955974,0.5222,0.6102067077721721,0.5199437255640389,0.5135292805856391,1.3332035541534424,0.0409164428710937,0.0218,1.3332035541534424,0.5222
cifar,noniid,20,107,10,15,0.4077619910240173,-0.0205780267715454,0.038652889399158,-0.025596223726581,0.9774388057025016,-0.0054917959293464,0.4768222222222222,-0.0856000000000001,,0.94879758787806,-0.0157739190417863,0.0157739190417863,0.5222,0.6102067077721721,0.5199437255640389,0.5135292805856391,1.3332035541534424,0.0185650587081909,0.0161999999999999,1.3332035541534424,0.5222
cifar,noniid,20,107,10,16,0.4077619910240173,-0.0197719931602478,0.038652889399158,-0.0203832551791551,0.9774388057025016,-0.0100589527481395,0.4768222222222222,-0.0450666666666665,,0.94879758787806,-0.0126337213816875,0.0126337213816875,0.5222,0.6102067077721721,0.5199437255640389,0.5135292805856391,1.3332035541534424,0.052441120147705,0.0306,1.3332035541534424,0.5222
cifar,noniid,20,107,10,17,0.4077619910240173,-0.009902000427246,0.038652889399158,-0.0202877716920406,0.9774388057025016,-0.0065565318748319,0.4768222222222222,-0.0680888888888888,,0.94879758787806,-0.0131262528009242,0.0131262528009242,0.5222,0.6102067077721721,0.5199437255640389,0.5135292805856391,1.3332035541534424,0.0337724685668945,0.0227999999999999,1.3332035541534424,0.5222
cifar,noniid,20,107,10,18,0.4077619910240173,-0.0191820263862609,0.038652889399158,-0.0263450920299901,0.9774388057025016,-0.0125919035237156,0.4768222222222222,-0.0947444444444445,,0.94879758787806,-0.0109097163141929,0.0109097163141929,0.5222,0.6102067077721721,0.5199437255640389,0.5135292805856391,1.3332035541534424,0.035796046257019,0.0256,1.3332035541534424,0.5222
cifar,noniid,20,107,10,19,0.4077619910240173,-0.0189520120620727,0.038652889399158,-0.0213153393538204,0.9774388057025016,-0.0007341074150453,0.4768222222222222,-0.1174888888888887,,0.94879758787806,-0.00971695764512,0.00971695764512,0.5222,0.6102067077721721,0.5199437255640389,0.5135292805856391,1.3332035541534424,0.0343642234802246,0.0226,1.3332035541534424,0.5222
cifar,noniid,4,107,1,0,0.984690010547638,0.0218179821968078,0.8396369137670197,0.1098389339690398,1.0,0.0004258943781941,0.8069777777777778,0.0337111111111112,,0.9881530173873102,0.0055668983200726,0.0055668983200726,0.1322,0.1616803578205013,0.1286341930760564,0.06138910283839,2.725192308425904,-0.2394542694091797,-0.0262,2.725192308425904,0.1322
cifar,noniid,4,107,1,1,0.984690010547638,0.060833990573883,0.8396369137670197,0.002030076160182,1.0,0.0,0.8069777777777778,-0.0511333333333332,,0.9881530173873102,0.0200586678210237,0.0200586678210237,0.1322,0.1616803578205013,0.1286341930760564,0.06138910283839,2.725192308425904,0.0369675159454345,-0.0549999999999999,2.725192308425904,0.1322
cifar,noniid,4,107,1,2,0.984690010547638,0.0069540143013,0.8396369137670197,-0.0949234134313443,1.0,0.0,0.8069777777777778,-0.0738888888888888,,0.9881530173873102,-0.0060056630680318,0.0060056630680318,0.1322,0.1616803578205013,0.1286341930760564,0.06138910283839,2.725192308425904,0.2896831035614013,0.0344,2.725192308425904,0.1322
cifar,noniid,4,107,1,3,0.984690010547638,-0.013043999671936,0.8396369137670197,-0.1340966697226614,1.0,0.0,0.8069777777777778,-0.0703333333333333,,0.9881530173873102,-0.0063492310548743,0.0063492310548743,0.1322,0.1616803578205013,0.1286341930760564,0.06138910283839,2.725192308425904,0.399454116821289,0.0256,2.725192308425904,0.1322
cifar,noniid,4,107,2,0,0.6488820314407349,0.0513240098953247,0.2872579918955426,0.0437832773767823,0.9719750291401416,-0.0067246480767506,0.6316333333333335,-0.0306333333333332,,0.9437411704231268,-0.0111025484039202,0.0111025484039202,0.4436,0.5447078285285942,0.4424804653351398,0.3999055291827714,1.5241557359695437,-0.0648980140686035,-0.0439999999999999,1.5241557359695437,0.4436
cifar,noniid,4,107,2,1,0.6488820314407349,-0.0924099683761596,0.2872579918955426,-0.0793878544504911,0.9719750291401416,0.0018100511073253,0.6316333333333335,-0.042733333333333,,0.9437411704231268,0.0170526709952346,0.0170526709952346,0.4436,0.5447078285285942,0.4424804653351398,0.3999055291827714,1.5241557359695437,0.3432352542877197,0.118,1.5241557359695437,0.4436
cifar,noniid,4,107,2,2,0.6488820314407349,0.0010440349578857,0.2872579918955426,0.0358828543817911,0.9719750291401416,0.0005996144535103,0.6316333333333335,-0.0124333333333332,,0.9437411704231268,-0.0007506546146742,0.0007506546146742,0.4436,0.5447078285285942,0.4424804653351398,0.3999055291827714,1.5241557359695437,0.3681827783584595,0.0853999999999999,1.5241557359695437,0.4436
cifar,noniid,4,107,2,3,0.6488820314407349,-0.1891299486160278,0.2872579918955426,-0.136965216728427,0.9719750291401416,0.0036761409486236,0.6316333333333335,-0.0569555555555556,,0.9437411704231268,-0.0060067803939488,0.0060067803939488,0.4436,0.5447078285285942,0.4424804653351398,0.3999055291827714,1.5241557359695437,0.3938696384429931,0.1267999999999999,1.5241557359695437,0.4436
cifar,noniid,4,107,3,0,0.5037720203399658,0.0030680298805236,0.152753108348135,0.0090749474285947,0.989991482112436,0.0053236797274276,0.7699222222222222,0.0070444444444441,,0.9681645125033178,0.0067587028689301,0.0067587028689301,0.5424,0.6412195768421022,0.5402767797734681,0.502571347549434,1.278058648109436,0.0530378818511962,0.0031999999999999,1.278058648109436,0.5424
cifar,noniid,4,107,3,1,0.5037720203399658,-0.0207279920578002,0.152753108348135,-0.0344410188949318,0.989991482112436,0.0288767596162468,0.7699222222222222,-0.0131444444444444,,0.9681645125033178,0.0288844559654497,0.0288844559654497,0.5424,0.6412195768421022,0.5402767797734681,0.502571347549434,1.278058648109436,0.129591703414917,0.0475999999999999,1.278058648109436,0.5424
cifar,noniid,4,107,3,2,0.5037720203399658,-0.0026179552078247,0.152753108348135,-0.0075348795260597,0.989991482112436,0.0250829373262799,0.7699222222222222,0.0593666666666665,,0.9681645125033178,0.0312573670741243,0.0312573670741243,0.5424,0.6412195768421022,0.5402767797734681,0.502571347549434,1.278058648109436,0.0986983776092529,0.0327999999999999,1.278058648109436,0.5424
cifar,noniid,4,107,3,3,0.5037720203399658,-0.1163839697837829,0.152753108348135,-0.0828176483855118,0.989991482112436,0.0082376938940196,0.7699222222222222,-0.0337888888888888,,0.9681645125033178,0.0184386057917731,0.0184386057917731,0.5424,0.6412195768421022,0.5402767797734681,0.502571347549434,1.278058648109436,0.2557533979415893,0.0968,1.278058648109436,0.5424
cifar,noniid,4,107,4,0,0.4962739944458008,-0.0013539791107177,0.1246095105866018,0.0022036013358104,0.9919528378014884,-0.0016811620191876,0.770111111111111,0.0063333333333333,,0.9531086567779388,-0.0042025240660369,0.0042025240660369,0.5618,0.648998994945973,0.5589988988745926,0.5231172626130284,1.240103244781494,0.0741091966629028,0.0085999999999999,1.240103244781494,0.5618
cifar,noniid,4,107,4,1,0.4962739944458008,-0.0167939662933349,0.1246095105866018,-0.0032806628238027,0.9919528378014884,0.042460548731283,0.770111111111111,0.0640666666666665,,0.9531086567779388,0.0093459355668427,0.0093459355668427,0.5618,0.648998994945973,0.5589988988745926,0.5231172626130284,1.240103244781494,0.0535697937011718,0.0205999999999999,1.240103244781494,0.5618
cifar,noniid,4,107,4,2,0.4962739944458008,0.0168539881706237,0.1246095105866018,-0.0203798284325878,0.9919528378014884,0.0267136644848918,0.770111111111111,0.0528222222222221,,0.9531086567779388,0.0117706656202359,0.0117706656202359,0.5618,0.648998994945973,0.5589988988745926,0.5231172626130284,1.240103244781494,-0.0382614135742187,-0.0038,1.240103244781494,0.5618
cifar,noniid,4,107,4,3,0.4962739944458008,-0.0598019957542419,0.1246095105866018,-0.0423908898939748,0.9919528378014884,0.0027458979646731,0.770111111111111,0.0285333333333333,,0.9531086567779388,-0.0061484671435524,0.0061484671435524,0.5618,0.648998994945973,0.5589988988745926,0.5231172626130284,1.240103244781494,0.1994354724884033,0.0695999999999999,1.240103244781494,0.5618
cifar,noniid,4,107,5,0,0.5128480195999146,-0.0007380247116088,0.0896193771626297,0.006928417106568,0.988971577154129,0.0053012642338384,0.7480222222222219,0.0473555555555553,,0.9623763891401588,0.002099235792685,0.002099235792685,0.5706,0.6642732068327521,0.5672516309484983,0.5312017651185752,1.2537449598312378,0.076751708984375,0.0128,1.2537449598312378,0.5706
cifar,noniid,4,107,5,1,0.5128480195999146,0.0024499893188476,0.0896193771626297,-0.0043763340596718,0.988971577154129,0.0275262261274993,0.7480222222222219,0.0087111111111106,,0.9623763891401588,0.0136551082984218,0.0136551082984218,0.5706,0.6642732068327521,0.5672516309484983,0.5312017651185752,1.2537449598312378,0.0452128648757934,0.0288,1.2537449598312378,0.5706
cifar,noniid,4,107,5,2,0.5128480195999146,0.0018080472946166,0.0896193771626297,-0.0211445117262591,0.988971577154129,0.0118746077288622,0.7480222222222219,-0.036377777777778,,0.9623763891401588,0.0014312591748832,0.0014312591748832,0.5706,0.6642732068327521,0.5672516309484983,0.5312017651185752,1.2537449598312378,-0.0909481048583984,-0.0071999999999999,1.2537449598312378,0.5706
cifar,noniid,4,107,5,3,0.5128480195999146,-0.0769559741020202,0.0896193771626297,-0.0386581540999761,0.988971577154129,0.0128777010669774,0.7480222222222219,0.0651777777777773,,0.9623763891401588,0.0077447159751489,0.0077447159751489,0.5706,0.6642732068327521,0.5672516309484983,0.5312017651185752,1.2537449598312378,0.1921099424362182,0.0731999999999999,1.2537449598312378,0.5706
cifar,noniid,4,107,6,0,0.5497080087661743,-0.004390001296997,0.0752228163992869,0.0048764960529666,0.986959786604501,-0.0009470546041423,0.7199555555555555,0.0552444444444444,,0.9486650683351692,-0.012831750554515,0.012831750554515,0.5602,0.6557693714618844,0.5567001858233064,0.5288594399874406,1.2627111673355105,0.0753978490829467,0.01,1.2627111673355105,0.5602
cifar,noniid,4,107,6,1,0.5497080087661743,0.0238280296325683,0.0752228163992869,-0.0105018476036189,0.986959786604501,0.0217038016677126,0.7199555555555555,0.0179333333333333,,0.9486650683351692,-0.001653195864074,0.001653195864074,0.5602,0.6557693714618844,0.5567001858233064,0.5288594399874406,1.2627111673355105,0.0311585664749145,0.011,1.2627111673355105,0.5602
cifar,noniid,4,107,6,2,0.5497080087661743,0.025670051574707,0.0752228163992869,-0.0182088660734913,0.986959786604501,0.0129673630413341,0.7199555555555555,0.0195333333333331,,0.9486650683351692,-0.0083766254784202,0.0083766254784202,0.5602,0.6557693714618844,0.5567001858233064,0.5288594399874406,1.2627111673355105,-0.1049959659576416,-0.0157999999999999,1.2627111673355105,0.5602
cifar,noniid,4,107,6,3,0.5497080087661743,-0.0830119848251342,0.0752228163992869,-0.0393146285346337,0.986959786604501,0.0275038106339101,0.7199555555555555,0.0002222222222223,,0.9486650683351692,-0.011572343143526,0.011572343143526,0.5602,0.6557693714618844,0.5567001858233064,0.5288594399874406,1.2627111673355105,0.2931478023529053,0.0814,1.2627111673355105,0.5602
cifar,noniid,4,107,7,0,0.5320940017700195,-0.0178439617156982,0.0585215605749486,0.0048561800067269,0.9978481126154398,0.0031998117098538,0.6168777777777776,-0.0606111111111111,,0.959082482634136,-0.0028130287864468,0.0028130287864468,0.5698,0.6321005606022256,0.5673287861974509,0.540635818803005,1.2134391069412231,0.0593109130859375,0.008,1.2134391069412231,0.5698
cifar,noniid,4,107,7,1,0.5320940017700195,0.0438860058784484,0.0585215605749486,-0.0046988376087747,0.9978481126154398,0.0463888639827849,0.6168777777777776,-0.060788888888889,,0.959082482634136,0.0453453996154551,0.0453453996154551,0.5698,0.6321005606022256,0.5673287861974509,0.540635818803005,1.2134391069412231,0.066615343093872,0.0121999999999999,1.2134391069412231,0.5698
cifar,noniid,4,107,7,2,0.5320940017700195,0.0358219742774963,0.0585215605749486,-0.0104324700712871,0.9978481126154398,0.0150968349323051,0.6168777777777776,-0.0195444444444445,,0.959082482634136,0.0017696530706431,0.0017696530706431,0.5698,0.6321005606022256,0.5673287861974509,0.540635818803005,1.2134391069412231,-0.0880186557769775,-0.032,1.2134391069412231,0.5698
cifar,noniid,4,107,7,3,0.5320940017700195,-0.0698260068893432,0.0585215605749486,-0.0156097135563254,0.9978481126154398,0.0196471801309064,0.6168777777777776,0.0189555555555556,,0.959082482634136,-0.0025306623900673,0.0025306623900673,0.5698,0.6321005606022256,0.5673287861974509,0.540635818803005,1.2134391069412231,0.3310030698776245,0.0737999999999999,1.2134391069412231,0.5698
cifar,noniid,4,107,8,0,0.5333520174026489,-0.0212119817733764,0.0441726129799524,0.0022169957816167,0.984544517170268,-0.0029588451537703,0.6837111111111112,0.0369333333333334,,0.9535878834713284,-0.0083002389965444,0.0083002389965444,0.5814,0.6506506217945425,0.5784513358669805,0.5502483643288085,1.2206984758377075,0.0463956594467163,0.0018,1.2206984758377075,0.5814
cifar,noniid,4,107,8,1,0.5333520174026489,0.0347819924354553,0.0441726129799524,-0.0107574450207299,0.984544517170268,0.0293026539944408,0.6837111111111112,0.0808333333333333,,0.9535878834713284,0.0175655316307783,0.0175655316307783,0.5814,0.6506506217945425,0.5784513358669805,0.5502483643288085,1.2206984758377075,0.17896568775177,0.0472,1.2206984758377075,0.5814
cifar,noniid,4,107,8,2,0.5333520174026489,0.0366800427436828,0.0441726129799524,-0.0107977622669205,0.984544517170268,0.0044214561104635,0.6837111111111112,0.0074333333333334,,0.9535878834713284,0.0072805435763209,0.0072805435763209,0.5814,0.6506506217945425,0.5784513358669805,0.5502483643288085,1.2206984758377075,-0.1284172534942627,-0.0362,1.2206984758377075,0.5814
cifar,noniid,4,107,8,3,0.5333520174026489,-0.059283971786499,0.0441726129799524,-0.0118424246140325,0.984544517170268,0.0168060163184793,0.6837111111111112,-0.0362666666666664,,0.9535878834713284,0.0088476340111554,0.0088476340111554,0.5814,0.6506506217945425,0.5784513358669805,0.5502483643288085,1.2206984758377075,0.3417173624038696,0.0872,1.2206984758377075,0.5814
cifar,noniid,4,107,9,0,0.5621839761734009,-0.0068000555038452,0.0407813570938999,0.0015996649995864,0.979977360351475,-0.0013505334887473,0.6482888888888889,-0.0560444444444443,,0.9627318458321033,0.0059419301658196,0.0059419301658196,0.61,0.6580373260115746,0.6080821231517508,0.585735695477093,1.128040432929993,0.0368263721466064,0.0033999999999999,1.128040432929993,0.61
cifar,noniid,4,107,9,1,0.5621839761734009,0.038807988166809,0.0407813570938999,-0.0065275218913588,0.979977360351475,0.0209024477718999,0.6482888888888889,-0.1320888888888889,,0.9627318458321033,0.0274389243006207,0.0274389243006207,0.61,0.6580373260115746,0.6080821231517508,0.585735695477093,1.128040432929993,0.1604324579238891,0.0395999999999999,1.128040432929993,0.61
cifar,noniid,4,107,9,2,0.5621839761734009,0.0171300172805786,0.0407813570938999,-0.0057539689930565,0.979977360351475,0.0182910427687618,0.6482888888888889,0.0134222222222222,,0.9627318458321033,0.005553074329765,0.005553074329765,0.61,0.6580373260115746,0.6080821231517508,0.585735695477093,1.128040432929993,-0.0432991981506347,-0.016,1.128040432929993,0.61
cifar,noniid,4,107,9,3,0.5621839761734009,-0.0626060366630554,0.0407813570938999,-0.0231697630690328,0.979977360351475,0.0156460145252399,0.6482888888888889,-0.0432222222222222,,0.9627318458321033,0.01867088708463,0.01867088708463,0.61,0.6580373260115746,0.6080821231517508,0.585735695477093,1.128040432929993,0.4636512994766235,0.1141999999999999,1.128040432929993,0.61
cifar,noniid,4,107,10,0,0.5120519995689392,-0.0221740007400512,0.0314614343707713,-0.0002845973752604,0.9798316596431452,0.0006388415672913,0.624511111111111,0.0248444444444446,,0.9536017218192264,-0.0006334097343405,0.0006334097343405,0.606,0.6587728777832562,0.6029257362203195,0.5738877529496463,1.1765336990356443,0.0326935052871704,0.0013999999999999,1.1765336990356443,0.606
cifar,noniid,4,107,10,1,0.5120519995689392,0.0535740256309509,0.0314614343707713,-0.0149635063272971,0.9798316596431452,0.0118353806150811,0.624511111111111,-0.0389888888888889,,0.9536017218192264,0.002356096411534,0.002356096411534,0.606,0.6587728777832562,0.6029257362203195,0.5738877529496463,1.1765336990356443,0.2319486141204834,0.0495999999999999,1.1765336990356443,0.606
cifar,noniid,4,107,10,2,0.5120519995689392,0.0156919956207275,0.0314614343707713,3.7539117088827845e-05,0.9798316596431452,0.0052508293732628,0.624511111111111,0.0202555555555554,,0.9536017218192264,0.0076361342465737,0.0076361342465737,0.606,0.6587728777832562,0.6029257362203195,0.5738877529496463,1.1765336990356443,-0.1281678676605224,-0.031,1.1765336990356443,0.606
cifar,noniid,4,107,10,3,0.5120519995689392,-0.0943599939346313,0.0314614343707713,-0.0216431407926273,0.9798316596431452,0.0007789384022236,0.624511111111111,-0.0693222222222222,,0.9536017218192264,-0.002980891619027,0.002980891619027,0.606,0.6587728777832562,0.6029257362203195,0.5738877529496463,1.1765336990356443,0.6021803617477417,0.1194,1.1765336990356443,0.606
cifar,noniid,20,123,1,0,0.9716519713401794,0.0429819822311401,0.9403254972875226,0.1881591194712314,1.0,0.0,0.9393111111111112,0.0761111111111112,,0.9969118385247184,0.0034452827984677,0.0034452827984677,0.1106,0.021162477425467,0.1022805931288499,0.0245953280055395,2.5507171154022217,-0.0332632064819335,-0.0047999999999999,2.5507171154022217,0.1106
cifar,noniid,20,123,1,1,0.9716519713401794,0.0485039949417114,0.9403254972875226,0.4977298234106507,1.0,0.0,0.9393111111111112,0.1124222222222222,,0.9969118385247184,0.0243056701183185,0.0243056701183185,0.1106,0.021162477425467,0.1022805931288499,0.0245953280055395,2.5507171154022217,-0.0475554466247558,-0.0095999999999999,2.5507171154022217,0.1106
cifar,noniid,20,123,1,2,0.9716519713401794,0.0356599688529968,0.9403254972875226,0.6791448175021917,1.0,0.0,0.9393111111111112,0.0266222222222223,,0.9969118385247184,0.0324156879671335,0.0324156879671335,0.1106,0.021162477425467,0.1022805931288499,0.0245953280055395,2.5507171154022217,-0.039111852645874,-0.0011999999999999,2.5507171154022217,0.1106
cifar,noniid,20,123,1,3,0.9716519713401794,0.0166159868240356,0.9403254972875226,0.5692317472875226,1.0,0.0,0.9393111111111112,0.0322222222222223,,0.9969118385247184,0.0064141733439034,0.0064141733439034,0.1106,0.021162477425467,0.1022805931288499,0.0245953280055395,2.5507171154022217,0.0038275718688964,0.0081999999999999,2.5507171154022217,0.1106
cifar,noniid,20,123,1,4,0.9716519713401794,0.0386379957199096,0.9403254972875226,0.7029782023486046,1.0,0.0,0.9393111111111112,0.0190000000000003,,0.9969118385247184,0.0388365577832526,0.0388365577832526,0.1106,0.021162477425467,0.1022805931288499,0.0245953280055395,2.5507171154022217,-0.0051755905151367,-0.0039999999999999,2.5507171154022217,0.1106
cifar,noniid,20,123,1,5,0.9716519713401794,0.0441599488258361,0.9403254972875226,0.6481719079719968,1.0,0.0,0.9393111111111112,0.0988777777777778,,0.9969118385247184,0.0376701542538516,0.0376701542538516,0.1106,0.021162477425467,0.1022805931288499,0.0245953280055395,2.5507171154022217,-0.0091221332550048,-0.0092,2.5507171154022217,0.1106
cifar,noniid,20,123,1,6,0.9716519713401794,-0.0029860138893127,0.9403254972875226,0.3727025464678504,1.0,0.0,0.9393111111111112,0.0749333333333333,,0.9969118385247184,0.0013257960786016,0.0013257960786016,0.1106,0.021162477425467,0.1022805931288499,0.0245953280055395,2.5507171154022217,-0.0493202209472656,0.0129999999999999,2.5507171154022217,0.1106
cifar,noniid,20,123,1,7,0.9716519713401794,0.0268599987030029,0.9403254972875226,0.1037701370063275,1.0,0.0,0.9393111111111112,-0.0079888888888886,,0.9969118385247184,0.0044777805093446,0.0044777805093446,0.1106,0.021162477425467,0.1022805931288499,0.0245953280055395,2.5507171154022217,-0.0487678050994873,-0.0031999999999999,2.5507171154022217,0.1106
cifar,noniid,20,123,1,8,0.9716519713401794,0.0247919559478759,0.9403254972875226,0.6486588306208558,1.0,0.0,0.9393111111111112,0.087177777777778,,0.9969118385247184,0.0274619840500346,0.0274619840500346,0.1106,0.021162477425467,0.1022805931288499,0.0245953280055395,2.5507171154022217,-0.0292022228240966,0.0002,2.5507171154022217,0.1106
cifar,noniid,20,123,1,9,0.9716519713401794,0.037227988243103,0.9403254972875226,0.0952550747523113,1.0,0.0,0.9393111111111112,0.0561111111111112,,0.9969118385247184,0.0030472062308465,0.0030472062308465,0.1106,0.021162477425467,0.1022805931288499,0.0245953280055395,2.5507171154022217,-0.0565450191497802,-0.003,2.5507171154022217,0.1106
cifar,noniid,20,123,1,10,0.9716519713401794,0.0076959729194641,0.9403254972875226,0.5156679630409473,1.0,0.0,0.9393111111111112,0.0333777777777777,,0.9969118385247184,0.0065222340545704,0.0065222340545704,0.1106,0.021162477425467,0.1022805931288499,0.0245953280055395,2.5507171154022217,-0.052042007446289,0.0084,2.5507171154022217,0.1106
cifar,noniid,20,123,1,11,0.9716519713401794,0.0455699563026428,0.9403254972875226,0.4237142016064594,1.0,0.0,0.9393111111111112,0.0408444444444446,,0.9969118385247184,0.0247697419796332,0.0247697419796332,0.1106,0.021162477425467,0.1022805931288499,0.0245953280055395,2.5507171154022217,-0.0369741916656494,-0.0097999999999999,2.5507171154022217,0.1106
cifar,noniid,20,123,1,12,0.9716519713401794,0.0531079769134521,0.9403254972875226,0.5186588306208559,1.0,0.0,0.9393111111111112,0.0707333333333333,,0.9969118385247184,0.0229285911921944,0.0229285911921944,0.1106,0.021162477425467,0.1022805931288499,0.0245953280055395,2.5507171154022217,-0.0034549236297607,-0.0093999999999999,2.5507171154022217,0.1106
cifar,noniid,20,123,1,13,0.9716519713401794,0.0375159382820129,0.9403254972875226,0.6734277503204515,1.0,0.0,0.9393111111111112,0.0022666666666668,,0.9969118385247184,0.037392907506857,0.037392907506857,0.1106,0.021162477425467,0.1022805931288499,0.0245953280055395,2.5507171154022217,-0.0114543437957763,-0.0047999999999999,2.5507171154022217,0.1106
cifar,noniid,20,123,1,14,0.9716519713401794,0.0479259490966796,0.9403254972875226,0.3070487570498316,1.0,0.0,0.9393111111111112,0.1242888888888891,,0.9969118385247184,0.0172303372552751,0.0172303372552751,0.1106,0.021162477425467,0.1022805931288499,0.0245953280055395,2.5507171154022217,-0.0243303775787353,-0.0071999999999999,2.5507171154022217,0.1106
cifar,noniid,20,123,1,15,0.9716519713401794,0.0503699779510498,0.9403254972875226,0.4704258317356831,1.0,0.0,0.9393111111111112,0.0630888888888889,,0.9969118385247184,0.0217507921567137,0.0217507921567137,0.1106,0.021162477425467,0.1022805931288499,0.0245953280055395,2.5507171154022217,-0.0288059711456298,-0.0089999999999999,2.5507171154022217,0.1106
cifar,noniid,20,123,1,16,0.9716519713401794,0.037835955619812,0.9403254972875226,0.1382421639541892,1.0,0.0,0.9393111111111112,0.0822444444444445,,0.9969118385247184,0.002015260043423,0.002015260043423,0.1106,0.021162477425467,0.1022805931288499,0.0245953280055395,2.5507171154022217,-0.0476930141448974,-0.0045999999999999,2.5507171154022217,0.1106
cifar,noniid,20,123,1,17,0.9716519713401794,0.0489580035209655,0.9403254972875226,0.4838037581570878,1.0,0.0,0.9393111111111112,0.0148888888888889,,0.9969118385247184,0.0241016013471807,0.0241016013471807,0.1106,0.021162477425467,0.1022805931288499,0.0245953280055395,2.5507171154022217,-0.0364680290222168,-0.0089999999999999,2.5507171154022217,0.1106
cifar,noniid,20,123,1,18,0.9716519713401794,0.0206599831581115,0.9403254972875226,0.5458481797332819,1.0,0.0,0.9393111111111112,0.0040222222222223,,0.9969118385247184,0.0070699506957316,0.0070699506957316,0.1106,0.021162477425467,0.1022805931288499,0.0245953280055395,2.5507171154022217,-0.0238029956817626,0.0092,2.5507171154022217,0.1106
cifar,noniid,20,123,1,19,0.9716519713401794,-0.0224600434303283,0.9403254972875226,0.1687737731495915,1.0,0.0,0.9393111111111112,0.1216222222222223,,0.9969118385247184,-0.0029018328715469,0.0029018328715469,0.1106,0.021162477425467,0.1022805931288499,0.0245953280055395,2.5507171154022217,-0.0561132431030273,0.0178,2.5507171154022217,0.1106
cifar,noniid,20,123,2,0,0.9832980036735536,0.0227760076522827,0.9061946902654868,0.1790760461976901,1.0,0.0,0.8410888888888888,0.0051999999999998,,0.997284928750666,0.0090146683936648,0.0090146683936648,0.1142,0.0210279685497882,0.1061912586524417,0.0288422722439859,2.70620059967041,0.005960464477539,-0.003,2.70620059967041,0.1142
cifar,noniid,20,123,2,1,0.9832980036735536,0.0557140111923217,0.9061946902654868,0.4126881967589932,1.0,0.0,0.8410888888888888,0.015011111111111,,0.997284928750666,0.0265126216027729,0.0265126216027729,0.1142,0.0210279685497882,0.1061912586524417,0.0288422722439859,2.70620059967041,-0.010054588317871,-0.011,2.70620059967041,0.1142
cifar,noniid,20,123,2,2,0.9832980036735536,0.0846419930458068,0.9061946902654868,0.695914316433711,1.0,0.0,0.8410888888888888,0.0559555555555553,,0.997284928750666,0.0367781660707012,0.0367781660707012,0.1142,0.0210279685497882,0.1061912586524417,0.0288422722439859,2.70620059967041,-0.0053217411041259,-0.0143999999999999,2.70620059967041,0.1142
cifar,noniid,20,123,2,3,0.9832980036735536,0.1451520323753357,0.9061946902654868,0.6151893992601958,1.0,0.0,0.8410888888888888,0.0095999999999998,,0.997284928750666,0.0177692173979151,0.0177692173979151,0.1142,0.0210279685497882,0.1061912586524417,0.0288422722439859,2.70620059967041,0.0476927757263183,0.0049999999999999,2.70620059967041,0.1142
cifar,noniid,20,123,2,4,0.9832980036735536,0.0775319933891296,0.9061946902654868,0.6677209223799541,1.0,0.0,0.8410888888888888,-0.0345555555555554,,0.997284928750666,0.0431093772290336,0.0431093772290336,0.1142,0.0210279685497882,0.1061912586524417,0.0288422722439859,2.70620059967041,0.042769432067871,-0.0133999999999999,2.70620059967041,0.1142
cifar,noniid,20,123,2,5,0.9832980036735536,0.0688300132751464,0.9061946902654868,0.6561946902654867,1.0,0.0,0.8410888888888888,-0.0168666666666668,,0.997284928750666,0.0346271127895654,0.0346271127895654,0.1142,0.0210279685497882,0.1061912586524417,0.0288422722439859,2.70620059967041,0.0542466640472412,-0.0105999999999999,2.70620059967041,0.1142
cifar,noniid,20,123,2,6,0.9832980036735536,0.1284120082855224,0.9061946902654868,0.6202357861558977,1.0,0.0,0.8410888888888888,-0.0270888888888889,,0.997284928750666,0.0192577172868509,0.0192577172868509,0.1142,0.0210279685497882,0.1061912586524417,0.0288422722439859,2.70620059967041,-0.0045204162597656,0.0025999999999999,2.70620059967041,0.1142
cifar,noniid,20,123,2,7,0.9832980036735536,0.0136319994926452,0.9061946902654868,0.1384303921718992,1.0,0.0,0.8410888888888888,-0.0263777777777778,,0.997284928750666,0.0012767280027481,0.0012767280027481,0.1142,0.0210279685497882,0.1061912586524417,0.0288422722439859,2.70620059967041,-0.012031078338623,-0.002,2.70620059967041,0.1142
cifar,noniid,20,123,2,8,0.9832980036735536,0.1160759925842285,0.9061946902654868,0.7189946902654867,1.0,0.0,0.8410888888888888,-0.0092444444444446,,0.997284928750666,0.0476947585707546,0.0476947585707546,0.1142,0.0210279685497882,0.1061912586524417,0.0288422722439859,2.70620059967041,0.032740831375122,-0.0126,2.70620059967041,0.1142
cifar,noniid,20,123,2,9,0.9832980036735536,-0.0018439888954162,0.9061946902654868,0.0053097345132743,1.0,0.0,0.8410888888888888,-0.0249333333333334,,0.997284928750666,0.0002402484139698,0.0002402484139698,0.1142,0.0210279685497882,0.1061912586524417,0.0288422722439859,2.70620059967041,-0.0063657760620117,0.0005999999999999,2.70620059967041,0.1142
cifar,noniid,20,123,2,10,0.9832980036735536,0.1222919821739196,0.9061946902654868,0.7145409035576042,1.0,0.0,0.8410888888888888,-0.0222444444444445,,0.997284928750666,0.030095038093017,0.030095038093017,0.1142,0.0210279685497882,0.1061912586524417,0.0288422722439859,2.70620059967041,-0.0118336677551269,-0.0116,2.70620059967041,0.1142
cifar,noniid,20,123,2,11,0.9832980036735536,0.0665280222892761,0.9061946902654868,0.6410189714156465,1.0,0.0,0.8410888888888888,-0.0034222222222224,,0.997284928750666,0.0335082288882924,0.0335082288882924,0.1142,0.0210279685497882,0.1061912586524417,0.0288422722439859,2.70620059967041,-0.0047430992126464,-0.0122,2.70620059967041,0.1142
cifar,noniid,20,123,2,12,0.9832980036735536,0.0589039921760559,0.9061946902654868,0.5484840384371878,1.0,0.0,0.8410888888888888,0.018,,0.997284928750666,0.0356877311850657,0.0356877311850657,0.1142,0.0210279685497882,0.1061912586524417,0.0288422722439859,2.70620059967041,0.0443010330200195,-0.0123999999999999,2.70620059967041,0.1142
cifar,noniid,20,123,2,13,0.9832980036735536,0.0781319737434387,0.9061946902654868,0.6649806327574995,1.0,0.0,0.8410888888888888,-0.0236222222222224,,0.997284928750666,0.0422648424247374,0.0422648424247374,0.1142,0.0210279685497882,0.1061912586524417,0.0288422722439859,2.70620059967041,0.0458428859710693,-0.0138,2.70620059967041,0.1142
cifar,noniid,20,123,2,14,0.9832980036735536,0.0234479904174804,0.9061946902654868,0.2203838794546758,1.0,0.0,0.8410888888888888,-0.0140222222222223,,0.997284928750666,0.012336576572315,0.012336576572315,0.1142,0.0210279685497882,0.1061912586524417,0.0288422722439859,2.70620059967041,0.0167250633239746,-0.0044,2.70620059967041,0.1142
cifar,noniid,20,123,2,15,0.9832980036735536,0.0487700104713439,0.9061946902654868,0.3614792431110152,1.0,0.0,0.8410888888888888,0.0144888888888887,,0.997284928750666,0.0246801867059797,0.0246801867059797,0.1142,0.0210279685497882,0.1061912586524417,0.0288422722439859,2.70620059967041,0.0077533721923828,-0.0094,2.70620059967041,0.1142
cifar,noniid,20,123,2,16,0.9832980036735536,0.0140339732170104,0.9061946902654868,0.0968359380991088,1.0,0.0,0.8410888888888888,-0.0138888888888888,,0.997284928750666,0.0008955712748501,0.0008955712748501,0.1142,0.0210279685497882,0.1061912586524417,0.0288422722439859,2.70620059967041,-0.008817434310913,-0.0022,2.70620059967041,0.1142
cifar,noniid,20,123,2,17,0.9832980036735536,0.0632439851760864,0.9061946902654868,0.5333668861580618,1.0,0.0,0.8410888888888888,-0.0407999999999999,,0.997284928750666,0.036786818510068,0.036786818510068,0.1142,0.0210279685497882,0.1061912586524417,0.0288422722439859,2.70620059967041,-0.0046753883361816,-0.013,2.70620059967041,0.1142
cifar,noniid,20,123,2,18,0.9832980036735536,0.1467700004577636,0.9061946902654868,0.6541217217746078,1.0,0.0,0.8410888888888888,-0.0032888888888891,,0.997284928750666,0.0263172053949861,0.0263172053949861,0.1142,0.0210279685497882,0.1061912586524417,0.0288422722439859,2.70620059967041,0.0048303604125976,0.0001999999999999,2.70620059967041,0.1142
cifar,noniid,20,123,2,19,0.9832980036735536,0.0527399778366088,0.9061946902654868,0.3152855993563958,1.0,0.0,0.8410888888888888,-0.0023999999999999,,0.997284928750666,0.0033856885535219,0.0033856885535219,0.1142,0.0210279685497882,0.1061912586524417,0.0288422722439859,2.70620059967041,0.0006508827209472,0.0174,2.70620059967041,0.1142
cifar,noniid,20,123,3,0,0.8214719891548157,0.0096060037612915,0.5080527086383602,0.163691806382721,1.0,0.0,0.7630666666666666,-0.0204444444444444,,0.9602900365011596,0.007604714557669,0.007604714557669,0.1344,0.0855415725965076,0.1274878365109837,0.0534605058203418,2.693904161453247,0.0307087898254394,0.001,2.693904161453247,0.1344
cifar,noniid,20,123,3,1,0.8214719891548157,0.0790340304374694,0.5080527086383602,0.292952993538645,1.0,0.0,0.7630666666666666,0.0022888888888887,,0.9602900365011596,0.0157920399370573,0.0157920399370573,0.1344,0.0855415725965076,0.1274878365109837,0.0534605058203418,2.693904161453247,0.0151402950286865,-0.0058,2.693904161453247,0.1344
cifar,noniid,20,123,3,2,0.8214719891548157,0.1032360196113586,0.5080527086383602,0.3101054945621138,1.0,0.0,0.7630666666666666,0.0265999999999997,,0.9602900365011596,0.0033583630806689,0.0033583630806689,0.1344,0.0855415725965076,0.1274878365109837,0.0534605058203418,2.693904161453247,0.0153248310089111,-0.002,2.693904161453247,0.1344
cifar,noniid,20,123,3,3,0.8214719891548157,0.109451949596405,0.5080527086383602,0.1604591257506596,1.0,0.0,0.7630666666666666,0.0222888888888888,,0.9602900365011596,-0.025007244154996,0.025007244154996,0.1344,0.0855415725965076,0.1274878365109837,0.0534605058203418,2.693904161453247,0.0779123306274414,0.0257999999999999,2.693904161453247,0.1344
cifar,noniid,20,123,3,4,0.8214719891548157,0.0969979763031005,0.5080527086383602,0.3158023360601187,1.0,0.0,0.7630666666666666,0.0040222222222221,,0.9602900365011596,0.0038461756378396,0.0038461756378396,0.1344,0.0855415725965076,0.1274878365109837,0.0534605058203418,2.693904161453247,0.0701043605804443,-0.0,2.693904161453247,0.1344
cifar,noniid,20,123,3,5,0.8214719891548157,0.109142005443573,0.5080527086383602,0.3289482310264199,1.0,0.0,0.7630666666666666,-0.0211555555555558,,0.9602900365011596,0.0008616752676596,0.0008616752676596,0.1344,0.0855415725965076,0.1274878365109837,0.0534605058203418,2.693904161453247,0.0791704654693603,0.001,2.693904161453247,0.1344
cifar,noniid,20,123,3,6,0.8214719891548157,0.0905179977416992,0.5080527086383602,0.1040307707955813,1.0,0.0,0.7630666666666666,-0.0189555555555556,,0.9602900365011596,-0.0237455399648265,0.0237455399648265,0.1344,0.0855415725965076,0.1274878365109837,0.0534605058203418,2.693904161453247,0.0234193801879882,0.0249999999999999,2.693904161453247,0.1344
cifar,noniid,20,123,3,7,0.8214719891548157,0.04298996925354,0.5080527086383602,0.2006934012790528,1.0,0.0,0.7630666666666666,0.0090444444444444,,0.9602900365011596,0.0103211362221433,0.0103211362221433,0.1344,0.0855415725965076,0.1274878365109837,0.0534605058203418,2.693904161453247,0.0071544647216796,-0.003,2.693904161453247,0.1344
cifar,noniid,20,123,3,8,0.8214719891548157,0.1040459871292114,0.5080527086383602,0.3050224056080571,1.0,0.0,0.7630666666666666,0.0046444444444444,,0.9602900365011596,-0.0033168744073934,0.0033168744073934,0.1344,0.0855415725965076,0.1274878365109837,0.0534605058203418,2.693904161453247,0.0645742416381836,0.0031999999999999,2.693904161453247,0.1344
cifar,noniid,20,123,3,9,0.8214719891548157,-0.0447779893875122,0.5080527086383602,-0.0375447756383694,1.0,0.0,0.7630666666666666,0.0043999999999999,,0.9602900365011596,-0.0088464654712027,0.0088464654712027,0.1344,0.0855415725965076,0.1274878365109837,0.0534605058203418,2.693904161453247,0.0206258296966552,0.0063999999999999,2.693904161453247,0.1344
cifar,noniid,20,123,3,10,0.8214719891548157,0.110938012599945,0.5080527086383602,0.3086569382456109,1.0,0.0,0.7630666666666666,-0.0048666666666665,,0.9602900365011596,-0.0049994836251874,0.0049994836251874,0.1344,0.0855415725965076,0.1274878365109837,0.0534605058203418,2.693904161453247,0.0232837200164794,0.0047999999999999,2.693904161453247,0.1344
cifar,noniid,20,123,3,11,0.8214719891548157,0.0881919860839843,0.5080527086383602,0.3261021991769336,1.0,0.0,0.7630666666666666,-0.0281777777777778,,0.9602900365011596,0.008966901096759,0.008966901096759,0.1344,0.0855415725965076,0.1274878365109837,0.0534605058203418,2.693904161453247,0.0221590995788574,-0.003,2.693904161453247,0.1344
cifar,noniid,20,123,3,12,0.8214719891548157,0.0808079838752746,0.5080527086383602,0.3175765181621697,1.0,0.0,0.7630666666666666,-0.0096,,0.9602900365011596,0.0122326889073044,0.0122326889073044,0.1344,0.0855415725965076,0.1274878365109837,0.0534605058203418,2.693904161453247,0.0594615936279296,0.0003999999999999,2.693904161453247,0.1344
cifar,noniid,20,123,3,13,0.8214719891548157,0.0624099969863891,0.5080527086383602,0.3246465951012423,1.0,0.0,0.7630666666666666,0.0005333333333332,,0.9602900365011596,0.0152014241839498,0.0152014241839498,0.1344,0.0855415725965076,0.1274878365109837,0.0534605058203418,2.693904161453247,0.0732889175415039,-0.0007999999999999,2.693904161453247,0.1344
cifar,noniid,20,123,3,14,0.8214719891548157,0.0474299788475036,0.5080527086383602,0.2678780361492772,1.0,0.0,0.7630666666666666,-0.0144888888888889,,0.9602900365011596,0.0149588735529866,0.0149588735529866,0.1344,0.0855415725965076,0.1274878365109837,0.0534605058203418,2.693904161453247,0.0410926342010498,-0.0017999999999999,2.693904161453247,0.1344
cifar,noniid,20,123,3,15,0.8214719891548157,0.0556420087814331,0.5080527086383602,0.286645084004929,1.0,0.0,0.7630666666666666,-0.0025555555555556,,0.9602900365011596,0.0159031070000512,0.0159031070000512,0.1344,0.0855415725965076,0.1274878365109837,0.0534605058203418,2.693904161453247,0.0290558338165283,-0.0012,2.693904161453247,0.1344
cifar,noniid,20,123,3,16,0.8214719891548157,0.0054159760475158,0.5080527086383602,0.0728675234531749,1.0,0.0,0.7630666666666666,0.0137777777777774,,0.9602900365011596,0.0022027609438399,0.0022027609438399,0.1344,0.0855415725965076,0.1274878365109837,0.0534605058203418,2.693904161453247,0.016819953918457,0.003,2.693904161453247,0.1344
cifar,noniid,20,123,3,17,0.8214719891548157,0.0751239657402038,0.5080527086383602,0.31121362817859,1.0,0.0,0.7630666666666666,-0.0053111111111112,,0.9602900365011596,0.0125076453891248,0.0125076453891248,0.1344,0.0855415725965076,0.1274878365109837,0.0534605058203418,2.693904161453247,0.0155441761016845,-0.0034,2.693904161453247,0.1344
cifar,noniid,20,123,3,18,0.8214719891548157,0.119875967502594,0.5080527086383602,0.2077171381685615,1.0,0.0,0.7630666666666666,-0.0241555555555557,,0.9602900365011596,-0.0201869014724179,0.0201869014724179,0.1344,0.0855415725965076,0.1274878365109837,0.0534605058203418,2.693904161453247,0.0266563892364501,0.0173999999999999,2.693904161453247,0.1344
cifar,noniid,20,123,3,19,0.8214719891548157,0.0292679667472839,0.5080527086383602,-0.0025855892339802,1.0,0.0,0.7630666666666666,-0.0202666666666666,,0.9602900365011596,-0.0301374940678732,0.0301374940678732,0.1344,0.0855415725965076,0.1274878365109837,0.0534605058203418,2.693904161453247,0.0362005233764648,0.0319999999999999,2.693904161453247,0.1344
cifar,noniid,20,123,4,0,0.6293179988861084,0.052071988582611,0.1724845995893223,0.0080254384414195,1.0,0.0,0.7606888888888887,0.0597222222222222,,0.9186891378138098,-0.016515188037746,0.016515188037746,0.1938,0.16261963015622,0.1890923444107384,0.1012293860210142,2.5524184703826904,0.0386066436767578,0.0113999999999999,2.5524184703826904,0.1938
cifar,noniid,20,123,4,1,0.6293179988861084,0.1005899906158447,0.1724845995893223,-0.0005257810335149,1.0,0.0,0.7606888888888887,0.074933333333333,,0.9186891378138098,-0.0278895318334244,0.0278895318334244,0.1938,0.16261963015622,0.1890923444107384,0.1012293860210142,2.5524184703826904,0.0317912101745605,0.0189999999999999,2.5524184703826904,0.1938
cifar,noniid,20,123,4,2,0.6293179988861084,0.0668320059776306,0.1724845995893223,-0.091236953288857,1.0,0.0,0.7606888888888887,0.0173777777777777,,0.9186891378138098,-0.0387517880821356,0.0387517880821356,0.1938,0.16261963015622,0.1890923444107384,0.1012293860210142,2.5524184703826904,0.033398151397705,0.0441999999999999,2.5524184703826904,0.1938
cifar,noniid,20,123,4,3,0.6293179988861084,0.0446400046348571,0.1724845995893223,-0.2227605712873492,1.0,0.0,0.7606888888888887,0.0147111111111111,,0.9186891378138098,-0.0549138460875218,0.0549138460875218,0.1938,0.16261963015622,0.1890923444107384,0.1012293860210142,2.5524184703826904,0.0907073020935058,0.0604,2.5524184703826904,0.1938
cifar,noniid,20,123,4,4,0.6293179988861084,0.0742720365524292,0.1724845995893223,-0.0778631055567137,1.0,0.0,0.7606888888888887,0.0365333333333333,,0.9186891378138098,-0.041336653550495,0.041336653550495,0.1938,0.16261963015622,0.1890923444107384,0.1012293860210142,2.5524184703826904,0.0809311866760253,0.0488,2.5524184703826904,0.1938
cifar,noniid,20,123,4,5,0.6293179988861084,0.051766037940979,0.1724845995893223,-0.1561093972511199,1.0,0.0,0.7606888888888887,0.0369555555555554,,0.9186891378138098,-0.047963091780477,0.047963091780477,0.1938,0.16261963015622,0.1890923444107384,0.1012293860210142,2.5524184703826904,0.0894911289215087,0.0645999999999999,2.5524184703826904,0.1938
cifar,noniid,20,123,4,6,0.6293179988861084,-0.0003800392150878,0.1724845995893223,-0.2827392810076925,1.0,0.0,0.7606888888888887,0.0476888888888886,,0.9186891378138098,-0.0559777406772334,0.0559777406772334,0.1938,0.16261963015622,0.1890923444107384,0.1012293860210142,2.5524184703826904,0.0503349304199218,0.0586,2.5524184703826904,0.1938
cifar,noniid,20,123,4,7,0.6293179988861084,0.0705919861793518,0.1724845995893223,0.0253607057840126,1.0,0.0,0.7606888888888887,0.0065333333333332,,0.9186891378138098,-0.0141377873412563,0.0141377873412563,0.1938,0.16261963015622,0.1890923444107384,0.1012293860210142,2.5524184703826904,0.0250239372253417,0.0118,2.5524184703826904,0.1938
cifar,noniid,20,123,4,8,0.6293179988861084,0.0652480125427246,0.1724845995893223,-0.1060146789099561,1.0,0.0,0.7606888888888887,0.026822222222222,,0.9186891378138098,-0.0461666084529875,0.0461666084529875,0.1938,0.16261963015622,0.1890923444107384,0.1012293860210142,2.5524184703826904,0.085806131362915,0.0564,2.5524184703826904,0.1938
cifar,noniid,20,123,4,9,0.6293179988861084,5.400180816650391e-05,0.1724845995893223,0.0189664759219449,1.0,0.0,0.7606888888888887,0.0392444444444444,,0.9186891378138098,-0.006320062967821,0.006320062967821,0.1938,0.16261963015622,0.1890923444107384,0.1012293860210142,2.5524184703826904,0.0349912643432617,0.0052,2.5524184703826904,0.1938
cifar,noniid,20,123,4,10,0.6293179988861084,0.0482299923896789,0.1724845995893223,-0.112837759807111,1.0,0.0,0.7606888888888887,0.0283111111111109,,0.9186891378138098,-0.0436818428882842,0.0436818428882842,0.1938,0.16261963015622,0.1890923444107384,0.1012293860210142,2.5524184703826904,0.0431740283966064,0.0468,2.5524184703826904,0.1938
cifar,noniid,20,123,4,11,0.6293179988861084,0.070855975151062,0.1724845995893223,-0.0579841504106776,1.0,0.0,0.7606888888888887,0.0125999999999999,,0.9186891378138098,-0.0399559384492205,0.0399559384492205,0.1938,0.16261963015622,0.1890923444107384,0.1012293860210142,2.5524184703826904,0.0446131229400634,0.039,2.5524184703826904,0.1938
cifar,noniid,20,123,4,12,0.6293179988861084,0.0842759609222412,0.1724845995893223,-0.0277672895794433,1.0,0.0,0.7606888888888887,0.0171333333333332,,0.9186891378138098,-0.03423629238948,0.03423629238948,0.1938,0.16261963015622,0.1890923444107384,0.1012293860210142,2.5524184703826904,0.0634455680847168,0.0344,2.5524184703826904,0.1938
cifar,noniid,20,123,4,13,0.6293179988861084,0.0811280012130737,0.1724845995893223,-0.0240328133460009,1.0,0.0,0.7606888888888887,0.0025333333333332,,0.9186891378138098,-0.0350304245828132,0.0350304245828132,0.1938,0.16261963015622,0.1890923444107384,0.1012293860210142,2.5524184703826904,0.0850296020507812,0.0276,2.5524184703826904,0.1938
cifar,noniid,20,123,4,14,0.6293179988861084,0.0535799860954284,0.1724845995893223,-0.0025475754428526,1.0,0.0,0.7606888888888887,0.0072666666666665,,0.9186891378138098,-0.030322797463004,0.030322797463004,0.1938,0.16261963015622,0.1890923444107384,0.1012293860210142,2.5524184703826904,0.0538814067840576,0.0365999999999999,2.5524184703826904,0.1938
cifar,noniid,20,123,4,15,0.6293179988861084,0.0749039649963378,0.1724845995893223,-0.0112654004106776,1.0,0.0,0.7606888888888887,0.0187777777777777,,0.9186891378138098,-0.0331524232703209,0.0331524232703209,0.1938,0.16261963015622,0.1890923444107384,0.1012293860210142,2.5524184703826904,0.0413811206817626,0.0342,2.5524184703826904,0.1938
cifar,noniid,20,123,4,16,0.6293179988861084,0.0395560264587402,0.1724845995893223,0.0247068218115446,1.0,0.0,0.7606888888888887,0.0161333333333333,,0.9186891378138098,-0.0113129141878823,0.0113129141878823,0.1938,0.16261963015622,0.1890923444107384,0.1012293860210142,2.5524184703826904,0.0298867225646972,0.014,2.5524184703826904,0.1938
cifar,noniid,20,123,4,17,0.6293179988861084,0.0818380117416381,0.1724845995893223,-0.001224320598471,1.0,0.0,0.7606888888888887,0.052688888888889,,0.9186891378138098,-0.031009522940617,0.031009522940617,0.1938,0.16261963015622,0.1890923444107384,0.1012293860210142,2.5524184703826904,0.0329091548919677,0.0227999999999999,2.5524184703826904,0.1938
cifar,noniid,20,123,4,18,0.6293179988861084,0.0666320323944091,0.1724845995893223,-0.1673755402708174,1.0,0.0,0.7606888888888887,0.0716444444444439,,0.9186891378138098,-0.0512830657468947,0.0512830657468947,0.1938,0.16261963015622,0.1890923444107384,0.1012293860210142,2.5524184703826904,0.0471913814544677,0.0524,2.5524184703826904,0.1938
cifar,noniid,20,123,4,19,0.6293179988861084,-0.0543160438537597,0.1724845995893223,-0.3735904857349097,1.0,0.0,0.7606888888888887,0.007022222222222,,0.9186891378138098,-0.0676069130167335,0.0676069130167335,0.1938,0.16261963015622,0.1890923444107384,0.1012293860210142,2.5524184703826904,0.0649340152740478,0.0756,2.5524184703826904,0.1938
cifar,noniid,20,123,5,0,0.5903459787368774,0.0649700164794921,0.2069550466497031,0.038425381989342,1.0,0.0,0.7386888888888887,0.0336999999999998,,0.9197418377105137,-0.0098885492003402,0.0098885492003402,0.235,0.2971963966318339,0.2289108084422567,0.1291144998780631,2.3287315368652344,0.0521755218505859,0.0045999999999999,2.3287315368652344,0.235
cifar,noniid,20,123,5,1,0.5903459787368774,0.1057919859886169,0.2069550466497031,0.0421198818145382,1.0,0.0,0.7386888888888887,0.0310444444444444,,0.9197418377105137,-0.0131285029925061,0.0131285029925061,0.235,0.2971963966318339,0.2289108084422567,0.1291144998780631,2.3287315368652344,0.049344778060913,-0.0034,2.3287315368652344,0.235
cifar,noniid,20,123,5,2,0.5903459787368774,0.1070919632911682,0.2069550466497031,0.0543831198842279,1.0,0.0,0.7386888888888887,-0.0233333333333332,,0.9197418377105137,-0.020419786126298,0.020419786126298,0.235,0.2971963966318339,0.2289108084422567,0.1291144998780631,2.3287315368652344,0.0457038879394531,0.0037999999999999,2.3287315368652344,0.235
cifar,noniid,20,123,5,3,0.5903459787368774,0.1174280047416687,0.2069550466497031,-0.0407133471326802,1.0,0.0,0.7386888888888887,0.0042444444444444,,0.9197418377105137,-0.0350478288159209,0.0350478288159209,0.235,0.2971963966318339,0.2289108084422567,0.1291144998780631,2.3287315368652344,0.0967087745666503,0.0359999999999999,2.3287315368652344,0.235
cifar,noniid,20,123,5,4,0.5903459787368774,0.0949919819831848,0.2069550466497031,0.0371962340337476,1.0,0.0,0.7386888888888887,0.0502222222222219,,0.9197418377105137,-0.0265874590975274,0.0265874590975274,0.235,0.2971963966318339,0.2289108084422567,0.1291144998780631,2.3287315368652344,0.0854318141937255,0.0171999999999999,2.3287315368652344,0.235
cifar,noniid,20,123,5,5,0.5903459787368774,0.0991519689559936,0.2069550466497031,0.0210510629929104,1.0,0.0,0.7386888888888887,0.017811111111111,,0.9197418377105137,-0.0329613472350656,0.0329613472350656,0.235,0.2971963966318339,0.2289108084422567,0.1291144998780631,2.3287315368652344,0.0947120189666748,0.0355999999999999,2.3287315368652344,0.235
cifar,noniid,20,123,5,6,0.5903459787368774,0.1108179688453674,0.2069550466497031,-0.0386245211302575,1.0,0.0,0.7386888888888887,-0.0114888888888891,,0.9197418377105137,-0.0328680850623384,0.0328680850623384,0.235,0.2971963966318339,0.2289108084422567,0.1291144998780631,2.3287315368652344,0.0674605369567871,0.0283999999999999,2.3287315368652344,0.235
cifar,noniid,20,123,5,7,0.5903459787368774,0.0614799857139587,0.2069550466497031,0.0321298718245283,1.0,0.0,0.7386888888888887,0.0087333333333334,,0.9197418377105137,-0.0095236342230915,0.0095236342230915,0.235,0.2971963966318339,0.2289108084422567,0.1291144998780631,2.3287315368652344,0.0424368381500244,0.0073999999999999,2.3287315368652344,0.235
cifar,noniid,20,123,5,8,0.5903459787368774,0.1050080060958862,0.2069550466497031,0.0398241274296474,1.0,0.0,0.7386888888888887,0.0070666666666665,,0.9197418377105137,-0.0288533375113642,0.0288533375113642,0.235,0.2971963966318339,0.2289108084422567,0.1291144998780631,2.3287315368652344,0.0975589752197265,0.0153999999999999,2.3287315368652344,0.235
cifar,noniid,20,123,5,9,0.5903459787368774,0.0119419693946838,0.2069550466497031,0.046921879153849,1.0,0.0,0.7386888888888887,-0.0153555555555557,,0.9197418377105137,-0.0059785116408855,0.0059785116408855,0.235,0.2971963966318339,0.2289108084422567,0.1291144998780631,2.3287315368652344,0.0509498119354248,-0.004,2.3287315368652344,0.235
cifar,noniid,20,123,5,10,0.5903459787368774,0.0930419564247131,0.2069550466497031,0.0246494166228934,1.0,0.0,0.7386888888888887,0.0429555555555556,,0.9197418377105137,-0.0242180059330031,0.0242180059330031,0.235,0.2971963966318339,0.2289108084422567,0.1291144998780631,2.3287315368652344,0.0587661266326904,0.0091999999999999,2.3287315368652344,0.235
cifar,noniid,20,123,5,11,0.5903459787368774,0.0843179821968078,0.2069550466497031,0.0134365281311846,1.0,0.0,0.7386888888888887,0.0700444444444445,,0.9197418377105137,-0.0304398496858544,0.0304398496858544,0.235,0.2971963966318339,0.2289108084422567,0.1291144998780631,2.3287315368652344,0.0589828491210937,0.0187999999999999,2.3287315368652344,0.235
cifar,noniid,20,123,5,12,0.5903459787368774,0.0858279466629028,0.2069550466497031,0.0247120559954975,1.0,0.0,0.7386888888888887,-0.0032666666666669,,0.9197418377105137,-0.017862272411668,0.017862272411668,0.235,0.2971963966318339,0.2289108084422567,0.1291144998780631,2.3287315368652344,0.0594007968902587,0.0174,2.3287315368652344,0.235
cifar,noniid,20,123,5,13,0.5903459787368774,0.0836600065231323,0.2069550466497031,0.0281294238739024,1.0,0.0,0.7386888888888887,0.0295555555555553,,0.9197418377105137,-0.0238602134415192,0.0238602134415192,0.235,0.2971963966318339,0.2289108084422567,0.1291144998780631,2.3287315368652344,0.0937790870666503,0.0053999999999999,2.3287315368652344,0.235
cifar,noniid,20,123,5,14,0.5903459787368774,0.0676479935646057,0.2069550466497031,0.0726537762322802,1.0,0.0,0.7386888888888887,0.0198888888888886,,0.9197418377105137,-0.0187748467645979,0.0187748467645979,0.235,0.2971963966318339,0.2289108084422567,0.1291144998780631,2.3287315368652344,0.0644338130950927,0.0119999999999999,2.3287315368652344,0.235
cifar,noniid,20,123,5,15,0.5903459787368774,0.0942539572715759,0.2069550466497031,0.0435023377424487,1.0,0.0,0.7386888888888887,0.0280444444444445,,0.9197418377105137,-0.021782818093188,0.021782818093188,0.235,0.2971963966318339,0.2289108084422567,0.1291144998780631,2.3287315368652344,0.0526196956634521,0.0175999999999999,2.3287315368652344,0.235
cifar,noniid,20,123,5,16,0.5903459787368774,0.0568919777870178,0.2069550466497031,0.0711629259455958,1.0,0.0,0.7386888888888887,-0.010866666666667,,0.9197418377105137,-0.0005679771699412,0.0005679771699412,0.235,0.2971963966318339,0.2289108084422567,0.1291144998780631,2.3287315368652344,0.0450742244720459,-0.005,2.3287315368652344,0.235
cifar,noniid,20,123,5,17,0.5903459787368774,0.0783859491348266,0.2069550466497031,0.0434276493894291,1.0,0.0,0.7386888888888887,0.0064555555555554,,0.9197418377105137,-0.0139264706231786,0.0139264706231786,0.235,0.2971963966318339,0.2289108084422567,0.1291144998780631,2.3287315368652344,0.0490796566009521,-0.001,2.3287315368652344,0.235
cifar,noniid,20,123,5,18,0.5903459787368774,0.1290079951286316,0.2069550466497031,0.0088068985015549,1.0,0.0,0.7386888888888887,0.0160444444444445,,0.9197418377105137,-0.0317622124213684,0.0317622124213684,0.235,0.2971963966318339,0.2289108084422567,0.1291144998780631,2.3287315368652344,0.0512025356292724,0.0139999999999999,2.3287315368652344,0.235
cifar,noniid,20,123,5,19,0.5903459787368774,0.0778839588165283,0.2069550466497031,-0.0626374298393251,1.0,0.0,0.7386888888888887,-0.0150444444444446,,0.9197418377105137,-0.0459138040496526,0.0459138040496526,0.235,0.2971963966318339,0.2289108084422567,0.1291144998780631,2.3287315368652344,0.0828695297241211,0.0385999999999999,2.3287315368652344,0.235
cifar,noniid,20,123,6,0,0.4973499774932861,0.0119339823722839,0.2,0.0390137781000725,0.9970174691095016,-0.0006391137622496,0.6630888888888888,0.0430444444444444,,0.9236575149025196,0.0029446837918689,0.0029446837918689,0.277,0.5628214603140991,0.2693850606414133,0.1910133536176219,2.0455892086029053,0.0565807819366455,-0.001,2.0455892086029053,0.277
cifar,noniid,20,123,6,1,0.4973499774932861,0.0568499565124511,0.2,0.0717059639389736,0.9970174691095016,-0.0010651896037494,0.6630888888888888,-0.023711111111111,,0.9236575149025196,-0.0033757176115505,0.0033757176115505,0.277,0.5628214603140991,0.2693850606414133,0.1910133536176219,2.0455892086029053,0.0576686859130859,-0.0119999999999999,2.0455892086029053,0.277
cifar,noniid,20,123,6,2,0.4973499774932861,0.0680499672889709,0.2,0.093908281998631,0.9970174691095016,-0.0008521516829995,0.6630888888888888,-0.0179111111111112,,0.9236575149025196,0.0025407198414821,0.0025407198414821,0.277,0.5628214603140991,0.2693850606414133,0.1910133536176219,2.0455892086029053,0.0461680889129638,-0.0181999999999999,2.0455892086029053,0.277
cifar,noniid,20,123,6,3,0.4973499774932861,0.0847059488296508,0.2,0.0516032811334824,0.9970174691095016,-0.0006391137622496,0.6630888888888888,-0.0521555555555555,,0.9236575149025196,-0.0076829049752263,0.0076829049752263,0.277,0.5628214603140991,0.2693850606414133,0.1910133536176219,2.0455892086029053,0.0900170803070068,0.0095999999999999,2.0455892086029053,0.277
cifar,noniid,20,123,6,4,0.4973499774932861,0.0524599552154541,0.2,0.0770014556040757,0.9970174691095016,-0.0006391137622496,0.6630888888888888,0.0024222222222223,,0.9236575149025196,-0.0062115002700822,0.0062115002700822,0.277,0.5628214603140991,0.2693850606414133,0.1910133536176219,2.0455892086029053,0.0818614959716796,-0.0,2.0455892086029053,0.277
cifar,noniid,20,123,6,5,0.4973499774932861,0.0669959783554077,0.2,0.0839615668883961,0.9970174691095016,-0.0006391137622496,0.6630888888888888,-0.0154222222222222,,0.9236575149025196,-0.0016809501103531,0.0016809501103531,0.277,0.5628214603140991,0.2693850606414133,0.1910133536176219,2.0455892086029053,0.0842151641845703,0.001,2.0455892086029053,0.277
cifar,noniid,20,123,6,6,0.4973499774932861,0.0995059609413147,0.2,0.0623188405797101,0.9970174691095016,-0.0004260758414997,0.6630888888888888,-0.0175777777777776,,0.9236575149025196,-0.0105219869887503,0.0105219869887503,0.277,0.5628214603140991,0.2693850606414133,0.1910133536176219,2.0455892086029053,0.0673372745513916,-0.0035999999999999,2.0455892086029053,0.277
cifar,noniid,20,123,6,7,0.4973499774932861,0.0018859505653381,0.2,0.037410071942446,0.9970174691095016,-0.0006391137622496,0.6630888888888888,-0.0119777777777778,,0.9236575149025196,0.001401388478749,0.001401388478749,0.277,0.5628214603140991,0.2693850606414133,0.1910133536176219,2.0455892086029053,0.0561099052429199,-0.0015999999999999,2.0455892086029053,0.277
cifar,noniid,20,123,6,8,0.4973499774932861,0.0445999503135681,0.2,0.0803792851932895,0.9970174691095016,-0.0008521516829995,0.6630888888888888,-0.0455777777777779,,0.9236575149025196,-0.0054309639993946,0.0054309639993946,0.277,0.5628214603140991,0.2693850606414133,0.1910133536176219,2.0455892086029053,0.0915224552154541,-0.0031999999999999,2.0455892086029053,0.277
cifar,noniid,20,123,6,9,0.4973499774932861,-0.0123000144958496,0.2,0.0467966573816156,0.9970174691095016,-0.0008521516829995,0.6630888888888888,-0.0239111111111109,,0.9236575149025196,0.0014996385275092,0.0014996385275092,0.277,0.5628214603140991,0.2693850606414133,0.1910133536176219,2.0455892086029053,0.0534901618957519,-0.0095999999999999,2.0455892086029053,0.277
cifar,noniid,20,123,6,10,0.4973499774932861,0.0505479574203491,0.2,0.0782849239280774,0.9970174691095016,-0.0006391137622496,0.6630888888888888,-0.0091555555555555,,0.9236575149025196,-0.0067077953914522,0.0067077953914522,0.277,0.5628214603140991,0.2693850606414133,0.1910133536176219,2.0455892086029053,0.0596396923065185,-0.0146,2.0455892086029053,0.277
cifar,noniid,20,123,6,11,0.4973499774932861,0.0503619909286499,0.2,0.0583877995642701,0.9970174691095016,0.0,0.6630888888888888,-0.0134888888888891,,0.9236575149025196,-0.0037627219621743,0.0037627219621743,0.277,0.5628214603140991,0.2693850606414133,0.1910133536176219,2.0455892086029053,0.059349775314331,0.0002,2.0455892086029053,0.277
cifar,noniid,20,123,6,12,0.4973499774932861,0.0409500002861022,0.2,0.0561946902654867,0.9970174691095016,0.0004260758414997,0.6630888888888888,-0.0494222222222222,,0.9236575149025196,0.0017367373188572,0.0017367373188572,0.277,0.5628214603140991,0.2693850606414133,0.1910133536176219,2.0455892086029053,0.0458691120147705,0.0046,2.0455892086029053,0.277
cifar,noniid,20,123,6,13,0.4973499774932861,0.0479599833488464,0.2,0.0700646087580761,0.9970174691095016,-0.0012782275244993,0.6630888888888888,-0.0025555555555554,,0.9236575149025196,-0.0036467373552413,0.0036467373552413,0.277,0.5628214603140991,0.2693850606414133,0.1910133536176219,2.0455892086029053,0.0938529968261718,-0.0023999999999999,2.0455892086029053,0.277
cifar,noniid,20,123,6,14,0.4973499774932861,0.0214039683341979,0.2,0.0833570412517781,0.9970174691095016,-0.0002130379207498,0.6630888888888888,-0.0203111111111111,,0.9236575149025196,0.0011007398444951,0.0011007398444951,0.277,0.5628214603140991,0.2693850606414133,0.1910133536176219,2.0455892086029053,0.0603017807006835,-0.0045999999999999,2.0455892086029053,0.277
cifar,noniid,20,123,6,15,0.4973499774932861,0.0550479888916015,0.2,0.0695965417867435,0.9970174691095016,-0.0002130379207498,0.6630888888888888,-0.066688888888889,,0.9236575149025196,0.0006260145450686,0.0006260145450686,0.277,0.5628214603140991,0.2693850606414133,0.1910133536176219,2.0455892086029053,0.0493898391723632,-0.0013999999999999,2.0455892086029053,0.277
cifar,noniid,20,123,6,16,0.4973499774932861,0.0215039849281311,0.2,0.075,0.9970174691095016,0.0,0.6630888888888888,-0.0301111111111112,,0.9236575149025196,0.0060991402694233,0.0060991402694233,0.277,0.5628214603140991,0.2693850606414133,0.1910133536176219,2.0455892086029053,0.0485703945159912,-0.0149999999999999,2.0455892086029053,0.277
cifar,noniid,20,123,6,17,0.4973499774932861,0.0282659530639648,0.2,0.0640504555010511,0.9970174691095016,-0.0006391137622496,0.6630888888888888,0.0252666666666665,,0.9236575149025196,0.0004982995927973,0.0004982995927973,0.277,0.5628214603140991,0.2693850606414133,0.1910133536176219,2.0455892086029053,0.0534720420837402,-0.0079999999999999,2.0455892086029053,0.277
cifar,noniid,20,123,6,18,0.4973499774932861,0.0680279731750488,0.2,0.0775654635527247,0.9970174691095016,-0.0006391137622496,0.6630888888888888,-0.0201777777777776,,0.9236575149025196,-0.0083417929894689,0.0083417929894689,0.277,0.5628214603140991,0.2693850606414133,0.1910133536176219,2.0455892086029053,0.0446057319641113,-0.0059999999999999,2.0455892086029053,0.277
cifar,noniid,20,123,6,19,0.4973499774932861,0.0945839881896972,0.2,0.0823953823953824,0.9970174691095016,-0.0008521516829995,0.6630888888888888,-0.0308444444444444,,0.9236575149025196,-0.0081324153465901,0.0081324153465901,0.277,0.5628214603140991,0.2693850606414133,0.1910133536176219,2.0455892086029053,0.0830907821655273,-0.0021999999999999,2.0455892086029053,0.277
cifar,noniid,20,123,7,0,0.3712260127067566,-0.0083339810371398,0.1336327905670971,0.0102747094705808,0.9924072171120968,-0.0031955688112484,0.7453333333333334,0.0134888888888888,,0.918006931617039,-0.0064650757871382,0.0064650757871382,0.3524,0.5759595571006054,0.3454117739578148,0.3075077676984039,1.7651715278625488,0.0430419445037841,0.0035999999999999,1.7651715278625488,0.3524
cifar,noniid,20,123,7,1,0.3712260127067566,0.0155820250511169,0.1336327905670971,0.0308703596278706,0.9924072171120968,-0.0057520238602472,0.7453333333333334,0.0119333333333333,,0.918006931617039,-0.0018752200247081,0.0018752200247081,0.3524,0.5759595571006054,0.3454117739578148,0.3075077676984039,1.7651715278625488,0.0455019474029541,-0.0054,1.7651715278625488,0.3524
cifar,noniid,20,123,7,2,0.3712260127067566,0.0084180235862731,0.1336327905670971,0.0604099150994328,0.9924072171120968,-0.0053259480187474,0.7453333333333334,-0.0521555555555555,,0.918006931617039,-0.0041023067948884,0.0041023067948884,0.3524,0.5759595571006054,0.3454117739578148,0.3075077676984039,1.7651715278625488,0.0325652360916137,-0.0154,1.7651715278625488,0.3524
cifar,noniid,20,123,7,3,0.3712260127067566,0.0163620114326477,0.1336327905670971,0.0171169534630247,0.9924072171120968,-0.0034086067319983,0.7453333333333334,-0.0322444444444443,,0.918006931617039,-0.0079477821821544,0.0079477821821544,0.3524,0.5759595571006054,0.3454117739578148,0.3075077676984039,1.7651715278625488,0.066424012184143,0.0071999999999999,1.7651715278625488,0.3524
cifar,noniid,20,123,7,4,0.3712260127067566,0.0131680369377136,0.1336327905670971,0.03685859701871,0.9924072171120968,-0.0038346825734981,0.7453333333333334,-0.0136444444444445,,0.918006931617039,-0.0070105228992827,0.0070105228992827,0.3524,0.5759595571006054,0.3454117739578148,0.3075077676984039,1.7651715278625488,0.0671565532684326,0.0041999999999999,1.7651715278625488,0.3524
cifar,noniid,20,123,7,5,0.3712260127067566,0.0104539990425109,0.1336327905670971,0.043846034113674,0.9924072171120968,-0.0010651896037494,0.7453333333333334,-0.035511111111111,,0.918006931617039,-0.0069077215381619,0.0069077215381619,0.3524,0.5759595571006054,0.3454117739578148,0.3075077676984039,1.7651715278625488,0.0582854747772216,0.0027999999999999,1.7651715278625488,0.3524
cifar,noniid,20,123,7,6,0.3712260127067566,0.0337820053100585,0.1336327905670971,0.0331961093443897,0.9924072171120968,0.0,0.7453333333333334,0.0005444444444444,,0.918006931617039,-0.0017808392820635,0.0017808392820635,0.3524,0.5759595571006054,0.3454117739578148,0.3075077676984039,1.7651715278625488,0.0504487752914428,-0.0035999999999999,1.7651715278625488,0.3524
cifar,noniid,20,123,7,7,0.3712260127067566,-0.0117740035057067,0.1336327905670971,0.0043967193436623,0.9924072171120968,-0.0031955688112484,0.7453333333333334,-0.021711111111111,,0.918006931617039,-0.0072575457954915,0.0072575457954915,0.3524,0.5759595571006054,0.3454117739578148,0.3075077676984039,1.7651715278625488,0.0487875938415527,0.0065999999999999,1.7651715278625488,0.3524
cifar,noniid,20,123,7,8,0.3712260127067566,-0.0037760138511657,0.1336327905670971,0.0465287181689071,0.9924072171120968,-0.0038346825734981,0.7453333333333334,-0.0014222222222222,,0.918006931617039,-0.0108784042149032,0.0108784042149032,0.3524,0.5759595571006054,0.3454117739578148,0.3075077676984039,1.7651715278625488,0.0706511735916137,0.0044,1.7651715278625488,0.3524
cifar,noniid,20,123,7,9,0.3712260127067566,-0.00900399684906,0.1336327905670971,0.0135651468241433,0.9924072171120968,-0.0027694929697485,0.7453333333333334,0.0226888888888889,,0.918006931617039,-0.0057172972014374,0.0057172972014374,0.3524,0.5759595571006054,0.3454117739578148,0.3075077676984039,1.7651715278625488,0.0361950397491455,0.0005999999999999,1.7651715278625488,0.3524
cifar,noniid,20,123,7,10,0.3712260127067566,0.0128980278968811,0.1336327905670971,0.0334149256433498,0.9924072171120968,-0.0034086067319983,0.7453333333333334,-0.0575777777777779,,0.918006931617039,-0.000883524889919,0.000883524889919,0.3524,0.5759595571006054,0.3454117739578148,0.3075077676984039,1.7651715278625488,0.0341960191726684,-0.0146,1.7651715278625488,0.3524
cifar,noniid,20,123,7,11,0.3712260127067566,0.0042700171470642,0.1336327905670971,0.0246726135759467,0.9924072171120968,0.0025564550489987,0.7453333333333334,-0.0109999999999998,,0.918006931617039,0.0003978310405721,0.0003978310405721,0.3524,0.5759595571006054,0.3454117739578148,0.3075077676984039,1.7651715278625488,0.0408581495285034,-0.002,1.7651715278625488,0.3524
cifar,noniid,20,123,7,12,0.3712260127067566,0.0003620386123657,0.1336327905670971,0.0204880318316562,0.9924072171120968,0.0040477204942479,0.7453333333333334,-0.0366444444444442,,0.918006931617039,-0.0050976040832645,0.0050976040832645,0.3524,0.5759595571006054,0.3454117739578148,0.3075077676984039,1.7651715278625488,0.0213280916213989,0.0005999999999999,1.7651715278625488,0.3524
cifar,noniid,20,123,7,13,0.3712260127067566,0.0056120157241821,0.1336327905670971,0.0311992874544768,0.9924072171120968,-0.0055389859394973,0.7453333333333334,-0.0141555555555554,,0.918006931617039,-0.0039190873708905,0.0039190873708905,0.3524,0.5759595571006054,0.3454117739578148,0.3075077676984039,1.7651715278625488,0.0709103345870971,0.0015999999999999,1.7651715278625488,0.3524
cifar,noniid,20,123,7,14,0.3712260127067566,-0.0111519694328308,0.1336327905670971,0.0413079852278313,0.9924072171120968,0.0006391137622496,0.7453333333333334,-0.0105333333333332,,0.918006931617039,-0.0087264473664219,0.0087264473664219,0.3524,0.5759595571006054,0.3454117739578148,0.3075077676984039,1.7651715278625488,0.0450342893600463,-0.0015999999999999,1.7651715278625488,0.3524
cifar,noniid,20,123,7,15,0.3712260127067566,0.020247995853424,0.1336327905670971,0.0287805875553849,0.9924072171120968,0.0010651896037494,0.7453333333333334,0.0210666666666665,,0.918006931617039,-0.0057373261067299,0.0057373261067299,0.3524,0.5759595571006054,0.3454117739578148,0.3075077676984039,1.7651715278625488,0.0358263254165649,-0.0034,1.7651715278625488,0.3524
cifar,noniid,20,123,7,16,0.3712260127067566,-0.0022059679031372,0.1336327905670971,0.0392098198326962,0.9924072171120968,-0.0010651896037494,0.7453333333333334,0.0291555555555558,,0.918006931617039,-0.0028386062460729,0.0028386062460729,0.3524,0.5759595571006054,0.3454117739578148,0.3075077676984039,1.7651715278625488,0.0352863073348999,-0.0084,1.7651715278625488,0.3524
cifar,noniid,20,123,7,17,0.3712260127067566,0.0018160343170166,0.1336327905670971,0.0251056587841514,0.9924072171120968,-0.0038346825734981,0.7453333333333334,-0.0092333333333334,,0.918006931617039,-0.0025003076397556,0.0025003076397556,0.3524,0.5759595571006054,0.3454117739578148,0.3075077676984039,1.7651715278625488,0.0424432754516601,-0.003,1.7651715278625488,0.3524
cifar,noniid,20,123,7,18,0.3712260127067566,0.0032979846000671,0.1336327905670971,0.0366096373146164,0.9924072171120968,-0.0034086067319983,0.7453333333333334,-0.0019555555555554,,0.918006931617039,-0.0131345562559367,0.0131345562559367,0.3524,0.5759595571006054,0.3454117739578148,0.3075077676984039,1.7651715278625488,0.0235782861709594,-0.0055999999999999,1.7651715278625488,0.3524
cifar,noniid,20,123,7,19,0.3712260127067566,0.0131040215492248,0.1336327905670971,0.0601678782863953,0.9924072171120968,-0.0053259480187474,0.7453333333333334,-0.0021999999999999,,0.918006931617039,-0.0031731236833363,0.0031731236833363,0.3524,0.5759595571006054,0.3454117739578148,0.3075077676984039,1.7651715278625488,0.0588554143905639,-0.0041999999999999,1.7651715278625488,0.3524
cifar,noniid,20,123,8,0,0.3487539887428283,0.0005639791488647,0.0783325698579935,-0.005270201504593,0.9793478533296572,-0.0036216446527481,0.7023777777777778,0.0195333333333331,,0.928472671924166,0.0083828577193798,0.0083828577193798,0.4412,0.5889339548392144,0.4352389331684232,0.4138562715640585,1.525463342666626,0.0274840593338012,0.0071999999999999,1.525463342666626,0.4412
cifar,noniid,20,123,8,1,0.3487539887428283,0.0154579877853393,0.0783325698579935,0.0081332944956747,0.9793478533296572,-0.0054665808945365,0.7023777777777778,-0.011511111111111,,0.928472671924166,0.0038973561587203,0.0038973561587203,0.4412,0.5889339548392144,0.4352389331684232,0.4138562715640585,1.525463342666626,0.0286251306533813,-0.0048,1.525463342666626,0.4412
cifar,noniid,20,123,8,2,0.3487539887428283,0.0008220076560974,0.0783325698579935,0.0134032412360854,0.9793478533296572,-0.0026970879247879,0.7023777777777778,0.0327333333333335,,0.928472671924166,0.0022275948695664,0.0022275948695664,0.4412,0.5889339548392144,0.4352389331684232,0.4138562715640585,1.525463342666626,0.0110483169555664,-0.0188,1.525463342666626,0.4412
cifar,noniid,20,123,8,3,0.3487539887428283,0.0046259760856628,0.0783325698579935,-0.0003967119099622,0.9793478533296572,-0.0014912654452492,0.7023777777777778,0.0127111111111111,,0.928472671924166,0.0071392364214446,0.0071392364214446,0.4412,0.5889339548392144,0.4352389331684232,0.4138562715640585,1.525463342666626,0.0407859086990356,0.0085999999999999,1.525463342666626,0.4412
cifar,noniid,20,123,8,4,0.3487539887428283,0.0138620138168334,0.0783325698579935,0.0077989271665782,0.9793478533296572,-0.0021303792074989,0.7023777777777778,0.0173333333333332,,0.928472671924166,2.945793453945633e-05,2.945793453945633e-05,0.4412,0.5889339548392144,0.4352389331684232,0.4138562715640585,1.525463342666626,0.042975902557373,0.0081999999999999,1.525463342666626,0.4412
cifar,noniid,20,123,8,5,0.3487539887428283,0.0109480023384094,0.0783325698579935,0.0144348062797188,0.9793478533296572,-0.0013506325694601,0.7023777777777778,0.0050444444444444,,0.928472671924166,0.0054358489875846,0.0054358489875846,0.4412,0.5889339548392144,0.4352389331684232,0.4138562715640585,1.525463342666626,0.0272706747055053,0.0001999999999999,1.525463342666626,0.4412
cifar,noniid,20,123,8,6,0.3487539887428283,0.0123720169067382,0.0783325698579935,0.006775414142422,0.9793478533296572,-0.0007839238521711,0.7023777777777778,0.018333333333333,,0.928472671924166,0.0019886378932283,0.0019886378932283,0.4412,0.5889339548392144,0.4352389331684232,0.4138562715640585,1.525463342666626,0.031014084815979,-0.0054,1.525463342666626,0.4412
cifar,noniid,20,123,8,7,0.3487539887428283,0.0049700140953063,0.0783325698579935,-0.0082964320252455,0.9793478533296572,0.0008521516829995,0.7023777777777778,-0.0038888888888888,,0.928472671924166,0.0019598738956019,0.0019598738956019,0.4412,0.5889339548392144,0.4352389331684232,0.4138562715640585,1.525463342666626,0.0341615676879882,0.0095999999999999,1.525463342666626,0.4412
cifar,noniid,20,123,8,8,0.3487539887428283,-0.0010920166969299,0.0783325698579935,0.0061154585424462,0.9793478533296572,-0.0038346825734981,0.7023777777777778,0.0165777777777778,,0.928472671924166,0.0029494529750718,0.0029494529750718,0.4412,0.5889339548392144,0.4352389331684232,0.4138562715640585,1.525463342666626,0.0491169691085815,0.0057999999999999,1.525463342666626,0.4412
cifar,noniid,20,123,8,9,0.3487539887428283,-0.0034400224685668,0.0783325698579935,0.0020036284677164,0.9793478533296572,-0.0010651896037494,0.7023777777777778,-0.0174888888888886,,0.928472671924166,0.0004628160070296,0.0004628160070296,0.4412,0.5889339548392144,0.4352389331684232,0.4138562715640585,1.525463342666626,0.0201001167297363,-0.001,1.525463342666626,0.4412
cifar,noniid,20,123,8,10,0.3487539887428283,0.0100960135459899,0.0783325698579935,0.0115184105659581,0.9793478533296572,-0.0066765805882075,0.7023777777777778,0.0629555555555556,,0.928472671924166,0.0073146991859723,0.0073146991859723,0.4412,0.5889339548392144,0.4352389331684232,0.4138562715640585,1.525463342666626,0.0158530473709106,-0.013,1.525463342666626,0.4412
cifar,noniid,20,123,8,11,0.3487539887428283,0.0022239685058593,0.0783325698579935,0.0021721372306839,0.9793478533296572,-0.002560632263131,0.7023777777777778,-0.0083777777777778,,0.928472671924166,0.0035473136644126,0.0035473136644126,0.4412,0.5889339548392144,0.4352389331684232,0.4138562715640585,1.525463342666626,0.0140914916992187,-0.0078,1.525463342666626,0.4412
cifar,noniid,20,123,8,12,0.3487539887428283,7.396936416625977e-05,0.0783325698579935,-0.0023787844511719,0.9793478533296572,0.0017725311968275,0.7023777777777778,0.0081111111111111,,0.928472671924166,0.0109399741136436,0.0109399741136436,0.4412,0.5889339548392144,0.4352389331684232,0.4138562715640585,1.525463342666626,0.0074292421340942,0.0003999999999999,1.525463342666626,0.4412
cifar,noniid,20,123,8,13,0.3487539887428283,0.0024759769439697,0.0783325698579935,0.0070345808269149,0.9793478533296572,-0.0035492396077875,0.7023777777777778,-0.0178666666666666,,0.928472671924166,0.0106619363215707,0.0106619363215707,0.4412,0.5889339548392144,0.4352389331684232,0.4138562715640585,1.525463342666626,0.0534092187881469,0.007,1.525463342666626,0.4412
cifar,noniid,20,123,8,14,0.3487539887428283,-0.0034000277519226,0.0783325698579935,0.0097273903941135,0.9793478533296572,-0.0022751892974204,0.7023777777777778,0.0601333333333333,,0.928472671924166,0.0004500569235049,0.0004500569235049,0.4412,0.5889339548392144,0.4352389331684232,0.4138562715640585,1.525463342666626,0.0208861827850341,-0.0016,1.525463342666626,0.4412
cifar,noniid,20,123,8,15,0.3487539887428283,0.0149660110473632,0.0783325698579935,0.0118768736554619,0.9793478533296572,-0.0004984808864605,0.7023777777777778,-0.0348222222222223,,0.928472671924166,0.0019013937782289,0.0019013937782289,0.4412,0.5889339548392144,0.4352389331684232,0.4138562715640585,1.525463342666626,0.0208269357681274,-0.0008,1.525463342666626,0.4412
cifar,noniid,20,123,8,16,0.3487539887428283,0.0062959790229797,0.0783325698579935,0.009226878801083,0.9793478533296572,-0.0024882272181703,0.7023777777777778,-0.0407333333333332,,0.928472671924166,0.0119471516960311,0.0119471516960311,0.4412,0.5889339548392144,0.4352389331684232,0.4138562715640585,1.525463342666626,0.0237841606140136,-0.0044,1.525463342666626,0.4412
cifar,noniid,20,123,8,17,0.3487539887428283,0.0058239698410034,0.0783325698579935,0.0060055258328363,0.9793478533296572,-0.0038346825734981,0.7023777777777778,0.0326666666666666,,0.928472671924166,0.0082884414315378,0.0082884414315378,0.4412,0.5889339548392144,0.4352389331684232,0.4138562715640585,1.525463342666626,0.026289939880371,-0.0024,1.525463342666626,0.4412
cifar,noniid,20,123,8,18,0.3487539887428283,0.0008760094642639,0.0783325698579935,0.0073213339029374,0.9793478533296572,-0.0101575923651665,0.7023777777777778,0.0058666666666666,,0.928472671924166,-0.0022998379974435,0.0022998379974435,0.4412,0.5889339548392144,0.4352389331684232,0.4138562715640585,1.525463342666626,0.0094293355941772,-0.0082,1.525463342666626,0.4412
cifar,noniid,20,123,8,19,0.3487539887428283,0.0051959753036499,0.0783325698579935,0.0153054948468972,0.9793478533296572,-0.0021303792074989,0.7023777777777778,0.0430666666666665,,0.928472671924166,0.0082047060948768,0.0082047060948768,0.4412,0.5889339548392144,0.4352389331684232,0.4138562715640585,1.525463342666626,0.027724266052246,-0.009,1.525463342666626,0.4412
cifar,noniid,20,123,9,0,0.3783519864082336,0.0186460018157959,0.0530679933665008,-0.001698740913418,0.963088743521837,-0.0076011373161678,0.6005333333333334,-0.0357888888888888,,0.9288399156245364,-0.0046717968380619,0.0046717968380619,0.4782,0.6081370145272611,0.4724422534119732,0.4516142483814496,1.4311282634735107,-0.0009584426879882,-0.0017999999999999,1.4311282634735107,0.4782
cifar,noniid,20,123,9,1,0.3783519864082336,0.0265119671821594,0.0530679933665008,0.0047333061203594,0.963088743521837,-0.0095867064337452,0.6005333333333334,-0.0203777777777778,,0.9288399156245364,-0.0007445252953929,0.0007445252953929,0.4782,0.6081370145272611,0.4724422534119732,0.4516142483814496,1.4311282634735107,0.0056004524230957,-0.0101999999999999,1.4311282634735107,0.4782
cifar,noniid,20,123,9,2,0.3783519864082336,0.0149219632148742,0.0530679933665008,0.0054111228343324,0.963088743521837,-0.0090199977164563,0.6005333333333334,-0.0440555555555555,,0.9288399156245364,-0.0098289147187093,0.0098289147187093,0.4782,0.6081370145272611,0.4724422534119732,0.4516142483814496,1.4311282634735107,-0.0181403160095214,-0.0209999999999999,1.4311282634735107,0.4782
cifar,noniid,20,123,9,3,0.3783519864082336,0.0227180123329162,0.0530679933665008,5.004883142742389e-05,0.963088743521837,-0.0089517698856279,0.6005333333333334,-0.0020222222222221,,0.9288399156245364,-0.0073715660564364,0.0073715660564364,0.4782,0.6081370145272611,0.4724422534119732,0.4516142483814496,1.4311282634735107,0.0032079219818115,-0.0045999999999999,1.4311282634735107,0.4782
cifar,noniid,20,123,9,4,0.3783519864082336,0.0230159759521484,0.0530679933665008,0.0008869905128522,0.963088743521837,-0.009092402761417,0.6005333333333334,0.0210888888888889,,0.9288399156245364,-0.0042139619526002,0.0042139619526002,0.4782,0.6081370145272611,0.4724422534119732,0.4516142483814496,1.4311282634735107,0.0070077180862426,-0.005,1.4311282634735107,0.4782
cifar,noniid,20,123,9,5,0.3783519864082336,0.0330100059509277,0.0530679933665008,0.0050647662587961,0.963088743521837,-0.0114399971037982,0.6005333333333334,-0.0300888888888888,,0.9288399156245364,-0.0106589123323005,0.0106589123323005,0.4782,0.6081370145272611,0.4724422534119732,0.4516142483814496,1.4311282634735107,-0.0136893987655639,-0.0166,1.4311282634735107,0.4782
cifar,noniid,20,123,9,6,0.3783519864082336,0.02360200881958,0.0530679933665008,0.0027459321748744,0.963088743521837,-0.0098080987827599,0.6005333333333334,-0.0515999999999998,,0.9288399156245364,0.0039770554371623,0.0039770554371623,0.4782,0.6081370145272611,0.4724422534119732,0.4516142483814496,1.4311282634735107,-0.0098692178726196,-0.0159999999999999,1.4311282634735107,0.4782
cifar,noniid,20,123,9,7,0.3783519864082336,0.0349559783935546,0.0530679933665008,-0.0017948495262672,0.963088743521837,-0.0033403789011698,0.6005333333333334,-0.0201555555555554,,0.9288399156245364,-0.0008890262915578,0.0008890262915578,0.4782,0.6081370145272611,0.4724422534119732,0.4516142483814496,1.4311282634735107,0.0053269863128662,-0.0,1.4311282634735107,0.4782
cifar,noniid,20,123,9,8,0.3783519864082336,0.0200039744377136,0.0530679933665008,0.0019641503575065,0.963088743521837,-0.0068896185089574,0.6005333333333334,-0.0059666666666666,,0.9288399156245364,-0.0123595649488674,0.0123595649488674,0.4782,0.6081370145272611,0.4724422534119732,0.4516142483814496,1.4311282634735107,0.0169016122817993,-0.005,1.4311282634735107,0.4782
cifar,noniid,20,123,9,9,0.3783519864082336,0.0108299851417541,0.0530679933665008,-0.0002707688484828,0.963088743521837,-0.0035534168219197,0.6005333333333334,0.0183111111111111,,0.9288399156245364,0.0016851893531206,0.0016851893531206,0.4782,0.6081370145272611,0.4724422534119732,0.4516142483814496,1.4311282634735107,-0.0083639621734619,-0.0071999999999999,1.4311282634735107,0.4782
cifar,noniid,20,123,9,10,0.3783519864082336,0.0214839577674865,0.0530679933665008,0.0064092349639701,0.963088743521837,-0.0082402510784175,0.6005333333333334,-0.0191555555555553,,0.9288399156245364,-0.0063154290619363,0.0063154290619363,0.4782,0.6081370145272611,0.4724422534119732,0.4516142483814496,1.4311282634735107,-0.0151866674423217,-0.0206,1.4311282634735107,0.4782
cifar,noniid,20,123,9,11,0.3783519864082336,0.0130999684333801,0.0530679933665008,0.0013645865528735,0.963088743521837,-0.0076777195752608,0.6005333333333334,-0.0112,,0.9288399156245364,-0.0022023327835706,0.0022023327835706,0.4782,0.6081370145272611,0.4724422534119732,0.4516142483814496,1.4311282634735107,-0.0164446830749511,-0.0143999999999999,1.4311282634735107,0.4782
cifar,noniid,20,123,9,12,0.3783519864082336,0.0097180008888244,0.0530679933665008,-0.0003027931503531,0.963088743521837,-0.0026330373080918,0.6005333333333334,0.0376222222222222,,0.9288399156245364,0.0009592295656865,0.0009592295656865,0.4782,0.6081370145272611,0.4724422534119732,0.4516142483814496,1.4311282634735107,-0.018244981765747,-0.0083999999999999,1.4311282634735107,0.4782
cifar,noniid,20,123,9,13,0.3783519864082336,0.0157399773597717,0.0530679933665008,0.0025961016964146,0.963088743521837,-0.009659111478706,0.6005333333333334,-0.0936222222222222,,0.9288399156245364,0.0002135974113138,0.0002135974113138,0.4782,0.6081370145272611,0.4724422534119732,0.4516142483814496,1.4311282634735107,0.0108803510665893,-0.003,1.4311282634735107,0.4782
cifar,noniid,20,123,9,14,0.3783519864082336,0.013264000415802,0.0530679933665008,0.0030478239433463,0.963088743521837,-0.0049764544363406,0.6005333333333334,0.0343666666666666,,0.9288399156245364,-0.0072582037244878,0.0072582037244878,0.4782,0.6081370145272611,0.4724422534119732,0.4516142483814496,1.4311282634735107,-0.0077539682388305,-0.0127999999999999,1.4311282634735107,0.4782
cifar,noniid,20,123,9,15,0.3783519864082336,0.0152940154075622,0.0530679933665008,0.0024196951493209,0.963088743521837,-0.0071068336438395,0.6005333333333334,-0.0194666666666667,,0.9288399156245364,-0.0040758745486985,0.0040758745486985,0.4782,0.6081370145272611,0.4724422534119732,0.4516142483814496,1.4311282634735107,-0.0032621622085571,-0.0095999999999999,1.4311282634735107,0.4782
cifar,noniid,20,123,9,16,0.3783519864082336,0.0236799716949462,0.0530679933665008,0.0070817085742458,0.963088743521837,-0.0086705041340496,0.6005333333333334,-0.0033999999999998,,0.9288399156245364,-0.0060942428615525,0.0060942428615525,0.4782,0.6081370145272611,0.4724422534119732,0.4516142483814496,1.4311282634735107,-0.0041818618774414,-0.0107999999999999,1.4311282634735107,0.4782
cifar,noniid,20,123,9,17,0.3783519864082336,0.0180059671401977,0.0530679933665008,0.0005639545942875,0.963088743521837,-0.0110821490931268,0.6005333333333334,0.0214666666666667,,0.9288399156245364,-0.0020771258902421,0.0020771258902421,0.4782,0.6081370145272611,0.4724422534119732,0.4516142483814496,1.4311282634735107,0.0008398294448852,-0.0051999999999999,1.4311282634735107,0.4782
cifar,noniid,20,123,9,18,0.3783519864082336,0.0210260152816772,0.0530679933665008,0.0060800415592719,0.963088743521837,-0.0064635426674576,0.6005333333333334,0.0533333333333332,,0.9288399156245364,-0.0057441750340464,0.0057441750340464,0.4782,0.6081370145272611,0.4724422534119732,0.4516142483814496,1.4311282634735107,-0.0168299674987792,-0.0141999999999999,1.4311282634735107,0.4782
cifar,noniid,20,123,9,19,0.3783519864082336,0.0350800156593322,0.0530679933665008,0.004508972442695,0.963088743521837,-0.0104430353308772,0.6005333333333334,-0.0288444444444444,,0.9288399156245364,-0.006305334093452,0.006305334093452,0.4782,0.6081370145272611,0.4724422534119732,0.4516142483814496,1.4311282634735107,-0.0206953287124633,-0.0239999999999999,1.4311282634735107,0.4782
cifar,noniid,20,123,10,0,0.425786018371582,0.0241420269012451,0.0438197602315006,-0.0013233272332313,0.959756719048932,-0.005044682267169,0.6545777777777777,-0.0515333333333334,,0.945260788115616,0.0104581510111686,0.0104581510111686,0.488,0.6104897157762104,0.4836203229630937,0.4578246416115286,1.3881181478500366,-0.0240273475646972,-0.0198,1.3881181478500366,0.488
cifar,noniid,20,123,10,1,0.425786018371582,0.0301700234413146,0.0438197602315006,0.003755657667398,0.959756719048932,-6.822783082838235e-05,0.6545777777777777,-0.1193999999999999,,0.945260788115616,0.0111167556547203,0.0111167556547203,0.488,0.6104897157762104,0.4836203229630937,0.4578246416115286,1.3881181478500366,-0.0064426660537719,-0.019,1.3881181478500366,0.488
cifar,noniid,20,123,10,2,0.425786018371582,0.0216160416603088,0.0438197602315006,0.0060912499242271,0.959756719048932,-0.0027694929697485,0.6545777777777777,-0.0290000000000001,,0.945260788115616,0.0095428490344657,0.0095428490344657,0.488,0.6104897157762104,0.4836203229630937,0.4578246416115286,1.3881181478500366,-0.0361517667770385,-0.0295999999999999,1.3881181478500366,0.488
cifar,noniid,20,123,10,3,0.425786018371582,0.0253800153732299,0.0438197602315006,0.0004288401832884,0.959756719048932,-0.0053301252328796,0.6545777777777777,-0.0555777777777779,,0.945260788115616,0.0121047663926271,0.0121047663926271,0.488,0.6104897157762104,0.4836203229630937,0.4578246416115286,1.3881181478500366,-0.0124136209487915,-0.0128,1.3881181478500366,0.488
cifar,noniid,20,123,10,4,0.425786018371582,0.0252060294151306,0.0438197602315006,0.0021864535861843,0.959756719048932,-0.0019897463317097,0.6545777777777777,-0.1032444444444447,,0.945260788115616,0.0131442651830406,0.0131442651830406,0.488,0.6104897157762104,0.4836203229630937,0.4578246416115286,1.3881181478500366,-0.0103813409805297,-0.0178,1.3881181478500366,0.488
cifar,noniid,20,123,10,5,0.425786018371582,0.0386559963226318,0.0438197602315006,0.0067681244411971,0.959756719048932,-0.0058286061193402,0.6545777777777777,-0.1149777777777776,,0.945260788115616,0.0100486423847491,0.0100486423847491,0.488,0.6104897157762104,0.4836203229630937,0.4578246416115286,1.3881181478500366,-0.0368863344192504,-0.0282,1.3881181478500366,0.488
cifar,noniid,20,123,10,6,0.425786018371582,0.0202400088310241,0.0438197602315006,0.0017434723825033,0.959756719048932,-0.0057603782885118,0.6545777777777777,-0.0816444444444446,,0.945260788115616,0.015299105948915,0.015299105948915,0.488,0.6104897157762104,0.4836203229630937,0.4578246416115286,1.3881181478500366,-0.0273427963256835,-0.0228,1.3881181478500366,0.488
cifar,noniid,20,123,10,7,0.425786018371582,0.0415980219841003,0.0438197602315006,0.0007828134186707,0.959756719048932,0.0015594932760776,0.6545777777777777,0.0027777777777777,,0.945260788115616,0.0093277257649172,0.0093277257649172,0.488,0.6104897157762104,0.4836203229630937,0.4578246416115286,1.3881181478500366,-0.0112864971160888,-0.0055999999999999,1.3881181478500366,0.488
cifar,noniid,20,123,10,8,0.425786018371582,0.0255060195922851,0.0438197602315006,0.003548627855105,0.959756719048932,-0.0014912654452492,0.6545777777777777,-0.0668111111111113,,0.945260788115616,0.0103242881951942,0.0103242881951942,0.488,0.6104897157762104,0.4836203229630937,0.4578246416115286,1.3881181478500366,0.0055475234985351,-0.0138,1.3881181478500366,0.488
cifar,noniid,20,123,10,9,0.425786018371582,0.0156640410423278,0.0438197602315006,0.0019180680477778,0.959756719048932,-0.0044779735498801,0.6545777777777777,-0.0536666666666667,,0.945260788115616,0.0058132088214073,0.0058132088214073,0.488,0.6104897157762104,0.4836203229630937,0.4578246416115286,1.3881181478500366,-0.0285098552703857,-0.023,1.3881181478500366,0.488
cifar,noniid,20,123,10,10,0.425786018371582,0.0282520055770874,0.0438197602315006,0.0017144970736058,0.959756719048932,-0.0041925305841694,0.6545777777777777,-0.0539555555555557,,0.945260788115616,0.0057251624842614,0.0057251624842614,0.488,0.6104897157762104,0.4836203229630937,0.4578246416115286,1.3881181478500366,-0.0330349206924438,-0.0298,1.3881181478500366,0.488
cifar,noniid,20,123,10,11,0.425786018371582,0.0187619924545288,0.0438197602315006,0.0008386876762955,0.959756719048932,-0.0051212645262621,0.6545777777777777,0.0288444444444444,,0.945260788115616,0.0124123788163565,0.0124123788163565,0.488,0.6104897157762104,0.4836203229630937,0.4578246416115286,1.3881181478500366,-0.0298123359680175,-0.0216,1.3881181478500366,0.488
cifar,noniid,20,123,10,12,0.425786018371582,0.0170720219612121,0.0438197602315006,0.0005657919775323,0.959756719048932,-0.0009287339420926,0.6545777777777777,0.0003111111111111,,0.945260788115616,0.0103296972189611,0.0103296972189611,0.488,0.6104897157762104,0.4836203229630937,0.4578246416115286,1.3881181478500366,-0.0311200618743896,-0.02,1.3881181478500366,0.488
cifar,noniid,20,123,10,13,0.425786018371582,0.0221620202064514,0.0438197602315006,0.0019370318709102,0.959756719048932,-0.007315694350457,0.6545777777777777,-0.1100000000000001,,0.945260788115616,0.0146801172936742,0.0146801172936742,0.488,0.6104897157762104,0.4836203229630937,0.4578246416115286,1.3881181478500366,-0.0063939094543457,-0.0168,1.3881181478500366,0.488
cifar,noniid,20,123,10,14,0.425786018371582,0.0218940377235412,0.0438197602315006,0.0048225457468209,0.959756719048932,0.0041159483250764,0.6545777777777777,-0.0399555555555555,,0.945260788115616,0.0096861716041829,0.0096861716041829,0.488,0.6104897157762104,0.4836203229630937,0.4578246416115286,1.3881181478500366,-0.022483468055725,-0.0228,1.3881181478500366,0.488
cifar,noniid,20,123,10,15,0.425786018371582,0.017762005329132,0.0438197602315006,0.0047603740218553,0.959756719048932,6.822783082838235e-05,0.6545777777777777,-0.0785555555555557,,0.945260788115616,0.0130150490879246,0.0130150490879246,0.488,0.6104897157762104,0.4836203229630937,0.4578246416115286,1.3881181478500366,-0.0117673873901367,-0.016,1.3881181478500366,0.488
cifar,noniid,20,123,10,16,0.425786018371582,0.0257380008697509,0.0438197602315006,0.0075503301796871,0.959756719048932,0.001061012389617,0.6545777777777777,0.0438888888888886,,0.945260788115616,0.0158594376336957,0.0158594376336957,0.488,0.6104897157762104,0.4836203229630937,0.4578246416115286,1.3881181478500366,-0.0289980173110961,-0.0265999999999999,1.3881181478500366,0.488
cifar,noniid,20,123,10,17,0.425786018371582,0.0222800374031066,0.0438197602315006,0.0030360737061107,0.959756719048932,-0.0048316443464191,0.6545777777777777,-0.0339777777777778,,0.945260788115616,0.0110200284191276,0.0110200284191276,0.488,0.6104897157762104,0.4836203229630937,0.4578246416115286,1.3881181478500366,-0.0195614099502563,-0.019,1.3881181478500366,0.488
cifar,noniid,20,123,10,18,0.425786018371582,0.0259140133857727,0.0438197602315006,0.0049308713426117,0.959756719048932,-0.0008521516829995,0.6545777777777777,-0.0908444444444442,,0.945260788115616,0.0082057443307255,0.0082057443307255,0.488,0.6104897157762104,0.4836203229630937,0.4578246416115286,1.3881181478500366,-0.0256592035293579,-0.019,1.3881181478500366,0.488
cifar,noniid,20,123,10,19,0.425786018371582,0.0498160123825073,0.0438197602315006,0.0072159866465949,0.959756719048932,-0.0012099996936709,0.6545777777777777,-0.0554000000000001,,0.945260788115616,0.0116949092114524,0.0116949092114524,0.488,0.6104897157762104,0.4836203229630937,0.4578246416115286,1.3881181478500366,-0.0514806509017944,-0.04,1.3881181478500366,0.488
cifar,noniid,4,123,1,0,0.9699400067329408,-0.021179974079132,0.7873015873015873,-0.1712905452035886,1.0,0.0,0.7635555555555555,0.0010444444444444,,0.9889007235889424,-0.0107841892690031,0.0107841892690031,0.126,0.2306138157498821,0.1318099527968403,0.0599389942944139,2.7481257915496826,0.0495166778564453,0.0293999999999999,2.7481257915496826,0.126
cifar,noniid,4,123,1,1,0.9699400067329408,0.1180520057678222,0.7873015873015873,0.1610879950685775,1.0,0.0,0.7635555555555555,-0.0445999999999999,,0.9889007235889424,0.0173930834288138,0.0173930834288138,0.126,0.2306138157498821,0.1318099527968403,0.0599389942944139,2.7481257915496826,0.0348703861236572,-0.0799999999999999,2.7481257915496826,0.126
cifar,noniid,4,123,1,2,0.9699400067329408,0.0309560298919677,0.7873015873015873,0.0846636976133379,1.0,0.0,0.7635555555555555,-0.014911111111111,,0.9889007235889424,-0.0019153862413843,0.0019153862413843,0.126,0.2306138157498821,0.1318099527968403,0.0599389942944139,2.7481257915496826,0.0413999557495117,-0.0408,2.7481257915496826,0.126
cifar,noniid,4,123,1,3,0.9699400067329408,0.0808420181274414,0.7873015873015873,0.3701892878363466,1.0,0.0,0.7635555555555555,-0.0283555555555556,,0.9889007235889424,0.0103684713579548,0.0103684713579548,0.126,0.2306138157498821,0.1318099527968403,0.0599389942944139,2.7481257915496826,-0.0710058212280273,-0.0236,2.7481257915496826,0.126
cifar,noniid,4,123,2,0,0.4625020027160644,0.0570260286331176,0.2755013077593722,0.0535204215734469,0.9714055768593476,0.0022111386807243,0.7406888888888887,-0.0142666666666668,,0.9174723134541956,0.0098173590805054,0.0098173590805054,0.4612,0.5216990494203049,0.4719223769137636,0.4167614963913214,1.5516330003738403,-0.0764102935791015,0.0157999999999999,1.5516330003738403,0.4612
cifar,noniid,4,123,2,1,0.4625020027160644,-0.0407040119171142,0.2755013077593722,-0.0289873548968054,0.9714055768593476,0.0014829110169845,0.7406888888888887,-0.0431777777777777,,0.9174723134541956,-0.0132783170791334,0.0132783170791334,0.4612,0.5216990494203049,0.4719223769137636,0.4167614963913214,1.5516330003738403,0.2083027362823486,0.0327999999999999,1.5516330003738403,0.4612
cifar,noniid,4,123,2,2,0.4625020027160644,0.0034360289573669,0.2755013077593722,0.0208400981186264,0.9714055768593476,0.008879364840667,0.7406888888888887,-0.0062222222222223,,0.9174723134541956,-0.0052766702036007,0.0052766702036007,0.4612,0.5216990494203049,0.4719223769137636,0.4167614963913214,1.5516330003738403,0.0715466737747192,0.0137999999999999,1.5516330003738403,0.4612
cifar,noniid,4,123,2,3,0.4625020027160644,0.0640879869461059,0.2755013077593722,0.0062343904661391,0.9714055768593476,0.0090241749305886,0.7406888888888887,-0.0323777777777778,,0.9174723134541956,0.0023529709163602,0.0023529709163602,0.4612,0.5216990494203049,0.4719223769137636,0.4167614963913214,1.5516330003738403,0.1075286865234375,0.0469999999999999,1.5516330003738403,0.4612
cifar,noniid,4,123,3,0,0.4494659900665283,0.0335980057716369,0.192629179331307,0.0414750467922154,0.9637487433547484,0.0029226574879347,0.7957777777777777,0.0043555555555554,,0.9328804855823448,0.0144617816071569,0.0144617816071569,0.5294,0.6278044137583927,0.538466995378981,0.4946210987723093,1.3235095739364624,-0.1048369407653808,-0.0151999999999999,1.3235095739364624,0.5294
cifar,noniid,4,123,3,1,0.4494659900665283,-0.0334299802780151,0.192629179331307,-0.0431768712281625,0.9637487433547484,0.0065275932841535,0.7957777777777777,-0.0094666666666667,,0.9328804855823448,-0.0146408395973601,0.0146408395973601,0.5294,0.6278044137583927,0.538466995378981,0.4946210987723093,1.3235095739364624,0.2695934772491455,0.0507999999999999,1.3235095739364624,0.5294
cifar,noniid,4,123,3,2,0.4494659900665283,-0.0076540112495422,0.192629179331307,0.0079284262595669,0.9637487433547484,0.0002812657515782,0.7957777777777777,0.0548888888888889,,0.9328804855823448,-0.0120111991570756,0.0120111991570756,0.5294,0.6278044137583927,0.538466995378981,0.4946210987723093,1.3235095739364624,0.0799001455307006,0.026,1.3235095739364624,0.5294
cifar,noniid,4,123,3,3,0.4494659900665283,-0.0030779838562011,0.192629179331307,-0.0437031495537554,0.9637487433547484,0.014201135645282,0.7957777777777777,0.0231555555555553,,0.9328804855823448,0.0038411640483386,0.0038411640483386,0.5294,0.6278044137583927,0.538466995378981,0.4946210987723093,1.3235095739364624,0.0833702087402343,0.0235999999999999,1.3235095739364624,0.5294
cifar,noniid,4,123,4,0,0.4292740225791931,0.0418440103530883,0.1417004048582996,0.0290811825545578,0.9573576057322516,-0.0055264542971001,0.7161555555555557,0.0674333333333334,,0.939944728334542,0.0109121932215622,0.0109121932215622,0.553,0.6383215112117065,0.5621964493555731,0.5200864877683742,1.2549099922180176,-0.0776957273483276,-0.0127999999999999,1.2549099922180176,0.553
cifar,noniid,4,123,4,1,0.4292740225791931,-0.0308179855346679,0.1417004048582996,-0.0533236721882493,0.9573576057322516,-0.0032039232395131,0.7161555555555557,0.001888888888889,,0.939944728334542,0.00556611863144,0.00556611863144,0.553,0.6383215112117065,0.5621964493555731,0.5200864877683742,1.2549099922180176,0.242180585861206,0.0362,1.2549099922180176,0.553
cifar,noniid,4,123,4,2,0.4292740225791931,-0.0143359899520874,0.1417004048582996,0.014129955505672,0.9573576057322516,0.0063145553634037,0.7161555555555557,0.1015555555555556,,0.939944728334542,-0.0052141688197678,0.0052141688197678,0.553,0.6383215112117065,0.5621964493555731,0.5200864877683742,1.2549099922180176,0.0909181833267211,0.0272,1.2549099922180176,0.553
cifar,noniid,4,123,4,3,0.4292740225791931,0.0310940146446228,0.1417004048582996,-0.0390564389420224,0.9573576057322516,-0.0015720249184747,0.7161555555555557,0.0029666666666667,,0.939944728334542,0.0125543734889781,0.0125543734889781,0.553,0.6383215112117065,0.5621964493555731,0.5200864877683742,1.2549099922180176,0.1095507144927978,0.0406,1.2549099922180176,0.553
cifar,noniid,4,123,5,0,0.3911920189857483,0.0332100391387939,0.0918296089385474,0.0185402723633477,0.9509622908956226,-0.0101492379369018,0.6230333333333333,-9.999999999976694e-05,,0.9198064251438074,-0.009513467704865,0.009513467704865,0.564,0.5899895740121467,0.5731091955753416,0.530509520962005,1.207268476486206,-0.0059566497802734,0.0027999999999999,1.207268476486206,0.564
cifar,noniid,4,123,5,1,0.3911920189857483,-0.0362640023231506,0.0918296089385474,-0.0449485065629722,0.9509622908956226,-0.010089364534338,0.6230333333333333,-0.0312666666666667,,0.9198064251438074,-0.0200782051955009,0.0200782051955009,0.564,0.5899895740121467,0.5731091955753416,0.530509520962005,1.207268476486206,0.2609292268753052,0.0389999999999999,1.207268476486206,0.564
cifar,noniid,4,123,5,2,0.3911920189857483,-0.0163999795913696,0.0918296089385474,-0.0043102308283862,0.9509622908956226,-0.0137959458744441,0.6230333333333333,-0.0676111111111112,,0.9198064251438074,-0.0250612887647311,0.0250612887647311,0.564,0.5899895740121467,0.5731091955753416,0.530509520962005,1.207268476486206,0.0670143365859985,0.0125999999999999,1.207268476486206,0.564
cifar,noniid,4,123,5,3,0.3911920189857483,0.0454699993133544,0.0918296089385474,-0.0233290279592198,0.9509622908956226,-0.0007881010663035,0.6230333333333333,-0.0999444444444446,,0.9198064251438074,-0.0124287105124407,0.0124287105124407,0.564,0.5899895740121467,0.5731091955753416,0.530509520962005,1.207268476486206,0.1929031610488891,0.0587999999999999,1.207268476486206,0.564
cifar,noniid,4,123,6,0,0.413349986076355,0.0089619755744934,0.0929419986023759,0.0226108275542366,0.9518910248377151,-0.0124202500201898,0.7102444444444445,0.0013777777777779,,0.9335024887279136,0.0006014671187276,0.0006014671187276,0.5718,0.6309039501050655,0.5814926709799366,0.5389447656421394,1.2270848751068115,0.0158169269561767,0.0243999999999999,1.2270848751068115,0.5718
cifar,noniid,4,123,6,1,0.413349986076355,-0.0338119864463806,0.0929419986023759,-0.0308278727072379,0.9518910248377151,-0.007251643733761,0.7102444444444445,-0.0185666666666663,,0.9335024887279136,-0.0037042312633045,0.0037042312633045,0.5718,0.6309039501050655,0.5814926709799366,0.5389447656421394,1.2270848751068115,0.1789819002151489,0.0287999999999999,1.2270848751068115,0.5718
cifar,noniid,4,123,6,2,0.413349986076355,0.00027596950531,0.0929419986023759,-0.0021931365327591,0.9518910248377151,0.0070218969564818,0.7102444444444445,0.0394777777777777,,0.9335024887279136,-0.0021616859043503,0.0021616859043503,0.5718,0.6309039501050655,0.5814926709799366,0.5389447656421394,1.2270848751068115,0.0912069082260131,0.0245999999999999,1.2270848751068115,0.5718
cifar,noniid,4,123,6,3,0.413349986076355,0.0397039651870727,0.0929419986023759,-0.0058187974922541,0.9518910248377151,-0.0103024024550879,0.7102444444444445,0.0355222222222224,,0.9335024887279136,0.0001827893766099,0.0001827893766099,0.5718,0.6309039501050655,0.5814926709799366,0.5389447656421394,1.2270848751068115,0.0615646839141845,0.0302,1.2270848751068115,0.5718
cifar,noniid,4,123,7,0,0.4263920187950134,-0.0003199577331542,0.0694736842105263,0.012260626997469,0.9544433026725816,-0.0017683539826951,0.8119555555555555,0.1798999999999999,,0.939170163344509,0.0024036106685816,0.0024036106685816,0.5604,0.6329431889164626,0.5701712965172064,0.5253011910868575,1.256058931350708,-0.0251208543777465,0.009,1.256058931350708,0.5604
cifar,noniid,4,123,7,1,0.4263920187950134,-0.0106599926948547,0.0694736842105263,-0.0257993095600856,0.9544433026725816,-0.0079589853268391,0.8119555555555555,0.0781,,0.939170163344509,-0.0073719637553956,0.0073719637553956,0.5604,0.6329431889164626,0.5701712965172064,0.5253011910868575,1.256058931350708,0.1256310939788818,0.0131999999999999,1.256058931350708,0.5604
cifar,noniid,4,123,7,2,0.4263920187950134,-0.0047979950904846,0.0694736842105263,-0.0037677951223235,0.9544433026725816,-0.0089559470997602,0.8119555555555555,0.0176888888888888,,0.939170163344509,0.0080376691833716,0.0080376691833716,0.5604,0.6329431889164626,0.5701712965172064,0.5253011910868575,1.256058931350708,0.1224734783172607,0.0136,1.256058931350708,0.5604
cifar,noniid,4,123,7,3,0.4263920187950134,0.0521780252456665,0.0694736842105263,-0.0020866256382379,0.9544433026725816,-0.0114483515320629,0.8119555555555555,0.0027333333333334,,0.939170163344509,-0.0037374498968885,0.0037374498968885,0.5604,0.6329431889164626,0.5701712965172064,0.5253011910868575,1.256058931350708,0.0379587411880493,0.0103999999999999,1.256058931350708,0.5604
cifar,noniid,4,123,8,0,0.4380779862403869,0.0229939818382263,0.0611828687967369,0.020481346625989,0.9506086200990836,-0.0088027825815739,0.6791333333333334,-0.0305777777777778,,0.9328373761210992,0.0062945726258328,0.0062945726258328,0.5594,0.6235798037135241,0.568629662139909,0.52020688327473,1.298421025276184,-0.0123375654220581,0.0081999999999999,1.298421025276184,0.5594
cifar,noniid,4,123,8,1,0.4380779862403869,-0.0301260352134704,0.0611828687967369,-0.0305535709557203,0.9506086200990836,-0.0209584757067149,0.6791333333333334,0.0387888888888889,,0.9328373761210992,-0.0160216155719631,0.0160216155719631,0.5594,0.6235798037135241,0.568629662139909,0.52020688327473,1.298421025276184,0.1376014947891235,0.0083999999999999,1.298421025276184,0.5594
cifar,noniid,4,123,8,2,0.4380779862403869,-0.0008479952812194,0.0611828687967369,-0.0032299425911634,0.9506086200990836,-0.0102341746242595,0.6791333333333334,0.0418444444444443,,0.9328373761210992,0.0013331693628971,0.0013331693628971,0.5594,0.6235798037135241,0.568629662139909,0.52020688327473,1.298421025276184,0.0912404060363769,0.0163999999999999,1.298421025276184,0.5594
cifar,noniid,4,123,8,3,0.4380779862403869,0.025160014629364,0.0611828687967369,-0.0104556323053938,0.9506086200990836,0.0045420241665761,0.6791333333333334,0.0201555555555554,,0.9328373761210992,-0.005042078190294,0.005042078190294,0.5594,0.6235798037135241,0.568629662139909,0.52020688327473,1.298421025276184,-0.0021330118179321,0.0078,1.298421025276184,0.5594
cifar,noniid,4,123,9,0,0.456961989402771,0.0167019963264465,0.0583219645293315,0.0207106151396911,0.9621850728645384,-0.001840759027656,0.7106000000000001,0.0081111111111114,,0.9259648673787252,-0.0050398779583211,0.0050398779583211,0.5708,0.6134972495844453,0.5817718918949134,0.529697655749205,1.294543743133545,-0.0744235515594482,-0.0006,1.294543743133545,0.5708
cifar,noniid,4,123,9,1,0.456961989402771,-0.0204579830169677,0.0583219645293315,-0.027657343355078,0.9621850728645384,0.0046144292115368,0.7106000000000001,-0.0157111111111107,,0.9259648673787252,0.0022838688765201,0.0022838688765201,0.5708,0.6134972495844453,0.5817718918949134,0.529697655749205,1.294543743133545,0.1908552646636963,0.0145999999999999,1.294543743133545,0.5708
cifar,noniid,4,123,9,2,0.456961989402771,-0.0124160051345825,0.0583219645293315,-0.0026149851008199,0.9621850728645384,-0.0081037954167606,0.7106000000000001,0.0681777777777778,,0.9259648673787252,-0.0100059294346456,0.0100059294346456,0.5708,0.6134972495844453,0.5817718918949134,0.529697655749205,1.294543743133545,0.1059380769729614,0.0253999999999999,1.294543743133545,0.5708
cifar,noniid,4,123,9,3,0.456961989402771,0.0670120120048523,0.0583219645293315,-0.0130543165834064,0.9621850728645384,0.007869871425349,0.7106000000000001,0.0042222222222223,,0.9259648673787252,-0.0138171962605355,0.0138171962605355,0.5708,0.6134972495844453,0.5817718918949134,0.529697655749205,1.294543743133545,0.0448001623153686,0.0315999999999999,1.294543743133545,0.5708
cifar,noniid,4,123,10,0,0.4168279767036438,0.0244619846343994,0.0600277585010409,0.0221308653634513,0.9594879849397506,0.0062588591749723,0.7486888888888887,0.0331333333333332,,0.9292169004856417,0.0124113640323746,0.0124113640323746,0.5836,0.6245160354071221,0.5930065971335454,0.5491206231931838,1.2475271224975586,-0.0842785835266113,-0.0073999999999999,1.2475271224975586,0.5836
cifar,noniid,4,123,10,1,0.4168279767036438,-0.0227380394935607,0.0600277585010409,-0.0264370353698091,0.9594879849397506,-0.0011417718628425,0.7486888888888887,0.0119444444444445,,0.9292169004856417,0.0005586116544229,0.0005586116544229,0.5836,0.6245160354071221,0.5930065971335454,0.5491206231931838,1.2475271224975586,0.3130075931549072,0.0495999999999999,1.2475271224975586,0.5836
cifar,noniid,4,123,10,2,0.4168279767036438,-0.0114240050315856,0.0600277585010409,0.0017207686872018,0.9594879849397506,0.0050363278389042,0.7486888888888887,0.069522222222222,,0.9292169004856417,-0.0006672873650039,0.0006672873650039,0.5836,0.6245160354071221,0.5930065971335454,0.5491206231931838,1.2475271224975586,0.1267328262329101,0.036,1.2475271224975586,0.5836
cifar,noniid,4,123,10,3,0.4168279767036438,0.049515962600708,0.0600277585010409,0.001245393210628,0.9594879849397506,0.0089350610290984,0.7486888888888887,0.0754555555555553,,0.9292169004856417,-0.005186314246353,0.005186314246353,0.5836,0.6245160354071221,0.5930065971335454,0.5491206231931838,1.2475271224975586,0.0446565151214599,0.0272,1.2475271224975586,0.5836
cifar,noniid,20,2025,1,0,1.0,0.0145360231399536,1.0,0.4825046040515653,1.0,0.0,0.9638444444444444,0.017511111111111,,1.0,0.0033998484726796,0.0033998484726796,0.1086,0.01086,0.1,0.0195922785495219,2.786463975906372,0.0232331752777099,-0.0,2.786463975906372,0.1086
cifar,noniid,20,2025,1,1,1.0,0.0010340213775634,1.0,0.0220994475138122,1.0,0.0,0.9638444444444444,0.0358,,1.0,0.0001410949941259,0.0001410949941259,0.1086,0.01086,0.1,0.0195922785495219,2.786463975906372,-0.0079717636108398,-0.0,2.786463975906372,0.1086
cifar,noniid,20,2025,1,2,1.0,0.0097740292549133,1.0,0.0827205882352941,1.0,0.0,0.9638444444444444,-0.0096222222222221,,1.0,0.001259563844459,0.001259563844459,0.1086,0.01086,0.1,0.0195922785495219,2.786463975906372,0.0039954185485839,-0.0001999999999999,2.786463975906372,0.1086
cifar,noniid,20,2025,1,3,1.0,0.0198100209236145,1.0,0.2867647058823529,1.0,0.0,0.9638444444444444,0.0270222222222222,,1.0,0.0041150314114203,0.0041150314114203,0.1086,0.01086,0.1,0.0195922785495219,2.786463975906372,-0.0458617210388183,-0.0001999999999999,2.786463975906372,0.1086
cifar,noniid,20,2025,1,4,1.0,0.0,1.0,0.0,1.0,0.0,0.9638444444444444,0.0082555555555556,,1.0,0.0,0.0,0.1086,0.01086,0.1,0.0195922785495219,2.786463975906372,-0.0174183845520019,-0.0,2.786463975906372,0.1086
cifar,noniid,20,2025,1,5,1.0,0.0666199922561645,1.0,0.9107142857142856,1.0,0.0,0.9638444444444444,-0.0082222222222221,,1.0,0.0075992562612654,0.0075992562612654,0.1086,0.01086,0.1,0.0195922785495219,2.786463975906372,-0.0290877819061279,-0.0034,2.786463975906372,0.1086
cifar,noniid,20,2025,1,6,1.0,0.0057820081710815,1.0,0.0477941176470588,1.0,0.0,0.9638444444444444,0.0101444444444445,,1.0,0.0007141874770205,0.0007141874770205,0.1086,0.01086,0.1,0.0195922785495219,2.786463975906372,-0.0674355030059814,-0.0001999999999999,2.786463975906372,0.1086
cifar,noniid,20,2025,1,7,1.0,0.1239179968833923,1.0,0.8871287128712871,1.0,0.0,0.9638444444444444,-0.0078444444444443,,1.0,0.0170020024639164,0.0170020024639164,0.1086,0.01086,0.1,0.0195922785495219,2.786463975906372,-0.055333137512207,0.0075999999999999,2.786463975906372,0.1086
cifar,noniid,20,2025,1,8,1.0,0.0219979882240295,1.0,0.4538745387453874,1.0,0.0,0.9638444444444444,-0.0093555555555553,,1.0,0.0039840378535151,0.0039840378535151,0.1086,0.01086,0.1,0.0195922785495219,2.786463975906372,-0.0498311519622802,0.0002,2.786463975906372,0.1086
cifar,noniid,20,2025,1,9,1.0,0.0009440183639526,1.0,0.0276243093922652,1.0,0.0,0.9638444444444444,-0.0114,,1.0,0.0,0.0,0.1086,0.01086,0.1,0.0195922785495219,2.786463975906372,-0.0091018676757812,-0.0,2.786463975906372,0.1086
cifar,noniid,20,2025,1,10,1.0,0.0001919865608215,1.0,0.001841620626151,1.0,0.0,0.9638444444444444,0.0347666666666666,,1.0,0.0,0.0,0.1086,0.01086,0.1,0.0195922785495219,2.786463975906372,-0.0311343669891357,-0.0,2.786463975906372,0.1086
cifar,noniid,20,2025,1,11,1.0,0.0701600313186645,1.0,0.9187279151943464,1.0,0.0,0.9638444444444444,0.0227555555555556,,1.0,0.0092104759539705,0.0092104759539705,0.1086,0.01086,0.1,0.0195922785495219,2.786463975906372,-0.0563101768493652,-0.0045999999999999,2.786463975906372,0.1086
cifar,noniid,20,2025,1,12,1.0,0.0594580173492431,1.0,0.891459074733096,1.0,0.0,0.9638444444444444,-0.0157555555555555,,1.0,0.0154048544885766,0.0154048544885766,0.1086,0.01086,0.1,0.0195922785495219,2.786463975906372,-0.0301322937011718,-0.0037999999999999,2.786463975906372,0.1086
cifar,noniid,20,2025,1,13,1.0,0.0657740235328674,1.0,0.9173989455184536,1.0,0.0,0.9638444444444444,-0.0100222222222219,,1.0,0.0064391448301812,0.0064391448301812,0.1086,0.01086,0.1,0.0195922785495219,2.786463975906372,-0.0072615146636962,-0.0051999999999999,2.786463975906372,0.1086
cifar,noniid,20,2025,1,14,1.0,0.0095400214195251,1.0,0.1657458563535911,1.0,0.0,0.9638444444444444,0.0366666666666668,,1.0,0.0012248017707232,0.0012248017707232,0.1086,0.01086,0.1,0.0195922785495219,2.786463975906372,-0.0403947830200195,-0.0,2.786463975906372,0.1086
cifar,noniid,20,2025,1,15,1.0,0.0230219960212707,1.0,0.4485294117647058,1.0,0.0,0.9638444444444444,-0.010333333333333,,1.0,0.0034878569270961,0.0034878569270961,0.1086,0.01086,0.1,0.0195922785495219,2.786463975906372,-0.0116546154022216,-0.0001999999999999,2.786463975906372,0.1086
cifar,noniid,20,2025,1,16,1.0,0.0547400116920471,1.0,0.7570921985815603,1.0,0.0,0.9638444444444444,0.0319777777777778,,1.0,0.0071421329337747,0.0071421329337747,0.1086,0.01086,0.1,0.0195922785495219,2.786463975906372,-0.04917573928833,-0.0041999999999999,2.786463975906372,0.1086
cifar,noniid,20,2025,1,17,1.0,0.089739978313446,1.0,0.7695390781563126,1.0,0.0,0.9638444444444444,0.0394666666666667,,1.0,0.0115034853116832,0.0115034853116832,0.1086,0.01086,0.1,0.0195922785495219,2.786463975906372,-0.0327441692352294,0.0088,2.786463975906372,0.1086
cifar,noniid,20,2025,1,18,1.0,0.0005980134010314,1.0,0.0220994475138122,1.0,0.0,0.9638444444444444,-0.0150222222222222,,1.0,0.0,0.0,0.1086,0.01086,0.1,0.0195922785495219,2.786463975906372,-0.0353999137878418,-0.0,2.786463975906372,0.1086
cifar,noniid,20,2025,1,19,1.0,0.0617139935493469,1.0,0.9089316987740804,1.0,0.0,0.9638444444444444,-0.0185555555555554,,1.0,0.0088763925697528,0.0088763925697528,0.1086,0.01086,0.1,0.0195922785495219,2.786463975906372,-0.0076234340667724,-0.0055999999999999,2.786463975906372,0.1086
cifar,noniid,20,2025,2,0,0.9990739822387696,0.0156619548797607,0.9152854511970534,0.6336970035436238,1.0,0.0,0.8305777777777776,0.0215555555555553,,0.9996690613593936,0.00338412306296,0.00338412306296,0.1086,0.0108861267040898,0.1,0.0196347857530283,3.072573661804199,0.090897798538208,-0.002,3.072573661804199,0.1086
cifar,noniid,20,2025,2,1,0.9990739822387696,0.0016279816627502,0.9152854511970534,0.1017571148167975,1.0,0.0,0.8305777777777776,-0.0227333333333334,,0.9996690613593936,0.001257289608646,0.001257289608646,0.1086,0.0108861267040898,0.1,0.0196347857530283,3.072573661804199,0.0498914718627929,-0.0003999999999999,3.072573661804199,0.1086
cifar,noniid,20,2025,2,2,0.9990739822387696,0.0234479904174804,0.9152854511970534,0.6573907143549481,1.0,0.0,0.8305777777777776,-0.0463333333333335,,0.9996690613593936,0.0079862722039404,0.0079862722039404,0.1086,0.0108861267040898,0.1,0.0196347857530283,3.072573661804199,0.0571377277374267,-0.0051999999999999,3.072573661804199,0.1086
cifar,noniid,20,2025,2,3,0.9990739822387696,0.100081980228424,0.9152854511970534,0.8471396508800961,1.0,0.0,0.8305777777777776,-0.0146000000000001,,0.9996690613593936,0.0115532931770786,0.0115532931770786,0.1086,0.0108861267040898,0.1,0.0196347857530283,3.072573661804199,0.0220425128936767,-0.0151999999999999,3.072573661804199,0.1086
cifar,noniid,20,2025,2,4,0.9990739822387696,-0.0009260177612304,0.9152854511970534,-0.0828729281767955,1.0,0.0,0.8305777777777776,-0.0664000000000002,,0.9996690613593936,-0.0003309386406062,0.0003309386406062,0.1086,0.0108861267040898,0.1,0.0196347857530283,3.072573661804199,0.0401685237884521,-0.0,3.072573661804199,0.1086
cifar,noniid,20,2025,2,5,0.9990739822387696,0.2560060024261474,0.9152854511970534,0.8635325296611602,1.0,0.0,0.8305777777777776,-0.000377777777778,,0.9996690613593936,0.0293023036821835,0.0293023036821835,0.1086,0.0108861267040898,0.1,0.0196347857530283,3.072573661804199,0.0445833206176757,-0.0112,3.072573661804199,0.1086
cifar,noniid,20,2025,2,6,0.9990739822387696,0.0068320035934448,0.9152854511970534,0.4996774657161096,1.0,0.0,0.8305777777777776,-0.0356888888888891,,0.9996690613593936,0.0016955055347981,0.0016955055347981,0.1086,0.0108861267040898,0.1,0.0196347857530283,3.072573661804199,0.0053114891052246,-0.0016,3.072573661804199,0.1086
cifar,noniid,20,2025,2,7,0.9990739822387696,0.2093999981880188,0.9152854511970534,0.5606342884063558,1.0,0.0,0.8305777777777776,-0.0393777777777779,,0.9996690613593936,0.0139846896326216,0.0139846896326216,0.1086,0.0108861267040898,0.1,0.0196347857530283,3.072573661804199,0.0267648696899414,0.0044,3.072573661804199,0.1086
cifar,noniid,20,2025,2,8,0.9990739822387696,0.1844179630279541,0.9152854511970534,0.8800854511970534,1.0,0.0,0.8305777777777776,-0.0546666666666668,,0.9996690613593936,0.0220141646096981,0.0220141646096981,0.1086,0.0108861267040898,0.1,0.0196347857530283,3.072573661804199,0.0103092193603515,-0.0176,3.072573661804199,0.1086
cifar,noniid,20,2025,2,9,0.9990739822387696,0.0015599727630615,0.9152854511970534,0.1698642057758079,1.0,0.0,0.8305777777777776,-0.0454222222222222,,0.9996690613593936,0.0013236697342904,0.0013236697342904,0.1086,0.0108861267040898,0.1,0.0196347857530283,3.072573661804199,0.0363199710845947,-0.0006,3.072573661804199,0.1086
cifar,noniid,20,2025,2,10,0.9990739822387696,0.00027996301651,0.9152854511970534,-0.0111851370382407,1.0,0.0,0.8305777777777776,0.0197555555555553,,0.9996690613593936,0.0,0.0,0.1086,0.0108861267040898,0.1,0.0196347857530283,3.072573661804199,0.0174362659454345,-0.0001999999999999,3.072573661804199,0.1086
cifar,noniid,20,2025,2,11,0.9990739822387696,0.1976580023765564,0.9152854511970534,0.8802536040632954,1.0,0.0,0.8305777777777776,-0.009688888888889,,0.9996690613593936,0.0263134774209352,0.0263134774209352,0.1086,0.0108861267040898,0.1,0.0196347857530283,3.072573661804199,0.0013248920440673,-0.0176,3.072573661804199,0.1086
cifar,noniid,20,2025,2,12,0.9990739822387696,0.2642099857330322,0.9152854511970534,0.841402289685026,1.0,0.0,0.8305777777777776,0.0036666666666664,,0.9996690613593936,0.0301361535201155,0.0301361535201155,0.1086,0.0108861267040898,0.1,0.0196347857530283,3.072573661804199,0.0507724285125732,-0.0099999999999999,3.072573661804199,0.1086
cifar,noniid,20,2025,2,13,0.9990739822387696,0.2590819597244262,0.9152854511970534,0.838624463122096,1.0,0.0,0.8305777777777776,-0.0477666666666667,,0.9996690613593936,0.0250618050331435,0.0250618050331435,0.1086,0.0108861267040898,0.1,0.0196347857530283,3.072573661804199,0.0365362167358398,-0.0093999999999999,3.072573661804199,0.1086
cifar,noniid,20,2025,2,14,0.9990739822387696,0.0094040036201477,0.9152854511970534,0.5795322751534963,1.0,0.0,0.8305777777777776,-0.0068000000000001,,0.9996690613593936,0.0024191191373936,0.0024191191373936,0.1086,0.0108861267040898,0.1,0.0196347857530283,3.072573661804199,0.0101017951965332,-0.0011999999999999,3.072573661804199,0.1086
cifar,noniid,20,2025,2,15,0.9990739822387696,0.0857119560241699,0.9152854511970534,0.8358152525215568,1.0,0.0,0.8305777777777776,0.0155666666666665,,0.9996690613593936,0.0100012196047237,0.0100012196047237,0.1086,0.0108861267040898,0.1,0.0196347857530283,3.072573661804199,0.0380873680114746,-0.0127999999999999,3.072573661804199,0.1086
cifar,noniid,20,2025,2,16,0.9990739822387696,0.2529239654541015,0.9152854511970534,0.846909382820985,1.0,0.0,0.8305777777777776,0.0125888888888887,,0.9996690613593936,0.0330014813057339,0.0330014813057339,0.1086,0.0108861267040898,0.1,0.0196347857530283,3.072573661804199,0.0009419918060302,-0.0078,3.072573661804199,0.1086
cifar,noniid,20,2025,2,17,0.9990739822387696,0.1811859607696533,0.9152854511970534,0.6090839008094565,1.0,0.0,0.8305777777777776,-0.0143444444444444,,0.9996690613593936,0.0140589595085397,0.0140589595085397,0.1086,0.0108861267040898,0.1,0.0196347857530283,3.072573661804199,0.0580115318298339,0.005,3.072573661804199,0.1086
cifar,noniid,20,2025,2,18,0.9990739822387696,-0.0004160404205322,0.9152854511970534,-0.012891344383057,1.0,0.0,0.8305777777777776,-0.0434000000000001,,0.9996690613593936,-2.3730455810166973e-05,2.3730455810166973e-05,0.1086,0.0108861267040898,0.1,0.0196347857530283,3.072573661804199,0.0360682010650634,-0.0,3.072573661804199,0.1086
cifar,noniid,20,2025,2,19,0.9990739822387696,0.2581639885902405,0.9152854511970534,0.8588070458814387,1.0,0.0,0.8305777777777776,0.0099555555555552,,0.9996690613593936,0.0278621632507287,0.0278621632507287,0.1086,0.0108861267040898,0.1,0.0196347857530283,3.072573661804199,0.0461537837982177,-0.0127999999999999,3.072573661804199,0.1086
cifar,noniid,20,2025,3,0,0.8994259834289551,0.1503800153732299,0.1326053042121684,0.0823837384810015,1.0,0.0,0.8667333333333331,-0.0292888888888891,,0.9900035540274198,0.0285088338041331,0.0285088338041331,0.1322,0.1318473283835306,0.1253470252650765,0.0490958901046025,3.1509151458740234,0.137237548828125,-0.0017999999999999,3.1509151458740234,0.1322
cifar,noniid,20,2025,3,1,0.8994259834289551,0.0457239747047424,0.1326053042121684,0.0295750011818654,1.0,0.0,0.8667333333333331,-0.0168888888888889,,0.9900035540274198,0.0211415641990339,0.0211415641990339,0.1322,0.1318473283835306,0.1253470252650765,0.0490958901046025,3.1509151458740234,0.082298994064331,-0.0013999999999999,3.1509151458740234,0.1322
cifar,noniid,20,2025,3,2,0.8994259834289551,0.1494039893150329,0.1326053042121684,0.072903811674855,1.0,0.0,0.8667333333333331,-0.0166888888888889,,0.9900035540274198,0.0252505540424048,0.0252505540424048,0.1322,0.1318473283835306,0.1253470252650765,0.0490958901046025,3.1509151458740234,0.0844039916992187,-0.0,3.1509151458740234,0.1322
cifar,noniid,20,2025,3,3,0.8994259834289551,0.2143880128860473,0.1326053042121684,0.0534127576283175,1.0,0.0,0.8667333333333331,-0.0132666666666667,,0.9900035540274198,0.0193282185630062,0.0193282185630062,0.1322,0.1318473283835306,0.1253470252650765,0.0490958901046025,3.1509151458740234,0.0687415599822998,0.008,3.1509151458740234,0.1322
cifar,noniid,20,2025,3,4,0.8994259834289551,-0.0832639932632446,0.1326053042121684,-0.354849892920448,1.0,0.0,0.8667333333333331,-0.0355777777777779,,0.9900035540274198,-0.0070208647632954,0.0070208647632954,0.1322,0.1318473283835306,0.1253470252650765,0.0490958901046025,3.1509151458740234,0.0738406181335449,0.0196,3.1509151458740234,0.1322
cifar,noniid,20,2025,3,5,0.8994259834289551,0.1815860271453857,0.1326053042121684,-0.1226763859286765,1.0,0.0,0.8667333333333331,0.0311555555555553,,0.9900035540274198,0.0050729878886883,0.0050729878886883,0.1322,0.1318473283835306,0.1253470252650765,0.0490958901046025,3.1509151458740234,0.0958867073059082,0.0194,3.1509151458740234,0.1322
cifar,noniid,20,2025,3,6,0.8994259834289551,0.1344360113143921,0.1326053042121684,0.0812457875958542,1.0,0.0,0.8667333333333331,0.0130888888888887,,0.9900035540274198,0.022350015042062,0.022350015042062,0.1322,0.1318473283835306,0.1253470252650765,0.0490958901046025,3.1509151458740234,0.0479860305786132,-0.0031999999999999,3.1509151458740234,0.1322
cifar,noniid,20,2025,3,7,0.8994259834289551,0.1052279472351074,0.1326053042121684,-0.343309917367793,1.0,0.0,0.8667333333333331,-0.006577777777778,,0.9900035540274198,-0.0016828624290079,0.0016828624290079,0.1322,0.1318473283835306,0.1253470252650765,0.0490958901046025,3.1509151458740234,0.0759720802307128,0.0296,3.1509151458740234,0.1322
cifar,noniid,20,2025,3,8,0.8994259834289551,0.2332199811935424,0.1326053042121684,-0.0152352273492933,1.0,0.0,0.8667333333333331,-0.0189555555555558,,0.9900035540274198,0.0109640560685434,0.0109640560685434,0.1322,0.1318473283835306,0.1253470252650765,0.0490958901046025,3.1509151458740234,0.0467135906219482,0.0168,3.1509151458740234,0.1322
cifar,noniid,20,2025,3,9,0.8994259834289551,0.0159499645233154,0.1326053042121684,0.03414376575063,1.0,0.0,0.8667333333333331,-0.0146888888888889,,0.9900035540274198,0.0074821119181545,0.0074821119181545,0.1322,0.1318473283835306,0.1253470252650765,0.0490958901046025,3.1509151458740234,0.0681226253509521,-0.0,3.1509151458740234,0.1322
cifar,noniid,20,2025,3,10,0.8994259834289551,-0.0341539978981018,0.1326053042121684,-0.0486244692506147,1.0,0.0,0.8667333333333331,-0.0242444444444445,,0.9900035540274198,0.0093586380871982,0.0093586380871982,0.1322,0.1318473283835306,0.1253470252650765,0.0490958901046025,3.1509151458740234,0.0457532405853271,0.0026,3.1509151458740234,0.1322
cifar,noniid,20,2025,3,11,0.8994259834289551,0.1700799465179443,0.1326053042121684,-0.0403399012672835,1.0,0.0,0.8667333333333331,-0.0180222222222223,,0.9900035540274198,0.0053553121314691,0.0053553121314691,0.1322,0.1318473283835306,0.1253470252650765,0.0490958901046025,3.1509151458740234,0.037900686264038,0.0178,3.1509151458740234,0.1322
cifar,noniid,20,2025,3,12,0.8994259834289551,0.191159963607788,0.1326053042121684,-0.0571382855314212,1.0,0.0,0.8667333333333331,-0.0394888888888889,,0.9900035540274198,0.0063459359696252,0.0063459359696252,0.1322,0.1318473283835306,0.1253470252650765,0.0490958901046025,3.1509151458740234,0.1081230640411377,0.0182,3.1509151458740234,0.1322
cifar,noniid,20,2025,3,13,0.8994259834289551,0.1882259845733642,0.1326053042121684,-0.1191677454332215,1.0,0.0,0.8667333333333331,-0.0374222222222224,,0.9900035540274198,0.00600369230529,0.00600369230529,0.1322,0.1318473283835306,0.1253470252650765,0.0490958901046025,3.1509151458740234,0.0702054500579834,0.0212,3.1509151458740234,0.1322
cifar,noniid,20,2025,3,14,0.8994259834289551,0.0860359668731689,0.1326053042121684,0.0863366474957505,1.0,0.0,0.8667333333333331,-0.0203444444444447,,0.9900035540274198,0.0178240407630726,0.0178240407630726,0.1322,0.1318473283835306,0.1253470252650765,0.0490958901046025,3.1509151458740234,0.0389759540557861,-0.0013999999999999,3.1509151458740234,0.1322
cifar,noniid,20,2025,3,15,0.8994259834289551,0.2181860208511352,0.1326053042121684,0.0571336060989609,1.0,0.0,0.8667333333333331,-0.0222222222222223,,0.9900035540274198,0.019774541759068,0.019774541759068,0.1322,0.1318473283835306,0.1253470252650765,0.0490958901046025,3.1509151458740234,0.0736031532287597,0.01,3.1509151458740234,0.1322
cifar,noniid,20,2025,3,16,0.8994259834289551,0.20169597864151,0.1326053042121684,-0.0732770487290079,1.0,0.0,0.8667333333333331,-0.0182000000000002,,0.9900035540274198,0.0061046175201724,0.0061046175201724,0.1322,0.1318473283835306,0.1253470252650765,0.0490958901046025,3.1509151458740234,0.0422379970550537,0.02,3.1509151458740234,0.1322
cifar,noniid,20,2025,3,17,0.8994259834289551,0.0849939584732055,0.1326053042121684,-0.258616069833633,1.0,0.0,0.8667333333333331,-0.0312000000000001,,0.9900035540274198,-0.0016423922061171,0.0016423922061171,0.1322,0.1318473283835306,0.1253470252650765,0.0490958901046025,3.1509151458740234,0.1072487831115722,0.029,3.1509151458740234,0.1322
cifar,noniid,20,2025,3,18,0.8994259834289551,-0.0421479940414428,0.1326053042121684,-0.0556107350677005,1.0,0.0,0.8667333333333331,-0.0144888888888892,,0.9900035540274198,0.0106497500241994,0.0106497500241994,0.1322,0.1318473283835306,0.1253470252650765,0.0490958901046025,3.1509151458740234,0.0732004642486572,0.004,3.1509151458740234,0.1322
cifar,noniid,20,2025,3,19,0.8994259834289551,0.1872539520263672,0.1326053042121684,-0.1025863334184935,1.0,0.0,0.8667333333333331,-0.0112222222222222,,0.9900035540274198,0.0056904455336644,0.0056904455336644,0.1322,0.1318473283835306,0.1253470252650765,0.0490958901046025,3.1509151458740234,0.0848414897918701,0.0206,3.1509151458740234,0.1322
cifar,noniid,20,2025,4,0,0.6857379674911499,0.0340579748153686,0.0764163372859025,-0.0196288604542105,1.0,0.0,0.7862444444444445,0.0190222222222222,,0.9713424981906886,0.0077248630958729,0.0077248630958729,0.1514,0.1704290099929758,0.1466974323486361,0.0692482322173398,3.017259359359741,0.1436536312103271,0.0158,3.017259359359741,0.1514
cifar,noniid,20,2025,4,1,0.6857379674911499,0.0095439553260803,0.0764163372859025,-0.0102411592753079,1.0,0.0,0.7862444444444445,0.0105555555555556,,0.9713424981906886,0.0091310517718328,0.0091310517718328,0.1514,0.1704290099929758,0.1466974323486361,0.0692482322173398,3.017259359359741,0.0945303440093994,0.0085999999999999,3.017259359359741,0.1514
cifar,noniid,20,2025,4,2,0.6857379674911499,0.0475739240646362,0.0764163372859025,-0.0104782496086844,1.0,0.0,0.7862444444444445,-0.0191333333333332,,0.9713424981906886,0.0054567707927072,0.0054567707927072,0.1514,0.1704290099929758,0.1466974323486361,0.0692482322173398,3.017259359359741,0.0930285453796386,0.0123999999999999,3.017259359359741,0.1514
cifar,noniid,20,2025,4,3,0.6857379674911499,0.0644979476928711,0.0764163372859025,-0.0742685942209468,1.0,0.0,0.7862444444444445,-0.0424444444444445,,0.9713424981906886,0.0026518770733933,0.0026518770733933,0.1514,0.1704290099929758,0.1466974323486361,0.0692482322173398,3.017259359359741,0.0948500633239746,0.0249999999999999,3.017259359359741,0.1514
cifar,noniid,20,2025,4,4,0.6857379674911499,-0.1120440363883972,0.0764163372859025,-0.0301177536231884,1.0,0.0,0.7862444444444445,-0.0001111111111109,,0.9713424981906886,0.0064172672795604,0.0064172672795604,0.1514,0.1704290099929758,0.1466974323486361,0.0692482322173398,3.017259359359741,0.0920028686523437,0.0095999999999999,3.017259359359741,0.1514
cifar,noniid,20,2025,4,5,0.6857379674911499,0.0421299934387207,0.0764163372859025,-0.2049395949174873,1.0,0.0,0.7862444444444445,-0.0058666666666664,,0.9713424981906886,-0.0073847591336591,0.0073847591336591,0.1514,0.1704290099929758,0.1466974323486361,0.0692482322173398,3.017259359359741,0.12969970703125,0.0382,3.017259359359741,0.1514
cifar,noniid,20,2025,4,6,0.6857379674911499,0.0643079280853271,0.0764163372859025,-0.0096668764874117,1.0,0.0,0.7862444444444445,0.0281333333333333,,0.9713424981906886,0.005142534897546,0.005142534897546,0.1514,0.1704290099929758,0.1466974323486361,0.0692482322173398,3.017259359359741,0.0727386474609375,0.0142,3.017259359359741,0.1514
cifar,noniid,20,2025,4,7,0.6857379674911499,-0.0063580274581909,0.0764163372859025,-0.325004621861522,1.0,0.0,0.7862444444444445,-0.0169777777777775,,0.9713424981906886,-0.0128382158325506,0.0128382158325506,0.1514,0.1704290099929758,0.1466974323486361,0.0692482322173398,3.017259359359741,0.1072850227355957,0.0416,3.017259359359741,0.1514
cifar,noniid,20,2025,4,8,0.6857379674911499,0.067423939704895,0.0764163372859025,-0.1454486144825862,1.0,0.0,0.7862444444444445,-0.0159777777777776,,0.9713424981906886,-0.0026712625159905,0.0026712625159905,0.1514,0.1704290099929758,0.1466974323486361,0.0692482322173398,3.017259359359741,0.0682110786437988,0.0308,3.017259359359741,0.1514
cifar,noniid,20,2025,4,9,0.6857379674911499,-0.006301999092102,0.0764163372859025,0.0042092528172376,1.0,0.0,0.7862444444444445,-0.0309333333333332,,0.9713424981906886,0.003734417665596,0.003734417665596,0.1514,0.1704290099929758,0.1466974323486361,0.0692482322173398,3.017259359359741,0.0795469284057617,0.0065999999999999,3.017259359359741,0.1514
cifar,noniid,20,2025,4,10,0.6857379674911499,-0.0348560214042663,0.0764163372859025,0.0073049127442945,1.0,0.0,0.7862444444444445,-0.0129333333333334,,0.9713424981906886,0.0036144056127849,0.0036144056127849,0.1514,0.1704290099929758,0.1466974323486361,0.0692482322173398,3.017259359359741,0.0588409900665283,0.0072,3.017259359359741,0.1514
cifar,noniid,20,2025,4,11,0.6857379674911499,0.0314459800720214,0.0764163372859025,-0.1493901143270007,1.0,0.0,0.7862444444444445,0.0077555555555557,,0.9713424981906886,-0.0040668476176968,0.0040668476176968,0.1514,0.1704290099929758,0.1466974323486361,0.0692482322173398,3.017259359359741,0.0545897483825683,0.0302,3.017259359359741,0.1514
cifar,noniid,20,2025,4,12,0.6857379674911499,0.047383964061737,0.0764163372859025,-0.1487060118168707,1.0,0.0,0.7862444444444445,-0.0086888888888887,,0.9713424981906886,-0.0029231723173769,0.0029231723173769,0.1514,0.1704290099929758,0.1466974323486361,0.0692482322173398,3.017259359359741,0.1297740936279297,0.0326,3.017259359359741,0.1514
cifar,noniid,20,2025,4,13,0.6857379674911499,0.0629379749298095,0.0764163372859025,-0.1646260079909704,1.0,0.0,0.7862444444444445,-0.0043555555555554,,0.9713424981906886,-0.0046488311529386,0.0046488311529386,0.1514,0.1704290099929758,0.1466974323486361,0.0692482322173398,3.017259359359741,0.0800743103027343,0.0316,3.017259359359741,0.1514
cifar,noniid,20,2025,4,14,0.6857379674911499,0.043597936630249,0.0764163372859025,0.0045853513704095,1.0,0.0,0.7862444444444445,0.0151111111111112,,0.9713424981906886,0.0050575870387815,0.0050575870387815,0.1514,0.1704290099929758,0.1466974323486361,0.0692482322173398,3.017259359359741,0.0556273460388183,0.0128,3.017259359359741,0.1514
cifar,noniid,20,2025,4,15,0.6857379674911499,0.0735719799995422,0.0764163372859025,-0.0596692896254124,1.0,0.0,0.7862444444444445,0.0089888888888889,,0.9713424981906886,0.0031359178822931,0.0031359178822931,0.1514,0.1704290099929758,0.1466974323486361,0.0692482322173398,3.017259359359741,0.0971515178680419,0.0242,3.017259359359741,0.1514
cifar,noniid,20,2025,4,16,0.6857379674911499,0.0400279760360717,0.0764163372859025,-0.1922403791320079,1.0,0.0,0.7862444444444445,0.026288888888889,,0.9713424981906886,-0.0051237553939043,0.0051237553939043,0.1514,0.1704290099929758,0.1466974323486361,0.0692482322173398,3.017259359359741,0.0616097450256347,0.034,3.017259359359741,0.1514
cifar,noniid,20,2025,4,17,0.6857379674911499,-0.0168760418891906,0.0764163372859025,-0.2687793922514641,1.0,0.0,0.7862444444444445,0.0741444444444443,,0.9713424981906886,-0.0123280338646456,0.0123280338646456,0.1514,0.1704290099929758,0.1466974323486361,0.0692482322173398,3.017259359359741,0.138608694076538,0.0414,3.017259359359741,0.1514
cifar,noniid,20,2025,4,18,0.6857379674911499,-0.0571380257606506,0.0764163372859025,-0.0018197935818073,1.0,0.0,0.7862444444444445,-0.0191444444444444,,0.9713424981906886,0.006837154097439,0.006837154097439,0.1514,0.1704290099929758,0.1466974323486361,0.0692482322173398,3.017259359359741,0.0952341556549072,0.008,3.017259359359741,0.1514
cifar,noniid,20,2025,4,19,0.6857379674911499,0.0415659546852111,0.0764163372859025,-0.2073900066206083,1.0,0.0,0.7862444444444445,-0.0429111111111111,,0.9713424981906886,-0.0065033711538371,0.0065033711538371,0.1514,0.1704290099929758,0.1466974323486361,0.0692482322173398,3.017259359359741,0.1023070812225341,0.0352,3.017259359359741,0.1514
cifar,noniid,20,2025,5,0,0.6375659704208374,0.0150419473648071,0.0846938775510204,-0.0216891011723838,1.0,0.0,0.7355777777777779,-0.0349333333333334,,0.9594493831745408,0.005447350674974,0.005447350674974,0.1972,0.2767466651140912,0.1937803738381111,0.1285291405839294,2.752356767654419,0.1446619033813476,0.0301999999999999,2.752356767654419,0.1972
cifar,noniid,20,2025,5,1,0.6375659704208374,-0.0028040409088134,0.0846938775510204,-0.0001898433792121,1.0,0.0,0.7355777777777779,-0.0743333333333331,,0.9594493831745408,0.0031378738895473,0.0031378738895473,0.1972,0.2767466651140912,0.1937803738381111,0.1285291405839294,2.752356767654419,0.0987627506256103,0.0242,2.752356767654419,0.1972
cifar,noniid,20,2025,5,2,0.6375659704208374,0.0182639360427856,0.0846938775510204,-0.0158841571310605,1.0,0.0,0.7355777777777779,-0.0366444444444442,,0.9594493831745408,0.0055566967550166,0.0055566967550166,0.1972,0.2767466651140912,0.1937803738381111,0.1285291405839294,2.752356767654419,0.1082937717437744,0.0253999999999999,2.752356767654419,0.1972
cifar,noniid,20,2025,5,3,0.6375659704208374,0.0512239933013916,0.0846938775510204,-0.0432965530709891,1.0,0.0,0.7355777777777779,-0.0644666666666664,,0.9594493831745408,0.0071314068725414,0.0071314068725414,0.1972,0.2767466651140912,0.1937803738381111,0.1285291405839294,2.752356767654419,0.1177754402160644,0.0323999999999999,2.752356767654419,0.1972
cifar,noniid,20,2025,5,4,0.6375659704208374,-0.0649200677871704,0.0846938775510204,0.0053987233659983,1.0,0.0,0.7355777777777779,-0.0271999999999996,,0.9594493831745408,0.0080019530924929,0.0080019530924929,0.1972,0.2767466651140912,0.1937803738381111,0.1285291405839294,2.752356767654419,0.1081569194793701,0.0159999999999999,2.752356767654419,0.1972
cifar,noniid,20,2025,5,5,0.6375659704208374,0.063539981842041,0.0846938775510204,-0.0799484976176705,1.0,0.0,0.7355777777777779,0.0081555555555556,,0.9594493831745408,-0.0026608936618487,0.0026608936618487,0.1972,0.2767466651140912,0.1937803738381111,0.1285291405839294,2.752356767654419,0.1496737003326416,0.0501999999999999,2.752356767654419,0.1972
cifar,noniid,20,2025,5,6,0.6375659704208374,0.0297619700431823,0.0846938775510204,-0.004323463489442,1.0,0.0,0.7355777777777779,-0.0700444444444441,,0.9594493831745408,0.0005293236529054,0.0005293236529054,0.1972,0.2767466651140912,0.1937803738381111,0.1285291405839294,2.752356767654419,0.0916178226470947,0.0232,2.752356767654419,0.1972
cifar,noniid,20,2025,5,7,0.6375659704208374,0.0608599781990051,0.0846938775510204,-0.1282441278398151,1.0,0.0,0.7355777777777779,0.015788888888889,,0.9594493831745408,-0.0066843791331414,0.0066843791331414,0.1972,0.2767466651140912,0.1937803738381111,0.1285291405839294,2.752356767654419,0.126591682434082,0.0489999999999999,2.752356767654419,0.1972
cifar,noniid,20,2025,5,8,0.6375659704208374,0.0665519833564758,0.0846938775510204,-0.0519967699309939,1.0,0.0,0.7355777777777779,-0.0013777777777777,,0.9594493831745408,0.0023576494757223,0.0023576494757223,0.1972,0.2767466651140912,0.1937803738381111,0.1285291405839294,2.752356767654419,0.0826165676116943,0.0358,2.752356767654419,0.1972
cifar,noniid,20,2025,5,9,0.6375659704208374,-0.0121340155601501,0.0846938775510204,0.0067277758561051,1.0,0.0,0.7355777777777779,-0.0454888888888886,,0.9594493831745408,0.0028969468577125,0.0028969468577125,0.1972,0.2767466651140912,0.1937803738381111,0.1285291405839294,2.752356767654419,0.0888452529907226,0.0207999999999999,2.752356767654419,0.1972
cifar,noniid,20,2025,5,10,0.6375659704208374,-0.0257600545883178,0.0846938775510204,0.0126317932938141,1.0,0.0,0.7355777777777779,-0.0448666666666663,,0.9594493831745408,0.0076943289143637,0.0076943289143637,0.1972,0.2767466651140912,0.1937803738381111,0.1285291405839294,2.752356767654419,0.072847843170166,0.0157999999999999,2.752356767654419,0.1972
cifar,noniid,20,2025,5,11,0.6375659704208374,0.0501579642295837,0.0846938775510204,-0.0476767602347798,1.0,0.0,0.7355777777777779,-0.0718222222222222,,0.9594493831745408,0.0016407980529548,0.0016407980529548,0.1972,0.2767466651140912,0.1937803738381111,0.1285291405839294,2.752356767654419,0.0696663856506347,0.0345999999999999,2.752356767654419,0.1972
cifar,noniid,20,2025,5,12,0.6375659704208374,0.0505160093307495,0.0846938775510204,-0.0662495186753946,1.0,0.0,0.7355777777777779,-0.0614888888888889,,0.9594493831745408,0.0014244551412717,0.0014244551412717,0.1972,0.2767466651140912,0.1937803738381111,0.1285291405839294,2.752356767654419,0.1526150703430175,0.0436,2.752356767654419,0.1972
cifar,noniid,20,2025,5,13,0.6375659704208374,0.0764139890670776,0.0846938775510204,-0.062005388952647,1.0,0.0,0.7355777777777779,-0.0426666666666666,,0.9594493831745408,0.0025400641814116,0.0025400641814116,0.1972,0.2767466651140912,0.1937803738381111,0.1285291405839294,2.752356767654419,0.0868721008300781,0.0355999999999999,2.752356767654419,0.1972
cifar,noniid,20,2025,5,14,0.6375659704208374,0.0221579670906066,0.0846938775510204,-0.0050644653718794,1.0,0.0,0.7355777777777779,-0.0205555555555556,,0.9594493831745408,0.006044855889051,0.006044855889051,0.1972,0.2767466651140912,0.1937803738381111,0.1285291405839294,2.752356767654419,0.0716786384582519,0.0249999999999999,2.752356767654419,0.1972
cifar,noniid,20,2025,5,15,0.6375659704208374,0.0490199327468872,0.0846938775510204,-0.0313012384440955,1.0,0.0,0.7355777777777779,-0.027511111111111,,0.9594493831745408,0.001233342000425,0.001233342000425,0.1972,0.2767466651140912,0.1937803738381111,0.1285291405839294,2.752356767654419,0.1169822216033935,0.0358,2.752356767654419,0.1972
cifar,noniid,20,2025,5,16,0.6375659704208374,0.0490119457244873,0.0846938775510204,-0.0708346765194534,1.0,0.0,0.7355777777777779,-0.0321777777777778,,0.9594493831745408,0.0008331514468927,0.0008331514468927,0.1972,0.2767466651140912,0.1937803738381111,0.1285291405839294,2.752356767654419,0.0833611488342285,0.0387999999999999,2.752356767654419,0.1972
cifar,noniid,20,2025,5,17,0.6375659704208374,0.0514599680900573,0.0846938775510204,-0.1041950113378684,1.0,0.0,0.7355777777777779,-0.0165111111111109,,0.9594493831745408,-0.0041778505391439,0.0041778505391439,0.1972,0.2767466651140912,0.1937803738381111,0.1285291405839294,2.752356767654419,0.165398359298706,0.0571999999999999,2.752356767654419,0.1972
cifar,noniid,20,2025,5,18,0.6375659704208374,-0.0356260538101196,0.0846938775510204,0.0018400225452666,1.0,0.0,0.7355777777777779,-0.0356666666666665,,0.9594493831745408,0.0039907496189744,0.0039907496189744,0.1972,0.2767466651140912,0.1937803738381111,0.1285291405839294,2.752356767654419,0.1082847118377685,0.0242,2.752356767654419,0.1972
cifar,noniid,20,2025,5,19,0.6375659704208374,0.0650919675827026,0.0846938775510204,-0.0862905784075288,1.0,0.0,0.7355777777777779,0.0366000000000004,,0.9594493831745408,-0.001638308706391,0.001638308706391,0.1972,0.2767466651140912,0.1937803738381111,0.1285291405839294,2.752356767654419,0.1170542240142822,0.0449999999999999,2.752356767654419,0.1972
cifar,noniid,20,2025,6,0,0.5631619691848755,-0.0237619876861572,0.117145073700543,0.0074511961495226,0.9991476667376944,-0.0004261666311528,0.6336111111111111,-0.0144111111111111,,0.9498813780562784,0.0095673655134476,0.0095673655134476,0.257,0.521260830585438,0.2548489413924455,0.1870325878906911,2.323167085647583,0.1265883445739746,0.0178,2.323167085647583,0.257
cifar,noniid,20,2025,6,1,0.5631619691848755,-0.0396180152893066,0.117145073700543,0.0195423339745156,0.9991476667376944,-0.0004261666311528,0.6336111111111111,-0.0341444444444443,,0.9498813780562784,0.008892580825069,0.008892580825069,0.257,0.521260830585438,0.2548489413924455,0.1870325878906911,2.323167085647583,0.077366828918457,0.0176,2.323167085647583,0.257
cifar,noniid,20,2025,6,2,0.5631619691848755,-0.0122359991073608,0.117145073700543,0.005297517776765,0.9991476667376944,-0.0006392499467292,0.6336111111111111,-0.0032555555555557,,0.9498813780562784,0.0082271604711356,0.0082271604711356,0.257,0.521260830585438,0.2548489413924455,0.1870325878906911,2.323167085647583,0.087918996810913,0.0126,2.323167085647583,0.257
cifar,noniid,20,2025,6,3,0.5631619691848755,0.0071239471435546,0.117145073700543,4.313604258181225e-05,0.9991476667376944,-0.0008523332623056,0.6336111111111111,-0.0339222222222224,,0.9498813780562784,0.0107324584143398,0.0107324584143398,0.257,0.521260830585438,0.2548489413924455,0.1870325878906911,2.323167085647583,0.1251947879791259,0.0146,2.323167085647583,0.257
cifar,noniid,20,2025,6,4,0.5631619691848755,-0.066006064414978,0.117145073700543,0.0011183625152342,0.9991476667376944,-0.0006392499467292,0.6336111111111111,-0.0364777777777778,,0.9498813780562784,0.0011854986521454,0.0011854986521454,0.257,0.521260830585438,0.2548489413924455,0.1870325878906911,2.323167085647583,0.1127262115478515,0.0158,2.323167085647583,0.257
cifar,noniid,20,2025,6,5,0.5631619691848755,0.0228519439697265,0.117145073700543,0.0169645682853806,0.9991476667376944,-0.0006392499467292,0.6336111111111111,-0.0097,,0.9498813780562784,0.0032366687321487,0.0032366687321487,0.257,0.521260830585438,0.2548489413924455,0.1870325878906911,2.323167085647583,0.1481492519378662,0.0258,2.323167085647583,0.257
cifar,noniid,20,2025,6,6,0.5631619691848755,-0.0100480318069458,0.117145073700543,0.0165631950638015,0.9991476667376944,-0.0008523332623056,0.6336111111111111,0.0007444444444446,,0.9498813780562784,0.0030101727289055,0.0030101727289055,0.257,0.521260830585438,0.2548489413924455,0.1870325878906911,2.323167085647583,0.099255084991455,0.012,2.323167085647583,0.257
cifar,noniid,20,2025,6,7,0.5631619691848755,0.0398879647254943,0.117145073700543,0.0051659070338763,0.9991476667376944,-0.0008523332623056,0.6336111111111111,0.0164111111111111,,0.9498813780562784,0.0068853084627782,0.0068853084627782,0.257,0.521260830585438,0.2548489413924455,0.1870325878906911,2.323167085647583,0.1210603713989257,0.0181999999999999,2.323167085647583,0.257
cifar,noniid,20,2025,6,8,0.5631619691848755,0.0273239612579345,0.117145073700543,0.0080846710159793,0.9991476667376944,-0.0008523332623056,0.6336111111111111,-0.0315666666666665,,0.9498813780562784,0.0114650862813624,0.0114650862813624,0.257,0.521260830585438,0.2548489413924455,0.1870325878906911,2.323167085647583,0.0846855640411377,0.0084,2.323167085647583,0.257
cifar,noniid,20,2025,6,9,0.5631619691848755,-0.041200041770935,0.117145073700543,0.0145378407316616,0.9991476667376944,-0.0004261666311528,0.6336111111111111,-0.0421888888888888,,0.9498813780562784,0.003572239957748,0.003572239957748,0.257,0.521260830585438,0.2548489413924455,0.1870325878906911,2.323167085647583,0.086127758026123,0.017,2.323167085647583,0.257
cifar,noniid,20,2025,6,10,0.5631619691848755,-0.0373860597610473,0.117145073700543,0.0175600114598791,0.9991476667376944,-0.0008523332623056,0.6336111111111111,-0.0233888888888889,,0.9498813780562784,0.0017430655405006,0.0017430655405006,0.257,0.521260830585438,0.2548489413924455,0.1870325878906911,2.323167085647583,0.0757923126220703,0.0142,2.323167085647583,0.257
cifar,noniid,20,2025,6,11,0.5631619691848755,0.038703978061676,0.117145073700543,0.0165679920847145,0.9991476667376944,-0.0004261666311528,0.6336111111111111,-0.0739888888888888,,0.9498813780562784,0.0088391131184302,0.0088391131184302,0.257,0.521260830585438,0.2548489413924455,0.1870325878906911,2.323167085647583,0.0628192424774169,0.0054,2.323167085647583,0.257
cifar,noniid,20,2025,6,12,0.5631619691848755,-0.0061020255088806,0.117145073700543,-0.0027483543634001,0.9991476667376944,-0.0008523332623056,0.6336111111111111,-0.0351444444444444,,0.9498813780562784,0.0042637800239695,0.0042637800239695,0.257,0.521260830585438,0.2548489413924455,0.1870325878906911,2.323167085647583,0.1514730453491211,0.0226,2.323167085647583,0.257
cifar,noniid,20,2025,6,13,0.5631619691848755,0.0209980010986328,0.117145073700543,0.0007296633152834,0.9991476667376944,-0.0004261666311528,0.6336111111111111,-0.0142777777777776,,0.9498813780562784,0.0101017715131094,0.0101017715131094,0.257,0.521260830585438,0.2548489413924455,0.1870325878906911,2.323167085647583,0.0811579227447509,0.0116,2.323167085647583,0.257
cifar,noniid,20,2025,6,14,0.5631619691848755,-0.0118700265884399,0.117145073700543,0.0102110720296992,0.9991476667376944,-0.0008523332623056,0.6336111111111111,-0.0256555555555555,,0.9498813780562784,0.0016619652645042,0.0016619652645042,0.257,0.521260830585438,0.2548489413924455,0.1870325878906911,2.323167085647583,0.0828478336334228,0.0133999999999999,2.323167085647583,0.257
cifar,noniid,20,2025,6,15,0.5631619691848755,0.002139925956726,0.117145073700543,0.0181867403672097,0.9991476667376944,-0.0006392499467292,0.6336111111111111,-0.0117222222222221,,0.9498813780562784,0.0064781757333529,0.0064781757333529,0.257,0.521260830585438,0.2548489413924455,0.1870325878906911,2.323167085647583,0.1257820129394531,0.021,2.323167085647583,0.257
cifar,noniid,20,2025,6,16,0.5631619691848755,0.0143659710884094,0.117145073700543,0.0005069947983132,0.9991476667376944,-0.0008523332623056,0.6336111111111111,-0.0284777777777776,,0.9498813780562784,0.0152818236424527,0.0152818236424527,0.257,0.521260830585438,0.2548489413924455,0.1870325878906911,2.323167085647583,0.0851593017578125,0.0148,2.323167085647583,0.257
cifar,noniid,20,2025,6,17,0.5631619691848755,0.029833972454071,0.117145073700543,0.0099040104558134,0.9991476667376944,-0.0008523332623056,0.6336111111111111,-0.0084999999999999,,0.9498813780562784,0.0043099895045195,0.0043099895045195,0.257,0.521260830585438,0.2548489413924455,0.1870325878906911,2.323167085647583,0.1603584289550781,0.0322,2.323167085647583,0.257
cifar,noniid,20,2025,6,18,0.5631619691848755,-0.0761580467224121,0.117145073700543,0.0093189867440213,0.9991476667376944,-0.0008523332623056,0.6336111111111111,-0.0365222222222223,,0.9498813780562784,0.0044563877048073,0.0044563877048073,0.257,0.521260830585438,0.2548489413924455,0.1870325878906911,2.323167085647583,0.1065959930419921,0.0249999999999999,2.323167085647583,0.257
cifar,noniid,20,2025,6,19,0.5631619691848755,0.0314719676971435,0.117145073700543,0.0088261828859849,0.9991476667376944,-0.0008523332623056,0.6336111111111111,-0.0435444444444443,,0.9498813780562784,0.007540850312919,0.007540850312919,0.257,0.521260830585438,0.2548489413924455,0.1870325878906911,2.323167085647583,0.1058623790740966,0.0174,2.323167085647583,0.257
cifar,noniid,20,2025,7,0,0.459414005279541,-0.0508120059967041,0.1273051754907793,0.001426581241578,0.9962255795762072,0.0013395791500405,0.7414888888888889,-0.0172888888888889,,0.9348233749732328,-0.0047465152121073,0.0047465152121073,0.3344,0.6105637228580703,0.334058250881832,0.2836801327364331,1.9572420120239256,0.0889437198638916,0.0217999999999999,1.9572420120239256,0.3344
cifar,noniid,20,2025,7,1,0.459414005279541,-0.0430400371551513,0.1273051754907793,0.0157036622499218,0.9962255795762072,0.0008523332623056,0.7414888888888889,0.0331999999999998,,0.9348233749732328,0.0029073409007012,0.0029073409007012,0.3344,0.6105637228580703,0.334058250881832,0.2836801327364331,1.9572420120239256,0.0444848537445068,0.0207999999999999,1.9572420120239256,0.3344
cifar,noniid,20,2025,7,2,0.459414005279541,-0.0220839977264404,0.1273051754907793,0.008137457962406,0.9962255795762072,0.0017657457811932,0.7414888888888889,0.0152333333333332,,0.9348233749732328,-0.0008376657499796,0.0008376657499796,0.3344,0.6105637228580703,0.334058250881832,0.2836801327364331,1.9572420120239256,0.0708930492401123,0.0171999999999999,1.9572420120239256,0.3344
cifar,noniid,20,2025,7,3,0.459414005279541,-0.0242959856986999,0.1273051754907793,-0.006412035001863,0.9962255795762072,0.0002741625721586,0.7414888888888889,0.0207111111111111,,0.9348233749732328,-0.001167324078,0.001167324078,0.3344,0.6105637228580703,0.334058250881832,0.2836801327364331,1.9572420120239256,0.1125473976135253,0.0221999999999999,1.9572420120239256,0.3344
cifar,noniid,20,2025,7,4,0.459414005279541,-0.041920006275177,0.1273051754907793,-0.0039886422275126,0.9962255795762072,0.0013395791500405,0.7414888888888889,0.0085555555555554,,0.9348233749732328,-0.0019239369280658,0.0019239369280658,0.3344,0.6105637228580703,0.334058250881832,0.2836801327364331,1.9572420120239256,0.0972745418548584,0.0239999999999999,1.9572420120239256,0.3344
cifar,noniid,20,2025,7,5,0.459414005279541,-0.0246040225028991,0.1273051754907793,0.0353286588567284,0.9962255795762072,0.0013395791500405,0.7414888888888889,0.0276666666666667,,0.9348233749732328,0.005742974685451,0.005742974685451,0.3344,0.6105637228580703,0.334058250881832,0.2836801327364331,1.9572420120239256,0.1181442737579345,0.0272,1.9572420120239256,0.3344
cifar,noniid,20,2025,7,6,0.459414005279541,-0.0338640213012695,0.1273051754907793,0.018315027707528,0.9962255795762072,6.107925658216384e-05,0.7414888888888889,0.025111111111111,,0.9348233749732328,0.0003275547029567,0.0003275547029567,0.3344,0.6105637228580703,0.334058250881832,0.2836801327364331,1.9572420120239256,0.0779471397399902,0.0136,1.9572420120239256,0.3344
cifar,noniid,20,2025,7,7,0.459414005279541,-0.0057359933853149,0.1273051754907793,0.0126756631411909,0.9962255795762072,6.107925658216384e-05,0.7414888888888889,0.0111777777777777,,0.9348233749732328,0.0035438780944384,0.0035438780944384,0.3344,0.6105637228580703,0.334058250881832,0.2836801327364331,1.9572420120239256,0.0947329998016357,0.0157999999999999,1.9572420120239256,0.3344
cifar,noniid,20,2025,7,8,0.459414005279541,-0.0195580124855041,0.1273051754907793,0.0158519735203359,0.9962255795762072,0.0002741625721586,0.7414888888888889,0.0177111111111112,,0.9348233749732328,0.0005829691732112,0.0005829691732112,0.3344,0.6105637228580703,0.334058250881832,0.2836801327364331,1.9572420120239256,0.0707814693450927,0.0105999999999999,1.9572420120239256,0.3344
cifar,noniid,20,2025,7,9,0.459414005279541,-0.0376819968223571,0.1273051754907793,0.0102906277361935,0.9962255795762072,-0.0002130833155763,0.7414888888888889,0.0137111111111112,,0.9348233749732328,-0.003234457844096,0.003234457844096,0.3344,0.6105637228580703,0.334058250881832,0.2836801327364331,1.9572420120239256,0.0650444030761718,0.0201999999999999,1.9572420120239256,0.3344
cifar,noniid,20,2025,7,10,0.459414005279541,-0.026877999305725,0.1273051754907793,0.0098428639329903,0.9962255795762072,0.0013395791500405,0.7414888888888889,0.0030000000000001,,0.9348233749732328,-0.0011854450589167,0.0011854450589167,0.3344,0.6105637228580703,0.334058250881832,0.2836801327364331,1.9572420120239256,0.0583531856536865,0.0161999999999999,1.9572420120239256,0.3344
cifar,noniid,20,2025,7,11,0.459414005279541,0.0061200261116027,0.1273051754907793,0.0195280781239697,0.9962255795762072,-0.0004261666311526,0.7414888888888889,0.0313999999999998,,0.9348233749732328,0.0001359147557812,0.0001359147557812,0.3344,0.6105637228580703,0.334058250881832,0.2836801327364331,1.9572420120239256,0.0435822010040283,0.0061999999999999,1.9572420120239256,0.3344
cifar,noniid,20,2025,7,12,0.459414005279541,-0.0507119894027709,0.1273051754907793,-0.0009513375352727,0.9962255795762072,-0.0001520040589941,0.7414888888888889,0.0208444444444446,,0.9348233749732328,0.000108514979599,0.000108514979599,0.3344,0.6105637228580703,0.334058250881832,0.2836801327364331,1.9572420120239256,0.1339428424835205,0.0369999999999999,1.9572420120239256,0.3344
cifar,noniid,20,2025,7,13,0.459414005279541,-0.0161020159721374,0.1273051754907793,0.0008971654782636,0.9962255795762072,0.0017657457811932,0.7414888888888889,0.0120444444444445,,0.9348233749732328,-0.0036766371493719,0.0036766371493719,0.3344,0.6105637228580703,0.334058250881832,0.2836801327364331,1.9572420120239256,0.0666291713714599,0.0167999999999999,1.9572420120239256,0.3344
cifar,noniid,20,2025,7,14,0.459414005279541,-0.0319439768791198,0.1273051754907793,0.0065292055283262,0.9962255795762072,0.0007003292033113,0.7414888888888889,0.0257777777777776,,0.9348233749732328,0.0005074987553753,0.0005074987553753,0.3344,0.6105637228580703,0.334058250881832,0.2836801327364331,1.9572420120239256,0.067537784576416,0.0163999999999999,1.9572420120239256,0.3344
cifar,noniid,20,2025,7,15,0.459414005279541,-0.0212159752845764,0.1273051754907793,0.005082953268557,0.9962255795762072,0.0004872458877349,0.7414888888888889,0.0778888888888889,,0.9348233749732328,-0.0009433364410698,0.0009433364410698,0.3344,0.6105637228580703,0.334058250881832,0.2836801327364331,1.9572420120239256,0.1118590831756591,0.0299999999999999,1.9572420120239256,0.3344
cifar,noniid,20,2025,7,16,0.459414005279541,-0.0213779807090759,0.1273051754907793,0.0112900430822042,0.9962255795762072,-0.0001520040589941,0.7414888888888889,-0.0035555555555555,,0.9348233749732328,0.0041119780732042,0.0041119780732042,0.3344,0.6105637228580703,0.334058250881832,0.2836801327364331,1.9572420120239256,0.0720040798187255,0.0197999999999999,1.9572420120239256,0.3344
cifar,noniid,20,2025,7,17,0.459414005279541,-0.0130099654197692,0.1273051754907793,0.0158276029314125,0.9962255795762072,0.0004872458877349,0.7414888888888889,0.0018666666666666,,0.9348233749732328,0.0003211166414376,0.0003211166414376,0.3344,0.6105637228580703,0.334058250881832,0.2836801327364331,1.9572420120239256,0.1386775970458984,0.0301999999999999,1.9572420120239256,0.3344
cifar,noniid,20,2025,7,18,0.459414005279541,-0.0712319612503051,0.1273051754907793,-0.0069140936122107,0.9962255795762072,0.0004872458877349,0.7414888888888889,0.0048666666666665,,0.9348233749732328,-0.0005957207628302,0.0005957207628302,0.3344,0.6105637228580703,0.334058250881832,0.2836801327364331,1.9572420120239256,0.081362247467041,0.0365999999999999,1.9572420120239256,0.3344
cifar,noniid,20,2025,7,19,0.459414005279541,-0.0132039785385131,0.1273051754907793,0.0166829253336454,0.9962255795762072,0.0004872458877349,0.7414888888888889,0.0168888888888887,,0.9348233749732328,0.0048844571951905,0.0048844571951905,0.3344,0.6105637228580703,0.334058250881832,0.2836801327364331,1.9572420120239256,0.0891258716583252,0.0173999999999999,1.9572420120239256,0.3344
cifar,noniid,20,2025,8,0,0.3883079886436462,-0.0451720356941223,0.1003861003861003,-0.0102153267290882,0.989529071990927,0.0058754080337268,0.6520888888888887,0.0280222222222221,,0.935308081837166,0.0090022011285799,0.0090022011285799,0.4124,0.5935738092035211,0.4128101255766204,0.3907724613816245,1.6419283151626587,0.0667513608932495,0.0243999999999999,1.6419283151626587,0.4124
cifar,noniid,20,2025,8,1,0.3883079886436462,-0.0278699994087219,0.1003861003861003,0.0004840435790484,0.989529071990927,-0.0002741625721585,0.6520888888888887,0.0672888888888887,,0.935308081837166,0.0068946231179779,0.0068946231179779,0.4124,0.5935738092035211,0.4128101255766204,0.3907724613816245,1.6419283151626587,0.0154842138290405,0.0101999999999999,1.6419283151626587,0.4124
cifar,noniid,20,2025,8,2,0.3883079886436462,-0.0204100012779235,0.1003861003861003,-0.0033028328142984,0.989529071990927,0.0050230747714212,0.6520888888888887,-0.0091333333333334,,0.935308081837166,0.0102656489625277,0.0102656489625277,0.4124,0.5935738092035211,0.4128101255766204,0.3907724613816245,1.6419283151626587,0.0524474382400512,0.0166,1.6419283151626587,0.4124
cifar,noniid,20,2025,8,3,0.3883079886436462,-0.0215460062026977,0.1003861003861003,-0.0105538071639766,0.989529071990927,0.0003352418287407,0.6520888888888887,-0.0098222222222221,,0.935308081837166,0.0075176521972737,0.0075176521972737,0.4124,0.5935738092035211,0.4128101255766204,0.3907724613816245,1.6419283151626587,0.0944560766220092,0.0282,1.6419283151626587,0.4124
cifar,noniid,20,2025,8,4,0.3883079886436462,-0.0210840106010437,0.1003861003861003,-0.0047434069780438,0.989529071990927,0.0067277412960324,0.6520888888888887,0.000922222222222,,0.935308081837166,0.0068574761047033,0.0068574761047033,0.4124,0.5935738092035211,0.4128101255766204,0.3907724613816245,1.6419283151626587,0.0832533836364746,0.0229999999999999,1.6419283151626587,0.4124
cifar,noniid,20,2025,8,5,0.3883079886436462,-0.0213580131530761,0.1003861003861003,0.0183861003861003,0.989529071990927,0.002191912412346,0.6520888888888887,0.0027999999999996,,0.935308081837166,0.0089223586473977,0.0089223586473977,0.4124,0.5935738092035211,0.4128101255766204,0.3907724613816245,1.6419283151626587,0.0823993682861328,0.0211999999999999,1.6419283151626587,0.4124
cifar,noniid,20,2025,8,6,0.3883079886436462,-0.029412031173706,0.1003861003861003,0.0029348260232817,0.989529071990927,0.0007614084598934,0.6520888888888887,0.0259111111111109,,0.935308081837166,0.0041472505394064,0.0041472505394064,0.4124,0.5935738092035211,0.4128101255766204,0.3907724613816245,1.6419283151626587,0.0622069835662841,0.0153999999999999,1.6419283151626587,0.4124
cifar,noniid,20,2025,8,7,0.3883079886436462,-0.0134199857711792,0.1003861003861003,0.0039469312466345,0.989529071990927,-9.092480241201796e-05,0.6520888888888887,-0.0216444444444445,,0.935308081837166,0.0040329562454045,0.0040329562454045,0.4124,0.5935738092035211,0.4128101255766204,0.3907724613816245,1.6419283151626587,0.0770343542098999,0.0186,1.6419283151626587,0.4124
cifar,noniid,20,2025,8,8,0.3883079886436462,-0.0211359858512878,0.1003861003861003,0.0031365915452359,0.989529071990927,0.0018268250377754,0.6520888888888887,-0.0541333333333338,,0.935308081837166,0.0023592611703057,0.0023592611703057,0.4124,0.5935738092035211,0.4128101255766204,0.3907724613816245,1.6419283151626587,0.0541146993637084,0.0095999999999999,1.6419283151626587,0.4124
cifar,noniid,20,2025,8,9,0.3883079886436462,-0.0163140296936035,0.1003861003861003,0.0009330919325946,0.989529071990927,0.0049619955148392,0.6520888888888887,-0.0386333333333337,,0.935308081837166,0.0098824871383823,0.0098824871383823,0.4124,0.5935738092035211,0.4128101255766204,0.3907724613816245,1.6419283151626587,0.0427359342575073,0.0157999999999999,1.6419283151626587,0.4124
cifar,noniid,20,2025,8,10,0.3883079886436462,-0.0103160142898559,0.1003861003861003,0.0026304894135318,0.989529071990927,0.0050230747714212,0.6520888888888887,-0.0002111111111113,,0.935308081837166,0.0061027251467385,0.0061027251467385,0.4124,0.5935738092035211,0.4128101255766204,0.3907724613816245,1.6419283151626587,0.044558048248291,0.0161999999999999,1.6419283151626587,0.4124
cifar,noniid,20,2025,8,11,0.3883079886436462,-0.0037980079650878,0.1003861003861003,0.0040933704872077,0.989529071990927,0.0077931578739144,0.6520888888888887,-0.0115777777777779,,0.935308081837166,0.0091935263978895,0.0091935263978895,0.4124,0.5935738092035211,0.4128101255766204,0.3907724613816245,1.6419283151626587,0.0269610881805419,0.0024,1.6419283151626587,0.4124
cifar,noniid,20,2025,8,12,0.3883079886436462,-0.0298900008201599,0.1003861003861003,-0.0058638996138996,0.989529071990927,0.0018268250377754,0.6520888888888887,0.0265555555555554,,0.935308081837166,0.0093084917914809,0.0093084917914809,0.4124,0.5935738092035211,0.4128101255766204,0.3907724613816245,1.6419283151626587,0.1031086444854736,0.0323999999999999,1.6419283151626587,0.4124
cifar,noniid,20,2025,8,13,0.3883079886436462,-0.0188980102539062,0.1003861003861003,-0.0055080055080055,0.989529071990927,0.0056623247181505,0.6520888888888887,0.001211111111111,,0.935308081837166,0.0075008308256344,0.0075008308256344,0.4124,0.5935738092035211,0.4128101255766204,0.3907724613816245,1.6419283151626587,0.0556704998016357,0.0176,1.6419283151626587,0.4124
cifar,noniid,20,2025,8,14,0.3883079886436462,-0.0196300148963928,0.1003861003861003,-0.0049303553101021,0.989529071990927,0.0035314915623866,0.6520888888888887,0.0043555555555554,,0.935308081837166,0.0087543519700792,0.0087543519700792,0.4124,0.5935738092035211,0.4128101255766204,0.3907724613816245,1.6419283151626587,0.0594497919082641,0.0206,1.6419283151626587,0.4124
cifar,noniid,20,2025,8,15,0.3883079886436462,-0.0029320120811462,0.1003861003861003,-0.0028092898705785,0.989529071990927,0.0035314915623866,0.6520888888888887,-0.048488888888889,,0.935308081837166,0.0086124684224252,0.0086124684224252,0.4124,0.5935738092035211,0.4128101255766204,0.3907724613816245,1.6419283151626587,0.097671627998352,0.0349999999999999,1.6419283151626587,0.4124
cifar,noniid,20,2025,8,16,0.3883079886436462,-0.0294139981269836,0.1003861003861003,-0.0018073193546772,0.989529071990927,0.0014006584066227,0.6520888888888887,0.0254999999999996,,0.935308081837166,0.0081432255032317,0.0081432255032317,0.4124,0.5935738092035211,0.4128101255766204,0.3907724613816245,1.6419283151626587,0.0578919649124145,0.0197999999999999,1.6419283151626587,0.4124
cifar,noniid,20,2025,8,17,0.3883079886436462,-0.0084040164947509,0.1003861003861003,0.0043321024629435,0.989529071990927,0.0041707415091157,0.6520888888888887,-0.044777777777778,,0.935308081837166,0.0111746360402237,0.0111746360402237,0.4124,0.5935738092035211,0.4128101255766204,0.3907724613816245,1.6419283151626587,0.1204004287719726,0.0322,1.6419283151626587,0.4124
cifar,noniid,20,2025,8,18,0.3883079886436462,-0.0393660068511962,0.1003861003861003,-0.0098053119263672,0.989529071990927,0.0028922416156573,0.6520888888888887,0.0082888888888887,,0.935308081837166,0.0053439297006384,0.0053439297006384,0.4124,0.5935738092035211,0.4128101255766204,0.3907724613816245,1.6419283151626587,0.0684545040130615,0.0313999999999999,1.6419283151626587,0.4124
cifar,noniid,20,2025,8,19,0.3883079886436462,-0.0172939896583557,0.1003861003861003,0.0067290141621162,0.989529071990927,0.0014006584066227,0.6520888888888887,-0.0047777777777779,,0.935308081837166,0.0057974574025922,0.0057974574025922,0.4124,0.5935738092035211,0.4128101255766204,0.3907724613816245,1.6419283151626587,0.0710182189941406,0.018,1.6419283151626587,0.4124
cifar,noniid,20,2025,9,0,0.394070029258728,-0.0168839693069458,0.0813253012048192,-0.0187632727544367,0.98456846464101,0.003257328990228,0.5154333333333334,-0.0388222222222223,,0.9343706714878388,-0.0056443274934134,0.0056443274934134,0.4558,0.6027461141196714,0.4573530315026868,0.4417730446630214,1.4931657314300537,0.0282232761383056,0.0055999999999999,1.4931657314300537,0.4558
cifar,noniid,20,2025,9,1,0.394070029258728,-0.0017239451408386,0.0813253012048192,-0.0009827174629787,0.98456846464101,0.0025569997869167,0.5154333333333334,-0.0508333333333332,,0.9343706714878388,-0.0066242338250943,0.0066242338250943,0.4558,0.6027461141196714,0.4573530315026868,0.4417730446630214,1.4931657314300537,-0.0219918489456176,-0.0126,1.4931657314300537,0.4558
cifar,noniid,20,2025,9,2,0.394070029258728,0.0004400014877319,0.0813253012048192,-0.0070123837386097,0.98456846464101,-0.0001520040589942,0.5154333333333334,-0.0775444444444442,,0.9343706714878388,-0.0103463258334461,0.0103463258334461,0.4558,0.6027461141196714,0.4573530315026868,0.4417730446630214,1.4931657314300537,0.0181769132614135,-0.0012,1.4931657314300537,0.4558
cifar,noniid,20,2025,9,3,0.394070029258728,-0.0044719576835632,0.0813253012048192,-0.0196168253093126,0.98456846464101,0.0015228169197869,0.5154333333333334,-0.071611111111111,,0.9343706714878388,0.007618846023043,0.007618846023043,0.4558,0.6027461141196714,0.4573530315026868,0.4417730446630214,1.4931657314300537,0.0684620141983032,0.0159999999999999,1.4931657314300537,0.4558
cifar,noniid,20,2025,9,4,0.394070029258728,0.0084140300750732,0.0813253012048192,-0.0093413654618473,0.98456846464101,0.0038965789369571,0.5154333333333334,-0.0955666666666668,,0.9343706714878388,-0.0073822317791609,0.0073822317791609,0.4558,0.6027461141196714,0.4573530315026868,0.4417730446630214,1.4931657314300537,0.0463956594467163,0.0111999999999999,1.4931657314300537,0.4558
cifar,noniid,20,2025,9,5,0.394070029258728,0.018962025642395,0.0813253012048192,0.007540578982597,0.98456846464101,0.0011264958344641,0.5154333333333334,-0.0968999999999999,,0.9343706714878388,0.0023845787959773,0.0023845787959773,0.4558,0.6027461141196714,0.4573530315026868,0.4417730446630214,1.4931657314300537,0.0393851995468139,-0.0,1.4931657314300537,0.4558
cifar,noniid,20,2025,9,6,0.394070029258728,-0.007155954837799,0.0813253012048192,-0.0036790579930883,0.98456846464101,-0.0006690954925591,0.5154333333333334,-0.1036111111111111,,0.9343706714878388,-0.007590824272905,0.007590824272905,0.4558,0.6027461141196714,0.4573530315026868,0.4417730446630214,1.4931657314300537,0.029833436012268,0.0001999999999999,1.4931657314300537,0.4558
cifar,noniid,20,2025,9,7,0.394070029258728,0.0068400502204895,0.0813253012048192,-0.0053267775697977,0.98456846464101,-0.0010341828671297,0.5154333333333334,-0.0655222222222222,,0.9343706714878388,-0.0053263691205153,0.0053263691205153,0.4558,0.6027461141196714,0.4573530315026868,0.4417730446630214,1.4931657314300537,0.0466835498809814,0.004,1.4931657314300537,0.4558
cifar,noniid,20,2025,9,8,0.394070029258728,0.000216007232666,0.0813253012048192,-0.0032966919223284,0.98456846464101,-0.0006690954925591,0.5154333333333334,-0.0420444444444443,,0.9343706714878388,0.002744982956927,0.002744982956927,0.4558,0.6027461141196714,0.4573530315026868,0.4417730446630214,1.4931657314300537,0.0205624103546142,-0.006,1.4931657314300537,0.4558
cifar,noniid,20,2025,9,9,0.394070029258728,0.009846031665802,0.0813253012048192,-0.005367373264188,0.98456846464101,0.0044747496271041,0.5154333333333334,-0.0558777777777779,,0.9343706714878388,0.0014573544034852,0.0014573544034852,0.4558,0.6027461141196714,0.4573530315026868,0.4417730446630214,1.4931657314300537,0.0144129991531372,0.0001999999999999,1.4931657314300537,0.4558
cifar,noniid,20,2025,9,10,0.394070029258728,0.0051020383834838,0.0813253012048192,-0.0018613185134905,0.98456846464101,0.0013395791500404,0.5154333333333334,-0.0312555555555553,,0.9343706714878388,-0.0027874552736268,0.0027874552736268,0.4558,0.6027461141196714,0.4573530315026868,0.4417730446630214,1.4931657314300537,0.0214627981185913,0.0007999999999999,1.4931657314300537,0.4558
cifar,noniid,20,2025,9,11,0.394070029258728,0.0023040175437927,0.0813253012048192,-0.0042066136887977,0.98456846464101,0.0031962497336458,0.5154333333333334,-0.1146888888888888,,0.9343706714878388,0.0008891446254407,0.0008891446254407,0.4558,0.6027461141196714,0.4573530315026868,0.4417730446630214,1.4931657314300537,0.001307725906372,-0.0134,1.4931657314300537,0.4558
cifar,noniid,20,2025,9,12,0.394070029258728,0.0084980130195617,0.0813253012048192,-0.0142957890543406,0.98456846464101,0.0033794875033923,0.5154333333333334,-0.0421222222222221,,0.9343706714878388,0.0053108014548823,0.0053108014548823,0.4558,0.6027461141196714,0.4573530315026868,0.4417730446630214,1.4931657314300537,0.0570653676986694,0.0139999999999999,1.4931657314300537,0.4558
cifar,noniid,20,2025,9,13,0.394070029258728,0.0006660223007202,0.0813253012048192,-0.0128902991457504,0.98456846464101,0.0030442456746515,0.5154333333333334,-0.1325222222222222,,0.9343706714878388,-0.0033291024797348,0.0033291024797348,0.4558,0.6027461141196714,0.4573530315026868,0.4417730446630214,1.4931657314300537,0.0370488166809082,0.0051999999999999,1.4931657314300537,0.4558
cifar,noniid,20,2025,9,14,0.394070029258728,0.0064120292663574,0.0813253012048192,-0.0061637626621973,0.98456846464101,0.0011875750910462,0.5154333333333334,-0.1005777777777776,,0.9343706714878388,-0.0027277379520515,0.0027277379520515,0.4558,0.6027461141196714,0.4573530315026868,0.4417730446630214,1.4931657314300537,0.0287836790084838,-0.0,1.4931657314300537,0.4558
cifar,noniid,20,2025,9,15,0.394070029258728,0.019398033618927,0.0813253012048192,-0.0098710870570317,0.98456846464101,0.0019788290967696,0.5154333333333334,-0.0988777777777776,,0.9343706714878388,-0.0026032988786515,0.0026032988786515,0.4558,0.6027461141196714,0.4573530315026868,0.4417730446630214,1.4931657314300537,0.0751944780349731,0.0189999999999999,1.4931657314300537,0.4558
cifar,noniid,20,2025,9,16,0.394070029258728,-0.0056219696998596,0.0813253012048192,-0.0074089310700828,0.98456846464101,-0.0010952621237119,0.5154333333333334,-0.1062555555555553,,0.9343706714878388,0.00245799896657,0.00245799896657,0.4558,0.6027461141196714,0.4573530315026868,0.4417730446630214,1.4931657314300537,0.0169366598129272,-0.0008,1.4931657314300537,0.4558
cifar,noniid,20,2025,9,17,0.394070029258728,0.0164300203323364,0.0813253012048192,-0.0046475494739137,0.98456846464101,0.0024660749845045,0.5154333333333334,-0.1600555555555556,,0.9343706714878388,0.0027330618864483,0.0027330618864483,0.4558,0.6027461141196714,0.4573530315026868,0.4417730446630214,1.4931657314300537,0.0880671739578247,0.0183999999999999,1.4931657314300537,0.4558
cifar,noniid,20,2025,9,18,0.394070029258728,0.0018500089645385,0.0813253012048192,-0.0116769561315238,0.98456846464101,0.0001832377697464,0.5154333333333334,-0.1035444444444444,,0.9343706714878388,-0.0062335830625155,0.0062335830625155,0.4558,0.6027461141196714,0.4573530315026868,0.4417730446630214,1.4931657314300537,0.0388364791870117,0.0113999999999999,1.4931657314300537,0.4558
cifar,noniid,20,2025,9,19,0.394070029258728,0.0072240233421325,0.0813253012048192,0.0014823692676464,0.98456846464101,0.0003963210853228,0.5154333333333334,0.0051333333333332,,0.9343706714878388,0.0011161750697197,0.0011161750697197,0.4558,0.6027461141196714,0.4573530315026868,0.4417730446630214,1.4931657314300537,0.03284752368927,-0.0014,1.4931657314300537,0.4558
cifar,noniid,20,2025,10,0,0.4110260009765625,0.0118979811668396,0.074178027265437,-0.008816277047012,0.9744924695523376,-0.0039576581935394,0.5580888888888889,-0.0691111111111109,,0.942994171916687,0.0047144331355571,0.0047144331355571,0.4816,0.6170385115174721,0.4836079671818686,0.4712346379519264,1.4198938608169556,-0.0016825199127197,-0.0006,1.4198938608169556,0.4816
cifar,noniid,20,2025,10,1,0.4110260009765625,0.020684003829956,0.074178027265437,0.0083262922496641,0.9744924695523376,9.092480241201796e-05,0.5580888888888889,-0.0375444444444443,,0.942994171916687,0.004402316903837,0.004402316903837,0.4816,0.6170385115174721,0.4836079671818686,0.4712346379519264,1.4198938608169556,-0.0414197444915771,-0.0164,1.4198938608169556,0.4816
cifar,noniid,20,2025,10,2,0.4110260009765625,0.0198659896850585,0.074178027265437,0.0021715547735276,0.9744924695523376,-0.0012784998934584,0.5580888888888889,-0.0789777777777778,,0.942994171916687,0.0143129988222405,0.0143129988222405,0.4816,0.6170385115174721,0.4836079671818686,0.4712346379519264,1.4198938608169556,0.0039211511611938,-0.0012,1.4198938608169556,0.4816
cifar,noniid,20,2025,10,3,0.4110260009765625,0.0162060260772705,0.074178027265437,-0.0110965151638474,0.9744924695523376,-0.0047787577450927,0.5580888888888889,-0.0167111111111111,,0.942994171916687,0.0096910684886757,0.0096910684886757,0.4816,0.6170385115174721,0.4836079671818686,0.4712346379519264,1.4198938608169556,0.0444220304489135,0.0129999999999999,1.4198938608169556,0.4816
cifar,noniid,20,2025,10,4,0.4110260009765625,0.0298939943313598,0.074178027265437,-0.0016105839594707,0.9744924695523376,0.0003650873745706,0.5580888888888889,-0.0811666666666666,,0.942994171916687,0.0122053782394151,0.0122053782394151,0.4816,0.6170385115174721,0.4836079671818686,0.4712346379519264,1.4198938608169556,0.0182877779006958,0.0011999999999999,1.4198938608169556,0.4816
cifar,noniid,20,2025,10,5,0.4110260009765625,0.0418440103530883,0.074178027265437,0.0152837964962062,0.9744924695523376,-0.0012784998934584,0.5580888888888889,-0.0258333333333333,,0.942994171916687,0.0120553776826701,0.0120553776826701,0.4816,0.6170385115174721,0.4836079671818686,0.4712346379519264,1.4198938608169556,0.0157333612442016,-0.0036,1.4198938608169556,0.4816
cifar,noniid,20,2025,10,6,0.4110260009765625,0.0163699984550476,0.074178027265437,0.00408078253286,0.9744924695523376,-0.0059052535795568,0.5580888888888889,-0.0521333333333333,,0.942994171916687,0.0070370482662011,0.0070370482662011,0.4816,0.6170385115174721,0.4836079671818686,0.4712346379519264,1.4198938608169556,0.0039238929748535,-0.0018,1.4198938608169556,0.4816
cifar,noniid,20,2025,10,7,0.4110260009765625,0.0241439938545227,0.074178027265437,-0.0031225862314954,0.9744924695523376,-0.0075488408475857,0.5580888888888889,-0.0579777777777779,,0.942994171916687,0.0071470911485964,0.0071470911485964,0.4816,0.6170385115174721,0.4836079671818686,0.4712346379519264,1.4198938608169556,0.0259766578674316,0.0023999999999999,1.4198938608169556,0.4816
cifar,noniid,20,2025,10,8,0.4110260009765625,0.0203840136528015,0.074178027265437,0.006978027265437,0.9744924695523376,-0.0085233326230557,0.5580888888888889,-0.0234,,0.942994171916687,0.0109143230224962,0.0109143230224962,0.4816,0.6170385115174721,0.4836079671818686,0.4712346379519264,1.4198938608169556,-0.0049610137939453,-0.0064,1.4198938608169556,0.4816
cifar,noniid,20,2025,10,9,0.4110260009765625,0.0292159914970397,0.074178027265437,0.0040939263443317,0.9744924695523376,0.0012174206368761,0.5580888888888889,-0.0799666666666667,,0.942994171916687,0.0073473134577151,0.0073473134577151,0.4816,0.6170385115174721,0.4836079671818686,0.4712346379519264,1.4198938608169556,-0.0066949129104614,-0.003,1.4198938608169556,0.4816
cifar,noniid,20,2025,10,10,0.4110260009765625,0.0221419930458068,0.074178027265437,0.0073211173591997,0.9744924695523376,-0.0010654165778819,0.5580888888888889,-0.0327222222222221,,0.942994171916687,0.0091552441940043,0.0091552441940043,0.4816,0.6170385115174721,0.4836079671818686,0.4712346379519264,1.4198938608169556,0.0041676759719848,-0.0002,1.4198938608169556,0.4816
cifar,noniid,20,2025,10,11,0.4110260009765625,0.0169739723205566,0.074178027265437,0.0022643237097039,0.9744924695523376,0.0014305039524524,0.5580888888888889,-0.063222222222222,,0.942994171916687,0.0116592769356883,0.0116592769356883,0.4816,0.6170385115174721,0.4836079671818686,0.4712346379519264,1.4198938608169556,-0.018734335899353,-0.0124,1.4198938608169556,0.4816
cifar,noniid,20,2025,10,12,0.4110260009765625,0.0394359827041626,0.074178027265437,-0.0032519562600983,0.9744924695523376,-0.0042616663115278,0.5580888888888889,-0.144222222222222,,0.942994171916687,0.0029157266546768,0.0029157266546768,0.4816,0.6170385115174721,0.4836079671818686,0.4712346379519264,1.4198938608169556,0.0323990583419799,0.0079999999999999,1.4198938608169556,0.4816
cifar,noniid,20,2025,10,13,0.4110260009765625,0.0210340023040771,0.074178027265437,-0.0059370097107338,0.9744924695523376,0.0002130833155763,0.5580888888888889,-0.0545111111111111,,0.942994171916687,0.0118027449962158,0.0118027449962158,0.4816,0.6170385115174721,0.4836079671818686,0.4712346379519264,1.4198938608169556,0.0221678018569946,0.0049999999999999,1.4198938608169556,0.4816
cifar,noniid,20,2025,10,14,0.4110260009765625,0.0271180272102355,0.074178027265437,0.0014729094750227,0.9744924695523376,-0.0046878329426806,0.5580888888888889,-0.0752666666666665,,0.942994171916687,0.0099494124338829,0.0099494124338829,0.4816,0.6170385115174721,0.4836079671818686,0.4712346379519264,1.4198938608169556,0.0059815645217895,0.0013999999999999,1.4198938608169556,0.4816
cifar,noniid,20,2025,10,15,0.4110260009765625,0.0399079918861389,0.074178027265437,-0.00566988147981,0.9744924695523376,-0.0008523332623056,0.5580888888888889,-0.0802,,0.942994171916687,0.0131590373750083,0.0131590373750083,0.4816,0.6170385115174721,0.4836079671818686,0.4712346379519264,1.4198938608169556,0.0546729564666748,0.0185999999999999,1.4198938608169556,0.4816
cifar,noniid,20,2025,10,16,0.4110260009765625,0.0205780267715454,0.074178027265437,-0.0035505269029076,0.9744924695523376,-0.0095276699443554,0.5580888888888889,-0.0403777777777776,,0.942994171916687,0.0073242883060459,0.0073242883060459,0.4816,0.6170385115174721,0.4836079671818686,0.4712346379519264,1.4198938608169556,-0.0039366483688354,-0.005,1.4198938608169556,0.4816
cifar,noniid,20,2025,10,17,0.4110260009765625,0.0395820140838623,0.074178027265437,0.0010279215571918,0.9744924695523376,-0.0029831664180695,0.5580888888888889,-0.0810222222222223,,0.942994171916687,0.0126627057162771,0.0126627057162771,0.4816,0.6170385115174721,0.4836079671818686,0.4712346379519264,1.4198938608169556,0.0585006475448608,0.0169999999999999,1.4198938608169556,0.4816
cifar,noniid,20,2025,10,18,0.4110260009765625,0.0267220139503479,0.074178027265437,-0.0011926481876107,0.9744924695523376,-0.0061794161517153,0.5580888888888889,-0.0735777777777777,,0.942994171916687,0.0071710173349397,0.0071710173349397,0.4816,0.6170385115174721,0.4836079671818686,0.4712346379519264,1.4198938608169556,0.0123587846755981,0.0043999999999999,1.4198938608169556,0.4816
cifar,noniid,20,2025,10,19,0.4110260009765625,0.0284140110015869,0.074178027265437,0.0072680515963372,0.9744924695523376,-0.0063314202107096,0.5580888888888889,0.0010666666666665,,0.942994171916687,0.0124944653470608,0.0124944653470608,0.4816,0.6170385115174721,0.4836079671818686,0.4712346379519264,1.4198938608169556,0.0112724304199218,-0.0002,1.4198938608169556,0.4816
cifar,noniid,4,2025,1,0,0.9642320275306702,-0.0357679724693298,0.7673611111111112,-0.2326388888888888,1.0,0.0,0.8749555555555555,0.0250111111111108,,0.9614870688220426,-0.0385129311779574,0.0385129311779574,0.1152,0.0932663433520691,0.1066123495423747,0.0315796695590204,3.282034397125244,1.0294842720031738,0.0065999999999999,3.282034397125244,0.1152
cifar,noniid,4,2025,1,1,0.9642320275306702,-0.0357679724693298,0.7673611111111112,-0.2326388888888888,1.0,0.0,0.8749555555555555,0.0039999999999997,,0.9614870688220426,-0.0385129311779574,0.0385129311779574,0.1152,0.0932663433520691,0.1066123495423747,0.0315796695590204,3.282034397125244,0.0921812057495117,0.0065999999999999,3.282034397125244,0.1152
cifar,noniid,4,2025,1,2,0.9642320275306702,-0.0124159455299377,0.7673611111111112,-0.0603475922636668,1.0,0.0,0.8749555555555555,-0.0090000000000001,,0.9614870688220426,-0.0162760910650495,0.0162760910650495,0.1152,0.0932663433520691,0.1066123495423747,0.0315796695590204,3.282034397125244,0.1454951763153076,0.0025999999999999,3.282034397125244,0.1152
cifar,noniid,4,2025,1,3,0.9642320275306702,-0.0357679724693298,0.7673611111111112,-0.2326388888888888,1.0,0.0,0.8749555555555555,0.0109555555555556,,0.9614870688220426,-0.0381538635933154,0.0381538635933154,0.1152,0.0932663433520691,0.1066123495423747,0.0315796695590204,3.282034397125244,0.2742352485656738,0.0065999999999999,3.282034397125244,0.1152
cifar,noniid,4,2025,2,0,0.4813060164451599,-0.1459419727325439,0.2205353575709149,-0.0245329277098134,0.9976588598585044,-0.0016692683190919,0.8166,-0.0076444444444443,,0.9468874034986976,-0.0110363948189644,0.0110363948189644,0.5092,0.5958841464462337,0.5085866411194421,0.4941056975130323,1.411465048789978,0.6639212369918823,0.2299999999999999,1.411465048789978,0.5092
cifar,noniid,4,2025,2,1,0.4813060164451599,-0.1804819703102111,0.2205353575709149,-0.2431370334462581,0.9976588598585044,-0.0006663191627144,0.8166,-0.0539555555555555,,0.9468874034986976,0.009823663504637,0.009823663504637,0.5092,0.5958841464462337,0.5085866411194421,0.4941056975130323,1.411465048789978,0.5070139169692993,0.1774,1.411465048789978,0.5092
cifar,noniid,4,2025,2,2,0.4813060164451599,0.0198280215263366,0.2205353575709149,0.0024932863735039,0.9976588598585044,0.0015526624656169,0.8166,-0.0166666666666668,,0.9468874034986976,-0.0046228283495857,0.0046228283495857,0.5092,0.5958841464462337,0.5085866411194421,0.4941056975130323,1.411465048789978,0.0256538391113281,0.0121999999999999,1.411465048789978,0.5092
cifar,noniid,4,2025,2,3,0.4813060164451599,-0.1226339936256408,0.2205353575709149,-0.083493946458389,0.9976588598585044,0.0002144714804986,0.8166,0.0137555555555555,,0.9468874034986976,-0.0027973756174152,0.0027973756174152,0.5092,0.5958841464462337,0.5085866411194421,0.4941056975130323,1.411465048789978,0.3252654075622558,0.1174,1.411465048789978,0.5092
cifar,noniid,4,2025,3,0,0.449787974357605,-0.009622037410736,0.1384142173615858,-0.0247288411303099,0.9917140435786614,0.0272191377968851,0.6956000000000002,-0.0173888888888886,,0.9469343553447482,0.0256032069977426,0.0256032069977426,0.5914,0.6255358027077207,0.5938157352566384,0.5642533536183381,1.1695048809051514,0.0523170232772827,0.0076,1.1695048809051514,0.5914
cifar,noniid,4,2025,3,1,0.449787974357605,-0.0471500158309936,0.1384142173615858,-0.0766746473464301,0.9917140435786614,-0.0049134097425578,0.6956000000000002,0.048,,0.9469343553447482,0.031478848790457,0.031478848790457,0.5914,0.6255358027077207,0.5938157352566384,0.5642533536183381,1.1695048809051514,0.1787751913070678,0.0382,1.1695048809051514,0.5914
cifar,noniid,4,2025,3,2,0.449787974357605,0.0051499605178833,0.1384142173615858,0.0007995384625032,0.9917140435786614,-0.0051750788304154,0.6956000000000002,0.0314111111111112,,0.9469343553447482,-0.0003719696667713,0.0003719696667713,0.5914,0.6255358027077207,0.5938157352566384,0.5642533536183381,1.1695048809051514,0.0097922086715698,0.0044,1.1695048809051514,0.5914
cifar,noniid,4,2025,3,3,0.449787974357605,-0.0250560045242309,0.1384142173615858,-0.0203323391122434,0.9917140435786614,0.0100773832535948,0.6956000000000002,0.0490666666666668,,0.9469343553447482,-0.0055992762297572,0.0055992762297572,0.5914,0.6255358027077207,0.5938157352566384,0.5642533536183381,1.1695048809051514,0.0346696376800537,-0.001,1.1695048809051514,0.5914
cifar,noniid,4,2025,4,0,0.4306300282478332,0.0102320313453674,0.0945990180032733,-0.0150311052889626,0.9987756385385124,0.0237174917803284,0.6758222222222221,0.0067111111111111,,0.9437886319895906,0.0167224562352942,0.0167224562352942,0.6068,0.6359093538227059,0.6088977024228321,0.5793324274740551,1.1410704851150513,-0.0016579627990722,0.0041999999999999,1.1410704851150513,0.6068
cifar,noniid,4,2025,4,1,0.4306300282478332,-0.0481219887733459,0.0945990180032733,-0.0543445220036542,0.9987756385385124,0.0108075580027361,0.6758222222222221,-0.124888888888889,,0.9437886319895906,0.0050511870590231,0.0050511870590231,0.6068,0.6359093538227059,0.6088977024228321,0.5793324274740551,1.1410704851150513,0.1165405511856079,0.0221999999999999,1.1410704851150513,0.6068
cifar,noniid,4,2025,4,2,0.4306300282478332,0.0116520524024963,0.0945990180032733,0.005266557270289,0.9987756385385124,0.0061058434108323,0.6758222222222221,-0.0310000000000001,,0.9437886319895906,-0.0009267897571518,0.0009267897571518,0.6068,0.6359093538227059,0.6088977024228321,0.5793324274740551,1.1410704851150513,0.0044084787368774,0.0006,1.1410704851150513,0.6068
cifar,noniid,4,2025,4,3,0.4306300282478332,-0.0122399926185607,0.0945990180032733,-0.0135709166372495,0.9987756385385124,0.0143092040192928,0.6758222222222221,0.0426444444444442,,0.9437886319895906,0.0008720857624375,0.0008720857624375,0.6068,0.6359093538227059,0.6088977024228321,0.5793324274740551,1.1410704851150513,-0.0040640830993652,-0.0078,1.1410704851150513,0.6068
cifar,noniid,4,2025,5,0,0.4576359987258911,0.0550320148468017,0.0676666666666666,-0.0062607260726072,0.9983619653916604,0.0145063234382624,0.7076333333333333,0.0138555555555557,,0.9407167753893032,0.0046296309329676,0.0046296309329676,0.5888,0.624110863362144,0.5912630203424761,0.5581969157451676,1.1925994157791138,-0.0745429992675781,-0.0193999999999999,1.1925994157791138,0.5888
cifar,noniid,4,2025,5,1,0.4576359987258911,0.0150399804115295,0.0676666666666666,-0.0386599315446615,0.9983619653916604,0.02558387951839,0.7076333333333333,-0.0811666666666668,,0.9407167753893032,0.0160158195577231,0.0160158195577231,0.5888,0.624110863362144,0.5912630203424761,0.5581969157451676,1.1925994157791138,0.0746581554412841,-0.0041999999999999,1.1925994157791138,0.5888
cifar,noniid,4,2025,5,2,0.4576359987258911,0.0226020216941833,0.0676666666666666,0.0015370929842228,0.9983619653916604,0.0022529916689282,0.7076333333333333,0.0104666666666668,,0.9407167753893032,-0.0035603164063939,0.0035603164063939,0.5888,0.624110863362144,0.5912630203424761,0.5581969157451676,1.1925994157791138,0.0206917524337768,-0.0006,1.1925994157791138,0.5888
cifar,noniid,4,2025,5,3,0.4576359987258911,-0.003953993320465,0.0676666666666666,-0.0177070446735395,0.9983619653916604,0.0129210390969709,0.7076333333333333,0.0229222222222222,,0.9407167753893032,0.004824116848006,0.004824116848006,0.5888,0.624110863362144,0.5912630203424761,0.5581969157451676,1.1925994157791138,-0.0870096683502197,-0.0318,1.1925994157791138,0.5888
cifar,noniid,4,2025,6,0,0.4430320262908935,0.0477380156517028,0.0593548387096774,-0.0059193127263539,0.9889550657955468,-0.0101530382418613,0.7331333333333332,0.119922222222222,,0.9548707802084204,0.0142442952698227,0.0142442952698227,0.6156,0.6524582683753187,0.618498739310547,0.5902529482716832,1.140829086303711,-0.0189138650894165,0.0076,1.140829086303711,0.6156
cifar,noniid,4,2025,6,1,0.4430320262908935,-0.0046159625053405,0.0593548387096774,-0.0333884089310645,0.9889550657955468,0.0007426682334421,0.7331333333333332,0.1463555555555553,,0.9548707802084204,-0.0001009244389746,0.0001009244389746,0.6156,0.6524582683753187,0.618498739310547,0.5902529482716832,1.140829086303711,0.1216890811920166,0.0204,1.140829086303711,0.6156
cifar,noniid,4,2025,6,2,0.4430320262908935,0.0174800157546997,0.0593548387096774,0.0035868336108883,0.9889550657955468,0.0043838248246921,0.7331333333333332,0.0985222222222219,,0.9548707802084204,-0.0033816499444627,0.0033816499444627,0.6156,0.6524582683753187,0.618498739310547,0.5902529482716832,1.140829086303711,0.0535067319869995,0.009,1.140829086303711,0.6156
cifar,noniid,4,2025,6,3,0.4430320262908935,-0.0142199993133544,0.0593548387096774,-0.0219330159285119,0.9889550657955468,0.0026305725277997,0.7331333333333332,0.1310777777777776,,0.9548707802084204,0.0144886012002809,0.0144886012002809,0.6156,0.6524582683753187,0.618498739310547,0.5902529482716832,1.140829086303711,-0.0618473291397094,-0.0103999999999999,1.140829086303711,0.6156
cifar,noniid,4,2025,7,0,0.4371200203895569,0.0313160419464111,0.0455729166666666,0.0039617315801153,0.997873331339003,0.0181093054941484,0.5952666666666668,-0.0228999999999999,,0.9447561789488608,-0.0058835915686442,0.0058835915686442,0.622,0.6444555217537711,0.625088426086759,0.598959384747781,1.130727767944336,-0.0130708217620849,0.0148,1.130727767944336,0.622
cifar,noniid,4,2025,7,1,0.4371200203895569,-0.0026059746742248,0.0455729166666666,-0.0289125456005662,0.997873331339003,0.0034190502036784,0.5952666666666668,-0.0140444444444443,,0.9447561789488608,-0.0073820271853058,0.0073820271853058,0.622,0.6444555217537711,0.625088426086759,0.598959384747781,1.130727767944336,0.1634372472763061,0.0225999999999999,1.130727767944336,0.622
cifar,noniid,4,2025,7,2,0.4371200203895569,0.0423840284347534,0.0455729166666666,-2.6573129251701577e-05,0.997873331339003,0.0067277412960323,0.5952666666666668,-0.0485777777777776,,0.9447561789488608,-0.0176952761711319,0.0176952761711319,0.622,0.6444555217537711,0.625088426086759,0.598959384747781,1.130727767944336,0.0708718299865722,0.0121999999999999,1.130727767944336,0.622
cifar,noniid,4,2025,7,3,0.4371200203895569,-0.0190100073814392,0.0455729166666666,-0.0139700508260916,0.997873331339003,0.0004858577228126,0.5952666666666668,0.0303000000000002,,0.9447561789488608,0.0008298972088374,0.0008298972088374,0.622,0.6444555217537711,0.625088426086759,0.598959384747781,1.130727767944336,-0.0551156997680664,-0.0121999999999999,1.130727767944336,0.622
cifar,noniid,4,2025,8,0,0.4117479920387268,-0.0111860036849975,0.0363227258116361,0.0002216427791451,0.9765337660706118,-0.0089848974597276,0.5811333333333333,-0.0296333333333334,,0.9584364065536478,0.0209634994976113,0.0209634994976113,0.6194,0.649869380482114,0.6217992555488183,0.5973532165760782,1.1279865503311155,-0.021995186805725,0.0037999999999999,1.1279865503311155,0.6194
cifar,noniid,4,2025,8,1,0.4117479920387268,-0.0171719789505004,0.0363227258116361,-0.0252208536960152,0.9765337660706118,-0.0116002001733818,0.5811333333333333,-0.0261555555555554,,0.9584364065536478,-0.01145817201151,0.01145817201151,0.6194,0.649869380482114,0.6217992555488183,0.5973532165760782,1.1279865503311155,0.213476300239563,0.0355999999999999,1.1279865503311155,0.6194
cifar,noniid,4,2025,8,2,0.4117479920387268,0.0285139679908752,0.0363227258116361,-0.0034537370417498,0.9765337660706118,0.0058754080337268,0.5811333333333333,-0.063177777777778,,0.9584364065536478,0.0024530901268359,0.0024530901268359,0.6194,0.649869380482114,0.6217992555488183,0.5973532165760782,1.1279865503311155,0.0708786249160766,0.0107999999999999,1.1279865503311155,0.6194
cifar,noniid,4,2025,8,3,0.4117479920387268,-0.0408779978752136,0.0363227258116361,-0.0110050269250026,0.9765337660706118,-0.0213895392055948,0.5811333333333333,-0.0865777777777778,,0.9584364065536478,0.0073082633303716,0.0073082633303716,0.6194,0.649869380482114,0.6217992555488183,0.5973532165760782,1.1279865503311155,-0.0454306602478027,-0.0072,1.1279865503311155,0.6194
cifar,noniid,4,2025,9,0,0.4412999749183655,0.0108459591865539,0.0426924275475225,0.0003797660488145,0.9842644565230216,-0.011269122839408,0.6545777777777777,-0.0462,,0.9549433666164288,-0.0044207839909867,0.0044207839909867,0.6162,0.642766985726219,0.6188836627665588,0.6025287555374705,1.1487866640090942,-0.0747959613800048,-0.0111999999999999,1.1487866640090942,0.6162
cifar,noniid,4,2025,9,1,0.4412999749183655,0.062917947769165,0.0426924275475225,-0.0145891258505356,0.9842644565230216,-0.0148887628743621,0.6545777777777777,-0.0611333333333332,,0.9549433666164288,-0.0134244675345263,0.0134244675345263,0.6162,0.642766985726219,0.6188836627665588,0.6025287555374705,1.1487866640090942,0.1079305410385131,0.0051999999999999,1.1487866640090942,0.6162
cifar,noniid,4,2025,9,2,0.4412999749183655,0.0593299865722656,0.0426924275475225,-0.0032773457522255,0.9842644565230216,0.0078840826763264,0.6545777777777777,-0.0786888888888888,,0.9549433666164288,-0.0026515800994084,0.0026515800994084,0.6162,0.642766985726219,0.6188836627665588,0.6025287555374705,1.1487866640090942,0.0485316514968872,0.0033999999999999,1.1487866640090942,0.6162
cifar,noniid,4,2025,9,3,0.4412999749183655,-0.0401059985160827,0.0426924275475225,-0.0096258681918257,0.9842644565230216,-0.0149186084201919,0.6545777777777777,-0.0184666666666668,,0.9549433666164288,-0.0016699625524377,0.0016699625524377,0.6162,0.642766985726219,0.6188836627665588,0.6025287555374705,1.1487866640090942,-0.0786629915237426,-0.016,1.1487866640090942,0.6162
cifar,noniid,4,2025,10,0,0.4878659844398498,0.0476700067520141,0.0400646203554119,0.0028236877129249,0.965481891041547,-0.0031094894260007,0.7156,-0.0276444444444445,,0.9315949905481232,-0.0124966844128243,0.0124966844128243,0.6444,0.655159534631828,0.6468983058619472,0.6339947120413274,1.0526206493377686,-0.0080847740173339,-0.005,1.0526206493377686,0.6444
cifar,noniid,4,2025,10,1,0.4878659844398498,0.0528879761695861,0.0400646203554119,-0.0127522810530387,0.965481891041547,0.0059947902170465,0.7156,0.0946555555555554,,0.9315949905481232,-0.0206688219787162,0.0206688219787162,0.6444,0.655159534631828,0.6468983058619472,0.6339947120413274,1.0526206493377686,0.1934906244277954,0.0317999999999999,1.0526206493377686,0.6444
cifar,noniid,4,2025,10,2,0.4878659844398498,0.0368679761886596,0.0400646203554119,-0.0012123870615503,0.965481891041547,0.0056012454615682,0.7156,0.0963666666666667,,0.9315949905481232,0.0051446958146152,0.0051446958146152,0.6444,0.655159534631828,0.6468983058619472,0.6339947120413274,1.0526206493377686,0.0207674503326416,0.0051999999999999,1.0526206493377686,0.6444
cifar,noniid,4,2025,10,3,0.4878659844398498,-0.017844021320343,0.0400646203554119,0.0023226848715409,0.965481891041547,-0.0116002001733818,0.7156,0.0480888888888888,,0.9315949905481232,-0.0187107227043682,0.0187107227043682,0.6444,0.655159534631828,0.6468983058619472,0.6339947120413274,1.0526206493377686,-0.0115900039672851,-0.0028,1.0526206493377686,0.6444
cifar,noniid,20,9928,1,0,1.0,0.0001779794692993,1.0,0.0020964360587002,1.0,0.0,0.9190666666666668,0.0156,,1.0,0.0,0.0,0.0954,0.00954,0.1,0.0174182946868723,2.5849924087524414,-0.0873899459838867,-0.0,2.5849924087524414,0.0954
cifar,noniid,20,9928,1,1,1.0,5.197525024414063e-05,1.0,0.0041928721174003,1.0,0.0,0.9190666666666668,-0.0085666666666666,,1.0,0.0,0.0,0.0954,0.00954,0.1,0.0174182946868723,2.5849924087524414,-0.0898747444152832,-0.0,2.5849924087524414,0.0954
cifar,noniid,20,9928,1,2,1.0,0.000324010848999,1.0,0.0125786163522012,1.0,0.0,0.9190666666666668,0.0555777777777777,,1.0,0.0,0.0,0.0954,0.00954,0.1,0.0174182946868723,2.5849924087524414,-0.0846879482269287,-0.0,2.5849924087524414,0.0954
cifar,noniid,20,9928,1,3,1.0,0.000894010066986,1.0,0.060796645702306,1.0,0.0,0.9190666666666668,-0.0169777777777777,,1.0,4.746091162000088e-05,4.746091162000088e-05,0.0954,0.00954,0.1,0.0174182946868723,2.5849924087524414,-0.0782315731048584,-0.0,2.5849924087524414,0.0954
cifar,noniid,20,9928,1,4,1.0,0.0002679824829101,1.0,0.0,1.0,0.0,0.9190666666666668,-0.015111111111111,,1.0,0.0,0.0,0.0954,0.00954,0.1,0.0174182946868723,2.5849924087524414,-0.1307184696197509,-0.0,2.5849924087524414,0.0954
cifar,noniid,20,9928,1,5,1.0,0.0,1.0,0.0,1.0,0.0,0.9190666666666668,-0.0061777777777778,,1.0,0.0,0.0,0.0954,0.00954,0.1,0.0174182946868723,2.5849924087524414,-0.0883095264434814,-0.0,2.5849924087524414,0.0954
cifar,noniid,20,9928,1,6,1.0,0.0112199783325195,1.0,0.3672199170124481,1.0,0.0,0.9190666666666668,-0.0079333333333333,,1.0,0.0019829463060464,0.0019829463060464,0.0954,0.00954,0.1,0.0174182946868723,2.5849924087524414,-0.1152119636535644,-0.001,2.5849924087524414,0.0954
cifar,noniid,20,9928,1,7,1.0,0.0615819692611694,1.0,0.831758034026465,1.0,0.0,0.9190666666666668,0.0321777777777778,,1.0,0.0104049238179835,0.0104049238179835,0.0954,0.00954,0.1,0.0174182946868723,2.5849924087524414,-0.1306591033935547,-0.0104,2.5849924087524414,0.0954
cifar,noniid,20,9928,1,8,1.0,0.129036009311676,1.0,0.9169611307420494,1.0,0.0,0.9190666666666668,0.0484000000000002,,1.0,0.039686968864132,0.039686968864132,0.0954,0.00954,0.1,0.0174182946868723,2.5849924087524414,-0.1244924068450927,-0.0177999999999999,2.5849924087524414,0.0954
cifar,noniid,20,9928,1,9,1.0,0.0004199743270874,1.0,0.0062761506276151,1.0,0.0,0.9190666666666668,-0.0177777777777778,,1.0,2.3733265470893272e-05,2.3733265470893272e-05,0.0954,0.00954,0.1,0.0174182946868723,2.5849924087524414,-0.0967257022857666,-0.0002,2.5849924087524414,0.0954
cifar,noniid,20,9928,1,10,1.0,0.003059983253479,1.0,0.1333333333333333,1.0,0.0,0.9190666666666668,0.0641777777777776,,1.0,0.0004935564869118,0.0004935564869118,0.0954,0.00954,0.1,0.0174182946868723,2.5849924087524414,-0.0990731716156005,-0.0006,2.5849924087524414,0.0954
cifar,noniid,20,9928,1,11,1.0,2.026557922363281e-06,1.0,0.0041928721174003,1.0,0.0,0.9190666666666668,-0.0186666666666666,,1.0,0.0,0.0,0.0954,0.00954,0.1,0.0174182946868723,2.5849924087524414,-0.0871870517730712,-0.0,2.5849924087524414,0.0954
cifar,noniid,20,9928,1,12,1.0,0.0006300210952758,1.0,0.0146443514644351,1.0,0.0,0.9190666666666668,-0.0027999999999999,,1.0,9.492744256189845e-05,9.492744256189845e-05,0.0954,0.00954,0.1,0.0174182946868723,2.5849924087524414,-0.0986356735229492,-0.0002,2.5849924087524414,0.0954
cifar,noniid,20,9928,1,13,1.0,0.0001140236854553,1.0,0.0,1.0,0.0,0.9190666666666668,0.0467555555555554,,1.0,0.0,0.0,0.0954,0.00954,0.1,0.0174182946868723,2.5849924087524414,-0.1048321723937988,-0.0,2.5849924087524414,0.0954
cifar,noniid,20,9928,1,14,1.0,0.0007539987564086,1.0,0.0440251572327043,1.0,0.0,0.9190666666666668,0.0742444444444445,,1.0,4.746091162000088e-05,4.746091162000088e-05,0.0954,0.00954,0.1,0.0174182946868723,2.5849924087524414,-0.0701518058776855,-0.0,2.5849924087524414,0.0954
cifar,noniid,20,9928,1,15,1.0,0.0034199953079223,1.0,0.2448132780082987,1.0,0.0,0.9190666666666668,0.0128444444444444,,1.0,0.0004258604638461,0.0004258604638461,0.0954,0.00954,0.1,0.0174182946868723,2.5849924087524414,-0.0881233215332031,-0.001,2.5849924087524414,0.0954
cifar,noniid,20,9928,1,16,1.0,0.0027620196342468,1.0,0.1687499999999999,1.0,0.0,0.9190666666666668,0.0668222222222221,,1.0,0.0004935564869118,0.0004935564869118,0.0954,0.00954,0.1,0.0174182946868723,2.5849924087524414,-0.1298384666442871,-0.0006,2.5849924087524414,0.0954
cifar,noniid,20,9928,1,17,1.0,0.0242999792098999,1.0,0.4496919917864476,1.0,0.0,0.9190666666666668,-0.0346444444444444,,1.0,0.0038406869652461,0.0038406869652461,0.0954,0.00954,0.1,0.0174182946868723,2.5849924087524414,-0.091153860092163,-0.002,2.5849924087524414,0.0954
cifar,noniid,20,9928,1,18,1.0,0.0042020082473754,1.0,0.1455301455301455,1.0,0.0,0.9190666666666668,-0.0255111111111112,,1.0,0.0005647478543417,0.0005647478543417,0.0954,0.00954,0.1,0.0174182946868723,2.5849924087524414,-0.1164979934692382,-0.0007999999999999,2.5849924087524414,0.0954
cifar,noniid,20,9928,1,19,1.0,0.0009099841117858,1.0,0.0461215932914046,1.0,0.0,0.9190666666666668,0.0053777777777779,,1.0,4.746091162000088e-05,4.746091162000088e-05,0.0954,0.00954,0.1,0.0174182946868723,2.5849924087524414,-0.0852274894714355,-0.0,2.5849924087524414,0.0954
cifar,noniid,20,9928,2,0,0.9999120235443116,0.0010780096054077,0.9958246346555324,0.0375782881002088,1.0,0.0,0.8517999999999999,-0.0212666666666669,,0.9987392148859678,-0.0001201974890191,0.0001201974890191,0.0958,0.1095438175270108,0.1003976143141153,0.0182167367421673,2.833715915679932,-0.0472540855407714,-0.0,2.833715915679932,0.0958
cifar,noniid,20,9928,2,1,0.9999120235443116,0.0001580119132995,0.9958246346555324,0.0063068149490334,1.0,0.0,0.8517999999999999,-0.0037555555555557,,0.9987392148859678,-0.0012370546582222,0.0012370546582222,0.0958,0.1095438175270108,0.1003976143141153,0.0182167367421673,2.833715915679932,-0.0424940586090087,0.0003999999999999,2.833715915679932,0.0958
cifar,noniid,20,9928,2,2,0.9999120235443116,0.0036039948463439,0.9958246346555324,0.1455127843436821,1.0,0.0,0.8517999999999999,0.0207777777777777,,0.9987392148859678,-0.0003169399187404,0.0003169399187404,0.0958,0.1095438175270108,0.1003976143141153,0.0182167367421673,2.833715915679932,-0.0330595970153808,-0.0,2.833715915679932,0.0958
cifar,noniid,20,9928,2,3,0.9999120235443116,0.0080100297927856,0.9958246346555324,0.2164431913565633,1.0,0.0,0.8517999999999999,-0.0114222222222224,,0.9987392148859678,0.0014089352366852,0.0014089352366852,0.0958,0.1095438175270108,0.1003976143141153,0.0182167367421673,2.833715915679932,-0.0308589935302734,-0.0008,2.833715915679932,0.0958
cifar,noniid,20,9928,2,4,0.9999120235443116,-1.96695327758789e-06,0.9958246346555324,0.0125260960334029,1.0,0.0,0.8517999999999999,-0.0333333333333334,,0.9987392148859678,0.0004685952035992,0.0004685952035992,0.0958,0.1095438175270108,0.1003976143141153,0.0182167367421673,2.833715915679932,-0.0857985019683837,-0.0,2.833715915679932,0.0958
cifar,noniid,20,9928,2,5,0.9999120235443116,4.601478576660156e-05,0.9958246346555324,0.0021007852831474,1.0,0.0,0.8517999999999999,-0.0141333333333335,,0.9987392148859678,0.0004685670469121,0.0004685670469121,0.0958,0.1095438175270108,0.1003976143141153,0.0182167367421673,2.833715915679932,-0.061631441116333,0.0001999999999999,2.833715915679932,0.0958
cifar,noniid,20,9928,2,6,0.9999120235443116,0.0165680050849914,0.9958246346555324,0.4172958076177591,1.0,0.0,0.8517999999999999,-0.0376,,0.9987392148859678,0.0034957574500973,0.0034957574500973,0.0958,0.1095438175270108,0.1003976143141153,0.0182167367421673,2.833715915679932,-0.0621187686920166,-0.0032,2.833715915679932,0.0958
cifar,noniid,20,9928,2,7,0.9999120235443116,0.0074000358581542,0.9958246346555324,0.2125935508109516,1.0,0.0,0.8517999999999999,-0.0211555555555555,,0.9987392148859678,0.0021720028876724,0.0021720028876724,0.0958,0.1095438175270108,0.1003976143141153,0.0182167367421673,2.833715915679932,-0.0980007648468017,-0.002,2.833715915679932,0.0958
cifar,noniid,20,9928,2,8,0.9999120235443116,0.0311320424079895,0.9958246346555324,0.6040117691584563,1.0,0.0,0.8517999999999999,-0.037888888888889,,0.9987392148859678,0.008260237069406,0.008260237069406,0.0958,0.1095438175270108,0.1003976143141153,0.0182167367421673,2.833715915679932,-0.0679900646209716,-0.0058,2.833715915679932,0.0958
cifar,noniid,20,9928,2,9,0.9999120235443116,0.0009700059890747,0.9958246346555324,0.0185519073828051,1.0,0.0,0.8517999999999999,-0.0198666666666669,,0.9987392148859678,0.0011435384521235,0.0011435384521235,0.0958,0.1095438175270108,0.1003976143141153,0.0182167367421673,2.833715915679932,-0.0598342418670654,-0.0012,2.833715915679932,0.0958
cifar,noniid,20,9928,2,10,0.9999120235443116,0.0054360032081604,0.9958246346555324,0.1614561046348285,1.0,0.0,0.8517999999999999,-0.0084666666666666,,0.9987392148859678,0.001054266140269,0.001054266140269,0.0958,0.1095438175270108,0.1003976143141153,0.0182167367421673,2.833715915679932,-0.0715079307556152,-0.0006,2.833715915679932,0.0958
cifar,noniid,20,9928,2,11,0.9999120235443116,0.0004880428314208,0.9958246346555324,0.0230783034186351,1.0,0.0,0.8517999999999999,-0.0356222222222222,,0.9987392148859678,-0.0012370546582222,0.0012370546582222,0.0958,0.1095438175270108,0.1003976143141153,0.0182167367421673,2.833715915679932,-0.0548217296600341,0.0003999999999999,2.833715915679932,0.0958
cifar,noniid,20,9928,2,12,0.9999120235443116,0.0007539987564086,0.9958246346555324,0.0310943441991008,1.0,0.0,0.8517999999999999,-0.0303999999999999,,0.9987392148859678,-0.000351562556543,0.000351562556543,0.0958,0.1095438175270108,0.1003976143141153,0.0182167367421673,2.833715915679932,-0.0522437095642089,-0.0003999999999999,2.833715915679932,0.0958
cifar,noniid,20,9928,2,13,0.9999120235443116,-1.800060272216797e-05,0.9958246346555324,0.0,1.0,0.0,0.8517999999999999,-0.0379777777777778,,0.9987392148859678,0.000468569856573,0.000468569856573,0.0958,0.1095438175270108,0.1003976143141153,0.0182167367421673,2.833715915679932,-0.0652296543121337,-0.0,2.833715915679932,0.0958
cifar,noniid,20,9928,2,14,0.9999120235443116,0.0062980055809021,0.9958246346555324,0.1838411635811522,1.0,0.0,0.8517999999999999,-0.0154444444444443,,0.9987392148859678,0.0011966516847901,0.0011966516847901,0.0958,0.1095438175270108,0.1003976143141153,0.0182167367421673,2.833715915679932,-0.0255718231201171,-0.0008,2.833715915679932,0.0958
cifar,noniid,20,9928,2,15,0.9999120235443116,0.0264100432395935,0.9958246346555324,0.5703773185521527,1.0,0.0,0.8517999999999999,0.0002666666666666,,0.9987392148859678,0.0060703755914154,0.0060703755914154,0.0958,0.1095438175270108,0.1003976143141153,0.0182167367421673,2.833715915679932,-0.0322885513305664,-0.0042,2.833715915679932,0.0958
cifar,noniid,20,9928,2,16,0.9999120235443116,0.005012035369873,0.9958246346555324,0.1659491159833331,1.0,0.0,0.8517999999999999,0.0038444444444443,,0.9987392148859678,0.0012428220460151,0.0012428220460151,0.0958,0.1095438175270108,0.1003976143141153,0.0182167367421673,2.833715915679932,-0.0769951343536377,-0.0006,2.833715915679932,0.0958
cifar,noniid,20,9928,2,17,0.9999120235443116,0.0180660486221313,0.9958246346555324,0.5201161326312409,1.0,0.0,0.8517999999999999,0.0078666666666664,,0.9987392148859678,0.0028221401635634,0.0028221401635634,0.0958,0.1095438175270108,0.1003976143141153,0.0182167367421673,2.833715915679932,-0.014512300491333,-0.0027999999999999,2.833715915679932,0.0958
cifar,noniid,20,9928,2,18,0.9999120235443116,0.0138919949531555,0.9958246346555324,0.3568794013898123,1.0,0.0,0.8517999999999999,0.0069999999999998,,0.9987392148859678,0.0008887523166448,0.0008887523166448,0.0958,0.1095438175270108,0.1003976143141153,0.0182167367421673,2.833715915679932,-0.0612468719482421,-0.0022,2.833715915679932,0.0958
cifar,noniid,20,9928,2,19,0.9999120235443116,0.007773995399475,0.9958246346555324,0.1789522066719933,1.0,0.0,0.8517999999999999,0.013222222222222,,0.9987392148859678,0.0011522667163577,0.0011522667163577,0.0958,0.1095438175270108,0.1003976143141153,0.0182167367421673,2.833715915679932,-0.0469355583190918,-0.0008,2.833715915679932,0.0958
cifar,noniid,20,9928,3,0,0.984250009059906,0.0389900207519531,0.6568265682656826,0.3569969260169603,1.0,0.0,0.7425333333333335,-0.0238222222222219,,0.9916106620775444,0.0084398754482833,0.0084398754482833,0.11,0.0759920876445526,0.1144556192258215,0.0418835995579169,2.9228079319000244,-0.0310163497924804,-0.0157999999999999,2.9228079319000244,0.11
cifar,noniid,20,9928,3,1,0.984250009059906,0.0328660011291503,0.6568265682656826,0.3605967657522176,1.0,0.0,0.7425333333333335,-0.0278444444444443,,0.9916106620775444,0.0024103376021724,0.0024103376021724,0.11,0.0759920876445526,0.1144556192258215,0.0418835995579169,2.9228079319000244,-0.0263469219207763,-0.0084,2.9228079319000244,0.11
cifar,noniid,20,9928,3,2,0.984250009059906,0.1034620404243469,0.6568265682656826,0.5340769774309855,1.0,0.0,0.7425333333333335,0.001111111111111,,0.9916106620775444,0.0101810545541859,0.0101810545541859,0.11,0.0759920876445526,0.1144556192258215,0.0418835995579169,2.9228079319000244,-0.0172228813171386,-0.0182,2.9228079319000244,0.11
cifar,noniid,20,9928,3,3,0.984250009059906,0.1435160040855407,0.6568265682656826,0.5565226168979015,1.0,0.0,0.7425333333333335,-0.0126666666666666,,0.9916106620775444,0.0114698474527233,0.0114698474527233,0.11,0.0759920876445526,0.1144556192258215,0.0418835995579169,2.9228079319000244,-0.01204514503479,-0.0205999999999999,2.9228079319000244,0.11
cifar,noniid,20,9928,3,4,0.984250009059906,0.0047079920768737,0.6568265682656826,0.243223627089212,1.0,0.0,0.7425333333333335,-0.0130444444444441,,0.9916106620775444,0.0025356073876732,0.0025356073876732,0.11,0.0759920876445526,0.1144556192258215,0.0418835995579169,2.9228079319000244,-0.0626883506774902,-0.0064,2.9228079319000244,0.11
cifar,noniid,20,9928,3,5,0.984250009059906,0.0075899958610534,0.6568265682656826,0.1837282380244952,1.0,0.0,0.7425333333333335,-0.0027999999999999,,0.9916106620775444,-0.0001904526351061,0.0001904526351061,0.11,0.0759920876445526,0.1144556192258215,0.0418835995579169,2.9228079319000244,-0.0484137535095214,-0.0021999999999999,2.9228079319000244,0.11
cifar,noniid,20,9928,3,6,0.984250009059906,0.1995599865913391,0.6568265682656826,0.5805802339548322,1.0,0.0,0.7425333333333335,0.0014,,0.9916106620775444,0.0239299765589555,0.0239299765589555,0.11,0.0759920876445526,0.1144556192258215,0.0418835995579169,2.9228079319000244,-0.034372329711914,-0.0222,2.9228079319000244,0.11
cifar,noniid,20,9928,3,7,0.984250009059906,0.1276000142097473,0.6568265682656826,0.5460526684174277,1.0,0.0,0.7425333333333335,-0.0244444444444442,,0.9916106620775444,0.016721614060148,0.016721614060148,0.11,0.0759920876445526,0.1144556192258215,0.0418835995579169,2.9228079319000244,-0.0819859504699707,-0.0205999999999999,2.9228079319000244,0.11
cifar,noniid,20,9928,3,8,0.984250009059906,0.254364013671875,0.6568265682656826,0.6033347406282383,1.0,0.0,0.7425333333333335,-0.0001111111111109,,0.9916106620775444,0.0163622571919942,0.0163622571919942,0.11,0.0759920876445526,0.1144556192258215,0.0418835995579169,2.9228079319000244,-0.043222427368164,-0.0205999999999999,2.9228079319000244,0.11
cifar,noniid,20,9928,3,9,0.984250009059906,0.0346199870109558,0.6568265682656826,0.3569940724532873,1.0,0.0,0.7425333333333335,-0.0310666666666665,,0.9916106620775444,0.0066702050683188,0.0066702050683188,0.11,0.0759920876445526,0.1144556192258215,0.0418835995579169,2.9228079319000244,-0.0529451370239257,-0.0154,2.9228079319000244,0.11
cifar,noniid,20,9928,3,10,0.984250009059906,0.1178860068321228,0.6568265682656826,0.5292348617266077,1.0,0.0,0.7425333333333335,0.0093333333333336,,0.9916106620775444,0.0127372029710979,0.0127372029710979,0.11,0.0759920876445526,0.1144556192258215,0.0418835995579169,2.9228079319000244,-0.0514390468597412,-0.0195999999999999,2.9228079319000244,0.11
cifar,noniid,20,9928,3,11,0.984250009059906,0.0259220004081726,0.6568265682656826,0.3320559260638477,1.0,0.0,0.7425333333333335,-0.0144222222222221,,0.9916106620775444,0.0021038643599025,0.0021038643599025,0.11,0.0759920876445526,0.1144556192258215,0.0418835995579169,2.9228079319000244,-0.0485224723815918,-0.0078,2.9228079319000244,0.11
cifar,noniid,20,9928,3,12,0.984250009059906,0.0136300325393676,0.6568265682656826,0.2410559589466862,1.0,0.0,0.7425333333333335,0.0286666666666668,,0.9916106620775444,0.003525864805057,0.003525864805057,0.11,0.0759920876445526,0.1144556192258215,0.0418835995579169,2.9228079319000244,-0.03786301612854,-0.0084,2.9228079319000244,0.11
cifar,noniid,20,9928,3,13,0.984250009059906,-0.0073379874229431,0.6568265682656826,-0.0694091731791842,1.0,0.0,0.7425333333333335,0.0100666666666668,,0.9916106620775444,-0.0025931782129553,0.0025931782129553,0.11,0.0759920876445526,0.1144556192258215,0.0418835995579169,2.9228079319000244,-0.053483247756958,0.003,2.9228079319000244,0.11
cifar,noniid,20,9928,3,14,0.984250009059906,0.1314039826393127,0.6568265682656826,0.556672485060752,1.0,0.0,0.7425333333333335,-0.0059555555555554,,0.9916106620775444,0.0144534736668429,0.0144534736668429,0.11,0.0759920876445526,0.1144556192258215,0.0418835995579169,2.9228079319000244,-0.0149528980255126,-0.0193999999999999,2.9228079319000244,0.11
cifar,noniid,20,9928,3,15,0.984250009059906,0.2214199900627136,0.6568265682656826,0.5976459916344231,1.0,0.0,0.7425333333333335,-0.0151555555555553,,0.9916106620775444,0.013705046056744,0.013705046056744,0.11,0.0759920876445526,0.1144556192258215,0.0418835995579169,2.9228079319000244,-0.0012662410736083,-0.0205999999999999,2.9228079319000244,0.11
cifar,noniid,20,9928,3,16,0.984250009059906,0.1150479912757873,0.6568265682656826,0.5312227035313831,1.0,0.0,0.7425333333333335,-0.0104888888888885,,0.9916106620775444,0.0114459371493598,0.0114459371493598,0.11,0.0759920876445526,0.1144556192258215,0.0418835995579169,2.9228079319000244,-0.0497217178344726,-0.0203999999999999,2.9228079319000244,0.11
cifar,noniid,20,9928,3,17,0.984250009059906,0.1924819946289062,0.6568265682656826,0.602639376147456,1.0,0.0,0.7425333333333335,0.0109111111111113,,0.9916106620775444,0.0149817350229521,0.0149817350229521,0.11,0.0759920876445526,0.1144556192258215,0.0418835995579169,2.9228079319000244,-0.0054109096527099,-0.0109999999999999,2.9228079319000244,0.11
cifar,noniid,20,9928,3,18,0.984250009059906,0.1597840189933776,0.6568265682656826,0.5765116076357614,1.0,0.0,0.7425333333333335,-0.0390444444444442,,0.9916106620775444,0.0204077402061514,0.0204077402061514,0.11,0.0759920876445526,0.1144556192258215,0.0418835995579169,2.9228079319000244,-0.0463349819183349,-0.0152,2.9228079319000244,0.11
cifar,noniid,20,9928,3,19,0.984250009059906,0.1233380436897277,0.6568265682656826,0.5178060311408801,1.0,0.0,0.7425333333333335,-0.0193999999999998,,0.9916106620775444,0.015736515878855,0.015736515878855,0.11,0.0759920876445526,0.1144556192258215,0.0418835995579169,2.9228079319000244,-0.030996561050415,-0.0223999999999999,2.9228079319000244,0.11
cifar,noniid,20,9928,4,0,0.8813980221748352,0.0978680253028869,0.2281420765027322,0.114106988783434,1.0,0.0,0.7444666666666668,-0.0168222222222218,,0.9878118784192932,0.0034285162079675,0.0034285162079675,0.159,0.0663912781262242,0.1623505434282944,0.0820641616153849,2.8166775703430176,-0.0023550987243652,-0.006,2.8166775703430176,0.159
cifar,noniid,20,9928,4,1,0.8813980221748352,0.0817940235137939,0.2281420765027322,0.1168764297711606,1.0,0.0,0.7444666666666668,0.0044444444444446,,0.9878118784192932,0.0020056722660427,0.0020056722660427,0.159,0.0663912781262242,0.1623505434282944,0.0820641616153849,2.8166775703430176,0.0036654472351074,0.0098,2.8166775703430176,0.159
cifar,noniid,20,9928,4,2,0.8813980221748352,0.1589999794960022,0.2281420765027322,0.1369892614893274,1.0,0.0,0.7444666666666668,-0.023711111111111,,0.9878118784192932,0.0110237182125997,0.0110237182125997,0.159,0.0663912781262242,0.1623505434282944,0.0820641616153849,2.8166775703430176,0.0102317333221435,0.0113999999999999,2.8166775703430176,0.159
cifar,noniid,20,9928,4,3,0.8813980221748352,0.1805760264396667,0.2281420765027322,0.1409107237846538,1.0,0.0,0.7444666666666668,-0.0315333333333334,,0.9878118784192932,0.011269774727864,0.011269774727864,0.159,0.0663912781262242,0.1623505434282944,0.0820641616153849,2.8166775703430176,0.0112783908843994,-0.0005999999999999,2.8166775703430176,0.159
cifar,noniid,20,9928,4,4,0.8813980221748352,0.0485619902610778,0.2281420765027322,0.0701039293637676,1.0,0.0,0.7444666666666668,-0.0350888888888887,,0.9878118784192932,0.0060349673485077,0.0060349673485077,0.159,0.0663912781262242,0.1623505434282944,0.0820641616153849,2.8166775703430176,-0.0297038555145263,0.0027999999999999,2.8166775703430176,0.159
cifar,noniid,20,9928,4,5,0.8813980221748352,0.0310420393943786,0.2281420765027322,0.0492239072933008,1.0,0.0,0.7444666666666668,-0.0139111111111109,,0.9878118784192932,0.0038780546846641,0.0038780546846641,0.159,0.0663912781262242,0.1623505434282944,0.0820641616153849,2.8166775703430176,-0.0255253314971923,0.0037999999999999,2.8166775703430176,0.159
cifar,noniid,20,9928,4,6,0.8813980221748352,0.2386119961738586,0.2281420765027322,0.1362303117968498,1.0,0.0,0.7444666666666668,-0.0385333333333333,,0.9878118784192932,0.0127174121337551,0.0127174121337551,0.159,0.0663912781262242,0.1623505434282944,0.0820641616153849,2.8166775703430176,0.0044043064117431,-0.0037999999999999,2.8166775703430176,0.159
cifar,noniid,20,9928,4,7,0.8813980221748352,0.1871660351753235,0.2281420765027322,0.1392531876138433,1.0,0.0,0.7444666666666668,-0.0201999999999999,,0.9878118784192932,0.0069579477464954,0.0069579477464954,0.159,0.0663912781262242,0.1623505434282944,0.0820641616153849,2.8166775703430176,-0.041731834411621,-0.0013999999999999,2.8166775703430176,0.159
cifar,noniid,20,9928,4,8,0.8813980221748352,0.2549880146980285,0.2281420765027322,0.143774830845164,1.0,0.0,0.7444666666666668,-0.0315555555555553,,0.9878118784192932,0.0085972892362782,0.0085972892362782,0.159,0.0663912781262242,0.1623505434282944,0.0820641616153849,2.8166775703430176,-0.0029685497283935,0.0012,2.8166775703430176,0.159
cifar,noniid,20,9928,4,9,0.8813980221748352,0.1048780083656311,0.2281420765027322,0.1110689057710249,1.0,0.0,0.7444666666666668,-0.0258444444444443,,0.9878118784192932,0.0040616465521612,0.0040616465521612,0.159,0.0663912781262242,0.1623505434282944,0.0820641616153849,2.8166775703430176,-0.0286858081817626,-0.0075999999999999,2.8166775703430176,0.159
cifar,noniid,20,9928,4,10,0.8813980221748352,0.1679460406303405,0.2281420765027322,0.1368824363999045,1.0,0.0,0.7444666666666668,-0.0278888888888888,,0.9878118784192932,0.0131692887418818,0.0131692887418818,0.159,0.0663912781262242,0.1623505434282944,0.0820641616153849,2.8166775703430176,-0.0234835147857666,0.0037999999999999,2.8166775703430176,0.159
cifar,noniid,20,9928,4,11,0.8813980221748352,0.0746580362319946,0.2281420765027322,0.0980721464328021,1.0,0.0,0.7444666666666668,0.0057777777777778,,0.9878118784192932,0.0076777220143071,0.0076777220143071,0.159,0.0663912781262242,0.1623505434282944,0.0820641616153849,2.8166775703430176,-0.0282952785491943,0.0105999999999999,2.8166775703430176,0.159
cifar,noniid,20,9928,4,12,0.8813980221748352,0.049638032913208,0.2281420765027322,0.0755104975553638,1.0,0.0,0.7444666666666668,-0.0729222222222221,,0.9878118784192932,-0.000245484405337,0.000245484405337,0.159,0.0663912781262242,0.1623505434282944,0.0820641616153849,2.8166775703430176,-0.0024349689483642,-0.0025999999999999,2.8166775703430176,0.159
cifar,noniid,20,9928,4,13,0.8813980221748352,-0.0017119646072387,0.2281420765027322,-0.0117463474861101,1.0,0.0,0.7444666666666668,-0.0041777777777776,,0.9878118784192932,0.0006288053252159,0.0006288053252159,0.159,0.0663912781262242,0.1623505434282944,0.0820641616153849,2.8166775703430176,-0.031064748764038,0.0062,2.8166775703430176,0.159
cifar,noniid,20,9928,4,14,0.8813980221748352,0.184190034866333,0.2281420765027322,0.1367715181270977,1.0,0.0,0.7444666666666668,-0.0276444444444443,,0.9878118784192932,0.0160648348510444,0.0160648348510444,0.159,0.0663912781262242,0.1623505434282944,0.0820641616153849,2.8166775703430176,0.0093317031860351,0.001,2.8166775703430176,0.159
cifar,noniid,20,9928,4,15,0.8813980221748352,0.2286840081214904,0.2281420765027322,0.146405167179616,1.0,0.0,0.7444666666666668,-0.0657777777777774,,0.9878118784192932,0.0128835360537911,0.0128835360537911,0.159,0.0663912781262242,0.1623505434282944,0.0820641616153849,2.8166775703430176,0.0386383533477783,0.0012,2.8166775703430176,0.159
cifar,noniid,20,9928,4,16,0.8813980221748352,0.1631460189819336,0.2281420765027322,0.136872235232891,1.0,0.0,0.7444666666666668,-0.0068666666666665,,0.9878118784192932,0.0137024738682366,0.0137024738682366,0.159,0.0663912781262242,0.1623505434282944,0.0820641616153849,2.8166775703430176,-0.0146756172180175,0.0102,2.8166775703430176,0.159
cifar,noniid,20,9928,4,17,0.8813980221748352,0.2074760198593139,0.2281420765027322,0.1682880619041921,1.0,0.0,0.7444666666666668,-0.0249555555555553,,0.9878118784192932,0.0150643327692168,0.0150643327692168,0.159,0.0663912781262242,0.1623505434282944,0.0820641616153849,2.8166775703430176,0.0114078521728515,0.0204,2.8166775703430176,0.159
cifar,noniid,20,9928,4,18,0.8813980221748352,0.2017200589179992,0.2281420765027322,0.1490152006500719,1.0,0.0,0.7444666666666668,-0.0284444444444442,,0.9878118784192932,0.0138689383653467,0.0138689383653467,0.159,0.0663912781262242,0.1623505434282944,0.0820641616153849,2.8166775703430176,-0.0153169631958007,0.0126,2.8166775703430176,0.159
cifar,noniid,20,9928,4,19,0.8813980221748352,0.1695560216903686,0.2281420765027322,0.1402023780102699,1.0,0.0,0.7444666666666668,-0.0227555555555554,,0.9878118784192932,0.0140946854345764,0.0140946854345764,0.159,0.0663912781262242,0.1623505434282944,0.0820641616153849,2.8166775703430176,-0.0099527835845947,-0.0005999999999999,2.8166775703430176,0.159
cifar,noniid,20,9928,5,0,0.7872740030288696,0.048501968383789,0.1716500553709856,0.0332049009513902,1.0,0.0,0.6868333333333332,-0.0921222222222224,,0.978555834867004,0.0049216157625677,0.0049216157625677,0.1806,0.3342753235087992,0.1842277206332987,0.1051820526451769,2.576690912246704,0.0166351795196533,-0.0071999999999999,2.576690912246704,0.1806
cifar,noniid,20,9928,5,1,0.7872740030288696,0.0447640419006347,0.1716500553709856,0.0562227523743152,1.0,0.0,0.6868333333333332,-0.0587000000000001,,0.978555834867004,-0.001086477770797,0.001086477770797,0.1806,0.3342753235087992,0.1842277206332987,0.1051820526451769,2.576690912246704,0.0091099739074707,0.0014,2.576690912246704,0.1806
cifar,noniid,20,9928,5,2,0.7872740030288696,0.0829100012779235,0.1716500553709856,0.069029968034741,1.0,0.0,0.6868333333333332,-0.0973000000000001,,0.978555834867004,0.0078680257698146,0.0078680257698146,0.1806,0.3342753235087992,0.1842277206332987,0.1051820526451769,2.576690912246704,0.0200004577636718,-0.003,2.576690912246704,0.1806
cifar,noniid,20,9928,5,3,0.7872740030288696,0.0904079675674438,0.1716500553709856,0.0627919977402492,1.0,0.0,0.6868333333333332,-0.0848111111111113,,0.978555834867004,0.0095261749067466,0.0095261749067466,0.1806,0.3342753235087992,0.1842277206332987,0.1051820526451769,2.576690912246704,0.0216355323791503,-0.0055999999999999,2.576690912246704,0.1806
cifar,noniid,20,9928,5,4,0.7872740030288696,0.0222020149230957,0.1716500553709856,0.0302026869499329,1.0,0.0,0.6868333333333332,-0.0882555555555555,,0.978555834867004,-0.0007083203554744,0.0007083203554744,0.1806,0.3342753235087992,0.1842277206332987,0.1051820526451769,2.576690912246704,-0.0132074356079101,-0.0017999999999999,2.576690912246704,0.1806
cifar,noniid,20,9928,5,5,0.7872740030288696,0.0278220176696777,0.1716500553709856,0.0258167220376522,1.0,0.0,0.6868333333333332,-0.0155666666666667,,0.978555834867004,-0.0047416600689598,0.0047416600689598,0.1806,0.3342753235087992,0.1842277206332987,0.1051820526451769,2.576690912246704,-0.0187232494354248,-0.001,2.576690912246704,0.1806
cifar,noniid,20,9928,5,6,0.7872740030288696,0.1542320251464843,0.1716500553709856,0.0739609797407335,1.0,0.0,0.6868333333333332,-0.0909222222222225,,0.978555834867004,0.0081334063368002,0.0081334063368002,0.1806,0.3342753235087992,0.1842277206332987,0.1051820526451769,2.576690912246704,0.0172505378723144,-0.0088,2.576690912246704,0.1806
cifar,noniid,20,9928,5,7,0.7872740030288696,0.119096040725708,0.1716500553709856,0.0710276487319814,1.0,0.0,0.6868333333333332,-0.022577777777778,,0.978555834867004,0.009795908034105,0.009795908034105,0.1806,0.3342753235087992,0.1842277206332987,0.1051820526451769,2.576690912246704,-0.0190651416778564,-0.0103999999999999,2.576690912246704,0.1806
cifar,noniid,20,9928,5,8,0.7872740030288696,0.1385639905929565,0.1716500553709856,0.077669062762749,1.0,0.0,0.6868333333333332,-0.0808555555555554,,0.978555834867004,0.0121012071727099,0.0121012071727099,0.1806,0.3342753235087992,0.1842277206332987,0.1051820526451769,2.576690912246704,0.0071003437042236,-0.0095999999999999,2.576690912246704,0.1806
cifar,noniid,20,9928,5,9,0.7872740030288696,0.0511020421981811,0.1716500553709856,0.0298590105948662,1.0,0.0,0.6868333333333332,-0.0265666666666668,,0.978555834867004,0.0004464481572219,0.0004464481572219,0.1806,0.3342753235087992,0.1842277206332987,0.1051820526451769,2.576690912246704,-0.0144627094268798,-0.0069999999999999,2.576690912246704,0.1806
cifar,noniid,20,9928,5,10,0.7872740030288696,0.0914379954338073,0.1716500553709856,0.0659326875176954,1.0,0.0,0.6868333333333332,-0.0321000000000002,,0.978555834867004,0.0087135307515315,0.0087135307515315,0.1806,0.3342753235087992,0.1842277206332987,0.1051820526451769,2.576690912246704,-0.0060784816741943,-0.0045999999999999,2.576690912246704,0.1806
cifar,noniid,20,9928,5,11,0.7872740030288696,0.0380319952964782,0.1716500553709856,0.04484249141103,1.0,0.0,0.6868333333333332,-0.0451444444444446,,0.978555834867004,-0.002426181370389,0.002426181370389,0.1806,0.3342753235087992,0.1842277206332987,0.1051820526451769,2.576690912246704,-0.0174212455749511,0.004,2.576690912246704,0.1806
cifar,noniid,20,9928,5,12,0.7872740030288696,0.0277760028839111,0.1716500553709856,0.0269132132657224,1.0,0.0,0.6868333333333332,-0.0684111111111112,,0.978555834867004,0.0006448006455441,0.0006448006455441,0.1806,0.3342753235087992,0.1842277206332987,0.1051820526451769,2.576690912246704,0.0060160160064697,-0.0017999999999999,2.576690912246704,0.1806
cifar,noniid,20,9928,5,13,0.7872740030288696,-0.0109180212020874,0.1716500553709856,0.0100001111123456,1.0,0.0,0.6868333333333332,-0.0443555555555557,,0.978555834867004,0.0034953552274666,0.0034953552274666,0.1806,0.3342753235087992,0.1842277206332987,0.1051820526451769,2.576690912246704,-0.0134143829345703,0.0037999999999999,2.576690912246704,0.1806
cifar,noniid,20,9928,5,14,0.7872740030288696,0.1092519760131836,0.1716500553709856,0.0627919977402492,1.0,0.0,0.6868333333333332,-0.091611111111111,,0.978555834867004,0.0103420604504849,0.0103420604504849,0.1806,0.3342753235087992,0.1842277206332987,0.1051820526451769,2.576690912246704,0.0108911991119384,-0.0049999999999999,2.576690912246704,0.1806
cifar,noniid,20,9928,5,15,0.7872740030288696,0.1282160282135009,0.1716500553709856,0.0740105703924448,1.0,0.0,0.6868333333333332,-0.1006777777777778,,0.978555834867004,0.0100847118266498,0.0100847118266498,0.1806,0.3342753235087992,0.1842277206332987,0.1051820526451769,2.576690912246704,0.055488109588623,-0.0033999999999999,2.576690912246704,0.1806
cifar,noniid,20,9928,5,16,0.7872740030288696,0.0842700004577636,0.1716500553709856,0.0631645559080425,1.0,0.0,0.6868333333333332,-0.0999000000000001,,0.978555834867004,0.0107453108507906,0.0107453108507906,0.1806,0.3342753235087992,0.1842277206332987,0.1051820526451769,2.576690912246704,0.0079791545867919,-0.0065999999999999,2.576690912246704,0.1806
cifar,noniid,20,9928,5,17,0.7872740030288696,0.1105079650878906,0.1716500553709856,0.0771800092880363,1.0,0.0,0.6868333333333332,-0.0465666666666668,,0.978555834867004,0.0067659219582946,0.0067659219582946,0.1806,0.3342753235087992,0.1842277206332987,0.1051820526451769,2.576690912246704,0.0158805847167968,0.0068,2.576690912246704,0.1806
cifar,noniid,20,9928,5,18,0.7872740030288696,0.113919973373413,0.1716500553709856,0.0835443284987389,1.0,0.0,0.6868333333333332,-0.0467666666666668,,0.978555834867004,0.002207234384552,0.002207234384552,0.1806,0.3342753235087992,0.1842277206332987,0.1051820526451769,2.576690912246704,-0.0060796737670898,0.001,2.576690912246704,0.1806
cifar,noniid,20,9928,5,19,0.7872740030288696,0.0961779952049255,0.1716500553709856,0.0600754985409543,1.0,0.0,0.6868333333333332,-0.0781222222222224,,0.978555834867004,0.0112443603608907,0.0112443603608907,0.1806,0.3342753235087992,0.1842277206332987,0.1051820526451769,2.576690912246704,-0.0018558502197265,-0.0085999999999999,2.576690912246704,0.1806
cifar,noniid,20,9928,6,0,0.6886799931526184,0.0285159945487976,0.1486146095717884,0.0140305965212174,0.9982953334753888,-0.0008523332623054,0.6707777777777777,-0.0225555555555556,,0.971052256890128,0.0050344262571565,0.0050344262571565,0.232,0.4914429299597317,0.2363878236588316,0.1775625924412691,2.2213172912597656,0.0255818367004394,-0.0068,2.2213172912597656,0.232
cifar,noniid,20,9928,6,1,0.6886799931526184,0.0094040036201477,0.1486146095717884,0.022385101375067,0.9982953334753888,-0.0006392499467291,0.6707777777777777,0.0826555555555554,,0.971052256890128,0.0025336978256833,0.0025336978256833,0.232,0.4914429299597317,0.2363878236588316,0.1775625924412691,2.2213172912597656,0.0037159919738769,-0.0075999999999999,2.2213172912597656,0.232
cifar,noniid,20,9928,6,2,0.6886799931526184,0.049369990825653,0.1486146095717884,0.0358574079256978,0.9982953334753888,0.0,0.6707777777777777,0.0505444444444445,,0.971052256890128,-0.0007139577647418,0.0007139577647418,0.232,0.4914429299597317,0.2363878236588316,0.1775625924412691,2.2213172912597656,0.0231425762176513,-0.0031999999999999,2.2213172912597656,0.232
cifar,noniid,20,9928,6,3,0.6886799931526184,0.0476040244102478,0.1486146095717884,0.035437568343009,0.9982953334753888,-0.0008523332623054,0.6707777777777777,0.0508666666666666,,0.971052256890128,-0.0011145414112589,0.0011145414112589,0.232,0.4914429299597317,0.2363878236588316,0.1775625924412691,2.2213172912597656,0.0219752788543701,-0.0061999999999999,2.2213172912597656,0.232
cifar,noniid,20,9928,6,4,0.6886799931526184,0.0076380372047424,0.1486146095717884,0.0184274655522603,0.9982953334753888,-0.0008523332623054,0.6707777777777777,0.0045777777777777,,0.971052256890128,0.0040467352063917,0.0040467352063917,0.232,0.4914429299597317,0.2363878236588316,0.1775625924412691,2.2213172912597656,-0.0008184909820556,-0.0075999999999999,2.2213172912597656,0.232
cifar,noniid,20,9928,6,5,0.6886799931526184,0.0148720145225524,0.1486146095717884,0.0217612323065495,0.9982953334753888,0.0004261666311528,0.6707777777777777,0.0203999999999999,,0.971052256890128,0.0031187271954827,0.0031187271954827,0.232,0.4914429299597317,0.2363878236588316,0.1775625924412691,2.2213172912597656,-0.0118699073791503,-0.0051999999999999,2.2213172912597656,0.232
cifar,noniid,20,9928,6,6,0.6886799931526184,0.0873900055885315,0.1486146095717884,0.042760559852462,0.9982953334753888,-0.0006392499467291,0.6707777777777777,0.0561999999999998,,0.971052256890128,0.0016409035078343,0.0016409035078343,0.232,0.4914429299597317,0.2363878236588316,0.1775625924412691,2.2213172912597656,0.024815559387207,-0.0137999999999999,2.2213172912597656,0.232
cifar,noniid,20,9928,6,7,0.6886799931526184,0.0784220099449157,0.1486146095717884,0.0311518061262128,0.9982953334753888,0.0004261666311528,0.6707777777777777,0.0153555555555553,,0.971052256890128,0.0102402119800248,0.0102402119800248,0.232,0.4914429299597317,0.2363878236588316,0.1775625924412691,2.2213172912597656,-0.0185718536376953,-0.0169999999999999,2.2213172912597656,0.232
cifar,noniid,20,9928,6,8,0.6886799931526184,0.0787499547004699,0.1486146095717884,0.0352865968024348,0.9982953334753888,-0.0008523332623054,0.6707777777777777,0.0068444444444444,,0.971052256890128,0.0009645597507592,0.0009645597507592,0.232,0.4914429299597317,0.2363878236588316,0.1775625924412691,2.2213172912597656,0.0109364986419677,-0.0161999999999999,2.2213172912597656,0.232
cifar,noniid,20,9928,6,9,0.6886799931526184,0.0313380360603332,0.1486146095717884,0.0261823992184605,0.9982953334753888,0.0,0.6707777777777777,0.0312999999999998,,0.971052256890128,0.0102607631850076,0.0102607631850076,0.232,0.4914429299597317,0.2363878236588316,0.1775625924412691,2.2213172912597656,-0.0088844299316406,-0.0047999999999999,2.2213172912597656,0.232
cifar,noniid,20,9928,6,10,0.6886799931526184,0.0353659987449646,0.1486146095717884,0.0213568099001956,0.9982953334753888,-0.0006392499467291,0.6707777777777777,-0.0112222222222222,,0.971052256890128,0.000610162455693,0.000610162455693,0.232,0.4914429299597317,0.2363878236588316,0.1775625924412691,2.2213172912597656,0.0024819374084472,-0.0061999999999999,2.2213172912597656,0.232
cifar,noniid,20,9928,6,11,0.6886799931526184,0.0130980014801025,0.1486146095717884,0.0192900626195643,0.9982953334753888,0.0008523332623056,0.6707777777777777,0.0472777777777777,,0.971052256890128,-0.0024239130960135,0.0024239130960135,0.232,0.4914429299597317,0.2363878236588316,0.1775625924412691,2.2213172912597656,-0.0180099010467529,-0.0021999999999999,2.2213172912597656,0.232
cifar,noniid,20,9928,6,12,0.6886799931526184,0.0002380013465881,0.1486146095717884,0.0155673992713592,0.9982953334753888,0.0,0.6707777777777777,-0.0060444444444442,,0.971052256890128,0.0022433196816015,0.0022433196816015,0.232,0.4914429299597317,0.2363878236588316,0.1775625924412691,2.2213172912597656,0.0094954967498779,0.0044,2.2213172912597656,0.232
cifar,noniid,20,9928,6,13,0.6886799931526184,-0.0040640234947204,0.1486146095717884,0.0008683658322224,0.9982953334753888,-0.0006392499467291,0.6707777777777777,0.0088444444444444,,0.971052256890128,0.008321003712693,0.008321003712693,0.232,0.4914429299597317,0.2363878236588316,0.1775625924412691,2.2213172912597656,-0.0043251514434814,-0.0029999999999999,2.2213172912597656,0.232
cifar,noniid,20,9928,6,14,0.6886799931526184,0.0693300366401672,0.1486146095717884,0.0266436887317237,0.9982953334753888,0.0002130833155764,0.6707777777777777,0.0668444444444444,,0.971052256890128,-0.002434349469348,0.002434349469348,0.232,0.4914429299597317,0.2363878236588316,0.1775625924412691,2.2213172912597656,0.0080046653747558,-0.0121999999999999,2.2213172912597656,0.232
cifar,noniid,20,9928,6,15,0.6886799931526184,0.0526979565620422,0.1486146095717884,0.0304327913899702,0.9982953334753888,-0.0010654165778819,0.6707777777777777,0.0385999999999999,,0.971052256890128,-0.0037038958620134,0.0037038958620134,0.232,0.4914429299597317,0.2363878236588316,0.1775625924412691,2.2213172912597656,0.0610251426696777,-0.0043999999999999,2.2213172912597656,0.232
cifar,noniid,20,9928,6,16,0.6886799931526184,0.0506399869918823,0.1486146095717884,0.0272553862708175,0.9982953334753888,-0.0006392499467291,0.6707777777777777,0.011411111111111,,0.971052256890128,-0.000950899990903,0.000950899990903,0.232,0.4914429299597317,0.2363878236588316,0.1775625924412691,2.2213172912597656,0.0199284553527832,-0.0097999999999999,2.2213172912597656,0.232
cifar,noniid,20,9928,6,17,0.6886799931526184,0.0494440197944641,0.1486146095717884,0.0451663337097194,0.9982953334753888,0.0002130833155764,0.6707777777777777,0.0074333333333331,,0.971052256890128,-0.0042504379223787,0.0042504379223787,0.232,0.4914429299597317,0.2363878236588316,0.1775625924412691,2.2213172912597656,0.0147817134857177,0.0014,2.2213172912597656,0.232
cifar,noniid,20,9928,6,18,0.6886799931526184,0.0532479882240295,0.1486146095717884,0.0477267968195688,0.9982953334753888,-0.0002130833155763,0.6707777777777777,-0.0192666666666665,,0.971052256890128,-0.0011264152222233,0.0011264152222233,0.232,0.4914429299597317,0.2363878236588316,0.1775625924412691,2.2213172912597656,-0.0061414241790771,-0.0116,2.2213172912597656,0.232
cifar,noniid,20,9928,6,19,0.6886799931526184,0.0538820028305053,0.1486146095717884,0.0242051607528907,0.9982953334753888,-0.0008523332623054,0.6707777777777777,-0.0151333333333334,,0.971052256890128,0.0001125065530873,0.0001125065530873,0.232,0.4914429299597317,0.2363878236588316,0.1775625924412691,2.2213172912597656,-0.0050537586212158,-0.0175999999999999,2.2213172912597656,0.232
cifar,noniid,20,9928,7,0,0.6041539907455444,0.0297299623489379,0.129242819843342,0.0129488901308819,0.9882804176432984,-0.0023439164713402,0.6160666666666665,0.0146888888888887,,0.9631240454866902,0.0072964622239499,0.0072964622239499,0.3128,0.5141562777398717,0.3176249815249189,0.2752717658912299,1.877685546875,0.0189374685287475,-0.0069999999999999,1.877685546875,0.3128
cifar,noniid,20,9928,7,1,0.6041539907455444,0.0061880350112915,0.129242819843342,0.0139069516557628,0.9882804176432984,-0.0002130833155763,0.6160666666666665,0.0164444444444442,,0.9631240454866902,0.002998846505171,0.002998846505171,0.3128,0.5141562777398717,0.3176249815249189,0.2752717658912299,1.877685546875,-0.0110747814178466,-0.0129999999999999,1.877685546875,0.3128
cifar,noniid,20,9928,7,2,0.6041539907455444,0.0442979931831359,0.129242819843342,0.0287371308420778,0.9882804176432984,0.0012784998934584,0.6160666666666665,0.0110666666666665,,0.9631240454866902,0.006728286728544,0.006728286728544,0.3128,0.5141562777398717,0.3176249815249189,0.2752717658912299,1.877685546875,-0.0006060600280761,-0.0157999999999999,1.877685546875,0.3128
cifar,noniid,20,9928,7,3,0.6041539907455444,0.0335379838943481,0.129242819843342,0.0228598411199377,0.9882804176432984,-0.0014915832090347,0.6160666666666665,-0.0129333333333334,,0.9631240454866902,0.0053178323381795,0.0053178323381795,0.3128,0.5141562777398717,0.3176249815249189,0.2752717658912299,1.877685546875,0.0021085739135742,-0.0129999999999999,1.877685546875,0.3128
cifar,noniid,20,9928,7,4,0.6041539907455444,0.0046299695968627,0.129242819843342,0.0148306833073117,0.9882804176432984,-0.002770083102493,0.6160666666666665,0.0008888888888887,,0.9631240454866902,-0.0036296944838788,0.0036296944838788,0.3128,0.5141562777398717,0.3176249815249189,0.2752717658912299,1.877685546875,-0.0171409845352172,-0.0149999999999999,1.877685546875,0.3128
cifar,noniid,20,9928,7,5,0.6041539907455444,0.0108319520950317,0.129242819843342,0.0143951041073014,0.9882804176432984,0.0006392499467291,0.6160666666666665,0.0082222222222221,,0.9631240454866902,0.0011954114229494,0.0011954114229494,0.3128,0.5141562777398717,0.3176249815249189,0.2752717658912299,1.877685546875,-0.0158890485763549,-0.0099999999999999,1.877685546875,0.3128
cifar,noniid,20,9928,7,6,0.6041539907455444,0.0574439764022827,0.129242819843342,0.0274538007193445,0.9882804176432984,-0.0004261666311528,0.6160666666666665,-0.0060666666666668,,0.9631240454866902,0.0176496115298218,0.0176496115298218,0.3128,0.5141562777398717,0.3176249815249189,0.2752717658912299,1.877685546875,0.0098539590835571,-0.0207999999999999,1.877685546875,0.3128
cifar,noniid,20,9928,7,7,0.6041539907455444,0.0635539889335632,0.129242819843342,0.0240113105228369,0.9882804176432984,0.0021308331557639,0.6160666666666665,0.0164222222222221,,0.9631240454866902,0.0109534954077344,0.0109534954077344,0.3128,0.5141562777398717,0.3176249815249189,0.2752717658912299,1.877685546875,-0.0345611572265625,-0.0297999999999999,1.877685546875,0.3128
cifar,noniid,20,9928,7,8,0.6041539907455444,0.0471420288085937,0.129242819843342,0.0184069065306485,0.9882804176432984,-0.001704666524611,0.6160666666666665,-0.0099555555555554,,0.9631240454866902,0.005352924908615,0.005352924908615,0.3128,0.5141562777398717,0.3176249815249189,0.2752717658912299,1.877685546875,-0.0051569938659667,-0.0147999999999999,1.877685546875,0.3128
cifar,noniid,20,9928,7,9,0.6041539907455444,0.0325599908828735,0.129242819843342,0.0197399878735497,0.9882804176432984,0.0008523332623056,0.6160666666666665,-0.0301333333333333,,0.9631240454866902,0.0099727611821743,0.0099727611821743,0.3128,0.5141562777398717,0.3176249815249189,0.2752717658912299,1.877685546875,-0.0235224962234497,-0.0101999999999999,1.877685546875,0.3128
cifar,noniid,20,9928,7,10,0.6041539907455444,0.0052859783172607,0.129242819843342,0.012491550807809,0.9882804176432984,-0.0006392499467291,0.6160666666666665,0.0111111111111108,,0.9631240454866902,0.0053492008250838,0.0053492008250838,0.3128,0.5141562777398717,0.3176249815249189,0.2752717658912299,1.877685546875,-0.0060805082321166,-0.0089999999999999,1.877685546875,0.3128
cifar,noniid,20,9928,7,11,0.6041539907455444,0.0078300237655639,0.129242819843342,0.0167108505338791,0.9882804176432984,-6.107925658216384e-05,0.6160666666666665,-0.0061555555555556,,0.9631240454866902,0.0057127034677414,0.0057127034677414,0.3128,0.5141562777398717,0.3176249815249189,0.2752717658912299,1.877685546875,-0.0324128866195678,-0.0093999999999999,1.877685546875,0.3128
cifar,noniid,20,9928,7,12,0.6041539907455444,-0.0087500214576721,0.129242819843342,0.0074353542244815,0.9882804176432984,0.0002130833155764,0.6160666666666665,-0.0308888888888889,,0.9631240454866902,0.000691779796613,0.000691779796613,0.3128,0.5141562777398717,0.3176249815249189,0.2752717658912299,1.877685546875,-0.0054140090942382,-0.0001999999999999,1.877685546875,0.3128
cifar,noniid,20,9928,7,13,0.6041539907455444,0.0082019567489624,0.129242819843342,0.0022383297856127,0.9882804176432984,-0.0010654165778819,0.6160666666666665,-0.0361333333333333,,0.9631240454866902,0.0075814989646908,0.0075814989646908,0.3128,0.5141562777398717,0.3176249815249189,0.2752717658912299,1.877685546875,-0.0118622779846191,-0.0047999999999999,1.877685546875,0.3128
cifar,noniid,20,9928,7,14,0.6041539907455444,0.0599620342254638,0.129242819843342,0.0175771928938723,0.9882804176432984,0.0019177498401875,0.6160666666666665,-0.0138222222222224,,0.9631240454866902,-0.0014266292555896,0.0014266292555896,0.3128,0.5141562777398717,0.3176249815249189,0.2752717658912299,1.877685546875,0.0001347064971923,-0.0161999999999999,1.877685546875,0.3128
cifar,noniid,20,9928,7,15,0.6041539907455444,0.0101159811019897,0.129242819843342,0.014032463856287,0.9882804176432984,-0.0023439164713402,0.6160666666666665,0.0323777777777778,,0.9631240454866902,0.0025755881513866,0.0025755881513866,0.3128,0.5141562777398717,0.3176249815249189,0.2752717658912299,1.877685546875,0.0452024936676025,-0.0015999999999999,1.877685546875,0.3128
cifar,noniid,20,9928,7,16,0.6041539907455444,0.0351600050926208,0.129242819843342,0.019790083524934,0.9882804176432984,-0.0014915832090347,0.6160666666666665,-0.0056222222222224,,0.9631240454866902,0.0042381386336309,0.0042381386336309,0.3128,0.5141562777398717,0.3176249815249189,0.2752717658912299,1.877685546875,0.009931206703186,-0.0157999999999999,1.877685546875,0.3128
cifar,noniid,20,9928,7,17,0.6041539907455444,0.035241961479187,0.129242819843342,0.0312655758483989,0.9882804176432984,0.001704666524611,0.6160666666666665,0.0087111111111108,,0.9631240454866902,0.0049611590125373,0.0049611590125373,0.3128,0.5141562777398717,0.3176249815249189,0.2752717658912299,1.877685546875,0.0008449554443359,-0.0116,1.877685546875,0.3128
cifar,noniid,20,9928,7,18,0.6041539907455444,0.0457639694213867,0.129242819843342,0.0309229691899506,0.9882804176432984,0.0008523332623056,0.6160666666666665,-0.0060222222222223,,0.9631240454866902,0.0011065905960461,0.0011065905960461,0.3128,0.5141562777398717,0.3176249815249189,0.2752717658912299,1.877685546875,-0.0158134698867797,-0.0167999999999999,1.877685546875,0.3128
cifar,noniid,20,9928,7,19,0.6041539907455444,0.0368419885635376,0.129242819843342,0.0140950365921105,0.9882804176432984,-0.002770083102493,0.6160666666666665,0.0121777777777773,,0.9631240454866902,0.0068277794442714,0.0068277794442714,0.3128,0.5141562777398717,0.3176249815249189,0.2752717658912299,1.877685546875,-0.0144979953765869,-0.0193999999999999,1.877685546875,0.3128
cifar,noniid,20,9928,8,0,0.4873420000076294,0.0199559926986694,0.0966280825364871,0.0029559350526804,0.9768960771153378,0.0024049957279224,0.6825111111111113,-0.002333333333333,,0.9532807128457698,0.0072704966546781,0.0072704966546781,0.4054,0.5642061907795187,0.4095825761476052,0.3871202650621678,1.598433256149292,0.0196958780288696,-0.0018,1.598433256149292,0.4054
cifar,noniid,20,9928,8,1,0.4873420000076294,-0.0072219967842102,0.0966280825364871,0.00345735082917,0.9768960771153378,0.0034093330492221,0.6825111111111113,-0.0008666666666665,,0.9532807128457698,0.0031573542550181,0.0031573542550181,0.4054,0.5642061907795187,0.4095825761476052,0.3871202650621678,1.598433256149292,-0.0092031955718994,-0.0105999999999999,1.598433256149292,0.4054
cifar,noniid,20,9928,8,2,0.4873420000076294,0.0187339782714843,0.0966280825364871,0.0156387517896394,0.9768960771153378,-0.0011875750910462,0.6825111111111113,0.0438666666666669,,0.9532807128457698,0.0095608130956431,0.0095608130956431,0.4054,0.5642061907795187,0.4095825761476052,0.3871202650621678,1.598433256149292,-0.0089579820632934,-0.0136,1.598433256149292,0.4054
cifar,noniid,20,9928,8,3,0.4873420000076294,0.0128120183944702,0.0966280825364871,0.0153901715113421,0.9768960771153378,0.0043227455681099,0.6825111111111113,-0.0323333333333331,,0.9532807128457698,0.012717454332176,0.012717454332176,0.4054,0.5642061907795187,0.4095825761476052,0.3871202650621678,1.598433256149292,-0.0078530311584472,-0.0161999999999999,1.598433256149292,0.4054
cifar,noniid,20,9928,8,4,0.4873420000076294,-0.0113540291786193,0.0966280825364871,0.0060323169037939,0.9768960771153378,0.002191912412346,0.6825111111111113,-0.0005555555555556,,0.9532807128457698,0.0124334474818285,0.0124334474818285,0.4054,0.5642061907795187,0.4095825761476052,0.3871202650621678,1.598433256149292,-0.0173895359039306,-0.0126,1.598433256149292,0.4054
cifar,noniid,20,9928,8,5,0.4873420000076294,-0.0100780129432678,0.0966280825364871,0.0108307000837484,0.9768960771153378,0.002770083102493,0.6825111111111113,0.0434000000000003,,0.9532807128457698,0.0117677571084575,0.0117677571084575,0.4054,0.5642061907795187,0.4095825761476052,0.3871202650621678,1.598433256149292,-0.0177239179611206,-0.0148,1.598433256149292,0.4054
cifar,noniid,20,9928,8,6,0.4873420000076294,0.0169039964675903,0.0966280825364871,0.0151037217067717,0.9768960771153378,0.0031962497336458,0.6825111111111113,-0.0184666666666666,,0.9532807128457698,0.0187417664179907,0.0187417664179907,0.4054,0.5642061907795187,0.4095825761476052,0.3871202650621678,1.598433256149292,-0.00265634059906,-0.0196,1.598433256149292,0.4054
cifar,noniid,20,9928,8,7,0.4873420000076294,0.0267320275306701,0.0966280825364871,0.0104371650202684,0.9768960771153378,0.0029220871614873,0.6825111111111113,0.0253555555555557,,0.9532807128457698,0.0173477571021384,0.0173477571021384,0.4054,0.5642061907795187,0.4095825761476052,0.3871202650621678,1.598433256149292,-0.0372264385223388,-0.0276,1.598433256149292,0.4054
cifar,noniid,20,9928,8,8,0.4873420000076294,0.0064319968223571,0.0966280825364871,0.0023973133057179,0.9768960771153378,0.0026180790434988,0.6825111111111113,-0.0083555555555554,,0.9532807128457698,0.0130925778067082,0.0130925778067082,0.4054,0.5642061907795187,0.4095825761476052,0.3871202650621678,1.598433256149292,-0.011232852935791,-0.0181999999999999,1.598433256149292,0.4054
cifar,noniid,20,9928,8,9,0.4873420000076294,0.0111060142517089,0.0966280825364871,0.0177938732674952,0.9768960771153378,0.0005781706901469,0.6825111111111113,-0.014622222222222,,0.9532807128457698,0.0145229373961264,0.0145229373961264,0.4054,0.5642061907795187,0.4095825761476052,0.3871202650621678,1.598433256149292,-0.029378056526184,-0.0214,1.598433256149292,0.4054
cifar,noniid,20,9928,8,10,0.4873420000076294,-0.0154280066490173,0.0966280825364871,-0.0023818184536118,0.9768960771153378,0.0034093330492221,0.6825111111111113,0.0096000000000002,,0.9532807128457698,0.0098102081592127,0.0098102081592127,0.4054,0.5642061907795187,0.4095825761476052,0.3871202650621678,1.598433256149292,-0.0090466737747192,-0.006,1.598433256149292,0.4054
cifar,noniid,20,9928,8,11,0.4873420000076294,-0.0039619803428649,0.0966280825364871,0.0077931310801764,0.9768960771153378,0.0056921702639803,0.6825111111111113,-0.0137111111111107,,0.9532807128457698,0.0049542293283149,0.0049542293283149,0.4054,0.5642061907795187,0.4095825761476052,0.3871202650621678,1.598433256149292,-0.0262233018875122,-0.0102,1.598433256149292,0.4054
cifar,noniid,20,9928,8,12,0.4873420000076294,-0.0100640058517456,0.0966280825364871,0.0100801102318383,0.9768960771153378,0.0019177498401875,0.6825111111111113,-0.0351555555555553,,0.9532807128457698,0.0102481678078644,0.0102481678078644,0.4054,0.5642061907795187,0.4095825761476052,0.3871202650621678,1.598433256149292,-0.0140550136566162,-0.0085999999999999,1.598433256149292,0.4054
cifar,noniid,20,9928,8,13,0.4873420000076294,0.0016739964485168,0.0966280825364871,0.007836233919311,0.9768960771153378,0.0043227455681099,0.6825111111111113,0.0020222222222225,,0.9532807128457698,0.0116981476565282,0.0116981476565282,0.4054,0.5642061907795187,0.4095825761476052,0.3871202650621678,1.598433256149292,-0.0186703205108642,-0.0095999999999999,1.598433256149292,0.4054
cifar,noniid,20,9928,8,14,0.4873420000076294,0.0395560264587402,0.0966280825364871,0.0010398472423695,0.9768960771153378,0.0020697538991817,0.6825111111111113,0.0160000000000002,,0.9532807128457698,0.0089004667577247,0.0089004667577247,0.4054,0.5642061907795187,0.4095825761476052,0.3871202650621678,1.598433256149292,-0.0077795982360839,-0.0128,1.598433256149292,0.4054
cifar,noniid,20,9928,8,15,0.4873420000076294,-0.0100820064544677,0.0966280825364871,2.3156653215228307e-06,0.9768960771153378,-0.0004261666311528,0.6825111111111113,-0.055333333333333,,0.9532807128457698,0.011089733113395,0.011089733113395,0.4054,0.5642061907795187,0.4095825761476052,0.3871202650621678,1.598433256149292,0.0310059785842895,0.0051999999999999,1.598433256149292,0.4054
cifar,noniid,20,9928,8,16,0.4873420000076294,0.0101799964904785,0.0966280825364871,0.0049614158698205,0.9768960771153378,-0.0015526624656169,0.6825111111111113,0.0162666666666668,,0.9532807128457698,0.0109336525389165,0.0109336525389165,0.4054,0.5642061907795187,0.4095825761476052,0.3871202650621678,1.598433256149292,0.0082640647888183,-0.0074,1.598433256149292,0.4054
cifar,noniid,20,9928,8,17,0.4873420000076294,0.0211039781570434,0.0966280825364871,0.0178460622368254,0.9768960771153378,0.0035613371082164,0.6825111111111113,-0.0076444444444443,,0.9532807128457698,0.0081183130094194,0.0081183130094194,0.4054,0.5642061907795187,0.4095825761476052,0.3871202650621678,1.598433256149292,-0.0097934007644653,-0.0112,1.598433256149292,0.4054
cifar,noniid,20,9928,8,18,0.4873420000076294,0.0128880143165588,0.0966280825364871,0.0193728042255466,0.9768960771153378,0.0007912540057234,0.6825111111111113,0.0340444444444447,,0.9532807128457698,0.0063551761174945,0.0063551761174945,0.4054,0.5642061907795187,0.4095825761476052,0.3871202650621678,1.598433256149292,-0.0183591842651367,-0.017,1.598433256149292,0.4054
cifar,noniid,20,9928,8,19,0.4873420000076294,0.0160959959030151,0.0966280825364871,0.0040533477245295,0.9768960771153378,6.107925658216384e-05,0.6825111111111113,-0.0471555555555553,,0.9532807128457698,0.009174636615899,0.009174636615899,0.4054,0.5642061907795187,0.4095825761476052,0.3871202650621678,1.598433256149292,-0.0179088115692138,-0.0176,1.598433256149292,0.4054
cifar,noniid,20,9928,9,0,0.425212025642395,-0.0014379620552062,0.0640204865556978,-0.0016729441012364,0.9689821488931812,0.0011264958344641,0.5938444444444444,-0.0721333333333333,,0.9585207798954958,0.0081608094502592,0.0081608094502592,0.4662,0.6020519327743277,0.4698090404423854,0.4505950553460953,1.461107850074768,0.0064060688018798,0.0034,1.461107850074768,0.4662
cifar,noniid,20,9928,9,1,0.425212025642395,-0.0288039445877075,0.0640204865556978,-0.0009584163978886,0.9689821488931812,-0.0011875750910462,0.5938444444444444,-0.0121999999999999,,0.9585207798954958,0.0095627219445461,0.0095627219445461,0.4662,0.6020519327743277,0.4698090404423854,0.4505950553460953,1.461107850074768,-0.0171717405319213,-0.0107999999999999,1.461107850074768,0.4662
cifar,noniid,20,9928,9,2,0.425212025642395,-0.0087359547615051,0.0640204865556978,0.0031217045313383,0.9689821488931812,-0.0066978957502025,0.5938444444444444,0.0352222222222222,,0.9585207798954958,0.0142115426070328,0.0142115426070328,0.4662,0.6020519327743277,0.4698090404423854,0.4505950553460953,1.461107850074768,-0.0162779092788696,-0.0114,1.461107850074768,0.4662
cifar,noniid,20,9928,9,3,0.425212025642395,-0.0100279450416564,0.0640204865556978,0.0034270891465879,0.9689821488931812,-0.0004872458877349,0.5938444444444444,0.0094222222222224,,0.9585207798954958,0.0149231097208962,0.0149231097208962,0.4662,0.6020519327743277,0.4698090404423854,0.4505950553460953,1.461107850074768,-0.0227248668670654,-0.0141999999999999,1.461107850074768,0.4662
cifar,noniid,20,9928,9,4,0.425212025642395,-0.0286879539489746,0.0640204865556978,-0.0002382282700056,0.9689821488931812,0.0048099914558448,0.5938444444444444,0.0113333333333334,,0.9585207798954958,0.0173897937593846,0.0173897937593846,0.4662,0.6020519327743277,0.4698090404423854,0.4505950553460953,1.461107850074768,-0.0327603816986084,-0.0087999999999999,1.461107850074768,0.4662
cifar,noniid,20,9928,9,5,0.425212025642395,-0.0241299867630004,0.0640204865556978,0.002584205941335,0.9689821488931812,0.0027090038459108,0.5938444444444444,-0.0097555555555555,,0.9585207798954958,0.0119388004711712,0.0119388004711712,0.4662,0.6020519327743277,0.4698090404423854,0.4505950553460953,1.461107850074768,-0.0307950973510742,-0.0173999999999999,1.461107850074768,0.4662
cifar,noniid,20,9928,9,6,0.425212025642395,-0.0130079984664917,0.0640204865556978,-0.0002415366615492,0.9689821488931812,-0.0018268250377755,0.5938444444444444,-0.0726444444444445,,0.9585207798954958,0.0275536141026924,0.0275536141026924,0.4662,0.6020519327743277,0.4698090404423854,0.4505950553460953,1.461107850074768,-0.0212658643722534,-0.023,1.461107850074768,0.4662
cifar,noniid,20,9928,9,7,0.425212025642395,-0.0207879543304443,0.0640204865556978,-0.0034317686251229,0.9689821488931812,-0.0023751501820925,0.5938444444444444,0.016722222222222,,0.9585207798954958,0.0200233502582867,0.0200233502582867,0.4662,0.6020519327743277,0.4698090404423854,0.4505950553460953,1.461107850074768,-0.0470314025878906,-0.026,1.461107850074768,0.4662
cifar,noniid,20,9928,9,8,0.425212025642395,-0.0251619815826416,0.0640204865556978,-0.0087603295991191,0.9689821488931812,-0.0002130833155764,0.5938444444444444,-0.0468444444444444,,0.9585207798954958,0.0160550592992212,0.0160550592992212,0.4662,0.6020519327743277,0.4698090404423854,0.4505950553460953,1.461107850074768,-0.0297412872314453,-0.0127999999999999,1.461107850074768,0.4662
cifar,noniid,20,9928,9,9,0.425212025642395,-0.0117339491844177,0.0640204865556978,0.0060196638489927,0.9689821488931812,-0.0071240623813553,0.5938444444444444,-0.0013555555555557,,0.9585207798954958,0.0064317459929214,0.0064317459929214,0.4662,0.6020519327743277,0.4698090404423854,0.4505950553460953,1.461107850074768,-0.0344310998916626,-0.0197999999999999,1.461107850074768,0.4662
cifar,noniid,20,9928,9,10,0.425212025642395,-0.0242039561271667,0.0640204865556978,-0.0055004969118731,0.9689821488931812,0.0017955913270231,0.5938444444444444,-2.220446049250313e-16,,0.9585207798954958,0.010478048443033,0.010478048443033,0.4662,0.6020519327743277,0.4698090404423854,0.4505950553460953,1.461107850074768,-0.0193127393722534,-0.0064,1.461107850074768,0.4662
cifar,noniid,20,9928,9,11,0.425212025642395,-0.0257059931755065,0.0640204865556978,-0.0006039364405254,0.9689821488931812,-0.0080985541568252,0.5938444444444444,-0.0004888888888889,,0.9585207798954958,0.0025006774534583,0.0025006774534583,0.4662,0.6020519327743277,0.4698090404423854,0.4505950553460953,1.461107850074768,-0.0273408889770507,-0.0101999999999999,1.461107850074768,0.4662
cifar,noniid,20,9928,9,12,0.425212025642395,-0.0158639550209045,0.0640204865556978,0.0022766400809377,0.9689821488931812,-0.0018268250377755,0.5938444444444444,-0.0912000000000001,,0.9585207798954958,0.0095738014099483,0.0095738014099483,0.4662,0.6020519327743277,0.4698090404423854,0.4505950553460953,1.461107850074768,-0.0291804075241088,-0.011,1.461107850074768,0.4662
cifar,noniid,20,9928,9,13,0.425212025642395,-0.0181279778480529,0.0640204865556978,0.0009422695666313,0.9689821488931812,0.0001520040589941,0.5938444444444444,-0.0472000000000001,,0.9585207798954958,0.0121706743582254,0.0121706743582254,0.4662,0.6020519327743277,0.4698090404423854,0.4505950553460953,1.461107850074768,-0.0254902839660644,-0.0081999999999999,1.461107850074768,0.4662
cifar,noniid,20,9928,9,14,0.425212025642395,0.0027700066566467,0.0640204865556978,-0.0030681210392388,0.9689821488931812,-0.0036536500755509,0.5938444444444444,-0.0669333333333335,,0.9585207798954958,0.0064164241505617,0.0064164241505617,0.4662,0.6020519327743277,0.4698090404423854,0.4505950553460953,1.461107850074768,-0.0183080434799194,-0.009,1.461107850074768,0.4662
cifar,noniid,20,9928,9,15,0.425212025642395,-0.0178380012512207,0.0640204865556978,-0.0089501524771173,0.9689821488931812,0.0012784998934582,0.5938444444444444,0.0001555555555554,,0.9585207798954958,0.0138968324686501,0.0138968324686501,0.4662,0.6020519327743277,0.4698090404423854,0.4505950553460953,1.461107850074768,0.0050948858261108,-0.0004,1.461107850074768,0.4662
cifar,noniid,20,9928,9,16,0.425212025642395,-0.0217899680137634,0.0640204865556978,-0.0096096504306035,0.9689821488931812,0.0005781706901469,0.5938444444444444,-0.0373777777777779,,0.9585207798954958,0.0117714650153525,0.0117714650153525,0.4662,0.6020519327743277,0.4698090404423854,0.4505950553460953,1.461107850074768,-0.000948429107666,-0.0015999999999999,1.461107850074768,0.4662
cifar,noniid,20,9928,9,17,0.425212025642395,-0.0111179947853088,0.0640204865556978,0.0023650811502924,0.9689821488931812,-0.0019489835509398,0.5938444444444444,-0.0579555555555557,,0.9585207798954958,0.0078336264631276,0.0078336264631276,0.4662,0.6020519327743277,0.4698090404423854,0.4505950553460953,1.461107850074768,-0.016518235206604,-0.011,1.461107850074768,0.4662
cifar,noniid,20,9928,9,18,0.425212025642395,-0.0215899944305419,0.0640204865556978,0.0032238408533917,0.9689821488931812,-0.0042929000222801,0.5938444444444444,-0.0887555555555557,,0.9585207798954958,0.0127451650255538,0.0127451650255538,0.4662,0.6020519327743277,0.4698090404423854,0.4505950553460953,1.461107850074768,-0.0246399641036987,-0.011,1.461107850074768,0.4662
cifar,noniid,20,9928,9,19,0.425212025642395,-0.0140619874000549,0.0640204865556978,-0.0033763120963661,0.9689821488931812,0.0018268250377754,0.5938444444444444,-0.0130222222222222,,0.9585207798954958,0.0146568277073605,0.0146568277073605,0.4662,0.6020519327743277,0.4698090404423854,0.4505950553460953,1.461107850074768,-0.0227422714233398,-0.0085999999999999,1.461107850074768,0.4662
cifar,noniid,20,9928,10,0,0.4305840134620666,-0.0058679580688476,0.0484400656814449,-0.0018872665607808,0.9691653866629278,-0.0036834956213808,0.7001999999999999,0.0555333333333334,,0.9633410115491016,0.0047344932968709,0.0047344932968709,0.498,0.6041126957536616,0.5015848382223648,0.4797191147551339,1.3801698684692385,0.0042572021484375,-0.0004,1.3801698684692385,0.498
cifar,noniid,20,9928,10,1,0.4305840134620666,-0.0208919644355773,0.0484400656814449,-0.0045507010788922,0.9691653866629278,-0.0030144001288217,0.7001999999999999,-0.0064888888888889,,0.9633410115491016,0.0020469278140893,0.0020469278140893,0.498,0.6041126957536616,0.5015848382223648,0.4797191147551339,1.3801698684692385,-0.016886830329895,-0.0091999999999999,1.3801698684692385,0.498
cifar,noniid,20,9928,10,2,0.4305840134620666,-0.0139060020446777,0.0484400656814449,-0.0039201088524701,0.9691653866629278,0.0038042659696228,0.7001999999999999,0.0338888888888888,,0.9633410115491016,0.0032210607118178,0.0032210607118178,0.498,0.6041126957536616,0.5015848382223648,0.4797191147551339,1.3801698684692385,-0.0217083692550659,-0.0126,1.3801698684692385,0.498
cifar,noniid,20,9928,10,3,0.4305840134620666,-0.0146459937095642,0.0484400656814449,-0.0009136358461695,0.9691653866629278,-0.0055103206591562,0.7001999999999999,0.0700222222222222,,0.9633410115491016,-0.0006253295657341,0.0006253295657341,0.498,0.6041126957536616,0.5015848382223648,0.4797191147551339,1.3801698684692385,-0.0293103456497192,-0.0158,1.3801698684692385,0.498
cifar,noniid,20,9928,10,4,0.4305840134620666,-0.0223699808120727,0.0484400656814449,-0.004315839830366,0.9691653866629278,0.0002130833155763,0.7001999999999999,0.1019777777777777,,0.9633410115491016,0.0078163430808577,0.0078163430808577,0.498,0.6041126957536616,0.5015848382223648,0.4797191147551339,1.3801698684692385,-0.0380972623825073,-0.017,1.3801698684692385,0.498
cifar,noniid,20,9928,10,5,0.4305840134620666,-0.0226219892501831,0.0484400656814449,-0.0016585536479435,0.9691653866629278,-0.0035925708189687,0.7001999999999999,0.0600444444444441,,0.9633410115491016,-0.0032231878031394,0.0032231878031394,0.498,0.6041126957536616,0.5015848382223648,0.4797191147551339,1.3801698684692385,-0.0295214653015136,-0.0161999999999999,1.3801698684692385,0.498
cifar,noniid,20,9928,10,6,0.4305840134620666,-0.0176519751548767,0.0484400656814449,-0.0008171665312211,0.9691653866629278,-0.0047190666534329,0.7001999999999999,0.0550888888888885,,0.9633410115491016,0.0101801410516535,0.0101801410516535,0.498,0.6041126957536616,0.5015848382223648,0.4797191147551339,1.3801698684692385,-0.0252555608749389,-0.0203999999999999,1.3801698684692385,0.498
cifar,noniid,20,9928,10,7,0.4305840134620666,-0.0300639867782592,0.0484400656814449,-0.0065735901905799,0.9691653866629278,0.0025257660761643,0.7001999999999999,0.0785555555555554,,0.9633410115491016,0.0105223345497861,0.0105223345497861,0.498,0.6041126957536616,0.5015848382223648,0.4797191147551339,1.3801698684692385,-0.0465269088745117,-0.026,1.3801698684692385,0.498
cifar,noniid,20,9928,10,8,0.4305840134620666,-0.0274099707603454,0.0484400656814449,-0.0114024540035943,0.9691653866629278,-0.002191912412346,0.7001999999999999,0.0851333333333332,,0.9633410115491016,0.0028214217811176,0.0028214217811176,0.498,0.6041126957536616,0.5015848382223648,0.4797191147551339,1.3801698684692385,-0.0357093811035156,-0.0173999999999999,1.3801698684692385,0.498
cifar,noniid,20,9928,10,9,0.4305840134620666,-0.0124079585075378,0.0484400656814449,0.0005055372324972,0.9691653866629278,-0.0021620668665162,0.7001999999999999,0.0834444444444444,,0.9633410115491016,-0.0004883263506422,0.0004883263506422,0.498,0.6041126957536616,0.5015848382223648,0.4797191147551339,1.3801698684692385,-0.0386713743209838,-0.0252,1.3801698684692385,0.498
cifar,noniid,20,9928,10,10,0.4305840134620666,-0.0156899690628051,0.0484400656814449,-0.0047812228339611,0.9691653866629278,-0.0008835669730578,0.7001999999999999,0.0651999999999997,,0.9633410115491016,0.0124184742751172,0.0124184742751172,0.498,0.6041126957536616,0.5015848382223648,0.4797191147551339,1.3801698684692385,-0.024869680404663,-0.0118,1.3801698684692385,0.498
cifar,noniid,20,9928,10,11,0.4305840134620666,-0.0236339569091796,0.0484400656814449,-0.0012593331161501,0.9691653866629278,0.0084920989123032,0.7001999999999999,0.0479,,0.9633410115491016,0.0030820117856199,0.0030820117856199,0.498,0.6041126957536616,0.5015848382223648,0.4797191147551339,1.3801698684692385,-0.0270593166351318,-0.013,1.3801698684692385,0.498
cifar,noniid,20,9928,10,12,0.4305840134620666,-0.0124019980430603,0.0484400656814449,0.0032019704433497,0.9691653866629278,-0.0040187374501214,0.7001999999999999,-0.0289333333333334,,0.9633410115491016,0.0083536470921137,0.0083536470921137,0.498,0.6041126957536616,0.5015848382223648,0.4797191147551339,1.3801698684692385,-0.0349146127700805,-0.013,1.3801698684692385,0.498
cifar,noniid,20,9928,10,13,0.4305840134620666,-0.0172259807586669,0.0484400656814449,-0.0010411793305262,0.9691653866629278,0.0007912540057233,0.7001999999999999,0.0261555555555557,,0.9633410115491016,-0.0013463363045209,0.0013463363045209,0.498,0.6041126957536616,0.5015848382223648,0.4797191147551339,1.3801698684692385,-0.0258437395095825,-0.0113999999999999,1.3801698684692385,0.498
cifar,noniid,20,9928,10,14,0.4305840134620666,-0.0061820149421691,0.0484400656814449,-0.0086568382188364,0.9691653866629278,0.002312682760588,0.7001999999999999,0.0280666666666664,,0.9633410115491016,0.0004541349880738,0.0004541349880738,0.498,0.6041126957536616,0.5015848382223648,0.4797191147551339,1.3801698684692385,-0.0203943252563476,-0.015,1.3801698684692385,0.498
cifar,noniid,20,9928,10,15,0.4305840134620666,-0.0129019618034362,0.0484400656814449,-0.0016413675433107,0.9691653866629278,-0.0014006584066227,0.7001999999999999,-0.0505555555555556,,0.9633410115491016,0.0095647749846152,0.0095647749846152,0.498,0.6041126957536616,0.5015848382223648,0.4797191147551339,1.3801698684692385,-0.0036442279815673,-0.0041999999999999,1.3801698684692385,0.498
cifar,noniid,20,9928,10,16,0.4305840134620666,-0.0247139930725097,0.0484400656814449,-0.0077848339169485,0.9691653866629278,0.0009432580647176,0.7001999999999999,0.0537999999999998,,0.9633410115491016,0.0099482793073568,0.0099482793073568,0.498,0.6041126957536616,0.5015848382223648,0.4797191147551339,1.3801698684692385,-0.0092642307281494,-0.0093999999999999,1.3801698684692385,0.498
cifar,noniid,20,9928,10,17,0.4305840134620666,-0.0150079727172851,0.0484400656814449,-0.0035853513161721,0.9691653866629278,0.0042304326007754,0.7001999999999999,0.0704222222222221,,0.9633410115491016,-0.0039689651112464,0.0039689651112464,0.498,0.6041126957536616,0.5015848382223648,0.4797191147551339,1.3801698684692385,-0.0159240961074829,-0.0108,1.3801698684692385,0.498
cifar,noniid,20,9928,10,18,0.4305840134620666,-0.0203819870948791,0.0484400656814449,-0.0002819790469895,0.9691653866629278,0.0001818496048241,0.7001999999999999,-0.0051555555555558,,0.9633410115491016,0.0072617872776414,0.0072617872776414,0.498,0.6041126957536616,0.5015848382223648,0.4797191147551339,1.3801698684692385,-0.0282922983169555,-0.0103999999999999,1.3801698684692385,0.498
cifar,noniid,20,9928,10,19,0.4305840134620666,-0.0159899592399597,0.0484400656814449,-0.0038578740966849,0.9691653866629278,0.0020399083533517,0.7001999999999999,0.0813333333333332,,0.9633410115491016,0.0117701958754183,0.0117701958754183,0.498,0.6041126957536616,0.5015848382223648,0.4797191147551339,1.3801698684692385,-0.0247552394866943,-0.0121999999999999,1.3801698684692385,0.498
cifar,noniid,4,9928,1,0,0.9896420240402222,0.1317980289459228,0.9678030303030304,0.476041306602143,1.0,0.0,0.8382444444444443,0.0998333333333332,,0.9967640336095852,0.0071510296012963,0.0071510296012963,0.1056,0.2769261717964192,0.103583011709938,0.0254844262545805,2.8004965782165527,0.2162971496582031,-0.0521999999999999,2.8004965782165527,0.1056
cifar,noniid,4,9928,1,1,0.9896420240402222,0.0082120299339294,0.9678030303030304,0.0978705978705978,1.0,0.0,0.8382444444444443,0.0041111111111109,,0.9967640336095852,0.0066714558697459,0.0066714558697459,0.1056,0.2769261717964192,0.103583011709938,0.0254844262545805,2.8004965782165527,-0.1915755271911621,-0.0128,2.8004965782165527,0.1056
cifar,noniid,4,9928,1,2,0.9896420240402222,0.0076200366020202,0.9678030303030304,0.063721397649969,1.0,0.0,0.8382444444444443,0.0218444444444443,,0.9967640336095852,-0.0013888540594354,0.0013888540594354,0.1056,0.2769261717964192,0.103583011709938,0.0254844262545805,2.8004965782165527,1.114030838012695,0.0075999999999999,2.8004965782165527,0.1056
cifar,noniid,4,9928,1,3,0.9896420240402222,0.0552700161933898,0.9678030303030304,0.2741860090264345,1.0,0.0,0.8382444444444443,-0.0137777777777778,,0.9967640336095852,0.0025365240756555,0.0025365240756555,0.1056,0.2769261717964192,0.103583011709938,0.0254844262545805,2.8004965782165527,-0.0093998908996582,-0.0353999999999999,2.8004965782165527,0.1056
cifar,noniid,4,9928,2,0,0.4524999856948852,0.0766319632530212,0.2018383761011107,-0.0226618801777206,0.9663953035604348,-0.0259947763353972,0.6338444444444444,-0.1087111111111112,,0.9291430258926668,0.025131893827524,0.025131893827524,0.5062,0.5762427119678084,0.5040115960473787,0.4907317996459583,1.412046194076538,0.3637024164199829,0.1409999999999999,1.412046194076538,0.5062
cifar,noniid,4,9928,2,1,0.4524999856948852,-0.0594639778137207,0.2018383761011107,-0.0208707872455028,0.9663953035604348,0.0062404954082975,0.6338444444444444,-0.0055111111111112,,0.9291430258926668,0.0037361197277334,0.0037361197277334,0.5062,0.5762427119678084,0.5040115960473787,0.4907317996459583,1.412046194076538,-0.0257190465927124,0.0033999999999999,1.412046194076538,0.5062
cifar,noniid,4,9928,2,2,0.4524999856948852,-0.1022020578384399,0.2018383761011107,-0.0225239351950892,0.9663953035604348,-0.0012784998934584,0.6338444444444444,0.0018222222222219,,0.9291430258926668,-0.0306856209903476,0.0306856209903476,0.5062,0.5762427119678084,0.5040115960473787,0.4907317996459583,1.412046194076538,0.3947107791900635,0.1655999999999999,1.412046194076538,0.5062
cifar,noniid,4,9928,2,3,0.4524999856948852,-0.0280160307884216,0.2018383761011107,-0.0479558625820168,0.9663953035604348,0.0030144001288217,0.6338444444444444,-0.0506444444444444,,0.9291430258926668,0.0025310153640373,0.0025310153640373,0.5062,0.5762427119678084,0.5040115960473787,0.4907317996459583,1.412046194076538,0.0844440460205078,0.0479999999999999,1.412046194076538,0.5062
cifar,noniid,4,9928,3,0,0.4669860005378723,0.0971559882164001,0.1290432414027919,-0.0330976480108247,0.9650258788645644,-0.0179885351459065,0.6912444444444446,0.003111111111111,,0.9478471679953804,0.0186735407283004,0.0186735407283004,0.5418,0.6142867672175465,0.541134894869415,0.5246399879078594,1.3260209560394287,0.1350702047348022,0.0743999999999999,1.3260209560394287,0.5418
cifar,noniid,4,9928,3,1,0.4669860005378723,-0.0402340292930603,0.1290432414027919,-0.0211881576716117,0.9650258788645644,-0.0033184082468101,0.6912444444444446,0.0212555555555558,,0.9478471679953804,0.0084753452395331,0.0084753452395331,0.5418,0.6142867672175465,0.541134894869415,0.5246399879078594,1.3260209560394287,0.0157169103622436,0.0053999999999999,1.3260209560394287,0.5418
cifar,noniid,4,9928,3,2,0.4669860005378723,0.0583860278129577,0.1290432414027919,0.0224160662824661,0.9650258788645644,0.0013381909851181,0.6912444444444446,0.0310888888888891,,0.9478471679953804,0.0027498349430643,0.0027498349430643,0.5418,0.6142867672175465,0.541134894869415,0.5246399879078594,1.3260209560394287,0.0847229957580566,0.0393999999999999,1.3260209560394287,0.5418
cifar,noniid,4,9928,3,3,0.4669860005378723,-0.0395119786262512,0.1290432414027919,-0.0402939763685117,0.9650258788645644,9.231296733436256e-05,0.6912444444444446,-0.0148666666666668,,0.9478471679953804,-0.0146581840476941,0.0146581840476941,0.5418,0.6142867672175465,0.541134894869415,0.5246399879078594,1.3260209560394287,0.1442217826843261,0.0459999999999999,1.3260209560394287,0.5418
cifar,noniid,4,9928,4,0,0.5034999847412109,0.0063340067863464,0.0968795355587808,-0.0712818994187976,0.9782696663059752,0.000764184789738,0.6906222222222222,-0.0198444444444443,,0.9574745884218504,0.041490774053738,0.041490774053738,0.551,0.6312343930463088,0.5503371593315067,0.5368027052087874,1.3114664554595947,0.1119246482849121,0.052,1.3114664554595947,0.551
cifar,noniid,4,9928,4,1,0.5034999847412109,-0.033128023147583,0.0968795355587808,-0.0080928401318268,0.9782696663059752,0.0158306327741573,0.6906222222222222,-0.0351999999999999,,0.9574745884218504,0.0095272473099665,0.0095272473099665,0.551,0.6312343930463088,0.5503371593315067,0.5368027052087874,1.3114664554595947,-0.0063891410827636,-0.0027999999999999,1.3114664554595947,0.551
cifar,noniid,4,9928,4,2,0.5034999847412109,0.1441319584846496,0.0968795355587808,0.0442674570111706,0.9782696663059752,0.0181731610805753,0.6906222222222222,0.0464888888888892,,0.9574745884218504,0.0081943859540974,0.0081943859540974,0.551,0.6312343930463088,0.5503371593315067,0.5368027052087874,1.3114664554595947,0.0954055786132812,0.0296,1.3114664554595947,0.551
cifar,noniid,4,9928,4,3,0.5034999847412109,-0.0750820040702819,0.0968795355587808,-0.0489035969713396,0.9782696663059752,0.0038965789369571,0.6906222222222222,0.0912666666666666,,0.9574745884218504,-0.0060176144653517,0.0060176144653517,0.551,0.6312343930463088,0.5503371593315067,0.5368027052087874,1.3114664554595947,0.1143958568572998,0.029,1.3114664554595947,0.551
cifar,noniid,4,9928,5,0,0.5028719902038574,-0.0773580074310302,0.0682064236737639,-0.1041575628452538,0.9789699955092864,0.0009772681053146,0.6167444444444445,0.0671555555555558,,0.9617629776578795,0.0350940912066841,0.0350940912066841,0.5564,0.6437435789255571,0.5558561812096829,0.5434783381365924,1.3191428184509275,0.1617685556411743,0.063,1.3191428184509275,0.5564
cifar,noniid,4,9928,5,1,0.5028719902038574,-0.0134660005569458,0.0682064236737639,-0.0090467952103562,0.9789699955092864,0.0045059833378564,0.6167444444444445,-0.0378777777777776,,0.9617629776578795,0.0103396902782771,0.0103396902782771,0.5564,0.6437435789255571,0.5558561812096829,0.5434783381365924,1.3191428184509275,-0.0192247629165649,-0.009,1.3191428184509275,0.5564
cifar,noniid,4,9928,5,2,0.5028719902038574,0.0834619998931884,0.0682064236737639,0.0334708003623012,0.9789699955092864,0.0254179938101726,0.6167444444444445,-0.0806999999999997,,0.9617629776578795,0.0196519323530186,0.0196519323530186,0.5564,0.6437435789255571,0.5558561812096829,0.5434783381365924,1.3191428184509275,0.1171562671661377,0.0353999999999999,1.3191428184509275,0.5564
cifar,noniid,4,9928,5,3,0.5028719902038574,-0.064512014389038,0.0682064236737639,-0.0401367949897393,0.9789699955092864,0.0038056541345451,0.6167444444444445,-0.0380555555555555,,0.9617629776578795,-0.0055063581029708,0.0055063581029708,0.5564,0.6437435789255571,0.5558561812096829,0.5434783381365924,1.3191428184509275,0.1801520586013794,0.0358,1.3191428184509275,0.5564
cifar,noniid,4,9928,6,0,0.4528539776802063,0.0144400000572204,0.0439598476981654,-0.0319985901377356,0.99172514889804,0.0084962634070703,0.6058111111111111,-0.1282999999999998,,0.9530875659571392,0.0120156977305321,0.0120156977305321,0.5766,0.6556818718497279,0.576536923880264,0.5597396565294934,1.2435338497161863,0.1731749773025512,0.0472,1.2435338497161863,0.5766
cifar,noniid,4,9928,6,1,0.4528539776802063,-0.028372049331665,0.0439598476981654,-0.0127698519681304,0.99172514889804,0.0120860578961944,0.6058111111111111,0.0376,,0.9530875659571392,0.0059766975639393,0.0059766975639393,0.5766,0.6556818718497279,0.576536923880264,0.5597396565294934,1.2435338497161863,-0.0487205982208251,-0.0115999999999999,1.2435338497161863,0.5766
cifar,noniid,4,9928,6,2,0.4528539776802063,0.0037319660186767,0.0439598476981654,0.0084856131948047,0.99172514889804,0.0175026774230939,0.6058111111111111,-0.1048111111111111,,0.9530875659571392,-0.0081292186294348,0.0081292186294348,0.5766,0.6556818718497279,0.576536923880264,0.5597396565294934,1.2435338497161863,0.146891713142395,0.0413999999999999,1.2435338497161863,0.5766
cifar,noniid,4,9928,6,3,0.4528539776802063,-0.0246980190277099,0.0439598476981654,-0.0177599858663283,0.99172514889804,0.0070629831247731,0.6058111111111111,-0.0898111111111112,,0.9530875659571392,-0.0190405180271113,0.0190405180271113,0.5766,0.6556818718497279,0.576536923880264,0.5597396565294934,1.2435338497161863,0.250629186630249,0.048,1.2435338497161863,0.5766
cifar,noniid,4,9928,7,0,0.4616659879684448,-0.0356000065803527,0.0399181166837256,-0.0436024825672106,0.9900503279192588,0.0038382760102195,0.5924222222222222,-0.0009888888888889,,0.9712718593153612,0.0317650713864159,0.0317650713864159,0.5858,0.6626062595878726,0.586277312379056,0.5584952875674014,1.2630432844161987,0.0083453655242919,0.014,1.2630432844161987,0.5858
cifar,noniid,4,9928,7,1,0.4616659879684448,-0.0349360108375549,0.0399181166837256,-0.0199203561503418,0.9900503279192588,0.0141870455061283,0.5924222222222222,-0.0741666666666667,,0.9712718593153612,0.017153171018624,0.017153171018624,0.5858,0.6626062595878726,0.586277312379056,0.5584952875674014,1.2630432844161987,0.0775123834609985,0.0173999999999999,1.2630432844161987,0.5858
cifar,noniid,4,9928,7,2,0.4616659879684448,-0.0215420126914978,0.0399181166837256,0.0130363962536181,0.9900503279192588,0.0119014319615256,0.5924222222222222,-0.0454222222222224,,0.9712718593153612,0.0188469280625775,0.0188469280625775,0.5858,0.6626062595878726,0.586277312379056,0.5584952875674014,1.2630432844161987,0.0225307941436767,0.0273999999999999,1.2630432844161987,0.5858
cifar,noniid,4,9928,7,3,0.4616659879684448,-0.0614659786224365,0.0399181166837256,-0.0221709994594445,0.9900503279192588,-0.0023439164713403,0.5924222222222222,-0.070788888888889,,0.9712718593153612,0.0031120258253309,0.0031120258253309,0.5858,0.6626062595878726,0.586277312379056,0.5584952875674014,1.2630432844161987,0.1355233192443847,0.0297999999999999,1.2630432844161987,0.5858
cifar,noniid,4,9928,8,0,0.456384003162384,0.0350099802017211,0.0369872225958305,-0.0248443282063085,0.9776901074509058,0.0056637128830727,0.5988,-0.1148222222222223,,0.953069263000384,0.042163221363724,0.042163221363724,0.5582,0.6432017901665739,0.5597186680200215,0.5270153933702882,1.34617817401886,-0.1735181808471679,-0.0425999999999999,1.34617817401886,0.5582
cifar,noniid,4,9928,8,1,0.456384003162384,-0.0253239870071411,0.0369872225958305,-0.0113253884166028,0.9776901074509058,-0.0041693533441934,0.5988,-0.1516888888888887,,0.953069263000384,-0.0018384847221148,0.0018384847221148,0.5582,0.6432017901665739,0.5597186680200215,0.5270153933702882,1.34617817401886,0.2541775703430176,0.0472,1.34617817401886,0.5582
cifar,noniid,4,9928,8,2,0.456384003162384,-0.0156559944152832,0.0369872225958305,0.0099601955688035,0.9776901074509058,0.0111400235016321,0.5988,-0.0483333333333331,,0.953069263000384,0.0046511624844546,0.0046511624844546,0.5582,0.6432017901665739,0.5597186680200215,0.5270153933702882,1.34617817401886,-0.088610291481018,0.0004,1.34617817401886,0.5582
cifar,noniid,4,9928,8,3,0.456384003162384,-0.0525339841842651,0.0369872225958305,-0.0176916764867382,0.9776901074509058,-0.0014915832090347,0.5988,-0.0901666666666665,,0.953069263000384,0.0080106764290592,0.0080106764290592,0.5582,0.6432017901665739,0.5597186680200215,0.5270153933702882,1.34617817401886,0.0985047817230224,0.0258,1.34617817401886,0.5582
cifar,noniid,4,9928,9,0,0.4402440190315246,0.0170240402221679,0.028178243774574,-0.023164836810261,0.9854832653248202,0.0038070422994674,0.6214888888888888,-0.0077444444444443,,0.9576188021666286,0.0224013500439349,0.0224013500439349,0.5872,0.6531055361141241,0.5877916681467875,0.5637537089631126,1.24904203414917,-0.08352792263031,-0.0177999999999999,1.24904203414917,0.5872
cifar,noniid,4,9928,9,1,0.4402440190315246,-0.0185619592666625,0.028178243774574,-0.0159189784476481,0.9854832653248202,0.0085858000445601,0.6214888888888888,-0.022188888888889,,0.9576188021666286,0.0098931381160057,0.0098931381160057,0.5872,0.6531055361141241,0.5877916681467875,0.5637537089631126,1.24904203414917,0.1288225650787353,0.0252,1.24904203414917,0.5872
cifar,noniid,4,9928,9,2,0.4402440190315246,-0.0610139966011047,0.028178243774574,0.0040692290995216,0.9854832653248202,0.0141856573412061,0.6214888888888888,-0.0724222222222223,,0.9576188021666286,-0.0022431968929405,0.0022431968929405,0.5872,0.6531055361141241,0.5877916681467875,0.5637537089631126,1.24904203414917,0.056031584739685,0.0302,1.24904203414917,0.5872
cifar,noniid,4,9928,9,3,0.4402440190315246,-0.0379160046577453,0.028178243774574,-0.0089778834137074,0.9854832653248202,-0.0105333954305775,0.6214888888888888,-0.0458,,0.9576188021666286,-0.0063459852918432,0.0063459852918432,0.5872,0.6531055361141241,0.5877916681467875,0.5637537089631126,1.24904203414917,0.0998589992523193,0.0186,1.24904203414917,0.5872
cifar,noniid,4,9928,10,0,0.451479971408844,0.0385899543762207,0.0258706467661691,-0.0269202073024253,0.9790609203116986,-0.0050813776981587,0.5501222222222222,-0.1539222222222223,,0.961881655957497,0.0155017019867744,0.0155017019867744,0.5792,0.6733106631129264,0.5815050404539404,0.5594893789420202,1.2258021831512451,-0.0047454833984375,-0.0093999999999999,1.2258021831512451,0.5792
cifar,noniid,4,9928,10,1,0.451479971408844,-0.0183920264244079,0.0258706467661691,-0.0075414355828014,0.9790609203116986,0.0144910536241168,0.5501222222222222,-0.019011111111111,,0.961881655957497,0.0202855787032326,0.0202855787032326,0.5792,0.6733106631129264,0.5815050404539404,0.5594893789420202,1.2258021831512451,0.1704585552215576,0.0376,1.2258021831512451,0.5792
cifar,noniid,4,9928,10,2,0.451479971408844,-0.0176880359649658,0.0258706467661691,0.011953470934533,0.9790609203116986,0.0021606787015938,0.5501222222222222,0.0117111111111112,,0.961881655957497,-0.0161661355826736,0.0161661355826736,0.5792,0.6733106631129264,0.5815050404539404,0.5594893789420202,1.2258021831512451,0.0336202383041381,0.013,1.2258021831512451,0.5792
cifar,noniid,4,9928,10,3,0.451479971408844,-0.0511340498924255,0.0258706467661691,-0.0191842982887759,0.9790609203116986,-0.0018566705836053,0.5501222222222222,-0.1199888888888887,,0.961881655957497,-0.0033672613092113,0.0033672613092113,0.5792,0.6733106631129264,0.5815050404539404,0.5594893789420202,1.2258021831512451,0.0666689872741699,-0.0015999999999999,1.2258021831512451,0.5792
