dataset,partition,num_clients,seed,round,client_id,global_l1o_acc,l1o_acc_contribution,global_l1o_adv,l1o_adv_contribution,global_l1o_fair_eo,l1o_fair_eo_contribution,global_l1o_fair,l1o_fair_contribution,global_l1o_loss,l1o_loss_contribution,global_l1o_priv,l1o_priv_contribution,global_l1o_rob,l1o_rob_contribution,acc_contribution
celeba,iid,4,42,1,0,,,0.6111634479510127,0.0006747709545883,,,,,,,0.8665111111111112,0.045511111111111,0.801086,0.0043459999999999,
celeba,iid,4,42,1,1,,,0.6111634479510127,0.0365867836039934,,,,,,,0.8665111111111112,0.0428888888888889,0.801086,-0.0344580000000001,
celeba,iid,4,42,1,2,,,0.6111634479510127,0.0568255484076337,,,,,,,0.8665111111111112,0.0339777777777776,0.801086,0.017428,
celeba,iid,4,42,1,3,,,0.6111634479510127,0.0176196213723133,,,,,,,0.8665111111111112,0.0244666666666668,0.801086,-0.033192,
celeba,iid,4,42,2,0,,,0.5601224311324879,0.0376136898737466,,,,,,,0.7644222222222223,-0.0107333333333332,0.7883439999999999,0.0423259999999998,
celeba,iid,4,42,2,1,,,0.5601224311324879,0.024251914947011,,,,,,,0.7644222222222223,-0.0765555555555554,0.7883439999999999,0.0035779999999999,
celeba,iid,4,42,2,2,,,0.5601224311324879,0.0224504503506578,,,,,,,0.7644222222222223,0.0290555555555558,0.7883439999999999,0.0123979999999999,
celeba,iid,4,42,2,3,,,0.5601224311324879,0.0311623609262571,,,,,,,0.7644222222222223,-0.0174444444444443,0.7883439999999999,-0.004812,
celeba,iid,4,42,3,0,,,0.5587592835299258,0.018212835442494,,,,,,,0.7227777777777775,-0.0357555555555557,0.790862,0.0053219999999999,
celeba,iid,4,42,3,1,,,0.5587592835299258,0.0347313237221493,,,,,,,0.7227777777777775,-0.0910888888888892,0.790862,-0.022812,
celeba,iid,4,42,3,2,,,0.5587592835299258,0.016729666805187,,,,,,,0.7227777777777775,0.020922222222222,0.790862,0.0397999999999999,
celeba,iid,4,42,3,3,,,0.5587592835299258,0.0337319611255542,,,,,,,0.7227777777777775,-0.0761777777777781,0.790862,0.0262419999999999,
celeba,iid,4,42,4,0,,,0.5897212543554007,0.0366595851464226,,,,,,,0.8412333333333333,0.0359888888888888,0.78662,0.0412019999999999,
celeba,iid,4,42,4,1,,,0.5897212543554007,0.0232724526124812,,,,,,,0.8412333333333333,0.1319666666666668,0.78662,-0.019356,
celeba,iid,4,42,4,2,,,0.5897212543554007,0.0410814284576857,,,,,,,0.8412333333333333,0.0450333333333332,0.78662,0.0815139999999999,
celeba,iid,4,42,4,3,,,0.5897212543554007,0.0083107188743384,,,,,,,0.8412333333333333,0.0736777777777777,0.78662,-0.040382,
celeba,iid,4,42,5,0,,,0.492595818815331,0.0291279889352873,,,,,,,0.6704666666666665,-0.0572666666666668,0.721082,0.008896,
celeba,iid,4,42,5,1,,,0.492595818815331,0.0235383073349023,,,,,,,0.6704666666666665,-0.0572222222222225,0.721082,-0.0291259999999999,
celeba,iid,4,42,5,2,,,0.492595818815331,0.0323236502464109,,,,,,,0.6704666666666665,-0.1091888888888887,0.721082,0.025976,
celeba,iid,4,42,5,3,,,0.492595818815331,0.0192683155359256,,,,,,,0.6704666666666665,-0.0711555555555556,0.721082,-0.000272,
celeba,iid,4,42,6,0,,,0.5453559027777778,0.0349256550593944,,,,,,,0.7023555555555554,-0.0142000000000002,0.796704,0.0110679999999999,
celeba,iid,4,42,6,1,,,0.5453559027777778,0.0167502904218935,,,,,,,0.7023555555555554,0.0014444444444441,0.796704,-0.03038,
celeba,iid,4,42,6,2,,,0.5453559027777778,0.0319776125885239,,,,,,,0.7023555555555554,0.0483111111111107,0.796704,0.0433659999999999,
celeba,iid,4,42,6,3,,,0.5453559027777778,0.0045684326885891,,,,,,,0.7023555555555554,-0.0126444444444444,0.796704,-0.00464,
celeba,iid,4,42,7,0,,,0.5516941789748044,0.0283195323124865,,,,,,,0.8025333333333333,-0.0193777777777777,0.863804,0.024278,
celeba,iid,4,42,7,1,,,0.5516941789748044,0.0183753163744138,,,,,,,0.8025333333333333,0.0271333333333334,0.863804,-0.0247579999999999,
celeba,iid,4,42,7,2,,,0.5516941789748044,0.0308517994698109,,,,,,,0.8025333333333333,0.0481777777777776,0.863804,0.03039,
celeba,iid,4,42,7,3,,,0.5516941789748044,0.0322249599188984,,,,,,,0.8025333333333333,-0.0575555555555555,0.863804,0.016754,
celeba,iid,4,42,8,0,,,0.4354452427607228,0.0843418999597614,,,,,,,0.6984444444444442,-0.0356666666666669,0.718764,0.0789899999999999,
celeba,iid,4,42,8,1,,,0.4354452427607228,-0.0037012845634661,,,,,,,0.6984444444444442,0.0134444444444441,0.718764,-0.036038,
celeba,iid,4,42,8,2,,,0.4354452427607228,0.0518207886122512,,,,,,,0.6984444444444442,0.0121333333333331,0.718764,-0.02492,
celeba,iid,4,42,8,3,,,0.4354452427607228,0.0105544130663997,,,,,,,0.6984444444444442,-0.0209555555555558,0.718764,0.0044599999999999,
celeba,iid,4,42,9,0,,,0.4250108365843086,0.0432401165495033,,,,,,,0.7836666666666665,0.0460888888888888,0.76908,0.024766,
celeba,iid,4,42,9,1,,,0.4250108365843086,0.0298983798369038,,,,,,,0.7836666666666665,-0.0648777777777778,0.76908,0.0011039999999999,
celeba,iid,4,42,9,2,,,0.4250108365843086,0.0235367416352515,,,,,,,0.7836666666666665,0.059711111111111,0.76908,-0.0057139999999999,
celeba,iid,4,42,9,3,,,0.4250108365843086,0.0328923954782777,,,,,,,0.7836666666666665,-0.0007444444444446,0.76908,0.00787,
celeba,iid,4,42,10,0,,,0.4765726681127983,0.0286039520580514,,,,,,,0.8944000000000001,0.0244444444444444,0.793388,0.0488239999999999,
celeba,iid,4,42,10,1,,,0.4765726681127983,0.0184648525683081,,,,,,,0.8944000000000001,0.1169222222222223,0.793388,-0.0270839999999999,
celeba,iid,4,42,10,2,,,0.4765726681127983,0.0483113266758544,,,,,,,0.8944000000000001,0.0559333333333333,0.793388,-0.00941,
celeba,iid,4,42,10,3,,,0.4765726681127983,0.0364425162689805,,,,,,,0.8944000000000001,0.0327444444444444,0.793388,0.004908,
celeba,iid,4,107,1,0,,,0.6321269211700545,0.0553948332059969,,,,,,,0.8291999999999999,-0.0198222222222221,0.833174,-0.012782,
celeba,iid,4,107,1,1,,,0.6321269211700545,0.016258512848816,,,,,,,0.8291999999999999,-0.0073333333333334,0.833174,-0.0393219999999999,
celeba,iid,4,107,1,2,,,0.6321269211700545,-0.0124652547440339,,,,,,,0.8291999999999999,0.0114666666666665,0.833174,0.0292919999999999,
celeba,iid,4,107,1,3,,,0.6321269211700545,0.000508351533919,,,,,,,0.8291999999999999,0.0168111111111111,0.833174,0.0164019999999999,
celeba,iid,4,107,2,0,,,0.581634889327197,-0.004496337357025,,,,,,,0.8125222222222221,0.0101888888888888,0.90407,0.033526,
celeba,iid,4,107,2,1,,,0.581634889327197,0.0363597303708277,,,,,,,0.8125222222222221,0.077711111111111,0.90407,-0.0063599999999999,
celeba,iid,4,107,2,2,,,0.581634889327197,0.0200120823096531,,,,,,,0.8125222222222221,0.071411111111111,0.90407,-0.0024859999999999,
celeba,iid,4,107,2,3,,,0.581634889327197,0.0144707102227192,,,,,,,0.8125222222222221,0.0288777777777775,0.90407,0.015836,
celeba,iid,4,107,3,0,,,0.5373759647188534,0.0137332326698166,,,,,,,0.8377777777777777,0.0511555555555556,0.85519,0.043,
celeba,iid,4,107,3,1,,,0.5373759647188534,0.0242764975785336,,,,,,,0.8377777777777777,0.0806,0.85519,-0.006352,
celeba,iid,4,107,3,2,,,0.5373759647188534,0.0488905794221306,,,,,,,0.8377777777777777,-0.0434777777777777,0.85519,0.0383019999999999,
celeba,iid,4,107,3,3,,,0.5373759647188534,0.0172432213560215,,,,,,,0.8377777777777777,-0.0313333333333334,0.85519,-0.04583,
celeba,iid,4,107,4,0,,,0.5762859633827375,0.0190373782717231,,,,,,,0.8250222222222221,0.1023333333333331,0.840666,0.0161,
celeba,iid,4,107,4,1,,,0.5762859633827375,0.0127921711806029,,,,,,,0.8250222222222221,0.0438444444444443,0.840666,-0.0013159999999999,
celeba,iid,4,107,4,2,,,0.5762859633827375,0.0331654893866875,,,,,,,0.8250222222222221,0.0271777777777775,0.840666,0.0022499999999999,
celeba,iid,4,107,4,3,,,0.5762859633827375,0.0191993492095091,,,,,,,0.8250222222222221,-0.0089777777777777,0.840666,0.0048799999999999,
celeba,iid,4,107,5,0,,,0.5563517915309446,0.0137060125927375,,,,,,,0.8183777777777776,0.0421333333333333,0.8246439999999999,0.0141739999999999,
celeba,iid,4,107,5,1,,,0.5563517915309446,0.0374222876144955,,,,,,,0.8183777777777776,-0.0444222222222223,0.8246439999999999,0.0155679999999999,
celeba,iid,4,107,5,2,,,0.5563517915309446,0.0231346275143904,,,,,,,0.8183777777777776,0.0839999999999998,0.8246439999999999,0.0051479999999999,
celeba,iid,4,107,5,3,,,0.5563517915309446,0.0243116869101948,,,,,,,0.8183777777777776,0.0216111111111108,0.8246439999999999,-0.00101,
celeba,iid,4,107,6,0,,,0.5426776429809359,-0.0187754786201082,,,,,,,0.7133111111111115,-0.006622222222222,0.876226,-0.0277480000000001,
celeba,iid,4,107,6,1,,,0.5426776429809359,0.0445210608946206,,,,,,,0.7133111111111115,-0.0913555555555551,0.876226,0.0181019999999999,
celeba,iid,4,107,6,2,,,0.5426776429809359,0.0573483667366412,,,,,,,0.7133111111111115,-0.0742777777777774,0.876226,0.0594139999999999,
celeba,iid,4,107,6,3,,,0.5426776429809359,0.0217990000927236,,,,,,,0.7133111111111115,-0.0211555555555553,0.876226,-0.011736,
celeba,iid,4,107,7,0,,,0.5249674337820234,-0.0128932735297579,,,,,,,0.6764666666666665,-0.0886666666666666,0.856106,-0.0221719999999999,
celeba,iid,4,107,7,1,,,0.5249674337820234,0.0495647346091892,,,,,,,0.6764666666666665,-0.0387999999999999,0.856106,0.0196979999999999,
celeba,iid,4,107,7,2,,,0.5249674337820234,0.0394396862303367,,,,,,,0.6764666666666665,-0.0271777777777779,0.856106,0.032582,
celeba,iid,4,107,7,3,,,0.5249674337820234,0.0456106323913236,,,,,,,0.6764666666666665,-0.0299111111111112,0.856106,-0.001746,
celeba,iid,4,107,8,0,,,0.5103418245155671,0.0055487961931269,,,,,,,0.7918666666666667,0.0436222222222222,0.86622,-0.015546,
celeba,iid,4,107,8,1,,,0.5103418245155671,0.0434580025828852,,,,,,,0.7918666666666667,-0.0163333333333333,0.86622,0.020348,
celeba,iid,4,107,8,2,,,0.5103418245155671,0.0381620296213929,,,,,,,0.7918666666666667,0.0076555555555557,0.86622,0.0224619999999999,
celeba,iid,4,107,8,3,,,0.5103418245155671,0.0259565875642676,,,,,,,0.7918666666666667,0.0839888888888891,0.86622,-0.0135039999999999,
celeba,iid,4,107,9,0,,,0.4605034722222222,0.0448852509640876,,,,,,,0.7963555555555555,0.0531333333333332,0.80875,0.016498,
celeba,iid,4,107,9,1,,,0.4605034722222222,0.0342526600064977,,,,,,,0.7963555555555555,0.0250666666666665,0.80875,-0.000198,
celeba,iid,4,107,9,2,,,0.4605034722222222,0.0479816572134962,,,,,,,0.7963555555555555,0.0287555555555554,0.80875,0.0408359999999999,
celeba,iid,4,107,9,3,,,0.4605034722222222,0.0013197987528345,,,,,,,0.7963555555555555,0.0043111111111109,0.80875,-0.051522,
celeba,iid,4,107,10,0,,,0.4484703840312432,0.0038573339553706,,,,,,,0.8137777777777777,0.0302777777777776,0.794032,-0.0016479999999999,
celeba,iid,4,107,10,1,,,0.4484703840312432,0.0763267496460419,,,,,,,0.8137777777777777,0.0644777777777776,0.794032,0.0327859999999999,
celeba,iid,4,107,10,2,,,0.4484703840312432,0.0538593453524078,,,,,,,0.8137777777777777,-0.0327666666666666,0.794032,0.0300899999999999,
celeba,iid,4,107,10,3,,,0.4484703840312432,-0.015645482808359,,,,,,,0.8137777777777777,0.0267111111111111,0.794032,-0.060314,
celeba,iid,4,123,1,0,,,0.6108303249097473,-0.0037044160674193,,,,,,,0.8216555555555556,0.0497777777777777,0.864754,-0.03186,
celeba,iid,4,123,1,1,,,0.6108303249097473,0.02391443705928,,,,,,,0.8216555555555556,0.0575333333333334,0.864754,-0.0361299999999999,
celeba,iid,4,123,1,2,,,0.6108303249097473,0.1003360798183458,,,,,,,0.8216555555555556,0.1062555555555557,0.864754,0.017768,
celeba,iid,4,123,1,3,,,0.6108303249097473,0.0252753079441632,,,,,,,0.8216555555555556,0.0806111111111111,0.864754,0.010276,
celeba,iid,4,123,2,0,,,0.553879781420765,0.0272422268356121,,,,,,,0.7909222222222223,-0.0164555555555556,0.879542,0.025878,
celeba,iid,4,123,2,1,,,0.553879781420765,0.0161604831751509,,,,,,,0.7909222222222223,-0.0157888888888886,0.879542,-0.0357399999999999,
celeba,iid,4,123,2,2,,,0.553879781420765,0.0270803939781922,,,,,,,0.7909222222222223,0.0200111111111112,0.879542,0.04863,
celeba,iid,4,123,2,3,,,0.553879781420765,0.0055209192763447,,,,,,,0.7909222222222223,-0.0086111111111111,0.879542,-0.0157539999999999,
celeba,iid,4,123,3,0,,,0.5728324961782049,0.0014039247496334,,,,,,,0.7621555555555557,0.0527333333333333,0.923992,0.0039799999999999,
celeba,iid,4,123,3,1,,,0.5728324961782049,0.0674490639655044,,,,,,,0.7621555555555557,-0.0240444444444443,0.923992,0.02507,
celeba,iid,4,123,3,2,,,0.5728324961782049,0.0278960647884635,,,,,,,0.7621555555555557,0.0330000000000001,0.923992,-0.0013699999999999,
celeba,iid,4,123,3,3,,,0.5728324961782049,0.0062312317352137,,,,,,,0.7621555555555557,0.0205999999999999,0.923992,0.000122,
celeba,iid,4,123,4,0,,,0.5642361111111112,0.0230596405228757,,,,,,,0.7715777777777775,0.0406888888888885,0.920696,-0.007672,
celeba,iid,4,123,4,1,,,0.5642361111111112,0.0057832645226714,,,,,,,0.7715777777777775,-0.0605555555555556,0.920696,0.0021979999999999,
celeba,iid,4,123,4,2,,,0.5642361111111112,0.0623894893426992,,,,,,,0.7715777777777775,0.0116111111111107,0.920696,0.0293439999999999,
celeba,iid,4,123,4,3,,,0.5642361111111112,-0.0044894217292541,,,,,,,0.7715777777777775,-0.0033333333333336,0.920696,-0.003788,
celeba,iid,4,123,5,0,,,0.5360645020701678,0.0391239426296082,,,,,,,0.7749666666666666,0.0474777777777777,0.904946,0.0353959999999999,
celeba,iid,4,123,5,1,,,0.5360645020701678,0.0272197761474772,,,,,,,0.7749666666666666,0.0040999999999999,0.904946,-0.0081579999999999,
celeba,iid,4,123,5,2,,,0.5360645020701678,0.0097716807740735,,,,,,,0.7749666666666666,0.0519666666666664,0.904946,0.000438,
celeba,iid,4,123,5,3,,,0.5360645020701678,0.0075209813408427,,,,,,,0.7749666666666666,0.0167444444444442,0.904946,0.000952,
celeba,iid,4,123,6,0,,,0.5255601479225582,0.0329450306332446,,,,,,,0.8492000000000002,0.1890666666666667,0.883274,0.0438459999999999,
celeba,iid,4,123,6,1,,,0.5255601479225582,0.0407116630740733,,,,,,,0.8492000000000002,0.0116444444444447,0.883274,0.007,
celeba,iid,4,123,6,2,,,0.5255601479225582,0.0094101370836248,,,,,,,0.8492000000000002,0.0178000000000002,0.883274,-0.006518,
celeba,iid,4,123,6,3,,,0.5255601479225582,0.0340420965958944,,,,,,,0.8492000000000002,0.0923888888888888,0.883274,0.00294,
celeba,iid,4,123,7,0,,,0.4970594641690263,0.029578015020183,,,,,,,0.8328,-0.0184666666666666,0.901664,0.02953,
celeba,iid,4,123,7,1,,,0.4970594641690263,0.0341611664824266,,,,,,,0.8328,0.0374666666666667,0.901664,-0.007938,
celeba,iid,4,123,7,2,,,0.4970594641690263,0.0143759529514266,,,,,,,0.8328,0.0785555555555552,0.901664,-0.0039019999999999,
celeba,iid,4,123,7,3,,,0.4970594641690263,0.0217172960178205,,,,,,,0.8328,0.1043555555555555,0.901664,-0.0049519999999999,
celeba,iid,4,123,8,0,,,0.4886710239651416,0.0455833658753029,,,,,,,0.7306777777777778,-0.0362,0.904998,0.04393,
celeba,iid,4,123,8,1,,,0.4886710239651416,0.0264916773306316,,,,,,,0.7306777777777778,-0.0707999999999999,0.904998,-0.015932,
celeba,iid,4,123,8,2,,,0.4886710239651416,0.0225878729804589,,,,,,,0.7306777777777778,-0.0333888888888891,0.904998,0.00739,
celeba,iid,4,123,8,3,,,0.4886710239651416,-0.0038436212941337,,,,,,,0.7306777777777778,0.0004333333333332,0.904998,-0.00889,
celeba,iid,4,123,9,0,,,0.4500548847420417,-0.0008350295625068,,,,,,,0.7437777777777779,-0.0694555555555553,0.892848,0.0108719999999999,
celeba,iid,4,123,9,1,,,0.4500548847420417,0.0664780808465127,,,,,,,0.7437777777777779,-0.0390777777777777,0.892848,0.01832,
celeba,iid,4,123,9,2,,,0.4500548847420417,0.0397815161353397,,,,,,,0.7437777777777779,0.001788888888889,0.892848,0.0027019999999999,
celeba,iid,4,123,9,3,,,0.4500548847420417,-0.0046288796570019,,,,,,,0.7437777777777779,0.0397555555555557,0.892848,-0.0012459999999999,
celeba,iid,4,123,10,0,,,0.4668694329784922,0.0084999620331323,,,,,,,0.8619666666666665,0.0820111111111112,0.89778,-0.0083339999999999,
celeba,iid,4,123,10,1,,,0.4668694329784922,0.0259623243871272,,,,,,,0.8619666666666665,0.1417777777777775,0.89778,0.008398,
celeba,iid,4,123,10,2,,,0.4668694329784922,0.0212432120104002,,,,,,,0.8619666666666665,0.1051999999999999,0.89778,0.003024,
celeba,iid,4,123,10,3,,,0.4668694329784922,0.0471915923167595,,,,,,,0.8619666666666665,0.0664333333333333,0.89778,0.020128,
celeba,iid,4,2025,1,0,,,0.6288095238095238,0.0185411457465133,,,,,,,0.8141666666666667,-0.0535222222222222,0.843358,-0.0043659999999999,
celeba,iid,4,2025,1,1,,,0.6288095238095238,0.0341090629800308,,,,,,,0.8141666666666667,-0.0286999999999999,0.843358,-0.0100779999999999,
celeba,iid,4,2025,1,2,,,0.6288095238095238,0.0352215935879302,,,,,,,0.8141666666666667,-0.0025333333333332,0.843358,-0.0128659999999999,
celeba,iid,4,2025,1,3,,,0.6288095238095238,0.0321848506457491,,,,,,,0.8141666666666667,-0.0141888888888888,0.843358,-0.0114539999999999,
celeba,iid,4,2025,2,0,,,0.574989068648885,0.0038419583161354,,,,,,,0.7754666666666667,0.0483111111111111,0.859438,0.008862,
celeba,iid,4,2025,2,1,,,0.574989068648885,0.0339623025233912,,,,,,,0.7754666666666667,0.020677777777778,0.859438,0.037612,
celeba,iid,4,2025,2,2,,,0.574989068648885,0.0292553551152152,,,,,,,0.7754666666666667,-0.0694888888888887,0.859438,0.009666,
celeba,iid,4,2025,2,3,,,0.574989068648885,0.0098951411696364,,,,,,,0.7754666666666667,0.0094777777777779,0.859438,-0.0282639999999999,
celeba,iid,4,2025,3,0,,,0.5907099035933392,0.023225241016652,,,,,,,0.8392666666666666,-0.0110333333333334,0.875624,0.0280439999999999,
celeba,iid,4,2025,3,1,,,0.5907099035933392,0.0212288130040692,,,,,,,0.8392666666666666,0.0036888888888888,0.875624,0.029776,
celeba,iid,4,2025,3,2,,,0.5907099035933392,0.0398662090995558,,,,,,,0.8392666666666666,0.0207555555555554,0.875624,0.0109899999999999,
celeba,iid,4,2025,3,3,,,0.5907099035933392,0.0153554870175485,,,,,,,0.8392666666666666,0.0147333333333332,0.875624,-0.013744,
celeba,iid,4,2025,4,0,,,0.6051829268292683,0.0115418118466898,,,,,,,0.9102666666666668,0.1423333333333334,0.904068,0.010012,
celeba,iid,4,2025,4,1,,,0.6051829268292683,0.0214685789085193,,,,,,,0.9102666666666668,0.1154666666666668,0.904068,0.02627,
celeba,iid,4,2025,4,2,,,0.6051829268292683,0.0476510866887325,,,,,,,0.9102666666666668,0.0605555555555556,0.904068,0.0162339999999999,
celeba,iid,4,2025,4,3,,,0.6051829268292683,0.0217226439130551,,,,,,,0.9102666666666668,0.0147555555555556,0.904068,-0.0120379999999999,
celeba,iid,4,2025,5,0,,,0.6032194909723733,0.009903518750151,,,,,,,0.8474555555555554,0.0603222222222221,0.941016,0.0054939999999999,
celeba,iid,4,2025,5,1,,,0.6032194909723733,0.0384289150561428,,,,,,,0.8474555555555554,-0.0821222222222224,0.941016,0.0060599999999999,
celeba,iid,4,2025,5,2,,,0.6032194909723733,0.026430660256841,,,,,,,0.8474555555555554,-0.0728111111111111,0.941016,0.0017239999999999,
celeba,iid,4,2025,5,3,,,0.6032194909723733,0.0264469811855093,,,,,,,0.8474555555555554,-0.0833111111111111,0.941016,0.0008859999999999,
celeba,iid,4,2025,6,0,,,0.5759219088937093,-0.0065433688840684,,,,,,,0.7582666666666666,-0.0249111111111111,0.91928,-0.002738,
celeba,iid,4,2025,6,1,,,0.5759219088937093,0.0527344497167008,,,,,,,0.7582666666666666,0.0639333333333334,0.91928,0.001232,
celeba,iid,4,2025,6,2,,,0.5759219088937093,0.0287027158729895,,,,,,,0.7582666666666666,-0.0082777777777778,0.91928,0.0183259999999999,
celeba,iid,4,2025,6,3,,,0.5759219088937093,0.0167213874946217,,,,,,,0.7582666666666666,-0.0088555555555556,0.91928,-0.003394,
celeba,iid,4,2025,7,0,,,0.5534934497816594,0.0082760584773114,,,,,,,0.8710333333333333,0.1262888888888889,0.917382,0.0043739999999999,
celeba,iid,4,2025,7,1,,,0.5534934497816594,0.0494319788705727,,,,,,,0.8710333333333333,0.0255444444444445,0.917382,-0.0013499999999999,
celeba,iid,4,2025,7,2,,,0.5534934497816594,0.0292769255651351,,,,,,,0.8710333333333333,0.0622444444444445,0.917382,0.020896,
celeba,iid,4,2025,7,3,,,0.5534934497816594,0.0223451971226621,,,,,,,0.8710333333333333,0.1319222222222225,0.917382,-0.0030979999999999,
celeba,iid,4,2025,8,0,,,0.522939769515112,0.0114330391633968,,,,,,,0.7974444444444444,0.0044666666666666,0.908406,0.0113160000000001,
celeba,iid,4,2025,8,1,,,0.522939769515112,0.0190079215465667,,,,,,,0.7974444444444444,-0.0044111111111111,0.908406,-0.0225259999999999,
celeba,iid,4,2025,8,2,,,0.522939769515112,0.0631017305569154,,,,,,,0.7974444444444444,0.0617333333333331,0.908406,0.021718,
celeba,iid,4,2025,8,3,,,0.522939769515112,0.0216331493060527,,,,,,,0.7974444444444444,0.1245555555555555,0.908406,0.0177020000000001,
celeba,iid,4,2025,9,0,,,0.5066318764948903,-0.0083161304375187,,,,,,,0.8477555555555556,0.150111111111111,0.91119,0.0108999999999999,
celeba,iid,4,2025,9,1,,,0.5066318764948903,0.0509356739632447,,,,,,,0.8477555555555556,0.0454333333333334,0.91119,0.0080839999999999,
celeba,iid,4,2025,9,2,,,0.5066318764948903,0.075152016599969,,,,,,,0.8477555555555556,0.0199888888888888,0.91119,0.0131679999999999,
celeba,iid,4,2025,9,3,,,0.5066318764948903,-0.0122811669833706,,,,,,,0.8477555555555556,0.0145555555555554,0.91119,-0.011664,
celeba,iid,4,2025,10,0,,,0.4778314310798947,-0.0309901764130262,,,,,,,0.8654222222222223,0.0234222222222224,0.920958,-0.005838,
celeba,iid,4,2025,10,1,,,0.4778314310798947,-0.024233337448686,,,,,,,0.8654222222222223,0.0386333333333335,0.920958,-0.002156,
celeba,iid,4,2025,10,2,,,0.4778314310798947,0.0,,,,,,,0.8654222222222223,0.0713000000000001,0.920958,-7.00000000000145e-05,
celeba,iid,4,2025,10,3,,,0.4778314310798947,-0.0715163950070618,,,,,,,0.8654222222222223,0.0837333333333332,0.920958,-0.0308020000000001,
celeba,iid,4,9928,1,0,0.747,-0.0757999999999999,0.7215528781793842,0.1277269180432636,0.8598114183251329,-0.0238829637679918,0.8184594125566479,-0.0020488477667297,0.472822368144989,-0.0999466478824615,0.8020444444444443,-0.017988888888889,0.831772,-0.016528,-0.0757999999999999
celeba,iid,4,9928,1,1,0.747,-0.0108,0.7215528781793842,0.025590882929978,0.8598114183251329,-0.0105199529181343,0.8184594125566479,-0.0075698136974914,0.472822368144989,-0.0089551210403442,0.8020444444444443,-0.0312888888888889,0.831772,0.0110959999999999,-0.0108
celeba,iid,4,9928,1,2,0.747,0.025,0.7215528781793842,-0.0205523849785105,0.8598114183251329,0.0093923565358204,0.8184594125566479,0.002311852283824,0.472822368144989,0.028479516506195,0.8020444444444443,0.0091222222222222,0.831772,-0.014754,0.025
celeba,iid,4,9928,1,3,0.747,-0.0737999999999999,0.7215528781793842,0.1150713966979027,0.8598114183251329,-0.0340922385446084,0.8184594125566479,-0.0121969573030344,0.472822368144989,-0.0830732285976409,0.8020444444444443,0.0352444444444444,0.831772,-0.002022,-0.0737999999999999
celeba,iid,4,9928,2,0,0.9118,0.0018,0.591577100241281,0.0243243529885336,0.9523087697575582,0.0041213456408897,0.8647223328991958,0.0068978911983392,0.2165284156799316,0.0034427791833877,0.6798555555555557,-0.013411111111111,0.906192,0.008054,0.0018
celeba,iid,4,9928,2,1,0.9118,0.001,0.591577100241281,0.0314102139874382,0.9523087697575582,-0.0004124503608936,0.8647223328991958,0.0040451273827823,0.2165284156799316,0.0050069093704223,0.6798555555555557,-0.0774333333333332,0.906192,0.0047899999999999,0.001
celeba,iid,4,9928,2,2,0.9118,0.001,0.591577100241281,0.0197720936536657,0.9523087697575582,-0.0006212305331462,0.8647223328991958,0.0038207711010768,0.2165284156799316,-0.0015203058719635,0.6798555555555557,-0.0591333333333332,0.906192,-0.012526,0.001
celeba,iid,4,9928,2,3,0.9118,-0.0009999999999998,0.591577100241281,0.0326375735103431,0.9523087697575582,-0.0061561977879364,0.8647223328991958,-0.0071222474800449,0.2165284156799316,-6.659328937530518e-05,0.6798555555555557,-0.1015555555555554,0.906192,0.007394,-0.0009999999999998
celeba,iid,4,9928,3,0,0.9188,0.0007999999999999,0.5629081410535481,0.0269604286352475,0.9591083396756273,-0.0012575530859227,0.8639069533907194,-0.0012174194147445,0.1966773867607116,0.0054871439933776,0.7648111111111111,0.0092888888888889,0.886516,0.0279439999999999,0.0007999999999999
celeba,iid,4,9928,3,1,0.9188,0.003,0.5629081410535481,0.0226155007390689,0.9591083396756273,0.0072905318294465,0.8639069533907194,0.0056349454724166,0.1966773867607116,0.0042447298765182,0.7648111111111111,-0.0845666666666666,0.886516,-0.0253499999999999,0.003
celeba,iid,4,9928,3,2,0.9188,-0.0014,0.5629081410535481,0.0232428508992338,0.9591083396756273,-0.0099859024100046,0.8639069533907194,-0.008884017464417,0.1966773867607116,0.0010452568531036,0.7648111111111111,-0.0056555555555555,0.886516,0.0007159999999999,-0.0014
celeba,iid,4,9928,3,3,0.9188,0.0003999999999999,0.5629081410535481,0.0280649354786353,0.9591083396756273,0.0039414676558703,0.8639069533907194,0.0037718057520037,0.1966773867607116,0.0012825280427932,0.7648111111111111,0.0240222222222221,0.886516,0.0225999999999999,0.0003999999999999
celeba,iid,4,9928,4,0,0.9198,0.0011999999999999,0.5736029571646011,0.0408357026468566,0.9553791964420754,-0.0028237732680848,0.8597878048113451,-0.0028311470059326,0.1913711428642273,0.0026865899562835,0.7675666666666667,-0.1101666666666665,0.87949,0.039606,0.0011999999999999
celeba,iid,4,9928,4,1,0.9198,0.002,0.5736029571646011,0.0214129375524851,0.9553791964420754,-0.0036186513955278,0.8597878048113451,-0.0045883316064448,0.1913711428642273,0.0038607716560363,0.7675666666666667,0.0270111111111113,0.87949,-0.023028,0.002
celeba,iid,4,9928,4,2,0.9198,0.0023999999999999,0.5736029571646011,-0.0008465741194625,0.9553791964420754,0.0114152234457346,0.8597878048113451,0.0098281152483828,0.1913711428642273,0.0057031214237213,0.7675666666666667,-0.0679555555555553,0.87949,0.0040839999999999,0.0023999999999999
celeba,iid,4,9928,4,3,0.9198,-0.001,0.5736029571646011,0.0210399684591275,0.9553791964420754,-0.0004547905181896,0.8597878048113451,4.896534907306016e-05,0.1913711428642273,0.0002493113279342,0.7675666666666667,0.0162666666666666,0.87949,0.0112599999999999,-0.001
celeba,iid,4,9928,5,0,0.922,0.004,0.5188720173535792,0.0602663528655618,0.964395424583674,4.9453354050710274e-05,0.8675569189430231,-0.0013153501128906,0.1918847411870956,0.0038850754499435,0.7038444444444443,-0.0941777777777779,0.856398,0.027232,0.004
celeba,iid,4,9928,5,1,0.922,0.002,0.5188720173535792,-0.0117801565594641,0.964395424583674,-0.0039074423053848,0.8675569189430231,-0.0046384433014828,0.1918847411870956,-0.0031857937574386,0.7038444444444443,-0.0627555555555556,0.856398,-0.0370239999999999,0.002
celeba,iid,4,9928,5,2,0.922,0.0042,0.5188720173535792,0.0344527538974885,0.964395424583674,0.0072802466657048,0.8675569189430231,0.0049903715127131,0.1918847411870956,0.0063602328300476,0.7038444444444443,-0.0392222222222224,0.856398,0.0088019999999999,0.0042
celeba,iid,4,9928,5,3,0.922,0.0022,0.5188720173535792,0.0359409453814113,0.964395424583674,-0.002305570862725,0.8675569189430231,-0.0026557560733,0.1918847411870956,0.005362793803215,0.7038444444444443,-0.0181333333333335,0.856398,0.014398,0.0022
celeba,iid,4,9928,6,0,0.9212,0.003,0.5147633521493704,0.0512477782003396,0.9641116272018524,0.0058592848099795,0.8674327860513933,0.0050860095189293,0.186856985092163,0.0041717290878295,0.7925111111111112,0.0627333333333335,0.8745080000000001,0.02896,0.003
celeba,iid,4,9928,6,1,0.9212,0.0021999999999999,0.5147633521493704,0.0427285316923519,0.9641116272018524,0.0018822542096328,0.8674327860513933,0.0013142037669255,0.186856985092163,0.001624047756195,0.7925111111111112,0.0574000000000001,0.8745080000000001,-0.0200239999999999,0.0021999999999999
celeba,iid,4,9928,6,2,0.9212,0.0018,0.5147633521493704,0.0076935240005777,0.9641116272018524,0.0070453452598279,0.8674327860513933,0.0054869030792326,0.186856985092163,0.0017408728599548,0.7925111111111112,0.0870222222222221,0.8745080000000001,0.015476,0.0018
celeba,iid,4,9928,6,3,0.9212,0.0018,0.5147633521493704,0.0142195192148478,0.9641116272018524,-0.0034522164006229,0.8674327860513933,-0.0038469732945607,0.186856985092163,0.0027285665273666,0.7925111111111112,0.0430444444444444,0.8745080000000001,-0.0011939999999999,0.0018
celeba,iid,4,9928,7,0,0.9212,0.0076,0.5147633521493704,0.0872239475959553,0.9641116272018524,0.0026285268251188,0.8674327860513933,0.0018312057971042,0.186856985092163,0.0134510993957519,0.734288888888889,-0.1226444444444443,0.874718,0.0274419999999999,0.0076
celeba,iid,4,9928,7,1,0.9212,0.002,0.5147633521493704,0.0404378517142094,0.9641116272018524,-0.0083831461952597,0.8674327860513933,-0.0087109192237142,0.186856985092163,0.0049152076244354,0.734288888888889,-0.0657666666666665,0.874718,-0.0268819999999999,0.002
celeba,iid,4,9928,7,2,0.9212,0.0038,0.5147633521493704,0.0582558308936477,0.9641116272018524,0.0041499401107146,0.8674327860513933,0.0042147865855906,0.186856985092163,0.0079857856035232,0.734288888888889,-0.082111111111111,0.874718,0.0018559999999999,0.0038
celeba,iid,4,9928,7,3,0.9212,0.003,0.5147633521493704,0.0617030167104681,0.9641116272018524,-0.0049064561136493,0.8674327860513933,-0.0047421057294535,0.186856985092163,0.0061213821172714,0.734288888888889,-0.0290333333333332,0.874718,0.0082719999999999,0.003
celeba,iid,4,9928,8,0,0.9198,0.001,0.5196781909110677,0.0634309118514246,0.9603024319115008,-0.0001679059154986,0.8652211571576451,0.0008392890100303,0.1889337450265884,0.0019442290067672,0.8279000000000001,0.0753222222222222,0.874444,0.006194,0.001
celeba,iid,4,9928,8,1,0.9198,0.0053999999999999,0.5196781909110677,0.0054612180326775,0.9603024319115008,0.0002774326245233,0.8652211571576451,-0.0031978139509974,0.1889337450265884,0.0088893622159957,0.8279000000000001,0.0528333333333335,0.874444,-0.0288079999999999,0.0053999999999999
celeba,iid,4,9928,8,2,0.9198,-0.0006,0.5196781909110677,0.039669499037969,0.9603024319115008,-0.0004299894432228,0.8652211571576451,0.0002972311323328,0.1889337450265884,-0.0,0.8279000000000001,-0.0088555555555553,0.874444,0.0224579999999999,-0.0006
celeba,iid,4,9928,8,3,0.9198,0.0045999999999999,0.5196781909110677,0.0118110580439347,0.9603024319115008,0.004141423975238,0.8652211571576451,0.0027821816568598,0.1889337450265884,0.0088597536087036,0.8279000000000001,0.0059555555555557,0.874444,0.019166,0.0045999999999999
celeba,iid,4,9928,9,0,0.9198,0.0025999999999999,0.4544466188301804,0.0477741373648511,0.9602080152213172,0.0012866732243947,0.8640823443233521,0.0007937626988521,0.1860178411006927,0.0025207549333572,0.7314777777777777,0.0260555555555555,0.8565119999999999,0.0417239999999998,0.0025999999999999
celeba,iid,4,9928,9,1,0.9198,-0.0014,0.4544466188301804,0.0193619466634413,0.9602080152213172,-0.0039075033011515,0.8640823443233521,-0.0032502183379654,0.1860178411006927,0.0004129260778427,0.7314777777777777,-0.0461555555555557,0.8565119999999999,-0.01719,-0.0014
celeba,iid,4,9928,9,2,0.9198,0.0005999999999999,0.4544466188301804,0.027118507428962,0.9602080152213172,-0.0025366495874357,0.8640823443233521,-0.0022833573984104,0.1860178411006927,0.0023546665906906,0.7314777777777777,0.0688111111111111,0.8565119999999999,-0.0067099999999999,0.0005999999999999
celeba,iid,4,9928,9,3,0.9198,-0.0006,0.4544466188301804,0.0437556149188375,0.9602080152213172,0.0047091439848949,0.8640823443233521,0.0041453507728582,0.1860178411006927,0.0008748173713684,0.7314777777777777,0.0183999999999997,0.8565119999999999,0.0079759999999999,-0.0006
celeba,iid,4,9928,10,0,0.9204,0.0018,0.4695784441547154,0.0602599159596358,0.9591512498747642,-0.0069347237865868,0.8628660712545726,-0.0073204015682666,0.1834598928689956,0.0031437277793884,0.7172666666666665,0.0445888888888885,0.869428,0.047416,0.0018
celeba,iid,4,9928,10,1,0.9204,-0.0003999999999999,0.4695784441547154,0.0358251861182253,0.9591512498747642,-0.0041900688403376,0.8628660712545726,-0.0047124644980748,0.1834598928689956,0.0019118785858154,0.7172666666666665,0.0464666666666664,0.869428,-0.018356,-0.0003999999999999
celeba,iid,4,9928,10,2,0.9204,0.0023999999999999,0.4695784441547154,0.0116263744379397,0.9591512498747642,0.0054488734454674,0.8628660712545726,0.0049368207797806,0.1834598928689956,0.0044640898704528,0.7172666666666665,0.0921,0.869428,-0.015252,0.0023999999999999
celeba,iid,4,9928,10,3,0.9204,-0.001,0.4695784441547154,0.0259057721338775,0.9591512498747642,0.0034913039185939,0.8628660712545726,0.0029302240500437,0.1834598928689956,0.0015157163143157,0.7172666666666665,0.0226222222222221,0.869428,0.004236,-0.001
celeba,iid,20,42,1,0,0.5332,-0.0118,0.9774943735933984,0.0299714378135818,0.9894265134268438,0.0140426488947638,0.988339532608548,0.0155803155366397,0.6393712162971497,-0.0053681135177612,0.8412888888888888,-0.0405333333333333,,,-0.0118
celeba,iid,20,42,1,1,0.5332,-0.004,0.9774943735933984,0.011746048947084,0.9894265134268438,0.0057002123571026,0.988339532608548,0.0061280380010412,0.6393712162971497,-0.0019993185997009,0.8412888888888888,-0.0597555555555557,,,-0.004
celeba,iid,20,42,1,2,0.5332,0.0003999999999999,0.9774943735933984,-0.0011092300102053,0.9894265134268438,0.0002482344373454,0.988339532608548,0.0001241328916298,0.6393712162971497,-0.0002496242523193,0.8412888888888888,-0.0259111111111112,,,0.0003999999999999
celeba,iid,20,42,1,3,0.5332,0.0026,0.9774943735933984,-0.0085591507187011,0.9894265134268438,-0.003386927492595,0.988339532608548,-0.0036966382094468,0.6393712162971497,0.0030386447906494,0.8412888888888888,-0.0383333333333335,,,0.0026
celeba,iid,20,42,1,4,0.5332,0.0031999999999999,0.9774943735933984,-0.0092980792367903,0.9894265134268438,-0.0043783352916697,0.988339532608548,-0.0047386666915587,0.6393712162971497,0.0040969252586364,0.8412888888888888,-0.0336666666666665,,,0.0031999999999999
celeba,iid,20,42,1,5,0.5332,0.0046,0.9774943735933984,-0.0149356036965335,0.9894265134268438,-0.0061129164524735,0.988339532608548,-0.0063512479367819,0.6393712162971497,0.0060532689094543,0.8412888888888888,-0.0615333333333334,,,0.0046
celeba,iid,20,42,1,6,0.5332,0.004,0.9774943735933984,-0.0134353316220211,0.9894265134268438,-0.0047910393870407,0.988339532608548,-0.0053092194546701,0.6393712162971497,0.0050913095474243,0.8412888888888888,-0.0373555555555558,,,0.004
celeba,iid,20,42,1,7,0.5332,-0.0091999999999999,0.9774943735933984,0.0224796243308614,0.9894265134268438,0.0115648943722307,0.988339532608548,0.0127024958735639,0.6393712162971497,-0.0045565962791442,0.8412888888888888,-0.0451777777777779,,,-0.0091999999999999
celeba,iid,20,42,1,8,0.5332,-0.0071999999999999,0.9774943735933984,0.0182049583454337,0.9894265134268438,0.0082602017086483,0.988339532608548,0.0092290675998577,0.6393712162971497,-0.0040442943572998,0.8412888888888888,-0.0246444444444446,,,-0.0071999999999999
celeba,iid,20,42,1,9,0.5332,-0.0125999999999999,0.9774943735933984,0.0331924314900637,0.9894265134268438,0.0144553529901347,0.988339532608548,0.016150868299751,0.6393712162971497,-0.0048301219940185,0.8412888888888888,-0.0461111111111112,,,-0.0125999999999999
celeba,iid,20,42,1,10,0.5332,0.0058,0.9774943735933984,-0.0171965630770605,0.9894265134268438,-0.0068560898142029,0.988339532608548,-0.0076164863546346,0.6393712162971497,0.0079277157783508,0.8412888888888888,-0.0314888888888891,,,0.0058
celeba,iid,20,42,1,11,0.5332,0.0001999999999999,0.9774943735933984,-0.0007420241551945,0.9894265134268438,-0.0003304692663582,0.988339532608548,-0.0003473428273705,0.6393712162971497,0.0014885663986206,0.8412888888888888,-0.0310000000000001,,,0.0001999999999999
celeba,iid,20,42,1,12,0.5332,0.0026,0.9774943735933984,-0.0085591507187011,0.9894265134268438,-0.003386927492595,0.988339532608548,-0.0036966382094468,0.6393712162971497,0.0024554729461669,0.8412888888888888,-0.0595111111111112,,,0.0026
celeba,iid,20,42,1,13,0.5332,0.0,0.9774943735933984,0.0003750937734433,0.9894265134268438,0.0,0.988339532608548,0.0,0.6393712162971497,-0.0002445578575134,0.8412888888888888,-0.0571111111111113,,,0.0
celeba,iid,20,42,1,14,0.5332,0.0031999999999999,0.9774943735933984,-0.0108075131990544,0.9894265134268438,-0.0043783352916697,0.988339532608548,-0.0047386666915587,0.6393712162971497,0.0044571161270141,0.8412888888888888,-0.0362222222222223,,,0.0031999999999999
celeba,iid,20,42,1,15,0.5332,0.0046,0.9774943735933984,-0.0145601099480319,0.9894265134268438,-0.0057824471861154,0.988339532608548,-0.0063512479367819,0.6393712162971497,0.0057958960533142,0.8412888888888888,-0.0463333333333335,,,0.0046
celeba,iid,20,42,1,16,0.5332,0.004,0.9774943735933984,-0.0126794737233061,0.9894265134268438,-0.0057002123571026,0.988339532608548,-0.0061280380010412,0.6393712162971497,0.0038061141967773,0.8412888888888888,-0.0212000000000001,,,0.004
celeba,iid,20,42,1,17,0.5332,0.0023999999999999,0.9774943735933984,-0.0066804568512136,0.9894265134268438,-0.0030564582262369,0.988339532608548,-0.0033492953820762,0.6393712162971497,0.0018510222434997,0.8412888888888888,-0.0335333333333336,,,0.0023999999999999
celeba,iid,20,42,1,18,0.5332,-0.0143999999999999,0.9774943735933984,0.037048630078601,0.9894265134268438,0.0180082800910625,0.988339532608548,0.0200957722924577,0.6393712162971497,-0.0040401816368103,0.8412888888888888,-0.014911111111111,,,-0.0143999999999999
celeba,iid,20,42,1,19,0.5332,0.0011999999999999,0.9774943735933984,-0.0044605136246468,0.9894265134268438,-0.0010736426280875,0.988339532608548,-0.0012652384178526,0.6393712162971497,0.0009635686874389,0.8412888888888888,-0.0440444444444447,,,0.0011999999999999
celeba,iid,20,42,2,0,0.8616,-0.0005999999999999,0.5988857938718664,-0.00027913305924,0.907203505493126,-0.0013742486519933,0.8408660545506741,0.0004714757190004,0.3261660039424896,0.0004942119121551,0.9291333333333334,0.0654000000000001,,,-0.0005999999999999
celeba,iid,20,42,2,1,0.8616,-0.0017999999999999,0.5988857938718664,0.0055122998959626,0.907203505493126,-0.0006621214124731,0.8408660545506741,-0.0021592245067805,0.3261660039424896,-0.0014581680297851,0.9291333333333334,0.0626222222222221,,,-0.0017999999999999
celeba,iid,20,42,2,2,0.8616,0.0008,0.5988857938718664,-0.0020902693398463,0.907203505493126,-0.0012193579837206,0.8408660545506741,-0.000892839742963,0.3261660039424896,0.0020601153373718,0.9291333333333334,0.0959999999999998,,,0.0008
celeba,iid,20,42,2,3,0.8616,-0.0013999999999999,0.5988857938718664,0.0059756919256197,0.907203505493126,0.0029745704677746,0.8408660545506741,0.0011160496787037,0.3261660039424896,-0.0021685361862182,0.9291333333333334,0.104788888888889,,,-0.0013999999999999
celeba,iid,20,42,2,4,0.8616,-0.0035999999999999,0.5988857938718664,0.0067470655481669,0.907203505493126,-0.0005607852105173,0.8408660545506741,-0.0032513646839302,0.3261660039424896,-0.0027239918708801,0.9291333333333334,0.1140777777777777,,,-0.0035999999999999
celeba,iid,20,42,2,5,0.8616,-0.001,0.5988857938718664,0.0004624226685276,0.907203505493126,0.0028135764203646,0.8408660545506741,0.0021091128117425,0.3261660039424896,-0.0006083846092224,0.9291333333333334,0.072688888888889,,,-0.001
celeba,iid,20,42,2,6,0.8616,-0.004,0.5988857938718664,0.0101612097683543,0.907203505493126,0.0027607160951489,0.8408660545506741,-0.0004726220649653,0.3261660039424896,-0.0047800242900848,0.9291333333333334,0.107711111111111,,,-0.004
celeba,iid,20,42,2,7,0.8616,0.0058,0.5988857938718664,-0.0099013059178041,0.907203505493126,-0.0003897070126077,0.8408660545506741,-7.287485062712484e-05,0.3261660039424896,0.0066874027252197,0.9291333333333334,0.1155333333333332,,,0.0058
celeba,iid,20,42,2,8,0.8616,-0.004,0.5988857938718664,0.0066954057018109,0.907203505493126,-0.0004785503815046,0.8408660545506741,-0.0025566790291891,0.3261660039424896,-0.0046921670436859,0.9291333333333334,0.183888888888889,,,-0.004
celeba,iid,20,42,2,9,0.8616,-0.002,0.5988857938718664,0.0048607822924313,0.907203505493126,0.0005771737533963,0.8408660545506741,0.0010169726345927,0.3261660039424896,0.0001271963119506,0.9291333333333334,0.0690555555555556,,,-0.002
celeba,iid,20,42,2,10,0.8616,0.0018,0.5988857938718664,-0.0028820591172008,0.907203505493126,-0.0007584520535059,0.8408660545506741,-0.0002972311323327,0.3261660039424896,0.0019627511501312,0.9291333333333334,0.1067777777777776,,,0.0018
celeba,iid,20,42,2,11,0.8616,0.0014,0.5988857938718664,-0.0021372240309469,0.907203505493126,-0.0010066864908515,0.8408660545506741,-0.0004213640239625,0.3261660039424896,0.0013899505138397,0.9291333333333334,0.1950777777777776,,,0.0014
celeba,iid,20,42,2,12,0.8616,0.0004,0.5988857938718664,-0.0016715679488489,0.907203505493126,-0.002991032039308,0.8408660545506741,-0.0019599240725938,0.3261660039424896,0.0018690824508666,0.9291333333333334,0.0849666666666668,,,0.0004
celeba,iid,20,42,2,13,0.8616,-0.0037999999999999,0.5988857938718664,0.0072518673638931,0.907203505493126,-0.0002662259591861,0.8408660545506741,-7.516754255698643e-05,0.3261660039424896,-0.0021863579750061,0.9291333333333334,0.0696444444444444,,,-0.0037999999999999
celeba,iid,20,42,2,14,0.8616,0.0006,0.5988857938718664,-0.0015787822024657,0.907203505493126,0.0006815698559665,0.8408660545506741,-0.0010420284821119,0.3261660039424896,-0.0001433491706848,0.9291333333333334,0.0404111111111111,,,0.0006
celeba,iid,20,42,2,15,0.8616,-0.0023999999999999,0.5988857938718664,0.0037469049829774,0.907203505493126,0.000876249826995,0.8408660545506741,-0.0001742445866678,0.3261660039424896,-0.0025216937065124,0.9291333333333334,0.1304999999999998,,,-0.0023999999999999
celeba,iid,20,42,2,16,0.8616,0.0031999999999999,0.5988857938718664,-0.0052614568271085,0.907203505493126,0.0017261850508075,0.8408660545506741,0.0009190419364468,0.3261660039424896,0.0064780414104461,0.9291333333333334,0.1047333333333333,,,0.0031999999999999
celeba,iid,20,42,2,17,0.8616,-0.0001999999999999,0.5988857938718664,0.0010672744938203,0.907203505493126,0.0003660322108345,0.8408660545506741,-0.0003473428273707,0.3261660039424896,0.00017049908638,0.9291333333333334,0.1074444444444444,,,-0.0001999999999999
celeba,iid,20,42,2,18,0.8616,-0.0008,0.5988857938718664,0.0031065730926456,0.907203505493126,0.0013218770654328,0.8408660545506741,0.0013893713094823,0.3261660039424896,0.0017004907131195,0.9291333333333334,0.0860222222222222,,,-0.0008
celeba,iid,20,42,2,19,0.8616,0.0046,0.5988857938718664,-0.0111492119624393,0.907203505493126,0.0031562808999766,0.8408660545506741,-0.0003211406338867,0.3261660039424896,0.0059154629707336,0.9291333333333334,0.0662333333333333,,,0.0046
celeba,iid,20,42,3,0,0.9024,0.0001999999999999,0.5398936170212766,0.0027621605814628,0.9556022768825224,-7.07788184020064e-05,0.8698892416905065,-0.0002733216307787,0.2325254082679748,0.0006303489208221,0.8510444444444443,0.1096444444444442,,,0.0001999999999999
celeba,iid,20,42,3,1,0.9024,0.0,0.5398936170212766,0.0041081084903659,0.9556022768825224,-0.0021017962513949,0.8698892416905065,-0.0022583015508915,0.2325254082679748,0.0002642571926116,0.8510444444444443,0.1195666666666666,,,0.0
celeba,iid,20,42,3,2,0.9024,-0.0016,0.5398936170212766,0.0013980418000376,0.9556022768825224,0.0011409578687615,0.8698892416905065,-0.0012151267228147,0.2325254082679748,-0.0002344399690628,0.8510444444444443,0.1412222222222221,,,-0.0016
celeba,iid,20,42,3,3,0.9024,0.0001999999999999,0.5398936170212766,0.0031028368794326,0.9556022768825224,-0.0002475402962441,0.8698892416905065,-0.0039209944911525,0.2325254082679748,0.0006927847862243,0.8510444444444443,0.146022222222222,,,0.0001999999999999
celeba,iid,20,42,3,4,0.9024,-0.001,0.5398936170212766,0.0010403958567869,0.9556022768825224,0.0015349076617403,0.8698892416905065,-0.0011160496787038,0.2325254082679748,5.161762237548828e-05,0.8510444444444443,0.0784666666666664,,,-0.001
celeba,iid,20,42,3,5,0.9024,-0.0014,0.5398936170212766,0.0023853187251933,0.9556022768825224,0.0002428818058721,0.8698892416905065,0.0012401825703335,0.2325254082679748,5.462765693664551e-05,0.8510444444444443,0.0302333333333333,,,-0.0014
celeba,iid,20,42,3,6,0.9024,-0.0001999999999999,0.5398936170212766,0.0005627949516998,0.9556022768825224,0.0013107681253727,0.8698892416905065,-0.0002232099357407,0.2325254082679748,-0.0002332180738449,0.8510444444444443,-0.0287222222222225,,,-0.0001999999999999
celeba,iid,20,42,3,7,0.9024,0.0003999999999999,0.5398936170212766,0.001977874227485,0.9556022768825224,0.0012996591853127,0.8698892416905065,-0.0018357911809639,0.2325254082679748,-0.0005861073732376,0.8510444444444443,0.0806333333333331,,,0.0003999999999999
celeba,iid,20,42,3,8,0.9024,-0.0016,0.5398936170212766,0.0064865373752588,0.9556022768825224,-0.0001548906682725,0.8698892416905065,0.001711658289334,0.2325254082679748,0.0003396272659301,0.8510444444444443,0.097622222222222,,,-0.0016
celeba,iid,20,42,3,9,0.9024,0.0003999999999999,0.5398936170212766,0.0059690050478841,0.9556022768825224,0.0012006036813284,0.8698892416905065,0.0007687068513331,0.2325254082679748,0.0009365528821945,0.8510444444444443,0.0881999999999998,,,0.0003999999999999
celeba,iid,20,42,3,10,0.9024,-0.0014,0.5398936170212766,0.005483349262923,0.9556022768825224,0.0004238130354311,0.8698892416905065,0.0021831340083345,0.2325254082679748,0.0006488114595413,0.8510444444444443,0.0891555555555552,,,-0.0014
celeba,iid,20,42,3,11,0.9024,-0.0006,0.5398936170212766,-0.0015147089308934,0.9556022768825224,0.0008781388807405,0.8698892416905065,-0.003572505317817,0.2325254082679748,0.0001769661903381,0.8510444444444443,0.0727555555555552,,,-0.0006
celeba,iid,20,42,3,12,0.9024,-0.0006,0.5398936170212766,-0.003286188116013,0.9556022768825224,-0.0019173894112206,0.8698892416905065,-0.0003473428273705,0.2325254082679748,8.630752563476562e-05,0.8510444444444443,-0.0124888888888889,,,-0.0006
celeba,iid,20,42,3,13,0.9024,-0.001,0.5398936170212766,0.0043611839905038,0.9556022768825224,-0.0024097005670824,0.8698892416905065,-0.0015146505470773,0.2325254082679748,0.0012188255786895,0.8510444444444443,0.0901333333333331,,,-0.001
celeba,iid,20,42,3,14,0.9024,-0.0006,0.5398936170212766,0.0001372493579322,0.9556022768825224,-0.0011933174224343,0.8698892416905065,0.0014144271570014,0.2325254082679748,-0.0001175999641418,0.8510444444444443,0.0965888888888886,,,-0.0006
celeba,iid,20,42,3,15,0.9024,0.0,0.5398936170212766,0.001670705432533,0.9556022768825224,-0.0006498295926562,0.8698892416905065,0.0004464198714814,0.2325254082679748,0.0005338191986083,0.8510444444444443,0.0069999999999996,,,0.0
celeba,iid,20,42,3,16,0.9024,0.001,0.5398936170212766,-0.004814614618395,0.9556022768825224,0.0064375848365697,0.8698892416905065,-0.0028516174695919,0.2325254082679748,-0.0005829483270645,0.8510444444444443,0.1119111111111108,,,0.001
celeba,iid,20,42,3,17,0.9024,0.0003999999999999,0.5398936170212766,0.0002040383073076,0.9556022768825224,-0.0006177422587954,0.8698892416905065,-0.0008689302414091,0.2325254082679748,0.0007204711437225,0.8510444444444443,0.0628999999999999,,,0.0003999999999999
celeba,iid,20,42,3,18,0.9024,-0.0001999999999999,0.5398936170212766,0.0001196307593666,0.9556022768825224,0.0021411818770374,0.8698892416905065,0.0014645388520392,0.2325254082679748,-0.0005514323711395,0.8510444444444443,0.0784444444444441,,,-0.0001999999999999
celeba,iid,20,42,3,19,0.9024,0.0005999999999999,0.5398936170212766,-0.0046937831561856,0.9556022768825224,0.0055356981254018,0.8698892416905065,-0.001015826288628,0.2325254082679748,-0.0004772692918777,0.8510444444444443,0.1135555555555554,,,0.0005999999999999
celeba,iid,20,42,4,0,0.9052,0.0,0.5190013256738842,-0.0035351303579319,0.9634028703189292,-0.0016763789753068,0.871108953797181,-0.0027047214223729,0.2249636054039001,-7.34180212020874e-05,0.8050888888888887,0.0409555555555554,,,0.0
celeba,iid,20,42,4,1,0.9052,0.0001999999999999,0.5190013256738842,0.0007692814749892,0.9634028703189292,0.0006479525717985,0.871108953797181,0.0005454969155924,0.2249636054039001,0.0013839304447174,0.8050888888888887,-0.0086000000000001,,,0.0001999999999999
celeba,iid,20,42,4,2,0.9052,-0.0011999999999999,0.5190013256738842,-0.00085745632082,0.9634028703189292,0.0021882751224745,0.871108953797181,-0.000892839742963,0.2249636054039001,-0.0007233470678329,0.8050888888888887,-0.0193000000000003,,,-0.0011999999999999
celeba,iid,20,42,4,3,0.9052,-0.0006,0.5190013256738842,0.0012269825517822,0.9634028703189292,-0.0023653093805172,0.871108953797181,-0.0019849799201127,0.2249636054039001,0.0002906173467636,0.8050888888888887,0.0339111111111107,,,-0.0006
celeba,iid,20,42,4,4,0.9052,-0.001,0.5190013256738842,0.0021176355392561,0.9634028703189292,-0.0007954706579396,0.871108953797181,-0.0006696298072221,0.2249636054039001,-0.0007646530866622,0.8050888888888887,0.0875111111111108,,,-0.001
celeba,iid,20,42,4,5,0.9052,0.0021999999999999,0.5190013256738842,0.0064874829274833,0.9634028703189292,0.0010315682381563,0.871108953797181,0.0008176722004062,0.2249636054039001,0.00254987180233,0.8050888888888887,-0.0154888888888891,,,0.0021999999999999
celeba,iid,20,42,4,6,0.9052,-0.001,0.5190013256738842,0.0020110344117483,0.9634028703189292,0.0024539380526553,0.871108953797181,0.0034244629246331,0.2249636054039001,-0.0002639889717102,0.8050888888888887,-0.0608888888888889,,,-0.001
celeba,iid,20,42,4,7,0.9052,-0.0001999999999999,0.5190013256738842,0.0025445110063339,0.9634028703189292,-0.0005787037037036,0.871108953797181,-0.0004714757190004,0.2249636054039001,-0.000827819108963,0.8050888888888887,-0.0041777777777776,,,-0.0001999999999999
celeba,iid,20,42,4,8,0.9052,0.002,0.5190013256738842,0.0041651874985078,0.9634028703189292,-0.0001002143179659,0.871108953797181,-0.0002983774782975,0.2249636054039001,0.0020965784788131,0.8050888888888887,-0.0964777777777778,,,0.002
celeba,iid,20,42,4,9,0.9052,0.0,0.5190013256738842,0.0019885108263367,0.9634028703189292,0.0021568076393648,0.871108953797181,0.0022081898558535,0.2249636054039001,0.0011873692274093,0.8050888888888887,-0.0830000000000001,,,0.0
celeba,iid,20,42,4,10,0.9052,0.0006,0.5190013256738842,0.0027510493086398,0.9634028703189292,0.0010892804233024,0.871108953797181,0.0012401825703336,0.2249636054039001,0.0009884685277938,0.8050888888888887,-0.013011111111111,,,0.0006
celeba,iid,20,42,4,11,0.9052,0.0,0.5190013256738842,-0.0019885108263367,0.9634028703189292,0.0007638046849792,0.871108953797181,0.0008188185463712,0.2249636054039001,-6.179511547088623e-05,0.8050888888888887,-0.0163000000000002,,,0.0
celeba,iid,20,42,4,12,0.9052,-0.0016,0.5190013256738842,-0.0057009239952819,0.9634028703189292,0.0027348914923172,0.871108953797181,0.0013654618079285,0.2249636054039001,-0.0015133172273635,0.8050888888888887,-0.0208333333333332,,,-0.0016
celeba,iid,20,42,4,13,0.9052,0.0006,0.5190013256738842,0.0020877727223034,0.9634028703189292,0.0004035408156191,0.871108953797181,0.0002972311323327,0.2249636054039001,0.001925304532051,0.8050888888888887,-0.0423444444444445,,,0.0006
celeba,iid,20,42,4,14,0.9052,0.0003999999999999,0.5190013256738842,0.0031932336995309,0.9634028703189292,0.0016492298246139,0.871108953797181,0.0020840569642237,0.2249636054039001,0.0009868144989013,0.8050888888888887,-0.0157222222222224,,,0.0003999999999999
celeba,iid,20,42,4,15,0.9052,0.001,0.5190013256738842,-0.0003527995196569,0.9634028703189292,-0.0015138485956015,0.871108953797181,-0.0015886717436691,0.2249636054039001,0.0018619298934936,0.8050888888888887,-0.0543777777777778,,,0.001
celeba,iid,20,42,4,16,0.9052,-0.0041999999999999,0.5190013256738842,-0.0038658686972679,0.9634028703189292,0.0031901217862829,0.871108953797181,0.0021114055036726,0.2249636054039001,-0.0043841302394866,0.8050888888888887,0.0006555555555554,,,-0.0041999999999999
celeba,iid,20,42,4,17,0.9052,0.0,0.5190013256738842,-0.0035351303579319,0.9634028703189292,-0.0001541844942837,0.871108953797181,0.0001981540882218,0.2249636054039001,0.0007987767457962,0.8050888888888887,0.0048111111111108,,,0.0
celeba,iid,20,42,4,18,0.9052,-0.0023999999999999,0.5190013256738842,0.0004909686884281,0.9634028703189292,0.002712159546071,0.871108953797181,0.0029290777040786,0.2249636054039001,-0.0024771839380264,0.8050888888888887,0.0030555555555555,,,-0.0023999999999999
celeba,iid,20,42,4,19,0.9052,-0.001,0.5190013256738842,-0.0016342956017724,0.9634028703189292,0.0008419440526253,0.871108953797181,2.505584751899548e-05,0.2249636054039001,-0.0009104758501052,0.8050888888888887,0.0056222222222219,,,-0.001
celeba,iid,20,42,5,0,0.909,0.0006,0.4998899889988999,0.0012109929619118,0.9621078696239886,-0.0003710257388697,0.8685534211139567,-0.0002733216307787,0.2210481762886047,0.0016723871231079,0.8131555555555556,-0.0323777777777776,,,0.0006
celeba,iid,20,42,5,1,0.909,0.0004,0.4998899889988999,0.0037420691221664,0.9621078696239886,-0.0038703417669176,0.8685534211139567,-0.0037718057520037,0.2210481762886047,0.0015033334493637,0.8131555555555556,-0.0201333333333331,,,0.0004
celeba,iid,20,42,5,2,0.909,-0.0011999999999999,0.4998899889988999,-0.0017580004539675,0.9621078696239886,0.0015731593705052,0.8685534211139567,0.0014895946995582,0.2210481762886047,-0.0021577179431915,0.8131555555555556,0.1075999999999999,,,-0.0011999999999999
celeba,iid,20,42,5,3,0.909,0.0014,0.4998899889988999,0.0016528801403719,0.9621078696239886,-0.0021747871283179,0.8685534211139567,-0.0022833573984104,0.2210481762886047,0.0016927123069763,0.8131555555555556,-0.0152444444444443,,,0.0014
celeba,iid,20,42,5,4,0.909,0.0006,0.4998899889988999,0.0012109929619118,0.9621078696239886,0.0008269381410491,0.8685534211139567,0.0005956086106302,0.2210481762886047,-0.0002311319112777,0.8131555555555556,0.0408000000000001,,,0.0006
celeba,iid,20,42,5,5,0.909,0.0016,0.4998899889988999,0.007934952631256,0.9621078696239886,0.0015956873911844,0.8685534211139567,0.0016615465942961,0.2210481762886047,0.002196118235588,0.8131555555555556,-0.0616666666666665,,,0.0016
celeba,iid,20,42,5,6,0.909,-0.0011999999999999,0.4998899889988999,-0.0021974643080655,0.9621078696239886,0.0020481731456276,0.8685534211139567,0.0022583015508914,0.2210481762886047,-0.0011167079210281,0.8131555555555556,0.0370666666666668,,,-0.0011999999999999
celeba,iid,20,42,5,7,0.909,0.0014,0.4998899889988999,0.0020936029257399,0.9621078696239886,-0.0005514802626608,0.8685534211139567,-0.0011661613737417,0.2210481762886047,-0.0002805441617965,0.8131555555555556,-0.0191555555555555,,,0.0014
celeba,iid,20,42,5,8,0.909,0.002,0.4998899889988999,0.0013232855810387,0.9621078696239886,0.0024711744376278,0.8685534211139567,0.0024063439440752,0.2210481762886047,0.0009404718875885,0.8131555555555556,-0.0020666666666666,,,0.002
celeba,iid,20,42,5,9,0.909,0.002,0.4998899889988999,0.0038599934100159,0.9621078696239886,-0.0004394997935253,0.8685534211139567,-0.0007949090448171,0.2210481762886047,0.0035266578197479,0.8131555555555556,0.0006666666666668,,,0.002
celeba,iid,20,42,5,10,0.909,0.0008,0.4998899889988999,0.0022022550196002,0.9621078696239886,0.0008261143647307,0.8685534211139567,0.0010169726345927,0.2210481762886047,0.0011396408081054,0.8131555555555556,0.0399555555555557,,,0.0008
celeba,iid,20,42,5,11,0.909,-0.0003999999999999,0.4998899889988999,-0.0041786276714321,0.9621078696239886,0.0022061803210775,0.8685534211139567,0.0019360145710397,0.2210481762886047,-0.0010492503643035,0.8131555555555556,0.0216222222222224,,,-0.0003999999999999
celeba,iid,20,42,5,12,0.909,-0.0003999999999999,0.4998899889988999,-0.0071460708076084,0.9621078696239886,0.0024000975115544,0.8685534211139567,0.001613727591188,0.2210481762886047,-0.0025296509265899,0.8131555555555556,0.0086000000000001,,,-0.0003999999999999
celeba,iid,20,42,5,13,0.909,0.0001999999999999,0.4998899889988999,0.0017609993444864,0.9621078696239886,0.0012158944059927,0.8685534211139567,0.0007937626988521,0.2210481762886047,0.0010053813457489,0.8131555555555556,0.0720333333333336,,,0.0001999999999999
celeba,iid,20,42,5,14,0.909,0.0011999999999999,0.4998899889988999,0.0017626481749298,0.9621078696239886,-0.0007917222671234,0.8685534211139567,-0.0010670843296308,0.2210481762886047,0.0003811717033386,0.8131555555555556,0.0145222222222223,,,0.0011999999999999
celeba,iid,20,42,5,15,0.909,0.0026,0.4998899889988999,0.0034204391312917,0.9621078696239886,0.0014232253002761,0.8685534211139567,0.0009919167870737,0.2210481762886047,0.0016220659017562,0.8131555555555556,-0.0501444444444443,,,0.0026
celeba,iid,20,42,5,16,0.909,-0.002,0.4998899889988999,0.0002192974511502,0.9621078696239886,0.0041495416541341,0.8685534211139567,0.0041202949253392,0.2210481762886047,-0.0031969100236892,0.8131555555555556,-0.0061333333333333,,,-0.002
celeba,iid,20,42,5,17,0.909,0.0004,0.4998899889988999,0.0006604050235532,0.9621078696239886,0.0002394182281442,0.8685534211139567,0.0003222869798515,0.2210481762886047,-6.8694353103637695e-06,0.8131555555555556,-0.0108666666666665,,,0.0004
celeba,iid,20,42,5,18,0.909,-0.001,0.4998899889988999,0.0014284505373614,0.9621078696239886,0.0027029962663192,0.8685534211139567,0.0026557560732998,0.2210481762886047,-0.0017341077327728,0.8131555555555556,0.0347555555555556,,,-0.001
celeba,iid,20,42,5,19,0.909,-0.001,0.4998899889988999,-0.0018682527593418,0.9621078696239886,0.0017938232962572,0.8685534211139567,0.0018369375269288,0.2210481762886047,-0.0022607743740081,0.8131555555555556,0.1250111111111114,,,-0.001
celeba,iid,20,42,6,0,0.914,0.0,0.512910284463895,0.000218818380744,0.9588875067615156,-0.0005491875318018,0.8642338257544306,-0.0007447973497791,0.213928684592247,0.0013485103845596,0.7215777777777779,0.0108666666666668,,,0.0
celeba,iid,20,42,6,1,0.914,-0.0001999999999999,0.512910284463895,-0.0001065608653546,0.9588875067615156,0.0008231154598831,0.8642338257544306,0.00071974150226,0.213928684592247,0.0009022206068038,0.7215777777777779,0.0515444444444446,,,-0.0001999999999999
celeba,iid,20,42,6,2,0.914,-0.0003999999999999,0.512910284463895,-0.0083058135238566,0.9588875067615156,0.0018481405431258,0.8642338257544306,0.0018118816794098,0.213928684592247,-0.0022387504577636,0.7215777777777779,0.0166888888888887,,,-0.0003999999999999
celeba,iid,20,42,6,3,0.914,0.0,0.512910284463895,0.0013129102844638,0.9588875067615156,-0.0004926461935248,0.8642338257544306,-0.0003723986748896,0.213928684592247,-0.0002595633268356,0.7215777777777779,-0.0751777777777775,,,0.0
celeba,iid,20,42,6,4,0.914,-0.0001999999999999,0.512910284463895,-0.0020754954529722,0.9588875067615156,0.0011723390286335,0.8642338257544306,0.0010420284821117,0.213928684592247,-0.0001398175954818,0.7215777777777779,0.0181555555555557,,,-0.0001999999999999
celeba,iid,20,42,6,5,0.914,0.0012,0.512910284463895,0.0058988909494339,0.9588875067615156,-0.0021808339008925,0.8642338257544306,-0.0025566790291891,0.213928684592247,0.0015433430671691,0.7215777777777779,-0.0269777777777775,,,0.0012
celeba,iid,20,42,6,6,0.914,0.0,0.512910284463895,-0.0005499913076086,0.9588875067615156,0.0010625336880273,0.8642338257544306,0.0006946856547411,0.213928684592247,-0.0004229992628097,0.7215777777777779,0.014,,,0.0
celeba,iid,20,42,6,7,0.914,0.0,0.512910284463895,0.0008752735229758,0.9588875067615156,-0.0019529523556969,0.8642338257544306,-0.0018859028760018,0.213928684592247,-0.0003647953271865,0.7215777777777779,0.0685333333333335,,,0.0
celeba,iid,20,42,6,8,0.914,0.0002,0.512910284463895,0.0020764039648798,0.9588875067615156,0.0012752051808965,0.8642338257544306,0.0011661613737415,0.213928684592247,0.0006853342056274,0.7215777777777779,-0.0669999999999999,,,0.0002
celeba,iid,20,42,6,9,0.914,-0.0007999999999999,0.512910284463895,0.0048210846387966,0.9588875067615156,0.0006858082471337,0.8642338257544306,0.0009668609395548,0.213928684592247,0.0028095990419387,0.7215777777777779,-0.0999999999999998,,,-0.0007999999999999
celeba,iid,20,42,6,10,0.914,-0.0007999999999999,0.512910284463895,-0.0021749800748019,0.9588875067615156,-0.0001491909662486,0.8642338257544306,0.0001241328916297,0.213928684592247,0.0003221929073333,0.7215777777777779,0.0101999999999999,,,-0.0007999999999999
celeba,iid,20,42,6,11,0.914,0.0006,0.512910284463895,-0.0003369237690807,0.9588875067615156,-0.0020351871847097,0.8642338257544306,-0.0021091128117427,0.213928684592247,0.0005325973033905,0.7215777777777779,0.0093333333333334,,,0.0006
celeba,iid,20,42,6,12,0.914,0.0006,0.512910284463895,-0.0069057873556802,0.9588875067615156,0.0037544210142864,0.8642338257544306,0.0034745746196709,0.213928684592247,-0.0022198259830474,0.7215777777777779,-0.0685111111111111,,,0.0006
celeba,iid,20,42,6,13,0.914,-0.0005999999999999,0.512910284463895,-0.0003195427829888,0.9588875067615156,-0.0018707175266842,0.8642338257544306,-0.0016626929402612,0.213928684592247,0.0004501044750213,0.7215777777777779,0.0614444444444444,,,-0.0005999999999999
celeba,iid,20,42,6,14,0.914,0.0,0.512910284463895,0.0028446389496717,0.9588875067615156,-0.000839924101967,0.8642338257544306,-0.0007447973497791,0.213928684592247,0.0010790824890136,0.7215777777777779,-0.0049999999999998,,,0.0
celeba,iid,20,42,6,15,0.914,0.0004,0.512910284463895,0.0019645751819334,0.9588875067615156,-0.0033172629144991,0.8642338257544306,-0.0031272317923005,0.213928684592247,0.0017261952161788,0.7215777777777779,0.0400444444444445,,,0.0004
celeba,iid,20,42,6,16,0.914,-0.0003999999999999,0.512910284463895,-0.0028377470321679,0.9588875067615156,0.0005916896646216,0.8642338257544306,0.0006206644581491,0.213928684592247,-0.0011159926652908,0.7215777777777779,-0.0937333333333332,,,-0.0003999999999999
celeba,iid,20,42,6,17,0.914,0.0,0.512910284463895,0.0013129102844638,0.9588875067615156,-0.0011198988026228,0.8642338257544306,-0.000993063133039,0.213928684592247,-0.0001179426908493,0.7215777777777779,-0.0056222222222219,,,0.0
celeba,iid,20,42,6,18,0.914,0.0002,0.512910284463895,-0.0047084504890487,0.9588875067615156,0.0042699912619202,0.8642338257544306,0.0041692602744121,0.213928684592247,-0.0021453648805618,0.7215777777777779,0.0232222222222222,,,0.0002
celeba,iid,20,42,6,19,0.914,0.0002,0.512910284463895,-0.0018631889438528,0.9588875067615156,0.0005094548356088,0.8642338257544306,0.0003974545224083,0.213928684592247,-0.001105785369873,0.7215777777777779,0.0372666666666667,,,0.0002
celeba,iid,20,42,7,0,0.916,0.0002,0.4965065502183405,0.0043668122270741,0.9510623643072592,-0.000288790909857,0.8560695497922739,0.0004213640239625,0.2106021791696548,0.0014380812644958,0.8001555555555555,0.0149777777777777,,,0.0002
celeba,iid,20,42,7,1,0.916,0.002,0.4965065502183405,0.0052592854480998,0.9510623643072592,-0.0018404951807937,0.8560695497922739,-0.0020601474626698,0.2106021791696548,0.0015121698379516,0.8001555555555555,0.002911111111111,,,0.002
celeba,iid,20,42,7,2,0.916,-0.001,0.4965065502183405,-0.0062197311338949,0.9510623643072592,-0.000584472045178,0.8560695497922739,-0.0002972311323328,0.2106021791696548,-0.0015745609998703,0.8001555555555555,-0.0052666666666667,,,-0.001
celeba,iid,20,42,7,3,0.916,0.0008,0.4965065502183405,-0.0021822609704705,0.9510623643072592,-0.0008272852115999,0.8560695497922739,-0.0010670843296307,0.2106021791696548,-0.0003658682107925,0.8001555555555555,0.0249777777777775,,,0.0008
celeba,iid,20,42,7,4,0.916,-0.0003999999999999,0.4965065502183405,0.0006532110651323,0.9510623643072592,0.0004482670398472,0.8560695497922739,0.0005705527631113,0.2106021791696548,0.0002277344465255,0.8001555555555555,0.0149333333333332,,,-0.0003999999999999
celeba,iid,20,42,7,5,0.916,0.0002,0.4965065502183405,0.0098311461117437,0.9510623643072592,-0.0025534582295199,0.8560695497922739,-0.0026557560733,0.2106021791696548,0.0010114163160324,0.8001555555555555,0.0094888888888888,,,0.0002
celeba,iid,20,42,7,6,0.916,0.0002,0.4965065502183405,-0.0009819843962041,0.9510623643072592,0.0007806133270633,0.8560695497922739,0.0008438743938901,0.2106021791696548,-0.0004458576440811,0.8001555555555555,0.019711111111111,,,0.0002
celeba,iid,20,42,7,7,0.916,0.0,0.4965065502183405,0.0058951965065501,0.9510623643072592,-0.0021656238485662,0.8560695497922739,-0.0020100357676317,0.2106021791696548,0.0004502087831497,0.8001555555555555,-0.0381555555555555,,,0.0
celeba,iid,20,42,7,8,0.916,-0.0003999999999999,0.4965065502183405,0.0017444376037617,0.9510623643072592,0.0020519958267937,0.8560695497922739,0.0021341686592615,0.2106021791696548,-0.0001837760210037,0.8001555555555555,0.0027777777777777,,,-0.0003999999999999
celeba,iid,20,42,7,9,0.916,0.0008,0.4965065502183405,0.0030624942742846,0.9510623643072592,-0.0015999061057804,0.8560695497922739,-0.0016877487877801,0.2106021791696548,0.0022342652082443,0.8001555555555555,0.0218,,,0.0008
celeba,iid,20,42,7,10,0.916,-0.0013999999999999,0.4965065502183405,0.0007576947572548,0.9510623643072592,-6.890179754426295e-05,0.8560695497922739,0.0003974545224085,0.2106021791696548,-0.0003398209810256,0.8001555555555555,0.0114222222222222,,,-0.0013999999999999
celeba,iid,20,42,7,11,0.916,-0.0003999999999999,0.4965065502183405,-0.0006562607812229,0.9510623643072592,-0.0003174833054403,0.8560695497922739,-0.0001981540882218,0.2106021791696548,0.0002827644348144,0.8001555555555555,-0.0047555555555556,,,-0.0003999999999999
celeba,iid,20,42,7,12,0.916,-0.0005999999999999,0.4965065502183405,-0.0075301069930929,0.9510623643072592,0.0003017768707749,0.8560695497922739,0.0001993004341866,0.2106021791696548,-0.0023667812347412,0.8001555555555555,-0.0588999999999999,,,-0.0005999999999999
celeba,iid,20,42,7,13,0.916,-0.001,0.4965065502183405,-0.0033843985275699,0.9510623643072592,-0.0001679452686409,0.8560695497922739,0.0001491887391487,0.2106021791696548,-0.0005671679973602,0.8001555555555555,0.0116,,,-0.001
celeba,iid,20,42,7,14,0.916,0.001,0.4965065502183405,0.0103863316391056,0.9510623643072592,-0.0009715316126925,0.8560695497922739,-0.0006958320007062,0.2106021791696548,0.002085730433464,0.8001555555555555,-0.007511111111111,,,0.001
celeba,iid,20,42,7,15,0.916,0.0006,0.4965065502183405,0.0068845270590659,0.9510623643072592,-0.0026127690044236,0.8560695497922739,-0.0022093362018185,0.2106021791696548,0.0025675892829895,0.8001555555555555,-0.0271555555555556,,,0.0006
celeba,iid,20,42,7,16,0.916,-0.0007999999999999,0.4965065502183405,-3.048385498916062e-06,0.9510623643072592,-0.0001403747570474,0.8560695497922739,-7.402119659194462e-05,0.2106021791696548,-0.0011692196130752,0.8001555555555555,-0.0065777777777777,,,-0.0007999999999999
celeba,iid,20,42,7,17,0.916,-0.0003999999999999,0.4965065502183405,-0.0065488840898217,0.9510623643072592,0.0001751628880845,0.8560695497922739,0.0001742445866677,0.2106021791696548,-0.0021167546510696,0.8001555555555555,0.0096888888888888,,,-0.0003999999999999
celeba,iid,20,42,7,18,0.916,0.0002,0.4965065502183405,0.0049144995522563,0.9510623643072592,0.0010625336880273,0.8560695497922739,0.0010420284821117,0.2106021791696548,8.952617645263672e-05,0.8001555555555555,-0.0105555555555554,,,0.0002
celeba,iid,20,42,7,19,0.916,-0.0005999999999999,0.4965065502183405,0.0027251843008192,0.9510623643072592,-0.0020657566011509,0.8560695497922739,-0.0021831340083346,0.2106021791696548,-0.0003906339406967,0.8001555555555555,-0.0175999999999998,,,-0.0005999999999999
celeba,iid,20,42,8,0,0.913,0.0031999999999999,0.4733844468784227,0.0040505273356661,0.9535408542900892,-0.0031052855627312,0.8581570457943923,-0.0039460503386716,0.2206450700759887,0.0021311193704605,0.7528666666666668,0.0074777777777779,,,0.0031999999999999
celeba,iid,20,42,8,1,0.913,0.0006,0.4733844468784227,0.0005655078166076,0.9535408542900892,-0.0011933174224343,0.8581570457943923,-0.0014144271570014,0.2206450700759887,0.0007563680410385,0.7528666666666668,0.0016222222222224,,,0.0006
celeba,iid,20,42,8,2,0.913,0.0,0.4733844468784227,-0.0008762322015334,0.9535408542900892,-0.003617113801537,0.8581570457943923,-0.0037216940569659,0.2206450700759887,-0.0013164281845092,0.7528666666666668,-0.0719666666666667,,,0.0
celeba,iid,20,42,8,3,0.913,0.0004,0.4733844468784227,0.0008882820745655,0.9535408542900892,-0.0003028987547646,0.8581570457943923,-0.0005705527631114,0.2206450700759887,-0.0007113367319107,0.7528666666666668,0.0402444444444445,,,0.0004
celeba,iid,20,42,8,4,0.913,0.0004,0.4733844468784227,0.0011074361398735,0.9535408542900892,-3.1740263310209293e-05,0.8581570457943923,-0.0001241328916299,0.2206450700759887,8.806586265563965e-05,0.7528666666666668,-0.0445555555555552,,,0.0004
celeba,iid,20,42,8,5,0.913,0.0018,0.4733844468784227,0.0067470456492743,0.9535408542900892,-0.0008047082280413,0.8581570457943923,-0.0012162730687795,0.2206450700759887,0.001290276646614,0.7528666666666668,-0.0103888888888887,,,0.0018
celeba,iid,20,42,8,6,0.913,0.0004,0.4733844468784227,0.0022032064664131,0.9535408542900892,-0.0010082164411586,0.8581570457943923,-0.0010670843296308,0.2206450700759887,0.000551089644432,0.7528666666666668,0.004088888888889,,,0.0004
celeba,iid,20,42,8,7,0.913,0.0014,0.4733844468784227,0.0047578562685061,0.9535408542900892,-0.0026586171126415,0.8581570457943923,-0.0028539101615218,0.2206450700759887,0.001122623682022,0.7528666666666668,0.0326222222222223,,,0.0014
celeba,iid,20,42,8,8,0.913,-0.0001999999999999,0.4733844468784227,-0.0001153341115027,0.9535408542900892,0.0003392854755595,0.8581570457943923,0.0001491887391487,0.2206450700759887,-0.0008046627044677,0.7528666666666668,-0.1125555555555553,,,-0.0001999999999999
celeba,iid,20,42,8,9,0.913,0.0011999999999999,0.4733844468784227,0.0028865306687276,0.9535408542900892,0.001093926880787,0.8581570457943923,0.0006946856547411,0.2206450700759887,0.0026076883077621,0.7528666666666668,-0.0937333333333332,,,0.0011999999999999
celeba,iid,20,42,8,10,0.913,-0.0011999999999999,0.4733844468784227,-0.0037540348542397,0.9535408542900892,-0.001221662747467,0.8581570457943923,-0.0010909938311849,0.2206450700759887,-0.0027042478322982,0.7528666666666668,0.0118444444444445,,,-0.0011999999999999
celeba,iid,20,42,8,11,0.913,0.0006,0.4733844468784227,-0.0022841195398148,0.9535408542900892,-0.0013298694983157,0.8581570457943923,-0.0016125812452232,0.2206450700759887,0.0011091530323028,0.7528666666666668,0.0065555555555558,,,0.0006
celeba,iid,20,42,8,12,0.913,-0.0017999999999999,0.4733844468784227,-0.0099998994267805,0.9535408542900892,-0.0007813881405025,0.8581570457943923,-0.0007436510038143,0.2206450700759887,-0.0022615939378738,0.7528666666666668,-0.0032444444444443,,,-0.0017999999999999
celeba,iid,20,42,8,13,0.913,0.0002,0.4733844468784227,-0.0009801455843292,0.9535408542900892,-0.0006777471748004,0.8581570457943923,-0.0007197415022601,0.2206450700759887,0.00146484375,0.7528666666666668,0.0242222222222223,,,0.0002
celeba,iid,20,42,8,14,0.913,0.0008,0.4733844468784227,0.0039698448174712,0.9535408542900892,0.0023821180226014,0.8581570457943923,0.0020100357676317,0.2206450700759887,0.0001610517501831,0.7528666666666668,0.0475333333333334,,,0.0008
celeba,iid,20,42,8,15,0.913,0.0024,0.4733844468784227,0.001827231855361,0.9535408542900892,-0.0032544765289799,0.8581570457943923,-0.0038219174470417,0.2206450700759887,0.0025467723608016,0.7528666666666668,0.0641666666666667,,,0.0024
celeba,iid,20,42,8,16,0.913,-0.0003999999999999,0.4733844468784227,0.0037107004365571,0.9535408542900892,0.0003117149639659,0.8581570457943923,0.0003723986748894,0.2206450700759887,-5.4195523262023926e-05,0.7528666666666668,0.0841777777777781,,,-0.0003999999999999
celeba,iid,20,42,8,17,0.913,0.0002,0.4733844468784227,0.000553596746959,0.9535408542900892,0.0005787037037037,0.8581570457943923,0.0004714757190004,0.2206450700759887,-0.0007918924093246,0.7528666666666668,-0.0887777777777776,,,0.0002
celeba,iid,20,42,8,18,0.913,-0.0011999999999999,0.4733844468784227,-0.0002537066984751,0.9535408542900892,0.0021915957704021,0.8581570457943923,0.0023084132459294,0.2206450700759887,-0.0034447461366653,0.7528666666666668,-0.0001999999999999,,,-0.0011999999999999
celeba,iid,20,42,8,19,0.913,-0.0005999999999999,0.4733844468784227,0.0009676342689656,0.9535408542900892,-0.001030793424717,0.8581570457943923,-0.000917895590482,0.2206450700759887,-0.0007331818342208,0.7528666666666668,0.0020444444444445,,,-0.0005999999999999
celeba,iid,20,42,9,0,0.9152,0.0004,0.4871066433566433,0.0083134645197391,0.9556162019138804,0.0026781462284731,0.8600418023244294,0.0027286309239269,0.2131984382867813,0.0033777356147766,0.7280444444444443,-0.0461333333333333,,,0.0004
celeba,iid,20,42,9,1,0.9152,-0.0003999999999999,0.4871066433566433,0.0087318071836419,0.9556162019138804,0.0021124284856873,0.8600418023244294,0.0024063439440753,0.2131984382867813,0.002446100115776,0.7280444444444443,-0.1149333333333335,,,-0.0003999999999999
celeba,iid,20,42,9,2,0.9152,0.0004,0.4871066433566433,-0.0043669027736583,0.9556162019138804,0.0001701693600495,0.8600418023244294,0.0002482657832597,0.2131984382867813,-0.0017206966876983,0.7280444444444443,-0.1041444444444446,,,0.0004
celeba,iid,20,42,9,3,0.9152,-0.0005999999999999,0.4871066433566433,0.0009743000502445,0.9556162019138804,-0.0006815698559665,0.8600418023244294,-0.0005956086106302,0.2131984382867813,-0.0009670853614807,0.7280444444444443,-0.0821777777777779,,,-0.0005999999999999
celeba,iid,20,42,9,4,0.9152,0.0,0.4871066433566433,0.0002185314685314,0.9556162019138804,0.002996731741332,0.8600418023244294,0.0029529872056328,0.2131984382867813,-0.0009858608245849,0.7280444444444443,-0.0480222222222221,,,0.0
celeba,iid,20,42,9,5,0.9152,0.0011999999999999,0.4871066433566433,0.0057062057198818,0.9556162019138804,0.0028165753252124,0.8600418023244294,0.0028527638155568,0.2131984382867813,0.0023219436407089,0.7280444444444443,-0.0565555555555556,,,0.0011999999999999
celeba,iid,20,42,9,6,0.9152,0.0001999999999999,0.4871066433566433,0.0025164794222171,0.9556162019138804,0.0011298368958139,0.8600418023244294,0.0011661613737417,0.2131984382867813,-0.0001486539840698,0.7280444444444443,-0.0316333333333334,,,0.0001999999999999
celeba,iid,20,42,9,7,0.9152,-0.0013999999999999,0.4871066433566433,0.0016167895490937,0.9556162019138804,-0.0014599590916214,0.8600418023244294,-0.0010420284821117,0.2131984382867813,-0.0004657506942749,0.7280444444444443,-0.0160333333333333,,,-0.0013999999999999
celeba,iid,20,42,9,8,0.9152,0.0001999999999999,0.4871066433566433,-0.0018551052772364,0.9556162019138804,0.0002879671335385,0.8600418023244294,0.0004714757190005,0.2131984382867813,-0.0005911588668823,0.7280444444444443,-0.0588666666666668,,,0.0001999999999999
celeba,iid,20,42,9,9,0.9152,0.0008,0.4871066433566433,0.004385733470379,0.9556162019138804,-0.000421520304572,0.8600418023244294,-0.0003723986748895,0.2131984382867813,0.0019726008176803,0.7280444444444443,-0.071466666666667,,,0.0008
celeba,iid,20,42,9,10,0.9152,-0.0008,0.4871066433566433,0.0039188704308791,0.9556162019138804,0.002083736090104,0.8600418023244294,0.0022583015508914,0.2131984382867813,-0.0006552189588546,0.7280444444444443,-0.0030555555555558,,,-0.0008
celeba,iid,20,42,9,11,0.9152,0.0,0.4871066433566433,-0.0001120588500422,0.9556162019138804,0.0014327356505787,0.8600418023244294,0.0012652384178526,0.2131984382867813,0.0009824931621551,0.7280444444444443,-0.0284333333333335,,,0.0
celeba,iid,20,42,9,12,0.9152,-0.0003999999999999,0.4871066433566433,-0.001971556730731,0.9556162019138804,0.0001663466788834,0.8600418023244294,0.0003723986748895,0.2131984382867813,-0.0005135536193847,0.7280444444444443,-0.0557666666666667,,,-0.0003999999999999
celeba,iid,20,42,9,13,0.9152,-0.0003999999999999,0.4871066433566433,-0.0002240687447109,0.9556162019138804,0.0019085732020195,0.8600418023244294,0.0020840569642237,0.2131984382867813,0.0008800476789474,0.7280444444444443,-0.0114,,,-0.0003999999999999
celeba,iid,20,42,9,14,0.9152,0.001,0.4871066433566433,0.004717669390334,0.9556162019138804,0.0015501863535171,0.8600418023244294,0.0014884483535932,0.2131984382867813,0.0012625008821487,0.7280444444444443,-0.1201777777777779,,,0.001
celeba,iid,20,42,9,15,0.9152,0.0014,0.4871066433566433,0.0081224051780093,0.9556162019138804,0.000415355929668,0.8600418023244294,-7.516754255676439e-05,0.2131984382867813,0.0012693554162979,0.7280444444444443,-0.1054444444444444,,,0.0014
celeba,iid,20,42,9,16,0.9152,-0.0008,0.4871066433566433,-0.0008846230189025,0.9556162019138804,0.0032055805530351,0.8600418023244294,0.0032012529888925,0.2131984382867813,-0.0015065968036651,0.7280444444444443,-0.0238444444444445,,,-0.0008
celeba,iid,20,42,9,17,0.9152,-0.0003999999999999,0.4871066433566433,-0.0080877646818013,0.9556162019138804,0.0035211181981672,0.8600418023244294,0.0034495187721521,0.2131984382867813,-0.0026145726442337,0.7280444444444443,-0.0066888888888889,,,-0.0003999999999999
celeba,iid,20,42,9,18,0.9152,-0.001,0.4871066433566433,-0.0036159063050026,0.9556162019138804,0.0019196135026292,0.8600418023244294,0.0022833573984104,0.2131984382867813,-0.002531424164772,0.7280444444444443,-0.0090666666666667,,,-0.001
celeba,iid,20,42,9,19,0.9152,-0.0001999999999999,0.4871066433566433,0.0029467132714346,0.9556162019138804,0.0008816024584684,0.8600418023244294,0.0010420284821117,0.2131984382867813,-0.0002148896455764,0.7280444444444443,-0.1411444444444447,,,-0.0001999999999999
celeba,iid,20,42,10,0,0.9172,-0.0008,0.4803750545137374,-0.0024136165102277,0.95384690126149,0.0018037613894483,0.8580055643633138,0.0020100357676318,0.2113529294729232,0.0009001046419143,0.8349333333333333,-0.0203333333333333,,,-0.0008
celeba,iid,20,42,10,1,0.9172,0.0004,0.4803750545137374,0.0056804646359014,0.95384690126149,-0.0003097693036576,0.8580055643633138,-0.0004225103699273,0.2113529294729232,0.0032899230718612,0.8349333333333333,-0.0141999999999999,,,0.0004
celeba,iid,20,42,10,2,0.9172,-0.0005999999999999,0.4803750545137374,-0.0012113477525514,0.95384690126149,0.0016098441989714,0.8580055643633138,0.0018608470284828,0.2113529294729232,-0.0011146962642669,0.8349333333333333,0.1011777777777778,,,-0.0005999999999999
celeba,iid,20,42,10,3,0.9172,0.0004,0.4803750545137374,-0.0002095877201194,0.95384690126149,-0.0007955449482894,0.8580055643633138,-0.0009429514380009,0.2113529294729232,-0.0003297179937362,0.8349333333333333,0.061033333333333,,,0.0004
celeba,iid,20,42,10,4,0.9172,0.0006,0.4803750545137374,0.0023039220677413,0.95384690126149,0.0033417855583659,0.8580055643633138,0.0029279313581137,0.2113529294729232,0.0001083761453628,0.8349333333333333,-0.0465444444444445,,,0.0006
celeba,iid,20,42,10,5,0.9172,0.001,0.4803750545137374,0.0073342337322486,0.95384690126149,0.000788327328846,0.8580055643633138,0.0006195181121844,0.2113529294729232,-0.0001605451107025,0.8349333333333333,-0.039711111111111,,,0.001
celeba,iid,20,42,10,6,0.9172,0.0,0.4803750545137374,0.000654164849542,0.95384690126149,0.0029294285335454,0.8580055643633138,0.0028288543140029,0.2113529294729232,-0.0001822710037231,0.8349333333333333,-0.0208888888888889,,,0.0
celeba,iid,20,42,10,7,0.9172,-0.0001999999999999,0.4803750545137374,0.0075169773391134,0.95384690126149,0.0004670213422396,0.8580055643633138,0.0005454969155924,0.2113529294729232,0.001047283411026,0.8349333333333333,-0.0179777777777778,,,-0.0001999999999999
celeba,iid,20,42,10,8,0.9172,0.0008,0.4803750545137374,-0.0009690432388264,0.95384690126149,0.0038324860915824,0.8580055643633138,0.0038219174470417,0.2113529294729232,-0.0008299499750137,0.8349333333333333,0.0999666666666665,,,0.0008
celeba,iid,20,42,10,9,0.9172,0.0001999999999999,0.4803750545137374,0.0097098418637919,0.95384690126149,0.0014117572567778,0.8580055643633138,0.0013643154619635,0.2113529294729232,0.002912700176239,0.8349333333333333,-0.0083666666666666,,,0.0001999999999999
celeba,iid,20,42,10,10,0.9172,-0.0018,0.4803750545137374,0.0007232590839223,0.95384690126149,0.0019265526909726,0.8580055643633138,0.0021592245067806,0.2113529294729232,-0.0012180656194686,0.8349333333333333,-0.0288222222222223,,,-0.0018
celeba,iid,20,42,10,11,0.9172,0.0016,0.4803750545137374,0.0026555263354935,0.95384690126149,0.001825991302456,0.8580055643633138,0.0013893713094824,0.2113529294729232,0.0014803409576416,0.8349333333333333,-0.0118222222222224,,,0.0016
celeba,iid,20,42,10,12,0.9172,0.0004,0.4803750545137374,-0.0058814899888803,0.95384690126149,0.0038049155799889,0.8580055643633138,0.003573651663782,0.2113529294729232,-0.0015708208084106,0.8349333333333333,-0.0538444444444443,,,0.0004
celeba,iid,20,42,10,13,0.9172,-0.0001999999999999,0.4803750545137374,-0.0005492969142111,0.95384690126149,0.0013069454442067,0.8580055643633138,0.0012902942653715,0.2113529294729232,-0.0002990961074829,0.8349333333333333,0.0754888888888889,,,-0.0001999999999999
celeba,iid,20,42,10,14,0.9172,-0.0011999999999999,0.4803750545137374,0.0032409081722739,0.95384690126149,-0.000319360326298,0.8580055643633138,-0.0001241328916299,0.2113529294729232,-0.001363381743431,0.8349333333333333,-0.0134222222222222,,,-0.0011999999999999
celeba,iid,20,42,10,15,0.9172,0.0006,0.4803750545137374,0.0097226434292948,0.95384690126149,-0.0011328847635407,0.8580055643633138,-0.0011422518721876,0.2113529294729232,0.0030682682991027,0.8349333333333333,-0.0027444444444444,,,0.0006
celeba,iid,20,42,10,16,0.9172,0.0004,0.4803750545137374,0.0004448625416606,0.95384690126149,0.0041629553579406,0.8580055643633138,0.0036977845554119,0.2113529294729232,-0.0012101978063583,0.8349333333333333,0.1062222222222222,,,0.0004
celeba,iid,20,42,10,17,0.9172,0.0001999999999999,0.4803750545137374,-0.0062116412332636,0.95384690126149,0.003584251654237,0.8580055643633138,0.0032263088364115,0.2113529294729232,-0.0015403777360916,0.8349333333333333,0.0754666666666665,,,0.0001999999999999
celeba,iid,20,42,10,18,0.9172,-0.0001999999999999,0.4803750545137374,0.0002094049932491,0.95384690126149,0.0030284720046422,0.8580055643633138,0.0034244629246331,0.2113529294729232,-0.0012596249580383,0.8349333333333333,-0.0196444444444445,,,-0.0001999999999999
celeba,iid,20,42,10,19,0.9172,-0.0008,0.4803750545137374,0.0043401961259378,0.95384690126149,0.0005473105109441,0.8580055643633138,0.0008188185463711,0.2113529294729232,-0.0001395046710968,0.8349333333333333,0.0594888888888889,,,-0.0008
celeba,iid,20,107,1,0,0.5302,-0.0046,0.989060731799321,0.0100031401762843,0.9952927253922792,0.0057824471861154,0.9943684935654782,0.0063512479367819,0.6505886912345886,-0.0055403113365173,0.8723999999999998,-0.0204444444444447,0.994616,0.0047039999999999,-0.0046
celeba,iid,20,107,1,1,0.5302,0.0048,0.989060731799321,-0.009797281143199,0.9952927253922792,-0.0033853975422878,0.9943684935654782,-0.0042421351250393,0.6505886912345886,0.0094232559204101,0.8723999999999998,-0.0045777777777777,0.994616,-0.002364,0.0048
celeba,iid,20,107,1,2,0.5302,0.0003999999999999,0.989060731799321,-0.0007467427193653,0.9952927253922792,0.0002482344373454,0.9943684935654782,0.0001241328916298,0.6505886912345886,-9.250640869140624e-05,0.8723999999999998,0.0341666666666664,0.994616,-0.000132,0.0003999999999999
celeba,iid,20,107,1,3,0.5302,0.002,0.989060731799321,-0.0037450235963625,0.9952927253922792,-0.0005771737533964,0.9943684935654782,-0.0010169726345928,0.6505886912345886,0.0043882727622985,0.8723999999999998,-0.0305333333333335,0.994616,-0.000836,0.002
celeba,iid,20,107,1,4,0.5302,-0.0013999999999999,0.989060731799321,0.0033571953057167,0.9952927253922792,0.0014041118944457,0.9943684935654782,0.0016125812452232,0.6505886912345886,-0.0023396611213684,0.8723999999999998,-0.0395333333333334,0.994616,0.0032219999999999,-0.0013999999999999
celeba,iid,20,107,1,5,0.5302,-0.0023999999999999,0.989060731799321,0.0055834505375861,0.9952927253922792,0.0021472852561749,0.9943684935654782,0.0025304768357051,0.6505886912345886,-0.0036855340003967,0.8723999999999998,0.0163222222222221,0.994616,0.0016339999999999,-0.0023999999999999
celeba,iid,20,107,1,6,0.5302,-0.0013999999999999,0.989060731799321,0.0029809725818642,0.9952927253922792,0.0004949389243837,0.9943684935654782,0.0007937626988521,0.6505886912345886,-0.0026070475578308,0.8723999999999998,0.0070444444444444,0.994616,0.0035379999999999,-0.0013999999999999
celeba,iid,20,107,1,7,0.5302,-0.0033999999999999,0.989060731799321,0.0074265488907752,0.9952927253922792,0.0037996315879661,0.9943684935654782,0.0042671909725582,0.6505886912345886,-0.0041751861572265,0.8723999999999998,-0.0299555555555559,0.994616,0.0058459999999999,-0.0033999999999999
celeba,iid,20,107,1,8,0.5302,0.0,0.989060731799321,0.0,0.9952927253922792,0.0,0.9943684935654782,0.0,0.6505886912345886,-0.0008485317230224,0.8723999999999998,-0.0247111111111113,0.994616,0.0019119999999999,0.0
celeba,iid,20,107,1,9,0.5302,0.0011999999999999,0.989060731799321,-0.0026216878604143,0.9952927253922792,-0.0001644696580255,0.9943684935654782,-0.0004464198714815,0.6505886912345886,0.00198495388031,0.8723999999999998,-0.0021555555555556,0.994616,-0.000452,0.0011999999999999
celeba,iid,20,107,1,10,0.5302,0.005,0.989060731799321,-0.0097968462661779,0.9952927253922792,-0.0037158668086459,0.9943684935654782,-0.0045894779524099,0.6505886912345886,0.0134605169296264,0.8723999999999998,-0.0390666666666668,0.994616,-0.003638,0.005
celeba,iid,20,107,1,11,0.5302,0.0003999999999999,0.989060731799321,-0.0007467427193653,0.9952927253922792,0.0002482344373454,0.9943684935654782,0.0001241328916298,0.6505886912345886,0.0017242431640625,0.8723999999999998,-0.0294666666666667,0.994616,-0.000902,0.0003999999999999
celeba,iid,20,107,1,12,0.5302,0.0048,0.989060731799321,-0.009797281143199,0.9952927253922792,-0.0033853975422878,0.9943684935654782,-0.0042421351250393,0.6505886912345886,0.0081387162208557,0.8723999999999998,-0.0183111111111111,0.994616,-0.002384,0.0048
celeba,iid,20,107,1,13,0.5302,-0.0031999999999999,0.989060731799321,0.0066835289496771,0.9952927253922792,0.0034691623216077,0.9943684935654782,0.0039198481451876,0.6505886912345886,-0.0033349990844726,0.8723999999999998,-2.2222222222367805e-05,0.994616,0.0045179999999999,-0.0031999999999999
celeba,iid,20,107,1,14,0.5302,0.0008,0.989060731799321,-0.0014946138750273,0.9952927253922792,-0.0004127040953708,0.9943684935654782,-0.0005705527631113,0.6505886912345886,0.0015426278114318,0.8723999999999998,-0.0255555555555555,0.994616,-0.000894,0.0008
celeba,iid,20,107,1,15,0.5302,0.0041999999999999,0.989060731799321,-0.009037404374129,0.9952927253922792,-0.0036336319796332,0.9943684935654782,-0.0040189251892985,0.6505886912345886,0.0070529580116271,0.8723999999999998,-0.0224000000000001,0.994616,-0.001512,0.0041999999999999
celeba,iid,20,107,1,16,0.5302,0.0041999999999999,0.989060731799321,-0.0086578993793862,0.9952927253922792,-0.003303162713275,0.9943684935654782,-0.0040189251892985,0.6505886912345886,0.0070895552635192,0.8723999999999998,0.0272888888888886,0.994616,-0.00084,0.0041999999999999
celeba,iid,20,107,1,17,0.5302,-0.0211999999999999,0.989060731799321,0.0474575399240942,0.9952927253922792,0.0213921476830433,0.9943684935654782,0.0245360615057188,0.6505886912345886,-0.0120264887809753,0.8723999999999998,-0.0454444444444446,0.994616,0.0160399999999999,-0.0211999999999999
celeba,iid,20,107,1,18,0.5302,-0.0006,0.989060731799321,0.0011180038415213,0.9952927253922792,8.22348290128172e-05,0.9943684935654782,0.0002232099357407,0.6505886912345886,-0.0005576610565185,0.8723999999999998,0.0424222222222221,0.994616,0.0015319999999999,-0.0006
celeba,iid,20,107,1,19,0.5302,-0.0013999999999999,0.989060731799321,0.0033571953057167,0.9952927253922792,0.0014041118944457,0.9943684935654782,0.0016125812452232,0.6505886912345886,-0.0023519396781921,0.8723999999999998,-0.0401000000000002,0.994616,0.0017659999999999,-0.0013999999999999
celeba,iid,20,107,2,0,0.8324,-0.0031999999999999,0.6883709754925517,0.004072267976994,0.9043803008167344,-0.0007103232473166,0.8463426405162225,-0.0021842803542994,0.3734965324401855,-0.0027982890605926,0.7955111111111111,-0.0267444444444444,0.967412,0.000334,-0.0031999999999999
celeba,iid,20,107,2,1,0.8324,-0.0018,0.6883709754925517,0.0026840898536161,0.9043803008167344,-0.0006624684830236,0.8463426405162225,-0.0001491887391488,0.3734965324401855,-0.0012212097644805,0.7955111111111111,-0.0352111111111113,0.967412,-0.0003579999999999,-0.0018
celeba,iid,20,107,2,2,0.8324,0.0071999999999999,0.6883709754925517,-0.0069756071540795,0.9043803008167344,0.0057748182458746,0.8463426405162225,0.0042444278169692,0.3734965324401855,0.0068327486515045,0.7955111111111111,-0.0552888888888889,0.967412,-0.0015599999999998,0.0071999999999999
celeba,iid,20,107,2,3,0.8324,-0.0008,0.6883709754925517,-0.0019794805804199,0.9043803008167344,-0.0004964688746909,0.8463426405162225,-0.0002482657832596,0.3734965324401855,-0.0007674396038055,0.7955111111111111,-0.0346444444444444,0.967412,0.000192,-0.0008
celeba,iid,20,107,2,4,0.8324,-0.0093999999999999,0.6883709754925517,0.0133887944519244,0.9043803008167344,-0.0045719218336873,0.8463426405162225,-0.0035007768131548,0.3734965324401855,-0.0078284740447998,0.7955111111111111,-0.0530888888888889,0.967412,0.0008800000000001,-0.0093999999999999
celeba,iid,20,107,2,5,0.8324,0.001,0.6883709754925517,0.0001342663272881,0.9043803008167344,0.0045309332290834,0.8463426405162225,0.0030520642497435,0.3734965324401855,0.0019212365150451,0.7955111111111111,-0.0432666666666665,0.967412,-0.0017159999999999,0.001
celeba,iid,20,107,2,6,0.8324,0.0011999999999999,0.6883709754925517,-0.0007531823515291,0.9043803008167344,0.006199741132408,0.8463426405162225,0.0052853099531161,0.3734965324401855,0.0025616288185119,0.7955111111111111,0.0215888888888891,0.967412,-0.0002139999999999,0.0011999999999999
celeba,iid,20,107,2,7,0.8324,-0.0021999999999999,0.6883709754925517,0.0022186036669646,0.9043803008167344,-0.0009420961131286,0.8463426405162225,-0.0013404059604095,0.3734965324401855,-0.0007975399494171,0.7955111111111111,0.0113777777777779,0.967412,0.00064,-0.0021999999999999
celeba,iid,20,107,2,8,0.8324,-0.003,0.6883709754925517,0.0036690363017448,0.9043803008167344,0.0013203471151257,0.8463426405162225,0.0019348682250749,0.3734965324401855,-0.0027725100517272,0.7955111111111111,0.0151444444444444,0.967412,0.000136,-0.003
celeba,iid,20,107,2,9,0.8324,-0.0001999999999999,0.6883709754925517,0.0008859887041778,0.9043803008167344,0.0010587110068612,0.8463426405162225,0.0002232099357407,0.3734965324401855,-5.85019588470459e-05,0.7955111111111111,-0.0676111111111112,0.967412,-2.799999999991698e-05,-0.0001999999999999
celeba,iid,20,107,2,10,0.8324,-0.0011999999999999,0.6883709754925517,0.0024304764522445,0.9043803008167344,-0.0007447033120363,0.8463426405162225,-0.0003723986748895,0.3734965324401855,-0.0012275278568267,0.7955111111111111,-0.0200666666666666,0.967412,-0.0002999999999999,-0.0011999999999999
celeba,iid,20,107,2,11,0.8324,-0.0021999999999999,0.6883709754925517,0.0030127200408381,0.9043803008167344,0.0008720800752783,0.8463426405162225,0.0020590011167047,0.3734965324401855,-0.0035545825958251,0.7955111111111111,-0.0246000000000001,0.967412,-0.0003999999999999,-0.0021999999999999
celeba,iid,20,107,2,12,0.8324,0.0066,0.6883709754925517,-0.0079235268082474,0.9043803008167344,0.0095293078996115,0.8463426405162225,0.007048226283453,0.3734965324401855,0.0068115890026092,0.7955111111111111,-0.0378444444444443,0.967412,-0.0013679999999999,0.0066
celeba,iid,20,107,2,13,0.8324,-0.0048,0.6883709754925517,0.0063356195441522,0.9043803008167344,-0.001376961482057,0.8463426405162225,-0.0001002233900758,0.3734965324401855,-0.0034513473510742,0.7955111111111111,-0.0941,0.967412,0.000272,-0.0048
celeba,iid,20,107,2,14,0.8324,-0.0005999999999999,0.6883709754925517,-0.0014249428747953,0.9043803008167344,0.0011723390286336,0.8463426405162225,0.0019849799201128,0.3734965324401855,-0.0008795857429504,0.7955111111111111,-0.0524999999999999,0.967412,-0.0009799999999999,-0.0005999999999999
celeba,iid,20,107,2,15,0.8324,-0.004,0.6883709754925517,0.0056832662625182,0.9043803008167344,-0.0008804926073661,0.8463426405162225,0.0001480423931838,0.3734965324401855,-0.002417653799057,0.7955111111111111,0.0139888888888888,0.967412,0.0004400000000001,-0.004
celeba,iid,20,107,2,16,0.8324,-0.0015999999999999,0.6883709754925517,0.0025196565477075,0.9043803008167344,-0.0008120065198229,0.8463426405162225,0.0004464198714815,0.3734965324401855,-0.0015855431556701,0.7955111111111111,-0.0341000000000002,0.967412,0.000672,-0.0015999999999999
celeba,iid,20,107,2,17,0.8324,-0.0008,0.6883709754925517,-0.0001339441138797,0.9043803008167344,0.0016523463317911,0.8463426405162225,0.0013893713094824,0.3734965324401855,-0.0013446807861328,0.7955111111111111,-0.0422222222222223,0.967412,-0.0005219999999999,-0.0008
celeba,iid,20,107,2,18,0.8324,0.002,0.6883709754925517,-0.0038255562993557,0.9043803008167344,0.0012411721867273,0.8463426405162225,0.0006206644581493,0.3734965324401855,0.0025564730167388,0.7955111111111111,-0.0109555555555556,0.967412,-0.0014399999999999,0.002
celeba,iid,20,107,2,19,0.8324,0.0024,0.6883709754925517,-0.0031952895676893,0.9043803008167344,0.0014894066240728,0.8463426405162225,0.0007447973497791,0.3734965324401855,0.0019467771053314,0.7955111111111111,-0.032,0.967412,-0.0015179999999999,0.0024
celeba,iid,20,107,3,0,0.9012,0.0001999999999999,0.570572569906791,-0.0033288948069241,0.9643791751119986,0.0019250347735527,0.8737851803341402,-9.90770441109401e-05,0.249219924211502,-0.0001715123653411,0.7883555555555555,0.0566222222222221,0.944372,-0.0031299999999999,0.0001999999999999
celeba,iid,20,107,3,1,0.9012,0.0003999999999999,0.570572569906791,0.0075175077398281,0.9643791751119986,0.0026570871623343,0.8737851803341402,0.0005204410680735,0.249219924211502,0.0011878013610839,0.7883555555555555,-0.0886777777777778,0.944372,-0.000518,0.0003999999999999
celeba,iid,20,107,3,2,0.9012,0.0,0.570572569906791,-0.0004438526409231,0.9643791751119986,0.0029440130842209,0.8737851803341402,0.0027047214223728,0.249219924211502,-0.0004060566425323,0.7883555555555555,-0.0046222222222223,0.944372,-0.0012999999999999,0.0
celeba,iid,20,107,3,3,0.9012,0.0,0.570572569906791,-0.0048823790501553,0.9643791751119986,0.0025821506251031,0.8737851803341402,0.000818818546371,0.249219924211502,-1.3187527656555176e-05,0.7883555555555555,-0.0066666666666668,0.944372,-0.0017139999999999,0.0
celeba,iid,20,107,3,4,0.9012,-0.0001999999999999,0.570572569906791,0.0059920106524633,0.9643791751119986,0.0028418410730595,0.8737851803341402,0.0005454969155924,0.249219924211502,0.0005508959293365,0.7883555555555555,0.0092222222222222,0.944372,7.80000000000225e-05,-0.0001999999999999
celeba,iid,20,107,3,5,0.9012,0.0,0.570572569906791,0.0031069684864625,0.9643791751119986,0.0016450480400095,0.8737851803341402,0.0012151267228147,0.249219924211502,0.0005765557289123,0.7883555555555555,-0.0842666666666667,0.944372,0.0025739999999999,0.0
celeba,iid,20,107,3,6,0.9012,0.0,0.570572569906791,-0.0055481580115401,0.9643791751119986,0.0006494825221057,0.8737851803341402,0.0007447973497791,0.249219924211502,9.94354486465454e-05,0.7883555555555555,0.0581777777777776,0.944372,-0.0014079999999999,0.0
celeba,iid,20,107,3,7,0.9012,0.0003999999999999,0.570572569906791,0.0035210601376968,0.9643791751119986,0.0030824421809602,0.8737851803341402,0.0004965315665194,0.249219924211502,-0.0004811733961105,0.7883555555555555,0.0038444444444443,0.944372,-0.001032,0.0003999999999999
celeba,iid,20,107,3,8,0.9012,0.0006,0.570572569906791,0.0056158743704818,0.9643791751119986,0.0013107560924852,0.8737851803341402,0.0014383366585554,0.249219924211502,0.0014307498931884,0.7883555555555555,0.013711111111111,0.944372,0.0020719999999999,0.0006
celeba,iid,20,107,3,9,0.9012,0.0011999999999999,0.570572569906791,0.0012392365734575,0.9643791751119986,0.0034488094294579,0.8737851803341402,0.0001480423931838,0.249219924211502,0.0017949342727661,0.7883555555555555,0.0427999999999999,0.944372,8.60000000000305e-05,0.0011999999999999
celeba,iid,20,107,3,10,0.9012,0.001,0.570572569906791,0.0029209369363398,0.9643791751119986,0.0016301164187834,0.8737851803341402,0.0001730982407027,0.249219924211502,0.0004945546388626,0.7883555555555555,0.0486666666666666,0.944372,0.0018319999999999,0.001
celeba,iid,20,107,3,11,0.9012,0.0008,0.570572569906791,-0.0042830498177759,0.9643791751119986,0.0032239877848767,0.8737851803341402,0.0027047214223728,0.249219924211502,-0.0004186779260635,0.7883555555555555,0.0343777777777776,0.944372,0.0016859999999999,0.0008
celeba,iid,20,107,3,12,0.9012,-0.0001999999999999,0.570572569906791,-0.0045328217062554,0.9643791751119986,0.0051295928452355,0.8737851803341402,0.005236344604043,0.249219924211502,-0.0018346160650253,0.7883555555555555,0.0177777777777778,0.944372,0.000398,-0.0001999999999999
celeba,iid,20,107,3,13,0.9012,0.0021999999999999,0.570572569906791,0.0012733485497276,0.9643791751119986,0.0019267327659477,0.8737851803341402,0.0018847565300369,0.249219924211502,0.0011670887470245,0.7883555555555555,0.0569555555555556,0.944372,0.0011459999999999,0.0021999999999999
celeba,iid,20,107,3,14,0.9012,0.0013999999999999,0.570572569906791,0.0014614587956798,0.9643791751119986,0.0009688308155162,0.8737851803341402,0.0006696298072222,0.249219924211502,1.9073486328125e-06,0.7883555555555555,0.0147555555555554,0.944372,0.0001539999999999,0.0013999999999999
celeba,iid,20,107,3,15,0.9012,0.0,0.570572569906791,-0.0005390342644981,0.9643791751119986,0.0005469634403933,0.8737851803341402,0.0009429514380009,0.249219924211502,-0.0001718550920486,0.7883555555555555,-0.0369111111111111,0.944372,0.0002419999999999,0.0
celeba,iid,20,107,3,16,0.9012,-0.001,0.570572569906791,-0.0066830275217171,0.9643791751119986,0.005085206994146,0.8737851803341402,0.002507713680116,0.249219924211502,-0.0013210177421569,0.7883555555555555,0.0094888888888888,0.944372,-0.001268,-0.001
celeba,iid,20,107,3,17,0.9012,0.0001999999999999,0.570572569906791,-0.0030123357535863,0.9643791751119986,0.0022516813587449,0.8737851803341402,0.0004714757190004,0.249219924211502,-0.0001787096261978,0.7883555555555555,-0.0045555555555556,0.944372,-0.0019419999999999,0.0001999999999999
celeba,iid,20,107,3,18,0.9012,0.0003999999999999,0.570572569906791,-0.0011414620647898,0.9643791751119986,0.0027516258440514,0.8737851803341402,0.0018118816794099,0.249219924211502,0.0002201348543167,0.7883555555555555,0.0024666666666666,0.944372,0.00039,0.0003999999999999
celeba,iid,20,107,3,19,0.9012,0.0008,0.570572569906791,-0.0009511973077803,0.9643791751119986,0.0022050094742085,0.8737851803341402,-0.0004464198714815,0.249219924211502,0.0001132786273956,0.7883555555555555,-0.0286666666666666,0.944372,6.20000000000065e-05,0.0008
celeba,iid,20,107,4,0,0.9024,0.0008,0.5407801418439716,-0.0035854304719112,0.9663790196998904,0.0011237214837889,0.8738398774130378,0.0008689302414091,0.2395713627338409,-0.0012139827013015,0.6733777777777776,-0.1121777777777779,0.906628,-0.00748,0.0008
celeba,iid,20,107,4,1,0.9024,0.0001999999999999,0.5407801418439716,0.0031028368794325,0.9663790196998904,0.0018075840706144,0.8738398774130378,0.0023573785950024,0.2395713627338409,-0.0002612620592117,0.6733777777777776,-0.1422222222222222,0.906628,-0.002936,0.0001999999999999
celeba,iid,20,107,4,2,0.9024,-0.0006,0.5407801418439716,0.0030171296623547,0.9663790196998904,0.0002256574537871,0.8738398774130378,0.0002733216307786,0.2395713627338409,-0.0016298592090606,0.6733777777777776,-0.0715000000000001,0.906628,0.00046,-0.0006
celeba,iid,20,107,4,3,0.9024,0.0,0.5407801418439716,-0.0002216312056737,0.9663790196998904,0.000288790909857,0.8738398774130378,5.011169503799096e-05,0.2395713627338409,-0.0015231668949127,0.6733777777777776,-0.1427555555555557,0.906628,-0.0013959999999999,0.0
celeba,iid,20,107,4,4,0.9024,0.001,0.5407801418439716,0.0040594850878145,0.9663790196998904,-0.0005393180780612,0.8738398774130378,-0.0005956086106302,0.2395713627338409,0.0002513974905014,0.6733777777777776,-0.1282888888888891,0.906628,0.001468,0.001
celeba,iid,20,107,4,5,0.9024,0.0008,0.5407801418439716,-3.618468664068342e-05,0.9663790196998904,0.0003511005896084,0.8738398774130378,0.0002482657832597,0.2395713627338409,-0.0001566857099533,0.6733777777777776,-0.1274222222222225,0.906628,0.0030959999999999,0.0008
celeba,iid,20,107,4,6,0.9024,0.0,0.5407801418439716,-0.0035460992907802,0.9663790196998904,-0.0020895044315782,0.8738398774130378,-0.0020840569642236,0.2395713627338409,-0.000953271985054,0.6733777777777776,-0.0945333333333335,0.906628,-0.002828,0.0
celeba,iid,20,107,4,7,0.9024,0.0018,0.5407801418439716,0.0046930887682442,0.9663790196998904,-0.0031068841524889,0.8738398774130378,-0.0034244629246331,0.2395713627338409,0.0016056895256042,0.6733777777777776,-0.0232111111111112,0.906628,-0.003676,0.0018
celeba,iid,20,107,4,8,0.9024,0.0011999999999999,0.5407801418439716,0.0054938568905761,0.9663790196998904,-0.0016228301598893,0.8738398774130378,-0.0020100357676317,0.2395713627338409,0.0010502189397811,0.6733777777777776,-0.0918666666666667,0.906628,0.002704,0.0011999999999999
celeba,iid,20,107,4,9,0.9024,0.0011999999999999,0.5407801418439716,0.004384225288268,0.9663790196998904,-2.791758214415463e-05,0.8738398774130378,-0.0002482657832596,0.2395713627338409,0.0012535899877548,0.6733777777777776,-0.1083777777777781,0.906628,-0.00029,0.0011999999999999
celeba,iid,20,107,4,10,0.9024,0.001,0.5407801418439716,0.0073876412892789,0.9663790196998904,-0.0012446357644553,0.8738398774130378,-0.0010921401771497,0.2395713627338409,0.0016401410102844,0.6733777777777776,-0.0320666666666666,0.906628,0.0038479999999999,0.001
celeba,iid,20,107,4,11,0.9024,0.0015999999999999,0.5407801418439716,-0.0020706574455487,0.9663790196998904,0.0012056092422511,0.8738398774130378,0.0006206644581492,0.2395713627338409,-0.0005743950605392,0.6733777777777776,-0.0579333333333336,0.906628,0.0019299999999999,0.0015999999999999
celeba,iid,20,107,4,12,0.9024,0.0001999999999999,0.5407801418439716,-0.0063269297587772,0.9663790196998904,0.003584251654237,0.8738398774130378,0.0032263088364113,0.2395713627338409,-0.0026337206363677,0.6733777777777776,-0.2315666666666669,0.906628,-0.0017759999999999,0.0001999999999999
celeba,iid,20,107,4,13,0.9024,0.0013999999999999,0.5407801418439716,0.004931085240198,0.9663790196998904,-0.0023201554134005,0.8738398774130378,-0.0022833573984104,0.2395713627338409,0.0029123276472091,0.6733777777777776,-0.1476555555555556,0.906628,0.0003579999999999,0.0013999999999999
celeba,iid,20,107,4,14,0.9024,0.0015999999999999,0.5407801418439716,0.0074764118262096,0.9663790196998904,0.0009080021231928,0.8738398774130378,0.0007687068513331,0.2395713627338409,0.0021542459726333,0.6733777777777776,-0.1232222222222225,0.906628,0.00377,0.0015999999999999
celeba,iid,20,107,4,15,0.9024,0.0018,0.5407801418439716,0.0038047920771494,0.9663790196998904,0.000460558859664,0.8738398774130378,-0.0002232099357406,0.2395713627338409,-0.00029157102108,0.6733777777777776,-0.0627555555555556,0.906628,0.0024659999999999,0.0018
celeba,iid,20,107,4,16,0.9024,0.0001999999999999,0.5407801418439716,0.0001018000128919,0.9663790196998904,0.0045695440412867,0.8738398774130378,0.0039711061861904,0.2395713627338409,-0.0029635727405548,0.6733777777777776,-0.1438444444444444,0.906628,-0.004554,0.0001999999999999
celeba,iid,20,107,4,17,0.9024,0.0005999999999999,0.5407801418439716,0.0003055355011017,0.9663790196998904,-0.0039100744631106,0.8738398774130378,-0.0041191485793743,0.2395713627338409,0.0006445795297622,0.6733777777777776,-0.2278000000000002,0.906628,0.0005399999999999,0.0005999999999999
celeba,iid,20,107,4,18,0.9024,0.0005999999999999,0.5407801418439716,-0.0005815791584679,0.9663790196998904,0.0059892937309473,0.8738398774130378,0.0055586315838948,0.2395713627338409,-0.0007522255182266,0.6733777777777776,-0.046088888888889,0.906628,0.0012759999999999,0.0005999999999999
celeba,iid,20,107,4,19,0.9024,0.0001999999999999,0.5407801418439716,0.0001018000128919,0.9663790196998904,-0.003481385501974,0.8738398774130378,-0.0031021759447814,0.2395713627338409,0.0026480704545974,0.6733777777777776,-0.0655333333333334,0.906628,-0.0055819999999999,0.0001999999999999
celeba,iid,20,107,5,0,0.9028,-0.0017999999999999,0.5327868852459017,-0.0042460574912197,0.9667726224223184,0.0013646576293528,0.8739640103046675,0.0017128046352988,0.2312413603067398,-0.000798299908638,0.8131555555555556,-0.070733333333333,0.909378,-0.0056519999999999,-0.0017999999999999
celeba,iid,20,107,5,1,0.9028,-0.0013999999999999,0.5327868852459017,-0.0016081600980487,0.9667726224223184,-0.0001839301344065,0.8739640103046675,-0.0002972311323328,0.2312413603067398,-0.001187652349472,0.8131555555555556,-0.0095555555555555,0.909378,-0.0044999999999999,-0.0013999999999999
celeba,iid,20,107,5,2,0.9028,-0.0013999999999999,0.5327868852459017,-0.0024929201068963,0.9667726224223184,0.0017494441425797,0.8739640103046675,0.0020350916151505,0.2312413603067398,-0.0015845447778701,0.8131555555555556,-0.0322222222222221,0.909378,0.001422,-0.0013999999999999
celeba,iid,20,107,5,3,0.9028,-0.0011999999999999,0.5327868852459017,-0.0012839112142752,0.9667726224223184,0.0006639864004434,0.8739640103046675,0.0006707761531871,0.2312413603067398,-0.0017822980880737,0.8131555555555556,0.0019111111111109,0.909378,-0.00275,-0.0011999999999999
celeba,iid,20,107,5,4,0.9028,-0.0001999999999999,0.5327868852459017,0.0045476825880943,0.9667726224223184,0.0044402292614201,0.8739640103046675,0.0044414355592259,0.2312413603067398,0.0003784596920013,0.8131555555555556,-0.0220444444444443,0.909378,0.00692,-0.0001999999999999
celeba,iid,20,107,5,5,0.9028,-0.0007999999999999,0.5327868852459017,0.0009143752857423,0.9667726224223184,0.0020164328823174,0.8739640103046675,0.0021341686592615,0.2312413603067398,-0.0010752975940704,0.8131555555555556,0.0458,0.909378,0.000522,-0.0007999999999999
celeba,iid,20,107,5,6,0.9028,-0.001,0.5327868852459017,0.0008107843386213,0.9667726224223184,-0.0005825263848697,0.8739640103046675,-0.0003473428273708,0.2312413603067398,0.000784084200859,0.8131555555555556,0.0243777777777778,0.909378,-0.004834,-0.001
celeba,iid,20,107,5,7,0.9028,-0.0003999999999999,0.5327868852459017,0.0031146088951488,0.9667726224223184,0.001433559426897,0.8739640103046675,0.0013153501128904,0.2312413603067398,0.0002969503402709,0.8131555555555556,-0.0506222222222223,0.909378,-0.0046739999999999,-0.0003999999999999
celeba,iid,20,107,5,8,0.9028,0.0006,0.5327868852459017,0.0036359209364359,0.9667726224223184,0.0010307934247171,0.8739640103046675,0.0009178955904819,0.2312413603067398,0.0005693882703781,0.8131555555555556,0.0404000000000002,0.909378,0.00391,0.0006
celeba,iid,20,107,5,9,0.9028,0.0006,0.5327868852459017,-2.907927737993976e-05,0.9667726224223184,0.00028574304213,0.8739640103046675,0.0005454969155922,0.2312413603067398,0.0020542442798614,0.8131555555555556,-0.0525333333333331,0.909378,-0.004506,0.0006
celeba,iid,20,107,5,10,0.9028,0.002,0.5327868852459017,0.0045897271641965,0.9667726224223184,-0.0012805457794822,0.8739640103046675,-0.0015636158961502,0.2312413603067398,0.001540869474411,0.8131555555555556,-0.0289111111111111,0.909378,0.0037899999999999,0.002
celeba,iid,20,107,5,11,0.9028,0.0008,0.5327868852459017,0.0026316746028861,0.9667726224223184,0.0007783892356548,0.8739640103046675,0.0004464198714815,0.2312413603067398,0.0013051778078079,0.8131555555555556,0.0141333333333333,0.909378,0.0036,0.0008
celeba,iid,20,107,5,12,0.9028,-0.0013999999999999,0.5327868852459017,-0.001165780093625,0.9667726224223184,0.0012567979490548,0.8739640103046675,0.001662692940261,0.2312413603067398,-0.0010668933391571,0.8131555555555556,-0.0101333333333333,0.909378,0.000244,-0.0013999999999999
celeba,iid,20,107,5,13,0.9028,0.0006,0.5327868852459017,-0.0003543251287381,0.9667726224223184,0.0004123570248203,0.8739640103046675,9.907704411071804e-05,0.2312413603067398,0.0020893961191177,0.8131555555555556,-0.0458666666666665,0.909378,-0.0016899999999999,0.0006
celeba,iid,20,107,5,14,0.9028,0.001,0.5327868852459017,0.0070662644033296,0.9667726224223184,0.00028574304213,0.8739640103046675,-0.0003974545224086,0.2312413603067398,0.0022332519292831,0.8131555555555556,-0.035411111111111,0.909378,0.003692,0.001
celeba,iid,20,107,5,15,0.9028,0.0004,0.5327868852459017,0.0019801476572491,0.9667726224223184,-0.0019066275417112,0.8739640103046675,-0.0021341686592617,0.2312413603067398,0.0005571693181991,0.8131555555555556,-0.0437555555555553,0.909378,0.0044859999999999,0.0004
celeba,iid,20,107,5,16,0.9028,-0.0035999999999999,0.5327868852459017,-0.0025176160780171,0.9667726224223184,0.002527405635346,0.8739640103046675,0.0030532105957084,0.2312413603067398,-0.0024697482585906,0.8131555555555556,0.0407333333333335,0.909378,-0.005476,-0.0035999999999999
celeba,iid,20,107,5,17,0.9028,-0.0011999999999999,0.5327868852459017,-0.0017263890903815,0.9667726224223184,0.0005878669834555,0.8739640103046675,0.0007447973497789,0.2312413603067398,-0.0014836937189102,0.8131555555555556,0.0023333333333332,0.909378,-0.0010419999999999,-0.0011999999999999
celeba,iid,20,107,5,18,0.9028,-0.0005999999999999,0.5327868852459017,-0.002745547784871,0.9667726224223184,0.0012801987089317,0.8739640103046675,0.0010921401771495,0.2312413603067398,-0.0011722147464752,0.8131555555555556,-0.061911111111111,0.909378,0.001318,-0.0005999999999999
celeba,iid,20,107,5,19,0.9028,0.0008,0.5327868852459017,0.0010795681727309,0.9667726224223184,-0.0013872346129112,0.8739640103046675,-0.0015636158961502,0.2312413603067398,0.0022332072257995,0.8131555555555556,0.018088888888889,0.909378,-0.0072679999999999,0.0008
celeba,iid,20,107,6,0,0.9094,-0.0018,0.5399164284143392,0.0021640140157439,0.9599924619100249,0.0044891252373651,0.8661948961729895,0.0050621000173753,0.2188625931739807,0.0002863109111785,0.773511111111111,-0.0187111111111111,0.909952,0.0045199999999999,-0.0018
celeba,iid,20,107,6,1,0.9094,-0.0014,0.5399164284143392,0.0032453700041503,0.9599924619100249,-0.001188800600167,0.8661948961729895,-0.0005956086106302,0.2188625931739807,5.88446855545044e-05,0.773511111111111,0.0479777777777776,0.909952,0.0011059999999999,-0.0014
celeba,iid,20,107,6,2,0.9094,-0.0008,0.5399164284143392,-0.0012833079073484,0.9599924619100249,0.0038328331621331,0.8661948961729895,0.0038219174470416,0.2188625931739807,-0.0012334883213043,0.773511111111111,-0.0614444444444446,0.909952,-0.000456,-0.0008
celeba,iid,20,107,6,3,0.9094,0.0,0.5399164284143392,-0.0035188036067737,0.9599924619100249,0.0007726208941806,0.8661948961729895,0.0006206644581492,0.2188625931739807,-0.001039296388626,0.773511111111111,0.0078777777777776,0.909952,-0.00248,0.0
celeba,iid,20,107,6,4,0.9094,0.0001999999999999,0.5399164284143392,0.0031808366853466,0.9599924619100249,8.605751017887187e-05,0.8661948961729895,9.90770441109401e-05,0.2188625931739807,0.0004613995552062,0.773511111111111,-0.0292222222222222,0.909952,0.0042839999999999,0.0001999999999999
celeba,iid,20,107,6,5,0.9094,-0.0014,0.5399164284143392,0.0012690854191701,0.9599924619100249,0.0020790896326196,0.8661948961729895,0.0028037984664838,0.2188625931739807,0.0003314316272735,0.773511111111111,-0.0162444444444447,0.909952,0.003506,-0.0014
celeba,iid,20,107,6,6,0.9094,0.0003999999999999,0.5399164284143392,-0.0028778510136036,0.9599924619100249,-0.0029611687968555,0.8661948961729895,-0.0029529872056326,0.2188625931739807,0.0010834485292434,0.773511111111111,-0.1224444444444445,0.909952,-0.003464,0.0003999999999999
celeba,iid,20,107,6,7,0.9094,-0.0008,0.5399164284143392,0.0024521348524846,0.9599924619100249,-0.0004964688746909,0.8661948961729895,-0.0002482657832596,0.2188625931739807,0.0003333091735839,0.773511111111111,-0.0002666666666668,0.909952,-0.000758,-0.0008
celeba,iid,20,107,6,8,0.9094,-0.002,0.5399164284143392,0.0028224863599054,0.9599924619100249,0.0050598365081859,0.8661948961729895,0.0057818415196355,0.2188625931739807,-0.0010138154029846,0.773511111111111,-0.0608888888888889,0.909952,0.003012,-0.002
celeba,iid,20,107,6,9,0.9094,-0.0004,0.5399164284143392,-0.0002022789938824,0.9599924619100249,-0.0012335268243951,0.8661948961729895,-0.0008689302414089,0.2188625931739807,0.0016857683658599,0.773511111111111,-0.0202222222222223,0.909952,-0.00463,-0.0004
celeba,iid,20,107,6,10,0.9094,-0.0014,0.5399164284143392,0.0052216545891305,0.9599924619100249,0.0002130185634198,0.8661948961729895,0.0005956086106302,0.2188625931739807,-0.0002194344997406,0.773511111111111,-0.0159555555555557,0.909952,0.007128,-0.0014
celeba,iid,20,107,6,11,0.9094,-0.0014,0.5399164284143392,-0.0009267863419191,0.9599924619100249,-0.0012472875987522,0.8661948961729895,-0.000917895590482,0.2188625931739807,0.0001321285963058,0.773511111111111,0.0273888888888886,0.909952,-0.0011339999999999,-0.0014
celeba,iid,20,107,6,12,0.9094,-0.001,0.5399164284143392,-0.0029218844151863,0.9599924619100249,0.0030999449641455,0.8661948961729895,0.0035485958162631,0.2188625931739807,-0.0014992654323577,0.773511111111111,-0.1110444444444445,0.909952,0.000734,-0.001
celeba,iid,20,107,6,13,0.9094,-0.0001999999999999,0.5399164284143392,-0.001200546079944,0.9599924619100249,0.004101767562179,0.8661948961729895,0.0038708827961146,0.2188625931739807,0.000499740242958,0.773511111111111,-0.1260888888888889,0.909952,-0.0030679999999999,-0.0001999999999999
celeba,iid,20,107,6,14,0.9094,-0.0004,0.5399164284143392,0.0039744631472475,0.9599924619100249,-4.437915367749845e-05,0.8661948961729895,0.0001981540882218,0.2188625931739807,0.0020550340414047,0.773511111111111,0.0286666666666666,0.909952,0.0039599999999999,-0.0004
celeba,iid,20,107,6,15,0.9094,-0.0018,0.5399164284143392,0.0041394310482285,0.9599924619100249,-0.001504338245299,0.8661948961729895,-0.0008438743938901,0.2188625931739807,0.0002584755420684,0.773511111111111,0.0408666666666666,0.909952,0.0022419999999999,-0.0018
celeba,iid,20,107,6,16,0.9094,-0.0011999999999999,0.5399164284143392,0.0018096856073986,0.9599924619100249,0.0023281478462835,0.8661948961729895,0.0025065673341511,0.2188625931739807,-0.0005815625190734,0.773511111111111,-0.1081777777777779,0.909952,-6.4000000000064e-05,-0.0011999999999999
celeba,iid,20,107,6,17,0.9094,-0.001,0.5399164284143392,0.0010324213844621,0.9599924619100249,-0.0004567361784978,0.8661948961729895,9.90770441109401e-05,0.2188625931739807,9.001791477203369e-05,0.773511111111111,0.0022444444444444,0.909952,-0.002452,-0.001
celeba,iid,20,107,6,18,0.9094,-0.0001999999999999,0.5399164284143392,-0.0028402213988065,0.9599924619100249,0.0019846926190072,0.8661948961729895,0.0015385600486312,0.2188625931739807,-0.0010335594415664,0.773511111111111,0.0009444444444444,0.909952,0.00178,-0.0001999999999999
celeba,iid,20,107,6,19,0.9094,-0.001,0.5399164284143392,-0.0016037824819701,0.9599924619100249,-0.0001659996083327,0.8661948961729895,9.90770441109401e-05,0.2188625931739807,0.0011926740407943,0.773511111111111,0.049322222222222,0.909952,-0.0080959999999999,-0.001
celeba,iid,20,107,7,0,0.9124,0.0003999999999999,0.5300306882946076,0.0008640216279409,0.9574976203143072,0.0001136280217722,0.8628444544449483,-0.0001241328916298,0.2180784940719604,0.0013165771961212,0.7716000000000001,0.0113333333333334,0.910194,-0.000306,0.0003999999999999
celeba,iid,20,107,7,1,0.9124,0.0018,0.5300306882946076,-0.0001691799241492,0.9574976203143072,-0.0037926237601724,0.8628444544449483,-0.0043674143626341,0.2180784940719604,0.0010269284248352,0.7716000000000001,0.0427333333333335,0.910194,-0.007074,0.0018
celeba,iid,20,107,7,2,0.9124,0.0003999999999999,0.5300306882946076,0.0050306882946076,0.9574976203143072,-0.0006501766632071,0.8628444544449483,-0.000942951438001,0.2180784940719604,-5.155801773071289e-05,0.7716000000000001,0.0535333333333334,0.910194,0.0029359999999999,0.0003999999999999
celeba,iid,20,107,7,3,0.9124,-0.0003999999999999,0.5300306882946076,-0.0014041419354032,0.9574976203143072,-0.0004708440234058,0.8628444544449483,5.011169503799096e-05,0.2180784940719604,-0.0016794651746749,0.7716000000000001,0.0780888888888888,0.910194,-0.002056,-0.0003999999999999
celeba,iid,20,107,7,4,0.9124,-0.0003999999999999,0.5300306882946076,0.0116257803191475,0.9574976203143072,0.0026723778869987,0.8628444544449483,0.0029028755105947,0.2180784940719604,-5.91576099395752e-06,0.7716000000000001,0.0510444444444444,0.910194,0.0068099999999999,-0.0003999999999999
celeba,iid,20,107,7,5,0.9124,0.0001999999999999,0.5300306882946076,0.0051457946309373,0.9574976203143072,0.0023101683573302,0.8628444544449483,0.0024313997915943,0.2180784940719604,0.000564768910408,0.7716000000000001,0.1026111111111112,0.910194,0.0064019999999999,0.0001999999999999
celeba,iid,20,107,7,6,0.9124,0.0013999999999999,0.5300306882946076,-0.0005949977646678,0.9574976203143072,-0.0016128920666984,0.8628444544449483,-0.0018369375269289,0.2180784940719604,0.001908391714096,0.7716000000000001,0.039511111111111,0.910194,-0.001406,0.0013999999999999
celeba,iid,20,107,7,7,0.9124,0.0,0.5300306882946076,0.0006576063130206,0.9574976203143072,0.0006380144786073,0.8628444544449483,0.0003723986748895,0.2180784940719604,-0.0007049143314361,0.7716000000000001,0.0681333333333333,0.910194,-0.002168,0.0
celeba,iid,20,107,7,8,0.9124,-0.0011999999999999,0.5300306882946076,0.0018940559320063,0.9574976203143072,0.0026853638479166,0.8628444544449483,0.002580588530743,0.2180784940719604,-0.0005602091550827,0.7716000000000001,0.0428333333333335,0.910194,0.0026679999999998,-0.0011999999999999
celeba,iid,20,107,7,9,0.9124,0.0008,0.5300306882946076,-0.002220298980513,0.9574976203143072,0.0016768003362073,0.8628444544449483,0.0015135042011122,0.2180784940719604,0.0002733618021011,0.7716000000000001,0.0251555555555555,0.910194,-0.0038219999999999,0.0008
celeba,iid,20,107,7,10,0.9124,-0.0001999999999999,0.5300306882946076,0.0069099344046229,0.9574976203143072,-2.7570511593633107e-05,0.8628444544449483,0.0002232099357407,0.2180784940719604,0.0012605488300323,0.7716000000000001,0.0405666666666666,0.910194,0.0021319999999999,-0.0001999999999999
celeba,iid,20,107,7,11,0.9124,-0.0001999999999999,0.5300306882946076,0.0024112231477422,0.9574976203143072,0.003209403234201,0.8628444544449483,0.0027297772698919,0.2180784940719604,-0.0003103613853454,0.7716000000000001,-0.0040222222222221,0.910194,0.0025839999999999,-0.0001999999999999
celeba,iid,20,107,7,12,0.9124,-0.0003999999999999,0.5300306882946076,-0.0021779006624474,0.9574976203143072,0.0019935088282083,0.8628444544449483,0.0018118816794099,0.2180784940719604,-0.0022660642862319,0.7716000000000001,0.0572555555555558,0.910194,0.0034459999999999,-0.0003999999999999
celeba,iid,20,107,7,13,0.9124,0.0008,0.5300306882946076,-0.0017815100379944,0.9574976203143072,0.0003530462499164,0.8628444544449483,0.0001981540882218,0.2180784940719604,0.0013107657432556,0.7716000000000001,0.0665333333333333,0.910194,-0.003956,0.0008
celeba,iid,20,107,7,14,0.9124,0.0005999999999999,0.5300306882946076,0.0048113900489935,0.9574976203143072,0.001148591198206,0.8628444544449483,0.0016125812452232,0.2180784940719604,0.0012654513120651,0.7716000000000001,0.0470666666666665,0.910194,0.0018119999999999,0.0005999999999999
celeba,iid,20,107,7,15,0.9124,-0.0001999999999999,0.5300306882946076,0.0023076990331568,0.9574976203143072,-0.0011386531050152,0.8628444544449483,-0.0009680072855199,0.2180784940719604,-0.0001762211322784,0.7716000000000001,-0.0042666666666666,0.910194,0.0013959999999999,-0.0001999999999999
celeba,iid,20,107,7,16,0.9124,0.0001999999999999,0.5300306882946076,-0.0001162093155655,0.9574976203143072,0.0018351545822078,0.8628444544449483,0.0016626929402611,0.2180784940719604,-0.0011050850152969,0.7716000000000001,0.0580444444444443,0.910194,0.0018699999999999,0.0001999999999999
celeba,iid,20,107,7,17,0.9124,0.0008,0.5300306882946076,0.0010706180883768,0.9574976203143072,0.0009129956512279,0.8628444544449483,0.0006946856547411,0.2180784940719604,-0.0007741004228591,0.7716000000000001,0.0116888888888888,0.910194,-3.000000000008552e-05,0.0008
celeba,iid,20,107,7,18,0.9124,-0.0008,0.5300306882946076,-0.0036968631727598,0.9574976203143072,-0.0004203494577033,0.8628444544449483,-0.0003222869798517,0.2180784940719604,-0.0009562969207763,0.7716000000000001,-0.0288888888888887,0.910194,-0.001402,-0.0008
celeba,iid,20,107,7,19,0.9124,0.0003999999999999,0.5300306882946076,0.0021798111016252,0.9574976203143072,-0.0008716643652775,0.8628444544449483,-0.0008689302414089,0.2180784940719604,0.0012021511793136,0.7716000000000001,0.0684888888888888,0.910194,-0.004092,0.0003999999999999
celeba,iid,20,107,8,0,0.9148,0.0,0.534543069523393,0.0054656755574988,0.9596570797879692,-7.806507729601897e-05,0.864878399714134,0.0001241328916298,0.213399663567543,0.0008028745651245,0.7501555555555555,-0.0390666666666665,0.913012,0.000208,0.0
celeba,iid,20,107,8,1,0.9148,0.0017999999999999,0.534543069523393,0.0004795426887818,0.9596570797879692,-0.0054051687563199,0.864878399714134,-0.0057328761705626,0.213399663567543,0.0018597096204757,0.7501555555555555,-0.0269000000000001,0.913012,-0.0017019999999999,0.0017999999999999
celeba,iid,20,107,8,2,0.9148,0.0011999999999999,0.534543069523393,-0.0042047413347505,0.9596570797879692,-0.0003683249416934,0.864878399714134,-0.0007687068513332,0.213399663567543,-0.0008036643266677,0.7501555555555555,0.018488888888889,0.913012,-0.0017619999999999,0.0011999999999999
celeba,iid,20,107,8,3,0.9148,0.0,0.534543069523393,-0.0031783387425154,0.9596570797879692,-0.0022092478653756,0.864878399714134,-0.0019098123775559,0.213399663567543,-0.0017571300268173,0.7501555555555555,-0.0616444444444446,0.913012,-0.0022079999999999,0.0
celeba,iid,20,107,8,4,0.9148,0.0005999999999999,0.534543069523393,0.0005242552595557,0.9596570797879692,0.001241519257278,0.864878399714134,0.0010921401771497,0.213399663567543,-0.0018246173858642,0.7501555555555555,-0.1105555555555557,0.913012,0.0040460000000001,0.0005999999999999
celeba,iid,20,107,8,5,0.9148,0.0007999999999999,0.534543069523393,0.0019391307925396,0.9596570797879692,0.0005441940037668,0.864878399714134,0.000818818546371,0.213399663567543,0.0004519969224929,0.7501555555555555,0.0360666666666666,0.913012,0.001276,0.0007999999999999
celeba,iid,20,107,8,6,0.9148,0.0007999999999999,0.534543069523393,0.0021579491732836,0.9596570797879692,-0.0003434552272761,0.864878399714134,-0.0004965315665195,0.213399663567543,0.0006285607814788,0.7501555555555555,0.0190888888888884,0.913012,0.00119,0.0007999999999999
celeba,iid,20,107,8,7,0.9148,-0.0006,0.534543069523393,0.0007873343256652,0.9596570797879692,-0.000607396099287,0.864878399714134,-0.0006195181121844,0.213399663567543,-0.0010832548141479,0.7501555555555555,-0.0238888888888888,0.913012,-0.0013759999999999,-0.0006
celeba,iid,20,107,8,8,0.9148,0.0003999999999999,0.534543069523393,-0.002202337300754,0.9596570797879692,0.0012335268243951,0.864878399714134,0.0008689302414089,0.213399663567543,-0.0002155601978302,0.7501555555555555,0.0217333333333331,0.913012,-0.0034379999999999,0.0003999999999999
celeba,iid,20,107,8,9,0.9148,0.0007999999999999,0.534543069523393,-0.0037501471068038,0.9596570797879692,0.0020240782446496,0.864878399714134,0.0018859028760018,0.213399663567543,0.0011425167322158,0.7501555555555555,-0.1425777777777779,0.913012,-0.0049479999999999,0.0007999999999999
celeba,iid,20,107,8,10,0.9148,0.001,0.534543069523393,0.0061998872077878,0.9596570797879692,-0.0004027660021799,0.864878399714134,-0.0003974545224085,0.213399663567543,0.0005387663841247,0.7501555555555555,-0.0195111111111112,0.913012,0.007264,0.001
celeba,iid,20,107,8,11,0.9148,-0.0002,0.534543069523393,0.0014283154250323,0.9596570797879692,-0.0012771508412047,0.864878399714134,-0.0011160496787038,0.213399663567543,-0.0002714097499847,0.7501555555555555,-0.008911111111111,0.913012,0.000592,-0.0002
celeba,iid,20,107,8,12,0.9148,0.001,0.534543069523393,-0.0016792986096776,0.9596570797879692,-0.0004612530007652,0.864878399714134,-0.0007197415022601,0.213399663567543,-0.0006875991821289,0.7501555555555555,-0.0994888888888889,0.913012,0.001384,0.001
celeba,iid,20,107,8,13,0.9148,0.0007999999999999,0.534543069523393,-0.000905508157132,0.9596570797879692,-6.348052662041859e-05,0.864878399714134,-0.0002482657832596,0.213399663567543,0.0016298294067382,0.7501555555555555,0.0054666666666665,0.913012,-0.0009639999999999,0.0007999999999999
celeba,iid,20,107,8,14,0.9148,0.0025999999999999,0.534543069523393,0.0059309230642832,0.9596570797879692,0.0012105538074069,0.864878399714134,0.000867783895444,0.213399663567543,0.0024788975715637,0.7501555555555555,-0.0387777777777775,0.913012,0.005022,0.0025999999999999
celeba,iid,20,107,8,15,0.9148,0.0003999999999999,0.534543069523393,0.0091712410019582,0.9596570797879692,-0.0015681658424702,0.864878399714134,-0.0015636158961502,0.213399663567543,0.0006871819496154,0.7501555555555555,0.007711111111111,0.913012,0.0086019999999999,0.0003999999999999
celeba,iid,20,107,8,16,0.9148,-0.0004,0.534543069523393,-0.0012960913157678,0.9596570797879692,-0.0014305115591701,0.864878399714134,-0.0013392596144445,0.213399663567543,-0.0010132640600204,0.7501555555555555,0.0242666666666664,0.913012,-0.0022239999999998,-0.0004
celeba,iid,20,107,8,17,0.9148,0.0001999999999999,0.534543069523393,-0.0033970135730425,0.9596570797879692,0.0003075452122491,0.864878399714134,2.505584751888445e-05,0.213399663567543,-0.0011061131954193,0.7501555555555555,-0.0530444444444444,0.913012,-0.0041759999999999,0.0001999999999999
celeba,iid,20,107,8,18,0.9148,-0.0006,0.534543069523393,-0.0024899215187743,0.9596570797879692,-0.0013800169934676,0.864878399714134,-0.0012401825703336,0.213399663567543,-0.0006205439567565,0.7501555555555555,0.0078666666666664,0.913012,-0.0010879999999999,-0.0006
celeba,iid,20,107,8,19,0.9148,0.001,0.534543069523393,-0.0010226997915555,0.9596570797879692,0.0008556305366325,0.864878399714134,0.0007436510038141,0.213399663567543,0.0009384900331497,0.7501555555555555,-0.021888888888889,0.913012,-0.0055499999999999,0.001
celeba,iid,20,107,9,0,0.9102,0.0006,0.5161502966381015,0.0135117742106609,0.9575167020106792,-0.0023239780945666,0.862945824180989,-0.0021592245067806,0.2232324779033661,0.0022683292627334,0.7527333333333333,0.0063555555555554,0.915218,0.008962,0.0006
celeba,iid,20,107,9,1,0.9102,0.0,0.5161502966381015,0.002856515051637,0.9575167020106792,-0.0029294285335453,0.862945824180989,-0.0028288543140028,0.2232324779033661,0.0026905238628387,0.7527333333333333,-0.0664444444444445,0.915218,-0.003858,0.0
celeba,iid,20,107,9,2,0.9102,-0.0001999999999999,0.5161502966381015,0.0009921244061155,0.9575167020106792,0.0002612203982634,0.862945824180989,0.0002733216307785,0.2232324779033661,-0.0013543963432312,0.7527333333333333,-0.0354222222222222,0.915218,0.0004879999999999,-0.0001999999999999
celeba,iid,20,107,9,3,0.9102,0.0,0.5161502966381015,-0.001977587343441,0.9575167020106792,-0.000833053553074,0.862945824180989,-0.000892839742963,0.2232324779033661,-0.0040706098079681,0.7527333333333333,-0.0430444444444446,0.915218,0.0023239999999999,0.0
celeba,iid,20,107,9,4,0.9102,-0.0006,0.5161502966381015,0.0042925891282201,0.9575167020106792,-0.0020072696025655,0.862945824180989,-0.0018608470284829,0.2232324779033661,-0.001680165529251,0.7527333333333333,-0.0685111111111111,0.915218,0.0032639999999999,-0.0006
celeba,iid,20,107,9,5,0.9102,0.001,0.5161502966381015,0.0029518804480443,0.9575167020106792,-0.0010992674793726,0.862945824180989,-0.0010921401771497,0.2232324779033661,0.0003499239683151,0.7527333333333333,-0.0918888888888889,0.915218,0.0052159999999999,0.001
celeba,iid,20,107,9,6,0.9102,0.0011999999999999,0.5161502966381015,0.0004187234807857,0.9575167020106792,-0.0004444443586811,0.862945824180989,-0.0006946856547412,0.2232324779033661,-0.0005010366439819,0.7527333333333333,-0.0500222222222224,0.915218,0.0003719999999999,0.0011999999999999
celeba,iid,20,107,9,7,0.9102,0.0008,0.5161502966381015,0.0008654934711782,0.9575167020106792,-0.001794945180247,0.862945824180989,-0.0022081898558535,0.2232324779033661,0.0001626461744308,0.7527333333333333,0.0145333333333332,0.915218,-0.003102,0.0008
celeba,iid,20,107,9,8,0.9102,0.0003999999999999,0.5161502966381015,-0.0022053859294957,0.9575167020106792,0.0014373821080631,0.862945824180989,0.0011912172212605,0.2232324779033661,-9.594857692718506e-05,0.7527333333333333,-0.0345777777777778,0.915218,0.0007099999999999,0.0003999999999999
celeba,iid,20,107,9,9,0.9102,0.001,0.5161502966381015,-0.0027674332343137,0.9575167020106792,0.0002352484764275,0.862945824180989,-2.50558475191065e-05,0.2232324779033661,0.0019706487655639,0.7527333333333333,-0.0629333333333335,0.915218,-0.005426,0.001
celeba,iid,20,107,9,10,0.9102,-0.0001999999999999,0.5161502966381015,0.0007724407505795,0.9575167020106792,-0.0004440972881305,0.862945824180989,-0.0002232099357407,0.2232324779033661,-0.0006462186574935,0.7527333333333333,-0.0249777777777777,0.915218,0.001892,-0.0001999999999999
celeba,iid,20,107,9,11,0.9102,0.0001999999999999,0.5161502966381015,-0.0031903627025577,0.9575167020106792,-0.0016454071434477,0.862945824180989,-0.0018608470284829,0.2232324779033661,-0.0006885826587677,0.7527333333333333,0.0134666666666667,0.915218,-0.00187,0.0001999999999999
celeba,iid,20,107,9,12,0.9102,-0.0016,0.5161502966381015,-0.0008490453228549,0.9575167020106792,0.0004742389616831,0.862945824180989,0.0008689302414089,0.2232324779033661,-0.0020211488008499,0.7527333333333333,-0.0846222222222221,0.915218,0.000726,-0.0016
celeba,iid,20,107,9,13,0.9102,0.0006,0.5161502966381015,-0.0005603454023558,0.9575167020106792,0.0016492298246139,0.862945824180989,0.001736714136853,0.2232324779033661,0.0031887143850326,0.7527333333333333,-0.0477111111111112,0.915218,0.0002119999999999,0.0006
celeba,iid,20,107,9,14,0.9102,0.001,0.5161502966381015,0.0038317748607148,0.9575167020106792,0.0005737101756685,0.862945824180989,0.0005454969155923,0.2232324779033661,0.0014309734106063,0.7527333333333333,-0.0768999999999999,0.915218,0.0036059999999999,0.001
celeba,iid,20,107,9,15,0.9102,0.0018,0.5161502966381015,0.0064629342426809,0.9575167020106792,-0.0029703320766075,0.862945824180989,-0.0032263088364113,0.2232324779033661,0.0024172812700271,0.7527333333333333,0.0201777777777778,0.915218,0.0032459999999999,0.0018
celeba,iid,20,107,9,16,0.9102,0.0006,0.5161502966381015,-0.0062771439951438,0.9575167020106792,-0.0009825915898734,0.862945824180989,-0.0012401825703337,0.2232324779033661,-0.0011514723300933,0.7527333333333333,-0.0013333333333334,0.915218,-0.0052459999999999,0.0006
celeba,iid,20,107,9,17,0.9102,-0.0003999999999999,0.5161502966381015,-0.0048248845611078,0.9575167020106792,-0.0021923705838412,0.862945824180989,-0.0022081898558535,0.2232324779033661,-0.0025277137756347,0.7527333333333333,-0.0189111111111113,0.915218,-0.004094,-0.0003999999999999
celeba,iid,20,107,9,18,0.9102,-0.0001999999999999,0.5161502966381015,0.0012118080616516,0.9575167020106792,-0.0012752051808964,0.862945824180989,-0.0011661613737418,0.2232324779033661,-0.0012854635715484,0.7527333333333333,0.0014444444444443,0.915218,0.0028819999999999,-0.0001999999999999
celeba,iid,20,107,9,19,0.9102,0.0006,0.5161502966381015,0.0053763300593856,0.9575167020106792,-0.0011348304238489,0.862945824180989,-0.0010921401771497,0.2232324779033661,0.0017587393522262,0.7527333333333333,-0.0869111111111113,0.915218,-0.00384,0.0006
celeba,iid,20,107,10,0,0.9122,0.0013999999999999,0.5184210526315789,0.0045870605367173,0.9598968940495434,0.0005905188177525,0.8648795460600989,9.907704411071804e-05,0.2167723625898361,0.0016737580299377,0.8333111111111111,0.0596666666666665,0.936692,0.002116,0.0013999999999999
celeba,iid,20,107,10,1,0.9122,0.0003999999999999,0.5184210526315789,-0.0018684845476271,0.9598968940495434,-0.0021468695461739,0.8648795460600989,-0.0025065673341513,0.2167723625898361,0.0013363510370254,0.8333111111111111,0.0665222222222223,0.936692,-0.001438,0.0003999999999999
celeba,iid,20,107,10,2,0.9122,0.0016,0.5184210526315789,0.0046938398048712,0.9598968940495434,-0.0007056647569447,0.8648795460600989,-0.0014394830045204,0.2167723625898361,0.0002738833427429,0.8333111111111111,0.0472999999999999,0.936692,0.001946,0.0016
celeba,iid,20,107,10,3,0.9122,-0.0023999999999999,0.5184210526315789,-0.0088039637690333,0.9598968940495434,-0.0033108201084948,0.8648795460600989,-0.0031750507954086,0.2167723625898361,-0.0038550347089767,0.8333111111111111,0.0395555555555555,0.936692,-0.00123,-0.0023999999999999
celeba,iid,20,107,10,4,0.9122,-0.0003999999999999,0.5184210526315789,0.0025323828967553,0.9598968940495434,0.0011933174224343,0.8648795460600989,0.0009429514380008,0.2167723625898361,-0.0013912618160247,0.8333111111111111,0.0640444444444443,0.936692,0.0013879999999999,-0.0003999999999999
celeba,iid,20,107,10,5,0.9122,0.0,0.5184210526315789,0.0055949180119778,0.9598968940495434,0.0006689309655991,0.8648795460600989,0.0004464198714814,0.2167723625898361,0.0004446804523468,0.8333111111111111,0.0226222222222221,0.936692,0.0058739999999999,0.0
celeba,iid,20,107,10,6,0.9122,-0.0008,0.5184210526315789,-0.0011846428777311,0.9598968940495434,-0.0020428325470419,0.8648795460600989,-0.0023323227474835,0.2167723625898361,-0.0002564936876296,0.8333111111111111,-0.0123777777777778,0.936692,-0.0007179999999999,-0.0008
celeba,iid,20,107,10,7,0.9122,-0.001,0.5184210526315789,-0.0032609447403002,0.9598968940495434,0.001071696967779,0.8648795460600989,0.0008438743938898,0.2167723625898361,-0.000626266002655,0.8333111111111111,-0.009411111111111,0.936692,-0.0017599999999999,-0.001
celeba,iid,20,107,10,8,0.9122,-0.001,0.5184210526315789,-0.0050130253360076,0.9598968940495434,-0.00080513597093,0.8648795460600989,-0.0011160496787039,0.2167723625898361,-2.987682819366455e-05,0.8333111111111111,0.0116,0.936692,-0.001704,-0.001
celeba,iid,20,107,10,9,0.9122,0.0001999999999999,0.5184210526315789,-0.0061403508771931,0.9598968940495434,0.0020202555634833,0.8648795460600989,0.001538560048631,0.2167723625898361,0.001366451382637,0.8333111111111111,-0.0164888888888889,0.936692,-0.00196,0.0001999999999999
celeba,iid,20,107,10,10,0.9122,0.002,0.5184210526315789,0.0062259306803593,0.9598968940495434,0.0008594532177985,0.8648795460600989,0.0001480423931837,0.2167723625898361,0.0008407235145568,0.8333111111111111,0.0802666666666667,0.936692,0.0023019999999999,0.002
celeba,iid,20,107,10,11,0.9122,0.0008,0.5184210526315789,0.0011948072947345,0.9598968940495434,-0.0004295127374551,0.8648795460600989,-0.0010670843296309,0.2167723625898361,0.0003245621919631,0.8333111111111111,0.0038444444444445,0.936692,8.000000000008e-06,0.0008
celeba,iid,20,107,10,12,0.9122,0.0006,0.5184210526315789,0.0017470728158702,0.9598968940495434,0.0007993676294555,0.8648795460600989,0.0003473428273705,0.2167723625898361,-0.0008949637413024,0.8333111111111111,-0.0510666666666665,0.936692,0.0003639999999999,0.0006
celeba,iid,20,107,10,13,0.9122,0.0,0.5184210526315789,-0.0049290898810279,0.9598968940495434,-0.0008498621951582,0.8648795460600989,-0.0013893713094825,0.2167723625898361,0.0008036196231842,0.8333111111111111,-0.0197222222222224,0.936692,-0.0008879999999999,0.0
celeba,iid,20,107,10,14,0.9122,0.0018,0.5184210526315789,0.0063384515770973,0.9598968940495434,0.0011791606146472,0.8648795460600989,0.0007436510038141,0.2167723625898361,0.001548483967781,0.8333111111111111,0.0700444444444443,0.936692,0.0022479999999999,0.0018
celeba,iid,20,107,10,15,0.9122,0.0003999999999999,0.5184210526315789,0.0038345204973389,0.9598968940495434,-0.0003977724741448,0.8648795460600989,-0.000942951438001,0.2167723625898361,0.0009789317846298,0.8333111111111111,0.0626666666666666,0.936692,0.002228,0.0003999999999999
celeba,iid,20,107,10,16,0.9122,-0.0001999999999999,0.5184210526315789,0.0030769053277648,0.9598968940495434,0.0005243864568349,0.8648795460600989,2.505584751888445e-05,0.2167723625898361,3.212690353393555e-05,0.8333111111111111,0.0496555555555555,0.936692,0.0004499999999999,-0.0001999999999999
celeba,iid,20,107,10,17,0.9122,0.0003999999999999,0.5184210526315789,-0.0018684845476271,0.9598968940495434,-0.0011615771591242,0.8648795460600989,-0.0017617699843721,0.2167723625898361,-0.0012861043214797,0.8333111111111111,0.0343333333333333,0.936692,-0.00037,0.0003999999999999
celeba,iid,20,107,10,18,0.9122,0.0008,0.5184210526315789,-0.0014385040943372,0.9598968940495434,0.0008181219318479,0.8648795460600989,0.0003222869798515,0.2167723625898361,-0.0004184544086456,0.8333111111111111,0.0367777777777778,0.936692,-0.0007099999999999,0.0008
celeba,iid,20,107,10,19,0.9122,-0.0001999999999999,0.5184210526315789,-0.0020788377433389,0.9598968940495434,0.0024180280376282,0.8648795460600989,0.001662692940261,0.2167723625898361,-0.0002334415912628,0.8333111111111111,0.1000666666666665,0.936692,-0.00299,-0.0001999999999999
celeba,iid,20,123,1,0,0.5258,-0.0005999999999999,0.99695701787752,0.0011363491845108,0.9989263573719126,0.0009914077990746,0.9987347615821474,0.0010420284821117,0.6583477258682251,-0.0004385709762573,0.8563333333333332,0.0388444444444442,,,-0.0005999999999999
celeba,iid,20,123,1,1,0.5258,-0.0003999999999999,0.99695701787752,0.0007578540614804,0.9989263573719126,0.0006609385327164,0.9987347615821474,0.0006946856547411,0.6583477258682251,-0.0003368854522705,0.8563333333333332,-0.0161555555555557,,,-0.0003999999999999
celeba,iid,20,123,1,2,0.5258,-0.001,0.99695701787752,0.0018924772548928,0.9989263573719126,0.0016523463317911,0.9987347615821474,0.001736714136853,0.6583477258682251,-0.0030480623245239,0.8563333333333332,-0.0040222222222223,,,-0.001
celeba,iid,20,123,1,3,0.5258,0.0004,0.99695701787752,-0.0011396703600132,0.9989263573719126,0.0002482344373454,0.9987347615821474,0.0001241328916298,0.6583477258682251,0.0050309896469116,0.8563333333333332,0.0061777777777776,,,0.0004
celeba,iid,20,123,1,4,0.5258,-0.0075999999999999,0.99695701787752,0.0179543932056039,0.9989263573719126,0.0098303132114269,0.9987347615821474,0.01074257180097,0.6583477258682251,-0.0105798840522766,0.8563333333333332,0.0035555555555553,,,-0.0075999999999999
celeba,iid,20,123,1,5,0.5258,0.001,0.99695701787752,-0.0026618845615044,0.9989263573719126,-0.0007431733617292,0.9987347615821474,-0.000917895590482,0.6583477258682251,0.0148891806602478,0.8563333333333332,0.0015555555555555,,,0.001
celeba,iid,20,123,1,6,0.5258,0.001,0.99695701787752,-0.0026618845615044,0.9989263573719126,-0.0007431733617292,0.9987347615821474,-0.000917895590482,0.6583477258682251,0.0090286135673522,0.8563333333333332,0.0059777777777776,,,0.001
celeba,iid,20,123,1,7,0.5258,-0.0013999999999999,0.99695701787752,0.002647457938218,0.9989263573719126,0.0023132848645076,0.9987347615821474,0.0024313997915942,0.6583477258682251,-0.003983199596405,0.8563333333333332,0.0125111111111109,,,-0.0013999999999999
celeba,iid,20,123,1,8,0.5258,0.0004,0.99695701787752,-0.0011396703600132,0.9989263573719126,0.0002482344373454,0.9987347615821474,0.0001241328916298,0.6583477258682251,0.0033962130546569,0.8563333333333332,-0.0121333333333335,,,0.0004
celeba,iid,20,123,1,9,0.5258,-0.0025999999999999,0.99695701787752,0.0045270405875881,0.9989263573719126,0.0033869274925951,0.9987347615821474,0.0036966382094468,0.6583477258682251,-0.0049983859062194,0.8563333333333332,0.0308888888888887,,,-0.0025999999999999
celeba,iid,20,123,1,10,0.5258,0.0004,0.99695701787752,-0.0011396703600132,0.9989263573719126,0.0002482344373454,0.9987347615821474,0.0001241328916298,0.6583477258682251,0.0041189789772033,0.8563333333333332,-0.0028888888888891,,,0.0004
celeba,iid,20,123,1,11,0.5258,-0.0021999999999999,0.99695701787752,0.0041539875744897,0.9989263573719126,0.0036351619299405,0.9987347615821474,0.0038207711010767,0.6583477258682251,-0.0061294436454772,0.8563333333333332,0.0099999999999997,,,-0.0021999999999999
celeba,iid,20,123,1,12,0.5258,0.0002,0.99695701787752,-0.0007598770996489,0.9989263573719126,-0.0003304692663582,0.9987347615821474,-0.0003473428273707,0.6583477258682251,0.0029531717300415,0.8563333333333332,-0.0066888888888889,,,0.0002
celeba,iid,20,123,1,13,0.5258,-0.0017999999999999,0.99695701787752,0.0030245188255669,0.9989263573719126,0.0026437541308658,0.9987347615821474,0.0031260854463355,0.6583477258682251,-0.0055120587348937,0.8563333333333332,-0.0145555555555556,,,-0.0017999999999999
celeba,iid,20,123,1,14,0.5258,0.001,0.99695701787752,-0.0026618845615044,0.9989263573719126,-0.0007431733617292,0.9987347615821474,-0.000917895590482,0.6583477258682251,0.0090974569320678,0.8563333333333332,0.0067111111111111,,,0.001
celeba,iid,20,123,1,15,0.5258,0.0002,0.99695701787752,-0.0007598770996489,0.9989263573719126,-0.0003304692663582,0.9987347615821474,-0.0003473428273707,0.6583477258682251,0.0018751621246337,0.8563333333333332,-0.0115777777777779,,,0.0002
celeba,iid,20,123,1,16,0.5258,0.0002,0.99695701787752,-0.0007598770996489,0.9989263573719126,-0.0003304692663582,0.9987347615821474,-0.0003473428273707,0.6583477258682251,0.0015495419502258,0.8563333333333332,-0.0097777777777781,,,0.0002
celeba,iid,20,123,1,17,0.5258,-0.0063999999999999,0.99695701787752,0.014619550759895,0.9989263573719126,0.0087566705833395,0.9987347615821474,0.0094773333831175,0.6583477258682251,-0.0092211365699768,0.8563333333333332,0.0339666666666664,,,-0.0063999999999999
celeba,iid,20,123,1,18,0.5258,-0.004,0.99695701787752,0.0071495433588336,0.9989263573719126,0.0057002123571027,0.9987347615821474,0.0061280380010411,0.6583477258682251,-0.0073229074478149,0.8563333333333332,-0.0208222222222222,,,-0.004
celeba,iid,20,123,1,19,0.5258,0.0006,0.99695701787752,-0.0019005601879789,0.9989263573719126,-8.223482901270618e-05,0.9987347615821474,-0.0002232099357407,0.6583477258682251,0.0074708461761474,0.8563333333333332,0.0097777777777774,,,0.0006
celeba,iid,20,123,2,0,0.8538,0.0028,0.6165378308737409,-0.0050837907478806,0.911562654350311,0.0035915499460185,0.8461980371609334,0.00181188167941,0.3479762077331543,0.0025266110897064,0.8117555555555556,-0.0400555555555555,,,0.0028
celeba,iid,20,123,2,1,0.8538,0.0033999999999999,0.6165378308737409,-0.0045816423153465,0.911562654350311,0.0007462332623435,0.8461980371609334,-0.0001730982407027,0.3479762077331543,0.0035357475280761,0.8117555555555556,-0.0585555555555554,,,0.0033999999999999
celeba,iid,20,123,2,2,0.8538,0.0018,0.6165378308737409,-0.0027109954173388,0.911562654350311,0.0008433997125826,0.8461980371609334,0.0010921401771497,0.3479762077331543,0.0014470219612121,0.8117555555555556,-0.0024888888888887,,,0.0018
celeba,iid,20,123,2,3,0.8538,0.003,0.6165378308737409,-0.005935135745911,0.911562654350311,0.00453211610884,0.8461980371609334,0.0041692602744123,0.3479762077331543,0.002515286207199,0.8117555555555556,-0.0621777777777778,,,0.003
celeba,iid,20,123,2,4,0.8538,-0.0095999999999999,0.6165378308737409,0.0184372980963491,0.911562654350311,-0.008275569851171,0.8461980371609334,-0.0076199253925293,0.3479762077331543,-0.006070464849472,0.8117555555555556,-0.0889111111111111,,,-0.0095999999999999
celeba,iid,20,123,2,5,0.8538,-0.0001999999999999,0.6165378308737409,0.0015495404756143,0.911562654350311,0.0005114004959171,0.8461980371609334,0.0012902942653716,0.3479762077331543,0.0003267526626586,0.8117555555555556,-0.027411111111111,,,-0.0001999999999999
celeba,iid,20,123,2,6,0.8538,-0.0013999999999999,0.6165378308737409,0.0031140703498868,0.911562654350311,0.0004949389243837,0.8461980371609334,0.0007937626988521,0.3479762077331543,0.0019772946834564,0.8117555555555556,-0.0479222222222222,,,-0.0013999999999999
celeba,iid,20,123,2,7,0.8538,-0.0026,0.6165378308737409,0.0070095730502939,0.911562654350311,-0.0015207998168325,0.8461980371609334,-0.0022833573984103,0.3479762077331543,-0.0010861754417419,0.8117555555555556,-0.0197666666666667,,,-0.0026
celeba,iid,20,123,2,8,0.8538,-0.0023999999999999,0.6165378308737409,0.0047648806284711,0.911562654350311,-6.848608754317365e-05,0.8461980371609334,-0.0002983774782976,0.3479762077331543,-0.0006901919841766,0.8117555555555556,0.0063777777777778,,,-0.0023999999999999
celeba,iid,20,123,2,9,0.8538,-0.0031999999999999,0.6165378308737409,0.0048692194385017,0.911562654350311,-0.0031826685318135,0.8461980371609334,-0.0006707761531871,0.3479762077331543,-0.0026086270809173,0.8117555555555556,-0.0077555555555555,,,-0.0031999999999999
celeba,iid,20,123,2,10,0.8538,-0.0041999999999999,0.6165378308737409,0.0076800220159319,0.911562654350311,-0.0027302317402495,0.8461980371609334,-0.0030281547481894,0.3479762077331543,-0.0035987794399261,0.8117555555555556,-0.0153555555555557,,,-0.0041999999999999
celeba,iid,20,123,2,11,0.8538,0.0071999999999999,0.6165378308737409,-0.0128030621099585,0.911562654350311,0.0052630706794067,0.8461980371609334,0.0046168264918587,0.3479762077331543,0.0056294798851013,0.8117555555555556,-0.0423666666666666,,,0.0071999999999999
celeba,iid,20,123,2,12,0.8538,-0.0011999999999999,0.6165378308737409,0.0018009887684777,0.911562654350311,-0.0003427610861749,0.8461980371609334,-0.0030771200972624,0.3479762077331543,-0.001891553401947,0.8117555555555556,-0.042688888888889,,,-0.0011999999999999
celeba,iid,20,123,2,13,0.8538,-0.0108,0.6165378308737409,0.0130217540752214,0.911562654350311,-0.0062927542530216,0.8461980371609334,-0.0055358684283055,0.3479762077331543,-0.0087832510471344,0.8117555555555556,-0.0618666666666667,,,-0.0108
celeba,iid,20,123,2,14,0.8538,0.0021999999999999,0.6165378308737409,-0.0041761193376258,0.911562654350311,0.0038191530601139,0.8461980371609334,0.0036727287078929,0.3479762077331543,0.0037547945976257,0.8117555555555556,-0.0390888888888887,,,0.0021999999999999
celeba,iid,20,123,2,15,0.8538,0.0058,0.6165378308737409,-0.0086980181828628,0.911562654350311,0.0028495594640458,0.8461980371609334,0.0020111821135967,0.3479762077331543,0.0047979652881622,0.8117555555555556,-0.0589666666666666,,,0.0058
celeba,iid,20,123,2,16,0.8538,0.0028,0.6165378308737409,-0.0047027706300184,0.911562654350311,0.0028629611349648,0.8461980371609334,0.0039460503386716,0.3479762077331543,0.0062388181686401,0.8117555555555556,-0.0860444444444443,,,0.0028
celeba,iid,20,123,2,17,0.8538,0.0006,0.6165378308737409,-0.0044185685636711,0.911562654350311,0.0012243635446432,0.8461980371609334,0.001786825831891,0.3479762077331543,-0.0015191733837127,0.8117555555555556,-0.0509444444444444,,,0.0006
celeba,iid,20,123,2,18,0.8538,-0.001,0.6165378308737409,0.0023590756093515,0.911562654350311,0.000526679187694,0.8461980371609334,0.0006696298072224,0.3479762077331543,-0.0009179711341857,0.8117555555555556,-0.0587333333333333,,,-0.001
celeba,iid,20,123,2,19,0.8538,0.0016,0.6165378308737409,-0.007494086516543,0.911562654350311,0.0019376736639201,0.8461980371609334,0.0006206644581493,0.3479762077331543,0.0010613203048706,0.8117555555555556,-0.0615777777777775,,,0.0016
celeba,iid,20,123,3,0,0.9038,0.0014,0.5264439035184776,0.0022861021000378,0.9574131311613064,-0.0001285596429985,0.8771117125606274,-0.0028037984664839,0.2383829057216644,0.0003745704889297,0.6893555555555557,-0.1239999999999998,,,0.0014
celeba,iid,20,123,3,1,0.9038,0.0006,0.5264439035184776,0.0005360204361037,0.9574131311613064,-0.0003698548920006,0.8771117125606274,0.0009178955904819,0.2383829057216644,5.237758159637451e-05,0.6893555555555557,-0.0544444444444442,,,0.0006
celeba,iid,20,123,3,2,0.9038,0.0006,0.5264439035184776,0.0051861532970427,0.9574131311613064,-8.22348290128172e-05,0.8771117125606274,-0.0002232099357407,0.2383829057216644,-0.0005401074886322,0.6893555555555557,-0.0247111111111106,,,0.0006
celeba,iid,20,123,3,3,0.9038,0.002,0.5264439035184776,-0.0022764335850931,0.9574131311613064,0.0003365160389328,0.8771117125606274,-0.0040940927318554,0.2383829057216644,0.0006783306598663,0.6893555555555557,-0.0660666666666665,,,0.002
celeba,iid,20,123,3,4,0.9038,0.0016,0.5264439035184776,-0.0002685770844929,0.9574131311613064,0.0005955123457876,0.8771117125606274,-0.0006946856547411,0.2383829057216644,-0.0003280937671661,0.6893555555555557,-0.0267444444444442,,,0.0016
celeba,iid,20,123,3,5,0.9038,0.0012,0.5264439035184776,-0.0042452168006006,0.9574131311613064,0.0010678863195006,0.8771117125606274,-0.0014633925060744,0.2383829057216644,-0.0015448182821273,0.6893555555555557,-0.184822222222222,,,0.0012
celeba,iid,20,123,3,6,0.9038,0.0014,0.5264439035184776,-0.0012599971907423,0.9574131311613064,-0.0019158594609134,0.8771117125606274,-0.0012401825703336,0.2383829057216644,-0.0005957186222076,0.6893555555555557,-0.0972888888888887,,,0.0014
celeba,iid,20,123,3,7,0.9038,0.0,0.5264439035184776,0.0030980305377296,0.9574131311613064,-0.0021059660031117,0.8771117125606274,-0.0004965315665195,0.2383829057216644,0.0012968480587005,0.6893555555555557,-0.0379333333333331,,,0.0
celeba,iid,20,123,3,8,0.9038,0.0014,0.5264439035184776,0.0009563148659952,0.9574131311613064,0.0004142340456781,0.8771117125606274,2.505584751888445e-05,0.2383829057216644,-0.000345155596733,0.6893555555555557,-0.1193777777777775,,,0.0014
celeba,iid,20,123,3,9,0.9038,0.0014,0.5264439035184776,0.0018428396886903,0.9574131311613064,0.0025710296521554,0.8771117125606274,0.000867783895444,0.2383829057216644,0.0017671138048171,0.6893555555555557,-0.0951777777777778,,,0.0014
celeba,iid,20,123,3,10,0.9038,0.0004,0.5264439035184776,0.0046373947737354,0.9574131311613064,-0.001641237391731,0.8771117125606274,-0.0001241328916298,0.2383829057216644,0.0007871091365814,0.6893555555555557,-0.0468444444444442,,,0.0004
celeba,iid,20,123,3,11,0.9038,0.0004,0.5264439035184776,-0.0012232058219385,0.9574131311613064,-0.001751389802888,0.8771117125606274,-0.0011411055262227,0.2383829057216644,-0.0010245740413665,0.6893555555555557,-0.1165333333333331,,,0.0004
celeba,iid,20,123,3,12,0.9038,-0.0003999999999999,0.5264439035184776,-0.0013154417591159,0.9574131311613064,3.8226811660546645e-06,0.8771117125606274,-0.0005705527631113,0.2383829057216644,-0.0002505332231521,0.6893555555555557,-0.0589999999999997,,,-0.0003999999999999
celeba,iid,20,123,3,13,0.9038,0.001,0.5264439035184776,0.0073920647945077,0.9574131311613064,-0.0014205854988667,0.8771117125606274,-0.0004475662174463,0.2383829057216644,0.0024161636829376,0.6893555555555557,-0.015111111111111,,,0.001
celeba,iid,20,123,3,14,0.9038,0.0018,0.5264439035184776,0.0044926840062824,0.9574131311613064,0.0006390556902593,0.8771117125606274,-0.0025316231816701,0.2383829057216644,0.0012680441141128,0.6893555555555557,-0.0601333333333331,,,0.0018
celeba,iid,20,123,3,15,0.9038,0.0012,0.5264439035184776,-0.0002567390696013,0.9574131311613064,-0.0015498272500789,0.8771117125606274,-0.0015875253977042,0.2383829057216644,-0.0006157606840133,0.6893555555555557,-0.0431999999999996,,,0.0012
celeba,iid,20,123,3,16,0.9038,-0.0005999999999999,0.5264439035184776,0.0018972427489065,0.9574131311613064,-0.0003583868485024,0.8771117125606274,-0.0007937626988521,0.2383829057216644,-0.0008048266172409,0.6893555555555557,-0.0836222222222222,,,-0.0005999999999999
celeba,iid,20,123,3,17,0.9038,0.0006,0.5264439035184776,-2.342760001639021e-05,0.9574131311613064,0.0005320318191672,0.8771117125606274,-9.90770441109401e-05,0.2383829057216644,-1.867115497589112e-05,0.6893555555555557,-0.0425555555555556,,,0.0006
celeba,iid,20,123,3,18,0.9038,0.0004,0.5264439035184776,-0.0037752684983477,0.9574131311613064,0.000319360326298,0.8771117125606274,-0.0012652384178526,0.2383829057216644,-0.00054332613945,0.6893555555555557,-0.018333333333333,,,0.0004
celeba,iid,20,123,3,19,0.9038,0.0014,0.5264439035184776,6.979004330021077e-05,0.9574131311613064,-0.0013685489499694,0.8771117125606274,-0.0023072668999645,0.2383829057216644,-0.0002744644880294,0.6893555555555557,-0.131722222222222,,,0.0014
celeba,iid,20,123,4,0,0.8998,-0.0007999999999999,0.4935555555555555,0.0001067436523798,0.9687566023851084,0.0008890805098012,0.8769921650528572,0.0009429514380009,0.2375414818525314,-0.0005469322204589,0.7603333333333333,-0.0520444444444445,,,-0.0007999999999999
celeba,iid,20,123,4,1,0.8998,0.0014,0.4935555555555555,0.005799544869892,0.9687566023851084,-0.0012818093315767,0.8769921650528572,-0.0047899247325616,0.2375414818525314,0.0047935992479324,0.7603333333333333,0.0026333333333332,,,0.0014
celeba,iid,20,123,4,2,0.8998,-0.0011999999999999,0.4935555555555555,0.0022145253601736,0.9687566023851084,-0.0002799747006556,0.8769921650528572,0.0,0.2375414818525314,-0.0003526359796524,0.7603333333333333,-0.1260444444444444,,,-0.0011999999999999
celeba,iid,20,123,4,3,0.8998,-0.001,0.4935555555555555,-0.0044462206433787,0.9687566023851084,0.0007358871028352,0.8769921650528572,-0.0017367141368531,0.2375414818525314,-0.001798465847969,0.7603333333333333,0.0605777777777778,,,-0.001
celeba,iid,20,123,4,4,0.8998,-0.0003999999999999,0.4935555555555555,-0.0014455553086968,0.9687566023851084,0.0009246434542776,0.8769921650528572,0.0009429514380009,0.2375414818525314,-0.0009962171316146,0.7603333333333333,0.0119111111111109,,,-0.0003999999999999
celeba,iid,20,123,4,5,0.8998,-0.0011999999999999,0.4935555555555555,0.0005477864101615,0.9687566023851084,0.000302551684214,0.8769921650528572,-0.0005705527631114,0.2375414818525314,-0.0007472485303878,0.7603333333333333,0.0061666666666666,,,-0.0011999999999999
celeba,iid,20,123,4,6,0.8998,-0.0017999999999999,0.4935555555555555,-0.0022297150744355,0.9687566023851084,0.0012137814346852,0.8769921650528572,0.0014645388520393,0.2375414818525314,-0.0039156079292297,0.7603333333333333,0.0076444444444443,,,-0.0017999999999999
celeba,iid,20,123,4,7,0.8998,-0.0007999999999999,0.4935555555555555,0.0016612628617957,0.9687566023851084,0.0011692225214562,0.8769921650528572,-0.0029028755105948,0.2375414818525314,-0.0011478066444396,0.7603333333333333,-0.0729777777777778,,,-0.0007999999999999
celeba,iid,20,123,4,8,0.8998,-0.0021999999999999,0.4935555555555555,-0.0009012071938901,0.9687566023851084,0.0022131816666427,0.8769921650528572,0.0027297772698918,0.2375414818525314,-0.00193752348423,0.7603333333333333,-0.0681333333333333,,,-0.0021999999999999
celeba,iid,20,123,4,9,0.8998,0.0014,0.4935555555555555,0.0009019491441575,0.9687566023851084,2.4789042079365053e-05,0.8769921650528572,-0.0027798889649299,0.2375414818525314,0.004724383354187,0.7603333333333333,-0.1222222222222222,,,0.0014
celeba,iid,20,123,4,10,0.8998,0.0014,0.4935555555555555,0.0053543088948253,0.9687566023851084,0.0003911683234645,0.8769921650528572,-0.0047899247325616,0.2375414818525314,0.003957450389862,0.7603333333333333,-0.0453333333333334,,,0.0014
celeba,iid,20,123,4,11,0.8998,-0.0015999999999999,0.4935555555555555,0.0034290856198998,0.9687566023851084,-0.0001266139826903,0.8769921650528572,-0.0016376370927422,0.2375414818525314,9.569525718688963e-05,0.7603333333333333,-0.0506666666666666,,,-0.0015999999999999
celeba,iid,20,123,4,12,0.8998,-0.0007999999999999,0.4935555555555555,-0.0027802205936783,0.9687566023851084,-0.0003693160290111,0.8769921650528572,-0.0001981540882218,0.2375414818525314,-0.0016009509563446,0.7603333333333333,-0.0548888888888889,,,-0.0007999999999999
celeba,iid,20,123,4,13,0.8998,0.0002,0.4935555555555555,0.0028930388814781,0.9687566023851084,-0.0011193599396333,0.8769921650528572,-0.0009680072855198,0.2375414818525314,0.0023018270730972,0.7603333333333333,0.0197333333333333,,,0.0002
celeba,iid,20,123,4,14,0.8998,0.0,0.4935555555555555,0.003002099231928,0.9687566023851084,0.0004002569974425,0.8769921650528572,0.0004464198714815,0.2375414818525314,0.000839352607727,0.7603333333333333,-0.0084666666666664,,,0.0
celeba,iid,20,123,4,15,0.8998,0.0008,0.4935555555555555,0.0005633419849214,0.9687566023851084,0.0015869201448625,0.8769921650528572,-0.0001241328916299,0.2375414818525314,-0.0007308423519134,0.7603333333333333,-0.0059333333333333,,,0.0008
celeba,iid,20,123,4,16,0.8998,-0.001,0.4935555555555555,0.003546674560884,0.9687566023851084,-0.0013700789002765,0.8769921650528572,-0.0022332457033725,0.2375414818525314,-0.0004111528396606,0.7603333333333333,0.0437222222222219,,,-0.001
celeba,iid,20,123,4,17,0.8998,-0.0005999999999999,0.4935555555555555,0.0002192605755466,0.9687566023851084,-0.0003505617266188,0.8769921650528572,-0.0002232099357408,0.2375414818525314,-0.0010749846696853,0.7603333333333333,-0.0185333333333332,,,-0.0005999999999999
celeba,iid,20,123,4,18,0.8998,-0.0011999999999999,0.4935555555555555,0.0007697619928473,0.9687566023851084,0.0004262289192784,0.8769921650528572,0.000744797349779,0.2375414818525314,-0.0007410943508148,0.7603333333333333,0.0029777777777777,,,-0.0011999999999999
celeba,iid,20,123,4,19,0.8998,-0.0007999999999999,0.4935555555555555,-0.0026683449331161,0.9687566023851084,0.0005866961365864,0.8769921650528572,-0.0032752741854843,0.2375414818525314,-0.0001923590898513,0.7603333333333333,0.037711111111111,,,-0.0007999999999999
celeba,iid,20,123,5,0,0.9004,-0.0001999999999999,0.495779653487339,0.0029970641024844,0.9700251532909904,-0.0027443275522698,0.8778360394467473,-0.0024815114866321,0.2316842824220657,0.0009370595216751,0.7949999999999999,0.0203999999999997,,,-0.0001999999999999
celeba,iid,20,123,5,1,0.9004,-0.0001999999999999,0.495779653487339,0.0053309640159928,0.9700251532909904,-0.0020202555634836,0.8778360394467473,-0.0023573785950024,0.2316842824220657,0.0018252432346343,0.7949999999999999,-0.0151333333333334,,,-0.0001999999999999
celeba,iid,20,123,5,2,0.9004,-0.001,0.495779653487339,0.0014375190298284,0.9700251532909904,0.0016504006714829,0.8778360394467473,0.001786825831891,0.2316842824220657,-0.0006790161132812,0.7949999999999999,0.0113555555555555,,,-0.001
celeba,iid,20,123,5,3,0.9004,-0.0021999999999999,0.495779653487339,-0.0030016449837445,0.9700251532909904,0.0018129246692001,0.8778360394467473,0.0022833573984104,0.2316842824220657,-0.0029616504907608,0.7949999999999999,0.0314888888888886,,,-0.0021999999999999
celeba,iid,20,123,5,4,0.9004,-0.0006,0.495779653487339,0.0054355913341758,0.9700251532909904,0.0022370968080693,0.8778360394467473,0.0024815114866322,0.2316842824220657,-0.0012367665767669,0.7949999999999999,0.0003333333333332,,,-0.0006
celeba,iid,20,123,5,5,0.9004,0.0005999999999999,0.495779653487339,0.0012253080772478,0.9700251532909904,-0.0025951365860211,0.8778360394467473,-0.002605644378262,0.2316842824220657,0.0018465816974639,0.7949999999999999,0.0775333333333332,,,0.0005999999999999
celeba,iid,20,123,5,6,0.9004,-0.0024,0.495779653487339,-0.0008973513863872,0.9700251532909904,0.0029745018283242,0.8778360394467473,0.0035736516637819,0.2316842824220657,-0.0023345053195953,0.7949999999999999,0.0091666666666665,,,-0.0024
celeba,iid,20,123,5,7,0.9004,-0.0008,0.495779653487339,0.0047696645861181,0.9700251532909904,-0.0020072696025656,0.8778360394467473,-0.0015135042011122,0.2316842824220657,-5.751848220825195e-05,0.7949999999999999,0.0628666666666666,,,-0.0008
celeba,iid,20,123,5,8,0.9004,-0.002,0.495779653487339,-0.0043311375607443,0.9700251532909904,0.0023640578613103,0.8778360394467473,0.0033253858805222,0.2316842824220657,-0.0030522495508193,0.7949999999999999,0.0591111111111108,,,-0.002
celeba,iid,20,123,5,9,0.9004,-0.0001999999999999,0.495779653487339,-0.0010002710074422,0.9700251532909904,-0.0033042769535813,0.8778360394467473,-0.0029780430531516,0.2316842824220657,0.0032296776771545,0.7949999999999999,0.0126555555555556,,,-0.0001999999999999
celeba,iid,20,123,5,10,0.9004,-0.0004,0.495779653487339,0.0057707724926675,0.9700251532909904,-0.0038156774494984,0.8778360394467473,-0.0033253858805222,0.2316842824220657,0.0029200166463851,0.7949999999999999,0.0006888888888889,,,-0.0004
celeba,iid,20,123,5,11,0.9004,-0.0004,0.495779653487339,-0.0008899735108848,0.9700251532909904,0.000524386456835,0.8778360394467473,0.0004965315665194,0.2316842824220657,-0.0010211467742919,0.7949999999999999,0.0204111111111111,,,-0.0004
celeba,iid,20,123,5,12,0.9004,-0.0018,0.495779653487339,-0.000340940615964,0.9700251532909904,0.0010758667194958,0.8778360394467473,0.0016626929402612,0.2316842824220657,-0.0007317662239074,0.7949999999999999,0.0413666666666667,,,-0.0018
celeba,iid,20,123,5,13,0.9004,-0.0001999999999999,0.495779653487339,0.004107434966353,0.9700251532909904,-0.0012979739568937,0.8778360394467473,-0.0027297772698918,0.2316842824220657,0.0028301924467086,0.7949999999999999,-0.0109111111111113,,,-0.0001999999999999
celeba,iid,20,123,5,14,0.9004,0.0,0.495779653487339,0.0048867170146601,0.9700251532909904,-0.0025731791377903,0.8778360394467473,-0.0032012529888924,0.2316842824220657,0.0029368102550506,0.7949999999999999,-0.0005333333333332,,,0.0
celeba,iid,20,123,5,15,0.9004,-0.0011999999999999,0.495779653487339,0.0019908336115626,0.9700251532909904,-0.0030468792364839,0.8778360394467473,-0.002580588530743,0.2316842824220657,0.0005142837762832,0.7949999999999999,0.0225666666666664,,,-0.0011999999999999
celeba,iid,20,123,5,16,0.9004,-0.0026,0.495779653487339,-0.0012303132900696,0.9700251532909904,0.0023284949168339,0.8778360394467473,0.0029780430531516,0.2316842824220657,-0.0026950687170028,0.7949999999999999,0.0478666666666665,,,-0.0026
celeba,iid,20,123,5,17,0.9004,-0.0008,0.495779653487339,0.0002181798965711,0.9700251532909904,-8.188775846218466e-05,0.8778360394467473,0.0002482657832597,0.2316842824220657,-0.0013502538204193,0.7949999999999999,0.0239111111111109,,,-0.0008
celeba,iid,20,123,5,18,0.9004,-0.0016,0.495779653487339,-0.0011161336523506,0.9700251532909904,0.0031821797931582,0.8778360394467473,0.0037718057520037,0.2316842824220657,-0.0005645304918289,0.7949999999999999,0.0206666666666666,,,-0.0016
celeba,iid,20,123,5,19,0.9004,-0.0004,0.495779653487339,0.001552300023751,0.9700251532909904,-0.0018539088846002,0.8778360394467473,-0.0016376370927421,0.2316842824220657,0.0009556412696838,0.7949999999999999,0.0350222222222222,,,-0.0004
celeba,iid,20,123,6,0,0.9,-0.0003999999999999,0.4748888888888889,0.0017658324695197,0.9669412421554896,-0.001359317030767,0.874412722868079,-0.0013153501128905,0.232632964849472,0.0010505318641662,0.8004222222222221,-0.0544444444444445,,,-0.0003999999999999
celeba,iid,20,123,6,1,0.9,-0.0005999999999999,0.4748888888888889,0.006534458509142,0.9669412421554896,8.223482901270618e-05,0.874412722868079,0.0002232099357407,0.232632964849472,0.0016950070858001,0.8004222222222221,0.0344888888888887,,,-0.0005999999999999
celeba,iid,20,123,6,2,0.9,-0.0011999999999999,0.4748888888888889,0.0006323420624353,0.9669412421554896,-0.0003886091943928,0.874412722868079,-0.0001981540882217,0.232632964849472,-0.0016211420297622,0.8004222222222221,-0.0021333333333335,,,-0.0011999999999999
celeba,iid,20,123,6,3,0.9,-0.001,0.4748888888888889,-0.0021366383031199,0.9669412421554896,-0.0023139910384963,0.874412722868079,-0.0023072668999643,0.232632964849472,-0.0006612837314605,0.8004222222222221,-0.0245999999999999,,,-0.001
celeba,iid,20,123,6,4,0.9,0.0,0.4748888888888889,0.0028888888888889,0.9669412421554896,0.0020983206407795,0.874412722868079,0.0018859028760018,0.232632964849472,-0.0008727312088012,0.8004222222222221,0.067222222222222,,,0.0
celeba,iid,20,123,6,5,0.9,0.0001999999999999,0.4748888888888889,0.0030062483020918,0.9669412421554896,-0.0009577218754561,0.874412722868079,-0.0009680072855199,0.232632964849472,0.0010325610637664,0.8004222222222221,-0.0298222222222221,,,0.0001999999999999
celeba,iid,20,123,6,6,0.9,-0.0033999999999999,0.4748888888888889,-0.0035259882419501,0.9669412421554896,0.0038699140240291,0.874412722868079,0.0043435048610801,0.232632964849472,-0.0037672668695449,0.8004222222222221,0.0511111111111111,,,-0.0033999999999999
celeba,iid,20,123,6,7,0.9,-0.0008,0.4748888888888889,0.0028640221038089,0.9669412421554896,-0.0019479588276618,0.874412722868079,-0.0019599240725937,0.232632964849472,-0.0007773786783218,0.8004222222222221,-0.0174888888888891,,,-0.0008
celeba,iid,20,123,6,8,0.9,-0.0021999999999999,0.4748888888888889,-0.0034972782580851,0.9669412421554896,0.0006325932076837,0.874412722868079,0.0010181189805579,0.232632964849472,-0.0035228580236434,0.8004222222222221,-0.0011333333333334,,,-0.0021999999999999
celeba,iid,20,123,6,9,0.9,-0.001,0.4748888888888889,-0.0014707115550622,0.9669412421554896,-0.000591342594071,0.874412722868079,-0.0001491887391488,0.232632964849472,0.0023698210716247,0.8004222222222221,0.0233333333333334,,,-0.001
celeba,iid,20,123,6,10,0.9,-0.0005999999999999,0.4748888888888889,0.0076448293730105,0.9669412421554896,-0.0021506922273398,0.874412722868079,-0.0019109587235208,0.232632964849472,0.0023144483566284,0.8004222222222221,-0.0350777777777777,,,-0.0005999999999999
celeba,iid,20,123,6,11,0.9,-0.0003999999999999,0.4748888888888889,-0.0033430080458067,0.9669412421554896,-0.0010901041996208,0.874412722868079,-0.000818818546371,0.232632964849472,-0.0009333044290542,0.8004222222222221,0.010822222222222,,,-0.0003999999999999
celeba,iid,20,123,6,12,0.9,-0.0001999999999999,0.4748888888888889,0.0009941988200152,0.9669412421554896,-0.0003660322108345,0.874412722868079,-0.0003473428273705,0.232632964849472,0.0001403987407684,0.8004222222222221,0.0139333333333331,,,-0.0001999999999999
celeba,iid,20,123,6,13,0.9,-0.0005999999999999,0.4748888888888889,0.0014267525353468,0.9669412421554896,0.0007787363062055,0.874412722868079,0.0009178955904819,0.232632964849472,0.0026999711990356,0.8004222222222221,0.0783222222222221,,,-0.0005999999999999
celeba,iid,20,123,6,14,0.9,0.0001999999999999,0.4748888888888889,0.0025617050702625,0.9669412421554896,-0.0008904186676695,0.874412722868079,-0.0008438743938899,0.232632964849472,0.0017746984958648,0.8004222222222221,-0.0163555555555556,,,0.0001999999999999
celeba,iid,20,123,6,15,0.9,0.0006,0.4748888888888889,0.0030187532429026,0.9669412421554896,-0.000429512737455,0.874412722868079,-0.0005956086106302,0.232632964849472,0.0008874386548995,0.8004222222222221,0.0402444444444443,,,0.0006
celeba,iid,20,123,6,16,0.9,-0.004,0.4748888888888889,0.0006689287207101,0.9669412421554896,-0.0011933980947722,0.874412722868079,0.0001002233900758,0.232632964849472,-0.0026145130395889,0.8004222222222221,-0.0482444444444443,,,-0.004
celeba,iid,20,123,6,17,0.9,-0.0005999999999999,0.4748888888888889,-0.0007939891923902,0.9669412421554896,-0.0022872443032212,0.874412722868079,-0.0021091128117426,0.232632964849472,-0.000393733382225,0.8004222222222221,-0.0357333333333333,,,-0.0005999999999999
celeba,iid,20,123,6,18,0.9,-0.0011999999999999,0.4748888888888889,0.0039612368693594,0.9669412421554896,-0.0001174507029384,0.874412722868079,0.0002482657832597,0.232632964849472,0.0005254596471786,0.8004222222222221,-0.0216888888888888,,,-0.0011999999999999
celeba,iid,20,123,6,19,0.9,0.0008,0.4748888888888889,0.0018017002767892,0.9669412421554896,-0.0027129343595102,0.874412722868079,-0.0028288543140028,0.232632964849472,0.0021176189184188,0.8004222222222221,0.035111111111111,,,0.0008
celeba,iid,20,123,7,0,0.9024,0.0,0.4762854609929078,-0.0028812056737588,0.9629902641493168,0.0002799747006556,0.8698961197662961,0.0002482657832597,0.2297892570495605,-0.0007468461990356,0.6640444444444444,-0.1461222222222222,,,0.0
celeba,iid,20,123,7,1,0.9024,0.0,0.4762854609929078,0.0033244680851063,0.9629902641493168,-0.0010525955948362,0.8698961197662961,-0.0008689302414089,0.2297892570495605,0.00155471265316,0.6640444444444444,-0.0631555555555554,,,0.0
celeba,iid,20,123,7,2,0.9024,-0.0016,0.4762854609929078,-0.0011481673256762,0.9629902641493168,0.0021472166167244,0.8698961197662961,0.0025065673341512,0.2297892570495605,-0.0025916248559951,0.6640444444444444,-0.181,,,-0.0016
celeba,iid,20,123,7,3,0.9024,-0.001,0.4762854609929078,0.0038480025027595,0.9629902641493168,-0.0020428325470419,0.8698961197662961,-0.0018608470284829,0.2297892570495605,-0.0004621595144271,0.6640444444444444,-0.1209333333333331,,,-0.001
celeba,iid,20,123,7,4,0.9024,-0.0004,0.4762854609929078,-0.000896639140012,0.9629902641493168,-0.0014958691066484,0.8698961197662961,-0.0015135042011124,0.2297892570495605,-0.001685082912445,0.6640444444444444,-0.1705777777777777,,,-0.0004
celeba,iid,20,123,7,5,0.9024,0.0005999999999999,0.4762854609929078,-0.0012040045205098,0.9629902641493168,-0.0002929606615736,0.8698961197662961,-0.0003974545224084,0.2297892570495605,0.0006002932786941,0.6640444444444444,-0.0391888888888889,,,0.0005999999999999
celeba,iid,20,123,7,6,0.9024,-0.001,0.4762854609929078,-0.0012438726356066,0.9629902641493168,-0.0003025516842141,0.8698961197662961,-9.90770441109401e-05,0.2297892570495605,-0.00059375166893,0.6640444444444444,-0.1431777777777778,,,-0.001
celeba,iid,20,123,7,7,0.9024,0.0008,0.4762854609929078,0.0013520093513815,0.9629902641493168,-0.0019491296745309,0.8698961197662961,-0.0020100357676317,0.2297892570495605,0.0013083070516586,0.6640444444444444,-0.029311111111111,,,0.0008
celeba,iid,20,123,7,8,0.9024,-0.0014,0.4762854609929078,-0.0016963933996568,0.9629902641493168,0.0011983109504695,0.8698961197662961,0.0013404059604094,0.2297892570495605,-0.0025272518396377,0.6640444444444444,-0.0646666666666664,,,-0.0014
celeba,iid,20,123,7,9,0.9024,0.001,0.4762854609929078,0.0032435262247693,0.9629902641493168,-0.0032629456676306,0.8698961197662961,-0.0031522876398194,0.2297892570495605,0.0047021955251693,0.6640444444444444,-0.1512,,,0.001
celeba,iid,20,123,7,10,0.9024,0.0,0.4762854609929078,0.007313829787234,0.9629902641493168,-0.0018944653571116,0.8698961197662961,-0.0015636158961501,0.2297892570495605,0.002316728234291,0.6640444444444444,-0.1779333333333332,,,0.0
celeba,iid,20,123,7,11,0.9024,-0.0014,0.4762854609929078,-0.0032454086685217,0.9629902641493168,-0.003558279732401,0.8698961197662961,-0.0029279313581137,0.2297892570495605,-0.0010551065206527,0.6640444444444444,-0.0654222222222222,,,-0.0014
celeba,iid,20,123,7,12,0.9024,-0.0004,0.4762854609929078,-0.000896639140012,0.9629902641493168,0.0015593496332688,0.8698961197662961,0.001761769984372,0.2297892570495605,-0.0016811490058898,0.6640444444444444,-0.0753333333333332,,,-0.0004
celeba,iid,20,123,7,13,0.9024,0.0001999999999999,0.4762854609929078,0.0029979415958782,0.9629902641493168,0.0011317825561221,0.8698961197662961,0.0011160496787038,0.2297892570495605,0.0023049265146255,0.6640444444444444,-0.1217333333333332,,,0.0001999999999999
celeba,iid,20,123,7,14,0.9024,0.0003999999999999,0.4762854609929078,0.0064406716359233,0.9629902641493168,-0.002264667319663,0.8698961197662961,-0.0022583015508913,0.2297892570495605,0.0006204098463058,0.6640444444444444,-0.1356111111111111,,,0.0003999999999999
celeba,iid,20,123,7,15,0.9024,-0.0006,0.4762854609929078,0.0051891154779576,0.9629902641493168,-0.0020160858117669,0.8698961197662961,-0.0016626929402611,0.2297892570495605,0.000320166349411,0.6640444444444444,-0.0904888888888888,,,-0.0006
celeba,iid,20,123,7,16,0.9024,-0.0006,0.4762854609929078,0.0038602118234726,0.9629902641493168,-0.0018034143188977,0.8698961197662961,-0.0015385600486312,0.2297892570495605,-8.535385131835938e-05,0.6640444444444444,-0.1872222222222221,,,-0.0006
celeba,iid,20,123,7,17,0.9024,-0.0018,0.4762854609929078,-0.0039180338091271,0.9629902641493168,0.0015685129130207,0.8698961197662961,0.0020350916151506,0.2297892570495605,-0.0021740198135375,0.6640444444444444,-0.0442,,,-0.0018
celeba,iid,20,123,7,18,0.9024,-0.0004,0.4762854609929078,0.0002110259020792,0.9629902641493168,0.0010755196489452,0.8698961197662961,0.0011912172212606,0.2297892570495605,-0.0005659461021423,0.6640444444444444,-0.122311111111111,,,-0.0004
celeba,iid,20,123,7,19,0.9024,-0.0001999999999999,0.4762854609929078,0.005201924542653,0.9629902641493168,-0.0021151292828637,0.8698961197662961,-0.0019109587235207,0.2297892570495605,0.001563012599945,0.6640444444444444,-0.0543777777777776,,,-0.0001999999999999
celeba,iid,20,123,8,0,0.9072,0.0023999999999999,0.4672546857772878,0.0039478776428935,0.9653766325959728,-0.0033405340391587,0.870862980705851,-0.0042683373185232,0.2241937071084976,0.0025039315223693,0.7641777777777778,-0.0091333333333332,,,0.0023999999999999
celeba,iid,20,123,8,1,0.9072,0.0,0.4672546857772878,0.0058349326908679,0.9653766325959728,-0.0022497356984366,0.870862980705851,-0.0025065673341512,0.2241937071084976,0.0015943348407745,0.7641777777777778,0.0330333333333334,,,0.0
celeba,iid,20,123,8,2,0.9072,-0.0018,0.4672546857772878,-0.003592398931183,0.9653766325959728,0.003648079251408,0.870862980705851,0.0035987075113008,0.2241937071084976,-0.002842903137207,0.7641777777777778,0.0540333333333333,,,-0.0018
celeba,iid,20,123,8,3,0.9072,0.0001999999999999,0.4672546857772878,-0.0050716648291069,0.9653766325959728,0.0009179891792631,0.870862980705851,0.0002733216307786,0.2241937071084976,-0.0006271004676818,0.7641777777777778,0.0703222222222224,,,0.0001999999999999
celeba,iid,20,123,8,4,0.9072,-0.0001999999999999,0.4672546857772878,0.0048345843887049,0.9653766325959728,-0.001224710615194,0.870862980705851,-0.0014144271570014,0.2241937071084976,-8.243322372436523e-05,0.7641777777777778,-0.0250999999999999,,,-0.0001999999999999
celeba,iid,20,123,8,5,0.9072,0.0016,0.4672546857772878,0.0003818942578531,0.9653766325959728,0.0004161797059863,0.870862980705851,-0.0003723986748896,0.2241937071084976,-0.0009180903434753,0.7641777777777778,0.0362222222222221,,,0.0016
celeba,iid,20,123,8,6,0.9072,0.001,0.4672546857772878,-0.0015160050194458,0.9653766325959728,-0.0008857722101851,0.870862980705851,-0.0017367141368531,0.2241937071084976,-0.0003304481506347,0.7641777777777778,0.0266888888888889,,,0.001
celeba,iid,20,123,8,7,0.9072,-0.0003999999999999,0.4672546857772878,-0.0011164845996132,0.9653766325959728,9.904347109679355e-05,0.870862980705851,0.0002482657832596,0.2241937071084976,-0.0012557953596115,0.7641777777777778,0.0189111111111111,,,-0.0003999999999999
celeba,iid,20,123,8,8,0.9072,-0.0016,0.4672546857772878,-0.002375595912853,0.9653766325959728,0.0002535750359312,0.870862980705851,0.0001742445866677,0.2241937071084976,-0.0015551596879959,0.7641777777777778,0.0159333333333335,,,-0.0016
celeba,iid,20,123,8,9,0.9072,0.0026,0.4672546857772878,0.0034032597326271,0.9653766325959728,-0.0040270974231605,0.870862980705851,-0.0047899247325616,0.2241937071084976,0.0048419088125228,0.7641777777777778,0.0596888888888889,,,0.0026
celeba,iid,20,123,8,10,0.9072,0.0013999999999999,0.4672546857772878,0.0030320709362984,0.9653766325959728,-0.0039062517819445,0.870862980705851,-0.0041191485793745,0.2241937071084976,0.0014803856611251,0.7641777777777778,-0.0239555555555555,,,0.0013999999999999
celeba,iid,20,123,8,11,0.9072,-0.001,0.4672546857772878,-0.0042273666340753,0.9653766325959728,0.0010716969677792,0.870862980705851,0.0009680072855198,0.2241937071084976,-0.0015617758035659,0.7641777777777778,-0.0232444444444444,,,-0.001
celeba,iid,20,123,8,12,0.9072,0.0006,0.4672546857772878,-0.0068242906180353,0.9653766325959728,-0.0024012193955442,0.870862980705851,-0.0028037984664839,0.2241937071084976,-0.0010032802820205,0.7641777777777778,0.0700222222222222,,,0.0006
celeba,iid,20,123,8,13,0.9072,0.0021999999999999,0.4672546857772878,0.0025033045618181,0.9653766325959728,0.0001124571749032,0.870862980705851,-0.0005215874140385,0.2241937071084976,0.0021757334470748,0.7641777777777778,0.0924666666666667,,,0.0021999999999999
celeba,iid,20,123,8,14,0.9072,0.0008,0.4672546857772878,0.0063102903668729,0.9653766325959728,-0.0027970462093808,0.870862980705851,-0.0033253858805222,0.2241937071084976,0.0007339715957641,0.7641777777777778,0.0424555555555556,,,0.0008
celeba,iid,20,123,8,15,0.9072,0.0006,0.4672546857772878,0.0004556564368951,0.9653766325959728,-0.0034342369116698,0.870862980705851,-0.0041191485793745,0.2241937071084976,2.306699752807617e-05,0.7641777777777778,0.018388888888889,,,0.0006
celeba,iid,20,123,8,16,0.9072,0.0003999999999999,0.4672546857772878,-0.0001030557313138,0.9653766325959728,0.0025316560594007,0.870862980705851,0.0020100357676315,0.2241937071084976,-0.0007824450731277,0.7641777777777778,-0.0602222222222221,,,0.0003999999999999
celeba,iid,20,123,8,17,0.9072,-0.001,0.4672546857772878,0.0005145976715609,0.9653766325959728,-0.0037831134098696,0.870862980705851,-0.0043173026675962,0.2241937071084976,-0.0007798820734024,0.7641777777777778,-0.0683222222222221,,,-0.001
celeba,iid,20,123,8,18,0.9072,0.0001999999999999,0.4672546857772878,-0.0019845644983461,0.9653766325959728,-0.0005511331921101,0.870862980705851,-0.0010420284821118,0.2241937071084976,-0.0008620172739028,0.7641777777777778,0.0168222222222222,,,0.0001999999999999
celeba,iid,20,123,8,19,0.9072,0.0008,0.4672546857772878,0.0018972277013831,0.9653766325959728,0.0001996855319511,0.870862980705851,-0.0003723986748896,0.2241937071084976,0.000734120607376,0.7641777777777778,0.0048555555555556,,,0.0008
celeba,iid,20,123,9,0,0.9036,-0.0004,0.4555112881806109,0.0024139430478675,0.9616719116573784,-0.0001028661522629,0.8675899992122966,-0.0001241328916297,0.2310128211975097,0.0009134411811828,0.7256444444444443,-0.0210555555555558,,,-0.0004
celeba,iid,20,123,9,1,0.9036,0.0013999999999999,0.4555112881806109,0.005056843489855,0.9616719116573784,0.0010365617661913,0.8675899992122966,0.0007436510038142,0.2310128211975097,0.0034135431051254,0.7256444444444443,-0.0508444444444444,,,0.0013999999999999
celeba,iid,20,123,9,2,0.9036,-0.0014,0.4555112881806109,-0.0081351206591681,0.9616719116573784,0.0011875490809599,0.8675899992122966,0.0015886717436692,0.2310128211975097,-0.003690093755722,0.7256444444444443,-0.0021333333333335,,,-0.0014
celeba,iid,20,123,9,3,0.9036,-0.0014,0.4555112881806109,0.0020306251971855,0.9616719116573784,-0.0013253526760483,0.8675899992122966,-0.0007937626988521,0.2310128211975097,-0.0008999556303024,0.7256444444444443,0.0393777777777777,,,-0.0014
celeba,iid,20,123,9,4,0.9036,-0.0004,0.4555112881806109,0.0052900492425578,0.9616719116573784,-0.0005282091380012,0.8675899992122966,-0.0003723986748895,0.2310128211975097,-0.0007958263158798,0.7256444444444443,0.0516666666666663,,,-0.0004
celeba,iid,20,123,9,5,0.9036,0.0017999999999999,0.4555112881806109,0.0039699264596084,0.9616719116573784,-0.0027468987142289,0.8675899992122966,-0.0033504417280412,0.2310128211975097,0.0019040256738662,0.7256444444444443,-0.0157333333333333,,,0.0017999999999999
celeba,iid,20,123,9,6,0.9036,-0.0004,0.4555112881806109,-0.001347118899035,0.9616719116573784,-0.0011485911982062,0.8675899992122966,-0.0011411055262227,0.2310128211975097,-0.0010125786066055,0.7256444444444443,-0.0910666666666668,,,-0.0004
celeba,iid,20,123,9,7,0.9036,-0.0008,0.4555112881806109,0.0015086344875547,0.9616719116573784,-0.0011841541426825,0.8675899992122966,-0.0011411055262227,0.2310128211975097,-0.0002404302358627,0.7256444444444443,-0.0397333333333334,,,-0.0008
celeba,iid,20,123,9,8,0.9036,-0.0002,0.4555112881806109,-0.0003417766567425,0.9616719116573784,4.854890539418566e-05,0.8675899992122966,0.0001491887391489,0.2310128211975097,-0.0007230788469314,0.7256444444444443,0.0231999999999996,,,-0.0002
celeba,iid,20,123,9,9,0.9036,0.0001999999999999,0.4555112881806109,0.0034413302439273,0.9616719116573784,0.0011317825561221,0.8675899992122966,0.0011160496787039,0.2310128211975097,0.0033824890851974,0.7256444444444443,0.0164777777777778,,,0.0001999999999999
celeba,iid,20,123,9,10,0.9036,0.001,0.4555112881806109,-0.0011694120188129,0.9616719116573784,-0.0002593433774056,0.8675899992122966,-0.0003473428273705,0.2310128211975097,-0.0003628432750701,0.7256444444444443,0.0105888888888887,,,0.001
celeba,iid,20,123,9,11,0.9036,-0.0004,0.4555112881806109,0.0004227926053896,0.9616719116573784,-0.0015739341839445,0.8675899992122966,-0.0013893713094823,0.2310128211975097,-0.0012349635362625,0.7256444444444443,-0.0683555555555555,,,-0.0004
celeba,iid,20,123,9,12,0.9036,-0.001,0.4555112881806109,-0.0041393861505851,0.9616719116573784,-0.0014136342776357,0.8675899992122966,-0.0012902942653715,0.2310128211975097,2.306699752807617e-05,0.7256444444444443,-0.0075000000000002,,,-0.001
celeba,iid,20,123,9,13,0.9036,-0.0006,0.4555112881806109,0.012688903752387,0.9616719116573784,0.0007787363062055,0.8675899992122966,0.000917895590482,0.2310128211975097,0.0016578882932662,0.7256444444444443,-0.0162555555555556,,,-0.0006
celeba,iid,20,123,9,14,0.9036,-0.0008,0.4555112881806109,0.0037200453676963,0.9616719116573784,-0.0002837973818218,0.8675899992122966,-0.0001241328916297,0.2310128211975097,-9.614229202270508e-05,0.7256444444444443,0.0686222222222221,,,-0.0008
celeba,iid,20,123,9,15,0.9036,0.0015999999999999,0.4555112881806109,0.0007441041451342,0.9616719116573784,-0.0016526247628914,0.8675899992122966,-0.0021842803542994,0.2310128211975097,0.0027049332857131,0.7256444444444443,-0.0402777777777778,,,0.0015999999999999
celeba,iid,20,123,9,16,0.9036,-0.001,0.4555112881806109,-0.0039182939551396,0.9616719116573784,-0.0028866479696255,0.8675899992122966,-0.0025054209881861,0.2310128211975097,-0.0031124502420425,0.7256444444444443,0.0335888888888886,,,-0.001
celeba,iid,20,123,9,17,0.9036,-0.0008,0.4555112881806109,-0.0031353283607424,0.9616719116573784,-0.0025771570970681,0.8675899992122966,-0.002530476835705,0.2310128211975097,-0.0022224336862564,0.7256444444444443,-0.0399444444444445,,,-0.0008
celeba,iid,20,123,9,18,0.9036,-0.0006,0.4555112881806109,-0.0005824963803269,0.9616719116573784,-0.0006923317254761,0.8675899992122966,-0.0003473428273705,0.2310128211975097,0.000435322523117,0.7256444444444443,-0.0148222222222225,,,-0.0006
celeba,iid,20,123,9,19,0.9036,-0.0002,0.4555112881806109,-0.0036610950900242,0.9616719116573784,-0.0025901430579861,0.8675899992122966,-0.0026796655748539,0.2310128211975097,-0.0001657456159591,0.7256444444444443,0.0083111111111109,,,-0.0002
celeba,iid,20,123,10,0,0.9054,0.0005999999999999,0.4395847139385906,0.0034662347166631,0.9610602968434956,-0.0002929606615736,0.8669442789066284,-0.0003974545224083,0.2305650562047958,0.0023074597120285,0.7913888888888889,-0.0471555555555556,,,0.0005999999999999
celeba,iid,20,123,10,1,0.9054,0.0013999999999999,0.4395847139385906,0.0030802891598296,0.9610602968434956,-0.0011221915334816,0.8669442789066284,-0.0014144271570013,0.2305650562047958,0.0004602670669555,0.7913888888888889,-0.0325999999999999,,,0.0013999999999999
celeba,iid,20,123,10,2,0.9054,-0.0004,0.4395847139385906,0.0057141023245478,0.9610602968434956,0.0025358258111174,0.8669442789066284,0.0027047214223729,0.2305650562047958,-0.0018200874328613,0.7913888888888889,0.0002888888888887,,,-0.0004
celeba,iid,20,123,10,3,0.9054,-0.0008,0.4395847139385906,-0.0024810552072932,0.9610602968434956,0.0015237866887926,0.8669442789066284,0.001761769984372,0.2305650562047958,-0.0012976676225662,0.7913888888888889,-0.0031000000000001,,,-0.0008
celeba,iid,20,123,10,4,0.9054,0.0005999999999999,0.4395847139385906,0.0008137148227639,0.9610602968434956,0.000529331021991,0.8669442789066284,0.0007436510038143,0.2305650562047958,0.0019683837890625,0.7913888888888889,-0.0318888888888888,,,0.0005999999999999
celeba,iid,20,123,10,5,0.9054,0.0005999999999999,0.4395847139385906,0.0001505848492892,0.9610602968434956,0.0011653998402901,0.8669442789066284,0.0011661613737418,0.2305650562047958,-0.0012151300907135,0.7913888888888889,0.0004222222222223,,,0.0005999999999999
celeba,iid,20,123,10,6,0.9054,-0.0014,0.4395847139385906,-0.00439411270455,0.9610602968434956,0.0031512633061665,0.8669442789066284,0.0032263088364115,0.2305650562047958,-0.0015674233436584,0.7913888888888889,-0.0462,,,-0.0014
celeba,iid,20,123,10,7,0.9054,-0.001,0.4395847139385906,-0.0037074308098647,0.9610602968434956,-0.0014155799379439,0.8669442789066284,-0.0012401825703336,0.2305650562047958,-0.0024859756231307,0.7913888888888889,0.0314555555555555,,,-0.001
celeba,iid,20,123,10,8,0.9054,-0.0006,0.4395847139385906,-0.0036823942291797,0.9610602968434956,-0.0016688079033245,0.8669442789066284,-0.0012902942653714,0.2305650562047958,0.0012773722410202,0.7913888888888889,-0.021011111111111,,,-0.0006
celeba,iid,20,123,10,9,0.9054,0.001,0.4395847139385906,-0.005130014057871,0.9610602968434956,0.0001659996083327,0.8669442789066284,-9.907704411071804e-05,0.2305650562047958,-0.0001059919595718,0.7913888888888889,0.0412777777777777,,,0.001
celeba,iid,20,123,10,10,0.9054,0.0018,0.4395847139385906,0.0022230494852927,0.9610602968434956,0.0008663237666916,0.8669442789066284,0.0004714757190005,0.2305650562047958,0.0006764680147171,0.7913888888888889,0.0461888888888888,,,0.0018
celeba,iid,20,123,10,11,0.9054,0.0,0.4395847139385906,-0.0028716589352771,0.9610602968434956,-0.0013930029543856,0.8669442789066284,-0.0013893713094823,0.2305650562047958,-1.1980533599853516e-05,0.7913888888888889,0.0680444444444445,,,0.0
celeba,iid,20,123,10,12,0.9054,0.0008,0.4395847139385906,-0.0080280181569,0.9610602968434956,0.0011653998402901,0.8669442789066284,0.0006946856547414,0.2305650562047958,-1.6093254089355469e-06,0.7913888888888889,-0.0001111111111111,,,0.0008
celeba,iid,20,123,10,13,0.9054,0.0011999999999999,0.4395847139385906,0.0100337296430808,0.9610602968434956,0.002391232339474,0.8669442789066284,0.0026044980322972,0.2305650562047958,0.0031156092882156,0.7913888888888889,0.0415666666666667,,,0.0011999999999999
celeba,iid,20,123,10,14,0.9054,-0.0001999999999999,0.4395847139385906,0.0062808270127956,0.9610602968434956,0.0029018580219519,0.8669442789066284,0.0030520642497436,0.2305650562047958,-0.0002060532569885,0.7913888888888889,0.0215,,,-0.0001999999999999
celeba,iid,20,123,10,15,0.9054,0.0011999999999999,0.4395847139385906,-1.7055972913793127e-05,0.9610602968434956,0.0016549981660881,0.8669442789066284,0.0010909938311849,0.2305650562047958,0.0012392103672027,0.7913888888888889,0.0034222222222222,,,0.0011999999999999
celeba,iid,20,123,10,16,0.9054,-0.0011999999999999,0.4395847139385906,-0.0022860118500702,0.9610602968434956,0.0004513149075742,0.8669442789066284,0.0005466432615572,0.2305650562047958,-0.0035372674465179,0.7913888888888889,0.0194333333333334,,,-0.0011999999999999
celeba,iid,20,123,10,17,0.9054,0.002,0.4395847139385906,-0.0036298089748474,0.9610602968434956,-0.0014151521950553,0.8669442789066284,-0.0018118816794098,0.2305650562047958,0.0016098171472549,0.7913888888888889,-0.0654888888888889,,,0.002
celeba,iid,20,123,10,18,0.9054,-0.0001999999999999,0.4395847139385906,0.0012013217124422,0.9610602968434956,0.0008727862492672,0.8669442789066284,0.0012401825703336,0.2305650562047958,0.0004853308200836,0.7913888888888889,0.0435777777777777,,,-0.0001999999999999
celeba,iid,20,123,10,19,0.9054,-0.0014,0.4395847139385906,-0.0008652198946691,0.9610602968434956,0.0013241011568414,0.8669442789066284,0.0017868258318911,0.2305650562047958,-0.0010745227336883,0.7913888888888889,-0.0513666666666667,,,-0.0014
celeba,iid,20,2025,1,0,0.5246,0.0,1.0,0.0,1.0,0.0,1.0,0.0,0.6950746774673462,0.004742681980133,0.9427333333333334,-0.0166222222222223,0.999822,-6.4000000000064e-05,0.0
celeba,iid,20,2025,1,1,0.5246,0.0,1.0,0.0,1.0,0.0,1.0,0.0,0.6950746774673462,-0.0001011490821838,0.9427333333333334,0.0482777777777778,0.999822,1.399999999995849e-05,0.0
celeba,iid,20,2025,1,2,0.5246,0.0,1.0,0.0,1.0,0.0,1.0,0.0,0.6950746774673462,-0.0042580962181091,0.9427333333333334,0.0568666666666666,0.999822,1.6000000000016e-05,0.0
celeba,iid,20,2025,1,3,0.5246,0.0,1.0,0.0,1.0,0.0,1.0,0.0,0.6950746774673462,-0.0086023807525634,0.9427333333333334,0.0235777777777779,0.999822,2.199999999996649e-05,0.0
celeba,iid,20,2025,1,4,0.5246,0.0,1.0,0.0,1.0,0.0,1.0,0.0,0.6950746774673462,-0.0035824179649353,0.9427333333333334,0.0339444444444443,0.999822,1.6000000000016e-05,0.0
celeba,iid,20,2025,1,5,0.5246,0.0,1.0,0.0,1.0,0.0,1.0,0.0,0.6950746774673462,0.0221253633499145,0.9427333333333334,0.0445000000000002,0.999822,-0.000178,0.0
celeba,iid,20,2025,1,6,0.5246,-0.0002,1.0,0.0003810975609755,1.0,0.0003304692663581,1.0,0.0003473428273705,0.6950746774673462,-0.0040881633758544,0.9427333333333334,0.0920444444444443,0.999822,-0.000178,-0.0002
celeba,iid,20,2025,1,7,0.5246,0.0,1.0,0.0,1.0,0.0,1.0,0.0,0.6950746774673462,-0.0047540664672851,0.9427333333333334,0.003511111111111,0.999822,2.000000000002e-05,0.0
celeba,iid,20,2025,1,8,0.5246,0.0,1.0,0.0,1.0,0.0,1.0,0.0,0.6950746774673462,0.004996120929718,0.9427333333333334,0.1005888888888888,0.999822,-4.199999999998649e-05,0.0
celeba,iid,20,2025,1,9,0.5246,0.0,1.0,0.0,1.0,0.0,1.0,0.0,0.6950746774673462,-0.0006766319274902,0.9427333333333334,0.0579333333333336,0.999822,1.6000000000016e-05,0.0
celeba,iid,20,2025,1,10,0.5246,0.0,1.0,0.0,1.0,0.0,1.0,0.0,0.6950746774673462,0.0038208961486816,0.9427333333333334,0.0602777777777778,0.999822,-4.8000000000048e-05,0.0
celeba,iid,20,2025,1,11,0.5246,-0.0002,1.0,0.0003810975609755,1.0,0.0003304692663581,1.0,0.0003473428273705,0.6950746774673462,-0.0204664468765258,0.9427333333333334,0.0427777777777778,0.999822,-5.6000000000056005e-05,-0.0002
celeba,iid,20,2025,1,12,0.5246,0.0,1.0,0.0,1.0,0.0,1.0,0.0,0.6950746774673462,0.0100331306457519,0.9427333333333334,0.0202777777777778,0.999822,-0.0001579999999999,0.0
celeba,iid,20,2025,1,13,0.5246,0.0,1.0,0.0,1.0,0.0,1.0,0.0,0.6950746774673462,0.017204999923706,0.9427333333333334,0.0125333333333335,0.999822,-0.000178,0.0
celeba,iid,20,2025,1,14,0.5246,0.0,1.0,0.0,1.0,0.0,1.0,0.0,0.6950746774673462,0.0053820610046386,0.9427333333333334,0.0517111111111112,0.999822,-0.000116,0.0
celeba,iid,20,2025,1,15,0.5246,0.0,1.0,0.0,1.0,0.0,1.0,0.0,0.6950746774673462,0.0062971711158752,0.9427333333333334,0.0064222222222223,0.999822,-8.399999999997299e-05,0.0
celeba,iid,20,2025,1,16,0.5246,0.0,1.0,0.0,1.0,0.0,1.0,0.0,0.6950746774673462,-0.0020989179611206,0.9427333333333334,0.0061111111111111,0.999822,-2.000000000002e-05,0.0
celeba,iid,20,2025,1,17,0.5246,-0.0002,1.0,0.0003810975609755,1.0,0.0003304692663581,1.0,0.0003473428273705,0.6950746774673462,-0.0104759931564331,0.9427333333333334,0.0192888888888889,0.999822,-0.000176,-0.0002
celeba,iid,20,2025,1,18,0.5246,0.0,1.0,0.0,1.0,0.0,1.0,0.0,0.6950746774673462,-0.0039433240890502,0.9427333333333334,0.0210000000000001,0.999822,5.999999999950489e-06,0.0
celeba,iid,20,2025,1,19,0.5246,0.0,1.0,0.0,1.0,0.0,1.0,0.0,0.6950746774673462,0.0042078495025634,0.9427333333333334,0.0289111111111113,0.999822,-0.000128,0.0
celeba,iid,20,2025,2,0,0.8254,0.0016,0.6745820208383814,-0.0027668502468335,0.898936645978319,0.0019732366083964,0.8391201696461017,-7.402119659194462e-05,0.3774634003639221,0.0022605657577514,0.8450444444444445,0.0840777777777779,0.959532,0.0004399999999999,0.0016
celeba,iid,20,2025,2,1,0.8254,0.0021999999999999,0.6745820208383814,-0.0025316817855253,0.898936645978319,3.709289478348588e-05,0.8391201696461017,-0.0012401825703336,0.3774634003639221,0.0027317404747009,0.8450444444444445,0.0293555555555555,0.959532,0.000346,0.0021999999999999
celeba,iid,20,2025,2,2,0.8254,0.0038,0.6745820208383814,-0.0031200239522709,0.898936645978319,-0.0003553269478879,0.8391201696461017,-0.001884756530037,0.3774634003639221,0.0042686462402343,0.8450444444444445,0.0624555555555557,0.959532,0.000702,0.0038
celeba,iid,20,2025,2,3,0.8254,-0.0011999999999999,0.6745820208383814,-0.0028919689995087,0.898936645978319,0.0049313455046376,0.8391201696461017,0.000892839742963,0.3774634003639221,-0.0024860203266143,0.8450444444444445,0.0375777777777779,0.959532,0.0032700000000001,-0.0011999999999999
celeba,iid,20,2025,2,4,0.8254,-0.0058,0.6745820208383814,0.0059102210308741,0.898936645978319,0.0011890746420633,0.8391201696461017,-0.0014406293504852,0.3774634003639221,-0.0082787871360778,0.8450444444444445,-0.0042888888888887,0.959532,0.002704,-0.0058
celeba,iid,20,2025,2,5,0.8254,-0.0021999999999999,0.6745820208383814,0.0007477613554144,0.898936645978319,0.0033872745631455,0.8391201696461017,0.0023812880965563,0.3774634003639221,-0.0044904053211212,0.8450444444444445,0.0652222222222222,0.959532,-0.0001279999999999,-0.0021999999999999
celeba,iid,20,2025,2,6,0.8254,0.0041999999999999,0.6745820208383814,-0.0051549494490029,0.898936645978319,-0.0005045179141367,0.8391201696461017,-0.0029518408596678,0.3774634003639221,0.0038392841815948,0.8450444444444445,0.0396222222222222,0.959532,0.0009920000000001,0.0041999999999999
celeba,iid,20,2025,2,7,0.8254,-0.0028,0.6745820208383814,-0.0011001815281966,0.898936645978319,0.0006280153896496,0.8391201696461017,-0.0002983774782976,0.3774634003639221,-0.0030611157417297,0.8450444444444445,0.0559333333333333,0.959532,0.000356,-0.0028
celeba,iid,20,2025,2,8,0.8254,0.0056,0.6745820208383814,-0.0036321777466393,0.898936645978319,0.0002715785906592,0.8391201696461017,-0.0010408821361469,0.3774634003639221,0.0044234097003936,0.8450444444444445,-0.0200222222222219,0.959532,0.000164,0.0056
celeba,iid,20,2025,2,9,0.8254,0.0,0.6745820208383814,-0.0002423067603586,0.898936645978319,0.0014209205365296,0.8391201696461017,0.0004464198714815,0.3774634003639221,-0.0007453262805938,0.8450444444444445,0.0225555555555556,0.959532,0.000696,0.0
celeba,iid,20,2025,2,10,0.8254,-0.0025999999999999,0.6745820208383814,-0.0005387521084785,0.898936645978319,0.0017184666598211,0.8391201696461017,-0.0001993004341866,0.3774634003639221,-0.0051349401473999,0.8450444444444445,0.0526888888888887,0.959532,0.00013,-0.0025999999999999
celeba,iid,20,2025,2,11,0.8254,0.001,0.6745820208383814,-0.0005756696031519,0.898936645978319,0.0011462984673471,0.8391201696461017,-0.0006696298072222,0.3774634003639221,0.0013230144977569,0.8450444444444445,0.0984666666666667,0.959532,3.4000000000089514e-05,0.001
celeba,iid,20,2025,2,12,0.8254,0.0068,0.6745820208383814,-0.0056036620348167,0.898936645978319,0.0010162819026957,0.8391201696461017,-0.0006684834612573,0.3774634003639221,0.0067751109600067,0.8450444444444445,0.0758111111111112,0.959532,0.00129,0.0068
celeba,iid,20,2025,2,13,0.8254,-0.005,0.6745820208383814,0.0038209418403082,0.898936645978319,-0.0004991817047548,0.8391201696461017,-0.000819964892336,0.3774634003639221,-0.0057993233203887,0.8450444444444445,0.0979444444444443,0.959532,0.00262,-0.005
celeba,iid,20,2025,2,14,0.8254,-0.0045999999999999,0.6745820208383814,0.0001241895130802,0.898936645978319,0.0013864674431556,0.8391201696461017,-1.146345964930795e-06,0.3774634003639221,-0.0067057907581329,0.8450444444444445,0.111188888888889,0.959532,0.000948,-0.0045999999999999
celeba,iid,20,2025,2,15,0.8254,-0.001,0.6745820208383814,-0.0003937778063427,0.898936645978319,0.0002003796730523,0.8391201696461017,-0.0019109587235208,0.3774634003639221,-0.0018304884433746,0.8450444444444445,0.0639555555555555,0.959532,0.000316,-0.001
celeba,iid,20,2025,2,16,0.8254,0.0138,0.6745820208383814,-0.0120402999302808,0.898936645978319,0.0007570115539443,0.8391201696461017,0.0003257260177463,0.3774634003639221,0.0146817564964294,0.8450444444444445,0.0751222222222223,0.959532,0.000128,0.0138
celeba,iid,20,2025,2,17,0.8254,0.0051999999999999,0.6745820208383814,-0.004276794084808,0.898936645978319,0.000239838327349,0.8391201696461017,-0.0009167492445171,0.3774634003639221,0.0049253106117248,0.8450444444444445,0.0564222222222221,0.959532,0.00036,0.0051999999999999
celeba,iid,20,2025,2,18,0.8254,-0.0018,0.6745820208383814,0.0009843419215534,0.898936645978319,0.0023958667640708,0.8391201696461017,0.0009919167870738,0.3774634003639221,-0.0024231672286987,0.8450444444444445,0.0305444444444444,0.959532,-0.002726,-0.0018
celeba,iid,20,2025,2,19,0.8254,0.0006,0.6745820208383814,-0.0031580373575449,0.898936645978319,0.0008625010855254,0.8391201696461017,-9.90770441109401e-05,0.3774634003639221,0.0009651780128479,0.8450444444444445,0.0625444444444442,0.959532,0.001116,0.0006
celeba,iid,20,2025,3,0,0.9008,-0.0001999999999999,0.5576026637069922,-0.0028856825749168,0.9497784302869112,0.0002164941740352,0.8782778739343691,-9.90770441109401e-05,0.2393207550048828,9.75579023361206e-05,0.7443444444444445,-0.0337444444444443,0.938184,-0.0034739999999999,-0.0001999999999999
celeba,iid,20,2025,3,1,0.9008,0.001,0.5576026637069922,0.0019236239203729,0.9497784302869112,-0.0019751822687047,0.8782778739343691,-0.0019109587235208,0.2393207550048828,0.0011141598224639,0.7443444444444445,-0.0532111111111111,0.938184,-0.000364,0.001
celeba,iid,20,2025,3,2,0.9008,0.001,0.5576026637069922,-0.0002990922387735,0.9497784302869112,0.0005282091380012,0.8782778739343691,-0.0002232099357408,0.2393207550048828,2.466142177581787e-05,0.7443444444444445,-0.0041333333333331,0.938184,0.0023239999999999,0.001
celeba,iid,20,2025,3,3,0.9008,0.0004,0.5576026637069922,-0.0059246574835898,0.9497784302869112,-0.0029952017910248,0.8782778739343691,-7.402119659194462e-05,0.2393207550048828,-0.001265674829483,0.7443444444444445,-0.0287111111111111,0.938184,-0.0004339999999999,0.0004
celeba,iid,20,2025,3,4,0.9008,-0.0001999999999999,0.5576026637069922,-0.0004439511653718,0.9497784302869112,-0.0011256671440971,0.8782778739343691,-0.0014144271570013,0.2393207550048828,-0.0006780326366424,0.7443444444444445,-0.0497333333333334,0.938184,-0.0010139999999999,-0.0001999999999999
celeba,iid,20,2025,3,5,0.9008,-0.0003999999999999,0.5576026637069922,0.0027868625529753,0.9497784302869112,-0.0017323004628325,0.8782778739343691,-0.0006707761531872,0.2393207550048828,0.0009735822677612,0.7443444444444445,-0.0718333333333334,0.938184,0.0034399999999999,-0.0003999999999999
celeba,iid,20,2025,3,6,0.9008,0.0006,0.5576026637069922,-0.0016064009453072,0.9497784302869112,0.0012526402302256,0.8782778739343691,-0.0014383366585555,0.2393207550048828,-0.0014018565416336,0.7443444444444445,-0.0090555555555555,0.938184,-0.0017739999999999,0.0006
celeba,iid,20,2025,3,7,0.9008,-0.0001999999999999,0.5576026637069922,0.001997780244173,0.9497784302869112,-0.0005427936886768,0.8782778739343691,-0.0031761971413734,0.2393207550048828,0.0006592720746994,0.7443444444444445,0.0110666666666667,0.938184,0.0006519999999999,-0.0001999999999999
celeba,iid,20,2025,3,8,0.9008,-0.0001999999999999,0.5576026637069922,-0.0015538290788013,0.9497784302869112,0.0,0.8782778739343691,-0.0003473428273705,0.2393207550048828,0.0003202557563781,0.7443444444444445,-0.1103444444444445,0.938184,0.001666,-0.0001999999999999
celeba,iid,20,2025,3,9,0.9008,0.0004,0.5576026637069922,0.0002948005350685,0.9497784302869112,-0.0002321199363627,0.8782778739343691,0.0016877487877799,0.2393207550048828,5.27799129486084e-05,0.7443444444444445,-0.057411111111111,0.938184,0.0006359999999999,0.0004
celeba,iid,20,2025,3,10,0.9008,0.0004,0.5576026637069922,0.0060700115523941,0.9497784302869112,-0.002577992906274,0.8782778739343691,-0.0017378604828179,0.2393207550048828,0.0021924227476119,0.7443444444444445,-0.1110333333333331,0.938184,0.000182,0.0004
celeba,iid,20,2025,3,11,0.9008,0.0006,0.5576026637069922,0.0019483646623355,0.9497784302869112,0.0018741931372996,0.8782778739343691,0.0005215874140382,0.2393207550048828,-0.0005417466163635,0.7443444444444445,-0.0987,0.938184,0.002472,0.0006
celeba,iid,20,2025,3,12,0.9008,0.0002,0.5576026637069922,-0.0038008450649376,0.9497784302869112,0.000531337678066,0.8782778739343691,0.0025316231816701,0.2393207550048828,-0.0018107891082763,0.7443444444444445,0.0102111111111111,0.938184,0.000252,0.0002
celeba,iid,20,2025,3,13,0.9008,0.0,0.5576026637069922,0.001874422143937,0.9497784302869112,-0.0024674813916789,0.8782778739343691,-0.0043924702101529,0.2393207550048828,0.0013927519321441,0.7443444444444445,-0.0352888888888887,0.938184,0.000554,0.0
celeba,iid,20,2025,3,14,0.9008,0.0002,0.5576026637069922,0.0032065713446476,0.9497784302869112,-0.0026173664990289,0.8782778739343691,-0.0016626929402612,0.2393207550048828,0.0009063929319381,0.7443444444444445,0.0020444444444445,0.938184,0.002534,0.0002
celeba,iid,20,2025,3,15,0.9008,0.0002,0.5576026637069922,0.0013068609088575,0.9497784302869112,-0.0002945592513312,0.8782778739343691,-0.0030520642497435,0.2393207550048828,-3.735721111297608e-05,0.7443444444444445,-0.1111555555555554,0.938184,0.0023499999999999,0.0002
celeba,iid,20,2025,3,16,0.9008,0.001,0.5576026637069922,-0.0016327219342614,0.9497784302869112,0.0007447033120364,0.8782778739343691,2.505584751899548e-05,0.2393207550048828,-0.0007745176553726,0.7443444444444445,-0.0348777777777777,0.938184,-0.002788,0.001
celeba,iid,20,2025,3,17,0.9008,0.0014,0.5576026637069922,-0.0021038072736616,0.9497784302869112,0.0003358218978315,0.8782778739343691,-0.0011160496787037,0.2393207550048828,-0.0002001225948333,0.7443444444444445,-0.0562111111111112,0.938184,-0.0029219999999999,0.0014
celeba,iid,20,2025,3,18,0.9008,0.0,0.5576026637069922,0.0049827702789282,0.9497784302869112,-0.001527262299408,0.8782778739343691,-0.0003723986748895,0.2393207550048828,0.0004708766937255,0.7443444444444445,0.0279666666666666,0.938184,0.0055819999999999,0.0
celeba,iid,20,2025,3,19,0.9008,-0.0003999999999999,0.5576026637069922,0.0043403467962065,0.9497784302869112,-0.0008618069444242,0.8782778739343691,-0.0035736516637819,0.2393207550048828,0.0009084939956665,0.7443444444444445,0.0871222222222221,0.938184,0.003206,-0.0003999999999999
celeba,iid,20,2025,4,0,0.8998,0.0008,0.5252278284063125,-0.0020246743745551,0.9680234967517872,-0.0012120717248266,0.8831464052473823,0.000942951438001,0.2371642142534256,0.000426098704338,0.8893777777777778,0.0527444444444444,0.895174,-0.0050059999999999,0.0008
celeba,iid,20,2025,4,1,0.8998,0.0008,0.5252278284063125,0.005984224401863,0.9680234967517872,0.0002133656339704,0.8831464052473823,-0.0025065673341511,0.2371642142534256,0.0019046813249588,0.8893777777777778,0.0112666666666667,0.895174,0.0042419999999999,0.0008
celeba,iid,20,2025,4,2,0.8998,-0.001,0.5252278284063125,-8.300640718661434e-05,0.9680234967517872,0.0001526665768641,0.8831464052473823,0.0021592245067805,0.2371642142534256,-0.0019685626029968,0.8893777777777778,-0.0443333333333333,0.895174,-0.0013159999999999,-0.001
celeba,iid,20,2025,4,3,0.8998,0.0,0.5252278284063125,-0.0020004445432317,0.9680234967517872,0.0012323559775261,0.8831464052473823,-0.0010169726345928,0.2371642142534256,-0.0018280297517776,0.8893777777777778,-0.0196777777777776,0.895174,-0.0021479999999999,0.0
celeba,iid,20,2025,4,4,0.8998,0.0002,0.5252278284063125,-0.0030069426030249,0.9680234967517872,-0.0004092284847554,0.8831464052473823,0.0005215874140385,0.2371642142534256,-0.002738818526268,0.8893777777777778,0.0336444444444445,0.895174,-0.003684,0.0002
celeba,iid,20,2025,4,5,0.8998,0.002,0.5252278284063125,0.0081861710215943,0.9680234967517872,-0.0020849996421984,0.8831464052473823,-0.0022343920493372,0.2371642142534256,0.0049788951873779,0.8893777777777778,-0.0280888888888888,0.895174,0.007456,0.002
celeba,iid,20,2025,4,6,0.8998,-0.0011999999999999,0.5252278284063125,-0.0008543025592813,0.9680234967517872,0.0009516871357692,0.8831464052473823,0.0023084132459294,0.2371642142534256,-0.0026891380548477,0.8893777777777778,-0.0302888888888888,0.895174,-0.0032659999999999,-0.0011999999999999
celeba,iid,20,2025,4,7,0.8998,-0.0001999999999999,0.5252278284063125,-0.0012166160381319,0.9680234967517872,-0.0002168412445857,0.8831464052473823,0.0014144271570014,0.2371642142534256,-0.0009527951478958,0.8893777777777778,-0.0005111111111111,0.895174,-0.000896,-0.0001999999999999
celeba,iid,20,2025,4,8,0.8998,0.0,0.5252278284063125,0.0004445432318294,0.9680234967517872,0.0003974254035941,0.8831464052473823,0.0011912172212606,0.2371642142534256,0.0002813637256622,0.8893777777777778,0.0287888888888887,0.895174,0.002194,0.0
celeba,iid,20,2025,4,9,0.8998,0.0002,0.5252278284063125,0.002328762154645,0.9680234967517872,0.0020662333069187,0.8831464052473823,0.0034244629246331,0.2371642142534256,-0.0001801550388336,0.8893777777777778,0.0126111111111111,0.895174,0.003576,0.0002
celeba,iid,20,2025,4,10,0.8998,0.0004,0.5252278284063125,0.0011006324979292,0.9680234967517872,-0.0017834891696363,0.8831464052473823,0.0026546097273351,0.2371642142534256,0.0012657940387725,0.8893777777777778,-0.0235333333333334,0.895174,-0.0011059999999999,0.0004
celeba,iid,20,2025,4,11,0.8998,0.0012,0.5252278284063125,0.0077562058823864,0.9680234967517872,-0.001101572243119,0.8831464052473823,-5.011169503799096e-05,0.2371642142534256,0.0018524825572967,0.8893777777777778,-0.0284444444444444,0.895174,0.0047519999999999,0.0012
celeba,iid,20,2025,4,12,0.8998,-0.0007999999999999,0.5252278284063125,-0.0001996643762768,0.9680234967517872,0.0025497162206917,0.8831464052473823,0.0042683373185232,0.2371642142534256,-0.0023952275514602,0.8893777777777778,0.0359777777777776,0.895174,0.000164,-0.0007999999999999
celeba,iid,20,2025,4,13,0.8998,0.0004,0.5252278284063125,0.0013230029671309,0.9680234967517872,-0.0017479262251599,0.8831464052473823,0.0019599240725938,0.2371642142534256,0.0014742314815521,0.8893777777777778,0.0075333333333333,0.895174,0.001044,0.0004
celeba,iid,20,2025,4,14,0.8998,-0.0001999999999999,0.5252278284063125,0.0038944950729792,0.9680234967517872,-0.0009806459295651,0.8831464052473823,0.0022332457033725,0.2371642142534256,0.0001379400491714,0.8893777777777778,0.0042111111111111,0.895174,0.004066,-0.0001999999999999
celeba,iid,20,2025,4,15,0.8998,0.0006,0.5252278284063125,0.0032082554525758,0.9680234967517872,0.0002485815078961,0.8831464052473823,-0.0015385600486312,0.2371642142534256,0.0003633201122283,0.8893777777777778,0.0074888888888888,0.895174,0.004052,0.0006
celeba,iid,20,2025,4,16,0.8998,-0.0005999999999999,0.5252278284063125,-0.0034261031796491,0.9680234967517872,-0.0002130185634197,0.8831464052473823,0.0008438743938901,0.2371642142534256,-0.0009675621986389,0.8893777777777778,0.0156777777777779,0.895174,-0.0083799999999999,-0.0005999999999999
celeba,iid,20,2025,4,17,0.8998,-0.0003999999999999,0.5252278284063125,0.0017885926809182,0.9680234967517872,-3.1740263310209293e-05,0.8831464052473823,0.0001241328916298,0.2371642142534256,0.0002814829349517,0.8893777777777778,-0.0281111111111109,0.895174,-0.0025119999999999,-0.0003999999999999
celeba,iid,20,2025,4,18,0.8998,0.0002,0.5252278284063125,0.003440367312493,0.9680234967517872,-0.0012752051808964,0.8831464052473823,-0.0004714757190004,0.2371642142534256,0.0010123997926712,0.8893777777777778,0.0181555555555557,0.895174,0.005732,0.0002
celeba,iid,20,2025,4,19,0.8998,-0.0001999999999999,0.5252278284063125,0.0031216297837841,0.9680234967517872,-0.0009053502888958,0.8831464052473823,-0.0018608470284828,0.2371642142534256,-0.0002541989088058,0.8893777777777778,0.0111333333333334,0.895174,-0.0046279999999999,-0.0001999999999999
celeba,iid,20,2025,5,0,0.9098,-0.001,0.5335238513959112,-0.0013905096054063,0.964833715654067,-0.00024475882673,0.8759227880312965,0.0009680072855198,0.220551386475563,-0.0005713552236557,0.7807444444444447,-0.1375666666666661,0.89674,-0.0037019999999999,-0.001
celeba,iid,20,2025,5,1,0.9098,-0.0011999999999999,0.5335238513959112,0.0026786263684688,0.964833715654067,8.571043962823932e-05,0.8759227880312965,0.0013153501128904,0.220551386475563,0.0002052783966064,0.7807444444444447,-0.1045222222222219,0.89674,0.0017199999999999,-0.0011999999999999
celeba,iid,20,2025,5,2,0.9098,-0.001,0.5335238513959112,-0.001068724927392,0.964833715654067,0.001054553288032,0.8759227880312965,0.0003234333258165,0.220551386475563,-0.0022033900022506,0.7807444444444447,-0.012922222222222,0.89674,-0.002082,-0.001
celeba,iid,20,2025,5,3,0.9098,-0.0001999999999999,0.5335238513959112,-0.0033992255271657,0.964833715654067,-0.0005787037037037,0.8759227880312965,-0.0004714757190005,0.220551386475563,0.0001489371061325,0.7807444444444447,-0.0107888888888885,0.89674,-0.0039179999999999,-0.0001999999999999
celeba,iid,20,2025,5,4,0.9098,-0.0001999999999999,0.5335238513959112,-0.0038387859667261,0.964833715654067,-3.470705506325445e-07,0.8759227880312965,0.001662692940261,0.220551386475563,-0.0014169812202453,0.7807444444444447,-0.0792777777777775,0.89674,-0.003008,-0.0001999999999999
celeba,iid,20,2025,5,5,0.9098,0.0002,0.5335238513959112,0.0043837590273164,0.964833715654067,-0.0005790628071418,0.8759227880312965,0.0025054209881862,0.220551386475563,0.0028646290302276,0.7807444444444447,0.0658555555555557,0.89674,0.0004159999999999,0.0002
celeba,iid,20,2025,5,6,0.9098,-0.001,0.5335238513959112,-0.0005121609009707,0.964833715654067,0.0005190458582493,0.8759227880312965,0.0001491887391487,0.220551386475563,-0.0010720342397689,0.7807444444444447,0.0015555555555559,0.89674,-0.0008059999999999,-0.001
celeba,iid,20,2025,5,7,0.9098,-0.0001999999999999,0.5335238513959112,0.0023150601871199,0.964833715654067,0.0004015951553109,0.8759227880312965,-0.0010420284821118,0.220551386475563,0.0003037452697753,0.7807444444444447,-0.130711111111111,0.89674,-0.003044,-0.0001999999999999
celeba,iid,20,2025,5,8,0.9098,-0.001,0.5335238513959112,0.0016837108601185,0.964833715654067,0.0011329654358787,0.8759227880312965,0.0015886717436692,0.220551386475563,-0.0014562010765075,0.7807444444444447,-0.0533888888888884,0.89674,0.001356,-0.001
celeba,iid,20,2025,5,9,0.9098,-0.0003999999999999,0.5335238513959112,0.0005568184288782,0.964833715654067,-0.0009450829850888,0.8759227880312965,0.0011912172212605,0.220551386475563,0.0010222196578979,0.7807444444444447,-0.0640999999999998,0.89674,-0.0009259999999999,-0.0003999999999999
celeba,iid,20,2025,5,10,0.9098,0.0016,0.5335238513959112,0.00566655124176,0.964833715654067,-0.0011409578687615,0.8759227880312965,0.0012151267228146,0.220551386475563,0.0020630955696105,0.7807444444444447,0.0888888888888892,0.89674,0.0030759999999999,0.0016
celeba,iid,20,2025,5,11,0.9098,-0.0003999999999999,0.5335238513959112,0.0072658861135556,0.964833715654067,0.0012824914397905,0.8759227880312965,0.002654609727335,0.220551386475563,0.0003899931907653,0.7807444444444447,-0.0447666666666664,0.89674,0.0035979999999999,-0.0003999999999999
celeba,iid,20,2025,5,12,0.9098,-0.0013999999999999,0.5335238513959112,-0.0026921275329737,0.964833715654067,0.0010300992836158,0.8759227880312965,0.0031021759447814,0.220551386475563,-0.0021585226058959,0.7807444444444447,-0.0050555555555553,0.89674,-0.0002539999999999,-0.0013999999999999
celeba,iid,20,2025,5,13,0.9098,-0.0007999999999999,0.5335238513959112,-0.001068724927392,0.964833715654067,-0.0016622157855318,0.8759227880312965,0.0032752741854843,0.220551386475563,0.0002729594707489,0.7807444444444447,0.0247666666666668,0.89674,0.0048439999999999,-0.0007999999999999
celeba,iid,20,2025,5,14,0.9098,0.0,0.5335238513959112,0.0072543416135414,0.964833715654067,-0.0005396771814993,0.8759227880312965,0.0015875253977042,0.220551386475563,0.0016010552644729,0.7807444444444447,-0.0031444444444441,0.89674,0.0028059999999999,0.0
celeba,iid,20,2025,5,15,0.9098,0.0002,0.5335238513959112,0.0053796121698778,0.964833715654067,0.0001101524111568,0.8759227880312965,0.0006696298072221,0.220551386475563,0.000515803694725,0.7807444444444447,-0.0928555555555552,0.89674,0.0059279999999999,0.0002
celeba,iid,20,2025,5,16,0.9098,-0.0007999999999999,0.5335238513959112,0.0013472645301083,0.964833715654067,-0.0008272852115998,0.8759227880312965,0.0010670843296307,0.220551386475563,-0.0008245259523391,0.7807444444444447,0.0159555555555559,0.89674,0.0033659999999999,-0.0007999999999999
celeba,iid,20,2025,5,17,0.9098,-0.0005999999999999,0.5335238513959112,0.0005713030655069,0.964833715654067,0.0022593267210772,0.8759227880312965,-0.0006696298072224,0.220551386475563,-0.0003664493560791,0.7807444444444447,-0.0008777777777775,0.89674,-0.0068139999999999,-0.0005999999999999
celeba,iid,20,2025,5,18,0.9098,0.0004,0.5335238513959112,0.0002051797442726,0.964833715654067,0.0016691549738752,0.8759227880312965,0.0005705527631112,0.220551386475563,1.9073486328125e-05,0.7807444444444447,0.0103222222222225,0.89674,0.002464,0.0004
celeba,iid,20,2025,5,19,0.9098,0.0002,0.5335238513959112,0.0005423210529033,0.964833715654067,-0.0011964459624991,0.8759227880312965,-0.0013404059604095,0.220551386475563,0.0010589957237243,0.7807444444444447,-0.0945333333333331,0.89674,-0.00441,0.0002
celeba,iid,20,2025,6,0,0.9128,-0.0002,0.5289219982471516,0.0019719544259421,0.9695854677715902,-0.0011891476707176,0.8748306478541469,-0.0015385600486311,0.2189471870660781,0.0004768818616867,0.8481333333333332,0.0602222222222219,0.914992,-0.0003999999999999,-0.0002
celeba,iid,20,2025,6,1,0.9128,-0.0008,0.5289219982471516,2.5325742773363306e-05,0.9695854677715902,0.0015217295929593,0.8748306478541469,-0.0010169726345927,0.2189471870660781,-7.162988185882568e-05,0.8481333333333332,0.1179333333333332,0.914992,-0.0013999999999999,-0.0008
celeba,iid,20,2025,6,2,0.9128,-0.0018,0.5289219982471516,0.0010409573549583,0.9695854677715902,-0.0008289952368822,0.8748306478541469,-0.0005454969155923,0.2189471870660781,-0.0009712874889373,0.8481333333333332,0.0570888888888887,0.914992,-0.0002879999999999,-0.0018
celeba,iid,20,2025,6,3,0.9128,0.0003999999999999,0.5289219982471516,-1.2679525755121546e-05,0.9695854677715902,0.0002392261202813,0.8748306478541469,-0.0020100357676317,0.2189471870660781,-0.0006141066551208,0.8481333333333332,0.0354666666666665,0.914992,-0.0014399999999999,0.0003999999999999
celeba,iid,20,2025,6,4,0.9128,-0.0022,0.5289219982471516,-0.0015698050315369,0.9695854677715902,0.0010998622178365,0.8748306478541469,-0.0015624695501852,0.2189471870660781,-0.0030760020017623,0.8481333333333332,0.0739333333333334,0.914992,-0.0016159999999999,-0.0022
celeba,iid,20,2025,6,5,0.9128,0.0013999999999999,0.5289219982471516,0.0051124744376277,0.9695854677715902,0.0001608019395472,0.8748306478541469,-0.0011422518721876,0.2189471870660781,0.0027841627597808,0.8481333333333332,0.1024555555555553,0.914992,8.399999999997299e-05,0.0013999999999999
celeba,iid,20,2025,6,6,0.9128,-0.0016,0.5289219982471516,-0.0043238460223147,0.9695854677715902,1.765585332935693e-06,0.8748306478541469,-0.0005204410680733,0.2189471870660781,-0.0019167363643646,0.8481333333333332,-0.0698444444444446,0.914992,-0.002722,-0.0016
celeba,iid,20,2025,6,7,0.9128,-0.0008,0.5289219982471516,0.002652295970444,0.9695854677715902,-0.0006197993546286,0.8748306478541469,-0.000818818546371,0.2189471870660781,0.0002185553312301,0.8481333333333332,0.0969222222222221,0.914992,0.001678,-0.0008
celeba,iid,20,2025,6,8,0.9128,-0.0018,0.5289219982471516,-0.0048632630692708,0.9695854677715902,0.0018242812771734,0.8748306478541469,-0.0011160496787037,0.2189471870660781,-0.0010058730840682,0.8481333333333332,0.0513444444444444,0.914992,-0.003082,-0.0018
celeba,iid,20,2025,6,9,0.9128,0.0003999999999999,0.5289219982471516,0.0030561499350078,0.9695854677715902,0.0009447359145382,0.8748306478541469,0.0008188185463712,0.2189471870660781,0.001401275396347,0.8481333333333332,0.0293999999999998,0.914992,0.0001619999999999,0.0003999999999999
celeba,iid,20,2025,6,10,0.9128,0.0009999999999998,0.5289219982471516,0.0068776902848791,0.9695854677715902,0.0005756558359767,0.8748306478541469,0.0004953852205545,0.2189471870660781,0.0029716342687606,0.8481333333333332,-0.0375111111111112,0.914992,0.0026019999999999,0.0009999999999998
celeba,iid,20,2025,6,11,0.9128,0.0011999999999999,0.5289219982471516,0.0062096875164077,0.9695854677715902,-0.0003564411881941,0.8748306478541469,-0.0009930631330388,0.2189471870660781,0.0005591064691543,0.8481333333333332,0.0273333333333332,0.914992,0.0041039999999999,0.0011999999999999
celeba,iid,20,2025,6,12,0.9128,-0.0016,0.5289219982471516,-0.0025740647449743,0.9695854677715902,0.0007655702703123,0.8748306478541469,-0.0013392596144444,0.2189471870660781,-0.0024504512548446,0.8481333333333332,0.0699333333333331,0.914992,-0.0038859999999999,-0.0016
celeba,iid,20,2025,6,13,0.9128,0.0005999999999999,0.5289219982471516,0.0029408537612931,0.9695854677715902,0.0004015951553109,0.8748306478541469,0.0003473428273707,0.2189471870660781,9.819865226745604e-06,0.8481333333333332,0.0262666666666664,0.914992,0.005646,0.0005999999999999
celeba,iid,20,2025,6,14,0.9128,0.0007999999999999,0.5289219982471516,0.0022831032679804,0.9695854677715902,-0.0003788632090647,0.8748306478541469,-0.0016877487877799,0.2189471870660781,0.0017643868923187,0.8481333333333332,0.0714888888888889,0.914992,0.001622,0.0007999999999999
celeba,iid,20,2025,6,15,0.9128,0.0011999999999999,0.5289219982471516,0.0017170838109954,0.9695854677715902,0.0002671437024255,0.8748306478541469,-0.0015636158961501,0.2189471870660781,0.0002916008234024,0.8481333333333332,0.0732666666666663,0.914992,0.004284,0.0011999999999999
celeba,iid,20,2025,6,16,0.9128,-0.001,0.5289219982471516,0.0034240774767422,0.9695854677715902,0.000248581507896,0.8748306478541469,0.0005956086106303,0.2189471870660781,-0.0007842481136322,0.8481333333333332,0.0476666666666665,0.914992,0.003874,-0.001
celeba,iid,20,2025,6,17,0.9128,0.0007999999999999,0.5289219982471516,0.0008518228085551,0.9695854677715902,-0.0009690229233791,0.8748306478541469,-0.0016376370927421,0.2189471870660781,0.0001895874738693,0.8481333333333332,0.0229777777777777,0.914992,-0.0022459999999999,0.0007999999999999
celeba,iid,20,2025,6,18,0.9128,0.0009999999999998,0.5289219982471516,0.0062196512412292,0.9695854677715902,0.0001679452686409,0.8748306478541469,-0.0001491887391487,0.2189471870660781,0.0004861205816268,0.8481333333333332,0.0907777777777776,0.914992,0.0060919999999999,0.0009999999999998
celeba,iid,20,2025,6,19,0.9128,0.0005999999999999,0.5289219982471516,-0.0031981508429601,0.9695854677715902,-0.0015513572003861,0.8748306478541469,-0.0015385600486311,0.2189471870660781,0.0010601580142974,0.8481333333333332,0.0702999999999998,0.914992,-0.0034039999999999,0.0005999999999999
celeba,iid,20,2025,7,0,0.9122,-0.001,0.5268581451436088,0.0018909966547783,0.9714841028804184,-0.0006586458018575,0.8767416065776676,-0.0002733216307786,0.2202845513820648,0.0008826553821563,0.8315111111111111,0.1163666666666667,0.92072,-3.799999999998249e-05,-0.001
celeba,iid,20,2025,7,1,0.9122,-0.0003999999999999,0.5268581451436088,-0.0008648441178419,0.9714841028804184,-0.0011574074074074,0.8767416065776676,-0.000942951438001,0.2202845513820648,0.0006218254566192,0.8315111111111111,-0.0466444444444444,0.92072,-0.0023539999999999,-0.0003999999999999
celeba,iid,20,2025,7,2,0.9122,-0.001,0.5268581451436088,-0.0044602955046609,0.9714841028804184,0.0004725289364007,0.8767416065776676,-0.0012401825703336,0.2202845513820648,-0.0017334818840026,0.8315111111111111,0.0248666666666665,0.92072,-0.0010879999999999,-0.001
celeba,iid,20,2025,7,3,0.9122,-0.0015999999999999,0.5268581451436088,0.0004847592823701,0.9714841028804184,0.0004069357538966,0.8767416065776676,0.0007447973497791,0.2202845513820648,-0.0017465353012084,0.8315111111111111,0.0047777777777777,0.92072,-0.002448,-0.0015999999999999
celeba,iid,20,2025,7,4,0.9122,-0.0011999999999999,0.5268581451436088,-0.0050008432513988,0.9714841028804184,0.0017121711728208,0.8767416065776676,-7.402119659194462e-05,0.2202845513820648,-0.0022593140602111,0.8315111111111111,0.0487111111111111,0.92072,-0.001214,-0.0011999999999999
celeba,iid,20,2025,7,5,0.9122,0.0001999999999999,0.5268581451436088,0.0038318293541351,0.9714841028804184,-0.0015264874859689,0.8767416065776676,-0.0012663847638174,0.2202845513820648,0.0032848864793777,0.8315111111111111,0.0672777777777777,0.92072,-0.001008,0.0001999999999999
celeba,iid,20,2025,7,6,0.9122,-0.001,0.5268581451436088,-0.0048983156535878,0.9714841028804184,0.0021455065914419,0.8767416065776676,-0.0012401825703336,0.2202845513820648,-0.0010405778884887,0.8315111111111111,0.0448444444444444,0.92072,-0.002342,-0.001
celeba,iid,20,2025,7,7,0.9122,-0.001,0.5268581451436088,-0.0006216008603324,0.9714841028804184,0.0014189748762214,0.8767416065776676,0.0012162730687795,0.2202845513820648,-0.0007106810808181,0.8315111111111111,0.0835777777777777,0.92072,-0.003908,-0.001
celeba,iid,20,2025,7,8,0.9122,0.0,0.5268581451436088,-0.0017540013155009,0.9714841028804184,0.0007638046849792,0.8767416065776676,0.0008188185463711,0.2202845513820648,-2.478063106536865e-05,0.8315111111111111,0.1364222222222222,0.92072,0.0022999999999999,0.0
celeba,iid,20,2025,7,9,0.9122,-0.0005999999999999,0.5268581451436088,-0.001406534961562,0.9714841028804184,0.0027209267923929,0.8767416065776676,0.0030520642497435,0.2202845513820648,0.0004405230283737,0.8315111111111111,0.0200888888888888,0.92072,0.002614,-0.0005999999999999
celeba,iid,20,2025,7,10,0.9122,-0.0013999999999999,0.5268581451436088,0.0067180400647998,0.9714841028804184,0.0018118224617814,0.8767416065776676,0.0022571552049265,0.2202845513820648,0.0024353265762329,0.8315111111111111,0.124411111111111,0.92072,0.0072759999999999,-0.0013999999999999
celeba,iid,20,2025,7,11,0.9122,-0.0005999999999999,0.5268581451436088,-0.0003110047249275,0.9714841028804184,1.5496268779280342e-07,0.8767416065776676,-0.0004714757190005,0.2202845513820648,-0.0012222230434417,0.8315111111111111,0.0144222222222221,0.92072,0.0008899999999999,-0.0005999999999999
celeba,iid,20,2025,7,12,0.9122,-0.0001999999999999,0.5268581451436088,-0.0031725431509987,0.9714841028804184,0.0009410681960599,0.8767416065776676,0.0002232099357407,0.2202845513820648,-0.0015089362859725,0.8315111111111111,0.0397777777777776,0.92072,-0.001492,-0.0001999999999999
celeba,iid,20,2025,7,13,0.9122,-0.0011999999999999,0.5268581451436088,0.0044145278893937,0.9714841028804184,0.0018286311038655,0.8767416065776676,0.0022822110524454,0.2202845513820648,0.0016445219516754,0.8315111111111111,0.1052444444444444,0.92072,0.0030419999999999,-0.0011999999999999
celeba,iid,20,2025,7,14,0.9122,-0.0015999999999999,0.5268581451436088,0.003986619645688,0.9714841028804184,0.0019364907841635,0.8767416065776676,0.0023323227474834,0.2202845513820648,0.0018114149570465,0.8315111111111111,0.1361888888888887,0.92072,0.00204,-0.0015999999999999
celeba,iid,20,2025,7,15,0.9122,-0.0001999999999999,0.5268581451436088,0.0005538926227847,0.9714841028804184,0.0004670213422395,0.8767416065776676,0.0005454969155924,0.2202845513820648,-0.0001155883073806,0.8315111111111111,0.123911111111111,0.92072,0.0029799999999999,-0.0001999999999999
celeba,iid,20,2025,7,16,0.9122,-0.0005999999999999,0.5268581451436088,-0.0009683228669082,0.9714841028804184,0.0014059889153034,0.8767416065776676,0.0015385600486312,0.2202845513820648,-0.0014859139919281,0.8315111111111111,0.0977999999999998,0.92072,0.0052339999999999,-0.0005999999999999
celeba,iid,20,2025,7,17,0.9122,-0.0003999999999999,0.5268581451436088,-0.000426535987226,0.9714841028804184,0.0002881220962263,0.8767416065776676,-0.0032752741854844,0.2202845513820648,-0.0002123117446899,0.8315111111111111,0.0238444444444445,0.92072,-0.0039679999999999,-0.0003999999999999
celeba,iid,20,2025,7,18,0.9122,-0.001,0.5268581451436088,0.0005769362079978,0.9714841028804184,0.0016435301225898,0.8767416065776676,0.0019348682250748,0.2202845513820648,0.0004846900701522,0.8315111111111111,0.1312777777777776,0.92072,0.003422,-0.001
celeba,iid,20,2025,7,19,0.9122,-0.0003999999999999,0.5268581451436088,-0.0039330010321526,0.9714841028804184,-0.0025816485918647,0.8767416065776676,-0.0029529872056326,0.2202845513820648,0.0010682344436645,0.8315111111111111,0.0161555555555554,0.92072,-0.0019799999999999,-0.0003999999999999
celeba,iid,20,2025,8,0,0.914,-0.0003999999999999,0.5111597374179431,0.0021921083715739,0.9591051031429696,-0.000393602722428,0.8642600279479147,-0.0001241328916298,0.2159202098846435,-0.0001638829708099,0.7551999999999999,0.0372111111111108,0.905808,-2.000000000002e-05,-0.0003999999999999
celeba,iid,20,2025,8,1,0.914,-0.0011999999999999,0.5111597374179431,0.0035111360193416,0.9591051031429696,-0.0023611396288005,0.8642600279479147,-0.0016376370927422,0.2159202098846435,0.0011708736419677,0.7551999999999999,-0.0236777777777779,0.905808,0.0009799999999999,-0.0011999999999999
celeba,iid,20,2025,8,2,0.914,-0.0003999999999999,0.5111597374179431,-0.0028385128007795,0.9591051031429696,-0.0006559450046812,0.8642600279479147,-0.0007687068513331,0.2159202098846435,-0.001618281006813,0.7551999999999999,0.007022222222222,0.905808,-0.003004,-0.0003999999999999
celeba,iid,20,2025,8,3,0.914,-0.0013999999999999,0.5111597374179431,-0.0004173704894401,0.9591051031429696,-0.0023098212867795,0.8642600279479147,-0.0024313997915943,0.2159202098846435,-0.0016006529331207,0.7551999999999999,-0.0617333333333331,0.905808,-0.004438,-0.0013999999999999
celeba,iid,20,2025,8,4,0.914,-0.0015999999999999,0.5111597374179431,-0.0001989344911875,0.9591051031429696,-0.0007060924998332,0.8642600279479147,-0.0003963081764435,0.2159202098846435,-0.0024460405111312,0.7551999999999999,0.0630666666666663,0.905808,-0.004198,-0.0015999999999999
celeba,iid,20,2025,8,5,0.914,-0.0001999999999999,0.5111597374179431,0.003174613812605,0.9591051031429696,-0.0038838044336033,0.8642600279479147,-0.0030281547481894,0.2159202098846435,0.0030078589916229,0.7551999999999999,0.0077555555555555,0.905808,0.0005259999999999,-0.0001999999999999
celeba,iid,20,2025,8,6,0.914,-0.0011999999999999,0.5111597374179431,0.0028555416137472,0.9591051031429696,-4.133128595062985e-05,0.8642600279479147,0.0001742445866678,0.2159202098846435,-0.0016732066869735,0.7551999999999999,0.0285333333333333,0.905808,0.0019719999999999,-0.0011999999999999
celeba,iid,20,2025,8,7,0.914,-0.0011999999999999,0.5111597374179431,0.0005586445217682,0.9591051031429696,0.0006631626241249,0.8642600279479147,0.0014394830045203,0.2159202098846435,0.0004517436027526,0.7551999999999999,0.045222222222222,0.905808,-0.002126,-0.0011999999999999
celeba,iid,20,2025,8,8,0.914,-0.0003999999999999,0.5111597374179431,-0.0037134034394497,0.9591051031429696,-0.000182876889867,0.8642600279479147,5.011169503799096e-05,0.2159202098846435,-0.000490128993988,0.7551999999999999,0.0564666666666666,0.905808,-0.001038,-0.0003999999999999
celeba,iid,20,2025,8,9,0.914,0.0,0.5111597374179431,0.0006564551422318,0.9591051031429696,-0.0003580397779516,0.8642600279479147,-0.0001241328916298,0.2159202098846435,0.0012047886848449,0.7551999999999999,0.0287111111111109,0.905808,0.0002659999999999,0.0
celeba,iid,20,2025,8,10,0.914,-0.0001999999999999,0.5111597374179431,0.006237400948899,0.9591051031429696,-0.0019893390764916,0.8642600279479147,-0.0014645388520392,0.2159202098846435,0.0033898204565048,0.7551999999999999,0.0322444444444443,0.905808,0.0003239999999999,-0.0001999999999999
celeba,iid,20,2025,8,11,0.914,0.0006,0.5111597374179431,0.0037166551062093,0.9591051031429696,0.0022596737916278,0.8642600279479147,0.0018608470284829,0.2159202098846435,-0.0003921538591384,0.7551999999999999,-0.0943111111111112,0.905808,0.0036459999999999,0.0006
celeba,iid,20,2025,8,12,0.914,-0.0015999999999999,0.5111597374179431,-0.0017279864789551,0.9591051031429696,0.0004069357538967,0.8642600279479147,0.0007447973497791,0.2159202098846435,-0.0019926726818084,0.7551999999999999,-0.0370666666666668,0.905808,-0.005738,-0.0015999999999999
celeba,iid,20,2025,8,13,0.914,-0.0003999999999999,0.5111597374179431,0.0010984950732362,0.9591051031429696,0.0004375051703378,0.8642600279479147,0.0008188185463711,0.2159202098846435,4.871189594268799e-05,0.7551999999999999,0.0356,0.905808,0.0033019999999999,-0.0003999999999999
celeba,iid,20,2025,8,14,0.914,-0.0005999999999999,0.5111597374179431,0.0037264186597445,0.9591051031429696,-0.0007110860278682,0.8642600279479147,-0.0007937626988521,0.2159202098846435,1.436471939086914e-05,0.7551999999999999,-0.0756666666666667,0.905808,0.0030539999999998,-0.0005999999999999
celeba,iid,20,2025,8,15,0.914,0.0006,0.5111597374179431,-0.000228786454155,0.9591051031429696,-0.001118021781765,0.8642600279479147,-0.0015385600486312,0.2159202098846435,2.136826515197754e-05,0.7551999999999999,-0.1152222222222221,0.905808,0.0044679999999999,0.0006
celeba,iid,20,2025,8,16,0.914,-0.0013999999999999,0.5111597374179431,0.0051514350364705,0.9591051031429696,-0.0011214973923804,0.8642600279479147,-0.0004714757190004,0.2159202098846435,0.0001668035984039,0.7551999999999999,-0.0422333333333335,0.905808,0.0061579999999998,-0.0013999999999999
celeba,iid,20,2025,8,17,0.914,0.0,0.5111597374179431,-0.0024070021881839,0.9591051031429696,-0.0023694791322339,0.8642600279479147,-0.0023323227474834,0.2159202098846435,-0.0002934336662292,0.7551999999999999,0.0051333333333332,0.905808,-0.0062660000000001,0.0
celeba,iid,20,2025,8,18,0.914,0.0004,0.5111597374179431,0.0026220841780131,0.9591051031429696,-0.0002444117561793,0.8642600279479147,-0.0002482657832596,0.2159202098846435,0.0013790875673294,0.7551999999999999,0.0495999999999998,0.905808,0.0012079999999999,0.0004
celeba,iid,20,2025,8,19,0.914,-0.0011999999999999,0.5111597374179431,0.0003447931312924,0.9591051031429696,-0.0016726305844906,0.8642600279479147,-0.0015135042011122,0.2159202098846435,0.0006424635648727,0.7551999999999999,-0.0286222222222223,0.905808,-0.001616,-0.0011999999999999
celeba,iid,20,2025,9,0,0.917,0.0008,0.5038167938931297,0.0008698390797701,0.9663145906668436,0.0004203494577031,0.870066925315069,0.0003222869798515,0.2206111401319503,0.0006818324327468,0.8039555555555555,-0.0158,0.91676,-0.0014399999999999,0.0008
celeba,iid,20,2025,9,1,0.917,0.0008,0.5038167938931297,0.0032710615202853,0.9663145906668436,-0.0011072599122554,0.870066925315069,-0.0013153501128906,0.2206111401319503,0.0018484741449356,0.8039555555555555,0.0686444444444442,0.91676,-0.0015199999999999,0.0008
celeba,iid,20,2025,9,2,0.917,0.0006,0.5038167938931297,0.0007613595849673,0.9663145906668436,0.0039690381674638,0.870066925315069,0.0035485958162629,0.2206111401319503,-0.0015651136636734,0.8039555555555555,-0.0561,0.91676,0.00389,0.0006
celeba,iid,20,2025,9,3,0.917,-0.0001999999999999,0.5038167938931297,0.000982079545114,0.9663145906668436,0.000610443967014,0.870066925315069,0.0005956086106302,0.2206111401319503,-0.0008672922849655,0.8039555555555555,0.0461555555555555,0.91676,-0.001224,-0.0001999999999999
celeba,iid,20,2025,9,4,0.917,0.0008,0.5038167938931297,-0.0052423634960865,0.9663145906668436,0.0031547389167819,0.870066925315069,0.002630700225781,0.2206111401319503,-0.0021081864833831,0.8039555555555555,0.0298333333333333,0.91676,-0.0020219999999999,0.0008
celeba,iid,20,2025,9,5,0.917,0.0026,0.5038167938931297,-0.000120213980886,0.9663145906668436,0.002670859969579,0.870066925315069,0.0023812880965562,0.2206111401319503,0.0019013583660125,0.8039555555555555,-0.0028444444444444,0.91676,-0.00034,0.0026
celeba,iid,20,2025,9,6,0.917,0.0008,0.5038167938931297,-0.0032777269538468,0.9663145906668436,0.0055895755964943,0.870066925315069,0.0052614004515618,0.2206111401319503,-0.002445638179779,0.8039555555555555,0.0636222222222222,0.91676,0.001008,0.0008
celeba,iid,20,2025,9,7,0.917,0.0004,0.5038167938931297,-0.00196544481514,0.9663145906668436,-0.0002355955469781,0.870066925315069,-0.0004464198714815,0.2206111401319503,1.4320015907287598e-05,0.8039555555555555,0.0541111111111112,0.91676,-0.0029919999999999,0.0004
celeba,iid,20,2025,9,8,0.917,0.0,0.5038167938931297,-0.0071973827699018,0.9663145906668436,0.0022329270563526,0.870066925315069,0.0021341686592615,0.2206111401319503,-0.0014147460460662,0.8039555555555555,-0.0431555555555553,0.91676,-0.0010879999999999,0.0
celeba,iid,20,2025,9,9,0.917,0.0002,0.5038167938931297,0.0033804937186097,0.9663145906668436,0.0014790604645644,0.870066925315069,0.0014884483535932,0.2206111401319503,0.0025498420000076,0.8039555555555555,0.0634333333333332,0.91676,-0.0004839999999999,0.0002
celeba,iid,20,2025,9,10,0.917,0.0026,0.5038167938931297,0.0101597510234884,0.9663145906668436,0.0011451962599287,0.870066925315069,0.0006935393087762,0.2206111401319503,0.0046720653772354,0.8039555555555555,0.0522444444444445,0.91676,0.00483,0.0026
celeba,iid,20,2025,9,11,0.917,0.001,0.5038167938931297,0.0049084969498982,0.9663145906668436,-0.0007412277014209,0.870066925315069,-0.00096800728552,0.2206111401319503,-2.6807188987731934e-05,0.8039555555555555,0.0782333333333333,0.91676,0.001016,0.001
celeba,iid,20,2025,9,12,0.917,0.0014,0.5038167938931297,-0.0044837740404657,0.9663145906668436,0.0037601893557607,0.870066925315069,0.0033003300330032,0.2206111401319503,-0.0018995851278305,0.8039555555555555,0.0291555555555556,0.91676,-0.00204,0.0014
celeba,iid,20,2025,9,13,0.917,0.001,0.5038167938931297,-0.0004399186150563,0.9663145906668436,0.0039097273925601,0.870066925315069,0.0033003300330032,0.2206111401319503,0.0002118796110153,0.8039555555555555,0.1106333333333333,0.91676,0.00189,0.001
celeba,iid,20,2025,9,14,0.917,0.0028,0.5038167938931297,0.0026135560895856,0.9663145906668436,0.0014596120210708,0.870066925315069,0.0005705527631113,0.2206111401319503,0.0015704482793807,0.8039555555555555,0.0022222222222221,0.91676,0.00307,0.0028
celeba,iid,20,2025,9,15,0.917,0.0008,0.5038167938931297,0.0021795967745966,0.9663145906668436,0.0015510101298354,0.870066925315069,0.0010670843296307,0.2206111401319503,-0.0005293041467666,0.8039555555555555,-0.0032555555555555,0.91676,0.004186,0.0008
celeba,iid,20,2025,9,16,0.917,0.001,0.5038167938931297,0.0046901563385445,0.9663145906668436,-0.0006651082844331,0.870066925315069,-0.0010420284821119,0.2206111401319503,-0.0015080571174621,0.8039555555555555,0.0024666666666666,0.91676,0.005942,0.001
celeba,iid,20,2025,9,17,0.917,0.0014,0.5038167938931297,0.0020693059071096,0.9663145906668436,0.0002708114209037,0.870066925315069,-2.505584751899548e-05,0.2206111401319503,0.0001044869422912,0.8039555555555555,-0.0295333333333334,0.91676,-0.003468,0.0014
celeba,iid,20,2025,9,18,0.917,0.0008,0.5038167938931297,0.0006515461306324,0.9663145906668436,0.0010671801455118,0.870066925315069,0.0004965315665192,0.2206111401319503,-0.0008550584316253,0.8039555555555555,-0.0117111111111112,0.91676,0.0010499999999999,0.0008
celeba,iid,20,2025,9,19,0.917,0.0008,0.5038167938931297,-0.0063338282417753,0.9663145906668436,0.0011256671440972,0.870066925315069,0.000818818546371,0.2206111401319503,0.0002425760030746,0.8039555555555555,0.1103555555555555,0.91676,-0.0033199999999999,0.0008
celeba,iid,20,2025,10,0,0.9186,0.0,0.5107772697583279,0.0,0.9475251436409968,-0.0031440456867228,0.852470842280973,-0.0029028755105948,0.2104042023420334,-0.0005135983228683,0.8771111111111112,0.0124000000000001,0.916722,-0.0020939999999999,0.0
celeba,iid,20,2025,10,1,0.9186,0.0001999999999999,0.5107772697583279,0.0081640293402094,0.9475251436409968,-0.0042451901869534,0.852470842280973,-0.0039209944911525,0.2104042023420334,0.0018669962882995,0.8771111111111112,0.1380222222222222,0.916722,0.003166,0.0001999999999999
celeba,iid,20,2025,10,2,0.9186,0.0001999999999999,0.5107772697583279,0.0016309282949132,0.9475251436409968,-0.0020726957894944,0.852470842280973,-0.0020590011167047,0.2104042023420334,-0.0016991198062896,0.8771111111111112,0.0173777777777779,0.916722,0.002006,0.0001999999999999
celeba,iid,20,2025,10,3,0.9186,-0.0004,0.5107772697583279,0.0008752022936924,0.9475251436409968,-0.0029669371383301,0.852470842280973,-0.0027787426189649,0.2104042023420334,-0.001667782664299,0.8771111111111112,0.1000222222222224,0.916722,-0.0041879999999999,-0.0004
celeba,iid,20,2025,10,4,0.9186,0.0005999999999999,0.5107772697583279,0.002934132503426,0.9475251436409968,-0.0018244613521488,0.852470842280973,-0.0019348682250748,0.2104042023420334,-0.0006266385316848,0.8771111111111112,0.1167666666666666,0.916722,0.000896,0.0005999999999999
celeba,iid,20,2025,10,5,0.9186,0.0008,0.5107772697583279,0.0062001119553636,0.9475251436409968,0.0004195256813847,0.852470842280973,0.0012151267228146,0.2104042023420334,0.0013111233711242,0.8771111111111112,0.0988,0.916722,0.001592,0.0008
celeba,iid,20,2025,10,6,0.9186,0.0008,0.5107772697583279,-0.0024064303942107,0.9475251436409968,-0.0011784544406586,0.852470842280973,-0.0013392596144445,0.2104042023420334,-0.000233456492424,0.8771111111111112,0.109577777777778,0.916722,-0.0018759999999999,0.0008
celeba,iid,20,2025,10,7,0.9186,-0.0008,0.5107772697583279,-0.0019484209094988,0.9475251436409968,-0.0013383386369663,0.852470842280973,-0.0009429514380009,0.2104042023420334,0.000806301832199,0.8771111111111112,0.0682666666666667,0.916722,-0.0049739999999999,-0.0008
celeba,iid,20,2025,10,8,0.9186,0.0005999999999999,0.5107772697583279,0.0011912131134477,0.9475251436409968,0.0010980966325035,0.852470842280973,0.0010420284821118,0.2104042023420334,0.0010599344968795,0.8771111111111112,0.135677777777778,0.916722,0.000622,0.0005999999999999
celeba,iid,20,2025,10,9,0.9186,-0.0011999999999999,0.5107772697583279,-0.0017254482238421,0.9475251436409968,-0.0003301221958076,0.852470842280973,0.0001241328916299,0.2104042023420334,0.001220628619194,0.8771111111111112,0.1283222222222222,0.916722,-0.0006699999999999,-0.0011999999999999
celeba,iid,20,2025,10,10,0.9186,0.0013999999999999,0.5107772697583279,0.0072883905607701,0.9475251436409968,0.0003292984194891,0.852470842280973,0.0002972311323327,0.2104042023420334,0.0023802667856216,0.8771111111111112,0.0554888888888889,0.916722,0.003842,0.0013999999999999
celeba,iid,20,2025,10,11,0.9186,0.0,0.5107772697583279,0.0008708904855214,0.9475251436409968,-0.0005618950616196,0.852470842280973,-0.0004464198714815,0.2104042023420334,-0.0005940645933151,0.8771111111111112,0.1373555555555556,0.916722,0.003504,0.0
celeba,iid,20,2025,10,12,0.9186,0.0003999999999999,0.5107772697583279,-0.0019650521758911,0.9475251436409968,-0.0010082164411587,0.852470842280973,-0.0010670843296307,0.2104042023420334,-0.000347226858139,0.8771111111111112,0.0497111111111112,0.916722,-0.0054299999999999,0.0003999999999999
celeba,iid,20,2025,10,13,0.9186,-0.0016,0.5107772697583279,0.0034962438943852,0.9475251436409968,-0.0019713595875386,0.852470842280973,-0.0013893713094824,0.2104042023420334,-0.0007512420415878,0.8771111111111112,0.0276999999999998,0.916722,0.003326,-0.0016
celeba,iid,20,2025,10,14,0.9186,0.0003999999999999,0.5107772697583279,0.0015200273274849,0.9475251436409968,-0.0019954544885166,0.852470842280973,-0.0017617699843719,0.2104042023420334,0.0005268454551696,0.8771111111111112,0.1213555555555556,0.916722,0.001392,0.0003999999999999
celeba,iid,20,2025,10,15,0.9186,-0.0004,0.5107772697583279,0.0032691087137142,0.9475251436409968,-0.0016519992612405,0.852470842280973,-0.0012652384178526,0.2104042023420334,-0.0004824250936508,0.8771111111111112,0.0916222222222222,0.916722,0.009782,-0.0004
celeba,iid,20,2025,10,16,0.9186,-0.0001999999999999,0.5107772697583279,0.0025056110730863,0.9475251436409968,0.0024180280376282,0.852470842280973,0.0024815114866323,0.2104042023420334,-0.0019323974847793,0.8771111111111112,0.1880222222222223,0.916722,0.002412,-0.0001999999999999
celeba,iid,20,2025,10,17,0.9186,0.0001999999999999,0.5107772697583279,0.0005420781206972,0.9475251436409968,-0.0029799230992481,0.852470842280973,-0.0029279313581137,0.2104042023420334,-0.0005579143762588,0.8771111111111112,0.1431111111111112,0.916722,-0.003522,0.0001999999999999
celeba,iid,20,2025,10,18,0.9186,0.001,0.5107772697583279,0.0038025531061919,0.9475251436409968,0.0002937354750127,0.852470842280973,0.0002972311323327,0.2104042023420334,-5.334615707397461e-05,0.8771111111111112,0.1320000000000001,0.916722,0.002914,0.001
celeba,iid,20,2025,10,19,0.9186,-0.0011999999999999,0.5107772697583279,0.0006663760857903,0.9475251436409968,-0.0024284428365871,0.852470842280973,-0.0017617699843719,0.2104042023420334,0.0006945729255676,0.8771111111111112,0.0185666666666666,0.916722,-0.0019739999999999,-0.0011999999999999
celeba,iid,20,9928,1,0,0.5406,0.006,0.9670736219015909,-0.0127243578963889,0.9781083235416514,-0.0080957320506229,0.9763066665422062,-0.0087826477283763,0.6443820595741272,0.0034388899803161,0.8117555555555556,-0.0332444444444444,0.98623,-0.0040979999999999,0.006
celeba,iid,20,9928,1,1,0.5406,-0.0366,0.9670736219015909,0.0876557424837114,0.9781083235416514,0.0404740704021934,0.9763066665422062,0.0455497293886585,0.6443820595741272,-0.0095370411872863,0.8117555555555556,-0.0432888888888889,0.98623,0.014454,-0.0366
celeba,iid,20,9928,1,2,0.5406,-0.0008,0.9670736219015909,0.0010595842215022,0.9781083235416514,0.0013218770654329,0.9763066665422062,0.0013893713094824,0.6443820595741272,-0.000199556350708,0.8117555555555556,-0.0334444444444443,0.98623,-0.0007319999999999,-0.0008
celeba,iid,20,9928,1,3,0.5406,0.0033999999999999,0.9670736219015909,-0.0076099224022065,0.9781083235416514,-0.0047088045580279,0.9763066665422062,-0.0050860095189293,0.6443820595741272,0.0010483860969543,0.8117555555555556,-0.0328222222222223,0.98623,-0.0022859999999998,0.0033999999999999
celeba,iid,20,9928,1,4,0.5406,-0.0161999999999999,0.9670736219015909,0.0381943115567632,0.9781083235416514,0.021312972754645,0.9763066665422062,0.0232218577387932,0.6443820595741272,-0.007628321647644,0.8117555555555556,-0.0222222222222221,0.98623,0.005948,-0.0161999999999999
celeba,iid,20,9928,1,5,0.5406,0.0097999999999999,0.9670736219015909,-0.0212458958075274,0.9781083235416514,-0.0134654751413673,0.9763066665422062,-0.0145633429020468,0.6443820595741272,0.0047650933265686,0.8117555555555556,-0.0343111111111111,0.98623,-0.0069979999999999,0.0097999999999999
celeba,iid,20,9928,1,6,0.5406,0.0107999999999999,0.9670736219015909,-0.0231113535608478,0.9781083235416514,-0.0151178214731584,0.9763066665422062,-0.0163000570389,0.6443820595741272,0.0070626139640808,0.8117555555555556,-0.0474888888888889,0.98623,-0.0074819999999999,0.0107999999999999
celeba,iid,20,9928,1,7,0.5406,-0.0054,0.9670736219015909,0.0117622665902354,0.9781083235416514,0.0061951512814864,0.9763066665422062,0.0069218006998933,0.6443820595741272,-0.001304268836975,0.8117555555555556,-0.0118,0.98623,0.001204,-0.0054
celeba,iid,20,9928,1,8,0.5406,-0.0136,0.9670736219015909,0.0316712400899704,0.9781083235416514,0.017016872291988,0.9763066665422062,0.0187064009829752,0.6443820595741272,-0.003476083278656,0.8117555555555556,-0.0443333333333333,0.98623,0.003306,-0.0136
celeba,iid,20,9928,1,9,0.5406,-0.0176,0.9670736219015909,0.039807409074647,0.9781083235416514,0.0218079116790287,0.9763066665422062,0.0240156204376453,0.6443820595741272,-0.0035658478736877,0.8117555555555556,-0.0299888888888888,0.98623,0.0080960000000001,-0.0176
celeba,iid,20,9928,1,10,0.5406,0.0018,0.9670736219015909,-0.0036019534510446,0.9781083235416514,-0.0020650504271619,0.9763066665422062,-0.0023072668999645,0.6443820595741272,0.000453770160675,0.8117555555555556,-0.0037333333333333,0.98623,-0.0004839999999999,0.0018
celeba,iid,20,9928,1,11,0.5406,0.0083999999999999,0.9670736219015909,-0.0175186366478267,0.9781083235416514,-0.0120613632469216,0.9763066665422062,-0.0129507616568236,0.6443820595741272,0.0019989609718322,0.8117555555555556,-0.0638888888888888,0.98623,-0.0059859999999999,0.0083999999999999
celeba,iid,20,9928,1,12,0.5406,-0.0258,0.9670736219015909,0.062765712297071,0.9781083235416514,0.0317204597194684,0.9763066665422062,0.0349814021743561,0.6443820595741272,-0.0052424073219299,0.8117555555555556,-0.0096222222222221,0.98623,0.010182,-0.0258
celeba,iid,20,9928,1,13,0.5406,-0.04,0.9670736219015909,0.0965948068826448,0.9781083235416514,0.0433645290200974,0.9763066665422062,0.0489981018148457,0.6443820595741272,-0.0069669485092163,0.8117555555555556,-0.0701333333333331,0.98623,0.018436,-0.04
celeba,iid,20,9928,1,14,0.5406,0.013,0.9670736219015909,-0.0272402522454903,0.9781083235416514,-0.016934637462975,0.9763066665422062,-0.0184831910472346,0.6443820595741272,0.0100127458572387,0.8117555555555556,-0.0359555555555555,0.98623,-0.0104719999999999,0.013
celeba,iid,20,9928,1,15,0.5406,-0.0442,0.9670736219015909,0.1069505028865429,0.9781083235416514,0.0475768647034344,0.9763066665422062,0.0538358455505154,0.6443820595741272,-0.0062606334686279,0.8117555555555556,-0.0616000000000001,0.98623,0.01696,-0.0442
celeba,iid,20,9928,1,16,0.5406,0.003,0.9670736219015909,-0.0065126876222186,0.9781083235416514,-0.0040478660253113,0.9763066665422062,-0.0043913238641881,0.6443820595741272,0.0010076165199279,0.8117555555555556,-0.0185555555555554,0.98623,-0.0033939999999998,0.003
celeba,iid,20,9928,1,17,0.5406,0.012,0.9670736219015909,-0.0257375774930365,0.9781083235416514,-0.0152822911311839,0.9763066665422062,-0.0167464769103814,0.6443820595741272,0.0081333518028259,0.8117555555555556,0.0220111111111112,0.98623,-0.0085639999999999,0.012
celeba,iid,20,9928,1,18,0.5406,0.0115999999999999,0.9670736219015909,-0.0246087977581445,0.9781083235416514,-0.0164396985385912,0.9763066665422062,-0.0176894283483823,0.6443820595741272,0.0071035623550415,0.8117555555555556,0.0109666666666667,0.98623,-0.0084579999999999,0.0115999999999999
celeba,iid,20,9928,1,19,0.5406,-0.0161999999999999,0.9670736219015909,0.0363983345452689,0.9781083235416514,0.021312972754645,0.9763066665422062,0.0232218577387932,0.6443820595741272,-0.0044654011726379,0.8117555555555556,-0.0247111111111111,0.98623,0.005844,-0.0161999999999999
celeba,iid,20,9928,2,0,0.8854,0.0031999999999999,0.5753331827422634,-0.0048073749544039,0.9393617868667196,0.0029229780838575,0.8628364300231939,0.0005967549565952,0.3282512724399566,0.0008200407028198,0.6874222222222224,-0.0967111111111107,0.953442,0.0009799999999999,0.0031999999999999
celeba,iid,20,9928,2,1,0.8854,-0.002,0.5753331827422634,0.0071564867765208,0.9393617868667196,-0.0130375208091984,0.8628364300231939,-0.0097039823567529,0.3282512724399566,0.0023420751094818,0.6874222222222224,-0.118111111111111,0.953442,0.00133,-0.002
celeba,iid,20,9928,2,2,0.8854,-0.0024,0.5753331827422634,0.0053849962137659,0.9393617868667196,-0.0074129957369911,0.8628364300231939,-0.0054595545397838,0.3282512724399566,0.0005039870738983,0.6874222222222224,-0.0751555555555554,0.953442,0.001928,-0.0024
celeba,iid,20,9928,2,3,0.8854,0.0035999999999999,0.5753331827422634,-0.0096067129256884,0.9393617868667196,0.0044035684987291,0.8628364300231939,-0.0002960847863677,0.3282512724399566,-0.0007013976573944,0.6874222222222224,-0.0567999999999997,0.953442,0.001,0.0035999999999999
celeba,iid,20,9928,2,4,0.8854,0.0007999999999999,0.5753331827422634,-0.0005203103619644,0.9393617868667196,0.0017675043038707,0.8628364300231939,0.0029529872056326,0.3282512724399566,-0.0012637376785278,0.6874222222222224,-0.0274888888888886,0.953442,0.000712,0.0007999999999999
celeba,iid,20,9928,2,5,0.8854,-0.0028,0.5753331827422634,0.0047409737803179,0.9393617868667196,-0.0081297814668834,0.8628364300231939,-0.0053855333431918,0.3282512724399566,-0.0016674995422363,0.6874222222222224,-0.0953333333333332,0.953442,0.000766,-0.0028
celeba,iid,20,9928,2,6,0.8854,-0.001,0.5753331827422634,0.0053873343668121,0.9393617868667196,-0.0043068057256034,0.8628364300231939,-0.0022833573984104,0.3282512724399566,0.001708835363388,0.6874222222222224,-0.1279777777777775,0.953442,0.000302,-0.001
celeba,iid,20,9928,2,7,0.8854,0.0041999999999999,0.5753331827422634,-0.0086432130816131,0.9393617868667196,0.0001805275524455,0.8628364300231939,-0.0029017291646298,0.3282512724399566,-0.0014141798019409,0.6874222222222224,-0.0758888888888886,0.953442,-0.000228,0.0041999999999999
celeba,iid,20,9928,2,8,0.8854,0.0015999999999999,0.5753331827422634,0.0005425061185928,0.9393617868667196,0.0012449948678935,0.8628364300231939,5.011169503799096e-05,0.3282512724399566,-0.0012647211551666,0.6874222222222224,-0.0265999999999997,0.953442,-0.0001559999999999,0.0015999999999999
celeba,iid,20,9928,2,9,0.8854,0.0001999999999999,0.5753331827422634,-0.0014856152694853,0.9393617868667196,0.0032274633954922,0.8628364300231939,0.0037968615995227,0.3282512724399566,0.0018163621425628,0.6874222222222224,-0.1405333333333331,0.953442,0.0001919999999999,0.0001999999999999
celeba,iid,20,9928,2,10,0.8854,-0.0006,0.5753331827422634,0.0017440179567103,0.9393617868667196,-0.0016263057705048,0.8628364300231939,0.000917895590482,0.3282512724399566,-0.0016792118549346,0.6874222222222224,-0.0515333333333329,0.953442,2.4000000000024e-05,-0.0006
celeba,iid,20,9928,2,11,0.8854,0.0045999999999999,0.5753331827422634,-0.0104978799280363,0.9393617868667196,0.0021327857670412,0.8628364300231939,0.0004236567158923,0.3282512724399566,-0.0004013776779174,0.6874222222222224,-0.0947333333333331,0.953442,-0.0007359999999999,0.0045999999999999
celeba,iid,20,9928,2,12,0.8854,0.0063999999999999,0.5753331827422634,-0.0130627216945966,0.9393617868667196,0.0070859454746856,0.8628364300231939,0.000696978346671,0.3282512724399566,0.0031770467758178,0.6874222222222224,-0.0546888888888885,0.953442,0.0010299999999999,0.0063999999999999
celeba,iid,20,9928,2,13,0.8854,-0.0021999999999999,0.5753331827422634,0.0081858190649313,0.9393617868667196,-0.0143012699794842,0.8628364300231939,-0.0102255697707913,0.3282512724399566,-0.0003143548965454,0.6874222222222224,-0.0811999999999997,0.953442,0.001816,-0.0021999999999999
celeba,iid,20,9928,2,14,0.8854,-0.0031999999999999,0.5753331827422634,0.0020718728165375,0.9393617868667196,-0.0088542005262204,0.8628364300231939,-0.0058319532146733,0.3282512724399566,-0.0007544159889221,0.6874222222222224,-0.0991777777777775,0.953442,0.000878,-0.0031999999999999
celeba,iid,20,9928,2,15,0.8854,-0.0026,0.5753331827422634,0.005963813372894,0.9393617868667196,-0.0073701465336208,0.8628364300231939,-0.0039711061861904,0.3282512724399566,0.0009573101997375,0.6874222222222224,-0.0292444444444441,0.953442,0.002124,-0.0026
celeba,iid,20,9928,2,16,0.8854,0.001,0.5753331827422634,-0.0011028190668727,0.9393617868667196,0.0032522644704591,0.8628364300231939,-0.0001730982407028,0.3282512724399566,0.0016033053398132,0.6874222222222224,-0.1215333333333332,0.953442,0.0008559999999999,0.001
celeba,iid,20,9928,2,17,0.8854,0.0041999999999999,0.5753331827422634,-0.0095510660094388,0.9393617868667196,0.0027271152330723,0.8628364300231939,-0.0013882249635175,0.3282512724399566,0.0005240440368652,0.6874222222222224,-0.0905333333333331,0.953442,-0.0001959999999999,0.0041999999999999
celeba,iid,20,9928,2,18,0.8854,0.0023999999999999,0.5753331827422634,-0.0042817662951091,0.9393617868667196,0.0019579579166196,0.8628364300231939,0.0005466432615572,0.3282512724399566,0.0013569593429565,0.6874222222222224,-0.1188666666666664,0.953442,-0.001712,0.0023999999999999
celeba,iid,20,9928,2,19,0.8854,0.0033999999999999,0.5753331827422634,-0.0074332571670336,0.9393617868667196,4.592113687240662e-05,0.8628364300231939,-0.0012640920718876,0.3282512724399566,-0.0016562640666961,0.6874222222222224,-0.0301999999999997,0.953442,-0.0005359999999999,0.0033999999999999
celeba,iid,20,9928,3,0,0.895,-0.0003999999999999,0.5423463687150838,0.0011357365953608,0.9684338350876452,-0.0023186374959809,0.8814825659611563,-0.0013153501128905,0.2518230378627777,0.0012771189212799,0.7919,0.0496888888888888,0.953954,-0.001018,-0.0003999999999999
celeba,iid,20,9928,3,1,0.895,-0.001,0.5423463687150838,0.0012749401436551,0.9684338350876452,0.000452436791564,0.8814825659611563,-0.0023573785950022,0.2518230378627777,0.0013774931430816,0.7919,-0.1047,0.953954,4.999999999999449e-05,-0.001
celeba,iid,20,9928,3,2,0.895,-0.0021999999999999,0.5423463687150838,0.0002152942612273,0.9684338350876452,0.0018060661531946,0.8814825659611563,-0.0027536867714459,0.2518230378627777,-0.0019485205411911,0.7919,0.0210333333333334,0.953954,-9.9999999999989e-05,-0.0021999999999999
celeba,iid,20,9928,3,3,0.895,-0.0013999999999999,0.5423463687150838,-0.0027227968360095,0.9684338350876452,0.0016840986279889,0.8814825659611563,-4.896534907294914e-05,0.2518230378627777,-0.0025389790534973,0.7919,-0.0224111111111109,0.953954,-0.001466,-0.0013999999999999
celeba,iid,20,9928,3,4,0.895,0.001,0.5423463687150838,0.0007356304600503,0.9684338350876452,-0.0012828505432286,0.8814825659611563,0.0006696298072222,0.2518230378627777,-0.0003820359706878,0.7919,-0.0196333333333331,0.953954,0.0002059999999999,0.001
celeba,iid,20,9928,3,5,0.895,0.0,0.5423463687150838,0.001340782122905,0.9684338350876452,-0.0037357473842319,0.8814825659611563,-0.0006707761531871,0.2518230378627777,0.0013085603713989,0.7919,0.0123333333333333,0.953954,-1.0000000000065512e-05,0.0
celeba,iid,20,9928,3,6,0.895,-0.0011999999999999,0.5423463687150838,-0.0015054500753648,0.9684338350876452,0.0025580557241251,0.8814825659611563,-0.0001981540882218,0.2518230378627777,-0.0013893842697143,0.7919,0.0510555555555556,0.953954,-0.000952,-0.0011999999999999
celeba,iid,20,9928,3,7,0.895,-0.0023999999999999,0.5423463687150838,-0.0010010794685577,0.9684338350876452,0.0008254202236295,0.8814825659611563,-0.0005204410680734,0.2518230378627777,-0.0012699365615844,0.7919,0.0198,0.953954,-0.001246,-0.0023999999999999
celeba,iid,20,9928,3,8,0.895,-0.0013999999999999,0.5423463687150838,0.0006239233781806,0.9684338350876452,0.0001610060802975,0.8814825659611563,-0.0023072668999644,0.2518230378627777,-0.0010326206684112,0.7919,-0.0400888888888888,0.953954,-0.001126,-0.0013999999999999
celeba,iid,20,9928,3,9,0.895,0.0004,0.5423463687150838,0.0019931382210082,0.9684338350876452,-0.0005511331921101,0.8814825659611563,0.0016376370927422,0.2518230378627777,0.0009467601776123,0.7919,-0.067711111111111,0.953954,-0.00029,0.0004
celeba,iid,20,9928,3,10,0.895,0.0014,0.5423463687150838,0.0045218387240363,0.9684338350876452,-0.0036401795237506,0.8814825659611563,-0.0027058677683378,0.2518230378627777,0.0040604472160339,0.7919,-0.0690777777777775,0.953954,4.399999999993298e-05,0.0014
celeba,iid,20,9928,3,11,0.895,-0.0008,0.5423463687150838,0.0004843459421434,0.9684338350876452,-0.0011535847262413,0.8814825659611563,-0.0015135042011122,0.2518230378627777,-0.0004703104496002,0.7919,0.0257444444444443,0.953954,-0.000458,-0.0008
celeba,iid,20,9928,3,12,0.895,-0.003,0.5423463687150838,-0.0073195555610854,0.9684338350876452,0.0026828047188451,0.8814825659611563,0.0015146505470773,0.2518230378627777,-0.003356784582138,0.7919,-0.0394555555555555,0.953954,-0.001476,-0.003
celeba,iid,20,9928,3,13,0.895,0.0008,0.5423463687150838,0.0039880596119747,0.9684338350876452,0.0011581015485087,0.8814825659611563,-0.0023824344425211,0.2518230378627777,0.00136598944664,0.7919,0.0505777777777778,0.953954,0.000448,0.0008
celeba,iid,20,9928,3,14,0.895,-0.0008,0.5423463687150838,0.0087451184360036,0.9684338350876452,-0.0017954339189023,0.8814825659611563,-0.0017378604828179,0.2518230378627777,0.0032864212989807,0.7919,-0.0401333333333333,0.953954,0.0008759999999999,-0.0008
celeba,iid,20,9928,3,15,0.895,0.0008,0.5423463687150838,0.0048827140516976,0.9684338350876452,0.001772021126138,0.8814825659611563,-0.0009429514380008,0.2518230378627777,-0.0002555549144744,0.7919,-0.0648777777777778,0.953954,-0.000238,0.0008
celeba,iid,20,9928,3,16,0.895,-0.002,0.5423463687150838,-0.0054797182414378,0.9684338350876452,0.0012901488350102,0.8814825659611563,-0.0001480423931838,0.2518230378627777,-0.0035201013088226,0.7919,-0.0006333333333332,0.953954,-0.001364,-0.002
celeba,iid,20,9928,3,17,0.895,-0.0011999999999999,0.5423463687150838,0.0013956880634435,0.9684338350876452,-0.0011853249895514,0.8814825659611563,-0.0013893713094823,0.2518230378627777,0.0008927285671234,0.7919,-0.0402111111111112,0.953954,0.000278,-0.0011999999999999
celeba,iid,20,9928,3,18,0.895,0.0011999999999999,0.5423463687150838,0.0057610028614252,0.9684338350876452,-0.0048030021355176,0.8814825659611563,-0.0009190419364468,0.2518230378627777,0.0033888816833496,0.7919,0.0261222222222223,0.953954,0.0008219999999999,0.0011999999999999
celeba,iid,20,9928,3,19,0.895,0.0,0.5423463687150838,0.0020111731843575,0.9684338350876452,-0.0010901041996208,0.8814825659611563,-0.001761769984372,0.2518230378627777,0.000616043806076,0.7919,-0.0056444444444443,0.953954,-4.999999999999449e-05,0.0
celeba,iid,20,9928,4,0,0.8944,-0.0008,0.5105098389982111,0.0026903573181396,0.9748589535653798,0.0024329596588544,0.8831236420917932,0.0025805885307431,0.2516350150108337,-0.0001025795936584,0.7688222222222221,-0.1240888888888889,0.935692,-0.000452,-0.0008
celeba,iid,20,9928,4,1,0.8944,0.0001999999999999,0.5105098389982111,0.0023461172357418,0.9748589535653798,1.8754302392287592e-05,0.8831236420917932,-2.505584751899548e-05,0.2516350150108337,0.0005819201469421,0.7688222222222221,0.0756999999999996,0.935692,-0.000954,0.0001999999999999
celeba,iid,20,9928,4,2,0.8944,-0.0008,0.5105098389982111,0.0015732885067009,0.9748589535653798,0.0008272852115998,0.8831236420917932,0.0010670843296307,0.2516350150108337,-0.0016320943832397,0.7688222222222221,-0.0177333333333336,0.935692,0.0016439999999999,-0.0008
celeba,iid,20,9928,4,3,0.8944,-0.001,0.5105098389982111,-0.0005466720582999,0.9748589535653798,0.0001900945093107,0.8831236420917932,0.0002733216307786,0.2516350150108337,-0.0013359785079956,0.7688222222222221,-0.1000444444444443,0.935692,-0.0008099999999999,-0.001
celeba,iid,20,9928,4,4,0.8944,0.0011999999999999,0.5105098389982111,0.0026728484025998,0.9748589535653798,0.0020615868494341,0.8831236420917932,0.0018357911809638,0.2516350150108337,0.000842660665512,0.7688222222222221,-0.0231888888888889,0.935692,-0.000456,0.0011999999999999
celeba,iid,20,9928,4,5,0.8944,0.001,0.5105098389982111,0.0043535820024646,0.9748589535653798,0.0014155799379438,0.8831236420917932,0.0012401825703336,0.2516350150108337,0.0012668073177337,0.7688222222222221,-0.0040444444444447,0.935692,0.003398,0.001
celeba,iid,20,9928,4,6,0.8944,0.0003999999999999,0.5105098389982111,0.0004427249042514,0.9748589535653798,0.0022011867930424,0.8831236420917932,0.0020100357676318,0.2516350150108337,-0.0002526938915252,0.7688222222222221,-0.0290000000000001,0.935692,-0.002388,0.0003999999999999
celeba,iid,20,9928,4,7,0.8944,-0.002,0.5105098389982111,-0.0042157299442252,0.9748589535653798,0.0040822384463475,0.8831236420917932,0.0039961620337094,0.2516350150108337,-0.0051199197769165,0.7688222222222221,0.0500222222222221,0.935692,-0.005058,-0.002
celeba,iid,20,9928,4,8,0.8944,0.0008,0.5105098389982111,0.0069288184073427,0.9748589535653798,0.002238695397827,0.8831236420917932,0.0019599240725938,0.2516350150108337,0.0011643469333648,0.7688222222222221,-0.0409777777777777,0.935692,0.0010759999999999,0.0008
celeba,iid,20,9928,4,9,0.8944,-0.0011999999999999,0.5105098389982111,0.0011306518610963,0.9748589535653798,0.0026754257547256,0.8831236420917932,0.0028789660090408,0.2516350150108337,-0.0019212961196899,0.7688222222222221,0.0107333333333334,0.935692,-0.00129,-0.0011999999999999
celeba,iid,20,9928,4,10,0.8944,0.003,0.5105098389982111,0.01039765591542,0.9748589535653798,0.0029318019367422,0.8831236420917932,0.0022070435098886,0.2516350150108337,0.0068256855010986,0.7688222222222221,-0.0345555555555556,0.935692,0.0027199999999999,0.003
celeba,iid,20,9928,4,11,0.8944,0.0001999999999999,0.5105098389982111,0.0003331447463659,0.9748589535653798,-0.0003977724741448,0.8831236420917932,-0.0004714757190005,0.2516350150108337,-0.0005681216716766,0.7688222222222221,-0.0375777777777779,0.935692,-0.0005,0.0001999999999999
celeba,iid,20,9928,4,12,0.8944,-0.0018,0.5105098389982111,-0.0038842694597224,0.9748589535653798,0.0020026721079602,0.8831236420917932,0.0020852033101885,0.2516350150108337,-0.0029672235250473,0.7688222222222221,0.019311111111111,0.935692,-0.003944,-0.0018
celeba,iid,20,9928,4,13,0.8944,0.0033999999999999,0.5105098389982111,0.0025412643629697,0.9748589535653798,0.000953979866628,0.8831236420917932,4.896534907294914e-05,0.2516350150108337,0.003262311220169,0.7688222222222221,-0.0079111111111112,0.935692,-0.0002079999999999,0.0033999999999999
celeba,iid,20,9928,4,14,0.8944,0.0035999999999999,0.5105098389982111,0.0084891834077306,0.9748589535653798,0.0020769462135489,0.8831236420917932,0.0013631691159986,0.2516350150108337,0.0069484412670135,0.7688222222222221,-0.0583000000000002,0.935692,0.0017499999999999,0.0035999999999999
celeba,iid,20,9928,4,15,0.8944,-0.0011999999999999,0.5105098389982111,0.002470535737827,0.9748589535653798,0.0027446746228204,0.8831236420917932,0.0029529872056326,0.2516350150108337,-0.0008631944656372,0.7688222222222221,0.0345555555555554,0.935692,0.001726,-0.0011999999999999
celeba,iid,20,9928,4,16,0.8944,-0.0016,0.5105098389982111,0.0002419818553539,0.9748589535653798,0.002997902588201,0.8831236420917932,0.0030030989006706,0.2516350150108337,-0.0040915161371231,0.7688222222222221,0.0274666666666663,0.935692,-0.001998,-0.0016
celeba,iid,20,9928,4,17,0.8944,-0.0004,0.5105098389982111,0.0011222663562799,0.9748589535653798,0.0009497294425733,0.8831236420917932,0.0007447973497791,0.2516350150108337,-0.0002330839633941,0.7688222222222221,0.0129111111111108,0.935692,-0.001798,-0.0004
celeba,iid,20,9928,4,18,0.8944,-0.0001999999999999,0.5105098389982111,0.0032440218732391,0.9748589535653798,0.0005323788897179,0.8831236420917932,0.0007197415022601,0.2516350150108337,0.0005489289760589,0.7688222222222221,0.0647222222222221,0.935692,0.0015859999999999,-0.0001999999999999
celeba,iid,20,9928,4,19,0.8944,-0.0008,0.5105098389982111,-0.0008842628784645,0.9748589535653798,0.0026436854914153,0.8831236420917932,0.0027548331174109,0.2516350150108337,-0.0015885829925537,0.7688222222222221,-0.0793111111111111,0.935692,-0.0029799999999999,-0.0008
celeba,iid,20,9928,5,0,0.8962,0.001,0.5052443650970766,0.0003292623267459,0.9694675259068458,0.0032904672163448,0.8770946811348629,0.0032502183379653,0.2452327609062194,0.0012120604515075,0.8677666666666666,0.1290111111111109,0.920028,-0.0003240000000001,0.001
celeba,iid,20,9928,5,1,0.8962,0.0031999999999999,0.5052443650970766,0.002892741356875,0.9694675259068458,-0.0022741776699654,0.8770946811348629,-0.0030030989006705,0.2452327609062194,0.0028572976589202,0.8677666666666666,0.0445666666666666,0.920028,0.00134,0.0031999999999999
celeba,iid,20,9928,5,2,0.8962,-0.0011999999999999,0.5052443650970766,-0.0004387193691591,0.9694675259068458,-0.0005339774794755,0.8770946811348629,-0.0001981540882217,0.2452327609062194,-0.002798244357109,0.8677666666666666,0.0014555555555555,0.920028,0.0013699999999999,-0.0011999999999999
celeba,iid,20,9928,5,3,0.8962,-0.0008,0.5052443650970766,-0.0002182881916636,0.9694675259068458,-0.00028574304213,0.8770946811348629,-7.402119659194462e-05,0.2452327609062194,-0.0013510733842849,0.8677666666666666,0.1024111111111112,0.920028,0.0024419999999999,-0.0008
celeba,iid,20,9928,5,4,0.8962,0.002,0.5052443650970766,0.002001242753082,0.9694675259068458,-0.0008552027937439,0.8770946811348629,-0.0013153501128905,0.2452327609062194,0.0009082108736038,0.8677666666666666,0.1286888888888888,0.920028,0.0010879999999999,0.002
celeba,iid,20,9928,5,5,0.8962,0.0008,0.5052443650970766,0.0011121336921179,0.9694675259068458,-0.0004800073031575,0.8770946811348629,-0.0006946856547411,0.2452327609062194,-0.0003885775804519,0.8677666666666666,0.1082555555555553,0.920028,0.0043719999999999,0.0008
celeba,iid,20,9928,5,6,0.8962,0.0003999999999999,0.5052443650970766,-0.0037978318218785,0.9694675259068458,0.0011574074074073,0.8770946811348629,0.0009429514380009,0.2452327609062194,-0.0007412582635879,0.8677666666666666,0.013411111111111,0.920028,-0.002778,0.0003999999999999
celeba,iid,20,9928,5,7,0.8962,-0.004,0.5052443650970766,-0.0021984253939253,0.9694675259068458,0.0046271265912156,0.8770946811348629,0.0057579320180815,0.2452327609062194,-0.0054766088724136,0.8677666666666666,0.1099666666666665,0.920028,-0.006182,-0.004
celeba,iid,20,9928,5,8,0.8962,0.0028,0.5052443650970766,0.0015506108996286,0.9694675259068458,0.0012381243190004,0.8770946811348629,0.0006445739597032,0.2452327609062194,0.0013952702283859,0.8677666666666666,0.0422999999999997,0.920028,0.000834,0.0028
celeba,iid,20,9928,5,9,0.8962,0.0013999999999999,0.5052443650970766,0.0021151742164329,0.9694675259068458,0.0029875684615802,0.8770946811348629,0.0026796655748539,0.2452327609062194,0.0009916573762893,0.8677666666666666,0.0828111111111109,0.920028,0.0012879999999999,0.0013999999999999
celeba,iid,20,9928,5,10,0.8962,0.003,0.5052443650970766,0.0045726230460241,0.9694675259068458,0.0049412956307163,0.8770946811348629,0.0044653450607801,0.2452327609062194,0.0045362263917922,0.8677666666666666,0.1204333333333333,0.920028,0.0049679999999999,0.003
celeba,iid,20,9928,5,11,0.8962,-0.0003999999999999,0.5052443650970766,-0.0020052445393275,0.9694675259068458,-0.0014285658988618,0.8770946811348629,-0.0013893713094824,0.2452327609062194,-0.0002135783433914,0.8677666666666666,0.0374555555555553,0.920028,-0.002032,-0.0003999999999999
celeba,iid,20,9928,5,12,0.8962,-0.0006,0.5052443650970766,-0.0021151353489536,0.9694675259068458,-0.0024237963791026,0.8770946811348629,-0.0023072668999645,0.2452327609062194,-0.0009225010871887,0.8677666666666666,0.0850999999999999,0.920028,-0.00351,-0.0006
celeba,iid,20,9928,5,13,0.8962,0.0016,0.5052443650970766,0.0017791292374744,0.9694675259068458,0.0031409291795455,0.8770946811348629,0.0029028755105947,0.2452327609062194,0.0017963200807571,0.8677666666666666,0.1025777777777776,0.920028,0.000684,0.0016
celeba,iid,20,9928,5,14,0.8962,0.0028,0.5052443650970766,0.0013267470088742,0.9694675259068458,0.0001943449333654,0.8770946811348629,-0.0004225103699274,0.2452327609062194,0.0037508308887481,0.8677666666666666,0.0003888888888887,0.920028,0.0016779999999999,0.0028
celeba,iid,20,9928,5,15,0.8962,-0.0016,0.5052443650970766,0.0022370137938909,0.9694675259068458,-0.0005022372161652,0.8770946811348629,-7.402119659194462e-05,0.2452327609062194,-0.0019507259130477,0.8677666666666666,0.0358777777777776,0.920028,0.0034139999999999,-0.0016
celeba,iid,20,9928,5,16,0.8962,-0.003,0.5052443650970766,-0.0005385530523895,0.9694675259068458,0.0017202750412286,0.8770946811348629,0.0027798889649298,0.2452327609062194,-0.0039931386709213,0.8677666666666666,0.0598777777777776,0.920028,-0.003522,-0.003
celeba,iid,20,9928,5,17,0.8962,0.0001999999999999,0.5052443650970766,-0.0027913491886377,0.9694675259068458,-0.000117797773489,0.8770946811348629,-0.0002232099357407,0.2452327609062194,-0.0001051276922225,0.8677666666666666,0.1094333333333332,0.920028,-0.002514,0.0001999999999999
celeba,iid,20,9928,5,18,0.8962,0.002,0.5052443650970766,0.002001242753082,0.9694675259068458,0.0029638206311527,0.8770946811348629,0.0027787426189649,0.2452327609062194,0.0015727281570434,0.8677666666666666,0.0815666666666665,0.920028,0.0022999999999999,0.002
celeba,iid,20,9928,5,19,0.8962,-0.0011999999999999,0.5052443650970766,-0.0044503084041491,0.9694675259068458,-0.001926980433861,0.8770946811348629,-0.0015875253977041,0.2452327609062194,-0.0011408478021621,0.8677666666666666,0.0992111111111111,0.920028,-0.003012,-0.0011999999999999
celeba,iid,20,9928,6,0,0.9018,0.0018,0.5120869372366379,-0.0014686183189176,0.9594906500135976,0.0022505105118759,0.8656050192921838,0.0020590011167047,0.2371135205030441,0.0007215440273284,0.7954444444444444,0.0398666666666667,0.92336,0.0010559999999999,0.0018
celeba,iid,20,9928,6,1,0.9018,-0.0001999999999999,0.5120869372366379,0.0007787332455071,0.9594906500135976,-0.0014098115964695,0.8656050192921838,-0.0014144271570013,0.2371135205030441,-3.947317600250244e-05,0.7954444444444444,0.0931222222222223,0.92336,0.0003019999999999,-0.0001999999999999
celeba,iid,20,9928,6,2,0.9018,0.0012,0.5120869372366379,0.0033150074120764,0.9594906500135976,-0.0019701080683316,0.8656050192921838,-0.0023824344425212,0.2371135205030441,0.0009499043226242,0.7954444444444444,-0.033111111111111,0.92336,0.0014039999999999,0.0012
celeba,iid,20,9928,6,3,0.9018,0.001,0.5120869372366379,0.0023178430980943,0.9594906500135976,0.0027393340242346,0.8656050192921838,0.0025555326832241,0.2371135205030441,-0.0010518431663513,0.7954444444444444,0.0343555555555556,0.92336,0.0075319999999999,0.001
celeba,iid,20,9928,6,4,0.9018,0.0008,0.5120869372366379,0.002430999389801,0.9594906500135976,0.0004876526654897,0.8656050192921838,0.0004464198714815,0.2371135205030441,8.67694616317749e-05,0.7954444444444444,0.0013555555555555,0.92336,-0.00072,0.0008
celeba,iid,20,9928,6,5,0.9018,0.0008,0.5120869372366379,-0.0008986343504875,0.9594906500135976,0.0028571317977238,0.8656050192921838,0.0027787426189649,0.2371135205030441,-9.706616401672365e-05,0.7954444444444444,0.0238888888888888,0.92336,0.0029659999999999,0.0008
celeba,iid,20,9928,6,6,0.9018,-0.0011999999999999,0.5120869372366379,-0.0015343252218338,0.9594906500135976,2.791758214415463e-05,0.8656050192921838,0.0002482657832598,0.2371135205030441,-0.0011645257472991,0.7954444444444444,-0.0343333333333333,0.92336,-0.001932,-0.0011999999999999
celeba,iid,20,9928,6,7,0.9018,-0.002,0.5120869372366379,-0.0026287078175776,0.9594906500135976,0.0015585748198297,0.8656050192921838,0.0018619933744479,0.2371135205030441,-0.0045457780361175,0.7954444444444444,0.0014666666666667,0.92336,-0.002704,-0.002
celeba,iid,20,9928,6,8,0.9018,-0.0001999999999999,0.5120869372366379,0.0027742986557066,0.9594906500135976,0.0013742486519933,0.8656050192921838,0.0014144271570014,0.2371135205030441,0.0001652389764785,0.7954444444444444,-0.0352000000000001,0.92336,-0.001528,-0.0001999999999999
celeba,iid,20,9928,6,9,0.9018,0.0004,0.5120869372366379,0.0019915300921959,0.9594906500135976,0.0022596737916278,0.8656050192921838,0.0023323227474834,0.2371135205030441,0.0004606992006301,0.7954444444444444,0.0421222222222221,0.92336,0.0010359999999999,0.0004
celeba,iid,20,9928,6,10,0.9018,0.0038,0.5120869372366379,0.0067417256553461,0.9594906500135976,0.0037559706411648,0.8656050192921838,0.0032741278395194,0.2371135205030441,0.0047990828752517,0.7954444444444444,0.0465333333333333,0.92336,0.0057039999999999,0.0038
celeba,iid,20,9928,6,11,0.9018,0.0008,0.5120869372366379,-0.001786536681231,0.9594906500135976,-0.0020164328823174,0.8656050192921838,-0.0021341686592616,0.2371135205030441,0.0009631216526031,0.7954444444444444,0.0144999999999999,0.92336,-0.002666,0.0008
celeba,iid,20,9928,6,12,0.9018,-0.0007999999999999,0.5120869372366379,-0.0013187795814432,0.9594906500135976,-0.0004203494577031,0.8656050192921838,-0.0003222869798515,0.2371135205030441,-0.0006762146949768,0.7954444444444444,0.0567111111111111,0.92336,-0.002198,-0.0007999999999999
celeba,iid,20,9928,6,13,0.9018,0.002,0.5120869372366379,0.002195850328436,0.9594906500135976,0.0010889333527518,0.8656050192921838,0.0007687068513331,0.2371135205030441,0.0035348236560821,0.7954444444444444,-0.0186333333333332,0.92336,-0.001766,0.002
celeba,iid,20,9928,6,14,0.9018,0.0028,0.5120869372366379,0.0039668037549915,0.9594906500135976,0.0003982002170334,0.8656050192921838,-0.0001002233900757,0.2371135205030441,0.0032205134630203,0.7954444444444444,-0.0195777777777776,0.92336,0.0014539999999999,0.0028
celeba,iid,20,9928,6,15,0.9018,-0.0007999999999999,0.5120869372366379,-0.00021086910061,0.9594906500135976,-0.0001403747570474,0.8656050192921838,-7.402119659194462e-05,0.2371135205030441,-0.0040710419416427,0.7954444444444444,-0.0178222222222219,0.92336,0.0017679999999999,-0.0007999999999999
celeba,iid,20,9928,6,16,0.9018,-0.0013999999999999,0.5120869372366379,-0.0009777217536189,0.9594906500135976,0.0011983109504695,0.8656050192921838,0.0013404059604094,0.2371135205030441,-0.0038113743066787,0.7954444444444444,-0.0642111111111112,0.92336,-0.0027179999999999,-0.0013999999999999
celeba,iid,20,9928,6,17,0.9018,0.0016,0.5120869372366379,0.0024224182408592,0.9594906500135976,-0.0006869104545522,0.8656050192921838,-0.0009930631330388,0.2371135205030441,0.001590758562088,0.7954444444444444,-0.0253333333333334,0.92336,-0.00126,0.0016
celeba,iid,20,9928,6,18,0.9018,0.0002,0.5120869372366379,0.0007737162960876,0.9594906500135976,-5.0494565702496885e-05,0.8656050192921838,-9.90770441109401e-05,0.2371135205030441,-0.0010424554347991,0.7954444444444444,0.0356666666666667,0.92336,0.0033119999999999,0.0002
celeba,iid,20,9928,6,19,0.9018,-0.0011999999999999,0.5120869372366379,0.0015664499719645,0.9594906500135976,-0.0022742583423033,0.8656050192921838,-0.0019599240725938,0.2371135205030441,-0.0010241717100143,0.7954444444444444,0.0732777777777777,0.92336,0.0021859999999999,-0.0011999999999999
celeba,iid,20,9928,7,0,0.9064,0.0,0.5055163283318623,0.0006619593998234,0.9580296007474448,0.0020202555634835,0.8634697042869572,0.0020100357676318,0.2336825728416443,0.0005426257848739,0.8644666666666667,0.1145777777777778,0.930096,-3.799999999998249e-05,0.0
celeba,iid,20,9928,7,1,0.9064,-0.0006,0.5055163283318623,-0.0003271115799348,0.9580296007474448,-0.0020745728103521,0.8634697042869572,-0.0019849799201128,0.2336825728416443,-0.0001788884401321,0.8644666666666667,0.0262444444444445,0.930096,-0.0017519999999999,-0.0006
celeba,iid,20,9928,7,2,0.9064,0.0013999999999999,0.5055163283318623,0.0020909139672214,0.9580296007474448,-0.0003583868485023,0.8634697042869572,-0.0005956086106304,0.2336825728416443,-0.0012801736593246,0.8644666666666667,0.0679555555555555,0.930096,0.001206,0.0013999999999999
celeba,iid,20,9928,7,3,0.9064,0.0001999999999999,0.5055163283318623,0.0016540462749212,0.9580296007474448,-0.0002134952691875,0.8634697042869572,0.0002972311323325,0.2336825728416443,0.0013027042150497,0.8644666666666667,-0.0359777777777776,0.930096,0.0037599999999999,0.0001999999999999
celeba,iid,20,9928,7,4,0.9064,-0.0008,0.5055163283318623,-0.0010974282818942,0.9580296007474448,0.0015218410284844,0.8634697042869572,0.0018118816794099,0.2336825728416443,-0.002165675163269,0.8644666666666667,0.0431888888888889,0.930096,-0.0007659999999999,-0.0008
celeba,iid,20,9928,7,5,0.9064,0.0005999999999999,0.5055163283318623,-0.0003348529443575,0.9580296007474448,0.0007488730637531,0.8634697042869572,0.0007197415022601,0.2336825728416443,-0.0006991773843765,0.8644666666666667,0.1633444444444443,0.930096,-0.0001299999999999,0.0005999999999999
celeba,iid,20,9928,7,6,0.9064,-0.001,0.5055163283318623,-0.0045123249632665,0.9580296007474448,-0.0019667131300541,0.8634697042869572,-0.0019348682250748,0.2336825728416443,-0.0011842399835586,0.8644666666666667,0.1274111111111111,0.930096,-0.0018039999999999,-0.001
celeba,iid,20,9928,7,7,0.9064,-0.0008,0.5055163283318623,-0.003302013819813,0.9580296007474448,6.348052662052961e-05,0.8634697042869572,0.0002482657832597,0.2336825728416443,-6.189942359924316e-05,0.8644666666666667,0.0774111111111113,0.930096,-0.0047379999999999,-0.0008
celeba,iid,20,9928,7,8,0.9064,-0.0016,0.5055163283318623,0.0028731565256948,0.9580296007474448,-0.0004241721388692,0.8634697042869572,-0.0001981540882217,0.2336825728416443,-0.0016882866621017,0.8644666666666667,0.0390111111111111,0.930096,0.000194,-0.0016
celeba,iid,20,9928,7,9,0.9064,0.0001999999999999,0.5055163283318623,0.0001091334521448,0.9580296007474448,0.0011298368958139,0.8634697042869572,0.0011661613737417,0.2336825728416443,0.0010684579610824,0.8644666666666667,0.0113555555555555,0.930096,0.0022119999999999,0.0001999999999999
celeba,iid,20,9928,7,10,0.9064,0.0013999999999999,0.5055163283318623,0.0043008587186026,0.9580296007474448,0.0029699360431777,0.8634697042869572,0.0030759737512975,0.2336825728416443,0.0039088577032089,0.8644666666666667,0.0305999999999999,0.930096,0.004886,0.0013999999999999
celeba,iid,20,9928,7,11,0.9064,-0.0006,0.5055163283318623,-0.0042962405766272,0.9580296007474448,-0.0022872443032212,0.8634697042869572,-0.0021091128117426,0.2336825728416443,-0.0007638186216354,0.8644666666666667,0.0696777777777779,0.930096,-0.00224,-0.0006
celeba,iid,20,9928,7,12,0.9064,-0.0028,0.5055163283318623,-0.0043824838106806,0.9580296007474448,-0.0046513828368696,0.8634697042869572,-0.0040439810368175,0.2336825728416443,-0.0023735910654067,0.8644666666666667,0.0766999999999999,0.930096,-0.0024079999999999,-0.0028
celeba,iid,20,9928,7,13,0.9064,0.0015999999999999,0.5055163283318623,0.0006533751930472,0.9580296007474448,5.926181202453584e-05,0.8634697042869572,0.0002220635897758,0.2336825728416443,0.0050009936094284,0.8644666666666667,0.0600333333333333,0.930096,0.002448,0.0015999999999999
celeba,iid,20,9928,7,14,0.9064,0.0015999999999999,0.5055163283318623,0.0028638084379631,0.9580296007474448,0.0002699876445854,0.8634697042869572,0.0003963081764435,0.2336825728416443,0.0040583163499832,0.8644666666666667,2.220446049250313e-16,0.930096,0.000568,0.0015999999999999
celeba,iid,20,9928,7,15,0.9064,-0.0008,0.5055163283318623,-0.0068293506804834,0.9580296007474448,-0.0002769268329289,0.8634697042869572,-0.0002721752848138,0.2336825728416443,-0.0044680684804916,0.8644666666666667,0.1471333333333335,0.930096,-0.0016239999999999,-0.0008
celeba,iid,20,9928,7,16,0.9064,0.0,0.5055163283318623,0.0019858781994704,0.9580296007474448,0.000839924101967,0.8634697042869572,0.0007447973497791,0.2336825728416443,-0.0012105554342269,0.8644666666666667,0.042688888888889,0.930096,-0.0043839999999999,0.0
celeba,iid,20,9928,7,17,0.9064,-0.0011999999999999,0.5055163283318623,-0.0008741520559737,0.9580296007474448,-0.0003974254035942,0.8634697042869572,0.0,0.2336825728416443,-0.0001081526279449,0.8644666666666667,0.032088888888889,0.930096,-0.0013059999999999,-0.0011999999999999
celeba,iid,20,9928,7,18,0.9064,-0.0008,0.5055163283318623,-0.0037429309273969,0.9580296007474448,-0.0004203494577031,0.8634697042869572,-0.0003222869798515,0.2336825728416443,-0.0012035518884658,0.8644666666666667,0.0718777777777777,0.930096,0.00014,-0.0008
celeba,iid,20,9928,7,19,0.9064,-0.0006,0.5055163283318623,-0.0023116760782809,0.9580296007474448,-0.0012522811267875,0.8634697042869572,-0.0008438743938901,0.2336825728416443,0.0010015368461608,0.8644666666666667,0.0412444444444446,0.930096,-0.000518,-0.0006
celeba,iid,20,9928,8,0,0.9048,-0.0001999999999999,0.5064102564102564,-0.001656041932285,0.9586668404126132,-0.0003660322108345,0.8639423263519226,-0.0003473428273707,0.2358811348676681,-4.954636096954346e-05,0.8000222222222222,0.0864444444444443,0.930622,-0.0002139999999999,-0.0001999999999999
celeba,iid,20,9928,8,1,0.9048,0.0006,0.5064102564102564,0.0058572814047266,0.9586668404126132,-0.0034350606879882,0.8639423263519226,-0.0033504417280413,0.2358811348676681,0.0013706237077713,0.8000222222222222,0.0343666666666666,0.930622,0.004524,0.0006
celeba,iid,20,9928,8,2,0.9048,-0.0003999999999999,0.5064102564102564,0.0019913434628414,0.9586668404126132,-0.0036614929552145,0.8639423263519226,-0.0035235399687441,0.2358811348676681,-0.0011291354894638,0.8000222222222222,0.1138666666666667,0.930622,0.0030540000000001,-0.0003999999999999
celeba,iid,20,9928,8,3,0.9048,0.0004,0.5064102564102564,0.001545152473945,0.9586668404126132,-0.0016462309197662,0.8639423263519226,-0.0014394830045204,0.2358811348676681,0.0008653998374938,0.8000222222222222,0.0539111111111112,0.930622,0.001924,0.0004
celeba,iid,20,9928,8,4,0.9048,-0.001,0.5064102564102564,-0.0003241220397325,0.9586668404126132,-8.988019134492653e-05,0.8639423263519226,2.505584751899548e-05,0.2358811348676681,-0.0012190043926239,0.8000222222222222,0.0196444444444443,0.930622,-0.0015299999999999,-0.001
celeba,iid,20,9928,8,5,0.9048,0.0006,0.5064102564102564,-0.0016631786704779,0.9586668404126132,0.0005381472311922,0.8639423263519226,0.0005454969155923,0.2358811348676681,0.0009562671184539,0.8000222222222222,0.0401555555555557,0.930622,0.0012120000000001,0.0006
celeba,iid,20,9928,8,6,0.9048,-0.002,0.5064102564102564,-0.0048380894212389,0.9586668404126132,-0.0009543269371786,0.8639423263519226,-0.0005204410680734,0.2358811348676681,-0.0026962161064147,0.8000222222222222,0.0806111111111111,0.930622,-0.0036259999999999,-0.002
celeba,iid,20,9928,8,7,0.9048,-0.0023999999999999,0.5064102564102564,-0.0054945054945054,0.9586668404126132,0.0023648816376288,0.8639423263519226,0.0025566790291891,0.2358811348676681,-0.0034755170345306,0.8000222222222222,0.0858444444444446,0.930622,-0.0036799999999999,-0.0023999999999999
celeba,iid,20,9928,8,8,0.9048,0.0,0.5064102564102564,0.0013262599469495,0.9586668404126132,-0.002291414054938,0.8639423263519226,-0.0024564556391133,0.2358811348676681,-0.001849353313446,0.8000222222222222,0.0316333333333334,0.930622,0.001222,0.0
celeba,iid,20,9928,8,9,0.9048,0.001,0.5064102564102564,0.0043080214025112,0.9586668404126132,0.0020340163378407,0.8639423263519226,0.0020590011167047,0.2358811348676681,0.0020114928483963,0.8000222222222222,0.0984444444444445,0.930622,0.0012,0.001
celeba,iid,20,9928,8,10,0.9048,0.0022,0.5064102564102564,0.0036404802081735,0.9586668404126132,0.0024226255322336,0.8639423263519226,0.0022571552049264,0.2358811348676681,0.0033051967620849,0.8000222222222222,0.0162444444444442,0.930622,0.002538,0.0022
celeba,iid,20,9928,8,11,0.9048,0.0002,0.5064102564102564,-0.0047548994597413,0.9586668404126132,-0.0038783341998005,0.8639423263519226,-0.0039950156877446,0.2358811348676681,0.0002863258123397,0.8000222222222222,0.0176888888888888,0.930622,-0.0004539999999999,0.0002
celeba,iid,20,9928,8,12,0.9048,-0.0001999999999999,0.5064102564102564,-0.0007720640317325,0.9586668404126132,-0.0028613015494405,0.8639423263519226,-0.0031260854463356,0.2358811348676681,-0.0014616549015045,0.8000222222222222,-0.013066666666667,0.930622,-0.0001979999999999,-0.0001999999999999
celeba,iid,20,9928,8,13,0.9048,0.0014,0.5064102564102564,0.0040857047166544,0.9586668404126132,0.0004073634967851,0.8639423263519226,0.0001730982407028,0.2358811348676681,0.0028829723596572,0.8000222222222222,0.1600666666666665,0.930622,0.001066,0.0014
celeba,iid,20,9928,8,14,0.9048,0.0022,0.5064102564102564,0.0074073758430062,0.9586668404126132,-0.0037746932340982,0.8639423263519226,-0.0039711061861904,0.2358811348676681,0.0043336153030395,0.8000222222222222,0.0886222222222221,0.930622,0.00385,0.0022
celeba,iid,20,9928,8,15,0.9048,0.0012,0.5064102564102564,0.0030902032894064,0.9586668404126132,-0.0011390001755657,0.8639423263519226,-0.0014394830045204,0.2358811348676681,-0.0005039423704147,0.8000222222222222,0.0423888888888888,0.930622,0.001864,0.0012
celeba,iid,20,9928,8,16,0.9048,-0.0023999999999999,0.5064102564102564,-0.0028490028490029,0.9586668404126132,-0.0005645468959166,0.8639423263519226,-0.0002721752848138,0.2358811348676681,-0.0045718848705291,0.8000222222222222,0.0975111111111108,0.930622,-0.0035319999999999,-0.0023999999999999
celeba,iid,20,9928,8,17,0.9048,0.0014,0.5064102564102564,-0.001448942172874,0.9586668404126132,-0.0030058950210838,0.8639423263519226,-0.0032263088364115,0.2358811348676681,0.0009414255619049,0.8000222222222222,0.0901444444444443,0.930622,0.001868,0.0014
celeba,iid,20,9928,8,18,0.9048,0.0,0.5064102564102564,0.0017683465959328,0.9586668404126132,-0.0013345159558002,0.8639423263519226,-0.0010670843296307,0.2358811348676681,-0.0002540796995162,0.8000222222222222,0.0553777777777777,0.930622,0.00106,0.0
celeba,iid,20,9928,8,19,0.9048,0.0002,0.5064102564102564,-0.0012174243326134,0.9586668404126132,-0.000117797773489,0.8639423263519226,-0.0002232099357408,0.2358811348676681,-0.0005327016115188,0.8000222222222222,-0.0228000000000001,0.930622,6.600000000012152e-05,0.0002
celeba,iid,20,9928,9,0,0.9098,0.0006,0.5056056276104639,-0.0036332637225761,0.9545762134999528,0.0024999157960904,0.8595726192973587,0.0022332457033725,0.2264845520257949,0.0009497702121734,0.8375111111111111,0.0507333333333333,0.936918,0.00135,0.0006
celeba,iid,20,9928,9,1,0.9098,-0.0003999999999999,0.5056056276104639,0.0030787104494003,0.9545762134999528,-0.0064455532036774,0.8595726192973587,-0.0063523942827468,0.2264845520257949,0.0008281916379928,0.8375111111111111,0.0198,0.936918,-0.0008879999999999,-0.0003999999999999
celeba,iid,20,9928,9,2,0.9098,0.0004,0.5056056276104639,0.001097160489285,0.9545762134999528,-0.000235595546978,0.8595726192973587,-0.0004464198714815,0.2264845520257949,-0.0021882653236389,0.8375111111111111,0.0966888888888888,0.936918,0.0008059999999999,0.0004
celeba,iid,20,9928,9,3,0.9098,0.0002,0.5056056276104639,-0.0093459994783663,0.9545762134999528,0.0008090076149752,0.8595726192973587,0.0001993004341868,0.2264845520257949,-0.0017485916614532,0.8375111111111111,0.0711333333333334,0.936918,-0.002128,0.0002
celeba,iid,20,9928,9,4,0.9098,-0.0005999999999999,0.5056056276104639,-0.0014242493666889,0.9545762134999528,-0.0017184786927086,0.8595726192973587,-0.0018107353334448,0.2264845520257949,-0.0025717169046401,0.8375111111111111,0.0331777777777777,0.936918,-0.0028839999999999,-0.0005999999999999
celeba,iid,20,9928,9,5,0.9098,0.001,0.5056056276104639,0.0040651346527174,0.9545762134999528,-0.0004008203418716,0.8595726192973587,-0.0004475662174463,0.2264845520257949,0.0008386969566345,0.8375111111111111,0.0644777777777778,0.936918,0.006264,0.001
celeba,iid,20,9928,9,6,0.9098,-0.001,0.5056056276104639,-0.0033974466100016,0.9545762134999528,-0.0007756197990281,0.8595726192973587,-0.0009178955904819,0.2264845520257949,-0.0001513957977294,0.8375111111111111,0.0265999999999999,0.936918,-0.0029259999999999,-0.001
celeba,iid,20,9928,9,7,0.9098,-0.001,0.5056056276104639,-0.0121809336543582,0.9545762134999528,0.0011080836885739,0.8595726192973587,0.0008939860889279,0.2264845520257949,-0.0007134526968002,0.8375111111111111,0.1182888888888888,0.936918,-0.0032539999999999,-0.001
celeba,iid,20,9928,9,8,0.9098,0.0002,0.5056056276104639,-0.0003310478512774,0.9545762134999528,-0.000745050382587,0.8595726192973587,-0.0008438743938901,0.2264845520257949,-0.0014458745718002,0.8375111111111111,0.0694888888888889,0.936918,0.001462,0.0002
celeba,iid,20,9928,9,9,0.9098,0.0008,0.5056056276104639,0.0010951765653594,0.9545762134999528,0.000624204741371,0.8595726192973587,0.0006445739597034,0.2264845520257949,0.0015450865030288,0.8375111111111111,0.0746666666666666,0.936918,0.001272,0.0008
celeba,iid,20,9928,9,10,0.9098,0.003,0.5056056276104639,0.0084728530184921,0.9545762134999528,0.0009076550526422,0.8595726192973587,0.0002972311323328,0.2264845520257949,0.0019726753234863,0.8375111111111111,0.1405555555555553,0.936918,0.003932,0.003
celeba,iid,20,9928,9,11,0.9098,0.0002,0.5056056276104639,0.0001087058866292,0.9545762134999528,-0.0007558122520965,0.8595726192973587,-0.0005956086106302,0.2264845520257949,3.771483898162842e-05,0.8375111111111111,0.0325555555555556,0.936918,0.003394,0.0002
celeba,iid,20,9928,9,12,0.9098,0.0,0.5056056276104639,-0.0068146845460539,0.9545762134999528,-0.0022825978457368,0.8595726192973587,-0.0026546097273351,0.2264845520257949,-0.0004225820302963,0.8375111111111111,0.0950666666666666,0.936918,-0.0032739999999999,0.0
celeba,iid,20,9928,9,13,0.9098,0.001,0.5056056276104639,0.0064859093006047,0.9545762134999528,0.0026720308164481,0.8595726192973587,0.0024313997915943,0.2264845520257949,0.0025382936000823,0.8375111111111111,0.0150888888888889,0.936918,0.001566,0.001
celeba,iid,20,9928,9,14,0.9098,0.0036,0.5056056276104639,0.0092472078355797,0.9545762134999528,-0.002188943936105,0.8595726192973587,-0.0024826578325971,0.2264845520257949,0.0035007745027542,0.8375111111111111,0.0788444444444442,0.936918,0.004302,0.0036
celeba,iid,20,9928,9,15,0.9098,-0.0003999999999999,0.5056056276104639,-0.0019751238727265,0.9545762134999528,0.0004570832490485,0.8595726192973587,0.0003723986748895,0.2264845520257949,-0.0033640414476394,0.8375111111111111,0.0418888888888888,0.936918,0.001948,-0.0003999999999999
celeba,iid,20,9928,9,16,0.9098,-0.0007999999999999,0.5056056276104639,-0.000873616843742,0.9545762134999528,0.0016672093135668,0.8595726192973587,0.0018118816794099,0.2264845520257949,-0.0026080906391143,0.8375111111111111,0.0582333333333333,0.936918,-0.0017359999999999,-0.0007999999999999
celeba,iid,20,9928,9,17,0.9098,0.002,0.5056056276104639,0.0019704656805233,0.9545762134999528,-0.0042665156513048,0.8595726192973587,-0.0047648688850425,0.2264845520257949,0.0019946992397308,0.8375111111111111,0.0560777777777778,0.936918,0.00189,0.002
celeba,iid,20,9928,9,18,0.9098,0.001,0.5056056276104639,0.0086866135259568,0.9545762134999528,-0.0013119389722419,0.8595726192973587,-0.0012162730687795,0.2264845520257949,0.0016265362501144,0.8375111111111111,0.0724666666666666,0.936918,0.003,0.001
celeba,iid,20,9928,9,19,0.9098,0.0002,0.5056056276104639,0.0005484596245359,0.9545762134999528,-0.0009577218754561,0.8595726192973587,-0.0009680072855199,0.2264845520257949,-0.0004317760467529,0.8375111111111111,0.0344777777777776,0.936918,0.002268,0.0002
celeba,iid,20,9928,10,0,0.9084,0.0011999999999999,0.5033025099075297,-0.0015475782758918,0.9573958856557712,0.0026215362507455,0.8620803329774749,0.0023323227474835,0.2347560971975326,-0.0007220953702926,0.6659333333333335,-0.0519999999999998,0.940358,-0.0010139999999999,0.0011999999999999
celeba,iid,20,9928,10,1,0.9084,-0.0004,0.5033025099075297,-0.0063805886840195,0.9573958856557712,0.0001771085483927,0.8620803329774749,0.0001241328916299,0.2347560971975326,9.016692638397215e-05,0.6659333333333335,-0.1128222222222219,0.940358,-0.0008159999999999,-0.0004
celeba,iid,20,9928,10,2,0.9084,-0.0006,0.5033025099075297,-0.0020880291463757,0.9573958856557712,0.0027297430015942,0.8620803329774749,0.0028539101615219,0.2347560971975326,-0.0030098110437393,0.6659333333333335,-0.1174444444444444,0.940358,-0.000302,-0.0006
celeba,iid,20,9928,10,3,0.9084,0.0003999999999999,0.5033025099075297,-0.0024243623391664,0.9573958856557712,0.0008774327067515,0.8620803329774749,0.0006946856547414,0.2347560971975326,-2.2351741790771484e-05,0.6659333333333335,0.022677777777778,0.940358,-0.000784,0.0003999999999999
celeba,iid,20,9928,10,4,0.9084,-0.002,0.5033025099075297,-0.0004321122365827,0.9573958856557712,0.0039192377428625,0.8620803329774749,0.0043924702101532,0.2347560971975326,-0.0047099292278289,0.6659333333333335,-0.1441111111111108,0.940358,-0.0002339999999999,-0.002
celeba,iid,20,9928,10,5,0.9084,0.0021999999999999,0.5033025099075297,0.0018679480006658,0.9573958856557712,0.003399101710082,0.8620803329774749,0.0032001066429275,0.2347560971975326,0.0022767931222915,0.6659333333333335,-0.0471333333333332,0.940358,0.005792,0.0021999999999999
celeba,iid,20,9928,10,6,0.9084,0.0001999999999999,0.5033025099075297,-0.0042949355890569,0.9573958856557712,0.0012059563128016,0.8620803329774749,0.0010921401771498,0.2347560971975326,-0.0022119134664535,0.6659333333333335,-0.0195777777777776,0.940358,-0.0006519999999999,0.0001999999999999
celeba,iid,20,9928,10,7,0.9084,0.0001999999999999,0.5033025099075297,0.0018711071328104,0.9573958856557712,0.003084734911819,0.8620803329774749,0.0030019525547057,0.2347560971975326,0.0017914921045303,0.6659333333333335,-0.0237888888888886,0.940358,-0.0002999999999999,0.0001999999999999
celeba,iid,20,9928,10,8,0.9084,0.0003999999999999,0.5033025099075297,-0.0002217191673601,0.9573958856557712,0.0029649914780217,0.8620803329774749,0.0028288543140029,0.2347560971975326,-0.0014263093471527,0.6659333333333335,-0.0597555555555555,0.940358,-0.0004199999999999,0.0003999999999999
celeba,iid,20,9928,10,9,0.9084,0.0001999999999999,0.5033025099075297,-0.0016523458511137,0.9573958856557712,0.003084734911819,0.8620803329774749,0.0030019525547057,0.2347560971975326,0.0029876083135604,0.6659333333333335,-0.1294222222222221,0.940358,0.0014239999999999,0.0001999999999999
celeba,iid,20,9928,10,10,0.9084,-0.0001999999999999,0.5033025099075297,0.0071545900307962,0.9573958856557712,0.003531056291358,0.8620803329774749,0.003622617012855,0.2347560971975326,0.0010483413934707,0.6659333333333335,-0.1339555555555553,0.940358,0.0006479999999999,-0.0001999999999999
celeba,iid,20,9928,10,11,0.9084,0.0013999999999999,0.5033025099075297,-0.0036434658366819,0.9573958856557712,0.002021854153241,0.8620803329774749,0.0014884483535935,0.2347560971975326,-0.0003051906824111,0.6659333333333335,-0.0596888888888886,0.940358,0.000558,0.0013999999999999
celeba,iid,20,9928,10,12,0.9084,0.001,0.5033025099075297,0.0001065654508403,0.9573958856557712,-0.0008758341169941,0.8620803329774749,-0.0012162730687795,0.2347560971975326,0.0019613802433013,0.6659333333333335,-0.0333444444444441,0.940358,-0.0010439999999999,0.001
celeba,iid,20,9928,10,13,0.9084,0.001,0.5033025099075297,0.0025310750386735,0.9573958856557712,0.0031558608007717,0.8620803329774749,0.0030019525547057,0.2347560971975326,0.00315722823143,0.6659333333333335,-0.1347555555555553,0.940358,0.00155,0.001
celeba,iid,20,9928,10,14,0.9084,0.003,0.5033025099075297,0.0062846172633944,0.9573958856557712,0.0044486494371913,0.8620803329774749,0.0040929463858906,0.2347560971975326,0.0049365758895874,0.6659333333333335,-0.0576444444444443,0.940358,0.003014,0.003
celeba,iid,20,9928,10,15,0.9084,0.0005999999999999,0.5033025099075297,0.0042939177066043,0.9573958856557712,0.0017945981096962,0.8620803329774749,0.0017367141368531,0.2347560971975326,-0.0025357156991958,0.6659333333333335,-0.0706666666666666,0.940358,-0.0003779999999999,0.0005999999999999
celeba,iid,20,9928,10,16,0.9084,-0.0016,0.5033025099075297,-0.0019722153671956,0.9573958856557712,0.0015180183473182,0.8620803329774749,0.0019360145710398,0.2347560971975326,-0.0020157694816589,0.6659333333333335,-0.0603555555555554,0.940358,-0.0026859999999999,-0.0016
celeba,iid,20,9928,10,17,0.9084,0.0003999999999999,0.5033025099075297,0.0028619812731685,0.9573958856557712,0.0006559450046812,0.8620803329774749,0.0007687068513332,0.2347560971975326,0.0010408461093902,0.6659333333333335,-0.0675777777777779,0.940358,-0.000448,0.0003999999999999
celeba,iid,20,9928,10,18,0.9084,0.0005999999999999,0.5033025099075297,0.0040736048623655,0.9573958856557712,0.0048498168496137,0.8620803329774749,0.0050119883223375,0.2347560971975326,-0.0008376687765121,0.6659333333333335,-0.1399777777777777,0.940358,0.002438,0.0005999999999999
celeba,iid,20,9928,10,19,0.9084,0.0001999999999999,0.5033025099075297,-0.0007714826051327,0.9573958856557712,0.0023189845665314,0.8620803329774749,0.0022332457033725,0.2347560971975326,-0.0014442354440689,0.6659333333333335,-0.0276444444444443,0.940358,0.00052,0.0001999999999999
