dataset,partition,num_clients,seed,round,client_id,global_gtg_acc,gtg_acc_contribution,global_gtg_adv,gtg_adv_contribution,global_gtg_loss,gtg_loss_contribution,global_gtg_priv,gtg_priv_contribution,global_gtg_rob,gtg_rob_contribution,acc_contribution
imdb,noniid,4,42,1,0,0.7362,0.0,0.6107036131486009,0.2630227142949342,0.5012603402137756,-0.0,0.8911666666666667,0.0,0.790932,0.0961957333333333,0.0
imdb,noniid,4,42,1,1,0.7362,0.0,0.6107036131486009,0.0,0.5012603402137756,-0.0,0.8911666666666667,0.0,0.790932,0.0,0.0
imdb,noniid,4,42,1,2,0.7362,0.0,0.6107036131486009,0.0,0.5012603402137756,-0.0,0.8911666666666667,0.0255207407407407,0.790932,0.0,0.0
imdb,noniid,4,42,1,3,0.7362,0.0906466666666667,0.6107036131486009,0.0,0.5012603402137756,0.2333289086818695,0.8911666666666667,0.0,0.790932,0.0,0.0906466666666667
imdb,noniid,4,42,2,0,0.8096,0.0,0.5521245059288538,0.0,0.4028244614601135,-0.0,0.8145333333333333,0.0,0.779934,0.0,0.0
imdb,noniid,4,42,2,1,0.8096,0.0811933333333333,0.5521245059288538,0.0,0.4028244614601135,-0.0,0.8145333333333333,0.0,0.779934,0.0,0.0811933333333333
imdb,noniid,4,42,2,2,0.8096,0.0,0.5521245059288538,0.1363320232138448,0.4028244614601135,-0.0,0.8145333333333333,-0.0103259259259259,0.779934,0.0641487333333333,0.0
imdb,noniid,4,42,2,3,0.8096,0.0726999999999999,0.5521245059288538,0.0,0.4028244614601135,0.2067236870527267,0.8145333333333333,-0.0059062962962962,0.779934,0.0,0.0726999999999999
imdb,noniid,4,42,3,0,0.8396,0.0,0.5188184849928538,0.0,0.3576115667819977,-0.0,0.8418444444444444,0.0,0.771426,0.0,0.0
imdb,noniid,4,42,3,1,0.8396,0.0476333333333333,0.5188184849928538,0.0,0.3576115667819977,0.1581215331951777,0.8418444444444444,0.0,0.771426,0.0,0.0476333333333333
imdb,noniid,4,42,3,2,0.8396,0.0,0.5188184849928538,0.117775108302745,0.3576115667819977,-0.0,0.8418444444444444,0.0076329629629629,0.771426,0.0597353999999999,0.0
imdb,noniid,4,42,3,3,0.8396,0.05278,0.5188184849928538,0.0,0.3576115667819977,0.1530875782171885,0.8418444444444444,-0.0327337037037037,0.771426,0.0,0.05278
imdb,noniid,4,42,4,0,0.8494,0.0,0.5003531904874029,0.0,0.345229834318161,-0.0,0.878311111111111,0.0,0.765144,0.0,0.0
imdb,noniid,4,42,4,1,0.8494,0.0,0.5003531904874029,0.0,0.345229834318161,0.1986634284257888,0.878311111111111,0.0,0.765144,0.0,0.0
imdb,noniid,4,42,4,2,0.8494,0.0,0.5003531904874029,0.1510840247272337,0.345229834318161,-0.0,0.878311111111111,-0.0002222222222223,0.765144,0.0627733333333333,0.0
imdb,noniid,4,42,4,3,0.8494,0.05948,0.5003531904874029,0.0,0.345229834318161,0.1990195681651433,0.878311111111111,0.0,0.765144,0.0,0.05948
imdb,noniid,4,42,5,0,0.8516,0.0,0.4830906528886801,0.0,0.3407486379146576,-0.0,0.8351222222222221,0.0,0.763028,0.0,0.0
imdb,noniid,4,42,5,1,0.8516,0.0,0.4830906528886801,0.0,0.3407486379146576,-0.0,0.8351222222222221,0.0,0.763028,0.0,0.0
imdb,noniid,4,42,5,2,0.8516,0.0,0.4830906528886801,0.114760739044207,0.3407486379146576,-0.0,0.8351222222222221,-0.0002318518518518,0.763028,0.0507673333333332,0.0
imdb,noniid,4,42,5,3,0.8516,0.0304533333333333,0.4830906528886801,0.0,0.3407486379146576,0.0854356427987416,0.8351222222222221,0.0,0.763028,0.0,0.0304533333333333
imdb,noniid,4,42,6,0,0.855,0.0,0.4694736842105263,0.0,0.3355462551116943,-0.0,0.7475555555555555,0.0,0.758858,0.0,0.0
imdb,noniid,4,42,6,1,0.855,0.0,0.4694736842105263,0.0,0.3355462551116943,-0.0,0.7475555555555555,0.0,0.758858,0.0,0.0
imdb,noniid,4,42,6,2,0.855,0.0,0.4694736842105263,0.1207630731059955,0.3355462551116943,-0.0,0.7475555555555555,-0.0284048148148148,0.758858,0.0519253333333333,0.0
imdb,noniid,4,42,6,3,0.855,0.0424666666666666,0.4694736842105263,0.0,0.3355462551116943,0.1608437746763229,0.7475555555555555,0.0,0.758858,0.0,0.0424666666666666
imdb,noniid,4,42,7,0,0.862,0.0,0.4584686774941995,0.0,0.3268070816993713,-0.0,0.7931111111111113,0.0,0.755636,0.0,0.0
imdb,noniid,4,42,7,1,0.862,0.0,0.4584686774941995,0.0,0.3268070816993713,-0.0,0.7931111111111113,0.0,0.755636,0.0,0.0
imdb,noniid,4,42,7,2,0.862,0.0,0.4584686774941995,0.1045945723151401,0.3268070816993713,-0.0,0.7931111111111113,-0.0325377777777778,0.755636,0.0465306,0.0
imdb,noniid,4,42,7,3,0.862,0.03952,0.4584686774941995,0.0,0.3268070816993713,0.1073552330334981,0.7931111111111113,0.0,0.755636,0.0,0.03952
imdb,noniid,4,42,8,0,0.8648,0.0,0.4479648473635522,0.0,0.3192330300807953,-0.0,0.7482111111111112,0.0,0.752444,0.0,0.0
imdb,noniid,4,42,8,1,0.8648,0.0,0.4479648473635522,0.0,0.3192330300807953,-0.0,0.7482111111111112,0.0,0.752444,0.0,0.0
imdb,noniid,4,42,8,2,0.8648,0.0,0.4479648473635522,0.1576165975688922,0.3192330300807953,-0.0,0.7482111111111112,0.0112233333333333,0.752444,0.0631152,0.0
imdb,noniid,4,42,8,3,0.8648,0.03306,0.4479648473635522,0.0,0.3192330300807953,0.0951320707798004,0.7482111111111112,0.0,0.752444,0.0,0.03306
imdb,noniid,4,42,9,0,0.8684,0.0,0.4357438968217411,0.0,0.313292920589447,-0.0,0.7214222222222222,0.0,0.747722,0.0,0.0
imdb,noniid,4,42,9,1,0.8684,0.0,0.4357438968217411,0.0,0.313292920589447,-0.0,0.7214222222222222,0.0,0.747722,0.0,0.0
imdb,noniid,4,42,9,2,0.8684,0.0,0.4357438968217411,0.1489634657655815,0.313292920589447,-0.0,0.7214222222222222,-0.02102,0.747722,0.0611832666666666,0.0
imdb,noniid,4,42,9,3,0.8684,0.0391533333333333,0.4357438968217411,0.0,0.313292920589447,0.1602340579032898,0.7214222222222222,0.0,0.747722,0.0,0.0391533333333333
imdb,noniid,4,42,10,0,0.8726,0.0,0.4176025670410268,0.0,0.3051028549671173,-0.0,0.8136444444444444,0.0,0.742482,0.0,0.0
imdb,noniid,4,42,10,1,0.8726,0.0,0.4176025670410268,0.0,0.3051028549671173,-0.0,0.8136444444444444,0.0,0.742482,0.0,0.0
imdb,noniid,4,42,10,2,0.8726,0.0,0.4176025670410268,0.136835569804219,0.3051028549671173,-0.0,0.8136444444444444,0.0582703703703703,0.742482,0.0565497333333333,0.0
imdb,noniid,4,42,10,3,0.8726,0.0404066666666666,0.4176025670410268,0.0,0.3051028549671173,0.169019877910614,0.8136444444444444,0.0,0.742482,0.0,0.0404066666666666
imdb,noniid,4,107,1,0,0.7864,0.0,0.5595116988809766,0.0525111214283177,0.4660243093967438,-0.0,0.8583333333333334,-0.02404,0.78087,-0.0078542666666666,0.0
imdb,noniid,4,107,1,1,0.7864,0.1481866666666666,0.5595116988809766,0.0,0.4660243093967438,0.267765329281489,0.8583333333333334,0.0,0.78087,0.0,0.1481866666666666
imdb,noniid,4,107,1,2,0.7864,0.0,0.5595116988809766,0.0,0.4660243093967438,-0.0,0.8583333333333334,0.0,0.78087,0.0,0.0
imdb,noniid,4,107,1,3,0.7864,0.1088533333333333,0.5595116988809766,0.0,0.4660243093967438,0.190914304057757,0.8583333333333334,0.0,0.78087,0.0,0.1088533333333333
imdb,noniid,4,107,2,0,0.8042,0.0,0.5516040785874161,0.0,0.4121843874454498,-0.0,0.8534444444444444,0.0,0.777812,0.0,0.0
imdb,noniid,4,107,2,1,0.8042,0.06448,0.5516040785874161,0.0,0.4121843874454498,0.1922446608543396,0.8534444444444444,-0.0274855555555555,0.777812,0.0,0.06448
imdb,noniid,4,107,2,2,0.8042,0.0,0.5516040785874161,0.1564575096680614,0.4121843874454498,-0.0,0.8534444444444444,0.0551762962962963,0.777812,0.0663776666666666,0.0
imdb,noniid,4,107,2,3,0.8042,0.0619466666666666,0.5516040785874161,0.0,0.4121843874454498,0.129428165157636,0.8534444444444444,0.0,0.777812,0.0,0.0619466666666666
imdb,noniid,4,107,3,0,0.8486,0.0,0.5076596747584257,0.0,0.3418040871620178,-0.0,0.8526333333333334,0.0,0.76798,0.0,0.0
imdb,noniid,4,107,3,1,0.8486,0.0469733333333333,0.5076596747584257,0.0,0.3418040871620178,0.1382597088813781,0.8526333333333334,0.0,0.76798,0.0,0.0469733333333333
imdb,noniid,4,107,3,2,0.8486,0.0,0.5076596747584257,0.1001132658341091,0.3418040871620178,-0.0,0.8526333333333334,0.0321474074074073,0.76798,0.0377262,0.0
imdb,noniid,4,107,3,3,0.8486,0.0411333333333333,0.5076596747584257,0.0,0.3418040871620178,0.08101573685805,0.8526333333333334,-0.0358696296296297,0.76798,0.0,0.0411333333333333
imdb,noniid,4,107,4,0,0.8572,0.0,0.4918338777414839,0.0,0.3279969394207001,-0.0,0.7965555555555555,-0.0098525925925926,0.762572,0.0,0.0
imdb,noniid,4,107,4,1,0.8572,0.03368,0.4918338777414839,0.0,0.3279969394207001,0.0889643232027689,0.7965555555555555,-0.0338944444444445,0.762572,0.0,0.03368
imdb,noniid,4,107,4,2,0.8572,0.0,0.4918338777414839,0.0977059275025176,0.3279969394207001,-0.0,0.7965555555555555,0.0,0.762572,0.0353407333333333,0.0
imdb,noniid,4,107,4,3,0.8572,0.0344666666666666,0.4918338777414839,0.0,0.3279969394207001,0.0843802193800608,0.7965555555555555,0.0,0.762572,0.0,0.0344666666666666
imdb,noniid,4,107,5,0,0.8624,0.0,0.473330241187384,0.0,0.3233983516693115,-0.0,0.7119000000000002,0.0252014814814815,0.759518,0.0,0.0
imdb,noniid,4,107,5,1,0.8624,0.0267333333333333,0.473330241187384,0.0,0.3233983516693115,0.0791056623061498,0.7119000000000002,0.0,0.759518,0.0,0.0267333333333333
imdb,noniid,4,107,5,2,0.8624,0.0,0.473330241187384,0.0637967206468218,0.3233983516693115,-0.0,0.7119000000000002,0.0,0.759518,0.0257525333333333,0.0
imdb,noniid,4,107,5,3,0.8624,0.0335533333333333,0.473330241187384,0.0,0.3233983516693115,0.0937678654988606,0.7119000000000002,-0.0324559259259259,0.759518,0.0,0.0335533333333333
imdb,noniid,4,107,6,0,0.8654,0.0,0.4599029350589322,0.0,0.3183169364929199,-0.0,0.8348555555555555,0.0,0.756264,0.0,0.0
imdb,noniid,4,107,6,1,0.8654,0.0151199999999999,0.4599029350589322,0.0,0.3183169364929199,0.0439539124568303,0.8348555555555555,0.0,0.756264,0.0,0.0151199999999999
imdb,noniid,4,107,6,2,0.8654,0.0,0.4599029350589322,0.0748812531336503,0.3183169364929199,-0.0,0.8348555555555555,0.0128248148148148,0.756264,0.0275032666666666,0.0
imdb,noniid,4,107,6,3,0.8654,0.0166599999999999,0.4599029350589322,0.0,0.3183169364929199,0.0348575949668884,0.8348555555555555,0.0,0.756264,0.0,0.0166599999999999
imdb,noniid,4,107,7,0,0.8698,0.0,0.4483789376868246,0.0,0.3129798769950866,-0.0,0.9214444444444444,0.0,0.750928,0.0,0.0
imdb,noniid,4,107,7,1,0.8698,0.0214266666666666,0.4483789376868246,0.0,0.3129798769950866,0.07111643354098,0.9214444444444444,0.0,0.750928,0.0,0.0214266666666666
imdb,noniid,4,107,7,2,0.8698,0.0,0.4483789376868246,0.0870624657693085,0.3129798769950866,-0.0,0.9214444444444444,0.0911477777777777,0.750928,0.0320022,0.0
imdb,noniid,4,107,7,3,0.8698,0.0282466666666666,0.4483789376868246,0.0,0.3129798769950866,0.0622336566448211,0.9214444444444444,0.0,0.750928,0.0,0.0282466666666666
imdb,noniid,4,107,8,0,0.8716,0.0,0.4339146397430014,0.0,0.310233324766159,-0.0,0.844211111111111,0.0,0.749622,0.0,0.0
imdb,noniid,4,107,8,1,0.8716,0.0172133333333333,0.4339146397430014,0.0,0.310233324766159,0.0625836610794067,0.844211111111111,0.0,0.749622,0.0,0.0172133333333333
imdb,noniid,4,107,8,2,0.8716,0.0,0.4339146397430014,0.0679731111951167,0.310233324766159,-0.0,0.844211111111111,0.0302911111111112,0.749622,0.0272544666666666,0.0
imdb,noniid,4,107,8,3,0.8716,0.02782,0.4339146397430014,0.0,0.310233324766159,0.0770067363977432,0.844211111111111,0.0,0.749622,0.0,0.02782
imdb,noniid,4,107,9,0,0.872,0.0,0.4194954128440367,0.0,0.304695725440979,-0.0,0.7505111111111109,0.0,0.746302,0.0,0.0
imdb,noniid,4,107,9,1,0.872,0.0262266666666666,0.4194954128440367,0.0,0.304695725440979,0.0941305190324783,0.7505111111111109,0.0,0.746302,0.0,0.0262266666666666
imdb,noniid,4,107,9,2,0.872,0.0,0.4194954128440367,0.0838063872913028,0.304695725440979,-0.0,0.7505111111111109,0.0115633333333333,0.746302,0.0298206666666666,0.0
imdb,noniid,4,107,9,3,0.872,0.0273599999999999,0.4194954128440367,0.0,0.304695725440979,0.0677154958248138,0.7505111111111109,0.0,0.746302,0.0,0.0273599999999999
imdb,noniid,4,107,10,0,0.875,0.0,0.4059428571428571,0.0,0.3010310530662536,-0.0,0.7798888888888889,-0.0211081481481481,0.741892,0.0,0.0
imdb,noniid,4,107,10,1,0.875,0.0256866666666667,0.4059428571428571,0.0,0.3010310530662536,0.0823308229446411,0.7798888888888889,-0.0079129629629629,0.741892,0.0,0.0256866666666667
imdb,noniid,4,107,10,2,0.875,0.0,0.4059428571428571,0.0959124021995683,0.3010310530662536,-0.0,0.7798888888888889,0.0,0.741892,0.0316326666666666,0.0
imdb,noniid,4,107,10,3,0.875,0.03244,0.4059428571428571,0.0,0.3010310530662536,0.0993132730325063,0.7798888888888889,0.0,0.741892,0.0,0.03244
imdb,noniid,4,123,1,0,0.7682,0.0,0.5946368133298621,0.1972416467059627,0.4765021502971649,-0.0,0.8732666666666666,0.0,0.790656,-0.0043571333333333,0.0
imdb,noniid,4,123,1,1,0.7682,0.0,0.5946368133298621,0.0,0.4765021502971649,-0.0,0.8732666666666666,0.0,0.790656,0.0,0.0
imdb,noniid,4,123,1,2,0.7682,0.0,0.5946368133298621,0.0,0.4765021502971649,-0.0,0.8732666666666666,-0.029142962962963,0.790656,0.0,0.0
imdb,noniid,4,123,1,3,0.7682,0.1065866666666666,0.5946368133298621,0.0,0.4765021502971649,0.1691433111826578,0.8732666666666666,0.0,0.790656,0.0,0.1065866666666666
imdb,noniid,4,123,2,0,0.82,0.0,0.552439024390244,0.0,0.3934274315834045,-0.0,0.8459333333333334,0.0,0.77978,0.0,0.0
imdb,noniid,4,123,2,1,0.82,0.0786733333333333,0.552439024390244,0.0,0.3934274315834045,0.2069103608528773,0.8459333333333334,0.0,0.77978,0.0,0.0786733333333333
imdb,noniid,4,123,2,2,0.82,0.0,0.552439024390244,0.1520380008178416,0.3934274315834045,-0.0,0.8459333333333334,0.0025155555555555,0.77978,0.0702117333333333,0.0
imdb,noniid,4,123,2,3,0.82,0.06652,0.552439024390244,0.0,0.3934274315834045,0.2101974040269851,0.8459333333333334,0.0,0.77978,0.0,0.06652
imdb,noniid,4,123,3,0,0.8428,0.0,0.5230185097294732,0.0,0.3563927412033081,-0.0,0.8987777777777777,0.0,0.771158,0.0,0.0
imdb,noniid,4,123,3,1,0.8428,0.0561933333333333,0.5230185097294732,0.0,0.3563927412033081,0.2240645170211792,0.8987777777777777,0.0,0.771158,0.0,0.0561933333333333
imdb,noniid,4,123,3,2,0.8428,0.0,0.5230185097294732,0.1715850666189919,0.3563927412033081,-0.0,0.8987777777777777,0.0,0.771158,0.0750062666666666,0.0
imdb,noniid,4,123,3,3,0.8428,0.05038,0.5230185097294732,0.0,0.3563927412033081,0.1930718749761581,0.8987777777777777,0.0,0.771158,0.0,0.05038
imdb,noniid,4,123,4,0,0.8492,0.0,0.5007065473386717,0.0,0.3461076021194458,-0.0,0.8288888888888888,0.0,0.7670520000000001,0.0,0.0
imdb,noniid,4,123,4,1,0.8492,0.0,0.5007065473386717,0.0,0.3461076021194458,0.254131872455279,0.8288888888888888,0.0,0.7670520000000001,0.0,0.0
imdb,noniid,4,123,4,2,0.8492,0.0,0.5007065473386717,0.1258252514676024,0.3461076021194458,-0.0,0.8288888888888888,0.0249307407407406,0.7670520000000001,0.0592796666666666,0.0
imdb,noniid,4,123,4,3,0.8492,0.0487,0.5007065473386717,0.0,0.3461076021194458,0.1849312524000803,0.8288888888888888,0.0,0.7670520000000001,0.0,0.0487
imdb,noniid,4,123,5,0,0.8548,0.0,0.4829199812821713,0.0,0.335629940032959,-0.0,0.838111111111111,0.0,0.762214,0.0,0.0
imdb,noniid,4,123,5,1,0.8548,0.0,0.4829199812821713,0.0,0.335629940032959,0.1650238802035649,0.838111111111111,0.0,0.762214,0.0,0.0
imdb,noniid,4,123,5,2,0.8548,0.0,0.4829199812821713,0.1517575322028267,0.335629940032959,-0.0,0.838111111111111,0.0070962962962962,0.762214,0.0662171999999999,0.0
imdb,noniid,4,123,5,3,0.8548,0.0475533333333333,0.4829199812821713,0.0,0.335629940032959,0.3121443212032318,0.838111111111111,-0.0185062962962963,0.762214,0.0,0.0475533333333333
imdb,noniid,4,123,6,0,0.8622,0.0,0.464857341684064,0.0,0.326075792312622,-0.0,0.8353777777777778,0.0,0.75703,0.0,0.0
imdb,noniid,4,123,6,1,0.8622,0.0,0.464857341684064,0.0,0.326075792312622,0.3558141261339188,0.8353777777777778,0.0,0.75703,0.0,0.0
imdb,noniid,4,123,6,2,0.8622,0.0,0.464857341684064,0.1069115081168354,0.326075792312622,-0.0,0.8353777777777778,0.0054729629629628,0.75703,0.0526017333333333,0.0
imdb,noniid,4,123,6,3,0.8622,0.0418266666666666,0.464857341684064,0.0,0.326075792312622,0.1366931945085525,0.8353777777777778,-0.0113448148148148,0.75703,0.0,0.0418266666666666
imdb,noniid,4,123,7,0,0.8668,0.0,0.4513151822796493,0.0,0.3177662491798401,-0.0,0.8152666666666666,0.0,0.751614,0.0,0.0
imdb,noniid,4,123,7,1,0.8668,0.0392,0.4513151822796493,0.0,0.3177662491798401,0.2442097802956899,0.8152666666666666,0.0,0.751614,0.0,0.0392
imdb,noniid,4,123,7,2,0.8668,0.0,0.4513151822796493,0.147552837318884,0.3177662491798401,-0.0,0.8152666666666666,0.056028148148148,0.751614,0.0638355999999999,0.0
imdb,noniid,4,123,7,3,0.8668,0.0482266666666666,0.4513151822796493,0.0,0.3177662491798401,0.1955235679944356,0.8152666666666666,0.0,0.751614,0.0,0.0482266666666666
imdb,noniid,4,123,8,0,0.866,0.0,0.4397228637413395,0.0,0.3186392188072204,-0.0,0.8293333333333333,0.0,0.7489399999999999,0.0,0.0
imdb,noniid,4,123,8,1,0.866,0.0383333333333333,0.4397228637413395,0.0,0.3186392188072204,0.2962175726890564,0.8293333333333333,0.0,0.7489399999999999,0.0,0.0383333333333333
imdb,noniid,4,123,8,2,0.866,0.0,0.4397228637413395,0.1367234889797026,0.3186392188072204,-0.0,0.8293333333333333,0.0448077777777778,0.7489399999999999,0.0617053999999999,0.0
imdb,noniid,4,123,8,3,0.866,0.04018,0.4397228637413395,0.0,0.3186392188072204,0.0930247515439987,0.8293333333333333,0.0,0.7489399999999999,0.0,0.04018
imdb,noniid,4,123,9,0,0.8696,0.0,0.4250229990800368,0.0,0.3132537007331848,-0.0,0.6740222222222223,0.0,0.7444200000000001,0.0,0.0
imdb,noniid,4,123,9,1,0.8696,0.03372,0.4250229990800368,0.0,0.3132537007331848,0.1285480181376139,0.6740222222222223,0.0,0.7444200000000001,0.0,0.03372
imdb,noniid,4,123,9,2,0.8696,0.0,0.4250229990800368,0.1185464433380557,0.3132537007331848,-0.0,0.6740222222222223,0.0055996296296297,0.7444200000000001,0.0584455333333333,0.0
imdb,noniid,4,123,9,3,0.8696,0.0460933333333333,0.4250229990800368,0.0,0.3132537007331848,0.3083124389251073,0.6740222222222223,0.0,0.7444200000000001,0.0,0.0460933333333333
imdb,noniid,4,123,10,0,0.8734,0.0,0.3991298374169911,0.0,0.3056325614452362,-0.0,0.7821333333333333,0.0,0.7385539999999999,0.0,0.0
imdb,noniid,4,123,10,1,0.8734,0.0360666666666666,0.3991298374169911,0.0,0.3056325614452362,0.2088229248921076,0.7821333333333333,0.0,0.7385539999999999,0.0,0.0360666666666666
imdb,noniid,4,123,10,2,0.8734,0.0,0.3991298374169911,0.1412493473858778,0.3056325614452362,-0.0,0.7821333333333333,-0.0048214814814815,0.7385539999999999,0.0647740666666666,0.0
imdb,noniid,4,123,10,3,0.8734,0.0375533333333333,0.3991298374169911,0.0,0.3056325614452362,0.2413981874783833,0.7821333333333333,0.0,0.7385539999999999,0.0,0.0375533333333333
imdb,noniid,4,2025,1,0,0.8242,0.0,0.5282698374181024,0.1646389440308456,0.4515400826931,-0.0,0.9188222222222222,0.0,0.77936,0.0607384666666666,0.0
imdb,noniid,4,2025,1,1,0.8242,0.0,0.5282698374181024,0.0,0.4515400826931,-0.0,0.9188222222222222,0.0,0.77936,0.0,0.0
imdb,noniid,4,2025,1,2,0.8242,0.0,0.5282698374181024,0.0,0.4515400826931,-0.0,0.9188222222222222,0.0210903703703703,0.77936,0.0,0.0
imdb,noniid,4,2025,1,3,0.8242,0.1080066666666666,0.5282698374181024,0.0,0.4515400826931,0.2293446203072865,0.9188222222222222,0.0,0.77936,0.0,0.1080066666666666
imdb,noniid,4,2025,2,0,0.8158,0.0,0.5508703113508213,0.0,0.3958795964717865,-0.0,0.8393777777777778,0.0,0.782482,0.0,0.0
imdb,noniid,4,2025,2,1,0.8158,0.0634133333333333,0.5508703113508213,0.0,0.3958795964717865,0.2589451650778452,0.8393777777777778,0.0,0.782482,0.0,0.0634133333333333
imdb,noniid,4,2025,2,2,0.8158,0.0,0.5508703113508213,0.1946813490275335,0.3958795964717865,-0.0,0.8393777777777778,0.033684074074074,0.782482,0.0489969999999999,0.0
imdb,noniid,4,2025,2,3,0.8158,0.0576066666666666,0.5508703113508213,0.0,0.3958795964717865,0.1459519267082214,0.8393777777777778,0.0,0.782482,0.0,0.0576066666666666
imdb,noniid,4,2025,3,0,0.8592,0.0,0.5018621973929237,0.0,0.3299940824508667,-0.0,0.8215333333333332,0.0013400000000001,0.768832,0.0,0.0
imdb,noniid,4,2025,3,1,0.8592,0.0,0.5018621973929237,0.0,0.3299940824508667,0.0837285816669464,0.8215333333333332,-0.0158933333333334,0.768832,0.0,0.0
imdb,noniid,4,2025,3,2,0.8592,0.0,0.5018621973929237,0.0968735923055945,0.3299940824508667,-0.0,0.8215333333333332,0.0,0.768832,0.0457959999999999,0.0
imdb,noniid,4,2025,3,3,0.8592,0.0550266666666666,0.5018621973929237,0.0,0.3299940824508667,0.1305603941281636,0.8215333333333332,-0.0250037037037037,0.768832,0.0,0.0550266666666666
imdb,noniid,4,2025,4,0,0.862,0.0,0.4890951276102088,0.0,0.3257470726966858,-0.0,0.8130222222222221,0.0,0.764802,0.0,0.0
imdb,noniid,4,2025,4,1,0.862,0.0,0.4890951276102088,0.0,0.3257470726966858,0.1103891313076019,0.8130222222222221,0.0,0.764802,0.0,0.0
imdb,noniid,4,2025,4,2,0.862,0.0,0.4890951276102088,0.0924376319456018,0.3257470726966858,-0.0,0.8130222222222221,0.0299214814814814,0.764802,0.0436958,0.0
imdb,noniid,4,2025,4,3,0.862,0.0402466666666666,0.4890951276102088,0.0,0.3257470726966858,0.1325635840495427,0.8130222222222221,0.0,0.764802,0.0,0.0402466666666666
imdb,noniid,4,2025,5,0,0.8652,0.0,0.4738788719371243,0.0,0.3220072984695434,-0.0,0.8129333333333333,0.0,0.76016,0.0,0.0
imdb,noniid,4,2025,5,1,0.8652,0.0,0.4738788719371243,0.0,0.3220072984695434,0.1770238310098648,0.8129333333333333,0.0,0.76016,0.0,0.0
imdb,noniid,4,2025,5,2,0.8652,0.0,0.4738788719371243,0.1078204834343925,0.3220072984695434,-0.0,0.8129333333333333,0.0911359259259259,0.76016,0.0509374,0.0
imdb,noniid,4,2025,5,3,0.8652,0.03438,0.4738788719371243,0.0,0.3220072984695434,0.1039120395978291,0.8129333333333333,0.0,0.76016,0.0,0.03438
imdb,noniid,4,2025,6,0,0.866,0.0,0.464203233256351,0.0,0.3177740573883056,-0.0,0.8668333333333333,0.0,0.75632,0.0,0.0
imdb,noniid,4,2025,6,1,0.866,0.0,0.464203233256351,0.0,0.3177740573883056,0.0644754787286122,0.8668333333333333,0.0,0.75632,0.0,0.0
imdb,noniid,4,2025,6,2,0.866,0.0,0.464203233256351,0.0780145546915325,0.3177740573883056,-0.0,0.8668333333333333,0.0648540740740741,0.75632,0.0443602666666666,0.0
imdb,noniid,4,2025,6,3,0.866,0.0418066666666666,0.464203233256351,0.0,0.3177740573883056,0.1287610540787379,0.8668333333333333,0.0,0.75632,0.0,0.0418066666666666
imdb,noniid,4,2025,7,0,0.868,0.0,0.4481566820276497,0.0,0.3131918311119079,-0.0,0.7668222222222221,0.0,0.752088,0.0,0.0
imdb,noniid,4,2025,7,1,0.868,0.0380533333333333,0.4481566820276497,0.0,0.3131918311119079,0.0898534854253133,0.7668222222222221,0.0,0.752088,0.0,0.0380533333333333
imdb,noniid,4,2025,7,2,0.868,0.0,0.4481566820276497,0.1230055935773223,0.3131918311119079,-0.0,0.7668222222222221,0.0655237037037037,0.752088,0.0583366666666666,0.0
imdb,noniid,4,2025,7,3,0.868,0.0376133333333333,0.4481566820276497,0.0,0.3131918311119079,0.132407996058464,0.7668222222222221,0.0,0.752088,0.0,0.0376133333333333
imdb,noniid,4,2025,8,0,0.8686,0.0,0.4363343311075293,0.0,0.3098885416984558,-0.0,0.7895111111111113,0.0,0.7488360000000001,0.0,0.0
imdb,noniid,4,2025,8,1,0.8686,0.0,0.4363343311075293,0.0,0.3098885416984558,0.0468485464652379,0.7895111111111113,0.0,0.7488360000000001,0.0,0.0
imdb,noniid,4,2025,8,2,0.8686,0.0,0.4363343311075293,0.1028290900138397,0.3098885416984558,-0.0,0.7895111111111113,0.0319407407407407,0.7488360000000001,0.0524934666666666,0.0
imdb,noniid,4,2025,8,3,0.8686,0.0245466666666666,0.4363343311075293,0.0,0.3098885416984558,0.0632980306943257,0.7895111111111113,0.0,0.7488360000000001,0.0,0.0245466666666666
imdb,noniid,4,2025,9,0,0.8724,0.0,0.421595598349381,0.0,0.3046033084392547,-0.0,0.8134666666666666,0.0,0.742964,0.0,0.0
imdb,noniid,4,2025,9,1,0.8724,0.0460666666666666,0.421595598349381,0.0,0.3046033084392547,0.1357086052497228,0.8134666666666666,-0.0532785185185186,0.742964,0.0,0.0460666666666666
imdb,noniid,4,2025,9,2,0.8724,0.0,0.421595598349381,0.1218373480792941,0.3046033084392547,-0.0,0.8134666666666666,0.0520792592592593,0.742964,0.0588508,0.0
imdb,noniid,4,2025,9,3,0.8724,0.03828,0.421595598349381,0.0,0.3046033084392547,0.1234305212895075,0.8134666666666666,0.0,0.742964,0.0,0.03828
imdb,noniid,4,2025,10,0,0.8718,0.0,0.4113328745125029,0.0,0.3022015988826751,-0.0,0.8139777777777777,0.0,0.7401420000000001,0.0,0.0
imdb,noniid,4,2025,10,1,0.8718,0.0321733333333333,0.4113328745125029,0.0,0.3022015988826751,0.0825453768173853,0.8139777777777777,0.0,0.7401420000000001,0.0,0.0321733333333333
imdb,noniid,4,2025,10,2,0.8718,0.0,0.4113328745125029,0.1207133652982377,0.3022015988826751,-0.0,0.8139777777777777,0.0609662962962962,0.7401420000000001,0.0577446666666666,0.0
imdb,noniid,4,2025,10,3,0.8718,0.03448,0.4113328745125029,0.0,0.3022015988826751,0.1153917243083318,0.8139777777777777,0.0,0.7401420000000001,0.0,0.03448
imdb,noniid,4,9928,1,0,0.728,0.0,0.6313186813186813,0.2009309350289974,0.502440333366394,-0.0,0.8527555555555555,0.0,0.797152,0.0621888666666666,0.0
imdb,noniid,4,9928,1,1,0.728,0.0,0.6313186813186813,0.0,0.502440333366394,-0.0,0.8527555555555555,0.0,0.797152,0.0,0.0
imdb,noniid,4,9928,1,2,0.728,0.0,0.6313186813186813,0.0,0.502440333366394,-0.0,0.8527555555555555,0.0,0.797152,0.0,0.0
imdb,noniid,4,9928,1,3,0.728,0.10198,0.6313186813186813,0.0,0.502440333366394,0.2397042572498321,0.8527555555555555,0.0,0.797152,0.0,0.10198
imdb,noniid,4,9928,2,0,0.8322,0.0,0.5340062484979572,0.0,0.3732968270778656,-0.0,0.9252,0.0,0.774486,0.0,0.0
imdb,noniid,4,9928,2,1,0.8322,0.0,0.5340062484979572,0.0,0.3732968270778656,-0.0,0.9252,0.0,0.774486,0.0,0.0
imdb,noniid,4,9928,2,2,0.8322,0.0,0.5340062484979572,0.1187899760578022,0.3732968270778656,-0.0,0.9252,0.0516977777777777,0.774486,0.0588535333333333,0.0
imdb,noniid,4,9928,2,3,0.8322,0.0958933333333333,0.5340062484979572,0.0,0.3732968270778656,0.2973115692536036,0.9252,0.0,0.774486,0.0,0.0958933333333333
imdb,noniid,4,9928,3,0,0.8594,0.0,0.5050034908075401,0.0,0.3313865661621094,-0.0,0.8439111111111113,0.0,0.765068,0.0,0.0
imdb,noniid,4,9928,3,1,0.8594,0.0,0.5050034908075401,0.0,0.3313865661621094,-0.0,0.8439111111111113,0.0,0.765068,0.0,0.0
imdb,noniid,4,9928,3,2,0.8594,0.0,0.5050034908075401,0.1282429068503333,0.3313865661621094,-0.0,0.8439111111111113,0.0135074074074074,0.765068,0.0517229333333333,0.0
imdb,noniid,4,9928,3,3,0.8594,0.0505399999999999,0.5050034908075401,0.0,0.3313865661621094,0.186252611875534,0.8439111111111113,0.0,0.765068,0.0,0.0505399999999999
imdb,noniid,4,9928,4,0,0.865,0.0,0.4899421965317919,0.0,0.3228217661380768,-0.0,0.8740888888888889,0.0,0.762378,0.0,0.0
imdb,noniid,4,9928,4,1,0.865,0.0,0.4899421965317919,0.0,0.3228217661380768,-0.0,0.8740888888888889,0.0,0.762378,0.0,0.0
imdb,noniid,4,9928,4,2,0.865,0.0,0.4899421965317919,0.0859743247586842,0.3228217661380768,-0.0,0.8740888888888889,-0.0054440740740739,0.762378,0.0399066666666666,0.0
imdb,noniid,4,9928,4,3,0.865,0.0453133333333333,0.4899421965317919,0.0,0.3228217661380768,0.1323252956072489,0.8740888888888889,0.0,0.762378,0.0,0.0453133333333333
imdb,noniid,4,9928,5,0,0.8672,0.0,0.477859778597786,0.0,0.319333553314209,-0.0,0.7168888888888887,0.0,0.757732,0.0,0.0
imdb,noniid,4,9928,5,1,0.8672,0.0,0.477859778597786,0.0,0.319333553314209,-0.0,0.7168888888888887,0.0,0.757732,0.0,0.0
imdb,noniid,4,9928,5,2,0.8672,0.0,0.477859778597786,0.1046487582503955,0.319333553314209,-0.0,0.7168888888888887,0.0,0.757732,0.0438342,0.0
imdb,noniid,4,9928,5,3,0.8672,0.0460066666666667,0.477859778597786,0.0,0.319333553314209,0.1973355958859125,0.7168888888888887,0.0,0.757732,0.0,0.0460066666666667
imdb,noniid,4,9928,6,0,0.8698,-0.0193933333333333,0.4656242814440101,0.0,0.3156341314315796,-0.0,0.803577777777778,0.003977037037037,0.755378,0.0,-0.0193933333333333
imdb,noniid,4,9928,6,1,0.8698,0.0392599999999999,0.4656242814440101,0.0,0.3156341314315796,-0.0,0.803577777777778,0.0,0.755378,0.0,0.0392599999999999
imdb,noniid,4,9928,6,2,0.8698,-0.04356,0.4656242814440101,0.0781867818681967,0.3156341314315796,-0.0,0.803577777777778,0.0,0.755378,0.0355804666666667,-0.04356
imdb,noniid,4,9928,6,3,0.8698,0.0286933333333333,0.4656242814440101,0.0,0.3156341314315796,0.0938795179128646,0.803577777777778,0.0,0.755378,0.0,0.0286933333333333
imdb,noniid,4,9928,7,0,0.87,-0.01196,0.4528735632183908,0.0,0.3131417632102966,-0.0,0.6579333333333333,0.0,0.751676,0.0,-0.01196
imdb,noniid,4,9928,7,1,0.87,0.03044,0.4528735632183908,0.0,0.3131417632102966,-0.0,0.6579333333333333,0.0,0.751676,0.0,0.03044
imdb,noniid,4,9928,7,2,0.87,-0.0589866666666666,0.4528735632183908,0.1013445039834768,0.3131417632102966,-0.0,0.6579333333333333,0.0221177777777777,0.751676,0.0415916666666666,-0.0589866666666666
imdb,noniid,4,9928,7,3,0.87,0.0453066666666666,0.4528735632183908,0.0,0.3131417632102966,0.1988637427488963,0.6579333333333333,-0.0002748148148148,0.751676,0.0,0.0453066666666666
imdb,noniid,4,9928,8,0,0.872,-0.0157,0.4389908256880734,0.0,0.309337705373764,-0.0,0.7551999999999999,0.0,0.7474339999999999,0.0,-0.0157
imdb,noniid,4,9928,8,1,0.872,0.0363666666666666,0.4389908256880734,0.0,0.309337705373764,-0.0,0.7551999999999999,0.0,0.7474339999999999,0.0,0.0363666666666666
imdb,noniid,4,9928,8,2,0.872,-0.0571199999999999,0.4389908256880734,0.1034647573165166,0.309337705373764,-0.0,0.7551999999999999,0.0332622222222222,0.7474339999999999,0.0420160666666666,-0.0571199999999999
imdb,noniid,4,9928,8,3,0.872,0.0434533333333333,0.4389908256880734,0.0,0.309337705373764,0.1559122830629348,0.7551999999999999,0.0,0.7474339999999999,0.0,0.0434533333333333
imdb,noniid,4,9928,9,0,0.8758,-0.0271333333333333,0.4258963233614981,0.0,0.3059722781181335,-0.0,0.7667555555555556,0.0,0.743816,0.0,-0.0271333333333333
imdb,noniid,4,9928,9,1,0.8758,0.03814,0.4258963233614981,0.0,0.3059722781181335,-0.0,0.7667555555555556,-0.0183099999999999,0.743816,0.0,0.03814
imdb,noniid,4,9928,9,2,0.8758,-0.0490333333333333,0.4258963233614981,0.0946839971164127,0.3059722781181335,-0.0,0.7667555555555556,0.0150718518518518,0.743816,0.0396936666666666,-0.0490333333333333
imdb,noniid,4,9928,9,3,0.8758,0.0450266666666666,0.4258963233614981,0.0,0.3059722781181335,0.1936065912246704,0.7667555555555556,0.0,0.743816,0.0,0.0450266666666666
imdb,noniid,4,9928,10,0,0.8762,-0.0179333333333333,0.406756448299475,0.0,0.3001618683338165,-0.0,0.8016000000000001,0.0,0.739958,0.0,-0.0179333333333333
imdb,noniid,4,9928,10,1,0.8762,0.0356533333333333,0.406756448299475,0.0,0.3001618683338165,-0.0,0.8016000000000001,0.0,0.739958,0.0,0.0356533333333333
imdb,noniid,4,9928,10,2,0.8762,-0.0668733333333333,0.406756448299475,0.156076849873222,0.3001618683338165,-0.0,0.8016000000000001,0.0718762962962963,0.739958,0.0550591999999999,-0.0668733333333333
imdb,noniid,4,9928,10,3,0.8762,0.0547066666666666,0.406756448299475,0.0,0.3001618683338165,0.2186982641617457,0.8016000000000001,0.0,0.739958,0.0,0.0547066666666666
imdb,noniid,20,42,1,0,0.7966,0.0,0.4710017574692443,0.0,0.5912686586380005,0.0305631478627522,0.9389777777777776,0.0,0.756338,0.0,0.0
imdb,noniid,20,42,1,1,0.7966,0.0,0.4710017574692443,-0.0684441716677063,0.5912686586380005,-0.0,0.9389777777777776,0.0,0.756338,-0.0207935333333333,0.0
imdb,noniid,20,42,1,2,0.7966,0.0,0.4710017574692443,0.0,0.5912686586380005,-0.0,0.9389777777777776,0.0,0.756338,0.0,0.0
imdb,noniid,20,42,1,3,0.7966,0.0,0.4710017574692443,0.0,0.5912686586380005,-0.0,0.9389777777777776,0.0,0.756338,0.0,0.0
imdb,noniid,20,42,1,4,0.7966,0.0,0.4710017574692443,0.0,0.5912686586380005,-0.0,0.9389777777777776,0.0,0.756338,0.0,0.0
imdb,noniid,20,42,1,5,0.7966,0.0,0.4710017574692443,0.0,0.5912686586380005,-0.0,0.9389777777777776,0.0,0.756338,0.0,0.0
imdb,noniid,20,42,1,6,0.7966,0.0,0.4710017574692443,0.0,0.5912686586380005,-0.0,0.9389777777777776,0.0,0.756338,0.0,0.0
imdb,noniid,20,42,1,7,0.7966,0.0,0.4710017574692443,0.0,0.5912686586380005,-0.0,0.9389777777777776,0.0,0.756338,0.0,0.0
imdb,noniid,20,42,1,8,0.7966,0.0,0.4710017574692443,0.0,0.5912686586380005,-0.0,0.9389777777777776,0.0,0.756338,0.0,0.0
imdb,noniid,20,42,1,9,0.7966,0.0399133333333333,0.4710017574692443,0.0,0.5912686586380005,-0.0,0.9389777777777776,0.0,0.756338,0.0,0.0399133333333333
imdb,noniid,20,42,1,10,0.7966,0.0,0.4710017574692443,0.0,0.5912686586380005,-0.0,0.9389777777777776,0.0,0.756338,0.0,0.0
imdb,noniid,20,42,1,11,0.7966,0.0,0.4710017574692443,0.0,0.5912686586380005,-0.0,0.9389777777777776,0.0,0.756338,0.0,0.0
imdb,noniid,20,42,1,12,0.7966,0.0,0.4710017574692443,0.0,0.5912686586380005,-0.0,0.9389777777777776,0.0,0.756338,0.0,0.0
imdb,noniid,20,42,1,13,0.7966,0.0,0.4710017574692443,0.0,0.5912686586380005,-0.0,0.9389777777777776,0.0,0.756338,0.0,0.0
imdb,noniid,20,42,1,14,0.7966,0.0,0.4710017574692443,0.0,0.5912686586380005,-0.0,0.9389777777777776,0.0,0.756338,0.0,0.0
imdb,noniid,20,42,1,15,0.7966,0.0,0.4710017574692443,0.0,0.5912686586380005,-0.0,0.9389777777777776,0.0,0.756338,0.0,0.0
imdb,noniid,20,42,1,16,0.7966,0.0,0.4710017574692443,0.0,0.5912686586380005,-0.0,0.9389777777777776,0.0,0.756338,0.0,0.0
imdb,noniid,20,42,1,17,0.7966,0.0,0.4710017574692443,0.0,0.5912686586380005,-0.0,0.9389777777777776,0.0,0.756338,0.0,0.0
imdb,noniid,20,42,1,18,0.7966,0.0,0.4710017574692443,0.0,0.5912686586380005,-0.0,0.9389777777777776,0.0,0.756338,0.0,0.0
imdb,noniid,20,42,1,19,0.7966,0.0,0.4710017574692443,0.0,0.5912686586380005,-0.0,0.9389777777777776,0.0,0.756338,0.0,0.0
imdb,noniid,20,42,2,0,0.846,0.0266399999999999,0.5446808510638298,0.0,0.3915346562862396,0.0413837889830271,0.8017333333333334,0.0,0.780796,0.0,0.0266399999999999
imdb,noniid,20,42,2,1,0.846,0.0,0.5446808510638298,0.0,0.3915346562862396,-0.0,0.8017333333333334,0.0,0.780796,0.0,0.0
imdb,noniid,20,42,2,2,0.846,0.0,0.5446808510638298,0.0269110256869265,0.3915346562862396,-0.0,0.8017333333333334,0.0,0.780796,0.0116838,0.0
imdb,noniid,20,42,2,3,0.846,0.0291799999999999,0.5446808510638298,0.0,0.3915346562862396,0.0910909483830134,0.8017333333333334,0.0,0.780796,0.0,0.0291799999999999
imdb,noniid,20,42,2,4,0.846,0.0,0.5446808510638298,0.0,0.3915346562862396,-0.0,0.8017333333333334,0.0,0.780796,0.0,0.0
imdb,noniid,20,42,2,5,0.846,0.0,0.5446808510638298,0.0,0.3915346562862396,-0.0,0.8017333333333334,0.0,0.780796,0.0,0.0
imdb,noniid,20,42,2,6,0.846,0.0,0.5446808510638298,0.0,0.3915346562862396,-0.0,0.8017333333333334,0.0,0.780796,0.0,0.0
imdb,noniid,20,42,2,7,0.846,0.0,0.5446808510638298,0.0,0.3915346562862396,-0.0,0.8017333333333334,0.0,0.780796,0.0,0.0
imdb,noniid,20,42,2,8,0.846,0.0,0.5446808510638298,0.0,0.3915346562862396,-0.0,0.8017333333333334,0.0056488888888888,0.780796,0.0,0.0
imdb,noniid,20,42,2,9,0.846,0.0,0.5446808510638298,0.0,0.3915346562862396,-0.0,0.8017333333333334,0.0,0.780796,0.0,0.0
imdb,noniid,20,42,2,10,0.846,0.0,0.5446808510638298,0.0,0.3915346562862396,-0.0,0.8017333333333334,0.0,0.780796,0.0,0.0
imdb,noniid,20,42,2,11,0.846,0.0,0.5446808510638298,0.0,0.3915346562862396,-0.0,0.8017333333333334,0.0,0.780796,0.0,0.0
imdb,noniid,20,42,2,12,0.846,0.0,0.5446808510638298,0.0,0.3915346562862396,-0.0,0.8017333333333334,0.0,0.780796,0.0,0.0
imdb,noniid,20,42,2,13,0.846,0.0,0.5446808510638298,0.0,0.3915346562862396,-0.0,0.8017333333333334,0.0,0.780796,0.0,0.0
imdb,noniid,20,42,2,14,0.846,0.0,0.5446808510638298,0.0,0.3915346562862396,-0.0,0.8017333333333334,0.0,0.780796,0.0,0.0
imdb,noniid,20,42,2,15,0.846,0.0,0.5446808510638298,0.0,0.3915346562862396,-0.0,0.8017333333333334,0.0,0.780796,0.0,0.0
imdb,noniid,20,42,2,16,0.846,0.0,0.5446808510638298,0.0,0.3915346562862396,-0.0,0.8017333333333334,0.0,0.780796,0.0,0.0
imdb,noniid,20,42,2,17,0.846,0.0,0.5446808510638298,0.0,0.3915346562862396,-0.0,0.8017333333333334,0.0,0.780796,0.0,0.0
imdb,noniid,20,42,2,18,0.846,0.0,0.5446808510638298,0.0,0.3915346562862396,-0.0,0.8017333333333334,0.0,0.780796,0.0,0.0
imdb,noniid,20,42,2,19,0.846,0.0,0.5446808510638298,0.0,0.3915346562862396,-0.0,0.8017333333333334,0.0,0.780796,0.0,0.0
imdb,noniid,20,42,3,0,0.8576,0.0,0.5375466417910447,0.0,0.3378270268440246,-0.0,0.822688888888889,0.0003437037037036,0.7791440000000001,0.0,0.0
imdb,noniid,20,42,3,1,0.8576,0.0003666666666666,0.5375466417910447,0.0,0.3378270268440246,0.0033742407957712,0.822688888888889,0.0,0.7791440000000001,0.0,0.0003666666666666
imdb,noniid,20,42,3,2,0.8576,0.0,0.5375466417910447,0.0,0.3378270268440246,-0.0,0.822688888888889,0.0070381481481481,0.7791440000000001,0.0013565999999999,0.0
imdb,noniid,20,42,3,3,0.8576,0.0116066666666666,0.5375466417910447,0.0,0.3378270268440246,0.0611794273058573,0.822688888888889,0.0,0.7791440000000001,-0.0001686,0.0116066666666666
imdb,noniid,20,42,3,4,0.8576,0.0,0.5375466417910447,0.0,0.3378270268440246,-0.0,0.822688888888889,0.0,0.7791440000000001,0.0019867999999999,0.0
imdb,noniid,20,42,3,5,0.8576,0.0,0.5375466417910447,0.0,0.3378270268440246,-0.0,0.822688888888889,0.0,0.7791440000000001,-0.0006819999999999,0.0
imdb,noniid,20,42,3,6,0.8576,0.0,0.5375466417910447,0.0,0.3378270268440246,-0.0,0.822688888888889,0.0,0.7791440000000001,0.0016182666666666,0.0
imdb,noniid,20,42,3,7,0.8576,0.0,0.5375466417910447,0.0,0.3378270268440246,-0.0,0.822688888888889,0.0,0.7791440000000001,0.0,0.0
imdb,noniid,20,42,3,8,0.8576,0.0,0.5375466417910447,0.0,0.3378270268440246,-0.0,0.822688888888889,0.0,0.7791440000000001,0.0,0.0
imdb,noniid,20,42,3,9,0.8576,0.0204466666666666,0.5375466417910447,0.0,0.3378270268440246,0.0890961418549219,0.822688888888889,0.0,0.7791440000000001,0.0,0.0204466666666666
imdb,noniid,20,42,3,10,0.8576,0.0,0.5375466417910447,0.0,0.3378270268440246,-0.0,0.822688888888889,0.0,0.7791440000000001,0.0,0.0
imdb,noniid,20,42,3,11,0.8576,0.0,0.5375466417910447,0.0,0.3378270268440246,-0.0,0.822688888888889,0.0,0.7791440000000001,0.0,0.0
imdb,noniid,20,42,3,12,0.8576,0.0,0.5375466417910447,0.0,0.3378270268440246,-0.0,0.822688888888889,0.0,0.7791440000000001,0.0,0.0
imdb,noniid,20,42,3,13,0.8576,0.0,0.5375466417910447,0.0,0.3378270268440246,0.0356260071198145,0.822688888888889,0.0,0.7791440000000001,0.0,0.0
imdb,noniid,20,42,3,14,0.8576,0.0,0.5375466417910447,0.0,0.3378270268440246,-0.0,0.822688888888889,0.0,0.7791440000000001,0.0,0.0
imdb,noniid,20,42,3,15,0.8576,0.0,0.5375466417910447,0.0,0.3378270268440246,-0.0,0.822688888888889,0.0,0.7791440000000001,0.0,0.0
imdb,noniid,20,42,3,16,0.8576,0.0,0.5375466417910447,0.0,0.3378270268440246,-0.0,0.822688888888889,0.0,0.7791440000000001,0.0004503999999999,0.0
imdb,noniid,20,42,3,17,0.8576,0.0,0.5375466417910447,0.0,0.3378270268440246,-0.0,0.822688888888889,0.0,0.7791440000000001,0.0005853333333333,0.0
imdb,noniid,20,42,3,18,0.8576,0.0013066666666666,0.5375466417910447,0.0,0.3378270268440246,0.0033121446768442,0.822688888888889,0.0,0.7791440000000001,0.0016766,0.0013066666666666
imdb,noniid,20,42,3,19,0.8576,0.0,0.5375466417910447,0.0,0.3378270268440246,-0.0,0.822688888888889,0.0,0.7791440000000001,0.0,0.0
imdb,noniid,20,42,4,0,0.8612,0.0155266666666666,0.5292614955875522,0.0,0.3262584507465362,-0.0,0.8241555555555555,0.0,0.774738,0.0,0.0155266666666666
imdb,noniid,20,42,4,1,0.8612,-0.00436,0.5292614955875522,0.0,0.3262584507465362,-0.0,0.8241555555555555,0.0,0.774738,0.0,-0.00436
imdb,noniid,20,42,4,2,0.8612,0.0,0.5292614955875522,0.0,0.3262584507465362,-0.0,0.8241555555555555,0.0,0.774738,0.0,0.0
imdb,noniid,20,42,4,3,0.8612,0.0115066666666666,0.5292614955875522,0.0,0.3262584507465362,-0.0,0.8241555555555555,0.0,0.774738,0.0,0.0115066666666666
imdb,noniid,20,42,4,4,0.8612,-0.01532,0.5292614955875522,0.0,0.3262584507465362,-0.0,0.8241555555555555,-0.008181111111111,0.774738,0.0,-0.01532
imdb,noniid,20,42,4,5,0.8612,0.0,0.5292614955875522,0.0,0.3262584507465362,-0.0,0.8241555555555555,0.0,0.774738,0.0,0.0
imdb,noniid,20,42,4,6,0.8612,-0.0133066666666666,0.5292614955875522,0.0,0.3262584507465362,-0.0,0.8241555555555555,0.0,0.774738,0.0,-0.0133066666666666
imdb,noniid,20,42,4,7,0.8612,0.0135333333333333,0.5292614955875522,0.0,0.3262584507465362,0.1124469409386317,0.8241555555555555,0.0,0.774738,0.0,0.0135333333333333
imdb,noniid,20,42,4,8,0.8612,0.0,0.5292614955875522,0.0,0.3262584507465362,0.042995336651802,0.8241555555555555,0.0,0.774738,0.0,0.0
imdb,noniid,20,42,4,9,0.8612,0.0258,0.5292614955875522,0.0,0.3262584507465362,-0.0,0.8241555555555555,0.0,0.774738,0.0,0.0258
imdb,noniid,20,42,4,10,0.8612,0.0219266666666666,0.5292614955875522,0.0,0.3262584507465362,-0.0,0.8241555555555555,0.0,0.774738,0.0,0.0219266666666666
imdb,noniid,20,42,4,11,0.8612,0.0,0.5292614955875522,0.0184879401158535,0.3262584507465362,-0.0,0.8241555555555555,0.0,0.774738,0.0057394,0.0
imdb,noniid,20,42,4,12,0.8612,-0.0007933333333333,0.5292614955875522,0.0,0.3262584507465362,-0.0,0.8241555555555555,0.0,0.774738,0.0,-0.0007933333333333
imdb,noniid,20,42,4,13,0.8612,0.0125466666666666,0.5292614955875522,0.0,0.3262584507465362,0.0283576548099517,0.8241555555555555,0.0,0.774738,0.0,0.0125466666666666
imdb,noniid,20,42,4,14,0.8612,0.0090533333333333,0.5292614955875522,0.0,0.3262584507465362,-0.0,0.8241555555555555,0.0,0.774738,0.0,0.0090533333333333
imdb,noniid,20,42,4,15,0.8612,0.0068933333333333,0.5292614955875522,0.0,0.3262584507465362,-0.0,0.8241555555555555,0.0,0.774738,0.0,0.0068933333333333
imdb,noniid,20,42,4,16,0.8612,-0.0231,0.5292614955875522,0.0,0.3262584507465362,-0.0,0.8241555555555555,0.0,0.774738,0.0,-0.0231
imdb,noniid,20,42,4,17,0.8612,0.0,0.5292614955875522,0.0,0.3262584507465362,-0.0,0.8241555555555555,0.0,0.774738,0.0,0.0
imdb,noniid,20,42,4,18,0.8612,0.0158533333333333,0.5292614955875522,0.0,0.3262584507465362,-0.0,0.8241555555555555,0.0,0.774738,0.0,0.0158533333333333
imdb,noniid,20,42,4,19,0.8612,-0.0304466666666666,0.5292614955875522,0.0,0.3262584507465362,-0.0,0.8241555555555555,0.0,0.774738,0.0,-0.0304466666666666
imdb,noniid,20,42,5,0,0.8616,0.0,0.5201949860724234,0.0,0.3198617696762085,-0.0,0.8581777777777777,0.0,0.771374,0.0,0.0
imdb,noniid,20,42,5,1,0.8616,-0.0065533333333333,0.5201949860724234,0.0,0.3198617696762085,-0.0,0.8581777777777777,0.0,0.771374,0.0,-0.0065533333333333
imdb,noniid,20,42,5,2,0.8616,0.0,0.5201949860724234,0.0507420722119015,0.3198617696762085,-0.0,0.8581777777777777,0.0,0.771374,0.0,0.0
imdb,noniid,20,42,5,3,0.8616,0.0,0.5201949860724234,0.0,0.3198617696762085,0.04762963950634,0.8581777777777777,0.0,0.771374,0.0,0.0
imdb,noniid,20,42,5,4,0.8616,0.0,0.5201949860724234,0.0,0.3198617696762085,-0.0,0.8581777777777777,0.0,0.771374,0.0,0.0
imdb,noniid,20,42,5,5,0.8616,0.0,0.5201949860724234,0.0,0.3198617696762085,-0.0,0.8581777777777777,0.0,0.771374,0.0,0.0
imdb,noniid,20,42,5,6,0.8616,0.0,0.5201949860724234,0.0,0.3198617696762085,-0.0,0.8581777777777777,0.0,0.771374,0.0,0.0
imdb,noniid,20,42,5,7,0.8616,0.0092733333333333,0.5201949860724234,0.0,0.3198617696762085,0.0497151692708333,0.8581777777777777,0.0118862962962963,0.771374,0.0,0.0092733333333333
imdb,noniid,20,42,5,8,0.8616,0.0,0.5201949860724234,0.0,0.3198617696762085,0.066883498430252,0.8581777777777777,0.0,0.771374,0.0,0.0
imdb,noniid,20,42,5,9,0.8616,0.0,0.5201949860724234,0.0,0.3198617696762085,-0.0,0.8581777777777777,0.0,0.771374,0.0,0.0
imdb,noniid,20,42,5,10,0.8616,0.0,0.5201949860724234,0.0,0.3198617696762085,-0.0,0.8581777777777777,0.0,0.771374,0.0,0.0
imdb,noniid,20,42,5,11,0.8616,0.0,0.5201949860724234,0.0,0.3198617696762085,-0.0,0.8581777777777777,0.0,0.771374,0.004745,0.0
imdb,noniid,20,42,5,12,0.8616,0.0,0.5201949860724234,0.0,0.3198617696762085,-0.0,0.8581777777777777,0.0,0.771374,0.0,0.0
imdb,noniid,20,42,5,13,0.8616,0.0065399999999999,0.5201949860724234,0.0,0.3198617696762085,-0.0,0.8581777777777777,0.0,0.771374,0.0,0.0065399999999999
imdb,noniid,20,42,5,14,0.8616,0.0,0.5201949860724234,0.0,0.3198617696762085,-0.0,0.8581777777777777,0.0,0.771374,0.0,0.0
imdb,noniid,20,42,5,15,0.8616,0.0,0.5201949860724234,0.0,0.3198617696762085,-0.0,0.8581777777777777,0.0,0.771374,0.0,0.0
imdb,noniid,20,42,5,16,0.8616,0.0,0.5201949860724234,0.0,0.3198617696762085,-0.0,0.8581777777777777,0.0,0.771374,0.0,0.0
imdb,noniid,20,42,5,17,0.8616,0.0,0.5201949860724234,0.0,0.3198617696762085,-0.0,0.8581777777777777,0.0,0.771374,0.0,0.0
imdb,noniid,20,42,5,18,0.8616,0.0,0.5201949860724234,0.0,0.3198617696762085,-0.0,0.8581777777777777,0.0065296296296296,0.771374,0.0,0.0
imdb,noniid,20,42,5,19,0.8616,0.0,0.5201949860724234,0.0,0.3198617696762085,-0.0,0.8581777777777777,0.0,0.771374,0.0,0.0
imdb,noniid,20,42,6,0,0.8642,0.0,0.5059014117102523,0.0,0.3161017000675201,-0.0,0.8078444444444446,0.0,0.76876,0.0,0.0
imdb,noniid,20,42,6,1,0.8642,0.0,0.5059014117102523,0.0,0.3161017000675201,-0.0,0.8078444444444446,0.0,0.76876,0.0,0.0
imdb,noniid,20,42,6,2,0.8642,0.0,0.5059014117102523,0.0308486679587596,0.3161017000675201,-0.0,0.8078444444444446,0.0,0.76876,0.0,0.0
imdb,noniid,20,42,6,3,0.8642,0.0,0.5059014117102523,0.0,0.3161017000675201,-0.0,0.8078444444444446,0.0,0.76876,0.0,0.0
imdb,noniid,20,42,6,4,0.8642,-0.02492,0.5059014117102523,0.0,0.3161017000675201,-0.1237554957469304,0.8078444444444446,0.0,0.76876,0.0,-0.02492
imdb,noniid,20,42,6,5,0.8642,0.0,0.5059014117102523,0.0,0.3161017000675201,-0.0,0.8078444444444446,0.0,0.76876,0.0,0.0
imdb,noniid,20,42,6,6,0.8642,0.0,0.5059014117102523,0.0,0.3161017000675201,-0.0,0.8078444444444446,0.0,0.76876,0.0,0.0
imdb,noniid,20,42,6,7,0.8642,0.0059,0.5059014117102523,0.0,0.3161017000675201,0.0607281506061554,0.8078444444444446,0.0,0.76876,0.0,0.0059
imdb,noniid,20,42,6,8,0.8642,0.0128333333333333,0.5059014117102523,0.0,0.3161017000675201,0.0792034069697062,0.8078444444444446,0.0,0.76876,0.0,0.0128333333333333
imdb,noniid,20,42,6,9,0.8642,0.0105733333333333,0.5059014117102523,0.0,0.3161017000675201,0.0287443141142527,0.8078444444444446,0.0,0.76876,0.0,0.0105733333333333
imdb,noniid,20,42,6,10,0.8642,0.0,0.5059014117102523,0.0,0.3161017000675201,-0.0,0.8078444444444446,0.0,0.76876,0.0,0.0
imdb,noniid,20,42,6,11,0.8642,0.0,0.5059014117102523,0.0,0.3161017000675201,-0.0,0.8078444444444446,0.0,0.76876,0.005438,0.0
imdb,noniid,20,42,6,12,0.8642,0.0,0.5059014117102523,0.0,0.3161017000675201,-0.0,0.8078444444444446,0.0,0.76876,0.0,0.0
imdb,noniid,20,42,6,13,0.8642,0.0,0.5059014117102523,0.0,0.3161017000675201,-0.0,0.8078444444444446,0.0,0.76876,0.0,0.0
imdb,noniid,20,42,6,14,0.8642,0.0,0.5059014117102523,0.0,0.3161017000675201,-0.0,0.8078444444444446,0.0,0.76876,0.0,0.0
imdb,noniid,20,42,6,15,0.8642,0.0,0.5059014117102523,0.0,0.3161017000675201,-0.0,0.8078444444444446,0.0,0.76876,0.0,0.0
imdb,noniid,20,42,6,16,0.8642,0.0,0.5059014117102523,0.0,0.3161017000675201,-0.0,0.8078444444444446,-0.0074607407407407,0.76876,0.0,0.0
imdb,noniid,20,42,6,17,0.8642,0.0,0.5059014117102523,0.0,0.3161017000675201,-0.0,0.8078444444444446,0.0,0.76876,0.0,0.0
imdb,noniid,20,42,6,18,0.8642,0.0,0.5059014117102523,0.0,0.3161017000675201,-0.0,0.8078444444444446,0.0,0.76876,0.0,0.0
imdb,noniid,20,42,6,19,0.8642,-0.0253,0.5059014117102523,0.0,0.3161017000675201,-0.1105934222539266,0.8078444444444446,0.0,0.76876,0.0,-0.0253
imdb,noniid,20,42,7,0,0.8654,0.00566,0.4959556274555119,0.0,0.3133413195610046,-0.0,0.7860444444444445,0.0,0.765882,0.0,0.00566
imdb,noniid,20,42,7,1,0.8654,0.0,0.4959556274555119,0.0,0.3133413195610046,-0.0,0.7860444444444445,0.0,0.765882,0.0,0.0
imdb,noniid,20,42,7,2,0.8654,0.0,0.4959556274555119,0.0147635846899615,0.3133413195610046,-0.0,0.7860444444444445,0.00692,0.765882,0.0,0.0
imdb,noniid,20,42,7,3,0.8654,0.0089866666666666,0.4959556274555119,0.0,0.3133413195610046,0.0340465088685353,0.7860444444444445,0.0,0.765882,0.0,0.0089866666666666
imdb,noniid,20,42,7,4,0.8654,-0.0069533333333333,0.4959556274555119,0.0,0.3133413195610046,-0.0,0.7860444444444445,0.0,0.765882,0.0,-0.0069533333333333
imdb,noniid,20,42,7,5,0.8654,0.0139866666666666,0.4959556274555119,0.0,0.3133413195610046,-0.0,0.7860444444444445,0.0,0.765882,0.0,0.0139866666666666
imdb,noniid,20,42,7,6,0.8654,-0.0170533333333333,0.4959556274555119,0.0,0.3133413195610046,-0.0,0.7860444444444445,0.0,0.765882,0.0,-0.0170533333333333
imdb,noniid,20,42,7,7,0.8654,0.0091933333333333,0.4959556274555119,0.0,0.3133413195610046,-0.0,0.7860444444444445,0.0,0.765882,0.0,0.0091933333333333
imdb,noniid,20,42,7,8,0.8654,0.0,0.4959556274555119,0.0,0.3133413195610046,0.0078303128480911,0.7860444444444445,0.0,0.765882,0.0,0.0
imdb,noniid,20,42,7,9,0.8654,0.0,0.4959556274555119,0.0,0.3133413195610046,0.0570467978715896,0.7860444444444445,0.0,0.765882,0.0,0.0
imdb,noniid,20,42,7,10,0.8654,0.0,0.4959556274555119,0.0,0.3133413195610046,-0.0,0.7860444444444445,0.0,0.765882,0.0,0.0
imdb,noniid,20,42,7,11,0.8654,-0.0322666666666666,0.4959556274555119,0.0,0.3133413195610046,-0.0,0.7860444444444445,0.0,0.765882,0.0146960666666666,-0.0322666666666666
imdb,noniid,20,42,7,12,0.8654,0.0,0.4959556274555119,0.0,0.3133413195610046,0.0422282218933105,0.7860444444444445,0.0,0.765882,0.0,0.0
imdb,noniid,20,42,7,13,0.8654,0.0,0.4959556274555119,0.0,0.3133413195610046,-0.0,0.7860444444444445,0.0,0.765882,0.0,0.0
imdb,noniid,20,42,7,14,0.8654,0.0,0.4959556274555119,0.0,0.3133413195610046,-0.0,0.7860444444444445,0.0,0.765882,0.0,0.0
imdb,noniid,20,42,7,15,0.8654,0.0,0.4959556274555119,0.0,0.3133413195610046,-0.0,0.7860444444444445,0.0,0.765882,0.0,0.0
imdb,noniid,20,42,7,16,0.8654,0.0,0.4959556274555119,0.0,0.3133413195610046,-0.0,0.7860444444444445,0.0,0.765882,0.0,0.0
imdb,noniid,20,42,7,17,0.8654,0.0130599999999999,0.4959556274555119,0.0,0.3133413195610046,-0.0,0.7860444444444445,0.0,0.765882,0.0,0.0130599999999999
imdb,noniid,20,42,7,18,0.8654,0.0011466666666666,0.4959556274555119,0.0,0.3133413195610046,-0.0,0.7860444444444445,0.0,0.765882,0.0,0.0011466666666666
imdb,noniid,20,42,7,19,0.8654,0.0,0.4959556274555119,0.0,0.3133413195610046,-0.0,0.7860444444444445,0.0,0.765882,0.0,0.0
imdb,noniid,20,42,8,0,0.8666,0.01178,0.4864989614585737,0.0,0.3110608458518982,-0.0,0.7883777777777778,0.0,0.76358,0.0,0.01178
imdb,noniid,20,42,8,1,0.8666,0.0097799999999999,0.4864989614585737,0.0,0.3110608458518982,0.1063894768555959,0.7883777777777778,0.0,0.76358,0.0,0.0097799999999999
imdb,noniid,20,42,8,2,0.8666,-0.0154,0.4864989614585737,0.0198733463576097,0.3110608458518982,-0.0,0.7883777777777778,-0.0023592592592592,0.76358,0.0,-0.0154
imdb,noniid,20,42,8,3,0.8666,0.0,0.4864989614585737,0.0,0.3110608458518982,0.0625269999106725,0.7883777777777778,0.0,0.76358,0.0,0.0
imdb,noniid,20,42,8,4,0.8666,-0.0364466666666666,0.4864989614585737,0.0,0.3110608458518982,-0.1518662144740422,0.7883777777777778,0.0,0.76358,0.0,-0.0364466666666666
imdb,noniid,20,42,8,5,0.8666,0.0074933333333333,0.4864989614585737,0.0,0.3110608458518982,-0.0,0.7883777777777778,0.0,0.76358,0.0,0.0074933333333333
imdb,noniid,20,42,8,6,0.8666,-0.0146933333333333,0.4864989614585737,0.0,0.3110608458518982,-0.0404787192742029,0.7883777777777778,0.0,0.76358,0.0,-0.0146933333333333
imdb,noniid,20,42,8,7,0.8666,-0.0025733333333333,0.4864989614585737,0.0,0.3110608458518982,-0.0,0.7883777777777778,0.0,0.76358,0.0,-0.0025733333333333
imdb,noniid,20,42,8,8,0.8666,0.0105,0.4864989614585737,0.0,0.3110608458518982,0.0568164924780527,0.7883777777777778,0.0,0.76358,0.0,0.0105
imdb,noniid,20,42,8,9,0.8666,0.0088066666666666,0.4864989614585737,0.0,0.3110608458518982,0.0260849684476852,0.7883777777777778,0.0,0.76358,0.0,0.0088066666666666
imdb,noniid,20,42,8,10,0.8666,0.0070666666666666,0.4864989614585737,0.0,0.3110608458518982,-0.0,0.7883777777777778,0.0,0.76358,0.0,0.0070666666666666
imdb,noniid,20,42,8,11,0.8666,-0.0235066666666666,0.4864989614585737,0.0,0.3110608458518982,-0.0,0.7883777777777778,0.0,0.76358,0.0102548666666666,-0.0235066666666666
imdb,noniid,20,42,8,12,0.8666,0.0212533333333333,0.4864989614585737,0.0,0.3110608458518982,-0.0,0.7883777777777778,0.0,0.76358,0.0,0.0212533333333333
imdb,noniid,20,42,8,13,0.8666,0.0,0.4864989614585737,0.0,0.3110608458518982,0.0239464292923609,0.7883777777777778,0.0,0.76358,0.0,0.0
imdb,noniid,20,42,8,14,0.8666,0.0090333333333333,0.4864989614585737,0.0,0.3110608458518982,0.024040604631106,0.7883777777777778,0.0,0.76358,0.0,0.0090333333333333
imdb,noniid,20,42,8,15,0.8666,0.0066533333333333,0.4864989614585737,0.0,0.3110608458518982,-0.0,0.7883777777777778,0.0,0.76358,0.0,0.0066533333333333
imdb,noniid,20,42,8,16,0.8666,-0.0064133333333333,0.4864989614585737,0.0,0.3110608458518982,-0.0531476318836212,0.7883777777777778,0.0,0.76358,0.0,-0.0064133333333333
imdb,noniid,20,42,8,17,0.8666,0.0062933333333333,0.4864989614585737,0.0,0.3110608458518982,0.0444169700145721,0.7883777777777778,0.0,0.76358,0.0,0.0062933333333333
imdb,noniid,20,42,8,18,0.8666,0.0036266666666666,0.4864989614585737,0.0,0.3110608458518982,0.0140180210272471,0.7883777777777778,0.0,0.76358,0.0,0.0036266666666666
imdb,noniid,20,42,8,19,0.8666,-0.01462,0.4864989614585737,0.0,0.3110608458518982,-0.0813967883586883,0.7883777777777778,0.0,0.76358,0.0,-0.01462
imdb,noniid,20,42,9,0,0.869,0.0088133333333333,0.4784810126582278,0.0,0.3090792000293731,-0.0,0.7075555555555555,0.0,0.76295,-3.513333333333331e-05,0.0088133333333333
imdb,noniid,20,42,9,1,0.869,0.0060666666666666,0.4784810126582278,0.0,0.3090792000293731,-0.0,0.7075555555555555,0.0,0.76295,0.0,0.0060666666666666
imdb,noniid,20,42,9,2,0.869,-0.0588466666666666,0.4784810126582278,0.0758358030316593,0.3090792000293731,-0.2582923849423726,0.7075555555555555,0.0,0.76295,0.0036131333333333,-0.0588466666666666
imdb,noniid,20,42,9,3,0.869,0.01018,0.4784810126582278,0.0,0.3090792000293731,-0.0,0.7075555555555555,0.0,0.76295,0.0,0.01018
imdb,noniid,20,42,9,4,0.869,-0.0075999999999999,0.4784810126582278,0.0,0.3090792000293731,-0.0,0.7075555555555555,0.0,0.76295,-0.0002485333333333,-0.0075999999999999
imdb,noniid,20,42,9,5,0.869,0.0113999999999999,0.4784810126582278,0.0,0.3090792000293731,0.0289588292439778,0.7075555555555555,0.0,0.76295,0.0,0.0113999999999999
imdb,noniid,20,42,9,6,0.869,0.0,0.4784810126582278,0.0,0.3090792000293731,0.0817184587319692,0.7075555555555555,0.0,0.76295,0.0,0.0
imdb,noniid,20,42,9,7,0.869,0.0045333333333333,0.4784810126582278,0.0,0.3090792000293731,0.0699236849943796,0.7075555555555555,0.0,0.76295,0.0,0.0045333333333333
imdb,noniid,20,42,9,8,0.869,0.0107266666666666,0.4784810126582278,0.0,0.3090792000293731,0.0354634374380111,0.7075555555555555,0.0,0.76295,0.0,0.0107266666666666
imdb,noniid,20,42,9,9,0.869,0.0107399999999999,0.4784810126582278,0.0,0.3090792000293731,0.0232858101526896,0.7075555555555555,0.0,0.76295,0.0,0.0107399999999999
imdb,noniid,20,42,9,10,0.869,0.0,0.4784810126582278,0.0,0.3090792000293731,-0.0,0.7075555555555555,0.0,0.76295,0.0,0.0
imdb,noniid,20,42,9,11,0.869,-0.0174933333333333,0.4784810126582278,0.0,0.3090792000293731,-0.0,0.7075555555555555,0.0,0.76295,0.0,-0.0174933333333333
imdb,noniid,20,42,9,12,0.869,0.00596,0.4784810126582278,0.0,0.3090792000293731,0.0136870890855789,0.7075555555555555,0.0,0.76295,0.0,0.00596
imdb,noniid,20,42,9,13,0.869,0.0063799999999999,0.4784810126582278,0.0,0.3090792000293731,-0.0,0.7075555555555555,0.0,0.76295,0.0,0.0063799999999999
imdb,noniid,20,42,9,14,0.869,0.0018533333333333,0.4784810126582278,0.0,0.3090792000293731,-0.0,0.7075555555555555,0.0,0.76295,0.0,0.0018533333333333
imdb,noniid,20,42,9,15,0.869,0.0203266666666666,0.4784810126582278,0.0,0.3090792000293731,-0.0,0.7075555555555555,0.0,0.76295,0.0,0.0203266666666666
imdb,noniid,20,42,9,16,0.869,0.0,0.4784810126582278,0.0,0.3090792000293731,-0.0,0.7075555555555555,0.0,0.76295,0.0,0.0
imdb,noniid,20,42,9,17,0.869,0.00772,0.4784810126582278,0.0,0.3090792000293731,-0.0,0.7075555555555555,0.0,0.76295,0.0,0.00772
imdb,noniid,20,42,9,18,0.869,0.0,0.4784810126582278,0.0,0.3090792000293731,0.036352468530337,0.7075555555555555,0.0,0.76295,0.0,0.0
imdb,noniid,20,42,9,19,0.869,-0.0263133333333333,0.4784810126582278,0.0,0.3090792000293731,-0.0987439721822738,0.7075555555555555,0.0,0.76295,0.0,-0.0263133333333333
imdb,noniid,20,42,10,0,0.8698,0.0093066666666666,0.4732122326971718,0.0,0.3073223829269409,0.0621484617392222,0.7363111111111111,0.0,0.760674,0.0,0.0093066666666666
imdb,noniid,20,42,10,1,0.8698,0.0,0.4732122326971718,0.0,0.3073223829269409,0.0391004214684168,0.7363111111111111,0.0,0.760674,0.0,0.0
imdb,noniid,20,42,10,2,0.8698,0.0194599999999999,0.4732122326971718,-8.634031680348671e-05,0.3073223829269409,-0.0471342692772547,0.7363111111111111,-0.0051325925925926,0.760674,0.0131366,0.0194599999999999
imdb,noniid,20,42,10,3,0.8698,0.0,0.4732122326971718,0.0,0.3073223829269409,0.0248319496711095,0.7363111111111111,0.0,0.760674,0.0,0.0
imdb,noniid,20,42,10,4,0.8698,-0.0235533333333333,0.4732122326971718,0.0,0.3073223829269409,-0.1287036468585332,0.7363111111111111,0.0,0.760674,0.0,-0.0235533333333333
imdb,noniid,20,42,10,5,0.8698,0.0195866666666666,0.4732122326971718,0.0,0.3073223829269409,-0.0,0.7363111111111111,0.0,0.760674,0.0,0.0195866666666666
imdb,noniid,20,42,10,6,0.8698,0.0,0.4732122326971718,0.0,0.3073223829269409,-0.0588085353374481,0.7363111111111111,0.0,0.760674,0.0,0.0
imdb,noniid,20,42,10,7,0.8698,0.0,0.4732122326971718,0.0,0.3073223829269409,0.0458802491426467,0.7363111111111111,0.0,0.760674,0.0,0.0
imdb,noniid,20,42,10,8,0.8698,0.0,0.4732122326971718,0.0,0.3073223829269409,0.0436980207761128,0.7363111111111111,0.0,0.760674,0.0,0.0
imdb,noniid,20,42,10,9,0.8698,0.0,0.4732122326971718,0.0,0.3073223829269409,-0.0,0.7363111111111111,0.0,0.760674,0.0,0.0
imdb,noniid,20,42,10,10,0.8698,-0.0054,0.4732122326971718,0.0,0.3073223829269409,-0.0,0.7363111111111111,0.0,0.760674,0.0,-0.0054
imdb,noniid,20,42,10,11,0.8698,-0.0475466666666666,0.4732122326971718,0.0,0.3073223829269409,-0.2172530213991801,0.7363111111111111,0.0,0.760674,0.0,-0.0475466666666666
imdb,noniid,20,42,10,12,0.8698,0.0,0.4732122326971718,0.0,0.3073223829269409,0.0071503281593322,0.7363111111111111,0.0,0.760674,0.0,0.0
imdb,noniid,20,42,10,13,0.8698,0.0,0.4732122326971718,0.0,0.3073223829269409,0.1728773345549901,0.7363111111111111,0.0,0.760674,0.0,0.0
imdb,noniid,20,42,10,14,0.8698,0.0,0.4732122326971718,0.0,0.3073223829269409,-0.0,0.7363111111111111,0.0,0.760674,0.0,0.0
imdb,noniid,20,42,10,15,0.8698,0.0,0.4732122326971718,0.0,0.3073223829269409,-0.0,0.7363111111111111,0.0,0.760674,0.0,0.0
imdb,noniid,20,42,10,16,0.8698,0.0,0.4732122326971718,0.0,0.3073223829269409,-0.0580518811941146,0.7363111111111111,0.0,0.760674,0.0,0.0
imdb,noniid,20,42,10,17,0.8698,0.0080799999999999,0.4732122326971718,0.0,0.3073223829269409,-0.0,0.7363111111111111,0.0,0.760674,0.0,0.0080799999999999
imdb,noniid,20,42,10,18,0.8698,0.0,0.4732122326971718,0.0,0.3073223829269409,-0.0,0.7363111111111111,0.0,0.760674,0.0,0.0
imdb,noniid,20,42,10,19,0.8698,-0.0317399999999999,0.4732122326971718,0.0,0.3073223829269409,-0.1257864425579707,0.7363111111111111,0.0,0.760674,0.0,-0.0317399999999999
imdb,noniid,20,107,1,0,0.8306,0.0244266666666666,0.4748374668914038,0.0,0.5623971223831177,-0.0,0.8471777777777778,0.0,0.759666,0.0,0.0244266666666666
imdb,noniid,20,107,1,1,0.8306,0.0,0.4748374668914038,-0.0871873793174378,0.5623971223831177,-0.0,0.8471777777777778,3.888888888889201e-05,0.759666,-0.0391098666666666,0.0
imdb,noniid,20,107,1,2,0.8306,0.0,0.4748374668914038,0.0,0.5623971223831177,-0.0,0.8471777777777778,0.0,0.759666,0.0,0.0
imdb,noniid,20,107,1,3,0.8306,0.0,0.4748374668914038,0.0,0.5623971223831177,0.0372764825820922,0.8471777777777778,0.0,0.759666,0.0,0.0
imdb,noniid,20,107,1,4,0.8306,0.0,0.4748374668914038,0.0,0.5623971223831177,-0.0,0.8471777777777778,0.0,0.759666,0.0,0.0
imdb,noniid,20,107,1,5,0.8306,0.0,0.4748374668914038,0.0,0.5623971223831177,-0.0,0.8471777777777778,0.0,0.759666,0.0,0.0
imdb,noniid,20,107,1,6,0.8306,0.0,0.4748374668914038,0.0,0.5623971223831177,-0.0,0.8471777777777778,0.0191151851851851,0.759666,0.0,0.0
imdb,noniid,20,107,1,7,0.8306,0.0,0.4748374668914038,0.0,0.5623971223831177,-0.0,0.8471777777777778,0.0,0.759666,0.0,0.0
imdb,noniid,20,107,1,8,0.8306,0.0,0.4748374668914038,0.0,0.5623971223831177,-0.0,0.8471777777777778,0.0,0.759666,0.0,0.0
imdb,noniid,20,107,1,9,0.8306,0.0380733333333333,0.4748374668914038,0.0,0.5623971223831177,-0.0,0.8471777777777778,0.0,0.759666,0.0,0.0380733333333333
imdb,noniid,20,107,1,10,0.8306,0.0,0.4748374668914038,0.0,0.5623971223831177,-0.0,0.8471777777777778,0.0,0.759666,0.0,0.0
imdb,noniid,20,107,1,11,0.8306,0.0,0.4748374668914038,0.0,0.5623971223831177,-0.0,0.8471777777777778,0.0081566666666666,0.759666,0.0,0.0
imdb,noniid,20,107,1,12,0.8306,0.0,0.4748374668914038,0.0,0.5623971223831177,-0.0,0.8471777777777778,0.0,0.759666,0.0,0.0
imdb,noniid,20,107,1,13,0.8306,0.0,0.4748374668914038,0.0,0.5623971223831177,-0.0,0.8471777777777778,0.0,0.759666,0.0,0.0
imdb,noniid,20,107,1,14,0.8306,0.0,0.4748374668914038,0.0,0.5623971223831177,-0.0,0.8471777777777778,0.0,0.759666,0.0,0.0
imdb,noniid,20,107,1,15,0.8306,0.0199933333333333,0.4748374668914038,0.0,0.5623971223831177,-0.0,0.8471777777777778,0.0,0.759666,0.0,0.0199933333333333
imdb,noniid,20,107,1,16,0.8306,0.0,0.4748374668914038,0.0,0.5623971223831177,-0.0,0.8471777777777778,0.0,0.759666,0.0,0.0
imdb,noniid,20,107,1,17,0.8306,0.0,0.4748374668914038,0.0,0.5623971223831177,-0.0,0.8471777777777778,0.0,0.759666,0.0,0.0
imdb,noniid,20,107,1,18,0.8306,0.0,0.4748374668914038,0.0,0.5623971223831177,-0.0,0.8471777777777778,0.0,0.759666,0.0,0.0
imdb,noniid,20,107,1,19,0.8306,0.0,0.4748374668914038,0.0,0.5623971223831177,-0.0,0.8471777777777778,0.0,0.759666,0.0,0.0
imdb,noniid,20,107,2,0,0.8454,0.02386,0.5509817837709959,0.0,0.3866461813449859,-0.0,0.9052222222222222,0.0,0.781178,0.0,0.02386
imdb,noniid,20,107,2,1,0.8454,0.0037533333333333,0.5509817837709959,0.0,0.3866461813449859,-0.0,0.9052222222222222,0.0,0.781178,0.0,0.0037533333333333
imdb,noniid,20,107,2,2,0.8454,0.0,0.5509817837709959,0.0375025378932075,0.3866461813449859,-0.0,0.9052222222222222,0.0,0.781178,0.0,0.0
imdb,noniid,20,107,2,3,0.8454,0.0161266666666666,0.5509817837709959,0.0,0.3866461813449859,0.0411927004655202,0.9052222222222222,0.0,0.781178,0.0,0.0161266666666666
imdb,noniid,20,107,2,4,0.8454,-0.0583599999999999,0.5509817837709959,0.0,0.3866461813449859,-0.0,0.9052222222222222,0.0,0.781178,0.0290832,-0.0583599999999999
imdb,noniid,20,107,2,5,0.8454,0.0,0.5509817837709959,0.0,0.3866461813449859,-0.0,0.9052222222222222,0.0,0.781178,0.0,0.0
imdb,noniid,20,107,2,6,0.8454,0.0,0.5509817837709959,0.0,0.3866461813449859,-0.0,0.9052222222222222,0.0,0.781178,0.0,0.0
imdb,noniid,20,107,2,7,0.8454,0.00572,0.5509817837709959,0.0,0.3866461813449859,-0.0,0.9052222222222222,-0.001764074074074,0.781178,0.0,0.00572
imdb,noniid,20,107,2,8,0.8454,0.0251533333333333,0.5509817837709959,0.0,0.3866461813449859,-0.0,0.9052222222222222,0.0,0.781178,0.0,0.0251533333333333
imdb,noniid,20,107,2,9,0.8454,0.0214666666666666,0.5509817837709959,0.0,0.3866461813449859,0.1206679026285807,0.9052222222222222,-0.0052166666666666,0.781178,0.0,0.0214666666666666
imdb,noniid,20,107,2,10,0.8454,0.0,0.5509817837709959,0.0,0.3866461813449859,-0.0,0.9052222222222222,0.0,0.781178,0.0,0.0
imdb,noniid,20,107,2,11,0.8454,0.0,0.5509817837709959,0.0,0.3866461813449859,-0.0,0.9052222222222222,0.0,0.781178,0.0,0.0
imdb,noniid,20,107,2,12,0.8454,0.0,0.5509817837709959,0.0,0.3866461813449859,-0.0,0.9052222222222222,0.0,0.781178,0.0,0.0
imdb,noniid,20,107,2,13,0.8454,0.0,0.5509817837709959,0.0,0.3866461813449859,-0.0,0.9052222222222222,0.0031037037037036,0.781178,0.0,0.0
imdb,noniid,20,107,2,14,0.8454,0.0184466666666666,0.5509817837709959,0.0,0.3866461813449859,-0.0,0.9052222222222222,0.0,0.781178,0.0,0.0184466666666666
imdb,noniid,20,107,2,15,0.8454,0.0,0.5509817837709959,0.0,0.3866461813449859,-0.0,0.9052222222222222,0.0,0.781178,0.0,0.0
imdb,noniid,20,107,2,16,0.8454,0.0,0.5509817837709959,0.0,0.3866461813449859,-0.0,0.9052222222222222,0.0,0.781178,0.0,0.0
imdb,noniid,20,107,2,17,0.8454,0.0,0.5509817837709959,0.0,0.3866461813449859,-0.0,0.9052222222222222,0.0,0.781178,0.0,0.0
imdb,noniid,20,107,2,18,0.8454,0.0,0.5509817837709959,0.0,0.3866461813449859,-0.0,0.9052222222222222,0.0,0.781178,0.0,0.0
imdb,noniid,20,107,2,19,0.8454,0.0091799999999999,0.5509817837709959,0.0,0.3866461813449859,-0.0,0.9052222222222222,0.0,0.781178,0.0,0.0091799999999999
imdb,noniid,20,107,3,0,0.855,0.0069866666666666,0.5459649122807018,0.0,0.3384200036525726,0.0132152557373046,0.8536888888888887,0.0,0.779474,0.0,0.0069866666666666
imdb,noniid,20,107,3,1,0.855,0.0,0.5459649122807018,0.0,0.3384200036525726,-0.0,0.8536888888888887,0.0,0.779474,0.0,0.0
imdb,noniid,20,107,3,2,0.855,0.0,0.5459649122807018,0.0,0.3384200036525726,-0.0,0.8536888888888887,0.0,0.779474,0.0117079333333333,0.0
imdb,noniid,20,107,3,3,0.855,0.0,0.5459649122807018,0.0,0.3384200036525726,-0.0,0.8536888888888887,0.0,0.779474,0.0,0.0
imdb,noniid,20,107,3,4,0.855,0.0,0.5459649122807018,0.0,0.3384200036525726,-0.0,0.8536888888888887,0.0,0.779474,0.0,0.0
imdb,noniid,20,107,3,5,0.855,0.0,0.5459649122807018,0.0,0.3384200036525726,-0.0,0.8536888888888887,0.0,0.779474,0.0,0.0
imdb,noniid,20,107,3,6,0.855,-0.0036133333333333,0.5459649122807018,0.0,0.3384200036525726,-0.0,0.8536888888888887,0.0,0.779474,0.0,-0.0036133333333333
imdb,noniid,20,107,3,7,0.855,0.0,0.5459649122807018,0.0,0.3384200036525726,-0.0,0.8536888888888887,0.0,0.779474,0.0,0.0
imdb,noniid,20,107,3,8,0.855,0.0,0.5459649122807018,0.0,0.3384200036525726,0.0513836632172266,0.8536888888888887,0.0,0.779474,0.0,0.0
imdb,noniid,20,107,3,9,0.855,0.0,0.5459649122807018,0.0,0.3384200036525726,-0.0,0.8536888888888887,0.0,0.779474,0.0,0.0
imdb,noniid,20,107,3,10,0.855,0.0,0.5459649122807018,0.0,0.3384200036525726,0.0227180421352386,0.8536888888888887,0.0,0.779474,0.0,0.0
imdb,noniid,20,107,3,11,0.855,0.0,0.5459649122807018,0.0,0.3384200036525726,-0.0,0.8536888888888887,0.0,0.779474,0.0,0.0
imdb,noniid,20,107,3,12,0.855,0.0,0.5459649122807018,0.0,0.3384200036525726,-0.0,0.8536888888888887,0.0,0.779474,0.0,0.0
imdb,noniid,20,107,3,13,0.855,0.0173133333333333,0.5459649122807018,0.0,0.3384200036525726,0.0473021328449249,0.8536888888888887,0.0,0.779474,0.0,0.0173133333333333
imdb,noniid,20,107,3,14,0.855,0.0091333333333333,0.5459649122807018,0.0,0.3384200036525726,-0.0,0.8536888888888887,0.0,0.779474,0.0,0.0091333333333333
imdb,noniid,20,107,3,15,0.855,0.0,0.5459649122807018,0.0,0.3384200036525726,-0.0,0.8536888888888887,0.0,0.779474,0.0,0.0
imdb,noniid,20,107,3,16,0.855,0.0,0.5459649122807018,0.0,0.3384200036525726,-0.0,0.8536888888888887,0.0,0.779474,0.0,0.0
imdb,noniid,20,107,3,17,0.855,-0.02044,0.5459649122807018,0.0,0.3384200036525726,-0.0,0.8536888888888887,0.0,0.779474,0.0,-0.02044
imdb,noniid,20,107,3,18,0.855,0.0,0.5459649122807018,0.0,0.3384200036525726,-0.0,0.8536888888888887,0.0,0.779474,0.0,0.0
imdb,noniid,20,107,3,19,0.855,0.0,0.5459649122807018,0.0,0.3384200036525726,-0.0,0.8536888888888887,0.0,0.779474,0.0,0.0
imdb,noniid,20,107,4,0,0.8616,0.0,0.531104921077066,0.0,0.3231512308120727,-0.0,0.7629333333333332,0.0,0.775326,0.0,0.0
imdb,noniid,20,107,4,1,0.8616,0.0100466666666666,0.531104921077066,0.0,0.3231512308120727,0.0659431268771489,0.7629333333333332,0.0,0.775326,0.0,0.0100466666666666
imdb,noniid,20,107,4,2,0.8616,0.0,0.531104921077066,0.0498197438397422,0.3231512308120727,-0.0,0.7629333333333332,0.0,0.775326,0.0178438,0.0
imdb,noniid,20,107,4,3,0.8616,0.0085199999999999,0.531104921077066,0.0,0.3231512308120727,0.0209416538476944,0.7629333333333332,0.0,0.775326,0.0,0.0085199999999999
imdb,noniid,20,107,4,4,0.8616,0.0,0.531104921077066,0.0,0.3231512308120727,-0.0,0.7629333333333332,0.0,0.775326,0.0,0.0
imdb,noniid,20,107,4,5,0.8616,0.0,0.531104921077066,0.0,0.3231512308120727,-0.0,0.7629333333333332,0.0,0.775326,0.0,0.0
imdb,noniid,20,107,4,6,0.8616,0.0,0.531104921077066,0.0,0.3231512308120727,-0.0,0.7629333333333332,0.0,0.775326,0.0,0.0
imdb,noniid,20,107,4,7,0.8616,0.0056399999999999,0.531104921077066,0.0,0.3231512308120727,0.061114697655042,0.7629333333333332,0.0,0.775326,0.0,0.0056399999999999
imdb,noniid,20,107,4,8,0.8616,0.0131866666666666,0.531104921077066,0.0,0.3231512308120727,0.0330083608627319,0.7629333333333332,0.0,0.775326,0.0,0.0131866666666666
imdb,noniid,20,107,4,9,0.8616,0.0,0.531104921077066,0.0,0.3231512308120727,0.0450216273466746,0.7629333333333332,0.0,0.775326,0.0,0.0
imdb,noniid,20,107,4,10,0.8616,0.0,0.531104921077066,0.0,0.3231512308120727,-0.0,0.7629333333333332,0.0,0.775326,0.0,0.0
imdb,noniid,20,107,4,11,0.8616,0.0,0.531104921077066,0.0,0.3231512308120727,-0.0,0.7629333333333332,0.0,0.775326,0.0,0.0
imdb,noniid,20,107,4,12,0.8616,0.0,0.531104921077066,0.0,0.3231512308120727,-0.0,0.7629333333333332,0.0,0.775326,0.0,0.0
imdb,noniid,20,107,4,13,0.8616,0.0157333333333333,0.531104921077066,0.0,0.3231512308120727,0.0887072304884592,0.7629333333333332,0.0,0.775326,0.0,0.0157333333333333
imdb,noniid,20,107,4,14,0.8616,0.0,0.531104921077066,0.0,0.3231512308120727,-0.0,0.7629333333333332,0.0,0.775326,0.0,0.0
imdb,noniid,20,107,4,15,0.8616,0.0,0.531104921077066,0.0,0.3231512308120727,-0.0,0.7629333333333332,0.0,0.775326,0.0,0.0
imdb,noniid,20,107,4,16,0.8616,0.0,0.531104921077066,0.0,0.3231512308120727,-0.0,0.7629333333333332,0.0,0.775326,0.0,0.0
imdb,noniid,20,107,4,17,0.8616,0.0,0.531104921077066,0.0,0.3231512308120727,-0.0,0.7629333333333332,0.0,0.775326,0.0,0.0
imdb,noniid,20,107,4,18,0.8616,0.0,0.531104921077066,0.0,0.3231512308120727,-0.0,0.7629333333333332,0.0,0.775326,0.0,0.0
imdb,noniid,20,107,4,19,0.8616,0.0,0.531104921077066,0.0,0.3231512308120727,-0.0,0.7629333333333332,0.0,0.775326,0.0,0.0
imdb,noniid,20,107,5,0,0.8668,0.0,0.5175357637286572,0.0,0.3164615333080292,0.0629513889551162,0.8311999999999999,0.0,0.771658,0.0,0.0
imdb,noniid,20,107,5,1,0.8668,0.0,0.5175357637286572,0.0,0.3164615333080292,-0.0,0.8311999999999999,0.0,0.771658,0.0,0.0
imdb,noniid,20,107,5,2,0.8668,0.0,0.5175357637286572,0.0237250584069728,0.3164615333080292,-0.0,0.8311999999999999,0.0,0.771658,0.0116291333333333,0.0
imdb,noniid,20,107,5,3,0.8668,0.0,0.5175357637286572,0.0,0.3164615333080292,0.0897183001041412,0.8311999999999999,-0.0053781481481481,0.771658,0.0,0.0
imdb,noniid,20,107,5,4,0.8668,0.0,0.5175357637286572,0.0,0.3164615333080292,-0.0,0.8311999999999999,0.0,0.771658,0.0,0.0
imdb,noniid,20,107,5,5,0.8668,0.0,0.5175357637286572,0.0,0.3164615333080292,-0.0,0.8311999999999999,0.0,0.771658,0.0,0.0
imdb,noniid,20,107,5,6,0.8668,0.0,0.5175357637286572,0.0,0.3164615333080292,-0.0,0.8311999999999999,0.0092803703703703,0.771658,0.0,0.0
imdb,noniid,20,107,5,7,0.8668,0.0,0.5175357637286572,0.0,0.3164615333080292,-0.0,0.8311999999999999,0.0,0.771658,0.0,0.0
imdb,noniid,20,107,5,8,0.8668,0.0,0.5175357637286572,0.0,0.3164615333080292,0.0907855659723281,0.8311999999999999,0.0,0.771658,0.0,0.0
imdb,noniid,20,107,5,9,0.8668,0.0,0.5175357637286572,0.0,0.3164615333080292,-0.0,0.8311999999999999,0.0,0.771658,0.0,0.0
imdb,noniid,20,107,5,10,0.8668,0.0,0.5175357637286572,0.0,0.3164615333080292,-0.0,0.8311999999999999,0.0,0.771658,0.0,0.0
imdb,noniid,20,107,5,11,0.8668,0.0,0.5175357637286572,0.0,0.3164615333080292,-0.0,0.8311999999999999,0.0,0.771658,0.0,0.0
imdb,noniid,20,107,5,12,0.8668,0.0,0.5175357637286572,0.0,0.3164615333080292,-0.0,0.8311999999999999,0.0,0.771658,0.0,0.0
imdb,noniid,20,107,5,13,0.8668,0.0,0.5175357637286572,0.0,0.3164615333080292,-0.0,0.8311999999999999,0.0,0.771658,0.0,0.0
imdb,noniid,20,107,5,14,0.8668,0.0,0.5175357637286572,0.0,0.3164615333080292,-0.0,0.8311999999999999,0.0034203703703703,0.771658,0.0,0.0
imdb,noniid,20,107,5,15,0.8668,0.0,0.5175357637286572,0.0,0.3164615333080292,0.0301489651203155,0.8311999999999999,0.0,0.771658,0.0,0.0
imdb,noniid,20,107,5,16,0.8668,0.0,0.5175357637286572,0.0,0.3164615333080292,-0.0,0.8311999999999999,0.0,0.771658,0.0,0.0
imdb,noniid,20,107,5,17,0.8668,0.0,0.5175357637286572,0.0,0.3164615333080292,-0.0,0.8311999999999999,0.0,0.771658,0.0,0.0
imdb,noniid,20,107,5,18,0.8668,0.0,0.5175357637286572,0.0,0.3164615333080292,-0.0,0.8311999999999999,0.0,0.771658,0.0,0.0
imdb,noniid,20,107,5,19,0.8668,0.0,0.5175357637286572,0.0,0.3164615333080292,-0.0,0.8311999999999999,0.0,0.771658,0.0,0.0
imdb,noniid,20,107,6,0,0.8674,0.0084266666666666,0.5086465298593498,0.0,0.3126599788665771,-0.0,0.8344888888888888,0.0,0.768718,0.0,0.0084266666666666
imdb,noniid,20,107,6,1,0.8674,0.0188733333333333,0.5086465298593498,0.0,0.3126599788665771,-0.0,0.8344888888888888,0.0,0.768718,0.0,0.0188733333333333
imdb,noniid,20,107,6,2,0.8674,-0.0091866666666666,0.5086465298593498,0.0160533587033652,0.3126599788665771,-0.0,0.8344888888888888,0.0224303703703703,0.768718,0.0099454,-0.0091866666666666
imdb,noniid,20,107,6,3,0.8674,0.0,0.5086465298593498,0.0,0.3126599788665771,0.0078212092320124,0.8344888888888888,0.0,0.768718,0.0,0.0
imdb,noniid,20,107,6,4,0.8674,-0.03668,0.5086465298593498,0.0,0.3126599788665771,-0.0,0.8344888888888888,0.0,0.768718,0.0,-0.03668
imdb,noniid,20,107,6,5,0.8674,0.0,0.5086465298593498,0.0,0.3126599788665771,-0.0,0.8344888888888888,0.0,0.768718,0.0,0.0
imdb,noniid,20,107,6,6,0.8674,-0.01796,0.5086465298593498,0.0,0.3126599788665771,-0.0,0.8344888888888888,0.0,0.768718,0.0,-0.01796
imdb,noniid,20,107,6,7,0.8674,0.0090266666666666,0.5086465298593498,0.0,0.3126599788665771,-0.0,0.8344888888888888,0.0,0.768718,0.0,0.0090266666666666
imdb,noniid,20,107,6,8,0.8674,0.0167066666666666,0.5086465298593498,0.0,0.3126599788665771,0.0709747324387232,0.8344888888888888,0.0,0.768718,0.0,0.0167066666666666
imdb,noniid,20,107,6,9,0.8674,0.0058933333333333,0.5086465298593498,0.0,0.3126599788665771,0.0151322613159815,0.8344888888888888,0.0,0.768718,0.0,0.0058933333333333
imdb,noniid,20,107,6,10,0.8674,0.0043933333333333,0.5086465298593498,0.0,0.3126599788665771,-0.0,0.8344888888888888,0.0,0.768718,0.0,0.0043933333333333
imdb,noniid,20,107,6,11,0.8674,-0.0351666666666666,0.5086465298593498,0.0,0.3126599788665771,-0.0,0.8344888888888888,0.0,0.768718,0.0,-0.0351666666666666
imdb,noniid,20,107,6,12,0.8674,0.0002866666666666,0.5086465298593498,0.0,0.3126599788665771,-0.0,0.8344888888888888,0.0,0.768718,0.0,0.0002866666666666
imdb,noniid,20,107,6,13,0.8674,0.0071533333333333,0.5086465298593498,0.0,0.3126599788665771,-0.0,0.8344888888888888,0.0,0.768718,0.0,0.0071533333333333
imdb,noniid,20,107,6,14,0.8674,0.0086399999999999,0.5086465298593498,0.0,0.3126599788665771,-0.0,0.8344888888888888,0.0,0.768718,0.0,0.0086399999999999
imdb,noniid,20,107,6,15,0.8674,0.0140599999999999,0.5086465298593498,0.0,0.3126599788665771,-0.0,0.8344888888888888,0.0,0.768718,0.0,0.0140599999999999
imdb,noniid,20,107,6,16,0.8674,-0.0243266666666666,0.5086465298593498,0.0,0.3126599788665771,-0.0,0.8344888888888888,0.0,0.768718,0.0,-0.0243266666666666
imdb,noniid,20,107,6,17,0.8674,0.0008933333333333,0.5086465298593498,0.0,0.3126599788665771,-0.0,0.8344888888888888,0.0,0.768718,0.0,0.0008933333333333
imdb,noniid,20,107,6,18,0.8674,0.0135733333333333,0.5086465298593498,0.0,0.3126599788665771,-0.0,0.8344888888888888,0.0,0.768718,0.0,0.0135733333333333
imdb,noniid,20,107,6,19,0.8674,-0.00174,0.5086465298593498,0.0,0.3126599788665771,-0.0,0.8344888888888888,0.0,0.768718,0.0,-0.00174
imdb,noniid,20,107,7,0,0.8686,0.0,0.5021874280451301,0.0,0.3100927472114563,-0.0,0.8574222222222223,0.0083614814814814,0.766556,0.0,0.0
imdb,noniid,20,107,7,1,0.8686,0.0084933333333333,0.5021874280451301,0.0,0.3100927472114563,-0.0,0.8574222222222223,0.0,0.766556,0.0,0.0084933333333333
imdb,noniid,20,107,7,2,0.8686,-0.03064,0.5021874280451301,0.0386457856693691,0.3100927472114563,-0.0,0.8574222222222223,0.0244348148148148,0.766556,0.0,-0.03064
imdb,noniid,20,107,7,3,0.8686,0.0107799999999999,0.5021874280451301,0.0,0.3100927472114563,0.024272421002388,0.8574222222222223,0.0,0.766556,0.0,0.0107799999999999
imdb,noniid,20,107,7,4,0.8686,0.0,0.5021874280451301,0.0,0.3100927472114563,-0.1228652675946553,0.8574222222222223,0.0,0.766556,0.0,0.0
imdb,noniid,20,107,7,5,0.8686,0.0122133333333333,0.5021874280451301,0.0,0.3100927472114563,-0.0,0.8574222222222223,0.0,0.766556,0.0,0.0122133333333333
imdb,noniid,20,107,7,6,0.8686,0.0,0.5021874280451301,0.0,0.3100927472114563,-0.0,0.8574222222222223,0.0,0.766556,0.0,0.0
imdb,noniid,20,107,7,7,0.8686,0.0043266666666666,0.5021874280451301,0.0,0.3100927472114563,-0.0,0.8574222222222223,0.0,0.766556,0.0,0.0043266666666666
imdb,noniid,20,107,7,8,0.8686,0.0,0.5021874280451301,0.0,0.3100927472114563,-0.0,0.8574222222222223,0.0,0.766556,0.0,0.0
imdb,noniid,20,107,7,9,0.8686,0.0093666666666666,0.5021874280451301,0.0,0.3100927472114563,0.0217792510986328,0.8574222222222223,0.0,0.766556,0.0,0.0093666666666666
imdb,noniid,20,107,7,10,0.8686,0.0,0.5021874280451301,0.0,0.3100927472114563,-0.0,0.8574222222222223,0.0,0.766556,0.0,0.0
imdb,noniid,20,107,7,11,0.8686,0.0,0.5021874280451301,0.0,0.3100927472114563,-0.0,0.8574222222222223,0.0,0.766556,0.0086328,0.0
imdb,noniid,20,107,7,12,0.8686,0.0,0.5021874280451301,0.0,0.3100927472114563,-0.0,0.8574222222222223,0.0,0.766556,0.0,0.0
imdb,noniid,20,107,7,13,0.8686,0.0,0.5021874280451301,0.0,0.3100927472114563,0.0810151278972625,0.8574222222222223,0.0,0.766556,0.0,0.0
imdb,noniid,20,107,7,14,0.8686,0.0,0.5021874280451301,0.0,0.3100927472114563,-0.0,0.8574222222222223,0.0,0.766556,0.0,0.0
imdb,noniid,20,107,7,15,0.8686,0.0107933333333333,0.5021874280451301,0.0,0.3100927472114563,0.0647899578015009,0.8574222222222223,0.0,0.766556,0.0,0.0107933333333333
imdb,noniid,20,107,7,16,0.8686,0.0,0.5021874280451301,0.0,0.3100927472114563,-0.0,0.8574222222222223,0.0,0.766556,0.0,0.0
imdb,noniid,20,107,7,17,0.8686,0.0,0.5021874280451301,0.0,0.3100927472114563,-0.0,0.8574222222222223,0.0,0.766556,0.0,0.0
imdb,noniid,20,107,7,18,0.8686,0.0,0.5021874280451301,0.0,0.3100927472114563,-0.0,0.8574222222222223,0.0,0.766556,0.0,0.0
imdb,noniid,20,107,7,19,0.8686,0.0083133333333333,0.5021874280451301,0.0,0.3100927472114563,0.0180581331253051,0.8574222222222223,0.0,0.766556,0.0,0.0083133333333333
imdb,noniid,20,107,8,0,0.8692,0.0,0.4965485503911643,0.0,0.3080971240997314,0.0398673663536707,0.8645777777777779,0.0,0.76449,0.0,0.0
imdb,noniid,20,107,8,1,0.8692,0.0,0.4965485503911643,0.0,0.3080971240997314,0.0396089663108189,0.8645777777777779,0.0,0.76449,0.0,0.0
imdb,noniid,20,107,8,2,0.8692,0.0,0.4965485503911643,0.0668267764824914,0.3080971240997314,-0.2401097724835078,0.8645777777777779,0.0,0.76449,0.0,0.0
imdb,noniid,20,107,8,3,0.8692,0.0,0.4965485503911643,0.0,0.3080971240997314,0.0551178981860478,0.8645777777777779,0.0,0.76449,0.0,0.0
imdb,noniid,20,107,8,4,0.8692,0.0,0.4965485503911643,0.0,0.3080971240997314,-0.114571992556254,0.8645777777777779,0.0,0.76449,0.0,0.0
imdb,noniid,20,107,8,5,0.8692,0.0,0.4965485503911643,0.0,0.3080971240997314,0.0034481714169184,0.8645777777777779,0.0,0.76449,0.0,0.0
imdb,noniid,20,107,8,6,0.8692,0.0,0.4965485503911643,0.0,0.3080971240997314,-0.0254079739252726,0.8645777777777779,0.0,0.76449,0.0,0.0
imdb,noniid,20,107,8,7,0.8692,0.0,0.4965485503911643,0.0,0.3080971240997314,0.0558075944582621,0.8645777777777779,0.0,0.76449,0.0,0.0
imdb,noniid,20,107,8,8,0.8692,0.0,0.4965485503911643,0.0,0.3080971240997314,0.0287196358044942,0.8645777777777779,0.0,0.76449,0.0,0.0
imdb,noniid,20,107,8,9,0.8692,0.0,0.4965485503911643,0.0,0.3080971240997314,0.0353092491626739,0.8645777777777779,0.0,0.76449,0.0,0.0
imdb,noniid,20,107,8,10,0.8692,0.0,0.4965485503911643,0.0,0.3080971240997314,-0.0,0.8645777777777779,0.0,0.76449,0.0,0.0
imdb,noniid,20,107,8,11,0.8692,0.0,0.4965485503911643,0.0,0.3080971240997314,-0.1119145582119623,0.8645777777777779,-0.002791111111111,0.76449,0.0093875999999999,0.0
imdb,noniid,20,107,8,12,0.8692,0.0,0.4965485503911643,0.0,0.3080971240997314,0.056256170074145,0.8645777777777779,0.0,0.76449,0.0,0.0
imdb,noniid,20,107,8,13,0.8692,0.0,0.4965485503911643,0.0,0.3080971240997314,0.0099679201841354,0.8645777777777779,0.0,0.76449,0.0,0.0
imdb,noniid,20,107,8,14,0.8692,0.0,0.4965485503911643,0.0,0.3080971240997314,0.052773896853129,0.8645777777777779,0.0,0.76449,0.0,0.0
imdb,noniid,20,107,8,15,0.8692,0.0,0.4965485503911643,0.0,0.3080971240997314,0.0453749100367228,0.8645777777777779,0.0,0.76449,0.0,0.0
imdb,noniid,20,107,8,16,0.8692,0.0,0.4965485503911643,0.0,0.3080971240997314,-0.0475473195314407,0.8645777777777779,0.0,0.76449,0.0,0.0
imdb,noniid,20,107,8,17,0.8692,0.0,0.4965485503911643,0.0,0.3080971240997314,-0.0,0.8645777777777779,0.0,0.76449,0.0,0.0
imdb,noniid,20,107,8,18,0.8692,0.0,0.4965485503911643,0.0,0.3080971240997314,-0.0,0.8645777777777779,0.0,0.76449,0.0,0.0
imdb,noniid,20,107,8,19,0.8692,0.0,0.4965485503911643,0.0,0.3080971240997314,-0.0408670554558436,0.8645777777777779,0.0,0.76449,0.0,0.0
imdb,noniid,20,107,9,0,0.871,0.0,0.4886337543053961,0.0,0.3064436614513397,-0.0,0.7883111111111112,0.0,0.76368,0.0,0.0
imdb,noniid,20,107,9,1,0.871,0.0,0.4886337543053961,0.0,0.3064436614513397,-0.0,0.7883111111111112,0.0,0.76368,0.0,0.0
imdb,noniid,20,107,9,2,0.871,0.0,0.4886337543053961,0.0511008374940996,0.3064436614513397,-0.0,0.7883111111111112,0.0016859259259259,0.76368,0.0,0.0
imdb,noniid,20,107,9,3,0.871,0.0,0.4886337543053961,0.0,0.3064436614513397,0.0484693159659703,0.7883111111111112,0.0,0.76368,0.0,0.0
imdb,noniid,20,107,9,4,0.871,0.0,0.4886337543053961,0.0,0.3064436614513397,-0.0,0.7883111111111112,0.0,0.76368,0.0,0.0
imdb,noniid,20,107,9,5,0.871,0.0,0.4886337543053961,0.0,0.3064436614513397,0.0177706638971964,0.7883111111111112,0.0,0.76368,0.0,0.0
imdb,noniid,20,107,9,6,0.871,0.0,0.4886337543053961,0.0,0.3064436614513397,0.0077914297580718,0.7883111111111112,0.0,0.76368,0.0,0.0
imdb,noniid,20,107,9,7,0.871,0.0,0.4886337543053961,0.0,0.3064436614513397,-0.0,0.7883111111111112,0.0,0.76368,0.0,0.0
imdb,noniid,20,107,9,8,0.871,0.0,0.4886337543053961,0.0,0.3064436614513397,-0.0,0.7883111111111112,0.0,0.76368,0.0,0.0
imdb,noniid,20,107,9,9,0.871,0.0,0.4886337543053961,0.0,0.3064436614513397,-0.0,0.7883111111111112,0.0,0.76368,0.0,0.0
imdb,noniid,20,107,9,10,0.871,0.0,0.4886337543053961,0.0,0.3064436614513397,-0.0,0.7883111111111112,0.0,0.76368,0.0,0.0
imdb,noniid,20,107,9,11,0.871,0.0,0.4886337543053961,0.0,0.3064436614513397,-0.0,0.7883111111111112,0.0,0.76368,0.0,0.0
imdb,noniid,20,107,9,12,0.871,0.0,0.4886337543053961,0.0,0.3064436614513397,-0.0,0.7883111111111112,0.0,0.76368,0.0,0.0
imdb,noniid,20,107,9,13,0.871,0.0,0.4886337543053961,0.0,0.3064436614513397,0.0302832464377085,0.7883111111111112,0.0,0.76368,0.0,0.0
imdb,noniid,20,107,9,14,0.871,0.0,0.4886337543053961,0.0,0.3064436614513397,-0.0,0.7883111111111112,0.0,0.76368,0.0,0.0
imdb,noniid,20,107,9,15,0.871,0.0,0.4886337543053961,0.0,0.3064436614513397,-0.0,0.7883111111111112,0.0,0.76368,0.0,0.0
imdb,noniid,20,107,9,16,0.871,0.0,0.4886337543053961,0.0,0.3064436614513397,-0.0,0.7883111111111112,0.0,0.76368,0.0089636,0.0
imdb,noniid,20,107,9,17,0.871,0.0,0.4886337543053961,0.0,0.3064436614513397,-0.0,0.7883111111111112,0.0,0.76368,0.0,0.0
imdb,noniid,20,107,9,18,0.871,0.0,0.4886337543053961,0.0,0.3064436614513397,0.0159904023011525,0.7883111111111112,0.0,0.76368,0.0,0.0
imdb,noniid,20,107,9,19,0.871,0.0,0.4886337543053961,0.0,0.3064436614513397,-0.0,0.7883111111111112,0.0,0.76368,0.0,0.0
imdb,noniid,20,107,10,0,0.8706,0.0,0.4856420859177578,0.0,0.3050113618373871,0.0103636741638183,0.7801333333333336,0.0,0.761162,0.0,0.0
imdb,noniid,20,107,10,1,0.8706,0.0,0.4856420859177578,0.0,0.3050113618373871,-0.0015322506427764,0.7801333333333336,0.0,0.761162,0.0,0.0
imdb,noniid,20,107,10,2,0.8706,0.0,0.4856420859177578,0.0155969414435989,0.3050113618373871,-0.0634499857823054,0.7801333333333336,0.0,0.761162,0.0,0.0
imdb,noniid,20,107,10,3,0.8706,0.0,0.4856420859177578,0.0,0.3050113618373871,0.0084561874469121,0.7801333333333336,0.0,0.761162,0.0,0.0
imdb,noniid,20,107,10,4,0.8706,0.0,0.4856420859177578,0.0,0.3050113618373871,-0.1220469663540522,0.7801333333333336,0.0,0.761162,0.0,0.0
imdb,noniid,20,107,10,5,0.8706,0.0,0.4856420859177578,0.0,0.3050113618373871,0.0495284537474314,0.7801333333333336,0.0,0.761162,0.0,0.0
imdb,noniid,20,107,10,6,0.8706,0.0,0.4856420859177578,0.0,0.3050113618373871,0.0174767325321833,0.7801333333333336,0.0,0.761162,0.0,0.0
imdb,noniid,20,107,10,7,0.8706,0.0,0.4856420859177578,0.0,0.3050113618373871,0.0151591469844182,0.7801333333333336,0.0,0.761162,0.0,0.0
imdb,noniid,20,107,10,8,0.8706,0.0,0.4856420859177578,0.0,0.3050113618373871,0.03549644947052,0.7801333333333336,0.0,0.761162,0.0,0.0
imdb,noniid,20,107,10,9,0.8706,0.0,0.4856420859177578,0.0,0.3050113618373871,0.0408071647087733,0.7801333333333336,0.0,0.761162,0.0,0.0
imdb,noniid,20,107,10,10,0.8706,0.0,0.4856420859177578,0.0,0.3050113618373871,0.0390061497688293,0.7801333333333336,0.0,0.761162,0.0,0.0
imdb,noniid,20,107,10,11,0.8706,0.0,0.4856420859177578,0.0,0.3050113618373871,-0.0621825714906056,0.7801333333333336,0.0,0.761162,0.0003005333333333,0.0
imdb,noniid,20,107,10,12,0.8706,0.0,0.4856420859177578,0.0,0.3050113618373871,0.0802407264709472,0.7801333333333336,0.0,0.761162,0.0,0.0
imdb,noniid,20,107,10,13,0.8706,0.0,0.4856420859177578,0.0,0.3050113618373871,0.0126804669698079,0.7801333333333336,0.0,0.761162,0.0,0.0
imdb,noniid,20,107,10,14,0.8706,0.0,0.4856420859177578,0.0,0.3050113618373871,0.0570752839247385,0.7801333333333336,0.0,0.761162,0.0,0.0
imdb,noniid,20,107,10,15,0.8706,0.0,0.4856420859177578,0.0,0.3050113618373871,-0.0040506939093271,0.7801333333333336,0.0,0.761162,0.0,0.0
imdb,noniid,20,107,10,16,0.8706,0.0,0.4856420859177578,0.0,0.3050113618373871,-0.0429512679576873,0.7801333333333336,-0.0096574074074074,0.761162,0.0,0.0
imdb,noniid,20,107,10,17,0.8706,0.0,0.4856420859177578,0.0,0.3050113618373871,-0.0,0.7801333333333336,0.0,0.761162,0.0,0.0
imdb,noniid,20,107,10,18,0.8706,0.0,0.4856420859177578,0.0,0.3050113618373871,-0.012524789571762,0.7801333333333336,0.0,0.761162,0.0,0.0
imdb,noniid,20,107,10,19,0.8706,0.0,0.4856420859177578,0.0,0.3050113618373871,-0.0685599595308303,0.7801333333333336,0.0,0.761162,0.0,0.0
imdb,noniid,20,123,1,0,0.7914,0.0274933333333333,0.5064442759666414,0.0,0.5760847926139832,-0.0,0.8662444444444444,0.0,0.771946,0.0,0.0274933333333333
imdb,noniid,20,123,1,1,0.7914,0.0,0.5064442759666414,-0.1094534187427651,0.5760847926139832,-0.0,0.8662444444444444,0.0,0.771946,-0.0655344,0.0
imdb,noniid,20,123,1,2,0.7914,0.0,0.5064442759666414,0.0,0.5760847926139832,-0.0,0.8662444444444444,0.0,0.771946,0.0,0.0
imdb,noniid,20,123,1,3,0.7914,0.0,0.5064442759666414,0.0,0.5760847926139832,0.0401096105575561,0.8662444444444444,0.0,0.771946,0.0,0.0
imdb,noniid,20,123,1,4,0.7914,0.0,0.5064442759666414,0.0,0.5760847926139832,-0.0,0.8662444444444444,0.0,0.771946,0.0,0.0
imdb,noniid,20,123,1,5,0.7914,0.0,0.5064442759666414,0.0,0.5760847926139832,-0.0,0.8662444444444444,0.0,0.771946,0.0,0.0
imdb,noniid,20,123,1,6,0.7914,0.0,0.5064442759666414,0.0,0.5760847926139832,-0.0,0.8662444444444444,0.0,0.771946,0.0,0.0
imdb,noniid,20,123,1,7,0.7914,0.0,0.5064442759666414,0.0,0.5760847926139832,-0.0,0.8662444444444444,0.0,0.771946,0.0,0.0
imdb,noniid,20,123,1,8,0.7914,0.0,0.5064442759666414,0.0,0.5760847926139832,-0.0,0.8662444444444444,0.0,0.771946,0.0,0.0
imdb,noniid,20,123,1,9,0.7914,0.0,0.5064442759666414,0.0,0.5760847926139832,-0.0,0.8662444444444444,0.0,0.771946,0.0,0.0
imdb,noniid,20,123,1,10,0.7914,0.0,0.5064442759666414,0.0,0.5760847926139832,-0.0,0.8662444444444444,0.0,0.771946,0.0,0.0
imdb,noniid,20,123,1,11,0.7914,0.0,0.5064442759666414,0.0,0.5760847926139832,-0.0,0.8662444444444444,0.0033562962962963,0.771946,0.0,0.0
imdb,noniid,20,123,1,12,0.7914,0.0,0.5064442759666414,0.0,0.5760847926139832,-0.0,0.8662444444444444,0.0,0.771946,0.0,0.0
imdb,noniid,20,123,1,13,0.7914,0.0,0.5064442759666414,0.0,0.5760847926139832,-0.0,0.8662444444444444,0.0,0.771946,0.0,0.0
imdb,noniid,20,123,1,14,0.7914,0.0038,0.5064442759666414,0.0,0.5760847926139832,-0.0,0.8662444444444444,0.0,0.771946,0.0,0.0038
imdb,noniid,20,123,1,15,0.7914,0.0,0.5064442759666414,0.0,0.5760847926139832,-0.0,0.8662444444444444,0.0,0.771946,0.0,0.0
imdb,noniid,20,123,1,16,0.7914,0.0,0.5064442759666414,0.0,0.5760847926139832,-0.0,0.8662444444444444,0.0,0.771946,0.0,0.0
imdb,noniid,20,123,1,17,0.7914,0.0,0.5064442759666414,0.0,0.5760847926139832,-0.0,0.8662444444444444,0.0,0.771946,0.0,0.0
imdb,noniid,20,123,1,18,0.7914,0.0,0.5064442759666414,0.0,0.5760847926139832,-0.0,0.8662444444444444,0.0,0.771946,0.0,0.0
imdb,noniid,20,123,1,19,0.7914,0.0,0.5064442759666414,0.0,0.5760847926139832,-0.0,0.8662444444444444,0.0,0.771946,0.0,0.0
imdb,noniid,20,123,2,0,0.8384,0.0,0.5589217557251909,0.0,0.3907424211502075,0.0305083086093266,0.8456111111111111,0.0,0.782934,0.0,0.0
imdb,noniid,20,123,2,1,0.8384,0.0,0.5589217557251909,0.0,0.3907424211502075,-0.0,0.8456111111111111,0.0,0.782934,0.0,0.0
imdb,noniid,20,123,2,2,0.8384,0.0,0.5589217557251909,0.0705856402739825,0.3907424211502075,-0.0,0.8456111111111111,0.0,0.782934,0.0261600666666666,0.0
imdb,noniid,20,123,2,3,0.8384,0.0,0.5589217557251909,0.0,0.3907424211502075,-0.0,0.8456111111111111,-0.0055781481481481,0.782934,0.0,0.0
imdb,noniid,20,123,2,4,0.8384,0.0,0.5589217557251909,0.0,0.3907424211502075,-0.0,0.8456111111111111,0.0,0.782934,0.0,0.0
imdb,noniid,20,123,2,5,0.8384,0.0,0.5589217557251909,0.0,0.3907424211502075,-0.0,0.8456111111111111,0.0,0.782934,0.0,0.0
imdb,noniid,20,123,2,6,0.8384,0.0,0.5589217557251909,0.0,0.3907424211502075,-0.0,0.8456111111111111,0.0,0.782934,0.0,0.0
imdb,noniid,20,123,2,7,0.8384,0.0,0.5589217557251909,0.0,0.3907424211502075,-0.0,0.8456111111111111,0.0,0.782934,0.0,0.0
imdb,noniid,20,123,2,8,0.8384,0.0,0.5589217557251909,0.0,0.3907424211502075,-0.0,0.8456111111111111,0.0,0.782934,0.0,0.0
imdb,noniid,20,123,2,9,0.8384,0.0223466666666666,0.5589217557251909,0.0,0.3907424211502075,-0.0,0.8456111111111111,0.0,0.782934,0.0,0.0223466666666666
imdb,noniid,20,123,2,10,0.8384,0.0,0.5589217557251909,0.0,0.3907424211502075,0.0462837815284729,0.8456111111111111,0.0,0.782934,0.0,0.0
imdb,noniid,20,123,2,11,0.8384,0.0,0.5589217557251909,0.0,0.3907424211502075,-0.0,0.8456111111111111,0.0180533333333333,0.782934,0.0,0.0
imdb,noniid,20,123,2,12,0.8384,0.0,0.5589217557251909,0.0,0.3907424211502075,-0.0,0.8456111111111111,0.0,0.782934,0.0,0.0
imdb,noniid,20,123,2,13,0.8384,0.0,0.5589217557251909,0.0,0.3907424211502075,-0.0,0.8456111111111111,-0.0044359259259258,0.782934,0.0,0.0
imdb,noniid,20,123,2,14,0.8384,0.0,0.5589217557251909,0.0,0.3907424211502075,-0.0,0.8456111111111111,0.0,0.782934,0.0,0.0
imdb,noniid,20,123,2,15,0.8384,0.0,0.5589217557251909,0.0,0.3907424211502075,-0.0,0.8456111111111111,0.0,0.782934,0.0,0.0
imdb,noniid,20,123,2,16,0.8384,0.0,0.5589217557251909,0.0,0.3907424211502075,-0.0,0.8456111111111111,0.0,0.782934,0.0,0.0
imdb,noniid,20,123,2,17,0.8384,0.0,0.5589217557251909,0.0,0.3907424211502075,-0.0,0.8456111111111111,0.0,0.782934,0.0,0.0
imdb,noniid,20,123,2,18,0.8384,0.0,0.5589217557251909,0.0,0.3907424211502075,-0.0,0.8456111111111111,0.0,0.782934,0.0,0.0
imdb,noniid,20,123,2,19,0.8384,0.0,0.5589217557251909,0.0,0.3907424211502075,-0.0,0.8456111111111111,0.0,0.782934,0.0,0.0
imdb,noniid,20,123,3,0,0.856,0.0157933333333333,0.5464953271028037,0.0,0.3373318016529083,-0.0,0.8566333333333334,0.0,0.779352,0.0,0.0157933333333333
imdb,noniid,20,123,3,1,0.856,0.0,0.5464953271028037,0.0,0.3373318016529083,-0.0,0.8566333333333334,0.0,0.779352,0.0,0.0
imdb,noniid,20,123,3,2,0.856,0.0,0.5464953271028037,0.0588826980367536,0.3373318016529083,-0.0,0.8566333333333334,0.0,0.779352,0.0257218666666666,0.0
imdb,noniid,20,123,3,3,0.856,0.0071266666666666,0.5464953271028037,0.0,0.3373318016529083,-0.0,0.8566333333333334,0.0,0.779352,0.0,0.0071266666666666
imdb,noniid,20,123,3,4,0.856,0.0,0.5464953271028037,0.0,0.3373318016529083,-0.0,0.8566333333333334,0.0,0.779352,0.0,0.0
imdb,noniid,20,123,3,5,0.856,0.0087666666666666,0.5464953271028037,0.0,0.3373318016529083,-0.0,0.8566333333333334,0.0,0.779352,0.0,0.0087666666666666
imdb,noniid,20,123,3,6,0.856,0.0036933333333333,0.5464953271028037,0.0,0.3373318016529083,-0.0,0.8566333333333334,0.0,0.779352,0.0,0.0036933333333333
imdb,noniid,20,123,3,7,0.856,0.0,0.5464953271028037,0.0,0.3373318016529083,-0.0,0.8566333333333334,0.0,0.779352,0.0,0.0
imdb,noniid,20,123,3,8,0.856,0.0,0.5464953271028037,0.0,0.3373318016529083,0.0585293481747309,0.8566333333333334,0.0,0.779352,0.0,0.0
imdb,noniid,20,123,3,9,0.856,0.0,0.5464953271028037,0.0,0.3373318016529083,-0.0,0.8566333333333334,0.0,0.779352,0.0,0.0
imdb,noniid,20,123,3,10,0.856,0.0,0.5464953271028037,0.0,0.3373318016529083,-0.0,0.8566333333333334,0.0,0.779352,0.0,0.0
imdb,noniid,20,123,3,11,0.856,0.0,0.5464953271028037,0.0,0.3373318016529083,-0.0,0.8566333333333334,-0.0191229629629629,0.779352,0.0,0.0
imdb,noniid,20,123,3,12,0.856,0.0,0.5464953271028037,0.0,0.3373318016529083,-0.0,0.8566333333333334,0.0,0.779352,0.0,0.0
imdb,noniid,20,123,3,13,0.856,0.0158466666666666,0.5464953271028037,0.0,0.3373318016529083,0.0577125519514083,0.8566333333333334,0.0,0.779352,0.0,0.0158466666666666
imdb,noniid,20,123,3,14,0.856,0.0,0.5464953271028037,0.0,0.3373318016529083,-0.0,0.8566333333333334,0.0,0.779352,0.0,0.0
imdb,noniid,20,123,3,15,0.856,0.0,0.5464953271028037,0.0,0.3373318016529083,-0.0,0.8566333333333334,0.0,0.779352,0.0,0.0
imdb,noniid,20,123,3,16,0.856,0.0,0.5464953271028037,0.0,0.3373318016529083,-0.0,0.8566333333333334,0.0,0.779352,0.0,0.0
imdb,noniid,20,123,3,17,0.856,0.0,0.5464953271028037,0.0,0.3373318016529083,-0.0,0.8566333333333334,0.0,0.779352,0.0,0.0
imdb,noniid,20,123,3,18,0.856,0.0148399999999999,0.5464953271028037,0.0,0.3373318016529083,-0.0,0.8566333333333334,0.0,0.779352,0.0,0.0148399999999999
imdb,noniid,20,123,3,19,0.856,0.0,0.5464953271028037,0.0,0.3373318016529083,-0.0,0.8566333333333334,0.0,0.779352,0.0,0.0
imdb,noniid,20,123,4,0,0.8622,0.01206,0.530735328230109,0.0,0.3222454488277435,0.0275456527868906,0.7329111111111111,0.0,0.774314,0.0,0.01206
imdb,noniid,20,123,4,1,0.8622,0.0,0.530735328230109,0.0,0.3222454488277435,-0.0,0.7329111111111111,0.0,0.774314,0.0,0.0
imdb,noniid,20,123,4,2,0.8622,0.0,0.530735328230109,0.0,0.3222454488277435,-0.0,0.7329111111111111,0.0,0.774314,0.0,0.0
imdb,noniid,20,123,4,3,0.8622,0.0025333333333333,0.530735328230109,0.0,0.3222454488277435,0.0219512552022933,0.7329111111111111,0.0,0.774314,0.0,0.0025333333333333
imdb,noniid,20,123,4,4,0.8622,0.0,0.530735328230109,0.0,0.3222454488277435,-0.0,0.7329111111111111,0.0,0.774314,0.0,0.0
imdb,noniid,20,123,4,5,0.8622,0.0,0.530735328230109,0.0,0.3222454488277435,-0.0,0.7329111111111111,0.0,0.774314,0.0,0.0
imdb,noniid,20,123,4,6,0.8622,0.0,0.530735328230109,0.0,0.3222454488277435,-0.0,0.7329111111111111,0.0,0.774314,0.0,0.0
imdb,noniid,20,123,4,7,0.8622,0.0,0.530735328230109,0.0,0.3222454488277435,-0.0,0.7329111111111111,0.0,0.774314,0.0,0.0
imdb,noniid,20,123,4,8,0.8622,0.0,0.530735328230109,0.0,0.3222454488277435,-0.0,0.7329111111111111,0.0,0.774314,0.0,0.0
imdb,noniid,20,123,4,9,0.8622,0.0193133333333333,0.530735328230109,0.0,0.3222454488277435,0.0813213497400283,0.7329111111111111,0.0,0.774314,0.0,0.0193133333333333
imdb,noniid,20,123,4,10,0.8622,0.0,0.530735328230109,0.0,0.3222454488277435,-0.0,0.7329111111111111,0.0,0.774314,0.0,0.0
imdb,noniid,20,123,4,11,0.8622,0.0,0.530735328230109,0.0147692486381549,0.3222454488277435,-0.0,0.7329111111111111,-0.008634074074074,0.774314,0.0055174666666666,0.0
imdb,noniid,20,123,4,12,0.8622,0.0,0.530735328230109,0.0,0.3222454488277435,-0.0,0.7329111111111111,0.0,0.774314,0.0,0.0
imdb,noniid,20,123,4,13,0.8622,0.0,0.530735328230109,0.0,0.3222454488277435,-0.0,0.7329111111111111,0.0,0.774314,0.0,0.0
imdb,noniid,20,123,4,14,0.8622,0.0101333333333333,0.530735328230109,0.0,0.3222454488277435,0.027112740278244,0.7329111111111111,0.0,0.774314,0.0,0.0101333333333333
imdb,noniid,20,123,4,15,0.8622,0.0,0.530735328230109,0.0,0.3222454488277435,-0.0,0.7329111111111111,0.0,0.774314,0.0,0.0
imdb,noniid,20,123,4,16,0.8622,0.0,0.530735328230109,0.0,0.3222454488277435,-0.0,0.7329111111111111,0.0,0.774314,0.0,0.0
imdb,noniid,20,123,4,17,0.8622,0.0,0.530735328230109,0.0,0.3222454488277435,-0.0,0.7329111111111111,0.0,0.774314,0.0,0.0
imdb,noniid,20,123,4,18,0.8622,0.0,0.530735328230109,0.0,0.3222454488277435,0.084921908378601,0.7329111111111111,0.0,0.774314,0.0,0.0
imdb,noniid,20,123,4,19,0.8622,0.0,0.530735328230109,0.0,0.3222454488277435,-0.0,0.7329111111111111,0.0,0.774314,0.0,0.0
imdb,noniid,20,123,5,0,0.8654,0.0,0.51698636468685,0.0,0.3155959844589233,0.0463043361902236,0.8068,0.0,0.771784,0.0,0.0
imdb,noniid,20,123,5,1,0.8654,0.0,0.51698636468685,0.0,0.3155959844589233,-0.0,0.8068,0.0,0.771784,0.0,0.0
imdb,noniid,20,123,5,2,0.8654,0.0,0.51698636468685,0.0474910258329085,0.3155959844589233,-0.0,0.8068,0.0,0.771784,0.0,0.0
imdb,noniid,20,123,5,3,0.8654,0.0,0.51698636468685,0.0,0.3155959844589233,-0.0,0.8068,0.0,0.771784,0.0,0.0
imdb,noniid,20,123,5,4,0.8654,0.0,0.51698636468685,0.0,0.3155959844589233,-0.0980192959308624,0.8068,0.0,0.771784,0.0,0.0
imdb,noniid,20,123,5,5,0.8654,0.0090266666666666,0.51698636468685,0.0,0.3155959844589233,-0.0,0.8068,0.0,0.771784,0.0,0.0090266666666666
imdb,noniid,20,123,5,6,0.8654,0.0,0.51698636468685,0.0,0.3155959844589233,-0.0,0.8068,0.0,0.771784,0.0,0.0
imdb,noniid,20,123,5,7,0.8654,0.0063266666666666,0.51698636468685,0.0,0.3155959844589233,0.0616904477278391,0.8068,0.0,0.771784,0.0,0.0063266666666666
imdb,noniid,20,123,5,8,0.8654,0.0153066666666666,0.51698636468685,0.0,0.3155959844589233,0.0708931316932042,0.8068,0.0,0.771784,0.0,0.0153066666666666
imdb,noniid,20,123,5,9,0.8654,0.0,0.51698636468685,0.0,0.3155959844589233,-0.0,0.8068,0.0,0.771784,0.0,0.0
imdb,noniid,20,123,5,10,0.8654,0.0,0.51698636468685,0.0,0.3155959844589233,0.058206495642662,0.8068,0.0,0.771784,0.0,0.0
imdb,noniid,20,123,5,11,0.8654,0.0,0.51698636468685,0.0,0.3155959844589233,-0.0,0.8068,0.0077207407407407,0.771784,0.0069352666666666,0.0
imdb,noniid,20,123,5,12,0.8654,0.0,0.51698636468685,0.0,0.3155959844589233,-0.0,0.8068,0.0,0.771784,0.0,0.0
imdb,noniid,20,123,5,13,0.8654,0.0,0.51698636468685,0.0,0.3155959844589233,0.0215888778368632,0.8068,0.0,0.771784,0.0,0.0
imdb,noniid,20,123,5,14,0.8654,0.0015266666666666,0.51698636468685,0.0,0.3155959844589233,-0.0,0.8068,0.0,0.771784,0.0,0.0015266666666666
imdb,noniid,20,123,5,15,0.8654,0.0,0.51698636468685,0.0,0.3155959844589233,0.0335444917281468,0.8068,0.0,0.771784,0.0,0.0
imdb,noniid,20,123,5,16,0.8654,0.0,0.51698636468685,0.0,0.3155959844589233,-0.0,0.8068,0.0,0.771784,0.0,0.0
imdb,noniid,20,123,5,17,0.8654,0.0,0.51698636468685,0.0,0.3155959844589233,-0.0,0.8068,0.0,0.771784,0.0,0.0
imdb,noniid,20,123,5,18,0.8654,0.0027399999999999,0.51698636468685,0.0,0.3155959844589233,0.0124799291292826,0.8068,0.0,0.771784,0.0,0.0027399999999999
imdb,noniid,20,123,5,19,0.8654,0.0,0.51698636468685,0.0,0.3155959844589233,-0.095485982298851,0.8068,0.0,0.771784,0.0,0.0
imdb,noniid,20,123,6,0,0.8662,0.0,0.5038097437081506,0.0,0.3118500411510467,-0.0,0.8793777777777778,0.0,0.7688159999999999,0.0,0.0
imdb,noniid,20,123,6,1,0.8662,0.0,0.5038097437081506,0.0,0.3118500411510467,0.0240783741076787,0.8793777777777778,0.0,0.7688159999999999,0.0,0.0
imdb,noniid,20,123,6,2,0.8662,-0.0203866666666666,0.5038097437081506,0.0250778221970148,0.3118500411510467,-0.0,0.8793777777777778,0.0,0.7688159999999999,-0.0059218666666666,-0.0203866666666666
imdb,noniid,20,123,6,3,0.8662,0.0,0.5038097437081506,0.0,0.3118500411510467,-0.0,0.8793777777777778,0.0,0.7688159999999999,0.0,0.0
imdb,noniid,20,123,6,4,0.8662,0.0,0.5038097437081506,0.0,0.3118500411510467,-0.0,0.8793777777777778,0.0,0.7688159999999999,0.0087104,0.0
imdb,noniid,20,123,6,5,0.8662,0.0,0.5038097437081506,0.0,0.3118500411510467,0.0500223875045776,0.8793777777777778,0.0,0.7688159999999999,0.0,0.0
imdb,noniid,20,123,6,6,0.8662,0.0,0.5038097437081506,0.0,0.3118500411510467,-0.0,0.8793777777777778,0.0,0.7688159999999999,0.0,0.0
imdb,noniid,20,123,6,7,0.8662,0.0,0.5038097437081506,0.0,0.3118500411510467,-0.0,0.8793777777777778,0.0,0.7688159999999999,0.0,0.0
imdb,noniid,20,123,6,8,0.8662,0.0,0.5038097437081506,0.0,0.3118500411510467,0.0246364027261734,0.8793777777777778,0.0,0.7688159999999999,0.0,0.0
imdb,noniid,20,123,6,9,0.8662,0.0063999999999999,0.5038097437081506,0.0,0.3118500411510467,-0.0,0.8793777777777778,2.3333333333330764e-05,0.7688159999999999,0.0,0.0063999999999999
imdb,noniid,20,123,6,10,0.8662,0.0,0.5038097437081506,0.0,0.3118500411510467,-0.0,0.8793777777777778,0.0,0.7688159999999999,0.0,0.0
imdb,noniid,20,123,6,11,0.8662,0.0,0.5038097437081506,0.0,0.3118500411510467,-0.0,0.8793777777777778,0.0,0.7688159999999999,0.0,0.0
imdb,noniid,20,123,6,12,0.8662,0.0,0.5038097437081506,0.0,0.3118500411510467,-0.0,0.8793777777777778,0.0,0.7688159999999999,0.0,0.0
imdb,noniid,20,123,6,13,0.8662,0.0,0.5038097437081506,0.0,0.3118500411510467,0.1155851970116297,0.8793777777777778,0.0,0.7688159999999999,0.0,0.0
imdb,noniid,20,123,6,14,0.8662,0.0,0.5038097437081506,0.0,0.3118500411510467,-0.0,0.8793777777777778,0.0,0.7688159999999999,0.0,0.0
imdb,noniid,20,123,6,15,0.8662,0.0,0.5038097437081506,0.0,0.3118500411510467,-0.0,0.8793777777777778,0.0,0.7688159999999999,0.0,0.0
imdb,noniid,20,123,6,16,0.8662,0.0,0.5038097437081506,0.0,0.3118500411510467,-0.0,0.8793777777777778,0.0,0.7688159999999999,0.0,0.0
imdb,noniid,20,123,6,17,0.8662,0.0,0.5038097437081506,0.0,0.3118500411510467,-0.0,0.8793777777777778,0.0,0.7688159999999999,0.0,0.0
imdb,noniid,20,123,6,18,0.8662,0.0,0.5038097437081506,0.0,0.3118500411510467,0.023738153775533,0.8793777777777778,0.0,0.7688159999999999,0.0,0.0
imdb,noniid,20,123,6,19,0.8662,-0.0208733333333333,0.5038097437081506,0.0,0.3118500411510467,-0.0,0.8793777777777778,0.0,0.7688159999999999,0.0,-0.0208733333333333
imdb,noniid,20,123,7,0,0.8666,0.0092866666666666,0.4924994230325409,0.0,0.3094263672828674,0.0267166405916213,0.7872888888888889,0.0,0.765382,0.0,0.0092866666666666
imdb,noniid,20,123,7,1,0.8666,0.0029799999999999,0.4924994230325409,0.0,0.3094263672828674,-0.0,0.7872888888888889,0.0,0.765382,0.0,0.0029799999999999
imdb,noniid,20,123,7,2,0.8666,0.0,0.4924994230325409,0.0,0.3094263672828674,-0.0,0.7872888888888889,0.0,0.765382,0.0,0.0
imdb,noniid,20,123,7,3,0.8666,0.0,0.4924994230325409,0.0,0.3094263672828674,0.0365093380212783,0.7872888888888889,0.0,0.765382,0.0,0.0
imdb,noniid,20,123,7,4,0.8666,0.0,0.4924994230325409,0.0,0.3094263672828674,-0.0,0.7872888888888889,0.0,0.765382,0.0,0.0
imdb,noniid,20,123,7,5,0.8666,0.0,0.4924994230325409,0.0,0.3094263672828674,-0.0,0.7872888888888889,0.0,0.765382,0.0,0.0
imdb,noniid,20,123,7,6,0.8666,0.0,0.4924994230325409,0.0,0.3094263672828674,-0.0,0.7872888888888889,0.0,0.765382,0.0,0.0
imdb,noniid,20,123,7,7,0.8666,0.0,0.4924994230325409,0.0,0.3094263672828674,-0.0,0.7872888888888889,0.0,0.765382,0.0,0.0
imdb,noniid,20,123,7,8,0.8666,0.0106999999999999,0.4924994230325409,0.0,0.3094263672828674,0.0468838800986607,0.7872888888888889,0.0,0.765382,0.0,0.0106999999999999
imdb,noniid,20,123,7,9,0.8666,0.0,0.4924994230325409,0.0,0.3094263672828674,-0.0,0.7872888888888889,0.0,0.765382,0.0,0.0
imdb,noniid,20,123,7,10,0.8666,0.0,0.4924994230325409,0.0,0.3094263672828674,-0.0,0.7872888888888889,0.0,0.765382,0.0,0.0
imdb,noniid,20,123,7,11,0.8666,0.0,0.4924994230325409,0.03435579995952,0.3094263672828674,-0.0,0.7872888888888889,0.0,0.765382,0.0090655333333333,0.0
imdb,noniid,20,123,7,12,0.8666,0.0091999999999999,0.4924994230325409,0.0,0.3094263672828674,-0.0,0.7872888888888889,0.0,0.765382,0.0,0.0091999999999999
imdb,noniid,20,123,7,13,0.8666,0.0,0.4924994230325409,0.0,0.3094263672828674,-0.0,0.7872888888888889,0.0,0.765382,0.0,0.0
imdb,noniid,20,123,7,14,0.8666,0.0,0.4924994230325409,0.0,0.3094263672828674,-0.0,0.7872888888888889,0.0,0.765382,0.0,0.0
imdb,noniid,20,123,7,15,0.8666,0.0,0.4924994230325409,0.0,0.3094263672828674,-0.0,0.7872888888888889,0.0,0.765382,0.0,0.0
imdb,noniid,20,123,7,16,0.8666,0.0,0.4924994230325409,0.0,0.3094263672828674,-0.0,0.7872888888888889,0.0,0.765382,0.0,0.0
imdb,noniid,20,123,7,17,0.8666,0.0,0.4924994230325409,0.0,0.3094263672828674,-0.0,0.7872888888888889,0.0,0.765382,0.0,0.0
imdb,noniid,20,123,7,18,0.8666,0.0,0.4924994230325409,0.0,0.3094263672828674,-0.0,0.7872888888888889,0.0,0.765382,0.0,0.0
imdb,noniid,20,123,7,19,0.8666,0.0,0.4924994230325409,0.0,0.3094263672828674,-0.0,0.7872888888888889,0.0,0.765382,0.0,0.0
imdb,noniid,20,123,8,0,0.8674,0.0035799999999999,0.4832833756052571,0.0,0.3075779974460602,-0.0,0.7853555555555556,0.0,0.764972,0.0,0.0035799999999999
imdb,noniid,20,123,8,1,0.8674,0.0134733333333333,0.4832833756052571,0.0,0.3075779974460602,-0.0,0.7853555555555556,0.0,0.764972,0.0,0.0134733333333333
imdb,noniid,20,123,8,2,0.8674,-0.03294,0.4832833756052571,0.0,0.3075779974460602,-0.0,0.7853555555555556,0.0,0.764972,0.0092334,-0.03294
imdb,noniid,20,123,8,3,0.8674,0.0175733333333333,0.4832833756052571,0.0,0.3075779974460602,0.0612399399280548,0.7853555555555556,0.0,0.764972,0.0,0.0175733333333333
imdb,noniid,20,123,8,4,0.8674,-0.0223266666666666,0.4832833756052571,0.0,0.3075779974460602,-0.0216177076101303,0.7853555555555556,0.0,0.764972,0.0,-0.0223266666666666
imdb,noniid,20,123,8,5,0.8674,0.0080866666666666,0.4832833756052571,0.0,0.3075779974460602,0.0173516114552815,0.7853555555555556,0.0,0.764972,0.0,0.0080866666666666
imdb,noniid,20,123,8,6,0.8674,-0.0198933333333333,0.4832833756052571,0.0,0.3075779974460602,-0.0,0.7853555555555556,0.0,0.764972,0.0,-0.0198933333333333
imdb,noniid,20,123,8,7,0.8674,0.0,0.4832833756052571,0.0,0.3075779974460602,-0.0,0.7853555555555556,0.0,0.764972,0.0,0.0
imdb,noniid,20,123,8,8,0.8674,0.0086733333333333,0.4832833756052571,0.0,0.3075779974460602,-0.0,0.7853555555555556,0.0,0.764972,0.0,0.0086733333333333
imdb,noniid,20,123,8,9,0.8674,0.0116799999999999,0.4832833756052571,0.0,0.3075779974460602,-0.0,0.7853555555555556,0.0,0.764972,0.0,0.0116799999999999
imdb,noniid,20,123,8,10,0.8674,0.0,0.4832833756052571,0.0,0.3075779974460602,-0.0,0.7853555555555556,-0.0005785185185185,0.764972,0.0,0.0
imdb,noniid,20,123,8,11,0.8674,0.0043799999999999,0.4832833756052571,0.0039136158233312,0.3075779974460602,-0.0,0.7853555555555556,0.0,0.764972,0.0,0.0043799999999999
imdb,noniid,20,123,8,12,0.8674,0.0025333333333333,0.4832833756052571,0.0,0.3075779974460602,-0.0,0.7853555555555556,0.0,0.764972,0.0,0.0025333333333333
imdb,noniid,20,123,8,13,0.8674,0.0048599999999999,0.4832833756052571,0.0,0.3075779974460602,0.0218569268782933,0.7853555555555556,0.0,0.764972,0.0,0.0048599999999999
imdb,noniid,20,123,8,14,0.8674,0.0061266666666666,0.4832833756052571,0.0,0.3075779974460602,0.0134531964858373,0.7853555555555556,0.0,0.764972,0.0,0.0061266666666666
imdb,noniid,20,123,8,15,0.8674,0.0,0.4832833756052571,0.0,0.3075779974460602,-0.0,0.7853555555555556,0.0,0.764972,0.0,0.0
imdb,noniid,20,123,8,16,0.8674,-0.0180266666666666,0.4832833756052571,0.0,0.3075779974460602,-0.0,0.7853555555555556,0.0,0.764972,0.0,-0.0180266666666666
imdb,noniid,20,123,8,17,0.8674,-0.0029666666666666,0.4832833756052571,0.0,0.3075779974460602,-0.0,0.7853555555555556,0.0,0.764972,0.0,-0.0029666666666666
imdb,noniid,20,123,8,18,0.8674,0.0006133333333333,0.4832833756052571,0.0,0.3075779974460602,0.0046076109011967,0.7853555555555556,0.0,0.764972,0.0,0.0006133333333333
imdb,noniid,20,123,8,19,0.8674,-0.008,0.4832833756052571,0.0,0.3075779974460602,-0.0873112261295318,0.7853555555555556,0.0,0.764972,0.0,-0.008
imdb,noniid,20,123,9,0,0.8684,0.0109933333333333,0.4774297558728696,0.0,0.3061107993125915,0.0427161882321039,0.8434666666666666,0.0,0.761734,0.0,0.0109933333333333
imdb,noniid,20,123,9,1,0.8684,0.0,0.4774297558728696,0.0,0.3061107993125915,0.0177734494209289,0.8434666666666666,0.0,0.761734,0.0,0.0
imdb,noniid,20,123,9,2,0.8684,0.0,0.4774297558728696,0.0,0.3061107993125915,-0.1720999916394551,0.8434666666666666,0.0,0.761734,0.0,0.0
imdb,noniid,20,123,9,3,0.8684,0.0,0.4774297558728696,0.0,0.3061107993125915,-0.0,0.8434666666666666,0.0,0.761734,0.0,0.0
imdb,noniid,20,123,9,4,0.8684,0.0,0.4774297558728696,0.0,0.3061107993125915,-0.0996715108553568,0.8434666666666666,0.0,0.761734,0.0,0.0
imdb,noniid,20,123,9,5,0.8684,0.0,0.4774297558728696,0.0,0.3061107993125915,-0.0,0.8434666666666666,0.0,0.761734,0.0,0.0
imdb,noniid,20,123,9,6,0.8684,0.0,0.4774297558728696,0.0,0.3061107993125915,-0.0,0.8434666666666666,0.0,0.761734,0.0,0.0
imdb,noniid,20,123,9,7,0.8684,0.0,0.4774297558728696,0.0,0.3061107993125915,0.0754910220702489,0.8434666666666666,0.0,0.761734,0.0,0.0
imdb,noniid,20,123,9,8,0.8684,0.0158866666666666,0.4774297558728696,0.0,0.3061107993125915,0.0829951435327529,0.8434666666666666,0.0,0.761734,0.0,0.0158866666666666
imdb,noniid,20,123,9,9,0.8684,0.00318,0.4774297558728696,0.0,0.3061107993125915,0.0058617721001307,0.8434666666666666,0.0,0.761734,0.0,0.00318
imdb,noniid,20,123,9,10,0.8684,0.0,0.4774297558728696,0.0,0.3061107993125915,-0.0,0.8434666666666666,0.0,0.761734,0.0,0.0
imdb,noniid,20,123,9,11,0.8684,-0.0082933333333333,0.4774297558728696,0.012245907669721,0.3061107993125915,-0.1125026265780131,0.8434666666666666,0.0,0.761734,0.0050794666666666,-0.0082933333333333
imdb,noniid,20,123,9,12,0.8684,0.0019733333333333,0.4774297558728696,0.0,0.3061107993125915,-0.0,0.8434666666666666,0.0,0.761734,0.0,0.0019733333333333
imdb,noniid,20,123,9,13,0.8684,0.0,0.4774297558728696,0.0,0.3061107993125915,0.0633920868237813,0.8434666666666666,0.0,0.761734,0.0,0.0
imdb,noniid,20,123,9,14,0.8684,0.0,0.4774297558728696,0.0,0.3061107993125915,0.0389626463254292,0.8434666666666666,0.0,0.761734,0.0,0.0
imdb,noniid,20,123,9,15,0.8684,0.0,0.4774297558728696,0.0,0.3061107993125915,-0.0,0.8434666666666666,0.0,0.761734,0.0,0.0
imdb,noniid,20,123,9,16,0.8684,-0.0343266666666666,0.4774297558728696,0.0,0.3061107993125915,-0.1032269279162089,0.8434666666666666,0.0,0.761734,0.0,-0.0343266666666666
imdb,noniid,20,123,9,17,0.8684,0.0024866666666666,0.4774297558728696,0.0,0.3061107993125915,-0.0,0.8434666666666666,0.0,0.761734,0.0,0.0024866666666666
imdb,noniid,20,123,9,18,0.8684,0.0,0.4774297558728696,0.0,0.3061107993125915,-0.0,0.8434666666666666,0.0,0.761734,0.0,0.0
imdb,noniid,20,123,9,19,0.8684,0.0,0.4774297558728696,0.0,0.3061107993125915,-0.0453450908263524,0.8434666666666666,0.0275874074074074,0.761734,0.0,0.0
imdb,noniid,20,123,10,0,0.8696,0.0,0.4707911683532658,0.0,0.3047943413257599,0.0631387333075205,0.8329111111111112,0.0,0.7606120000000001,0.0,0.0
imdb,noniid,20,123,10,1,0.8696,0.0041733333333333,0.4707911683532658,0.0,0.3047943413257599,0.0149370074272155,0.8329111111111112,0.0,0.7606120000000001,0.0,0.0041733333333333
imdb,noniid,20,123,10,2,0.8696,0.0,0.4707911683532658,0.0,0.3047943413257599,-0.16716095606486,0.8329111111111112,0.0,0.7606120000000001,0.0,0.0
imdb,noniid,20,123,10,3,0.8696,0.0,0.4707911683532658,0.0,0.3047943413257599,0.0899573842684427,0.8329111111111112,0.0,0.7606120000000001,0.0,0.0
imdb,noniid,20,123,10,4,0.8696,-0.0162466666666666,0.4707911683532658,0.0,0.3047943413257599,-0.0,0.8329111111111112,0.0,0.7606120000000001,0.0,-0.0162466666666666
imdb,noniid,20,123,10,5,0.8696,0.0,0.4707911683532658,0.0,0.3047943413257599,0.0305887599786122,0.8329111111111112,0.0,0.7606120000000001,0.0,0.0
imdb,noniid,20,123,10,6,0.8696,0.0,0.4707911683532658,0.0,0.3047943413257599,-0.0,0.8329111111111112,0.0,0.7606120000000001,0.0,0.0
imdb,noniid,20,123,10,7,0.8696,0.0,0.4707911683532658,0.0,0.3047943413257599,0.019517371058464,0.8329111111111112,0.0,0.7606120000000001,0.0,0.0
imdb,noniid,20,123,10,8,0.8696,0.0,0.4707911683532658,0.0,0.3047943413257599,0.0586889247099558,0.8329111111111112,0.0,0.7606120000000001,0.0,0.0
imdb,noniid,20,123,10,9,0.8696,0.0204733333333333,0.4707911683532658,0.0,0.3047943413257599,0.0775297582149505,0.8329111111111112,0.0,0.7606120000000001,0.0,0.0204733333333333
imdb,noniid,20,123,10,10,0.8696,0.0,0.4707911683532658,0.0,0.3047943413257599,0.0121754676103591,0.8329111111111112,0.0,0.7606120000000001,0.0,0.0
imdb,noniid,20,123,10,11,0.8696,-0.0324666666666666,0.4707911683532658,0.0450820268305188,0.3047943413257599,-0.1734140525261561,0.8329111111111112,0.0067425925925925,0.7606120000000001,0.008014,-0.0324666666666666
imdb,noniid,20,123,10,12,0.8696,0.0,0.4707911683532658,0.0,0.3047943413257599,0.0324632823467254,0.8329111111111112,0.0,0.7606120000000001,0.0,0.0
imdb,noniid,20,123,10,13,0.8696,0.00594,0.4707911683532658,0.0,0.3047943413257599,0.0145668158928553,0.8329111111111112,0.0,0.7606120000000001,0.0,0.00594
imdb,noniid,20,123,10,14,0.8696,0.0,0.4707911683532658,0.0,0.3047943413257599,-0.0,0.8329111111111112,0.0,0.7606120000000001,0.0,0.0
imdb,noniid,20,123,10,15,0.8696,0.0080066666666666,0.4707911683532658,0.0,0.3047943413257599,0.0212413181861241,0.8329111111111112,0.0,0.7606120000000001,0.0,0.0080066666666666
imdb,noniid,20,123,10,16,0.8696,-0.0258733333333333,0.4707911683532658,0.0,0.3047943413257599,-0.0861153523127238,0.8329111111111112,0.0,0.7606120000000001,0.0,-0.0258733333333333
imdb,noniid,20,123,10,17,0.8696,0.0,0.4707911683532658,0.0,0.3047943413257599,0.0144590367873509,0.8329111111111112,0.0,0.7606120000000001,0.0,0.0
imdb,noniid,20,123,10,18,0.8696,0.0,0.4707911683532658,0.0,0.3047943413257599,0.0268444955348968,0.8329111111111112,0.0,0.7606120000000001,0.0,0.0
imdb,noniid,20,123,10,19,0.8696,0.0,0.4707911683532658,0.0,0.3047943413257599,-0.0918126851320266,0.8329111111111112,0.0,0.7606120000000001,0.0,0.0
imdb,noniid,20,2025,1,0,0.819,0.0555533333333333,0.4835164835164835,0.0,0.5806400179862976,0.0379206180572509,0.915177777777778,-0.0045707407407407,0.7632019999999999,0.0,0.0555533333333333
imdb,noniid,20,2025,1,1,0.819,0.0,0.4835164835164835,-0.0680804318924617,0.5806400179862976,-0.0,0.915177777777778,0.0,0.7632019999999999,-0.0300294666666666,0.0
imdb,noniid,20,2025,1,2,0.819,0.0,0.4835164835164835,0.0,0.5806400179862976,-0.0,0.915177777777778,0.0,0.7632019999999999,0.0,0.0
imdb,noniid,20,2025,1,3,0.819,0.0,0.4835164835164835,0.0,0.5806400179862976,-0.0,0.915177777777778,0.0015803703703703,0.7632019999999999,0.0,0.0
imdb,noniid,20,2025,1,4,0.819,0.0,0.4835164835164835,0.0,0.5806400179862976,-0.0,0.915177777777778,0.0,0.7632019999999999,0.0,0.0
imdb,noniid,20,2025,1,5,0.819,0.0,0.4835164835164835,0.0,0.5806400179862976,-0.0,0.915177777777778,0.0,0.7632019999999999,0.0,0.0
imdb,noniid,20,2025,1,6,0.819,0.0,0.4835164835164835,0.0,0.5806400179862976,-0.0,0.915177777777778,0.0,0.7632019999999999,0.0,0.0
imdb,noniid,20,2025,1,7,0.819,0.0,0.4835164835164835,0.0,0.5806400179862976,-0.0,0.915177777777778,0.0,0.7632019999999999,0.0,0.0
imdb,noniid,20,2025,1,8,0.819,0.0,0.4835164835164835,0.0,0.5806400179862976,-0.0,0.915177777777778,0.0,0.7632019999999999,0.0,0.0
imdb,noniid,20,2025,1,9,0.819,0.0,0.4835164835164835,0.0,0.5806400179862976,-0.0,0.915177777777778,0.0,0.7632019999999999,0.0,0.0
imdb,noniid,20,2025,1,10,0.819,0.0,0.4835164835164835,0.0,0.5806400179862976,-0.0,0.915177777777778,0.0,0.7632019999999999,0.0,0.0
imdb,noniid,20,2025,1,11,0.819,0.0,0.4835164835164835,0.0,0.5806400179862976,-0.0,0.915177777777778,0.0,0.7632019999999999,0.0,0.0
imdb,noniid,20,2025,1,12,0.819,0.0,0.4835164835164835,0.0,0.5806400179862976,-0.0,0.915177777777778,0.0,0.7632019999999999,0.0,0.0
imdb,noniid,20,2025,1,13,0.819,0.0,0.4835164835164835,0.0,0.5806400179862976,-0.0,0.915177777777778,0.0,0.7632019999999999,0.0,0.0
imdb,noniid,20,2025,1,14,0.819,0.0,0.4835164835164835,0.0,0.5806400179862976,-0.0,0.915177777777778,0.0,0.7632019999999999,0.0,0.0
imdb,noniid,20,2025,1,15,0.819,0.0,0.4835164835164835,0.0,0.5806400179862976,-0.0,0.915177777777778,0.0,0.7632019999999999,0.0,0.0
imdb,noniid,20,2025,1,16,0.819,0.0,0.4835164835164835,0.0,0.5806400179862976,-0.0,0.915177777777778,0.0,0.7632019999999999,0.0,0.0
imdb,noniid,20,2025,1,17,0.819,0.0,0.4835164835164835,0.0,0.5806400179862976,-0.0,0.915177777777778,0.0,0.7632019999999999,0.0,0.0
imdb,noniid,20,2025,1,18,0.819,0.0,0.4835164835164835,0.0,0.5806400179862976,-0.0,0.915177777777778,0.0151033333333333,0.7632019999999999,0.0,0.0
imdb,noniid,20,2025,1,19,0.819,0.0,0.4835164835164835,0.0,0.5806400179862976,-0.0,0.915177777777778,0.0,0.7632019999999999,0.0,0.0
imdb,noniid,20,2025,2,0,0.8458,0.0,0.5589973989122724,0.0,0.3962351083755493,-0.0,0.7869777777777776,0.0,0.78626,0.0,0.0
imdb,noniid,20,2025,2,1,0.8458,0.0,0.5589973989122724,0.0,0.3962351083755493,-0.0,0.7869777777777776,0.0,0.78626,0.0,0.0
imdb,noniid,20,2025,2,2,0.8458,0.0,0.5589973989122724,0.0860823346706725,0.3962351083755493,-0.0,0.7869777777777776,0.0,0.78626,0.0270570666666666,0.0
imdb,noniid,20,2025,2,3,0.8458,0.0,0.5589973989122724,0.0,0.3962351083755493,0.072681188583374,0.7869777777777776,0.0,0.78626,0.0,0.0
imdb,noniid,20,2025,2,4,0.8458,0.0,0.5589973989122724,0.0,0.3962351083755493,-0.0,0.7869777777777776,0.0,0.78626,0.0,0.0
imdb,noniid,20,2025,2,5,0.8458,0.0,0.5589973989122724,0.0,0.3962351083755493,-0.0,0.7869777777777776,0.0,0.78626,0.0,0.0
imdb,noniid,20,2025,2,6,0.8458,0.01488,0.5589973989122724,0.0,0.3962351083755493,-0.0,0.7869777777777776,0.0,0.78626,0.0,0.01488
imdb,noniid,20,2025,2,7,0.8458,0.00776,0.5589973989122724,0.0,0.3962351083755493,-0.0,0.7869777777777776,0.0,0.78626,0.0,0.00776
imdb,noniid,20,2025,2,8,0.8458,0.0,0.5589973989122724,0.0,0.3962351083755493,-0.0,0.7869777777777776,0.0,0.78626,0.0,0.0
imdb,noniid,20,2025,2,9,0.8458,0.0165266666666666,0.5589973989122724,0.0,0.3962351083755493,-0.0,0.7869777777777776,0.0,0.78626,0.0,0.0165266666666666
imdb,noniid,20,2025,2,10,0.8458,0.0,0.5589973989122724,0.0,0.3962351083755493,-0.0,0.7869777777777776,-0.0021848148148148,0.78626,0.0,0.0
imdb,noniid,20,2025,2,11,0.8458,0.0,0.5589973989122724,0.0,0.3962351083755493,-0.0,0.7869777777777776,0.0022481481481481,0.78626,0.0,0.0
imdb,noniid,20,2025,2,12,0.8458,0.0,0.5589973989122724,0.0,0.3962351083755493,-0.0,0.7869777777777776,0.0,0.78626,0.0,0.0
imdb,noniid,20,2025,2,13,0.8458,0.0200066666666666,0.5589973989122724,0.0,0.3962351083755493,-0.0,0.7869777777777776,0.0,0.78626,0.0,0.0200066666666666
imdb,noniid,20,2025,2,14,0.8458,0.0,0.5589973989122724,0.0,0.3962351083755493,-0.0,0.7869777777777776,0.0,0.78626,0.0,0.0
imdb,noniid,20,2025,2,15,0.8458,0.0,0.5589973989122724,0.0,0.3962351083755493,-0.0,0.7869777777777776,0.0,0.78626,0.0,0.0
imdb,noniid,20,2025,2,16,0.8458,0.0,0.5589973989122724,0.0,0.3962351083755493,-0.0,0.7869777777777776,0.0,0.78626,0.0,0.0
imdb,noniid,20,2025,2,17,0.8458,0.0,0.5589973989122724,0.0,0.3962351083755493,-0.0,0.7869777777777776,0.0,0.78626,0.0,0.0
imdb,noniid,20,2025,2,18,0.8458,-0.00514,0.5589973989122724,0.0,0.3962351083755493,-0.0,0.7869777777777776,0.0,0.78626,0.0,-0.00514
imdb,noniid,20,2025,2,19,0.8458,0.0,0.5589973989122724,0.0,0.3962351083755493,-0.0,0.7869777777777776,0.0,0.78626,0.0,0.0
imdb,noniid,20,2025,3,0,0.857,0.0163333333333333,0.5521586931155192,0.0,0.3420341312885284,0.0300691455602645,0.8240666666666667,0.0,0.78129,0.0,0.0163333333333333
imdb,noniid,20,2025,3,1,0.857,0.0025866666666666,0.5521586931155192,0.0,0.3420341312885284,0.0253222962220509,0.8240666666666667,0.0,0.78129,0.0,0.0025866666666666
imdb,noniid,20,2025,3,2,0.857,-0.0285933333333333,0.5521586931155192,0.039944711271494,0.3420341312885284,-0.0,0.8240666666666667,-0.0006207407407407,0.78129,0.0,-0.0285933333333333
imdb,noniid,20,2025,3,3,0.857,0.0,0.5521586931155192,0.0,0.3420341312885284,-0.0,0.8240666666666667,0.0,0.78129,0.0,0.0
imdb,noniid,20,2025,3,4,0.857,0.0,0.5521586931155192,0.0,0.3420341312885284,-0.0,0.8240666666666667,0.0,0.78129,0.0054496,0.0
imdb,noniid,20,2025,3,5,0.857,0.0,0.5521586931155192,0.0,0.3420341312885284,-0.0,0.8240666666666667,0.0,0.78129,0.0,0.0
imdb,noniid,20,2025,3,6,0.857,-0.0238866666666666,0.5521586931155192,0.0,0.3420341312885284,-0.0,0.8240666666666667,0.0,0.78129,0.0,-0.0238866666666666
imdb,noniid,20,2025,3,7,0.857,0.0,0.5521586931155192,0.0,0.3420341312885284,0.0735680411259333,0.8240666666666667,0.0,0.78129,0.0,0.0
imdb,noniid,20,2025,3,8,0.857,0.0057133333333333,0.5521586931155192,0.0,0.3420341312885284,-0.0,0.8240666666666667,0.0,0.78129,0.0,0.0057133333333333
imdb,noniid,20,2025,3,9,0.857,0.0181733333333333,0.5521586931155192,0.0,0.3420341312885284,-0.0,0.8240666666666667,0.0,0.78129,0.0,0.0181733333333333
imdb,noniid,20,2025,3,10,0.857,0.0,0.5521586931155192,0.0,0.3420341312885284,-0.0,0.8240666666666667,0.0,0.78129,0.0,0.0
imdb,noniid,20,2025,3,11,0.857,0.0,0.5521586931155192,0.0,0.3420341312885284,-0.0,0.8240666666666667,0.0,0.78129,0.0,0.0
imdb,noniid,20,2025,3,12,0.857,0.0,0.5521586931155192,0.0,0.3420341312885284,-0.0,0.8240666666666667,0.0,0.78129,0.0,0.0
imdb,noniid,20,2025,3,13,0.857,0.0,0.5521586931155192,0.0,0.3420341312885284,0.0513499399026234,0.8240666666666667,0.0017759259259259,0.78129,0.0,0.0
imdb,noniid,20,2025,3,14,0.857,0.0,0.5521586931155192,0.0,0.3420341312885284,-0.0,0.8240666666666667,0.0,0.78129,0.0,0.0
imdb,noniid,20,2025,3,15,0.857,0.0088333333333333,0.5521586931155192,0.0,0.3420341312885284,-0.0,0.8240666666666667,0.0,0.78129,0.0,0.0088333333333333
imdb,noniid,20,2025,3,16,0.857,-0.0085933333333333,0.5521586931155192,0.0,0.3420341312885284,-0.0,0.8240666666666667,0.0,0.78129,0.0,-0.0085933333333333
imdb,noniid,20,2025,3,17,0.857,0.0,0.5521586931155192,0.0,0.3420341312885284,-0.0,0.8240666666666667,0.0,0.78129,0.0,0.0
imdb,noniid,20,2025,3,18,0.857,0.0,0.5521586931155192,0.0,0.3420341312885284,-0.0,0.8240666666666667,0.0,0.78129,0.0,0.0
imdb,noniid,20,2025,3,19,0.857,-0.0176466666666666,0.5521586931155192,0.0,0.3420341312885284,-0.0,0.8240666666666667,0.0,0.78129,0.0,-0.0176466666666666
imdb,noniid,20,2025,4,0,0.8608,0.0,0.5381040892193308,0.0,0.3277329206466675,-0.0,0.833088888888889,0.0,0.77582,0.0,0.0
imdb,noniid,20,2025,4,1,0.8608,-0.0013533333333333,0.5381040892193308,0.0,0.3277329206466675,-0.0,0.833088888888889,0.0,0.77582,0.0,-0.0013533333333333
imdb,noniid,20,2025,4,2,0.8608,0.0,0.5381040892193308,0.0,0.3277329206466675,-0.0,0.833088888888889,0.0,0.77582,0.0,0.0
imdb,noniid,20,2025,4,3,0.8608,0.0,0.5381040892193308,0.0,0.3277329206466675,0.0631105850140253,0.833088888888889,0.0,0.77582,0.0,0.0
imdb,noniid,20,2025,4,4,0.8608,0.0,0.5381040892193308,0.0196571151434306,0.3277329206466675,-0.0,0.833088888888889,0.0,0.77582,0.0,0.0
imdb,noniid,20,2025,4,5,0.8608,0.0,0.5381040892193308,0.0,0.3277329206466675,0.0472612967093785,0.833088888888889,0.0,0.77582,0.0,0.0
imdb,noniid,20,2025,4,6,0.8608,0.0,0.5381040892193308,0.0,0.3277329206466675,-0.0,0.833088888888889,0.0,0.77582,0.0,0.0
imdb,noniid,20,2025,4,7,0.8608,0.0,0.5381040892193308,0.0,0.3277329206466675,-0.0,0.833088888888889,-0.0026962962962963,0.77582,0.0,0.0
imdb,noniid,20,2025,4,8,0.8608,0.0,0.5381040892193308,0.0,0.3277329206466675,0.0772165447473526,0.833088888888889,0.0,0.77582,0.0,0.0
imdb,noniid,20,2025,4,9,0.8608,0.0,0.5381040892193308,0.0,0.3277329206466675,0.0199351737896601,0.833088888888889,0.0,0.77582,0.0,0.0
imdb,noniid,20,2025,4,10,0.8608,0.0,0.5381040892193308,0.0,0.3277329206466675,-0.0,0.833088888888889,0.0,0.77582,0.0,0.0
imdb,noniid,20,2025,4,11,0.8608,0.0,0.5381040892193308,0.0,0.3277329206466675,-0.0,0.833088888888889,0.0,0.77582,0.0006304,0.0
imdb,noniid,20,2025,4,12,0.8608,0.0,0.5381040892193308,0.0,0.3277329206466675,-0.0,0.833088888888889,0.0,0.77582,0.0,0.0
imdb,noniid,20,2025,4,13,0.8608,0.0,0.5381040892193308,0.0,0.3277329206466675,-0.0,0.833088888888889,0.0,0.77582,0.0,0.0
imdb,noniid,20,2025,4,14,0.8608,0.0,0.5381040892193308,0.0,0.3277329206466675,-0.0,0.833088888888889,0.0,0.77582,0.0,0.0
imdb,noniid,20,2025,4,15,0.8608,0.0,0.5381040892193308,0.0,0.3277329206466675,-0.0,0.833088888888889,0.0,0.77582,0.0,0.0
imdb,noniid,20,2025,4,16,0.8608,0.0,0.5381040892193308,0.0,0.3277329206466675,-0.0,0.833088888888889,0.0,0.77582,0.0,0.0
imdb,noniid,20,2025,4,17,0.8608,0.0,0.5381040892193308,0.0,0.3277329206466675,-0.0,0.833088888888889,0.0,0.77582,0.0,0.0
imdb,noniid,20,2025,4,18,0.8608,0.0100333333333333,0.5381040892193308,0.0,0.3277329206466675,-0.0,0.833088888888889,0.0,0.77582,0.0,0.0100333333333333
imdb,noniid,20,2025,4,19,0.8608,0.0,0.5381040892193308,0.0,0.3277329206466675,-0.0,0.833088888888889,0.0,0.77582,0.0,0.0
imdb,noniid,20,2025,5,0,0.8626,0.0061333333333333,0.5272432181776026,0.0,0.3213434517383575,0.0162731935580571,0.7775333333333334,0.0026603703703704,0.771766,0.0,0.0061333333333333
imdb,noniid,20,2025,5,1,0.8626,0.0120733333333333,0.5272432181776026,0.0,0.3213434517383575,0.1197601149479548,0.7775333333333334,0.0,0.771766,0.0,0.0120733333333333
imdb,noniid,20,2025,5,2,0.8626,-0.0374533333333333,0.5272432181776026,0.0,0.3213434517383575,-0.1294173280398051,0.7775333333333334,0.0500022222222222,0.771766,0.0,-0.0374533333333333
imdb,noniid,20,2025,5,3,0.8626,0.0,0.5272432181776026,0.0,0.3213434517383575,0.0232949097951253,0.7775333333333334,0.0,0.771766,0.0,0.0
imdb,noniid,20,2025,5,4,0.8626,0.0,0.5272432181776026,0.0344819055478012,0.3213434517383575,-0.1542537520329157,0.7775333333333334,0.0,0.771766,0.0,0.0
imdb,noniid,20,2025,5,5,0.8626,0.0,0.5272432181776026,0.0,0.3213434517383575,-0.0,0.7775333333333334,0.0,0.771766,0.0,0.0
imdb,noniid,20,2025,5,6,0.8626,-0.0040733333333333,0.5272432181776026,0.0,0.3213434517383575,-0.0330674906571706,0.7775333333333334,0.0,0.771766,0.0,-0.0040733333333333
imdb,noniid,20,2025,5,7,0.8626,0.0,0.5272432181776026,0.0,0.3213434517383575,0.01069122950236,0.7775333333333334,0.0,0.771766,0.0,0.0
imdb,noniid,20,2025,5,8,0.8626,0.0108266666666666,0.5272432181776026,0.0,0.3213434517383575,0.0605136315027872,0.7775333333333334,0.0,0.771766,0.0,0.0108266666666666
imdb,noniid,20,2025,5,9,0.8626,0.0096266666666666,0.5272432181776026,0.0,0.3213434517383575,0.0554938385883967,0.7775333333333334,0.0,0.771766,0.0,0.0096266666666666
imdb,noniid,20,2025,5,10,0.8626,0.0,0.5272432181776026,0.0,0.3213434517383575,0.0335584501425425,0.7775333333333334,0.0,0.771766,0.0,0.0
imdb,noniid,20,2025,5,11,0.8626,-0.0068933333333333,0.5272432181776026,0.0,0.3213434517383575,-0.0902172724405924,0.7775333333333334,0.0,0.771766,0.0081381333333333,-0.0068933333333333
imdb,noniid,20,2025,5,12,0.8626,0.0179399999999999,0.5272432181776026,0.0,0.3213434517383575,-0.0,0.7775333333333334,0.0,0.771766,0.0,0.0179399999999999
imdb,noniid,20,2025,5,13,0.8626,0.0,0.5272432181776026,0.0,0.3213434517383575,0.0284766922394434,0.7775333333333334,0.0,0.771766,0.0,0.0
imdb,noniid,20,2025,5,14,0.8626,0.0104533333333333,0.5272432181776026,0.0,0.3213434517383575,0.0243528525034586,0.7775333333333334,0.0,0.771766,0.0,0.0104533333333333
imdb,noniid,20,2025,5,15,0.8626,0.0086066666666666,0.5272432181776026,0.0,0.3213434517383575,-0.0,0.7775333333333334,0.0,0.771766,0.0,0.0086066666666666
imdb,noniid,20,2025,5,16,0.8626,-0.0209199999999999,0.5272432181776026,0.0,0.3213434517383575,-0.0107508768637975,0.7775333333333334,0.0228174074074073,0.771766,0.0,-0.0209199999999999
imdb,noniid,20,2025,5,17,0.8626,-0.0095933333333333,0.5272432181776026,0.0,0.3213434517383575,-0.0188330719868342,0.7775333333333334,0.0172255555555555,0.771766,0.0,-0.0095933333333333
imdb,noniid,20,2025,5,18,0.8626,0.0021733333333333,0.5272432181776026,0.0,0.3213434517383575,0.025210702419281,0.7775333333333334,0.0,0.771766,0.0,0.0021733333333333
imdb,noniid,20,2025,5,19,0.8626,0.0,0.5272432181776026,0.0,0.3213434517383575,-0.0469704429308573,0.7775333333333334,0.0,0.771766,0.0,0.0
imdb,noniid,20,2025,6,0,0.865,0.0101533333333333,0.5149132947976879,0.0,0.3172985315322876,0.0544403751691182,0.7500111111111112,0.0109437037037037,0.768814,0.0,0.0101533333333333
imdb,noniid,20,2025,6,1,0.865,0.0061599999999999,0.5149132947976879,0.0,0.3172985315322876,-0.0,0.7500111111111112,0.0,0.768814,0.0,0.0061599999999999
imdb,noniid,20,2025,6,2,0.865,0.0,0.5149132947976879,0.0,0.3172985315322876,-0.1332173486550649,0.7500111111111112,0.0,0.768814,0.0,0.0
imdb,noniid,20,2025,6,3,0.865,0.0177999999999999,0.5149132947976879,0.0,0.3172985315322876,0.0561064084370931,0.7500111111111112,0.0,0.768814,0.0,0.0177999999999999
imdb,noniid,20,2025,6,4,0.865,-0.0483466666666666,0.5149132947976879,0.0569430773929452,0.3172985315322876,-0.0,0.7500111111111112,0.0558092592592592,0.768814,0.0,-0.0483466666666666
imdb,noniid,20,2025,6,5,0.865,0.0,0.5149132947976879,0.0,0.3172985315322876,0.0562224765618642,0.7500111111111112,0.0,0.768814,0.0,0.0
imdb,noniid,20,2025,6,6,0.865,-0.0170333333333333,0.5149132947976879,0.0,0.3172985315322876,-0.0354722261428833,0.7500111111111112,0.0,0.768814,0.0,-0.0170333333333333
imdb,noniid,20,2025,6,7,0.865,-0.0006066666666666,0.5149132947976879,0.0,0.3172985315322876,-0.002344458301862,0.7500111111111112,0.0,0.768814,0.0,-0.0006066666666666
imdb,noniid,20,2025,6,8,0.865,0.0,0.5149132947976879,0.0,0.3172985315322876,0.0190112253030141,0.7500111111111112,0.0,0.768814,0.0,0.0
imdb,noniid,20,2025,6,9,0.865,0.0,0.5149132947976879,0.0,0.3172985315322876,0.0353139191865921,0.7500111111111112,0.0,0.768814,0.0,0.0
imdb,noniid,20,2025,6,10,0.865,0.0,0.5149132947976879,0.0,0.3172985315322876,0.0679738481839497,0.7500111111111112,0.0,0.768814,0.0,0.0
imdb,noniid,20,2025,6,11,0.865,-0.00292,0.5149132947976879,0.0,0.3172985315322876,-0.0,0.7500111111111112,0.0,0.768814,0.0047423999999999,-0.00292
imdb,noniid,20,2025,6,12,0.865,0.0097399999999999,0.5149132947976879,0.0,0.3172985315322876,0.0365745902061462,0.7500111111111112,0.0,0.768814,0.0,0.0097399999999999
imdb,noniid,20,2025,6,13,0.865,0.0124333333333333,0.5149132947976879,0.0,0.3172985315322876,0.0647925376892089,0.7500111111111112,0.0,0.768814,0.0,0.0124333333333333
imdb,noniid,20,2025,6,14,0.865,0.0,0.5149132947976879,0.0,0.3172985315322876,0.0364985783894856,0.7500111111111112,0.0,0.768814,0.0,0.0
imdb,noniid,20,2025,6,15,0.865,0.0,0.5149132947976879,0.0,0.3172985315322876,-0.0,0.7500111111111112,0.0,0.768814,0.0,0.0
imdb,noniid,20,2025,6,16,0.865,0.0,0.5149132947976879,0.0,0.3172985315322876,-0.0060247143109639,0.7500111111111112,0.0,0.768814,0.0,0.0
imdb,noniid,20,2025,6,17,0.865,0.0049733333333333,0.5149132947976879,0.0,0.3172985315322876,-0.0,0.7500111111111112,0.0,0.768814,0.0,0.0049733333333333
imdb,noniid,20,2025,6,18,0.865,0.0,0.5149132947976879,0.0,0.3172985315322876,0.0007357796033223,0.7500111111111112,0.0,0.768814,0.0,0.0
imdb,noniid,20,2025,6,19,0.865,0.0,0.5149132947976879,0.0,0.3172985315322876,-0.0632421125968297,0.7500111111111112,0.0,0.768814,0.0,0.0
imdb,noniid,20,2025,7,0,0.867,0.0,0.5047289504036909,0.0,0.3149954974651336,0.0150236556927363,0.7692444444444444,0.0,0.76563,0.0,0.0
imdb,noniid,20,2025,7,1,0.867,0.0,0.5047289504036909,0.0,0.3149954974651336,0.0055686583121617,0.7692444444444444,0.0,0.76563,0.0,0.0
imdb,noniid,20,2025,7,2,0.867,-0.0119333333333333,0.5047289504036909,0.0,0.3149954974651336,-0.0,0.7692444444444444,0.0,0.76563,0.0,-0.0119333333333333
imdb,noniid,20,2025,7,3,0.867,0.0,0.5047289504036909,0.0,0.3149954974651336,0.0120233307282129,0.7692444444444444,0.0,0.76563,0.0,0.0
imdb,noniid,20,2025,7,4,0.867,0.0,0.5047289504036909,0.0028075017664919,0.3149954974651336,-0.0,0.7692444444444444,0.0,0.76563,0.0,0.0
imdb,noniid,20,2025,7,5,0.867,0.0049466666666666,0.5047289504036909,0.0,0.3149954974651336,-0.0,0.7692444444444444,0.0,0.76563,0.0,0.0049466666666666
imdb,noniid,20,2025,7,6,0.867,-0.0137533333333333,0.5047289504036909,0.0,0.3149954974651336,-0.0,0.7692444444444444,0.0,0.76563,0.0,-0.0137533333333333
imdb,noniid,20,2025,7,7,0.867,0.00886,0.5047289504036909,0.0,0.3149954974651336,0.0269950946172078,0.7692444444444444,0.0,0.76563,0.0,0.00886
imdb,noniid,20,2025,7,8,0.867,0.0059533333333333,0.5047289504036909,0.0,0.3149954974651336,0.0509382198254267,0.7692444444444444,0.0,0.76563,0.0,0.0059533333333333
imdb,noniid,20,2025,7,9,0.867,0.0045666666666666,0.5047289504036909,0.0,0.3149954974651336,0.0107301255067189,0.7692444444444444,0.0,0.76563,0.0,0.0045666666666666
imdb,noniid,20,2025,7,10,0.867,0.0,0.5047289504036909,0.0,0.3149954974651336,-0.0,0.7692444444444444,0.0,0.76563,0.0,0.0
imdb,noniid,20,2025,7,11,0.867,0.0,0.5047289504036909,0.0,0.3149954974651336,-0.0,0.7692444444444444,0.0272633333333333,0.76563,0.0192622666666666,0.0
imdb,noniid,20,2025,7,12,0.867,0.0,0.5047289504036909,0.0,0.3149954974651336,-0.0,0.7692444444444444,0.0,0.76563,0.0,0.0
imdb,noniid,20,2025,7,13,0.867,0.0,0.5047289504036909,0.0,0.3149954974651336,0.0471707195043563,0.7692444444444444,0.0,0.76563,0.0,0.0
imdb,noniid,20,2025,7,14,0.867,-0.0017333333333333,0.5047289504036909,0.0,0.3149954974651336,-0.0,0.7692444444444444,0.0,0.76563,0.0,-0.0017333333333333
imdb,noniid,20,2025,7,15,0.867,0.0,0.5047289504036909,0.0,0.3149954974651336,-0.0,0.7692444444444444,0.0,0.76563,0.0,0.0
imdb,noniid,20,2025,7,16,0.867,0.0,0.5047289504036909,0.0,0.3149954974651336,-0.0,0.7692444444444444,0.0,0.76563,0.0,0.0
imdb,noniid,20,2025,7,17,0.867,0.0,0.5047289504036909,0.0,0.3149954974651336,-0.0,0.7692444444444444,0.0,0.76563,0.0,0.0
imdb,noniid,20,2025,7,18,0.867,0.0,0.5047289504036909,0.0,0.3149954974651336,-0.0,0.7692444444444444,0.0,0.76563,0.0,0.0
imdb,noniid,20,2025,7,19,0.867,0.0,0.5047289504036909,0.0,0.3149954974651336,-0.0,0.7692444444444444,0.0,0.76563,0.0,0.0
imdb,noniid,20,2025,8,0,0.868,0.01254,0.4965437788018433,0.0,0.3128621876239776,0.0330558240413665,0.9086888888888888,0.0,0.76387,0.0,0.01254
imdb,noniid,20,2025,8,1,0.868,0.0,0.4965437788018433,0.0,0.3128621876239776,-0.0,0.9086888888888888,0.0,0.76387,0.0,0.0
imdb,noniid,20,2025,8,2,0.868,0.0,0.4965437788018433,0.0,0.3128621876239776,-0.1075288931528727,0.9086888888888888,-0.0090366666666666,0.76387,0.0,0.0
imdb,noniid,20,2025,8,3,0.868,0.0,0.4965437788018433,0.0,0.3128621876239776,0.0205028305451075,0.9086888888888888,0.0,0.76387,0.0,0.0
imdb,noniid,20,2025,8,4,0.868,0.0,0.4965437788018433,0.0296501709494182,0.3128621876239776,-0.0,0.9086888888888888,0.0,0.76387,0.0,0.0
imdb,noniid,20,2025,8,5,0.868,0.0085199999999999,0.4965437788018433,0.0,0.3128621876239776,0.0266514837741851,0.9086888888888888,0.0,0.76387,0.0,0.0085199999999999
imdb,noniid,20,2025,8,6,0.868,0.0,0.4965437788018433,0.0,0.3128621876239776,-0.0,0.9086888888888888,0.0,0.76387,0.0,0.0
imdb,noniid,20,2025,8,7,0.868,0.0,0.4965437788018433,0.0,0.3128621876239776,0.0739312122265497,0.9086888888888888,0.0,0.76387,0.0,0.0
imdb,noniid,20,2025,8,8,0.868,0.0,0.4965437788018433,0.0,0.3128621876239776,0.0172971924146016,0.9086888888888888,0.0,0.76387,0.0,0.0
imdb,noniid,20,2025,8,9,0.868,0.0193,0.4965437788018433,0.0,0.3128621876239776,0.0670136044422785,0.9086888888888888,0.0,0.76387,0.0,0.0193
imdb,noniid,20,2025,8,10,0.868,0.0,0.4965437788018433,0.0,0.3128621876239776,0.0344890743494033,0.9086888888888888,0.0,0.76387,0.0,0.0
imdb,noniid,20,2025,8,11,0.868,0.0,0.4965437788018433,0.0,0.3128621876239776,-0.160163946946462,0.9086888888888888,0.0,0.76387,0.0133303333333333,0.0
imdb,noniid,20,2025,8,12,0.868,0.0,0.4965437788018433,0.0,0.3128621876239776,-0.0,0.9086888888888888,0.0,0.76387,0.0,0.0
imdb,noniid,20,2025,8,13,0.868,0.0,0.4965437788018433,0.0,0.3128621876239776,0.0354445109764734,0.9086888888888888,0.0,0.76387,0.0,0.0
imdb,noniid,20,2025,8,14,0.868,0.0,0.4965437788018433,0.0,0.3128621876239776,-0.0,0.9086888888888888,0.0,0.76387,0.0,0.0
imdb,noniid,20,2025,8,15,0.868,0.0102466666666666,0.4965437788018433,0.0,0.3128621876239776,-0.0,0.9086888888888888,0.0,0.76387,0.0,0.0102466666666666
imdb,noniid,20,2025,8,16,0.868,0.0,0.4965437788018433,0.0,0.3128621876239776,-0.0,0.9086888888888888,0.0,0.76387,0.0,0.0
imdb,noniid,20,2025,8,17,0.868,0.0,0.4965437788018433,0.0,0.3128621876239776,0.0472655445337295,0.9086888888888888,0.0,0.76387,0.0,0.0
imdb,noniid,20,2025,8,18,0.868,0.0,0.4965437788018433,0.0,0.3128621876239776,-0.0,0.9086888888888888,0.0,0.76387,0.0,0.0
imdb,noniid,20,2025,8,19,0.868,0.0,0.4965437788018433,0.0,0.3128621876239776,-0.0,0.9086888888888888,0.0,0.76387,0.0,0.0
imdb,noniid,20,2025,9,0,0.869,0.0111799999999999,0.488837744533947,0.0,0.3110611140727997,-0.0,0.817711111111111,0.0,0.760922,0.0,0.0111799999999999
imdb,noniid,20,2025,9,1,0.869,0.0,0.488837744533947,0.0,0.3110611140727997,-0.0,0.817711111111111,0.0,0.760922,0.0,0.0
imdb,noniid,20,2025,9,2,0.869,0.0,0.488837744533947,0.0,0.3110611140727997,-0.1275311221679051,0.817711111111111,0.0,0.760922,0.0,0.0
imdb,noniid,20,2025,9,3,0.869,0.0062866666666666,0.488837744533947,0.0,0.3110611140727997,0.0345582783222198,0.817711111111111,0.0,0.760922,0.0,0.0062866666666666
imdb,noniid,20,2025,9,4,0.869,-0.0147933333333333,0.488837744533947,0.0,0.3110611140727997,-0.0,0.817711111111111,0.0,0.760922,0.0,-0.0147933333333333
imdb,noniid,20,2025,9,5,0.869,0.0096199999999999,0.488837744533947,0.0,0.3110611140727997,-0.0,0.817711111111111,0.0,0.760922,0.0,0.0096199999999999
imdb,noniid,20,2025,9,6,0.869,0.0,0.488837744533947,0.0,0.3110611140727997,-0.0,0.817711111111111,0.0,0.760922,0.0,0.0
imdb,noniid,20,2025,9,7,0.869,0.0032866666666666,0.488837744533947,0.0,0.3110611140727997,0.0067569186290105,0.817711111111111,0.0,0.760922,0.0,0.0032866666666666
imdb,noniid,20,2025,9,8,0.869,0.0064066666666666,0.488837744533947,0.0,0.3110611140727997,0.0147904207309087,0.817711111111111,0.0,0.760922,0.0,0.0064066666666666
imdb,noniid,20,2025,9,9,0.869,0.0115533333333333,0.488837744533947,0.0,0.3110611140727997,0.0599496314922968,0.817711111111111,0.0,0.760922,0.0,0.0115533333333333
imdb,noniid,20,2025,9,10,0.869,0.0045466666666666,0.488837744533947,0.0,0.3110611140727997,0.0463289648294448,0.817711111111111,0.0,0.760922,0.0,0.0045466666666666
imdb,noniid,20,2025,9,11,0.869,-0.0314,0.488837744533947,0.0407147683830471,0.3110611140727997,-0.1331296473741531,0.817711111111111,0.0,0.760922,0.0123954666666666,-0.0314
imdb,noniid,20,2025,9,12,0.869,0.0,0.488837744533947,0.0,0.3110611140727997,0.092460498213768,0.817711111111111,0.0,0.760922,0.0,0.0
imdb,noniid,20,2025,9,13,0.869,0.00686,0.488837744533947,0.0,0.3110611140727997,0.0190590292215347,0.817711111111111,0.0,0.760922,0.0,0.00686
imdb,noniid,20,2025,9,14,0.869,0.0,0.488837744533947,0.0,0.3110611140727997,-0.0,0.817711111111111,0.0,0.760922,0.0,0.0
imdb,noniid,20,2025,9,15,0.869,0.0,0.488837744533947,0.0,0.3110611140727997,-0.0,0.817711111111111,0.0,0.760922,0.0,0.0
imdb,noniid,20,2025,9,16,0.869,-0.0005266666666666,0.488837744533947,0.0,0.3110611140727997,-0.0,0.817711111111111,0.0,0.760922,0.0,-0.0005266666666666
imdb,noniid,20,2025,9,17,0.869,0.0180066666666666,0.488837744533947,0.0,0.3110611140727997,-0.0,0.817711111111111,0.0,0.760922,0.0,0.0180066666666666
imdb,noniid,20,2025,9,18,0.869,0.0078999999999999,0.488837744533947,0.0,0.3110611140727997,0.0757724434137344,0.817711111111111,0.0,0.760922,0.0,0.0078999999999999
imdb,noniid,20,2025,9,19,0.869,-0.01026,0.488837744533947,0.0,0.3110611140727997,-0.0,0.817711111111111,0.0027481481481481,0.760922,0.0,-0.01026
imdb,noniid,20,2025,10,0,0.8692,0.00948,0.4822825586746433,0.0,0.3094127476215362,0.0168035844961802,0.7680666666666667,0.0,0.7609239999999999,0.0,0.00948
imdb,noniid,20,2025,10,1,0.8692,0.01172,0.4822825586746433,0.0,0.3094127476215362,-0.0,0.7680666666666667,0.0,0.7609239999999999,0.0,0.01172
imdb,noniid,20,2025,10,2,0.8692,-0.0234533333333333,0.4822825586746433,0.0,0.3094127476215362,-0.1246544460455576,0.7680666666666667,0.0,0.7609239999999999,0.0,-0.0234533333333333
imdb,noniid,20,2025,10,3,0.8692,0.01106,0.4822825586746433,0.0,0.3094127476215362,0.0280751526355743,0.7680666666666667,0.0,0.7609239999999999,0.0,0.01106
imdb,noniid,20,2025,10,4,0.8692,-0.0110933333333333,0.4822825586746433,0.0,0.3094127476215362,-0.0850140829881032,0.7680666666666667,0.0,0.7609239999999999,0.0065829333333333,-0.0110933333333333
imdb,noniid,20,2025,10,5,0.8692,0.0,0.4822825586746433,0.0,0.3094127476215362,0.0337919980287551,0.7680666666666667,0.0,0.7609239999999999,0.0,0.0
imdb,noniid,20,2025,10,6,0.8692,-0.0063266666666666,0.4822825586746433,0.0,0.3094127476215362,-0.0028950929641723,0.7680666666666667,0.0,0.7609239999999999,0.0,-0.0063266666666666
imdb,noniid,20,2025,10,7,0.8692,0.02146,0.4822825586746433,0.0,0.3094127476215362,0.1113790909449259,0.7680666666666667,0.0,0.7609239999999999,0.0,0.02146
imdb,noniid,20,2025,10,8,0.8692,0.0034933333333333,0.4822825586746433,0.0,0.3094127476215362,0.0183903247117996,0.7680666666666667,0.0,0.7609239999999999,0.0,0.0034933333333333
imdb,noniid,20,2025,10,9,0.8692,0.0136,0.4822825586746433,0.0,0.3094127476215362,0.0735948264598846,0.7680666666666667,0.0,0.7609239999999999,0.0,0.0136
imdb,noniid,20,2025,10,10,0.8692,0.0,0.4822825586746433,0.0,0.3094127476215362,0.0267798205216725,0.7680666666666667,0.0090848148148148,0.7609239999999999,0.0,0.0
imdb,noniid,20,2025,10,11,0.8692,-0.0254666666666666,0.4822825586746433,0.0394930586989085,0.3094127476215362,-0.1164880742629369,0.7680666666666667,0.0,0.7609239999999999,0.0,-0.0254666666666666
imdb,noniid,20,2025,10,12,0.8692,0.0070599999999999,0.4822825586746433,0.0,0.3094127476215362,0.0257034361362457,0.7680666666666667,0.0,0.7609239999999999,0.0,0.0070599999999999
imdb,noniid,20,2025,10,13,0.8692,0.00502,0.4822825586746433,0.0,0.3094127476215362,0.0137366195519765,0.7680666666666667,0.0,0.7609239999999999,0.0,0.00502
imdb,noniid,20,2025,10,14,0.8692,-0.0020999999999999,0.4822825586746433,0.0,0.3094127476215362,0.0003984401623407,0.7680666666666667,0.0,0.7609239999999999,0.0,-0.0020999999999999
imdb,noniid,20,2025,10,15,0.8692,0.0056333333333333,0.4822825586746433,0.0,0.3094127476215362,0.016742197672526,0.7680666666666667,0.0,0.7609239999999999,0.0,0.0056333333333333
imdb,noniid,20,2025,10,16,0.8692,-0.0118266666666666,0.4822825586746433,0.0,0.3094127476215362,-0.0473502278327941,0.7680666666666667,0.0,0.7609239999999999,0.0,-0.0118266666666666
imdb,noniid,20,2025,10,17,0.8692,0.0015999999999999,0.4822825586746433,0.0,0.3094127476215362,0.0128338515758514,0.7680666666666667,0.0,0.7609239999999999,0.0,0.0015999999999999
imdb,noniid,20,2025,10,18,0.8692,0.0047266666666666,0.4822825586746433,0.0,0.3094127476215362,0.0110633522272109,0.7680666666666667,0.0,0.7609239999999999,0.0,0.0047266666666666
imdb,noniid,20,2025,10,19,0.8692,-0.0226133333333333,0.4822825586746433,0.0,0.3094127476215362,-0.1130699594815572,0.7680666666666667,0.0,0.7609239999999999,0.0,-0.0226133333333333
imdb,noniid,20,9928,1,0,0.7182,0.0,0.6006683375104428,0.0,0.5732429027557373,-0.0,0.8437111111111111,0.0,0.8068839999999999,0.0,0.0
imdb,noniid,20,9928,1,1,0.7182,0.0,0.6006683375104428,-0.0779348789593772,0.5732429027557373,-0.0,0.8437111111111111,0.0,0.8068839999999999,-0.0412193333333333,0.0
imdb,noniid,20,9928,1,2,0.7182,0.0,0.6006683375104428,0.0,0.5732429027557373,-0.0,0.8437111111111111,0.0,0.8068839999999999,0.0,0.0
imdb,noniid,20,9928,1,3,0.7182,0.0,0.6006683375104428,0.0,0.5732429027557373,0.0592518806457519,0.8437111111111111,0.0,0.8068839999999999,0.0,0.0
imdb,noniid,20,9928,1,4,0.7182,0.0,0.6006683375104428,0.0,0.5732429027557373,-0.0,0.8437111111111111,0.0,0.8068839999999999,0.0,0.0
imdb,noniid,20,9928,1,5,0.7182,0.0,0.6006683375104428,0.0,0.5732429027557373,-0.0,0.8437111111111111,0.0,0.8068839999999999,0.0,0.0
imdb,noniid,20,9928,1,6,0.7182,0.0,0.6006683375104428,0.0,0.5732429027557373,-0.0,0.8437111111111111,0.0,0.8068839999999999,0.0,0.0
imdb,noniid,20,9928,1,7,0.7182,0.0,0.6006683375104428,0.0,0.5732429027557373,-0.0,0.8437111111111111,0.0,0.8068839999999999,0.0,0.0
imdb,noniid,20,9928,1,8,0.7182,0.0,0.6006683375104428,0.0,0.5732429027557373,-0.0,0.8437111111111111,0.0,0.8068839999999999,0.0,0.0
imdb,noniid,20,9928,1,9,0.7182,0.0,0.6006683375104428,0.0,0.5732429027557373,-0.0,0.8437111111111111,0.0,0.8068839999999999,0.0,0.0
imdb,noniid,20,9928,1,10,0.7182,0.0435066666666666,0.6006683375104428,0.0,0.5732429027557373,-0.0,0.8437111111111111,0.0,0.8068839999999999,0.0,0.0435066666666666
imdb,noniid,20,9928,1,11,0.7182,0.0,0.6006683375104428,0.0,0.5732429027557373,-0.0,0.8437111111111111,0.0026081481481481,0.8068839999999999,0.0,0.0
imdb,noniid,20,9928,1,12,0.7182,0.0,0.6006683375104428,0.0,0.5732429027557373,-0.0,0.8437111111111111,0.0,0.8068839999999999,0.0,0.0
imdb,noniid,20,9928,1,13,0.7182,0.0217133333333333,0.6006683375104428,0.0,0.5732429027557373,-0.0,0.8437111111111111,0.0,0.8068839999999999,0.0,0.0217133333333333
imdb,noniid,20,9928,1,14,0.7182,0.0,0.6006683375104428,0.0,0.5732429027557373,-0.0,0.8437111111111111,0.0,0.8068839999999999,0.0,0.0
imdb,noniid,20,9928,1,15,0.7182,0.0,0.6006683375104428,0.0,0.5732429027557373,-0.0,0.8437111111111111,0.0,0.8068839999999999,0.0,0.0
imdb,noniid,20,9928,1,16,0.7182,0.0,0.6006683375104428,0.0,0.5732429027557373,-0.0,0.8437111111111111,0.0,0.8068839999999999,0.0,0.0
imdb,noniid,20,9928,1,17,0.7182,0.0,0.6006683375104428,0.0,0.5732429027557373,-0.0,0.8437111111111111,0.0,0.8068839999999999,0.0,0.0
imdb,noniid,20,9928,1,18,0.7182,0.0,0.6006683375104428,0.0,0.5732429027557373,-0.0,0.8437111111111111,0.0,0.8068839999999999,0.0,0.0
imdb,noniid,20,9928,1,19,0.7182,0.0,0.6006683375104428,0.0,0.5732429027557373,-0.0,0.8437111111111111,0.0,0.8068839999999999,0.0,0.0
imdb,noniid,20,9928,2,0,0.8464,0.0,0.554820415879017,0.0,0.3778086602687835,-0.0,0.8107777777777778,0.0,0.783844,0.0,0.0
imdb,noniid,20,9928,2,1,0.8464,0.0,0.554820415879017,0.0,0.3778086602687835,-0.0,0.8107777777777778,0.0,0.783844,0.0,0.0
imdb,noniid,20,9928,2,2,0.8464,0.0,0.554820415879017,0.0649719575052209,0.3778086602687835,-0.0,0.8107777777777778,0.0,0.783844,0.0361719333333333,0.0
imdb,noniid,20,9928,2,3,0.8464,0.0179333333333333,0.554820415879017,0.0,0.3778086602687835,0.0595262130101521,0.8107777777777778,0.0,0.783844,0.0,0.0179333333333333
imdb,noniid,20,9928,2,4,0.8464,0.0,0.554820415879017,0.0,0.3778086602687835,-0.0,0.8107777777777778,0.0,0.783844,0.0,0.0
imdb,noniid,20,9928,2,5,0.8464,0.0,0.554820415879017,0.0,0.3778086602687835,-0.0,0.8107777777777778,0.0,0.783844,0.0,0.0
imdb,noniid,20,9928,2,6,0.8464,0.0,0.554820415879017,0.0,0.3778086602687835,-0.0,0.8107777777777778,0.0,0.783844,0.0,0.0
imdb,noniid,20,9928,2,7,0.8464,0.0,0.554820415879017,0.0,0.3778086602687835,-0.0,0.8107777777777778,0.0,0.783844,0.0,0.0
imdb,noniid,20,9928,2,8,0.8464,0.0,0.554820415879017,0.0,0.3778086602687835,-0.0,0.8107777777777778,0.0,0.783844,0.0,0.0
imdb,noniid,20,9928,2,9,0.8464,0.0202266666666666,0.554820415879017,0.0,0.3778086602687835,-0.0,0.8107777777777778,0.0,0.783844,0.0,0.0202266666666666
imdb,noniid,20,9928,2,10,0.8464,0.0,0.554820415879017,0.0,0.3778086602687835,-0.0,0.8107777777777778,0.0,0.783844,0.0,0.0
imdb,noniid,20,9928,2,11,0.8464,0.0,0.554820415879017,0.0,0.3778086602687835,-0.0,0.8107777777777778,0.0,0.783844,0.0,0.0
imdb,noniid,20,9928,2,12,0.8464,0.0,0.554820415879017,0.0,0.3778086602687835,-0.0,0.8107777777777778,0.0,0.783844,0.0,0.0
imdb,noniid,20,9928,2,13,0.8464,0.0239133333333333,0.554820415879017,0.0,0.3778086602687835,0.0654686510562896,0.8107777777777778,0.0,0.783844,0.0,0.0239133333333333
imdb,noniid,20,9928,2,14,0.8464,0.0,0.554820415879017,0.0,0.3778086602687835,-0.0,0.8107777777777778,0.0,0.783844,0.0,0.0
imdb,noniid,20,9928,2,15,0.8464,0.0,0.554820415879017,0.0,0.3778086602687835,-0.0,0.8107777777777778,0.0,0.783844,0.0,0.0
imdb,noniid,20,9928,2,16,0.8464,0.0,0.554820415879017,0.0,0.3778086602687835,-0.0,0.8107777777777778,0.0,0.783844,0.0,0.0
imdb,noniid,20,9928,2,17,0.8464,0.0,0.554820415879017,0.0,0.3778086602687835,-0.0,0.8107777777777778,0.0,0.783844,0.0,0.0
imdb,noniid,20,9928,2,18,0.8464,0.0,0.554820415879017,0.0,0.3778086602687835,-0.0,0.8107777777777778,0.0,0.783844,0.0,0.0
imdb,noniid,20,9928,2,19,0.8464,0.0,0.554820415879017,0.0,0.3778086602687835,-0.0,0.8107777777777778,0.0146162962962962,0.783844,0.0,0.0
imdb,noniid,20,9928,3,0,0.8602,0.0086266666666666,0.5389444315275518,0.0,0.3324878811836242,0.0533711244662602,0.8609999999999998,0.0,0.778722,0.0,0.0086266666666666
imdb,noniid,20,9928,3,1,0.8602,0.0097066666666666,0.5389444315275518,0.0,0.3324878811836242,-0.0,0.8609999999999998,0.0,0.778722,0.0,0.0097066666666666
imdb,noniid,20,9928,3,2,0.8602,-0.0776533333333333,0.5389444315275518,0.0987822296355841,0.3324878811836242,-0.0,0.8609999999999998,0.0,0.778722,0.0365988,-0.0776533333333333
imdb,noniid,20,9928,3,3,0.8602,0.0,0.5389444315275518,0.0,0.3324878811836242,-0.0,0.8609999999999998,0.0,0.778722,0.0,0.0
imdb,noniid,20,9928,3,4,0.8602,-0.0524466666666666,0.5389444315275518,0.0,0.3324878811836242,-0.0,0.8609999999999998,0.0,0.778722,0.0,-0.0524466666666666
imdb,noniid,20,9928,3,5,0.8602,0.00956,0.5389444315275518,0.0,0.3324878811836242,-0.0,0.8609999999999998,0.0,0.778722,0.0,0.00956
imdb,noniid,20,9928,3,6,0.8602,-0.01762,0.5389444315275518,0.0,0.3324878811836242,-0.0,0.8609999999999998,0.0,0.778722,0.0,-0.01762
imdb,noniid,20,9928,3,7,0.8602,0.0201133333333333,0.5389444315275518,0.0,0.3324878811836242,-0.0,0.8609999999999998,0.0,0.778722,0.0,0.0201133333333333
imdb,noniid,20,9928,3,8,0.8602,0.01282,0.5389444315275518,0.0,0.3324878811836242,-0.0,0.8609999999999998,0.0,0.778722,0.0,0.01282
imdb,noniid,20,9928,3,9,0.8602,0.0142,0.5389444315275518,0.0,0.3324878811836242,-0.0,0.8609999999999998,0.0,0.778722,0.0,0.0142
imdb,noniid,20,9928,3,10,0.8602,0.02338,0.5389444315275518,0.0,0.3324878811836242,0.1325254410505295,0.8609999999999998,0.0,0.778722,0.0,0.02338
imdb,noniid,20,9928,3,11,0.8602,0.0214666666666666,0.5389444315275518,0.0,0.3324878811836242,-0.0,0.8609999999999998,0.0,0.778722,0.0,0.0214666666666666
imdb,noniid,20,9928,3,12,0.8602,0.0,0.5389444315275518,0.0,0.3324878811836242,-0.0,0.8609999999999998,0.0,0.778722,0.0,0.0
imdb,noniid,20,9928,3,13,0.8602,0.0180999999999999,0.5389444315275518,0.0,0.3324878811836242,-0.0,0.8609999999999998,0.0,0.778722,0.0,0.0180999999999999
imdb,noniid,20,9928,3,14,0.8602,0.0071533333333333,0.5389444315275518,0.0,0.3324878811836242,-0.0,0.8609999999999998,0.0,0.778722,0.0,0.0071533333333333
imdb,noniid,20,9928,3,15,0.8602,0.0063999999999999,0.5389444315275518,0.0,0.3324878811836242,-0.0,0.8609999999999998,0.0,0.778722,0.0,0.0063999999999999
imdb,noniid,20,9928,3,16,0.8602,-0.0340133333333333,0.5389444315275518,0.0,0.3324878811836242,-0.0,0.8609999999999998,0.0,0.778722,0.0,-0.0340133333333333
imdb,noniid,20,9928,3,17,0.8602,0.0,0.5389444315275518,0.0,0.3324878811836242,-0.0,0.8609999999999998,-0.0004633333333333,0.778722,0.0,0.0
imdb,noniid,20,9928,3,18,0.8602,0.0004666666666666,0.5389444315275518,0.0,0.3324878811836242,-0.0,0.8609999999999998,0.0,0.778722,0.0,0.0004666666666666
imdb,noniid,20,9928,3,19,0.8602,0.00366,0.5389444315275518,0.0,0.3324878811836242,-0.0,0.8609999999999998,0.0,0.778722,0.0,0.00366
imdb,noniid,20,9928,4,0,0.8644,0.0,0.528227672373901,0.0,0.319574773311615,0.0010907262563705,0.8079333333333334,0.0,0.774558,0.0,0.0
imdb,noniid,20,9928,4,1,0.8644,0.0,0.528227672373901,0.0,0.319574773311615,-0.0,0.8079333333333334,0.0,0.774558,0.0,0.0
imdb,noniid,20,9928,4,2,0.8644,-0.03336,0.528227672373901,0.0336380503653848,0.319574773311615,-0.1340298136075337,0.8079333333333334,0.0,0.774558,0.0137725999999999,-0.03336
imdb,noniid,20,9928,4,3,0.8644,0.0,0.528227672373901,0.0,0.319574773311615,0.0159155835707982,0.8079333333333334,0.0,0.774558,0.0,0.0
imdb,noniid,20,9928,4,4,0.8644,-0.0230799999999999,0.528227672373901,0.0,0.319574773311615,-0.1408706873655319,0.8079333333333334,0.0,0.774558,0.0,-0.0230799999999999
imdb,noniid,20,9928,4,5,0.8644,0.0,0.528227672373901,0.0,0.319574773311615,0.0570052127043406,0.8079333333333334,0.0,0.774558,0.0,0.0
imdb,noniid,20,9928,4,6,0.8644,-0.0025333333333333,0.528227672373901,0.0,0.319574773311615,-0.0027988245089848,0.8079333333333334,0.0,0.774558,0.0,-0.0025333333333333
imdb,noniid,20,9928,4,7,0.8644,0.0125,0.528227672373901,0.0,0.319574773311615,-0.0,0.8079333333333334,0.0,0.774558,0.0,0.0125
imdb,noniid,20,9928,4,8,0.8644,0.0088933333333333,0.528227672373901,0.0,0.319574773311615,0.0196998496850331,0.8079333333333334,0.0,0.774558,0.0,0.0088933333333333
imdb,noniid,20,9928,4,9,0.8644,0.0093733333333333,0.528227672373901,0.0,0.319574773311615,0.0423144509394963,0.8079333333333334,0.0,0.774558,0.0,0.0093733333333333
imdb,noniid,20,9928,4,10,0.8644,0.0,0.528227672373901,0.0,0.319574773311615,0.0310521552960077,0.8079333333333334,-0.0045929629629629,0.774558,0.0,0.0
imdb,noniid,20,9928,4,11,0.8644,-0.0233133333333333,0.528227672373901,0.0,0.319574773311615,-0.0925053278605143,0.8079333333333334,0.0,0.774558,0.0,-0.0233133333333333
imdb,noniid,20,9928,4,12,0.8644,0.0090266666666666,0.528227672373901,0.0,0.319574773311615,0.0340670684973398,0.8079333333333334,0.0,0.774558,0.0,0.0090266666666666
imdb,noniid,20,9928,4,13,0.8644,0.0,0.528227672373901,0.0,0.319574773311615,0.0612613429625829,0.8079333333333334,0.0,0.774558,0.0,0.0
imdb,noniid,20,9928,4,14,0.8644,0.0,0.528227672373901,0.0,0.319574773311615,-0.0,0.8079333333333334,0.0,0.774558,0.0,0.0
imdb,noniid,20,9928,4,15,0.8644,0.0,0.528227672373901,0.0,0.319574773311615,0.0599598954121271,0.8079333333333334,0.0,0.774558,0.0,0.0
imdb,noniid,20,9928,4,16,0.8644,0.0,0.528227672373901,0.0,0.319574773311615,-0.0066439668337504,0.8079333333333334,0.0,0.774558,0.0,0.0
imdb,noniid,20,9928,4,17,0.8644,0.0139666666666666,0.528227672373901,0.0,0.319574773311615,-0.0,0.8079333333333334,0.0,0.774558,0.0,0.0139666666666666
imdb,noniid,20,9928,4,18,0.8644,0.0073266666666666,0.528227672373901,0.0,0.319574773311615,0.0374927272399266,0.8079333333333334,0.0,0.774558,0.0,0.0073266666666666
imdb,noniid,20,9928,4,19,0.8644,-0.0150333333333333,0.528227672373901,0.0,0.319574773311615,-0.1154383401075998,0.8079333333333334,0.0,0.774558,0.0,-0.0150333333333333
imdb,noniid,20,9928,5,0,0.8652,0.0,0.5129449838187702,0.0,0.3138560950756073,0.0626859297355016,0.7883111111111112,0.0,0.770216,0.0,0.0
imdb,noniid,20,9928,5,1,0.8652,0.0,0.5129449838187702,0.0,0.3138560950756073,-0.0,0.7883111111111112,0.0,0.770216,0.0,0.0
imdb,noniid,20,9928,5,2,0.8652,0.0,0.5129449838187702,0.0330555545654227,0.3138560950756073,-0.0,0.7883111111111112,0.0,0.770216,0.0,0.0
imdb,noniid,20,9928,5,3,0.8652,0.0,0.5129449838187702,0.0,0.3138560950756073,0.0414380649725596,0.7883111111111112,0.0,0.770216,0.0,0.0
imdb,noniid,20,9928,5,4,0.8652,0.0,0.5129449838187702,0.0,0.3138560950756073,-0.1539223810036977,0.7883111111111112,0.0,0.770216,0.0,0.0
imdb,noniid,20,9928,5,5,0.8652,0.0,0.5129449838187702,0.0,0.3138560950756073,-0.0,0.7883111111111112,0.0,0.770216,0.0,0.0
imdb,noniid,20,9928,5,6,0.8652,0.0,0.5129449838187702,0.0,0.3138560950756073,-0.0816466917594273,0.7883111111111112,0.0,0.770216,0.0,0.0
imdb,noniid,20,9928,5,7,0.8652,0.0,0.5129449838187702,0.0,0.3138560950756073,-0.0,0.7883111111111112,0.0,0.770216,0.0,0.0
imdb,noniid,20,9928,5,8,0.8652,0.0,0.5129449838187702,0.0,0.3138560950756073,0.0130594323078791,0.7883111111111112,0.0,0.770216,0.0,0.0
imdb,noniid,20,9928,5,9,0.8652,0.0,0.5129449838187702,0.0,0.3138560950756073,-0.0,0.7883111111111112,0.0,0.770216,0.0,0.0
imdb,noniid,20,9928,5,10,0.8652,0.0,0.5129449838187702,0.0,0.3138560950756073,0.0316661675771077,0.7883111111111112,0.0,0.770216,0.0,0.0
imdb,noniid,20,9928,5,11,0.8652,0.0,0.5129449838187702,0.0,0.3138560950756073,-0.102136872212092,0.7883111111111112,0.0669022222222222,0.770216,0.0093015999999999,0.0
imdb,noniid,20,9928,5,12,0.8652,0.0,0.5129449838187702,0.0,0.3138560950756073,0.034559549887975,0.7883111111111112,0.0,0.770216,0.0,0.0
imdb,noniid,20,9928,5,13,0.8652,0.0,0.5129449838187702,0.0,0.3138560950756073,0.0517893572648366,0.7883111111111112,0.0,0.770216,0.0,0.0
imdb,noniid,20,9928,5,14,0.8652,0.0,0.5129449838187702,0.0,0.3138560950756073,-0.0,0.7883111111111112,0.0,0.770216,0.0,0.0
imdb,noniid,20,9928,5,15,0.8652,0.0,0.5129449838187702,0.0,0.3138560950756073,0.0313680450121561,0.7883111111111112,0.0,0.770216,0.0,0.0
imdb,noniid,20,9928,5,16,0.8652,0.0,0.5129449838187702,0.0,0.3138560950756073,-0.0377392629782358,0.7883111111111112,0.0,0.770216,0.0,0.0
imdb,noniid,20,9928,5,17,0.8652,0.0,0.5129449838187702,0.0,0.3138560950756073,-0.0,0.7883111111111112,0.0,0.770216,0.0,0.0
imdb,noniid,20,9928,5,18,0.8652,0.0,0.5129449838187702,0.0,0.3138560950756073,0.0094047824541727,0.7883111111111112,0.0,0.770216,0.0,0.0
imdb,noniid,20,9928,5,19,0.8652,0.0,0.5129449838187702,0.0,0.3138560950756073,-0.0,0.7883111111111112,0.0,0.770216,0.0,0.0
imdb,noniid,20,9928,6,0,0.868,0.0051933333333333,0.5027649769585254,0.0,0.3104799687862396,0.0123730222384134,0.8288222222222221,0.0,0.767922,0.0,0.0051933333333333
imdb,noniid,20,9928,6,1,0.868,-0.0006866666666666,0.5027649769585254,0.0,0.3104799687862396,0.0068222085634867,0.8288222222222221,0.0,0.767922,0.0,-0.0006866666666666
imdb,noniid,20,9928,6,2,0.868,-0.0376933333333333,0.5027649769585254,0.0325080829217696,0.3104799687862396,-0.0,0.8288222222222221,0.0,0.767922,0.0,-0.0376933333333333
imdb,noniid,20,9928,6,3,0.868,0.0064866666666666,0.5027649769585254,0.0,0.3104799687862396,0.0138090213139851,0.8288222222222221,0.0,0.767922,0.0,0.0064866666666666
imdb,noniid,20,9928,6,4,0.868,0.0,0.5027649769585254,0.0,0.3104799687862396,-0.1167958756287892,0.8288222222222221,0.0,0.767922,0.0,0.0
imdb,noniid,20,9928,6,5,0.868,0.0189066666666666,0.5027649769585254,0.0,0.3104799687862396,-0.0,0.8288222222222221,0.0,0.767922,0.0,0.0189066666666666
imdb,noniid,20,9928,6,6,0.868,0.0,0.5027649769585254,0.0,0.3104799687862396,-0.0,0.8288222222222221,0.0,0.767922,0.0,0.0
imdb,noniid,20,9928,6,7,0.868,0.0079533333333333,0.5027649769585254,0.0,0.3104799687862396,-0.0,0.8288222222222221,0.0,0.767922,0.0,0.0079533333333333
imdb,noniid,20,9928,6,8,0.868,0.0,0.5027649769585254,0.0,0.3104799687862396,0.0209139307339986,0.8288222222222221,0.0,0.767922,0.0,0.0
imdb,noniid,20,9928,6,9,0.868,0.0059133333333333,0.5027649769585254,0.0,0.3104799687862396,0.013774420817693,0.8288222222222221,0.0,0.767922,0.0,0.0059133333333333
imdb,noniid,20,9928,6,10,0.868,0.0080333333333333,0.5027649769585254,0.0,0.3104799687862396,-0.0,0.8288222222222221,0.0,0.767922,0.0,0.0080333333333333
imdb,noniid,20,9928,6,11,0.868,-0.0225733333333333,0.5027649769585254,0.0,0.3104799687862396,-0.1131653527418772,0.8288222222222221,0.0,0.767922,0.0072463333333333,-0.0225733333333333
imdb,noniid,20,9928,6,12,0.868,0.0018199999999999,0.5027649769585254,0.0,0.3104799687862396,0.0051083674033482,0.8288222222222221,0.0,0.767922,0.0,0.0018199999999999
imdb,noniid,20,9928,6,13,0.868,0.0,0.5027649769585254,0.0,0.3104799687862396,0.0164598395427068,0.8288222222222221,0.0,0.767922,0.0,0.0
imdb,noniid,20,9928,6,14,0.868,-0.0040933333333333,0.5027649769585254,0.0,0.3104799687862396,-0.0,0.8288222222222221,0.0,0.767922,0.0,-0.0040933333333333
imdb,noniid,20,9928,6,15,0.868,0.0053466666666666,0.5027649769585254,0.0,0.3104799687862396,-0.0,0.8288222222222221,0.0,0.767922,0.0,0.0053466666666666
imdb,noniid,20,9928,6,16,0.868,0.0115599999999999,0.5027649769585254,0.0,0.3104799687862396,0.0922092159589131,0.8288222222222221,-0.0098685185185185,0.767922,0.0,0.0115599999999999
imdb,noniid,20,9928,6,17,0.868,0.0,0.5027649769585254,0.0,0.3104799687862396,0.0202205101648966,0.8288222222222221,0.0,0.767922,0.0,0.0
imdb,noniid,20,9928,6,18,0.868,0.0,0.5027649769585254,0.0,0.3104799687862396,-0.0,0.8288222222222221,0.0,0.767922,0.0,0.0
imdb,noniid,20,9928,6,19,0.868,0.0,0.5027649769585254,0.0,0.3104799687862396,-0.0170729935169219,0.8288222222222221,0.0,0.767922,0.0,0.0
imdb,noniid,20,9928,7,0,0.8704,0.01076,0.4947150735294117,0.0,0.3083377480506897,0.0522614588340123,0.7503111111111112,0.0,0.76417,0.0,0.01076
imdb,noniid,20,9928,7,1,0.8704,0.0003599999999999,0.4947150735294117,0.0,0.3083377480506897,0.0410886774460474,0.7503111111111112,0.0,0.76417,0.0,0.0003599999999999
imdb,noniid,20,9928,7,2,0.8704,-0.0240066666666666,0.4947150735294117,0.0,0.3083377480506897,-0.1308797746896743,0.7503111111111112,-0.0311799999999999,0.76417,0.0,-0.0240066666666666
imdb,noniid,20,9928,7,3,0.8704,0.0,0.4947150735294117,0.0,0.3083377480506897,0.0025719583034515,0.7503111111111112,0.0,0.76417,0.0,0.0
imdb,noniid,20,9928,7,4,0.8704,0.0,0.4947150735294117,0.0,0.3083377480506897,-0.1611738880475362,0.7503111111111112,0.0,0.76417,0.0,0.0
imdb,noniid,20,9928,7,5,0.8704,0.0,0.4947150735294117,0.0,0.3083377480506897,-0.0,0.7503111111111112,0.0,0.76417,0.0,0.0
imdb,noniid,20,9928,7,6,0.8704,0.0,0.4947150735294117,0.0,0.3083377480506897,-0.0392632156610488,0.7503111111111112,0.0,0.76417,0.0,0.0
imdb,noniid,20,9928,7,7,0.8704,0.0108466666666666,0.4947150735294117,0.0,0.3083377480506897,0.0405068586270014,0.7503111111111112,0.0,0.76417,0.0,0.0108466666666666
imdb,noniid,20,9928,7,8,0.8704,0.0082133333333333,0.4947150735294117,0.0,0.3083377480506897,0.067249846458435,0.7503111111111112,0.0,0.76417,0.0,0.0082133333333333
imdb,noniid,20,9928,7,9,0.8704,0.0117799999999999,0.4947150735294117,0.0,0.3083377480506897,0.0431679944197336,0.7503111111111112,0.0,0.76417,0.0,0.0117799999999999
imdb,noniid,20,9928,7,10,0.8704,-0.00508,0.4947150735294117,0.0,0.3083377480506897,-0.0,0.7503111111111112,0.0,0.76417,0.0,-0.00508
imdb,noniid,20,9928,7,11,0.8704,0.0,0.4947150735294117,0.0169563408778713,0.3083377480506897,-0.1058315346638361,0.7503111111111112,0.0,0.76417,0.005829,0.0
imdb,noniid,20,9928,7,12,0.8704,0.0,0.4947150735294117,0.0,0.3083377480506897,0.037230959534645,0.7503111111111112,0.0,0.76417,0.0,0.0
imdb,noniid,20,9928,7,13,0.8704,0.0106066666666666,0.4947150735294117,0.0,0.3083377480506897,0.0790060073137283,0.7503111111111112,0.0,0.76417,0.0,0.0106066666666666
imdb,noniid,20,9928,7,14,0.8704,0.0057266666666666,0.4947150735294117,0.0,0.3083377480506897,0.0519649028778076,0.7503111111111112,0.0,0.76417,0.0,0.0057266666666666
imdb,noniid,20,9928,7,15,0.8704,0.0,0.4947150735294117,0.0,0.3083377480506897,-0.0,0.7503111111111112,0.0,0.76417,0.0,0.0
imdb,noniid,20,9928,7,16,0.8704,0.0,0.4947150735294117,0.0,0.3083377480506897,-0.0353885402282079,0.7503111111111112,0.0,0.76417,0.0,0.0
imdb,noniid,20,9928,7,17,0.8704,0.0124466666666666,0.4947150735294117,0.0,0.3083377480506897,-0.0,0.7503111111111112,0.0,0.76417,0.0,0.0124466666666666
imdb,noniid,20,9928,7,18,0.8704,0.0026333333333333,0.4947150735294117,0.0,0.3083377480506897,0.0038148194551467,0.7503111111111112,0.0,0.76417,0.0,0.0026333333333333
imdb,noniid,20,9928,7,19,0.8704,-0.0078666666666666,0.4947150735294117,0.0,0.3083377480506897,-0.0329701403776804,0.7503111111111112,0.0,0.76417,0.0,-0.0078666666666666
imdb,noniid,20,9928,8,0,0.8708,0.0143066666666666,0.4869085898024805,0.0,0.3065365850925445,-0.0,0.7243555555555556,0.0,0.7626,0.0,0.0143066666666666
imdb,noniid,20,9928,8,1,0.8708,0.0048133333333333,0.4869085898024805,0.0,0.3065365850925445,0.0150138090054194,0.7243555555555556,0.0,0.7626,0.0,0.0048133333333333
imdb,noniid,20,9928,8,2,0.8708,-0.04472,0.4869085898024805,0.0,0.3065365850925445,-0.1740684827168782,0.7243555555555556,0.0,0.7626,0.0,-0.04472
imdb,noniid,20,9928,8,3,0.8708,0.01924,0.4869085898024805,0.0,0.3065365850925445,-0.0,0.7243555555555556,0.0,0.7626,0.0,0.01924
imdb,noniid,20,9928,8,4,0.8708,0.0,0.4869085898024805,0.0,0.3065365850925445,-0.0,0.7243555555555556,-0.0113192592592592,0.7626,0.0225115333333333,0.0
imdb,noniid,20,9928,8,5,0.8708,0.01,0.4869085898024805,0.0,0.3065365850925445,-0.0,0.7243555555555556,0.0,0.7626,0.0,0.01
imdb,noniid,20,9928,8,6,0.8708,0.0,0.4869085898024805,0.0,0.3065365850925445,-0.0253023107846577,0.7243555555555556,0.0,0.7626,0.0,0.0
imdb,noniid,20,9928,8,7,0.8708,0.0,0.4869085898024805,0.0,0.3065365850925445,0.0436991731325785,0.7243555555555556,0.0,0.7626,0.0,0.0
imdb,noniid,20,9928,8,8,0.8708,0.0144733333333333,0.4869085898024805,0.0,0.3065365850925445,0.0762154777844747,0.7243555555555556,0.0,0.7626,0.0,0.0144733333333333
imdb,noniid,20,9928,8,9,0.8708,0.0183933333333333,0.4869085898024805,0.0,0.3065365850925445,0.0739256610472997,0.7243555555555556,0.0,0.7626,0.0,0.0183933333333333
imdb,noniid,20,9928,8,10,0.8708,0.0,0.4869085898024805,0.0,0.3065365850925445,-0.0,0.7243555555555556,0.0,0.7626,0.0,0.0
imdb,noniid,20,9928,8,11,0.8708,-0.0277333333333333,0.4869085898024805,0.0383582697230716,0.3065365850925445,-0.1600431323051452,0.7243555555555556,0.0,0.7626,0.0,-0.0277333333333333
imdb,noniid,20,9928,8,12,0.8708,0.0045266666666666,0.4869085898024805,0.0,0.3065365850925445,-0.0,0.7243555555555556,0.0,0.7626,0.0,0.0045266666666666
imdb,noniid,20,9928,8,13,0.8708,0.0,0.4869085898024805,0.0,0.3065365850925445,0.0515299489100774,0.7243555555555556,0.0,0.7626,0.0,0.0
imdb,noniid,20,9928,8,14,0.8708,0.004,0.4869085898024805,0.0,0.3065365850925445,-0.0,0.7243555555555556,0.0,0.7626,0.0,0.004
imdb,noniid,20,9928,8,15,0.8708,0.0,0.4869085898024805,0.0,0.3065365850925445,-0.0,0.7243555555555556,0.0,0.7626,0.0,0.0
imdb,noniid,20,9928,8,16,0.8708,-0.0080733333333333,0.4869085898024805,0.0,0.3065365850925445,-0.0422180364529291,0.7243555555555556,0.0,0.7626,0.0,-0.0080733333333333
imdb,noniid,20,9928,8,17,0.8708,0.0011533333333333,0.4869085898024805,0.0,0.3065365850925445,-0.0,0.7243555555555556,0.0,0.7626,0.0,0.0011533333333333
imdb,noniid,20,9928,8,18,0.8708,0.0039266666666666,0.4869085898024805,0.0,0.3065365850925445,0.0364498009284337,0.7243555555555556,0.0,0.7626,0.0,0.0039266666666666
imdb,noniid,20,9928,8,19,0.8708,-0.0150199999999999,0.4869085898024805,0.0,0.3065365850925445,-0.0,0.7243555555555556,0.0,0.7626,0.0,-0.0150199999999999
imdb,noniid,20,9928,9,0,0.8716,0.0079866666666666,0.4814134924277191,0.0,0.3050121665000915,-0.0,0.7983333333333333,0.0,0.760306,0.0,0.0079866666666666
imdb,noniid,20,9928,9,1,0.8716,-0.0026666666666666,0.4814134924277191,0.0,0.3050121665000915,-0.0,0.7983333333333333,0.0,0.760306,0.0,-0.0026666666666666
imdb,noniid,20,9928,9,2,0.8716,-0.0274866666666666,0.4814134924277191,0.0,0.3050121665000915,-0.0,0.7983333333333333,0.0,0.760306,0.0,-0.0274866666666666
imdb,noniid,20,9928,9,3,0.8716,0.0064066666666666,0.4814134924277191,0.0,0.3050121665000915,0.0268297175566355,0.7983333333333333,0.0,0.760306,0.0,0.0064066666666666
imdb,noniid,20,9928,9,4,0.8716,0.0,0.4814134924277191,0.0030602713655742,0.3050121665000915,-0.0146096100409825,0.7983333333333333,0.0055111111111111,0.760306,0.0,0.0
imdb,noniid,20,9928,9,5,0.8716,0.0066333333333333,0.4814134924277191,0.0,0.3050121665000915,0.0157723863919576,0.7983333333333333,0.0,0.760306,0.0,0.0066333333333333
imdb,noniid,20,9928,9,6,0.8716,0.0,0.4814134924277191,0.0,0.3050121665000915,-0.0,0.7983333333333333,0.0,0.760306,0.0,0.0
imdb,noniid,20,9928,9,7,0.8716,0.0,0.4814134924277191,0.0,0.3050121665000915,0.068305284778277,0.7983333333333333,0.0,0.760306,0.0,0.0
imdb,noniid,20,9928,9,8,0.8716,0.0,0.4814134924277191,0.0,0.3050121665000915,0.0172775546709696,0.7983333333333333,0.0,0.760306,0.0,0.0
imdb,noniid,20,9928,9,9,0.8716,0.0081066666666666,0.4814134924277191,0.0,0.3050121665000915,0.0209579179684321,0.7983333333333333,0.0,0.760306,0.0,0.0081066666666666
imdb,noniid,20,9928,9,10,0.8716,0.0,0.4814134924277191,0.0,0.3050121665000915,-0.0,0.7983333333333333,0.0,0.760306,0.0,0.0
imdb,noniid,20,9928,9,11,0.8716,-0.0278799999999999,0.4814134924277191,0.0,0.3050121665000915,-0.0,0.7983333333333333,0.0,0.760306,0.0042253333333333,-0.0278799999999999
imdb,noniid,20,9928,9,12,0.8716,0.007,0.4814134924277191,0.0,0.3050121665000915,0.0233938088019688,0.7983333333333333,0.0,0.760306,0.0,0.007
imdb,noniid,20,9928,9,13,0.8716,0.0,0.4814134924277191,0.0,0.3050121665000915,-0.0,0.7983333333333333,0.0,0.760306,0.0,0.0
imdb,noniid,20,9928,9,14,0.8716,-0.00108,0.4814134924277191,0.0,0.3050121665000915,0.002255509297053,0.7983333333333333,0.0,0.760306,0.0,-0.00108
imdb,noniid,20,9928,9,15,0.8716,0.0,0.4814134924277191,0.0,0.3050121665000915,0.1138757199048996,0.7983333333333333,0.0,0.760306,0.0,0.0
imdb,noniid,20,9928,9,16,0.8716,0.0045466666666666,0.4814134924277191,0.0,0.3050121665000915,-0.0,0.7983333333333333,0.0,0.760306,0.0,0.0045466666666666
imdb,noniid,20,9928,9,17,0.8716,0.0039933333333333,0.4814134924277191,0.0,0.3050121665000915,-0.0,0.7983333333333333,0.0,0.760306,0.0,0.0039933333333333
imdb,noniid,20,9928,9,18,0.8716,0.0108933333333333,0.4814134924277191,0.0,0.3050121665000915,0.0569601158301035,0.7983333333333333,0.0,0.760306,0.0,0.0108933333333333
imdb,noniid,20,9928,9,19,0.8716,-0.0203999999999999,0.4814134924277191,0.0,0.3050121665000915,-0.1000211854775746,0.7983333333333333,0.0,0.760306,0.0,-0.0203999999999999
imdb,noniid,20,9928,10,0,0.8728,0.0,0.4770852428964253,0.0,0.303666204214096,-0.0,0.7808222222222221,0.0,0.7596,0.0,0.0
imdb,noniid,20,9928,10,1,0.8728,0.0,0.4770852428964253,0.0,0.303666204214096,-0.0,0.7808222222222221,0.0,0.7596,0.0,0.0
imdb,noniid,20,9928,10,2,0.8728,-0.0246533333333333,0.4770852428964253,0.0,0.303666204214096,-0.0,0.7808222222222221,0.0,0.7596,0.0068016666666666,-0.0246533333333333
imdb,noniid,20,9928,10,3,0.8728,0.0131866666666666,0.4770852428964253,0.0,0.303666204214096,-0.0,0.7808222222222221,0.0,0.7596,0.0,0.0131866666666666
imdb,noniid,20,9928,10,4,0.8728,0.0,0.4770852428964253,0.0384895589684886,0.303666204214096,-0.0,0.7808222222222221,0.0,0.7596,0.0,0.0
imdb,noniid,20,9928,10,5,0.8728,0.0,0.4770852428964253,0.0,0.303666204214096,-0.0,0.7808222222222221,0.0,0.7596,0.0,0.0
imdb,noniid,20,9928,10,6,0.8728,0.0,0.4770852428964253,0.0,0.303666204214096,-0.0,0.7808222222222221,0.0,0.7596,0.0,0.0
imdb,noniid,20,9928,10,7,0.8728,0.0068333333333333,0.4770852428964253,0.0,0.303666204214096,0.0155997554461161,0.7808222222222221,0.0,0.7596,0.0,0.0068333333333333
imdb,noniid,20,9928,10,8,0.8728,0.0106666666666666,0.4770852428964253,0.0,0.303666204214096,0.0349058131376902,0.7808222222222221,0.0,0.7596,0.0,0.0106666666666666
imdb,noniid,20,9928,10,9,0.8728,0.0068799999999999,0.4770852428964253,0.0,0.303666204214096,-0.0,0.7808222222222221,0.0,0.7596,0.0,0.0068799999999999
imdb,noniid,20,9928,10,10,0.8728,0.0,0.4770852428964253,0.0,0.303666204214096,-0.0,0.7808222222222221,0.0,0.7596,0.0,0.0
imdb,noniid,20,9928,10,11,0.8728,-0.0294,0.4770852428964253,0.0,0.303666204214096,-0.0,0.7808222222222221,0.0,0.7596,0.0,-0.0294
imdb,noniid,20,9928,10,12,0.8728,0.0107066666666666,0.4770852428964253,0.0,0.303666204214096,-0.0,0.7808222222222221,0.0,0.7596,0.0,0.0107066666666666
imdb,noniid,20,9928,10,13,0.8728,0.0,0.4770852428964253,0.0,0.303666204214096,-0.0,0.7808222222222221,0.0,0.7596,0.0,0.0
imdb,noniid,20,9928,10,14,0.8728,0.0,0.4770852428964253,0.0,0.303666204214096,-0.0,0.7808222222222221,0.0,0.7596,0.0,0.0
imdb,noniid,20,9928,10,15,0.8728,0.0,0.4770852428964253,0.0,0.303666204214096,-0.0,0.7808222222222221,0.0,0.7596,0.0,0.0
imdb,noniid,20,9928,10,16,0.8728,0.0,0.4770852428964253,0.0,0.303666204214096,-0.0092835476001103,0.7808222222222221,0.0,0.7596,0.0,0.0
imdb,noniid,20,9928,10,17,0.8728,0.0,0.4770852428964253,0.0,0.303666204214096,-0.0,0.7808222222222221,0.0,0.7596,0.0,0.0
imdb,noniid,20,9928,10,18,0.8728,0.0,0.4770852428964253,0.0,0.303666204214096,0.0162254631519317,0.7808222222222221,0.0,0.7596,0.0,0.0
imdb,noniid,20,9928,10,19,0.8728,0.0,0.4770852428964253,0.0,0.303666204214096,-0.1284933775663375,0.7808222222222221,-0.0195503703703703,0.7596,0.0,0.0
