dataset,partition,num_clients,seed,round,client_id,global_l1o_rob,l1o_rob_contribution,global_l1o_adv,l1o_adv_contribution,global_l1o_fair,l1o_fair_contribution,global_l1o_priv,l1o_priv_contribution,l1o_priv_abs_contribution,global_l1o_fair_eo,l1o_fair_eo_contribution,l1o_fair_eo_abs_contribution,accuracy,precision,recall,f1,loss,l1o_loss_contribution,l1o_acc_contribution,global_l1o_loss,global_l1o_acc,acc_contribution
adult,iid,20,42,1,0,0.9820053229603848,-9.315180673563628e-05,0.8453732785697028,0.0032616574051702,0.7809087776300891,0.0010651869668263,0.8639471630420856,5.824179664326579e-06,,0.8440760549471056,0.0047733060737675,0.0047733060737675,0.8473743474255298,0.6846413095811267,0.6297608503100088,0.6560553633217993,0.3212402164936065,0.0002593398094177,-0.0,0.3212402164936065,0.8473743474255298,-0.0
adult,iid,20,42,1,1,0.9820053229603848,0.0005804074111986,0.8453732785697028,0.0084141294278125,0.7809087776300891,0.0083397683397683,0.8639471630420856,0.015276823259444,,0.8440760549471056,0.0097099528806882,0.0097099528806882,0.8473743474255298,0.6846413095811267,0.6297608503100088,0.6560553633217993,0.3212402164936065,0.0007612407207489,0.0004094584911454,0.3212402164936065,0.8473743474255298,0.0004094584911454
adult,iid,20,42,1,2,0.9820053229603848,3.070938683591429e-05,0.8453732785697028,-0.0009755446047088,0.7809087776300891,-0.0024869365852971,0.8639471630420856,0.0272047432119186,,0.8440760549471056,-0.0047033534555609,0.0047033534555609,0.8473743474255298,0.6846413095811267,0.6297608503100088,0.6560553633217993,0.3212402164936065,-0.0004889965057373,-0.0007165523595045,0.3212402164936065,0.8473743474255298,-0.0007165523595045
adult,iid,20,42,1,3,0.9820053229603848,-0.0007963967652778,0.8453732785697028,-0.0006691924727681,0.7809087776300891,-0.0026519728159071,0.8639471630420856,-0.0003145057018716,,0.8440760549471056,-0.0009088973381647,0.0009088973381647,0.8473743474255298,0.6846413095811267,0.6297608503100088,0.6560553633217993,0.3212402164936065,-0.0001955926418304,-0.0010236462278636,0.3212402164936065,0.8473743474255298,-0.0010236462278636
adult,iid,20,42,1,4,0.9820053229603848,-0.000630566076364,0.8453732785697028,-0.0050906327449133,0.7809087776300891,-0.0043508145147488,0.8639471630420856,0.0040186839683631,,0.8440760549471056,-0.0035503780268759,0.0035503780268759,0.8473743474255298,0.6846413095811267,0.6297608503100088,0.6560553633217993,0.3212402164936065,-0.0006796717643737,-0.0021496570785136,0.3212402164936065,0.8473743474255298,-0.0021496570785136
adult,iid,20,42,1,5,0.9820053229603848,0.0003111884532706,0.8453732785697028,-4.7259622646622645e-05,0.7809087776300891,0.0010598889287414,0.8639471630420856,0.0237510046709921,,0.8440760549471056,0.0023071616790499,0.0023071616790499,0.8473743474255298,0.6846413095811267,0.6297608503100088,0.6560553633217993,0.3212402164936065,-6.16610050201416e-05,-0.0009212816050773,0.3212402164936065,0.8473743474255298,-0.0009212816050773
adult,iid,20,42,1,6,0.9820053229603848,-0.0002743371890674,0.8453732785697028,0.0001854993159894,0.7809087776300891,0.0010492928525716,0.8639471630420856,0.0158534170462092,,0.8440760549471056,0.0027336015595169,0.0027336015595169,0.8473743474255298,0.6846413095811267,0.6297608503100088,0.6560553633217993,0.3212402164936065,0.0004613697528839,-0.000307093868359,0.3212402164936065,0.8473743474255298,-0.000307093868359
adult,iid,20,42,1,7,0.9820053229603848,-0.0002016583068891,0.8453732785697028,-0.0026025522460071,0.7809087776300891,-0.0004421283109807,0.8639471630420856,-0.0064124218103878,,0.8440760549471056,-0.0039818312306088,0.0039818312306088,0.8473743474255298,0.6846413095811267,0.6297608503100088,0.6560553633217993,0.3212402164936065,0.0002671182155609,0.0003070938683591,0.3212402164936065,0.8473743474255298,0.0003070938683591
adult,iid,20,42,1,8,0.9820053229603848,0.0004258368307913,0.8453732785697028,0.004919501113753,0.7809087776300891,0.0025883963588881,0.8639471630420856,0.0227084765110836,,0.8440760549471056,0.0061253461528048,0.0061253461528048,0.8473743474255298,0.6846413095811267,0.6297608503100088,0.6560553633217993,0.3212402164936065,0.0001669526100158,-0.0008189169822908,0.3212402164936065,0.8473743474255298,-0.0008189169822908
adult,iid,20,42,1,9,0.9820053229603848,-0.0007871839492271,0.8453732785697028,-0.0001394645152108,0.7809087776300891,0.0007510086198611,0.8639471630420856,0.006884180363196,,0.8440760549471056,-0.0001057329578662,0.0001057329578662,0.8473743474255298,0.6846413095811267,0.6297608503100088,0.6560553633217993,0.3212402164936065,-1.475214958190918e-05,-0.0001023646227863,0.3212402164936065,0.8473743474255298,-0.0001023646227863
adult,iid,20,42,1,10,0.9820053229603848,-0.0001412631794451,0.8453732785697028,0.0042800387583592,0.7809087776300891,0.0055757396741003,0.8639471630420856,0.0234889165860989,,0.8440760549471056,0.0039535121857385,0.0039535121857385,0.8473743474255298,0.6846413095811267,0.6297608503100088,0.6560553633217993,0.3212402164936065,0.000134915113449,0.0009212816050773,0.3212402164936065,0.8473743474255298,0.0009212816050773
adult,iid,20,42,1,11,0.9820053229603848,-0.0003654417033472,0.8453732785697028,0.0002416042522348,0.7809087776300891,0.0010969751953358,0.8639471630420856,-0.0176560006523081,,0.8440760549471056,-0.0007416945749558,0.0007416945749558,0.8473743474255298,0.6846413095811267,0.6297608503100088,0.6560553633217993,0.3212402164936065,0.000256210565567,-0.0,0.3212402164936065,0.8473743474255298,-0.0
adult,iid,20,42,1,12,0.9820053229603848,2.3543863240882423e-05,0.8453732785697028,-0.0014116170751277,0.7809087776300891,-0.0003141783469652,0.8639471630420856,0.0094176985171638,,0.8440760549471056,-0.0026853945591551,0.0026853945591551,0.8473743474255298,0.6846413095811267,0.6297608503100088,0.6560553633217993,0.3212402164936065,0.000156819820404,-0.00112601085065,0.3212402164936065,0.8473743474255298,-0.00112601085065
adult,iid,20,42,1,13,0.9820053229603848,-0.0001965400757497,0.8453732785697028,0.0001668067030039,0.7809087776300891,-0.002332496430857,0.8639471630420856,0.019411990821093,,0.8440760549471056,-0.0004385219580644,0.0004385219580644,0.8473743474255298,0.6846413095811267,0.6297608503100088,0.6560553633217993,0.3212402164936065,-0.0005443096160888,-0.0004094584911454,0.3212402164936065,0.8473743474255298,-0.0004094584911454
adult,iid,20,42,1,14,0.9820053229603848,-0.0003040229296754,0.8453732785697028,0.0008805773994772,0.7809087776300891,0.0003141783469652,0.8639471630420856,-0.0024461554590033,,0.8440760549471056,4.626752022640624e-05,4.626752022640624e-05,0.8473743474255298,0.6846413095811267,0.6297608503100088,0.6560553633217993,0.3212402164936065,-0.0002488791942596,-0.00112601085065,0.3212402164936065,0.8473743474255298,-0.00112601085065
adult,iid,20,42,1,15,0.9820053229603848,8.291534445692417e-05,0.8453732785697028,0.0053877923578015,0.7809087776300891,0.0035468255140386,0.8639471630420856,0.0027082435438967,,0.8440760549471056,0.0046652627244974,0.0046652627244974,0.8473743474255298,0.6846413095811267,0.6297608503100088,0.6560553633217993,0.3212402164936065,-9.53972339630127e-05,0.0010236462278636,0.3212402164936065,0.8473743474255298,0.0010236462278636
adult,iid,20,42,1,16,0.9820053229603848,-0.0001729962125089,0.8453732785697028,0.0051458958894898,0.7809087776300891,0.0037171597827336,0.8639471630420856,-0.0189518806276134,,0.8440760549471056,0.0042465986276282,0.0042465986276282,0.8473743474255298,0.6846413095811267,0.6297608503100088,0.6560553633217993,0.3212402164936065,4.202127456665039e-05,0.0010236462278636,0.3212402164936065,0.8473743474255298,0.0010236462278636
adult,iid,20,42,1,17,0.9820053229603848,-0.0001381922407616,0.8453732785697028,-0.0029142274602055,0.7809087776300891,-0.0014376437327257,0.8639471630420856,0.0186723200037275,,0.8440760549471056,-0.0002309312364698,0.0002309312364698,0.8473743474255298,0.6846413095811267,0.6297608503100088,0.6560553633217993,0.3212402164936065,-0.0001915693283081,-0.0014331047190091,0.3212402164936065,0.8473743474255298,-0.0014331047190091
adult,iid,20,42,1,18,0.9820053229603848,3.480397174737693e-05,0.8453732785697028,0.0013132737306028,0.7809087776300891,0.0004580224252356,0.8639471630420856,-0.0014560449160734,,0.8440760549471056,-0.0006305310181669,0.0006305310181669,0.8473743474255298,0.6846413095811267,0.6297608503100088,0.6560553633217993,0.3212402164936065,0.0003207623958587,0.0012283754734363,0.3212402164936065,0.8473743474255298,0.0012283754734363
adult,iid,20,42,1,19,0.9820053229603848,0.0004882792506909,0.8453732785697028,0.0040306077172517,0.7809087776300891,0.001086379119166,0.8639471630420856,-0.0228773777213477,,0.8440760549471056,-0.0009928197906186,0.0009928197906186,0.8473743474255298,0.6846413095811267,0.6297608503100088,0.6560553633217993,0.3212402164936065,0.0001722276210784,-0.0004094584911454,0.3212402164936065,0.8473743474255298,-0.0004094584911454
adult,iid,20,42,2,0,0.9831026717166548,-9.212816050763184e-05,0.8730538922155688,1.866322497656725e-06,0.8061098100442363,0.0006071645415908,0.8114829526261227,0.0150555044322007,,0.8925241409413942,0.001016548146977,0.001016548146977,0.8547446002661481,0.7113350125944584,0.62533215234721,0.6655668159321235,0.307836502790451,0.0002893209457397,0.0008189169822909,0.307836502790451,0.8547446002661481,0.0008189169822909
adult,iid,20,42,2,1,0.9831026717166548,0.0001484287030403,0.8730538922155688,0.0076416199241019,0.8061098100442363,0.0054107034434903,0.8114829526261227,0.0245139722070146,,0.8925241409413942,0.0063123635188306,0.0063123635188306,0.8547446002661481,0.7113350125944584,0.62533215234721,0.6655668159321235,0.307836502790451,0.0003130137920379,0.0006141877367182,0.307836502790451,0.8547446002661481,0.0006141877367182
adult,iid,20,42,2,2,0.9831026717166548,0.0001269321322551,0.8730538922155688,-0.0001923003734706,0.8061098100442363,-0.0004633204633204,0.8114829526261227,0.0209088049948167,,0.8925241409413942,4.547397420340271e-05,4.547397420340271e-05,0.8547446002661481,0.7113350125944584,0.62533215234721,0.6655668159321235,0.307836502790451,0.0001540184020996,0.0011260108506501,0.307836502790451,0.8547446002661481,0.0011260108506501
adult,iid,20,42,2,3,0.9831026717166548,4.811137270965826e-05,0.8730538922155688,0.0022599753193887,0.8061098100442363,0.0032220510909035,0.8114829526261227,0.0320795815909329,,0.8925241409413942,0.0028611318587139,0.0028611318587139,0.8547446002661481,0.7113350125944584,0.62533215234721,0.6655668159321235,0.307836502790451,7.590651512145996e-05,-0.0001023646227863,0.307836502790451,0.8547446002661481,-0.0001023646227863
adult,iid,20,42,2,4,0.9831026717166548,-0.0004391442317535,0.8730538922155688,-0.0037125748502994,0.8061098100442363,-0.004175182207969,0.8114829526261227,0.0133956132278769,,0.8925241409413942,-0.0052837549234453,0.0052837549234453,0.8547446002661481,0.7113350125944584,0.62533215234721,0.6655668159321235,0.307836502790451,-0.0002318918704986,-0.0,0.307836502790451,0.8547446002661481,-0.0
adult,iid,20,42,2,5,0.9831026717166548,0.0001371685945338,0.8730538922155688,-0.0015719011025966,0.8061098100442363,-0.002337794468942,0.8114829526261227,0.0215145196799029,,0.8925241409413942,-0.0023787091942872,0.0023787091942872,0.8547446002661481,0.7113350125944584,0.62533215234721,0.6655668159321235,0.307836502790451,-9.617209434509276e-05,-0.0001023646227863,0.307836502790451,0.8547446002661481,-0.0001023646227863
adult,iid,20,42,2,6,0.9831026717166548,-0.00046473538745,0.8730538922155688,-0.0033236832516089,0.8061098100442363,0.000756306657946,0.8114829526261227,0.0117648429218744,,0.8925241409413942,0.0013796304654518,0.0013796304654518,0.8547446002661481,0.7113350125944584,0.62533215234721,0.6655668159321235,0.307836502790451,0.0004315376281738,0.0002047292455727,0.307836502790451,0.8547446002661481,0.0002047292455727
adult,iid,20,42,2,7,0.9831026717166548,0.0001893745521548,0.8730538922155688,0.0007083613217475,0.8061098100442363,0.0014111535423011,0.8114829526261227,-0.0121317662407249,,0.8925241409413942,-0.0026663302439831,0.0026663302439831,0.8547446002661481,0.7113350125944584,0.62533215234721,0.6655668159321235,0.307836502790451,0.0003123879432678,0.0015354693417954,0.307836502790451,0.8547446002661481,0.0015354693417954
adult,iid,20,42,2,8,0.9831026717166548,7.165523595142886e-06,0.8730538922155688,-0.0005672109019371,0.8061098100442363,0.0035256333616989,0.8114829526261227,0.0152709990797796,,0.8925241409413942,0.0049921853269365,0.0049921853269365,0.8547446002661481,0.7113350125944584,0.62533215234721,0.6655668159321235,0.307836502790451,0.0001126527786254,0.0010236462278636,0.307836502790451,0.8547446002661481,0.0010236462278636
adult,iid,20,42,2,9,0.9831026717166548,-0.0002446514484593,0.8730538922155688,0.0006293593933359,0.8061098100442363,0.0004580224252356,0.8114829526261227,0.0050961572062575,,0.8925241409413942,0.0001275086700075,0.0001275086700075,0.8547446002661481,0.7113350125944584,0.62533215234721,0.6655668159321235,0.307836502790451,-5.447864532470703e-05,0.0002047292455727,0.307836502790451,0.8547446002661481,0.0002047292455727
adult,iid,20,42,2,10,0.9831026717166548,0.0002528406182823,0.8730538922155688,0.005412122643575,0.8061098100442363,0.0032326471670733,0.8114829526261227,0.0039487938123916,,0.8925241409413942,0.0055286428300802,0.0055286428300802,0.8547446002661481,0.7113350125944584,0.62533215234721,0.6655668159321235,0.307836502790451,-0.0001303553581237,0.0009212816050773,0.307836502790451,0.8547446002661481,0.0009212816050773
adult,iid,20,42,2,11,0.9831026717166548,-3.0709386835803265e-05,0.8730538922155688,-0.0020210388478527,0.8061098100442363,0.0012408192736061,0.8114829526261227,0.005620333376044,,0.8925241409413942,0.0010783672343992,0.0010783672343992,0.8547446002661481,0.7113350125944584,0.62533215234721,0.6655668159321235,0.307836502790451,0.0001438558101654,0.0009212816050773,0.307836502790451,0.8547446002661481,0.0009212816050773
adult,iid,20,42,2,12,0.9831026717166548,3.0709386836802466e-06,0.8730538922155688,-0.0028751415892741,0.8061098100442363,-0.0015444015444014,0.8114829526261227,-0.0049796736129714,,0.8925241409413942,0.000410487307706,0.000410487307706,0.8547446002661481,0.7113350125944584,0.62533215234721,0.6655668159321235,0.307836502790451,-0.0002622008323669,0.0008189169822909,0.307836502790451,0.8547446002661481,0.0008189169822909
adult,iid,20,42,2,13,0.9831026717166548,-0.0004708772648172,0.8730538922155688,0.000224290970209,0.8061098100442363,-0.002497532661467,0.8114829526261227,-0.000419340935829,,0.8925241409413942,-0.0028413087907898,0.0028413087907898,0.8547446002661481,0.7113350125944584,0.62533215234721,0.6655668159321235,0.307836502790451,-0.0002054274082183,-0.0001023646227863,0.307836502790451,0.8547446002661481,-0.0001023646227863
adult,iid,20,42,2,14,0.9831026717166548,-4.606408025376041e-05,0.8730538922155688,-0.0007487897767682,0.8061098100442363,0.0028972766677685,0.8114829526261227,0.0106000069890157,,0.8925241409413942,0.0060413804419726,0.0060413804419726,0.8547446002661481,0.7113350125944584,0.62533215234721,0.6655668159321235,0.307836502790451,-0.0002645552158355,-0.0002047292455726,0.307836502790451,0.8547446002661481,-0.0002047292455726
adult,iid,20,42,2,15,0.9831026717166548,-0.0002108711229398,0.8730538922155688,0.0067309093597961,0.8061098100442363,0.0041486920175445,0.8114829526261227,-0.0059697841559014,,0.8925241409413942,0.0075224808296695,0.0075224808296695,0.8547446002661481,0.7113350125944584,0.62533215234721,0.6655668159321235,0.307836502790451,0.0001774430274963,0.0009212816050773,0.307836502790451,0.8547446002661481,0.0009212816050773
adult,iid,20,42,2,16,0.9831026717166548,0.0003470160712458,0.8730538922155688,0.0042701893995112,0.8061098100442363,0.0026254826254826,0.8114829526261227,0.0071753893464105,,0.8925241409413942,0.0042088788078332,0.0042088788078332,0.8547446002661481,0.7113350125944584,0.62533215234721,0.6655668159321235,0.307836502790451,5.680322647094727e-05,0.0005118231139318,0.307836502790451,0.8547446002661481,0.0005118231139318
adult,iid,20,42,2,17,0.9831026717166548,-0.0004330023543862,0.8730538922155688,-0.0055560538599255,0.8061098100442363,-0.002497532661467,0.8114829526261227,0.0215611131172175,,0.8925241409413942,-0.0018605278193903,0.0018605278193903,0.8547446002661481,0.7113350125944584,0.62533215234721,0.6655668159321235,0.307836502790451,-0.0001153945922851,0.0005118231139318,0.307836502790451,0.8547446002661481,0.0005118231139318
adult,iid,20,42,2,18,0.9831026717166548,9.519909919142312e-05,0.8730538922155688,0.0011882653409437,0.8061098100442363,0.0012302231974363,0.8114829526261227,0.0233840813521415,,0.8925241409413942,6.920233056206815e-05,6.920233056206815e-05,0.8547446002661481,0.7113350125944584,0.62533215234721,0.6655668159321235,0.307836502790451,0.0002205967903137,0.0015354693417954,0.307836502790451,0.8547446002661481,0.0015354693417954
adult,iid,20,42,2,19,0.9831026717166548,-0.0001310267171664,0.8730538922155688,-0.0007929988830295,0.8061098100442363,-0.0006336547320153,0.8114829526261227,0.0296101294132722,,0.8925241409413942,-0.000365034962692,0.000365034962692,0.8547446002661481,0.7113350125944584,0.62533215234721,0.6655668159321235,0.307836502790451,8.800625801086426e-05,0.0003070938683591,0.307836502790451,0.8547446002661481,0.0003070938683591
adult,iid,20,42,3,0,0.9835929982598014,2.6614801924451648e-05,0.8807733619763695,-0.0004206678743767,0.8117923075300124,0.0003194763850501,0.908129389975422,0.0085324232081911,,0.90844412051997,-0.000813621466569,0.000813621466569,0.8577131743269526,0.7207527975584944,0.6275465013286093,0.6709280303030303,0.3023924529552459,0.0002295672893524,0.0004094584911454,0.3023924529552459,0.8577131743269526,0.0004094584911454
adult,iid,20,42,3,1,0.9835929982598014,0.0003592998259801,0.8807733619763695,0.0037271198924885,0.8117923075300124,0.0054107034434902,0.908129389975422,0.0071928618854033,,0.90844412051997,0.0060091476435608,0.0060091476435608,0.8577131743269526,0.7207527975584944,0.6275465013286093,0.6709280303030303,0.3023924529552459,0.0002786219120025,0.0010236462278636,0.3023924529552459,0.8577131743269526,0.0010236462278636
adult,iid,20,42,3,2,0.9835929982598014,7.165523595031864e-06,0.8807733619763695,-0.0016848719138453,0.8117923075300124,-0.0004739165394902,0.908129389975422,0.001846264953581,,0.90844412051997,0.0018363852933845,0.0018363852933845,0.8577131743269526,0.7207527975584944,0.6275465013286093,0.6709280303030303,0.3023924529552459,5.033612251281738e-05,-0.0001023646227863,0.3023924529552459,0.8577131743269526,-0.0001023646227863
adult,iid,20,42,3,3,0.9835929982598014,-0.0001525232879516,0.8807733619763695,0.0003865886685027,0.8117923075300124,0.0013846633518763,0.908129389975422,0.0260632039977168,,0.90844412051997,0.0026756877605293,0.0026756877605293,0.8577131743269526,0.7207527975584944,0.6275465013286093,0.6709280303030303,0.3023924529552459,7.447600364685059e-05,0.0002047292455726,0.3023924529552459,0.8577131743269526,0.0002047292455726
adult,iid,20,42,3,4,0.9835929982598014,-0.0007257651755553,0.8807733619763695,-0.0040440168729979,0.8117923075300124,-0.0057036896381158,0.908129389975422,0.0194469358990785,,0.90844412051997,-0.0078179425505308,0.0078179425505308,0.8577131743269526,0.7207527975584944,0.6275465013286093,0.6709280303030303,0.3023924529552459,-0.0002413392066955,0.0001023646227863,0.3023924529552459,0.8577131743269526,0.0001023646227863
adult,iid,20,42,3,5,0.9835929982598014,0.0001750435049646,0.8807733619763695,-0.0010176827997498,0.8117923075300124,-0.0004898106537452,0.908129389975422,0.0072132465142285,,0.90844412051997,0.0020614585972028,0.0020614585972028,0.8577131743269526,0.7207527975584944,0.6275465013286093,0.6709280303030303,0.3023924529552459,-3.933906555175781e-05,0.0004094584911454,0.3023924529552459,0.8577131743269526,0.0004094584911454
adult,iid,20,42,3,6,0.9835929982598014,-0.0003367796089671,0.8807733619763695,-0.0042140977154973,0.8117923075300124,-0.001416451580386,0.908129389975422,0.0139430861163205,,0.90844412051997,0.0007972763533502,0.0007972763533502,0.8577131743269526,0.7207527975584944,0.6275465013286093,0.6709280303030303,0.3023924529552459,0.0003134310245513,0.0006141877367181,0.3023924529552459,0.8577131743269526,0.0006141877367181
adult,iid,20,42,3,7,0.9835929982598014,0.0003122120994983,0.8807733619763695,0.0023223042495856,0.8117923075300124,0.0043243243243242,0.908129389975422,0.006077531479691,,0.90844412051997,0.0042823658032059,0.0042823658032059,0.8577131743269526,0.7207527975584944,0.6275465013286093,0.6709280303030303,0.3023924529552459,0.000287652015686,0.0012283754734363,0.3023924529552459,0.8577131743269526,0.0012283754734363
adult,iid,20,42,3,8,0.9835929982598014,0.0003511106561572,0.8807733619763695,0.0021192634201112,0.8117923075300124,0.0026095885112278,0.908129389975422,0.0066220922783026,,0.90844412051997,0.0039079949531567,0.0039079949531567,0.8577131743269526,0.7207527975584944,0.6275465013286093,0.6709280303030303,0.3023924529552459,0.000181645154953,-0.0002047292455726,0.3023924529552459,0.8577131743269526,-0.0002047292455726
adult,iid,20,42,3,9,0.9835929982598014,-0.0008660047087726,0.8807733619763695,-0.0027032378326086,0.8117923075300124,-0.0015496995824865,0.908129389975422,0.0078102249298184,,0.90844412051997,-0.000923268177977,0.000923268177977,0.8577131743269526,0.7207527975584944,0.6275465013286093,0.6709280303030303,0.3023924529552459,-0.0001030266284942,0.0003070938683591,0.3023924529552459,0.8577131743269526,0.0003070938683591
adult,iid,20,42,3,10,0.9835929982598014,0.0001535469341795,0.8807733619763695,0.0028497342914052,0.8117923075300124,0.0021568641240772,0.908129389975422,-0.0094817644934712,,0.90844412051997,0.0009590353535545,0.0009590353535545,0.8577131743269526,0.7207527975584944,0.6275465013286093,0.6709280303030303,0.3023924529552459,-8.723139762878418e-05,-0.0001023646227863,0.3023924529552459,0.8577131743269526,-0.0001023646227863
adult,iid,20,42,3,11,0.9835929982598014,0.0001095301463813,0.8807733619763695,-0.0004289280999664,0.8117923075300124,5.298038084911028e-06,0.908129389975422,0.0396335426155225,,0.90844412051997,-0.0007794143947507,0.0007794143947507,0.8577131743269526,0.7207527975584944,0.6275465013286093,0.6709280303030303,0.3023924529552459,0.000169426202774,-0.0005118231139318,0.3023924529552459,0.8577131743269526,-0.0005118231139318
adult,iid,20,42,3,12,0.9835929982598014,0.0004207185996519,0.8807733619763695,-0.0009060273366076,0.8117923075300124,-0.0015496995824865,0.908129389975422,0.0481892625423707,,0.90844412051997,-0.0003168364274374,0.0003168364274374,0.8577131743269526,0.7207527975584944,0.6275465013286093,0.6709280303030303,0.3023924529552459,-0.0002738535404205,-0.0005118231139318,0.3023924529552459,0.8577131743269526,-0.0005118231139318
adult,iid,20,42,3,13,0.9835929982598014,-0.0003347323165113,0.8807733619763695,-0.0014462084293584,0.8117923075300124,-0.0024869365852973,0.908129389975422,0.0087187969574484,,0.90844412051997,-0.0008513629155531,0.0008513629155531,0.8577131743269526,0.7207527975584944,0.6275465013286093,0.6709280303030303,0.3023924529552459,-0.0001854300498962,-0.0001023646227863,0.3023924529552459,0.8577131743269526,-0.0001023646227863
adult,iid,20,42,3,14,0.9835929982598014,9.212816050774286e-05,0.8807733619763695,-0.0004632099978487,0.8117923075300124,0.0015496995824864,0.908129389975422,0.0029819799881187,,0.90844412051997,0.0006200523027072,0.0006200523027072,0.8577131743269526,0.7207527975584944,0.6275465013286093,0.6709280303030303,0.3023924529552459,-0.000260978937149,0.0001023646227863,0.3023924529552459,0.8577131743269526,0.0001023646227863
adult,iid,20,42,3,15,0.9835929982598014,-0.0001166956699765,0.8807733619763695,0.003624364841699,0.8117923075300124,0.0014005574661312,0.908129389975422,-0.0030402217847615,,0.90844412051997,-0.0008754189248019,0.0008754189248019,0.8577131743269526,0.7207527975584944,0.6275465013286093,0.6709280303030303,0.3023924529552459,0.0001376867294311,0.0003070938683591,0.3023924529552459,0.8577131743269526,0.0003070938683591
adult,iid,20,42,3,16,0.9835929982598014,0.0003244958542327,0.8807733619763695,0.0035489501765366,0.8117923075300124,0.0034082794738532,0.908129389975422,0.0095982480867569,,0.90844412051997,0.0013077468322171,0.0013077468322171,0.8577131743269526,0.7207527975584944,0.6275465013286093,0.6709280303030303,0.3023924529552459,0.0002610087394714,0.0006141877367181,0.3023924529552459,0.8577131743269526,0.0006141877367181
adult,iid,20,42,3,17,0.9835929982598014,-0.0006223769065411,0.8807733619763695,-0.0034472157271396,0.8117923075300124,-0.0029449590105328,0.908129389975422,0.0145138557234212,,0.90844412051997,-0.0012820874608304,0.0012820874608304,0.8577131743269526,0.7207527975584944,0.6275465013286093,0.6709280303030303,0.3023924529552459,-0.0001350939273834,0.0001023646227863,0.3023924529552459,0.8577131743269526,0.0001023646227863
adult,iid,20,42,3,18,0.9835929982598014,0.0003326850240557,0.8807733619763695,0.0015370851267274,0.8117923075300124,0.0006230586558455,0.908129389975422,0.0280725459818984,,0.90844412051997,-0.0003409140658755,0.0003409140658755,0.8577131743269526,0.7207527975584944,0.6275465013286093,0.6709280303030303,0.3023924529552459,9.5367431640625e-07,-0.0001023646227863,0.3023924529552459,0.8577131743269526,-0.0001023646227863
adult,iid,20,42,3,19,0.9835929982598014,1.3307400962170313e-05,0.8807733619763695,-0.0035665759563113,0.8117923075300124,-0.0004845126156601,0.908129389975422,0.0094992370324638,,0.90844412051997,0.0011304362648171,0.0011304362648171,0.8577131743269526,0.7207527975584944,0.6275465013286093,0.6709280303030303,0.3023924529552459,0.0001521408557891,0.0001023646227863,0.3023924529552459,0.8577131743269526,0.0001023646227863
adult,iid,20,42,4,0,0.9836738663118026,9.315180673563628e-05,0.8900954653937947,0.0002649569192184,0.8108603685652866,0.0018638779294517,0.8678027699798483,-0.0157718785309088,,0.9112853860523816,-0.0002433278028757,0.0002433278028757,0.8578155389497389,0.72,0.6297608503100088,0.671863926293409,0.2993791103363037,0.0002111196517944,0.0002047292455726,0.2993791103363037,0.8578155389497389,0.0002047292455726
adult,iid,20,42,4,1,0.9836738663118026,0.0002159893540792,0.8900954653937947,0.0059389395049853,0.8108603685652866,0.0071042471042471,0.8678027699798483,0.0078801150857901,,0.9112853860523816,0.0086813442853028,0.0086813442853028,0.8578155389497389,0.72,0.6297608503100088,0.671863926293409,0.2993791103363037,0.0002673864364624,-0.0002047292455727,0.2993791103363037,0.8578155389497389,-0.0002047292455727
adult,iid,20,42,4,2,0.9836738663118026,-0.0001279557784829,0.8900954653937947,-0.0005686576537788,0.8108603685652866,0.0002929861946255,0.8678027699798483,0.007763631492504,,0.9112853860523816,0.0015055790317001,0.0015055790317001,0.8578155389497389,0.72,0.6297608503100088,0.671863926293409,0.2993791103363037,-4.172325134277344e-07,-0.0007165523595046,0.2993791103363037,0.8578155389497389,-0.0007165523595046
adult,iid,20,42,4,3,0.9836738663118026,4.811137270954724e-05,0.8900954653937947,-0.0004624745203684,0.8108603685652866,-0.0004792145775751,0.8678027699798483,-0.0147992405269719,,0.9112853860523816,0.0006542377453362,0.0006542377453362,0.8578155389497389,0.72,0.6297608503100088,0.671863926293409,0.2993791103363037,-0.0001070201396942,-0.0008189169822909,0.2993791103363037,0.8578155389497389,-0.0008189169822909
adult,iid,20,42,4,4,0.9836738663118026,-0.0005578871941857,0.8900954653937947,-0.003067945754371,0.8108603685652866,-0.0057195837523705,0.8678027699798483,0.0099069296089646,,0.9112853860523816,-0.0073607867170328,0.0073607867170328,0.8578155389497389,0.72,0.6297608503100088,0.671863926293409,0.2993791103363037,-0.0002281963825225,-0.0016378339645818,0.2993791103363037,0.8578155389497389,-0.0016378339645818
adult,iid,20,42,4,5,0.9836738663118026,5.9371481216152766e-05,0.8900954653937947,-0.0003579952267304,0.8108603685652866,-0.0012461173116911,0.8678027699798483,0.0053931903691364,,0.9112853860523816,-0.0006021687149183,0.0006021687149183,0.8578155389497389,0.72,0.6297608503100088,0.671863926293409,0.2993791103363037,-8.130073547363281e-05,-0.0,0.2993791103363037,0.8578155389497389,-0.0
adult,iid,20,42,4,6,0.9836738663118026,-0.0006264714914525,0.8900954653937947,-0.0035418749428413,0.8108603685652866,-0.0017200338511813,0.8678027699798483,0.0407954664585494,,0.9112853860523816,0.0009310007031964,0.0009310007031964,0.8578155389497389,0.72,0.6297608503100088,0.671863926293409,0.2993791103363037,0.0002990365028381,0.000307093868359,0.2993791103363037,0.8578155389497389,0.000307093868359
adult,iid,20,42,4,7,0.9836738663118026,-0.0002600061418773,0.8900954653937947,0.0034495026608754,0.8108603685652866,0.004185778284139,0.8678027699798483,-0.021054409486424,,0.9112853860523816,0.0023604546952298,0.0023604546952298,0.8578155389497389,0.72,0.6297608503100088,0.671863926293409,0.2993791103363037,0.0002824962139129,0.0008189169822908,0.2993791103363037,0.8578155389497389,0.0008189169822908
adult,iid,20,42,4,8,0.9836738663118026,2.2520217012989008e-05,0.8900954653937947,0.0001718741808052,0.8108603685652866,0.0033764912453437,0.8678027699798483,-0.0165872636839101,,0.9112853860523816,0.0041031458499671,0.0041031458499671,0.8578155389497389,0.72,0.6297608503100088,0.671863926293409,0.2993791103363037,0.000101089477539,0.0004094584911454,0.2993791103363037,0.8578155389497389,0.0004094584911454
adult,iid,20,42,4,9,0.9836738663118026,-0.0006643464018835,0.8900954653937947,-0.0019221935967792,0.8108603685652866,-0.0032326471670733,0.8678027699798483,-0.0040128597886988,,0.9112853860523816,-0.0046994697963156,0.0046994697963156,0.8578155389497389,0.72,0.6297608503100088,0.671863926293409,0.2993791103363037,-0.0001079440116882,-0.0001023646227863,0.2993791103363037,0.8578155389497389,-0.0001023646227863
adult,iid,20,42,4,10,0.9836738663118026,9.827003787488132e-05,0.8900954653937947,0.0020286396181383,0.8108603685652866,0.0029396609724479,0.8678027699798483,-0.0179151766473693,,0.9112853860523816,0.002364717730851,0.002364717730851,0.8578155389497389,0.72,0.6297608503100088,0.671863926293409,0.2993791103363037,-4.1991472244262695e-05,-0.0,0.2993791103363037,0.8578155389497389,-0.0
adult,iid,20,42,4,11,0.9836738663118026,0.0002088238304841,0.8900954653937947,0.0018826283620599,0.8108603685652866,0.001086379119166,0.8678027699798483,-0.0034158813731086,,0.9112853860523816,0.001726781840355,0.001726781840355,0.8578155389497389,0.72,0.6297608503100088,0.671863926293409,0.2993791103363037,0.0001780986785888,-0.0002047292455727,0.2993791103363037,0.8578155389497389,-0.0002047292455727
adult,iid,20,42,4,12,0.9836738663118026,0.0002661480192445,0.8900954653937947,2.7503071152512604e-05,0.8108603685652866,-0.0019971259315521,0.8678027699798483,-0.0108795676129018,,0.9112853860523816,-0.0027612135751209,0.0027612135751209,0.8578155389497389,0.72,0.6297608503100088,0.671863926293409,0.2993791103363037,-0.0001741349697113,-0.0007165523595046,0.2993791103363037,0.8578155389497389,-0.0007165523595046
adult,iid,20,42,4,13,0.9836738663118026,-0.0001535469341795,0.8900954653937947,-0.0014032826686829,0.8108603685652866,-0.0024657444329574,0.8678027699798483,0.0096244568952463,,0.9112853860523816,-0.0007234617050875,0.0007234617050875,0.8578155389497389,0.72,0.6297608503100088,0.671863926293409,0.2993791103363037,-7.835030555725098e-05,-0.0007165523595046,0.2993791103363037,0.8578155389497389,-0.0007165523595046
adult,iid,20,42,4,14,0.9836738663118026,5.9371481216152766e-05,0.8900954653937947,0.0017766490234332,0.8108603685652866,0.0015496995824865,0.8678027699798483,0.0282676560006522,,0.9112853860523816,-0.000663944543962,0.000663944543962,0.8578155389497389,0.72,0.6297608503100088,0.671863926293409,0.2993791103363037,-4.1991472244262695e-05,-0.0001023646227863,0.2993791103363037,0.8578155389497389,-0.0001023646227863
adult,iid,20,42,4,15,0.9836738663118026,-7.677346708978572e-05,0.8900954653937947,0.0034176770239185,0.8108603685652866,0.0001703342686949,0.8678027699798483,-0.0092546214865636,,0.9112853860523816,0.0004909835289401,0.0004909835289401,0.8578155389497389,0.72,0.6297608503100088,0.671863926293409,0.2993791103363037,0.0001974403858184,-0.0012283754734364,0.2993791103363037,0.8578155389497389,-0.0012283754734364
adult,iid,20,42,4,16,0.9836738663118026,0.0003009519909918,0.8900954653937947,0.003273759967438,0.8108603685652866,0.0026360787016526,0.8678027699798483,0.0338384838495497,,0.9112853860523816,0.0026500500183319,0.0026500500183319,0.8578155389497389,0.72,0.6297608503100088,0.671863926293409,0.2993791103363037,0.0002096593379974,-0.0005118231139318,0.2993791103363037,0.8578155389497389,-0.0005118231139318
adult,iid,20,42,4,17,0.9836738663118026,-0.0004370969392977,0.8900954653937947,-0.0018673297409537,0.8108603685652866,-0.0015549976205713,0.8678027699798483,0.0058998939999299,,0.9112853860523816,-0.0005182030040862,0.0005182030040862,0.8578155389497389,0.72,0.6297608503100088,0.671863926293409,0.2993791103363037,-9.623169898986816e-05,-0.0006141877367181,0.2993791103363037,0.8578155389497389,-0.0006141877367181
adult,iid,20,42,4,18,0.9836738663118026,0.0003388269014228,0.8900954653937947,0.0003053890579167,0.8108603685652866,0.001086379119166,0.8678027699798483,-0.0117415462032173,,0.9112853860523816,0.0004427849936856,0.0004427849936856,0.8578155389497389,0.72,0.6297608503100088,0.671863926293409,0.2993791103363037,4.094839096069336e-05,-0.0004094584911454,0.2993791103363037,0.8578155389497389,-0.0004094584911454
adult,iid,20,42,4,19,0.9836738663118026,-3.070938683591429e-05,0.8900954653937947,-0.0019221935967792,0.8108603685652866,-0.0023271983927721,0.8678027699798483,0.007047257393796,,0.9112853860523816,-0.0018243681033547,0.0018243681033547,0.8578155389497389,0.72,0.6297608503100088,0.671863926293409,0.2993791103363037,0.0001159310340881,-0.0001023646227863,0.2993791103363037,0.8578155389497389,-0.0001023646227863
adult,iid,20,42,5,0,0.9836718190193467,-0.0001371685945338,0.8896297178235504,-0.0011125674141476,0.8049757485823059,0.0017041397369266,0.8290370301343057,-0.011520227375974,,0.906274109421986,-0.0010091432746479,0.0010091432746479,0.8597604667826799,0.7195845697329377,0.6443755535872453,0.6799065420560748,0.2973359823226928,0.0001464486122131,0.0006141877367181,0.2973359823226928,0.8597604667826799,0.0006141877367181
adult,iid,20,42,5,1,0.9836718190193467,0.0004544989251713,0.8896297178235504,0.0039562630182627,0.8049757485823059,0.0048035389018995,0.8290370301343057,0.0005067036307937,,0.906274109421986,0.0049925994965838,0.0049925994965838,0.8597604667826799,0.7195845697329377,0.6443755535872453,0.6799065420560748,0.2973359823226928,0.0003158152103424,0.0002047292455727,0.2973359823226928,0.8597604667826799,0.0002047292455727
adult,iid,20,42,5,2,0.9836718190193467,0.0003511106561572,0.8896297178235504,-0.0013615948028925,0.8049757485823059,-0.0009266409266409,0.8290370301343057,-0.0126093489731968,,0.906274109421986,-0.0022449632152519,0.0022449632152519,0.8597604667826799,0.7195845697329377,0.6443755535872453,0.6799065420560748,0.2973359823226928,4.360079765319824e-05,-0.0004094584911454,0.2973359823226928,0.8597604667826799,-0.0004094584911454
adult,iid,20,42,5,3,0.9836718190193467,0.0,0.8896297178235504,-0.001413460480244,0.8049757485823059,-0.0013952594280464,0.8290370301343057,-0.0192081445328424,,0.906274109421986,9.6004530051208e-05,9.6004530051208e-05,0.8597604667826799,0.7195845697329377,0.6443755535872453,0.6799065420560748,0.2973359823226928,-0.0001440048217773,-0.0008189169822908,0.2973359823226928,0.8597604667826799,-0.0008189169822908
adult,iid,20,42,5,4,0.9836718190193467,-0.0002548879107381,0.8896297178235504,-0.0025353041714561,0.8049757485823059,-0.0052403691747955,0.8290370301343057,-0.0073384663770106,,0.906274109421986,-0.0077118085870993,0.0077118085870993,0.8597604667826799,0.7195845697329377,0.6443755535872453,0.6799065420560748,0.2973359823226928,-0.0001800060272216,-0.0012283754734363,0.2973359823226928,0.8597604667826799,-0.0012283754734363
adult,iid,20,42,5,5,0.9836718190193467,0.0002937864673968,0.8896297178235504,-0.0028190673122285,0.8049757485823059,-0.0026254826254826,0.8290370301343057,-0.0105242926533797,,0.906274109421986,-0.0033797057740687,0.0033797057740687,0.8597604667826799,0.7195845697329377,0.6443755535872453,0.6799065420560748,0.2973359823226928,-9.104609489440918e-05,0.0003070938683591,0.2973359823226928,0.8597604667826799,0.0003070938683591
adult,iid,20,42,5,6,0.9836718190193467,-0.0003439451325621,0.8896297178235504,-0.0046869746582797,0.8049757485823059,-0.0012461173116911,0.8290370301343057,-0.0253817749769942,,0.906274109421986,-0.0010569925278229,0.0010569925278229,0.8597604667826799,0.7195845697329377,0.6443755535872453,0.6799065420560748,0.2973359823226928,0.0002003908157348,0.0006141877367181,0.2973359823226928,0.8597604667826799,0.0006141877367181
adult,iid,20,42,5,7,0.9836718190193467,-0.0001607124577746,0.8896297178235504,0.0028979407868662,0.8049757485823059,0.0010916771572508,0.8290370301343057,-0.0097496767580285,,0.906274109421986,-0.0012462770268744,0.0012462770268744,0.8597604667826799,0.7195845697329377,0.6443755535872453,0.6799065420560748,0.2973359823226928,0.0002903938293457,0.0003070938683591,0.2973359823226928,0.8597604667826799,0.0003070938683591
adult,iid,20,42,5,8,0.9836718190193467,0.0001248848397993,0.8896297178235504,-0.0007404762009705,0.8049757485823059,0.0006071645415907,0.8290370301343057,-0.0214096844459457,,0.906274109421986,0.0003389830508474,0.0003389830508474,0.8597604667826799,0.7195845697329377,0.6443755535872453,0.6799065420560748,0.2973359823226928,8.32974910736084e-05,-0.0002047292455726,0.2973359823226928,0.8597604667826799,-0.0002047292455726
adult,iid,20,42,5,9,0.9836718190193467,-0.0003163066844099,0.8896297178235504,-0.0031211451689505,0.8049757485823059,-0.0038451097467491,0.8290370301343057,0.0175278686996938,,0.906274109421986,-0.0079594210547855,0.0079594210547855,0.8597604667826799,0.7195845697329377,0.6443755535872453,0.6799065420560748,0.2973359823226928,-0.0001653730869293,-0.0002047292455726,0.2973359823226928,0.8597604667826799,-0.0002047292455726
adult,iid,20,42,5,10,0.9836718190193467,0.0003685126420308,0.8896297178235504,-0.0002118922752945,0.8049757485823059,0.0004686185014053,0.8290370301343057,-0.0254924343906159,,0.906274109421986,-0.000753755023364,0.000753755023364,0.8597604667826799,0.7195845697329377,0.6443755535872453,0.6799065420560748,0.2973359823226928,-4.0918588638305664e-05,0.0002047292455727,0.2973359823226928,0.8597604667826799,0.0002047292455727
adult,iid,20,42,5,11,0.9836718190193467,0.0004330023543862,0.8896297178235504,-0.0017600642414727,0.8049757485823059,0.0006283566939304,0.8290370301343057,-0.0070996750107745,,0.906274109421986,-0.0002911554268615,0.0002911554268615,0.8597604667826799,0.7195845697329377,0.6443755535872453,0.6799065420560748,0.2973359823226928,5.996227264404297e-05,0.0002047292455727,0.2973359823226928,0.8597604667826799,0.0002047292455727
adult,iid,20,42,5,12,0.9836718190193467,0.000321424915549,0.8896297178235504,-0.0016409740902283,0.8049757485823059,-0.0004474263490656,0.8290370301343057,0.0061794546238165,,0.906274109421986,-0.0027475930229533,0.0027475930229533,0.8597604667826799,0.7195845697329377,0.6443755535872453,0.6799065420560748,0.2973359823226928,-0.0001443624496459,0.0002047292455727,0.2973359823226928,0.8597604667826799,0.0002047292455727
adult,iid,20,42,5,13,0.9836718190193467,-0.0002620534343331,0.8896297178235504,0.0004762471722823,0.8049757485823059,-0.0023113042785174,0.8290370301343057,-0.0108795676129016,,0.906274109421986,-0.0025042652200777,0.0025042652200777,0.8597604667826799,0.7195845697329377,0.6443755535872453,0.6799065420560748,0.2973359823226928,-5.683302879333496e-05,-0.0,0.2973359823226928,0.8597604667826799,-0.0
adult,iid,20,42,5,14,0.9836718190193467,8.80335755961692e-05,0.8896297178235504,0.000793783116056,0.8049757485823059,0.0010863791191659,0.8290370301343057,-0.01175901874221,,0.906274109421986,-0.0003152546944887,0.0003152546944887,0.8597604667826799,0.7195845697329377,0.6443755535872453,0.6799065420560748,0.2973359823226928,5.7578086853027344e-05,0.0006141877367181,0.2973359823226928,0.8597604667826799,0.0006141877367181
adult,iid,20,42,5,15,0.9836718190193467,-0.000315283038182,0.8896297178235504,0.0012299557771494,0.8049757485823059,0.0001597381925251,0.8290370301343057,-0.0172162750876538,,0.906274109421986,-0.0005181813748968,0.0005181813748968,0.8597604667826799,0.7195845697329377,0.6443755535872453,0.6799065420560748,0.2973359823226928,0.0001362562179565,-0.0006141877367181,0.2973359823226928,0.8597604667826799,-0.0006141877367181
adult,iid,20,42,5,16,0.9836718190193467,0.0002507933258265,0.8896297178235504,0.00124323519623,0.8049757485823059,0.0026360787016523,0.8290370301343057,0.0167911099721607,,0.906274109421986,0.0012144452340278,0.0012144452340278,0.8597604667826799,0.7195845697329377,0.6443755535872453,0.6799065420560748,0.2973359823226928,0.0001914799213409,-0.0005118231139318,0.2973359823226928,0.8597604667826799,-0.0005118231139318
adult,iid,20,42,5,17,0.9836718190193467,-0.0003019756372197,0.8896297178235504,-0.0036782126360828,0.8049757485823059,-0.0034029814357683,0.8290370301343057,-0.0116075900709384,,0.906274109421986,-0.0029968088527771,0.0029968088527771,0.8597604667826799,0.7195845697329377,0.6443755535872453,0.6799065420560748,0.2973359823226928,-0.0001797080039978,0.0001023646227863,0.2973359823226928,0.8597604667826799,0.0001023646227863
adult,iid,20,42,5,18,0.9836718190193467,9.008086805195604e-05,0.8896297178235504,0.0026442312663292,0.8049757485823059,0.0007722007722006,0.8290370301343057,-0.0162378129040523,,0.906274109421986,2.216825259926392e-05,2.216825259926392e-05,0.8597604667826799,0.7195845697329377,0.6443755535872453,0.6799065420560748,0.2973359823226928,0.0001023113727569,-0.0007165523595045,0.2973359823226928,0.8597604667826799,-0.0007165523595045
adult,iid,20,42,5,19,0.9836718190193467,-0.0001392158869895,0.8896297178235504,-0.0017832222335381,0.8049757485823059,-0.0007827968483706,0.8290370301343057,-0.0406353015177809,,0.906274109421986,-0.0007992506267566,0.0007992506267566,0.8597604667826799,0.7195845697329377,0.6443755535872453,0.6799065420560748,0.2973359823226928,7.548928260803223e-05,-0.0009212816050773,0.2973359823226928,0.8597604667826799,-0.0009212816050773
adult,iid,20,42,6,0,0.9840741119868972,-0.0003623707646637,0.89289954880076,0.0026643385370394,0.8072923508989083,0.0018744740056215,0.812263392701138,-0.0115959417116098,,0.9116188682576412,0.0015950101347261,0.0015950101347261,0.8621148531067663,0.7269556552067763,0.646147032772365,0.6841735052754983,0.2954847812652588,0.0002611875534057,0.0004094584911454,0.2954847812652588,0.8621148531067663,0.0004094584911454
adult,iid,20,42,6,1,0.9840741119868972,0.00022520217013,0.89289954880076,0.0025585722057736,0.8072923508989083,0.0031152932792276,0.812263392701138,-0.0084101154352409,,0.9116188682576412,0.0047154139039692,0.0047154139039692,0.8621148531067663,0.7269556552067763,0.646147032772365,0.6841735052754983,0.2954847812652588,0.0001965165138244,0.0005118231139318,0.2954847812652588,0.8621148531067663,0.0005118231139318
adult,iid,20,42,6,2,0.9840741119868972,7.063158972253625e-05,0.89289954880076,-0.0008311564948942,0.8072923508989083,-0.0004686185014053,0.812263392701138,-0.011380447064031,,0.9116188682576412,0.0006021470857291,0.0006021470857291,0.8621148531067663,0.7269556552067763,0.646147032772365,0.6841735052754983,0.2954847812652588,3.993511199951172e-05,-0.0,0.2954847812652588,0.8621148531067663,-0.0
adult,iid,20,42,6,3,0.9840741119868972,-2.9685740608020872e-05,0.89289954880076,-0.0015435763476608,0.8072923508989083,-0.0009478330789806,0.812263392701138,-0.0140013279129636,,0.9116188682576412,0.0035211626491342,0.0035211626491342,0.8621148531067663,0.7269556552067763,0.646147032772365,0.6841735052754983,0.2954847812652588,-0.0002043843269348,-0.0,0.2954847812652588,0.8621148531067663,-0.0
adult,iid,20,42,6,4,0.9840741119868972,-0.0001863036134711,0.89289954880076,-0.0025749731139567,0.8072923508989083,-0.0040207420535289,0.812263392701138,-0.0118638539761675,,0.9116188682576412,-0.0024545282102529,0.0024545282102529,0.8621148531067663,0.7269556552067763,0.646147032772365,0.6841735052754983,0.2954847812652588,-0.0001548826694488,0.000307093868359,0.2954847812652588,0.8621148531067663,0.000307093868359
adult,iid,20,42,6,5,0.9840741119868972,0.0003060702221312,0.89289954880076,-0.0013871835902603,0.8072923508989083,-0.0017200338511813,0.812263392701138,-0.0070181364954746,,0.9116188682576412,-0.0005046040811077,0.0005046040811077,0.8621148531067663,0.7269556552067763,0.646147032772365,0.6841735052754983,0.2954847812652588,-6.371736526489258e-05,0.000307093868359,0.2954847812652588,0.8621148531067663,0.000307093868359
adult,iid,20,42,6,6,0.9840741119868972,-0.0003767018118537,0.89289954880076,-0.0037873054920793,0.8072923508989083,-0.0007933929245405,0.812263392701138,0.0024636279979963,,0.9116188682576412,0.002195182947049,0.002195182947049,0.8621148531067663,0.7269556552067763,0.646147032772365,0.6841735052754983,0.2954847812652588,0.0002177059650421,0.0001023646227863,0.2954847812652588,0.8621148531067663,0.0001023646227863
adult,iid,20,42,6,7,0.9840741119868972,-2.5591155696558232e-05,0.89289954880076,0.0024788214415966,0.8072923508989083,0.0023219003546872,0.812263392701138,-0.0201807825367796,,0.9116188682576412,0.0038877793447748,0.0038877793447748,0.8621148531067663,0.7269556552067763,0.646147032772365,0.6841735052754983,0.2954847812652588,0.0002251267433166,0.0008189169822908,0.2954847812652588,0.8621148531067663,0.0008189169822908
adult,iid,20,42,6,8,0.9840741119868972,6.960794349475385e-05,0.89289954880076,-0.0003435339685073,0.8072923508989083,0.0016776495465019,0.812263392701138,0.0071113233701032,,0.9116188682576412,0.0051620477636291,0.0051620477636291,0.8621148531067663,0.7269556552067763,0.646147032772365,0.6841735052754983,0.2954847812652588,3.0308961868286133e-05,0.0001023646227863,0.2954847812652588,0.8621148531067663,0.0001023646227863
adult,iid,20,42,6,9,0.9840741119868972,-0.0003142593919541,0.89289954880076,-0.0039513127559839,0.8072923508989083,-0.0024657444329575,0.812263392701138,0.0096040722664212,,0.9116188682576412,-0.0032203220528359,0.0032203220528359,0.8621148531067663,0.7269556552067763,0.646147032772365,0.6841735052754983,0.2954847812652588,-0.0001119971275329,0.0007165523595045,0.2954847812652588,0.8621148531067663,0.0007165523595045
adult,iid,20,42,6,10,0.9840741119868972,-5.118231139356055e-06,0.89289954880076,0.0011873664212775,0.8072923508989083,0.0004580224252355,0.812263392701138,0.0017006604619738,,0.9116188682576412,0.0002791166076425,0.0002791166076425,0.8621148531067663,0.7269556552067763,0.646147032772365,0.6841735052754983,0.2954847812652588,-5.27799129486084e-05,-0.0,0.2954847812652588,0.8621148531067663,-0.0
adult,iid,20,42,6,11,0.9840741119868972,0.0002518169720544,0.89289954880076,8.055770283710295e-05,0.8072923508989083,0.001081081081081,0.812263392701138,0.0126326456918541,,0.9116188682576412,0.0029610200480103,0.0029610200480103,0.8621148531067663,0.7269556552067763,0.646147032772365,0.6841735052754983,0.2954847812652588,0.0001083016395568,-0.0003070938683591,0.2954847812652588,0.8621148531067663,-0.0003070938683591
adult,iid,20,42,6,12,0.9840741119868972,0.0001832326747875,0.89289954880076,0.0001569427905449,0.8072923508989083,-0.0016670534703321,0.812263392701138,0.0164591317312954,,0.9116188682576412,-0.0034753177636621,0.0034753177636621,0.8621148531067663,0.7269556552067763,0.646147032772365,0.6841735052754983,0.2954847812652588,-0.0001097321510314,0.000307093868359,0.2954847812652588,0.8621148531067663,0.000307093868359
adult,iid,20,42,6,13,0.9840741119868972,-0.0003408741938786,0.89289954880076,-0.0003688828744151,0.8072923508989083,-0.0027746247418378,0.812263392701138,-0.0161446260294237,,0.9116188682576412,-0.0015491436200647,0.0015491436200647,0.8621148531067663,0.7269556552067763,0.646147032772365,0.6841735052754983,0.2954847812652588,-0.000147521495819,-0.0001023646227863,0.2954847812652588,0.8621148531067663,-0.0001023646227863
adult,iid,20,42,6,14,0.9840741119868972,5.425325007679671e-05,0.89289954880076,0.0016623129897886,0.8072923508989083,0.0015549976205713,0.812263392701138,-0.0147992405269719,,0.9116188682576412,0.0024086316012952,0.0024086316012952,0.8621148531067663,0.7269556552067763,0.646147032772365,0.6841735052754983,0.2954847812652588,2.54213809967041e-05,-0.0,0.2954847812652588,0.8621148531067663,-0.0
adult,iid,20,42,6,15,0.9840741119868972,-0.0001740198587368,0.89289954880076,0.0017681229429895,0.8072923508989083,0.0006230586558455,0.812263392701138,0.0076937413365327,,0.9116188682576412,0.0025302955027329,0.0025302955027329,0.8621148531067663,0.7269556552067763,0.646147032772365,0.6841735052754983,0.2954847812652588,0.0001585483551025,-0.0001023646227863,0.2954847812652588,0.8621148531067663,-0.0001023646227863
adult,iid,20,42,6,16,0.9840741119868972,9.417545296341868e-05,0.89289954880076,0.0030468872038017,0.8072923508989083,0.0014058555042162,0.812263392701138,0.0119453924914676,,0.9116188682576412,0.0020455492828204,0.0020455492828204,0.8621148531067663,0.7269556552067763,0.646147032772365,0.6841735052754983,0.2954847812652588,0.0001839697360992,0.0006141877367181,0.2954847812652588,0.8621148531067663,0.0006141877367181
adult,iid,20,42,6,17,0.9840741119868972,-5.425325007679671e-05,0.89289954880076,-0.0036316937746736,0.8072923508989083,-0.0024922346233822,0.812263392701138,0.0036226397511911,,0.9116188682576412,0.0013636562635019,0.0013636562635019,0.8621148531067663,0.7269556552067763,0.646147032772365,0.6841735052754983,0.2954847812652588,-9.27448272705078e-05,0.0004094584911454,0.2954847812652588,0.8621148531067663,0.0004094584911454
adult,iid,20,42,6,18,0.9840741119868972,-2.2520217012989008e-05,0.89289954880076,0.0016364908710353,0.8072923508989083,0.0026307806635674,0.812263392701138,0.0235704551013991,,0.9116188682576412,0.0035810723507176,0.0035810723507176,0.8621148531067663,0.7269556552067763,0.646147032772365,0.6841735052754983,0.2954847812652588,0.0001088976860046,-0.0002047292455727,0.2954847812652588,0.8621148531067663,-0.0002047292455727
adult,iid,20,42,6,19,0.9840741119868972,-8.905722182417364e-05,0.89289954880076,-0.0011063859173409,0.8072923508989083,-0.0004845126156601,0.812263392701138,-0.0141469324045708,,0.9116188682576412,0.001433652140087,0.001433652140087,0.8621148531067663,0.7269556552067763,0.646147032772365,0.6841735052754983,0.2954847812652588,0.0001511573791503,-0.0003070938683591,0.2954847812652588,0.8621148531067663,-0.0003070938683591
adult,iid,20,42,7,0,0.9843812058552563,-0.0001218139011157,0.8923915619815121,0.0001660426936782,0.8071538048587229,0.0037330538969883,0.827936260177754,-0.0164649559109599,,0.9110520873419244,0.0034150935732704,0.0034150935732704,0.8637526870713481,0.7318659329664833,0.6479185119574845,0.6873385012919897,0.2939246594905853,0.0002311766147613,0.0013307400962226,0.2939246594905853,0.8637526870713481,0.0013307400962226
adult,iid,20,42,7,1,0.9843812058552563,0.0003582761797522,0.8923915619815121,0.0011439338980206,0.8071538048587229,0.0041857782841389,0.827936260177754,-0.0171347365723537,,0.9110520873419244,0.005383272201473,0.005383272201473,0.8637526870713481,0.7318659329664833,0.6479185119574845,0.6873385012919897,0.2939246594905853,0.0002491772174835,0.0006141877367181,0.2939246594905853,0.8637526870713481,0.0006141877367181
adult,iid,20,42,7,2,0.9843812058552563,-0.0001279557784829,0.8923915619815121,-0.0009354499895676,0.8071538048587229,0.0004527243871506,0.827936260177754,-0.0023937378420249,,0.9110520873419244,0.0013617468776629,0.0013617468776629,0.8637526870713481,0.7318659329664833,0.6479185119574845,0.6873385012919897,0.2939246594905853,1.8924474716186523e-05,0.0001023646227863,0.2939246594905853,0.8637526870713481,0.0001023646227863
adult,iid,20,42,7,3,0.9843812058552563,-0.0002262258163577,0.8923915619815121,-0.0016089122892964,0.8071538048587229,0.0001279499640155,0.827936260177754,-0.017752099616769,,0.9110520873419244,0.0028031748013477,0.0028031748013477,0.8637526870713481,0.7318659329664833,0.6479185119574845,0.6873385012919897,0.2939246594905853,-0.0001852512359619,0.0004094584911453,0.2939246594905853,0.8637526870713481,0.0004094584911453
adult,iid,20,42,7,4,0.9843812058552563,-0.0003633944108916,0.8923915619815121,-0.0033800831683161,0.8071538048587229,-0.003094101126888,0.827936260177754,-0.0090915444559633,,0.9110520873419244,-0.0021711269378,0.0021711269378,0.8637526870713481,0.7318659329664833,0.6479185119574845,0.6873385012919897,0.2939246594905853,-0.0002424120903015,-0.0005118231139318,0.2939246594905853,0.8637526870713481,-0.0005118231139318
adult,iid,20,42,7,5,0.9843812058552563,6.34660661276154e-05,0.8923915619815121,-0.0006857258326177,0.8071538048587229,-0.0014164515803859,0.827936260177754,0.0012056051905089,,0.9110520873419244,-0.000335112555684,0.000335112555684,0.8637526870713481,0.7318659329664833,0.6479185119574845,0.6873385012919897,0.2939246594905853,-3.865361213684082e-05,0.0002047292455726,0.2939246594905853,0.8637526870713481,0.0002047292455726
adult,iid,20,42,7,6,0.9843812058552563,-0.000232367693725,0.8923915619815121,-0.0024513544381677,0.8071538048587229,-0.000324774423135,0.827936260177754,-0.0231394658062411,,0.9110520873419244,0.0014414279236847,0.0014414279236847,0.8637526870713481,0.7318659329664833,0.6479185119574845,0.6873385012919897,0.2939246594905853,0.0003154873847961,0.000307093868359,0.2939246594905853,0.8637526870713481,0.000307093868359
adult,iid,20,42,7,7,0.9843812058552563,7.57498208618923e-05,0.8923915619815121,0.001076896580468,0.8071538048587229,0.0035468255140386,0.827936260177754,-0.0047001129890855,,0.9110520873419244,0.0046652627244974,0.0046652627244974,0.8637526870713481,0.7318659329664833,0.6479185119574845,0.6873385012919897,0.2939246594905853,0.0003080964088439,0.0010236462278636,0.2939246594905853,0.8637526870713481,0.0010236462278636
adult,iid,20,42,7,8,0.9843812058552563,-4.196949534240879e-05,0.8923915619815121,0.0002114671947822,0.8071538048587229,0.0001385460401853,0.827936260177754,0.0051252781045789,,0.9110520873419244,0.0009411301365765,0.0009411301365765,0.8637526870713481,0.7318659329664833,0.6479185119574845,0.6873385012919897,0.2939246594905853,0.0001155138015747,-0.0002047292455727,0.2939246594905853,0.8637526870713481,-0.0002047292455727
adult,iid,20,42,7,9,0.9843812058552563,-0.0001596888115467,0.8923915619815121,-0.0018585862105447,0.8071538048587229,-0.0019865298553822,0.827936260177754,0.0334599121713707,,0.9110520873419244,-0.0044005169566672,0.0044005169566672,0.8637526870713481,0.7318659329664833,0.6479185119574845,0.6873385012919897,0.2939246594905853,-0.0001538395881652,0.000307093868359,0.2939246594905853,0.8637526870713481,0.000307093868359
adult,iid,20,42,7,10,0.9843812058552563,-0.0001207902548878,0.8923915619815121,-0.000660370672033,0.8071538048587229,0.0004580224252355,0.827936260177754,0.0110193479248448,,0.9110520873419244,0.0014115055166769,0.0014115055166769,0.8637526870713481,0.7318659329664833,0.6479185119574845,0.6873385012919897,0.2939246594905853,-9.965896606445312e-05,0.0004094584911453,0.2939246594905853,0.8637526870713481,0.0004094584911453
adult,iid,20,42,7,11,0.9843812058552563,0.0002641007267888,0.8923915619815121,-0.000105771193787,0.8071538048587229,0.0013793653137915,0.827936260177754,-0.0033663758459621,,0.9110520873419244,0.0024743211838805,0.0024743211838805,0.8637526870713481,0.7318659329664833,0.6479185119574845,0.6873385012919897,0.2939246594905853,0.0001340210437774,0.0001023646227863,0.2939246594905853,0.8637526870713481,0.0001023646227863
adult,iid,20,42,7,12,0.9843812058552563,0.0003285904391442,0.8923915619815121,-0.0022017508000861,0.8071538048587229,-0.0016829475845868,0.827936260177754,-0.0032440680730119,,0.9110520873419244,-0.0029470285845741,0.0029470285845741,0.8637526870713481,0.7318659329664833,0.6479185119574845,0.6873385012919897,0.2939246594905853,-0.0001094937324523,0.0004094584911453,0.2939246594905853,0.8637526870713481,0.0004094584911453
adult,iid,20,42,7,13,0.9843812058552563,-0.0003787491043094,0.8923915619815121,-0.0014525846203143,0.8071538048587229,-0.0003141783469652,0.827936260177754,-0.0031974746356975,,0.9110520873419244,0.0002569483550431,0.0002569483550431,0.8637526870713481,0.7318659329664833,0.6479185119574845,0.6873385012919897,0.2939246594905853,-1.901388168334961e-05,0.0007165523595045,0.2939246594905853,0.8637526870713481,0.0007165523595045
adult,iid,20,42,7,14,0.9843812058552563,-6.244241989961097e-05,0.8923915619815121,-0.0010413446092891,0.8071538048587229,0.0010969751953359,0.827936260177754,-0.0107572598399514,,0.9110520873419244,0.0005423022717134,0.0005423022717134,0.8637526870713481,0.7318659329664833,0.6479185119574845,0.6873385012919897,0.2939246594905853,6.5267086029052734e-06,0.0002047292455726,0.2939246594905853,0.8637526870713481,0.0002047292455726
adult,iid,20,42,7,15,0.9843812058552563,-0.000269218957928,0.8923915619815121,0.0002753794088981,0.8071538048587229,-0.0012196271212664,0.827936260177754,-0.0175191324301973,,0.9110520873419244,-0.0008793326783437,0.0008793326783437,0.8637526870713481,0.7318659329664833,0.6479185119574845,0.6873385012919897,0.2939246594905853,4.443526268005371e-05,0.000307093868359,0.2939246594905853,0.8637526870713481,0.000307093868359
adult,iid,20,42,7,16,0.9843812058552563,0.0002866209438018,0.8923915619815121,0.0006438740517041,0.8071538048587229,0.0027799227799227,0.827936260177754,0.0186548474647345,,0.9110520873419244,0.0030345070433828,0.0030345070433828,0.8637526870713481,0.7318659329664833,0.6479185119574845,0.6873385012919897,0.2939246594905853,0.0001580119132995,0.0004094584911453,0.2939246594905853,0.8637526870713481,0.0004094584911453
adult,iid,20,42,7,17,0.9843812058552563,-0.0001228375473436,0.8923915619815121,-0.002782160300001,0.8071538048587229,-0.0021780562764169,0.827936260177754,0.0213922119069527,,0.9110520873419244,0.0005002761579189,0.0005002761579189,0.8637526870713481,0.7318659329664833,0.6479185119574845,0.6873385012919897,0.2939246594905853,-6.797909736633301e-05,0.0005118231139318,0.2939246594905853,0.8637526870713481,0.0005118231139318
adult,iid,20,42,7,18,0.9843812058552563,-6.1418773671384486e-06,0.8923915619815121,5.103554091456797e-05,0.8071538048587229,0.0010757830429961,0.827936260177754,0.0071695651667462,,0.9110520873419244,0.0035888265051261,0.0035888265051261,0.8637526870713481,0.7318659329664833,0.6479185119574845,0.6873385012919897,0.2939246594905853,9.763240814208984e-05,0.0004094584911453,0.2939246594905853,0.8637526870713481,0.0004094584911453
adult,iid,20,42,7,19,0.9843812058552563,-6.653700481107361e-05,0.8923915619815121,0.0002114671947822,0.8071538048587229,-1.0596076169822057e-05,0.827936260177754,-0.0096157206257496,,0.9110520873419244,0.0010328716310066,0.0010328716310066,0.8637526870713481,0.7318659329664833,0.6479185119574845,0.6873385012919897,0.2939246594905853,0.0001316666603088,-0.0002047292455727,0.2939246594905853,0.8637526870713481,-0.0002047292455727
adult,iid,20,42,8,0,0.9846760159688812,-4.504043402608904e-05,0.8946307929358777,0.0004810362015712,0.8037402273467847,0.0018744740056215,0.8615359526610677,-0.026581555987839,,0.9090881501201538,-0.0002954184624828,0.0002954184624828,0.8636503224485618,0.7280788177339902,0.6545615589016829,0.6893656716417911,0.292864978313446,0.0002122819423675,0.0010236462278636,0.292864978313446,0.8636503224485618,0.0010236462278636
adult,iid,20,42,8,1,0.9846760159688812,0.0006807247415292,0.8946307929358777,0.0020786107726897,0.8037402273467847,0.0032644353955829,0.8615359526610677,-0.0132733054549265,,0.9090881501201538,0.0003168580566266,0.0003168580566266,0.8636503224485618,0.7280788177339902,0.6545615589016829,0.6893656716417911,0.292864978313446,0.0002030432224273,0.0005118231139318,0.292864978313446,0.8636503224485618,0.0005118231139318
adult,iid,20,42,8,2,0.9846760159688812,0.0002436278022315,0.8946307929358777,-0.00041777375448,0.8037402273467847,0.0012196271212664,0.8615359526610677,-0.0111154468893055,,0.9090881501201538,0.0039021501845869,0.0039021501845869,0.8636503224485618,0.7280788177339902,0.6545615589016829,0.6893656716417911,0.292864978313446,5.376338958740234e-05,-0.0005118231139318,0.292864978313446,0.8636503224485618,-0.0005118231139318
adult,iid,20,42,8,3,0.9846760159688812,-4.708772648176485e-05,0.8946307929358777,-0.0009358263149521,0.8037402273467847,-0.0003141783469652,0.8615359526610677,-0.0358769467320527,,0.9090881501201538,0.0007117721679479,0.0007117721679479,0.8636503224485618,0.7280788177339902,0.6545615589016829,0.6893656716417911,0.292864978313446,-0.0001819431781768,0.0001023646227863,0.292864978313446,0.8636503224485618,0.0001023646227863
adult,iid,20,42,8,4,0.9846760159688812,-0.0002528406182823,0.8946307929358777,-0.0008102964661353,0.8037402273467847,-0.0034082794738532,0.8615359526610677,0.0059756083355659,,0.9090881501201538,-0.0025917436788864,0.0025917436788864,0.8636503224485618,0.7280788177339902,0.6545615589016829,0.6893656716417911,0.292864978313446,-0.0003520846366882,-0.0008189169822909,0.292864978313446,0.8636503224485618,-0.0008189169822909
adult,iid,20,42,8,5,0.9846760159688812,7.472617463399889e-05,0.8946307929358777,-0.0006987471305045,0.8037402273467847,-0.0020289141600616,0.8615359526610677,0.0002271430069076,,0.9090881501201538,0.0007117505387588,0.0007117505387588,0.8636503224485618,0.7280788177339902,0.6545615589016829,0.6893656716417911,0.292864978313446,-6.267428398132324e-05,0.0001023646227863,0.292864978313446,0.8636503224485618,0.0001023646227863
adult,iid,20,42,8,6,0.9846760159688812,-0.0003029992834476,0.8946307929358777,-0.001753320875622,0.8037402273467847,-0.0003300724612199,0.8615359526610677,-0.0135470418991483,,0.9090881501201538,0.001240061347036,0.001240061347036,0.8636503224485618,0.7280788177339902,0.6545615589016829,0.6893656716417911,0.292864978313446,0.0002851486206054,0.0002047292455726,0.292864978313446,0.8636503224485618,0.0002047292455726
adult,iid,20,42,8,7,0.9846760159688812,3.0709386835692243e-06,0.8946307929358777,0.0029730262336111,0.8037402273467847,0.0018638779294516,0.8615359526610677,-0.0156437465782943,,0.9090881501201538,0.0005858452308888,0.0005858452308888,0.8636503224485618,0.7280788177339902,0.6545615589016829,0.6893656716417911,0.292864978313446,0.0002677738666534,0.0010236462278636,0.292864978313446,0.8636503224485618,0.0010236462278636
adult,iid,20,42,8,8,0.9846760159688812,-4.606408025387143e-05,0.8946307929358777,-0.0005429293456354,0.8037402273467847,-0.0004792145775752,0.8615359526610677,-0.0078102249298186,,0.9090881501201538,0.0026157996881353,0.0026157996881353,0.8636503224485618,0.7280788177339902,0.6545615589016829,0.6893656716417911,0.292864978313446,3.2842159271240234e-05,0.0004094584911454,0.292864978313446,0.8636503224485618,0.0004094584911454
adult,iid,20,42,8,9,0.9846760159688812,-7.165523595054069e-05,0.8946307929358777,-0.0006987471305045,0.8037402273467847,-0.0013793653137915,0.8615359526610677,-0.0602045451898098,,0.9090881501201538,-0.0026259291215154,0.0026259291215154,0.8636503224485618,0.7280788177339902,0.6545615589016829,0.6893656716417911,0.292864978313446,-0.0002046823501586,0.0001023646227863,0.292864978313446,0.8636503224485618,0.0001023646227863
adult,iid,20,42,8,10,0.9846760159688812,0.0001617361040023,0.8946307929358777,-0.0001185255422543,0.8037402273467847,-0.0010651869668262,0.8615359526610677,-0.0077752798518326,,0.9090881501201538,-0.0047733060737676,0.0047733060737676,0.8636503224485618,0.7280788177339902,0.6545615589016829,0.6893656716417911,0.292864978313446,-2.1845102310180664e-05,-0.0,0.292864978313446,0.8636503224485618,-0.0
adult,iid,20,42,8,11,0.9846760159688812,0.0001596888115467,0.8946307929358777,0.0001435374527715,0.8037402273467847,0.0013952594280463,0.8615359526610677,-0.0298722174981651,,0.9090881501201538,0.0003588192828534,0.0003588192828534,0.8636503224485618,0.7280788177339902,0.6545615589016829,0.6893656716417911,0.292864978313446,0.0001609027385711,0.0002047292455726,0.292864978313446,0.8636503224485618,0.0002047292455726
adult,iid,20,42,8,12,0.9846760159688812,0.0004360732930698,0.8946307929358777,-0.0009605794272415,0.8037402273467847,-0.0007616046960309,0.8615359526610677,-0.0250497967361296,,0.9090881501201538,-0.0017326049797354,0.0017326049797354,0.8636503224485618,0.7280788177339902,0.6545615589016829,0.6893656716417911,0.292864978313446,-0.0001140236854553,-0.0001023646227863,0.292864978313446,0.8636503224485618,-0.0001023646227863
adult,iid,20,42,8,13,0.9846760159688812,-0.0001064592076979,0.8946307929358777,0.0005800700157544,0.8037402273467847,-0.0013793653137915,0.8615359526610677,-0.0202972661300655,,0.9090881501201538,-0.0024743211838805,0.0024743211838805,0.8636503224485618,0.7280788177339902,0.6545615589016829,0.6893656716417911,0.292864978313446,-6.923079490661621e-05,-0.0001023646227863,0.292864978313446,0.8636503224485618,-0.0001023646227863
adult,iid,20,42,8,14,0.9846760159688812,0.0001126010850649,0.8946307929358777,0.0011347616599625,0.8037402273467847,-0.0021409700098223,0.8615359526610677,-0.0326037577607192,,0.9090881501201538,-0.0069265277945895,0.0069265277945895,0.8636503224485618,0.7280788177339902,0.6545615589016829,0.6893656716417911,0.292864978313446,6.118416786193848e-05,-0.0004094584911454,0.292864978313446,0.8636503224485618,-0.0004094584911454
adult,iid,20,42,8,15,0.9846760159688812,-6.039512744404618e-05,0.8946307929358777,0.0018032884901159,0.8037402273467847,-0.0018214936247723,0.8615359526610677,-0.0163484723176738,,0.9090881501201538,-0.0050205476301851,0.0050205476301851,0.8636503224485618,0.7280788177339902,0.6545615589016829,0.6893656716417911,0.292864978313446,1.8149614334106445e-05,0.0002047292455726,0.292864978313446,0.8636503224485618,0.0002047292455726
adult,iid,20,42,8,16,0.9846760159688812,0.0003981983826388,0.8946307929358777,0.0019472876589892,0.8037402273467847,0.0017041397369266,0.8615359526610677,-0.0192547379701568,,0.9090881501201538,0.0005780694472912,0.0005780694472912,0.8636503224485618,0.7280788177339902,0.6545615589016829,0.6893656716417911,0.292864978313446,0.0002259016036987,0.0004094584911454,0.292864978313446,0.8636503224485618,0.0004094584911454
adult,iid,20,42,8,17,0.9846760159688812,2.5591155696558232e-05,0.8946307929358777,0.0003054760302977,0.8037402273467847,-0.0023219003546871,0.8615359526610677,-0.015696164195273,,0.9090881501201538,0.000115819132868,0.000115819132868,0.8636503224485618,0.7280788177339902,0.6545615589016829,0.6893656716417911,0.292864978313446,-1.767277717590332e-05,-0.0004094584911454,0.292864978313446,0.8636503224485618,-0.0004094584911454
adult,iid,20,42,8,18,0.9846760159688812,5.9371481216041744e-05,0.8946307929358777,0.0004741021690174,0.8037402273467847,0.0007880948864555,0.8615359526610677,-0.0222192454192826,,0.9090881501201538,-0.0011125526770283,0.0011125526770283,0.8636503224485618,0.7280788177339902,0.6545615589016829,0.6893656716417911,0.292864978313446,0.000113159418106,-0.0,0.292864978313446,0.8636503224485618,-0.0
adult,iid,20,42,8,19,0.9846760159688812,-0.0001003173303306,0.8946307929358777,-0.0003555766267631,0.8037402273467847,-0.000159738192525,0.8615359526610677,-0.0270882596186328,,0.9090881501201538,-0.0004625995965024,0.0004625995965024,0.8636503224485618,0.7280788177339902,0.6545615589016829,0.6893656716417911,0.292864978313446,0.0001328885555267,-0.0,0.292864978313446,0.8636503224485618,-0.0
adult,iid,20,42,9,0,0.984833657487972,0.0002815027126624,0.8923750887994317,-0.0007999853845445,0.804810712351696,0.0043296223624093,0.8570804552178826,3.494507798573743e-05,,0.9120207862357264,0.0038773006293151,0.0038773006293151,0.8645716040536391,0.7304090685066535,0.6563330380868024,0.6913925822253324,0.2919166684150696,0.0002526044845581,0.0021496570785136,0.2919166684150696,0.8645716040536391,0.0021496570785136
adult,iid,20,42,9,1,0.984833657487972,0.0003418978401064,0.8923750887994317,0.002381009462546,0.804810712351696,0.0046385026712896,0.8570804552178826,0.0107339631212943,,0.9120207862357264,0.0057642381077366,0.0057642381077366,0.8645716040536391,0.7304090685066535,0.6563330380868024,0.6913925822253324,0.2919166684150696,0.0001936852931976,0.0001023646227863,0.2919166684150696,0.8645716040536391,0.0001023646227863
adult,iid,20,42,9,2,0.984833657487972,0.0001197666086599,0.8923750887994317,-0.0010151030982228,0.804810712351696,0.000756306657946,0.8570804552178826,0.0074986313177789,,0.9120207862357264,0.0055348368807296,0.0055348368807296,0.8645716040536391,0.7304090685066535,0.6563330380868024,0.6913925822253324,0.2919166684150696,-1.8596649169921875e-05,0.0004094584911454,0.2919166684150696,0.8645716040536391,0.0004094584911454
adult,iid,20,42,9,3,0.984833657487972,-6.141877367182857e-05,0.8923750887994317,-0.0008713566981985,0.804810712351696,0.0004474263490658,0.8570804552178826,0.0286753485771529,,0.9120207862357264,0.0035767660567179,0.0035767660567179,0.8645716040536391,0.7304090685066535,0.6563330380868024,0.6913925822253324,0.2919166684150696,-0.0001634955406188,0.0006141877367181,0.2919166684150696,0.8645716040536391,0.0006141877367181
adult,iid,20,42,9,4,0.984833657487972,-0.0004340260006142,0.8923750887994317,-0.0040623594192923,0.804810712351696,-0.0043402184385791,0.8570804552178826,0.0510955281948537,,0.9120207862357264,-0.0029249035903532,0.0029249035903532,0.8645716040536391,0.7304090685066535,0.6563330380868024,0.6913925822253324,0.2919166684150696,-0.0003602206707,-0.000307093868359,0.2919166684150696,0.8645716040536391,-0.000307093868359
adult,iid,20,42,9,5,0.984833657487972,-5.7324188760365935e-05,0.8923750887994317,-0.0009345618814444,0.804810712351696,-0.0007933929245403,0.8570804552178826,0.0045020908804993,,0.9120207862357264,0.0021951829470489,0.0021951829470489,0.8645716040536391,0.7304090685066535,0.6563330380868024,0.6913925822253324,0.2919166684150696,-1.7881393432617188e-06,0.0001023646227863,0.2919166684150696,0.8645716040536391,0.0001023646227863
adult,iid,20,42,9,6,0.984833657487972,-0.0003091411608148,0.8923750887994317,-0.0019627458369103,0.804810712351696,0.0010439948144865,0.8570804552178826,0.0436726112127108,,0.9120207862357264,0.0062326175852412,0.0062326175852412,0.8645716040536391,0.7304090685066535,0.6563330380868024,0.6913925822253324,0.2919166684150696,0.0002819001674652,0.0004094584911454,0.2919166684150696,0.8645716040536391,0.0004094584911454
adult,iid,20,42,9,7,0.984833657487972,-0.0001371685945337,0.8923750887994317,0.0036310129700478,0.804810712351696,0.0001597381925251,0.8570804552178826,0.0180491327796479,,0.9120207862357264,7.775783597785413e-06,7.775783597785413e-06,0.8645716040536391,0.7304090685066535,0.6563330380868024,0.6913925822253324,0.2919166684150696,0.0002186596393585,0.0006141877367181,0.2919166684150696,0.8645716040536391,0.0006141877367181
adult,iid,20,42,9,8,0.984833657487972,-3.480397174737693e-05,0.8923750887994317,-0.0028979831114792,0.804810712351696,-0.0006442508081851,0.8570804552178826,-0.0105825344500227,,0.9120207862357264,0.0032358303616533,0.0032358303616533,0.8645716040536391,0.7304090685066535,0.6563330380868024,0.6913925822253324,0.2919166684150696,6.878376007080078e-05,0.0005118231139318,0.2919166684150696,0.8645716040536391,0.0005118231139318
adult,iid,20,42,9,9,0.984833657487972,-0.00010543556147,0.8923750887994317,-0.0036334389750559,0.804810712351696,-0.0015391035063165,0.8570804552178826,0.0183811110205127,,0.9120207862357264,-0.0018045318713487,0.0018045318713487,0.8645716040536391,0.7304090685066535,0.6563330380868024,0.6913925822253324,0.2919166684150696,-0.0002779364585876,0.0003070938683591,0.2919166684150696,0.8645716040536391,0.0003070938683591
adult,iid,20,42,9,10,0.984833657487972,7.37025284062165e-05,0.8923750887994317,-0.002598832490279,0.804810712351696,-0.001075783042996,0.8570804552178826,0.0201283649198009,,0.9120207862357264,-0.001778872499962,0.001778872499962,0.8645716040536391,0.7304090685066535,0.6563330380868024,0.6913925822253324,0.2919166684150696,-7.727742195129395e-05,0.0010236462278636,0.2919166684150696,0.8645716040536391,0.0010236462278636
adult,iid,20,42,9,11,0.984833657487972,0.0002149657078514,0.8923750887994317,-0.0011335584405587,0.804810712351696,0.0012355212355211,0.8570804552178826,0.010410721149926,,0.9120207862357264,0.0011802165330202,0.0011802165330202,0.8645716040536391,0.7304090685066535,0.6563330380868024,0.6913925822253324,0.2919166684150696,0.0001108944416046,0.0004094584911454,0.2919166684150696,0.8645716040536391,0.0004094584911454
adult,iid,20,42,9,12,0.984833657487972,-7.677346708978572e-05,0.8923750887994317,-0.0012217865704344,0.804810712351696,-0.0012196271212664,0.8570804552178826,0.0236519936166992,,0.9120207862357264,-0.0018601136497432,0.0018601136497432,0.8645716040536391,0.7304090685066535,0.6563330380868024,0.6913925822253324,0.2919166684150696,-7.733702659606934e-05,-0.000307093868359,0.2919166684150696,0.8645716040536391,-0.000307093868359
adult,iid,20,42,9,13,0.984833657487972,-0.0001115774388371,0.8923750887994317,0.0001566830194956,0.804810712351696,-0.0014005574661312,0.8570804552178826,-0.0053815420098077,,0.9120207862357264,0.0004205951118972,0.0004205951118972,0.8645716040536391,0.7304090685066535,0.6563330380868024,0.6913925822253324,0.2919166684150696,-6.35385513305664e-05,0.0003070938683591,0.2919166684150696,0.8645716040536391,0.0003070938683591
adult,iid,20,42,9,14,0.984833657487972,2.6614801924451648e-05,0.8923750887994317,-4.19728119427365e-05,0.804810712351696,0.001086379119166,0.8570804552178826,0.0063454437442487,,0.9120207862357264,0.0011203500898154,0.0011203500898154,0.8645716040536391,0.7304090685066535,0.6563330380868024,0.6913925822253324,0.2919166684150696,6.273388862609863e-05,0.0006141877367181,0.2919166684150696,0.8645716040536391,0.0006141877367181
adult,iid,20,42,9,15,0.984833657487972,-0.0001494523492681,0.8923750887994317,0.0031570793207587,0.804810712351696,0.0006177606177606,0.8570804552178826,0.0213397942899742,,0.9120207862357264,0.0031581019598487,0.0031581019598487,0.8645716040536391,0.7304090685066535,0.6563330380868024,0.6913925822253324,0.2919166684150696,8.881092071533203e-05,0.0006141877367181,0.2919166684150696,0.8645716040536391,0.0006141877367181
adult,iid,20,42,9,16,0.984833657487972,0.0004166240147405,0.8923750887994317,0.0013129740531064,0.804810712351696,0.0026307806635675,0.8570804552178826,0.0162611096227098,,0.9120207862357264,0.0026714247249082,0.0026714247249082,0.8645716040536391,0.7304090685066535,0.6563330380868024,0.6913925822253324,0.2919166684150696,0.0002168118953704,0.0010236462278636,0.2919166684150696,0.8645716040536391,0.0010236462278636
adult,iid,20,42,9,17,0.984833657487972,-0.0001955164295219,0.8923750887994317,-0.002767091295355,0.804810712351696,-0.0017147358130964,0.8570804552178826,0.0193624852939464,,0.9120207862357264,0.0009807593422103,0.0009807593422103,0.8645716040536391,0.7304090685066535,0.6563330380868024,0.6913925822253324,0.2919166684150696,-7.209181785583496e-05,0.0006141877367181,0.2919166684150696,0.8645716040536391,0.0006141877367181
adult,iid,20,42,9,18,0.984833657487972,0.0001248848397993,0.8923750887994317,0.0009600503151214,0.804810712351696,0.0024657444329575,0.8570804552178826,0.02232408065324,,0.9120207862357264,0.0054850998709048,0.0054850998709048,0.8645716040536391,0.7304090685066535,0.6563330380868024,0.6913925822253324,0.2919166684150696,0.0001433789730072,0.0001023646227863,0.2919166684150696,0.8645716040536391,0.0001023646227863
adult,iid,20,42,9,19,0.984833657487972,-3.685126420316376e-05,0.8923750887994317,-0.0008414377780514,0.804810712351696,0.0010598889287414,0.8570804552178826,-0.0011764842921875,,0.9120207862357264,0.0031363347128147,0.0031363347128147,0.8645716040536391,0.7304090685066535,0.6563330380868024,0.6913925822253324,0.2919166684150696,0.0002178251743316,-0.0001023646227863,0.2919166684150696,0.8645716040536391,-0.0001023646227863
adult,iid,20,42,10,0,0.9849912990070632,0.00034496877879,0.8980921910178932,0.0025131937439806,0.8074255989010087,0.0029502570486177,0.8490780323591423,-0.0167503407145104,,0.9137137620098283,0.0013318460998443,0.0013318460998443,0.8638550516941345,0.7299306243805749,0.6523472099202834,0.6889616463985033,0.2909774482250213,0.0002680420875549,0.0002047292455726,0.2909774482250213,0.8638550516941345,0.0002047292455726
adult,iid,20,42,10,1,0.9849912990070632,0.0003992220288668,0.8980921910178932,0.0012179310131572,0.8074255989010087,0.0038715999371736,0.8490780323591423,0.001502638353388,,0.9137137620098283,0.0057206951485611,0.0057206951485611,0.8638550516941345,0.7299306243805749,0.6523472099202834,0.6889616463985033,0.2909774482250213,0.0001440346240997,-0.0007165523595046,0.2909774482250213,0.8638550516941345,-0.0007165523595046
adult,iid,20,42,10,2,0.9849912990070632,2.047292455786831e-06,0.8980921910178932,0.0002465470784992,0.8074255989010087,-0.0002929861946255,0.8490780323591423,0.0384920034013209,,0.9137137620098283,-0.0002927155306209,0.0002927155306209,0.8638550516941345,0.7299306243805749,0.6523472099202834,0.6889616463985033,0.2909774482250213,3.552436828613281e-05,-0.0009212816050773,0.2909774482250213,0.8638550516941345,-0.0009212816050773
adult,iid,20,42,10,3,0.9849912990070632,-0.0001996110144334,0.8980921910178932,-0.0016827171683406,0.8074255989010087,-0.0011075712715057,0.8490780323591423,0.0334307912730491,,0.9137137620098283,0.0017745662059625,0.0017745662059625,0.8638550516941345,0.7299306243805749,0.6523472099202834,0.6889616463985033,0.2909774482250213,-0.0002179741859436,-0.0002047292455727,0.2909774482250213,0.8638550516941345,-0.0002047292455727
adult,iid,20,42,10,4,0.9849912990070632,-0.0002272494625856,0.8980921910178932,-0.002487759272082,0.8074255989010087,-0.0058899180210655,0.8490780323591423,0.0411128842502532,,0.9137137620098283,-0.0059613416487641,0.0059613416487641,0.8638550516941345,0.7299306243805749,0.6523472099202834,0.6889616463985033,0.2909774482250213,-0.0003434121608734,-0.0010236462278636,0.2909774482250213,0.8638550516941345,-0.0010236462278636
adult,iid,20,42,10,5,0.9849912990070632,-0.0001883509059269,0.8980921910178932,-0.0008294821661334,0.8074255989010087,-0.0012567133878609,0.8490780323591423,0.0243741918950715,,0.9137137620098283,0.0017146997627575,0.0017146997627575,0.8638550516941345,0.7299306243805749,0.6523472099202834,0.6889616463985033,0.2909774482250213,-1.916289329528809e-05,-0.0,0.2909774482250213,0.8638550516941345,-0.0
adult,iid,20,42,10,6,0.9849912990070632,-0.0001934691370661,0.8980921910178932,-0.0007709070398993,0.8074255989010087,0.0001332480021004,0.8490780323591423,0.0124229752239395,,0.9137137620098283,0.0023269762818669,0.0023269762818669,0.8638550516941345,0.7299306243805749,0.6523472099202834,0.6889616463985033,0.2909774482250213,0.0002631247043609,-0.0005118231139318,0.2909774482250213,0.8638550516941345,-0.0005118231139318
adult,iid,20,42,10,7,0.9849912990070632,-5.220595762100988e-05,0.8980921910178932,0.0015282099752391,0.8074255989010087,0.0013899613899613,0.8490780323591423,0.0156029773206445,,0.9137137620098283,0.0017446654281438,0.0017446654281438,0.8638550516941345,0.7299306243805749,0.6523472099202834,0.6889616463985033,0.2909774482250213,0.0001580715179443,-0.0001023646227864,0.2909774482250213,0.8638550516941345,-0.0001023646227864
adult,iid,20,42,10,8,0.9849912990070632,-0.000157641519091,0.8980921910178932,0.0004832895027416,0.8074255989010087,-0.001240819273606,0.8490780323591423,0.0258244126314808,,0.9137137620098283,0.0003572375499049,0.0003572375499049,0.8638550516941345,0.7299306243805749,0.6523472099202834,0.6889616463985033,0.2909774482250213,0.0001021921634674,-0.0009212816050773,0.2909774482250213,0.8638550516941345,-0.0009212816050773
adult,iid,20,42,10,9,0.9849912990070632,-0.0001177193162043,0.8980921910178932,-0.0013630434681324,0.8074255989010087,-0.0059913777946564,0.8490780323591423,0.0140304488112847,,0.9137137620098283,-0.0094965042264421,0.0094965042264421,0.8638550516941345,0.7299306243805749,0.6523472099202834,0.6889616463985033,0.2909774482250213,-0.0001974999904632,-0.0005118231139318,0.2909774482250213,0.8638550516941345,-0.0005118231139318
adult,iid,20,42,10,10,0.9849912990070632,8.700992936838681e-05,0.8980921910178932,9.432346665516622e-05,0.8074255989010087,0.0,0.8490780323591423,0.0421437640508335,,0.9137137620098283,0.0001516079376349,0.0001516079376349,0.8638550516941345,0.7299306243805749,0.6523472099202834,0.6889616463985033,0.2909774482250213,-9.059906005859377e-06,-0.0002047292455727,0.2909774482250213,0.8638550516941345,-0.0002047292455727
adult,iid,20,42,10,11,0.9849912990070632,4.9135018937440655e-05,0.8980921910178932,0.0002127928423215,0.8074255989010087,0.0019918278934673,0.8490780323591423,0.0343218907616862,,0.9137137620098283,0.0031662787490117,0.0031662787490117,0.8638550516941345,0.7299306243805749,0.6523472099202834,0.6889616463985033,0.2909774482250213,0.0001243352890014,-0.0002047292455727,0.2909774482250213,0.8638550516941345,-0.0002047292455727
adult,iid,20,42,10,12,0.9849912990070632,0.0001525232879516,0.8980921910178932,0.0002491002380875,0.8074255989010087,0.0009425350408956,0.8490780323591423,0.0111591282367877,,0.9137137620098283,0.003303886758103,0.003303886758103,0.8638550516941345,0.7299306243805749,0.6523472099202834,0.6889616463985033,0.2909774482250213,2.026557922363281e-05,0.0001023646227863,0.2909774482250213,0.8638550516941345,0.0001023646227863
adult,iid,20,42,10,13,0.9849912990070632,-0.000142286825673,0.8980921910178932,0.0005346856823466,0.8074255989010087,-0.0006230586558454,0.8490780323591423,0.0015142867127166,,0.9137137620098283,0.0014733029749098,0.0014733029749098,0.8638550516941345,0.7299306243805749,0.6523472099202834,0.6889616463985033,0.2909774482250213,-7.450580596923828e-07,0.0005118231139317,0.2909774482250213,0.8638550516941345,0.0005118231139317
adult,iid,20,42,10,14,0.9849912990070632,0.0001668543351417,0.8980921910178932,0.0017406155618401,0.8074255989010087,0.0001650362306099,0.8490780323591423,0.0163426481380097,,0.9137137620098283,-0.0019040275201873,0.0019040275201873,0.8638550516941345,0.7299306243805749,0.6523472099202834,0.6889616463985033,0.2909774482250213,9.185075759887697e-05,-0.0003070938683591,0.2909774482250213,0.8638550516941345,-0.0003070938683591
adult,iid,20,42,10,15,0.9849912990070632,-5.834783498825935e-05,0.8980921910178932,0.0013401758448253,0.8074255989010087,-0.0004633204633205,0.8490780323591423,0.0062609931391162,,0.9137137620098283,0.0006519057247431,0.0006519057247431,0.8638550516941345,0.7299306243805749,0.6523472099202834,0.6889616463985033,0.2909774482250213,-3.641843795776367e-05,0.000307093868359,0.2909774482250213,0.8638550516941345,0.000307093868359
adult,iid,20,42,10,16,0.9849912990070632,0.0004749718497287,0.8980921910178932,0.0028563531416191,0.8074255989010087,0.0017094377750115,0.8490780323591423,0.0093944017985068,,0.9137137620098283,0.0010826518992097,0.0010826518992097,0.8638550516941345,0.7299306243805749,0.6523472099202834,0.6889616463985033,0.2909774482250213,0.0002077519893646,0.0001023646227863,0.2909774482250213,0.8638550516941345,0.0001023646227863
adult,iid,20,42,10,17,0.9849912990070632,-0.0003388269014228,0.8980921910178932,-0.000877369564838,0.8074255989010087,-0.0020236161219767,0.8490780323591423,0.0113163810877239,,0.9137137620098283,-6.766385599199509e-05,6.766385599199509e-05,0.8638550516941345,0.7299306243805749,0.6523472099202834,0.6889616463985033,0.2909774482250213,3.129243850708008e-06,-0.0004094584911454,0.2909774482250213,0.8638550516941345,-0.0004094584911454
adult,iid,20,42,10,18,0.9849912990070632,0.0001228375473436,0.8980921910178932,-0.0003795540360104,0.8074255989010087,0.0020024239696371,0.8490780323591423,0.0290277114468426,,0.9137137620098283,0.0051562246242484,0.0051562246242484,0.8638550516941345,0.7299306243805749,0.6523472099202834,0.6889616463985033,0.2909774482250213,7.295608520507812e-05,-0.0002047292455727,0.2909774482250213,0.8638550516941345,-0.0002047292455727
adult,iid,20,42,10,19,0.9849912990070632,-0.0002149657078514,0.8980921910178932,-0.0008881267435486,0.8074255989010087,0.0003035822707954,0.8490780323591423,0.0169308902841036,,0.9137137620098283,0.0025858772811273,0.0025858772811273,0.8638550516941345,0.7299306243805749,0.6523472099202834,0.6889616463985033,0.2909774482250213,0.000173270702362,0.0005118231139317,0.2909774482250213,0.8638550516941345,0.0005118231139317
adult,iid,4,42,1,0,0.9819254785546117,-0.0011597911761694,0.8812425328554361,-0.0031837949230077,0.804150567429256,0.0029555550867026,0.8397826416149285,0.0026267050285968,,0.9047735738078482,0.011047147761673,0.011047147761673,0.8567918927218753,0.7087992221682061,0.645704162976085,0.6757821552723059,0.3026464879512787,0.0014859437942504,0.0029685740608045,0.3026464879512787,0.8567918927218753,0.0029685740608045
adult,iid,4,42,1,1,0.9819254785546117,-0.0029583375985259,0.8812425328554361,-0.0186978368523754,0.804150567429256,-0.0149798979307176,0.8397826416149285,-0.0318640869433539,,0.9047735738078482,-0.0060392129897858,0.0060392129897858,0.8567918927218753,0.7087992221682061,0.645704162976085,0.6757821552723059,0.3026464879512787,0.0012618899345397,-0.0015354693417954,0.3026464879512787,0.8567918927218753,-0.0015354693417954
adult,iid,4,42,1,2,0.9819254785546117,0.0018323267478759,0.8812425328554361,0.0195658861488492,0.804150567429256,0.0166991347319216,0.8397826416149285,-0.0263369404419386,,0.9047735738078482,0.0008694590291009,0.0008694590291009,0.8567918927218753,0.7087992221682061,0.645704162976085,0.6757821552723059,0.3026464879512787,0.0017005503177642,0.0020472924557272,0.3026464879512787,0.8567918927218753,0.0020472924557272
adult,iid,4,42,1,3,0.9819254785546117,0.0005077285290203,0.8812425328554361,0.0042882423673109,0.804150567429256,0.0001120558497607,0.8397826416149285,0.0115609966336243,,0.9047735738078482,0.00439271954388,0.00439271954388,0.8567918927218753,0.7087992221682061,0.645704162976085,0.6757821552723059,0.3026464879512787,0.0005804896354675,-0.0009212816050773,0.3026464879512787,0.8567918927218753,-0.0009212816050773
adult,iid,4,42,2,0,0.985676118333504,0.001621455624936,0.9102229601518026,0.017942675116173,0.8248985285050858,0.0145915470505634,0.816992626588545,0.0009493412852799,,0.929128530818992,0.0103518373179971,0.0103518373179971,0.8631384993346299,0.7432646592709984,0.6231178033658105,0.6779089376053963,0.2935148179531097,0.0015973448753356,0.0012283754734363,0.2935148179531097,0.8631384993346299,0.0012283754734363
adult,iid,4,42,2,1,0.985676118333504,-0.0009069505578871,0.9102229601518026,-0.0092489085290585,0.8248985285050858,-0.0098039022629187,0.816992626588545,0.0134946242821698,,0.929128530818992,-0.0074082835821186,0.0074082835821186,0.8631384993346299,0.7432646592709984,0.6231178033658105,0.6779089376053963,0.2935148179531097,0.0019581019878387,0.0025591155696591,0.2935148179531097,0.8631384993346299,0.0025591155696591
adult,iid,4,42,2,2,0.985676118333504,0.0005773364725151,0.9102229601518026,0.009332752436669,0.8248985285050858,-0.0039791547988269,0.816992626588545,0.0220037507717036,,0.929128530818992,-0.0185287490717834,0.0185287490717834,0.8631384993346299,0.7432646592709984,0.6231178033658105,0.6779089376053963,0.2935148179531097,0.0001375973224639,0.0007165523595045,0.2935148179531097,0.8631384993346299,0.0007165523595045
adult,iid,4,42,2,3,0.985676118333504,0.0004544989251714,0.9102229601518026,-0.0085196258505698,0.8248985285050858,-0.0111832675767102,0.816992626588545,0.0018695616722383,,0.929128530818992,-0.0067793126677112,0.0067793126677112,0.8631384993346299,0.7432646592709984,0.6231178033658105,0.6779089376053963,0.2935148179531097,0.0012305080890655,0.0002047292455726,0.2935148179531097,0.8631384993346299,0.0002047292455726
adult,iid,4,42,3,0,0.9871604053639064,0.0015436585116184,0.9037142181215992,0.004438769731054,0.823737976852731,0.0035733157044632,0.9249437966662396,0.0442841500774613,,0.9363613298088024,-0.0015864029058243,0.0015864029058243,0.86539052103593,0.7424164524421594,0.6395039858281665,0.6871282417320961,0.2903994619846344,0.0012287199497222,0.0035827617975227,0.2903994619846344,0.86539052103593,0.0035827617975227
adult,iid,4,42,3,1,0.9871604053639064,-0.0009141160814821,0.9037142181215992,-0.0092931400554717,0.823737976852731,-0.0068271550238763,0.9249437966662396,0.0061503337254946,,0.9363613298088024,-0.0047663887237605,0.0047663887237605,0.86539052103593,0.7424164524421594,0.6395039858281665,0.6871282417320961,0.2903994619846344,0.0012012124061584,0.0028662094380181,0.2903994619846344,0.86539052103593,0.0028662094380181
adult,iid,4,42,3,2,0.9871604053639064,-0.0001924454908382,0.9037142181215992,0.0042244827472074,0.823737976852731,0.0046588977736519,0.9249437966662396,-0.0218639704597607,,0.9363613298088024,-0.0030371187595135,0.0030371187595135,0.86539052103593,0.7424164524421594,0.6395039858281665,0.6871282417320961,0.2903994619846344,0.0011842250823974,0.0027638448152318,0.2903994619846344,0.86539052103593,0.0027638448152318
adult,iid,4,42,3,3,0.9871604053639064,-0.0001822090285596,0.9037142181215992,-0.0058715806949688,0.823737976852731,-0.0065500629435054,0.9249437966662396,0.0122482498340108,,0.9363613298088024,0.00150316049435,0.00150316049435,0.86539052103593,0.7424164524421594,0.6395039858281665,0.6871282417320961,0.2903994619846344,0.0016140937805175,0.0004094584911453,0.2903994619846344,0.86539052103593,0.0004094584911453
adult,iid,4,42,4,0,0.9878401064592076,0.0012703449687788,0.8957250826641474,0.006323615902851,0.8182425047998818,0.0063691325986408,0.8932660834721431,1.1648359328875202e-05,,0.9398898108135092,0.0027391102100893,0.0027391102100893,0.8668236257549391,0.7355982274741507,0.6616474756421612,0.6966658894847284,0.2886116504669189,0.0012065172195434,0.0014331047190091,0.2886116504669189,0.8668236257549391,0.0014331047190091
adult,iid,4,42,4,1,0.9878401064592076,-0.0001883509059268,0.8957250826641474,-0.0037658608660999,0.8182425047998818,0.0003785518539616,0.8932660834721431,0.0569284441286446,,0.9398898108135092,0.0131925372764369,0.0131925372764369,0.8668236257549391,0.7355982274741507,0.6616474756421612,0.6966658894847284,0.2886116504669189,0.0011790990829467,0.0021496570785136,0.2886116504669189,0.8668236257549391,0.0021496570785136
adult,iid,4,42,4,2,0.9878401064592076,-9.72463916469879e-05,0.8957250826641474,0.0002948156018328,0.8182425047998818,0.0101339747241386,0.8932660834721431,-0.0117298978438886,,0.9398898108135092,0.0051687587707738,0.0051687587707738,0.8668236257549391,0.7355982274741507,0.6616474756421612,0.6966658894847284,0.2886116504669189,0.0015753209590911,0.0044016787798136,0.2886116504669189,0.8668236257549391,0.0044016787798136
adult,iid,4,42,4,3,0.9878401064592076,-0.0003807963967652,0.8957250826641474,-0.0087553523754553,0.8182425047998818,-0.0042970370839223,0.8932660834721431,0.0070210485853068,,0.9398898108135092,0.0077575537917329,0.0077575537917329,0.8668236257549391,0.7355982274741507,0.6616474756421612,0.6966658894847284,0.2886116504669189,0.0014169812202453,0.0009212816050773,0.2886116504669189,0.8668236257549391,0.0009212816050773
adult,iid,4,42,5,0,0.9880438120585524,0.0014157027331354,0.9089083175803404,0.0107535979210073,0.820894477615789,0.0125467387762469,0.8176624072499388,-0.0586553133991076,,0.9447311732837266,0.0118950929111137,0.0118950929111137,0.8664141672637936,0.7383691845922962,0.6536758193091231,0.693446088794926,0.2871426045894623,0.0016089677810668,0.0010236462278636,0.2871426045894623,0.8664141672637936,0.0010236462278636
adult,iid,4,42,5,1,0.9880438120585524,-0.0003285904391442,0.9089083175803404,-0.0058543200424843,0.820894477615789,-0.0051177172488648,0.8176624072499388,-0.0275454577222797,,0.9447311732837266,-0.0013384844144371,0.0013384844144371,0.8664141672637936,0.7383691845922962,0.6536758193091231,0.693446088794926,0.2871426045894623,0.0010401606559753,0.0017401985873681,0.2871426045894623,0.8664141672637936,0.0017401985873681
adult,iid,4,42,5,2,0.9880438120585524,0.0002989046985361,0.9089083175803404,0.0032390076028281,0.820894477615789,-0.0037550430993054,0.8176624072499388,-0.0216950692494963,,0.9447311732837266,-0.0088430036046686,0.0088430036046686,0.8664141672637936,0.7383691845922962,0.6536758193091231,0.693446088794926,0.2871426045894623,0.0010111927986145,0.0015354693417954,0.2871426045894623,0.8664141672637936,0.0015354693417954
adult,iid,4,42,5,3,0.9880438120585524,1.8425632101526368e-05,0.9089083175803404,-0.0058469437107451,0.820894477615789,-0.0053463299364938,0.8176624072499388,-0.0433959626786566,,0.9447311732837266,0.0097855903980329,0.0097855903980329,0.8664141672637936,0.7383691845922962,0.6536758193091231,0.693446088794926,0.2871426045894623,0.0021263062953948,0.0006141877367181,0.2871426045894623,0.8664141672637936,0.0006141877367181
adult,iid,4,42,6,0,0.9883079127853414,0.0010175043504964,0.9055778775703144,0.0118249196905225,0.8182531008760516,0.0084351330252969,0.8351873638598004,0.0394937623035795,,0.9423345805016504,-0.0001118489568658,0.0001118489568658,0.8662094380182209,0.7348148148148148,0.6589902568644819,0.6948400653747373,0.2869693338871002,0.0014965534210205,0.0010236462278636,0.2869693338871002,0.8662094380182209,0.0010236462278636
adult,iid,4,42,6,1,0.9883079127853414,-0.0005046575903367,0.9055778775703144,-0.0026735726486982,0.8182531008760516,-0.0025293208899767,0.8351873638598004,-0.0031800020967045,,0.9423345805016504,0.0014608283568546,0.0014608283568546,0.8662094380182209,0.7348148148148148,0.6589902568644819,0.6948400653747373,0.2869693338871002,0.0013352036476135,0.0015354693417954,0.2869693338871002,0.8662094380182209,0.0015354693417954
adult,iid,4,42,6,2,0.9883079127853414,0.0008086805200122,0.9055778775703144,0.0022299537562838,0.8182531008760516,-0.0002188136614367,0.8351873638598004,0.0119628650304606,,0.9423345805016504,-0.0063904280386327,0.0063904280386327,0.8662094380182209,0.7348148148148148,0.6589902568644819,0.6948400653747373,0.2869693338871002,0.0006878077983856,0.0009212816050773,0.2869693338871002,0.8662094380182209,0.0009212816050773
adult,iid,4,42,6,3,0.9883079127853414,-0.0001689016275975,0.9055778775703144,-0.0056067214612197,0.8182531008760516,-0.0061291267848645,0.8351873638598004,-0.021992102412375,,0.9423345805016504,0.007702342924607,0.007702342924607,0.8662094380182209,0.7348148148148148,0.6589902568644819,0.6948400653747373,0.2869693338871002,0.0026392340660095,-0.0005118231139318,0.2869693338871002,0.8662094380182209,-0.0005118231139318
adult,iid,4,42,7,0,0.9887654826491964,0.0008342716757088,0.9025974025974026,0.0103478751871947,0.8172946717209012,0.0096494621084785,0.7937017321110322,-0.0296974921082364,,0.9418237607407044,0.0005661171448289,0.0005661171448289,0.8670283550005118,0.7340165934602245,0.6660761736049602,0.698397956814488,0.2859311997890472,0.0010975897312164,0.0006141877367181,0.2859311997890472,0.8670283550005118,0.0006141877367181
adult,iid,4,42,7,1,0.9887654826491964,-0.000164807042686,0.9025974025974026,-0.001753507783302,0.8172946717209012,-0.0046755889378841,0.7937017321110322,-0.0409614555789816,,0.9418237607407044,-0.0043830691677145,0.0043830691677145,0.8670283550005118,0.7340165934602245,0.6660761736049602,0.698397956814488,0.2859311997890472,0.0018061697483062,0.0012283754734363,0.2859311997890472,0.8670283550005118,0.0012283754734363
adult,iid,4,42,7,2,0.9887654826491964,0.0003429214863343,0.9025974025974026,-0.0053097943722943,0.8172946717209012,-0.0016299672037377,0.7937017321110322,-0.0378455194585842,,0.9418237607407044,-0.0072822137058425,0.0072822137058425,0.8670283550005118,0.7340165934602245,0.6660761736049602,0.698397956814488,0.2859311997890472,0.0012144446372985,0.0022520217013,0.2859311997890472,0.8670283550005118,0.0022520217013
adult,iid,4,42,7,3,0.9887654826491964,0.0002989046985361,0.9025974025974026,-0.0090074189577853,0.8172946717209012,-0.0061132326706098,0.7937017321110322,-0.0539260795117007,,0.9418237607407044,0.001805983829162,0.001805983829162,0.8670283550005118,0.7340165934602245,0.6660761736049602,0.698397956814488,0.2859311997890472,0.0023178458213806,0.0008189169822908,0.2859311997890472,0.8670283550005118,0.0008189169822908
adult,iid,4,42,8,0,0.988302794554202,0.0005026102978811,0.910345641146632,0.014652425807399,0.818567279223017,0.0109273676486791,0.895659821314168,-0.022463860965183,,0.938974340048319,-0.0040434989137065,0.0040434989137065,0.8677449073600164,0.7391089108910891,0.6612046058458814,0.6979897148200094,0.285046637058258,0.0020806193351745,0.0002047292455727,0.285046637058258,0.8677449073600164,0.0002047292455727
adult,iid,4,42,8,1,0.988302794554202,-6.44897123553978e-05,0.910345641146632,-0.0030625100642361,0.818567279223017,-0.0036209980472274,0.895659821314168,0.0299071625761513,,0.938974340048319,0.0055783149523372,0.0055783149523372,0.8677449073600164,0.7391089108910891,0.6612046058458814,0.6979897148200094,0.285046637058258,0.0020645558834075,0.0012283754734364,0.285046637058258,0.8677449073600164,0.0012283754734364
adult,iid,4,42,8,2,0.988302794554202,4.401678779819562e-05,0.910345641146632,0.002016240485943,0.818567279223017,-0.0055977288764172,0.895659821314168,0.0119279199524748,,0.938974340048319,-0.0209373938371605,0.0209373938371605,0.8677449073600164,0.7391089108910891,0.6612046058458814,0.6979897148200094,0.285046637058258,0.0008567869663238,0.0001023646227864,0.285046637058258,0.8677449073600164,0.0001023646227864
adult,iid,4,42,8,3,0.988302794554202,0.0001955164295219,0.910345641146632,-0.0093848234472915,0.818567279223017,-0.0111620754243704,0.895659821314168,0.0260253468298992,,0.938974340048319,-0.0068834939869255,0.0068834939869255,0.8677449073600164,0.7391089108910891,0.6612046058458814,0.6979897148200094,0.285046637058258,0.0025954842567443,0.0018425632101546,0.285046637058258,0.8677449073600164,0.0018425632101546
adult,iid,4,42,9,0,0.9880990889548572,0.0002917391749411,0.914423984891407,0.0152504311723986,0.8183916469162371,0.011683674306625,0.8145289985905486,-0.0179093524677047,,0.9409304582281136,-0.0010766557263155,0.0010766557263155,0.8672330842460846,0.736350221347762,0.6629760850310009,0.6977394546725705,0.2850055992603302,0.0017169117927551,0.0002047292455727,0.2850055992603302,0.8672330842460846,0.0002047292455727
adult,iid,4,42,9,1,0.9880990889548572,0.0001627597502302,0.914423984891407,-0.0087892460595676,0.8183916469162371,-0.0081209546783317,0.8145289985905486,-0.0245547414646645,,0.9409304582281136,-0.0005287898654919,0.0005287898654919,0.8672330842460846,0.736350221347762,0.6629760850310009,0.6977394546725705,0.2850055992603302,0.0025179684162139,0.0007165523595046,0.2850055992603302,0.8672330842460846,0.0007165523595046
adult,iid,4,42,9,2,0.9880990889548572,-0.0004463097553485,0.914423984891407,0.0032945148099717,0.8183916469162371,-0.0013157888567724,0.8145289985905486,-0.0192052324430103,,0.9409304582281136,-0.0120687176970235,0.0120687176970235,0.8672330842460846,0.736350221347762,0.6629760850310009,0.6977394546725705,0.2850055992603302,0.0006537735462188,-0.0001023646227863,0.2850055992603302,0.8672330842460846,-0.0001023646227863
adult,iid,4,42,9,3,0.9880990889548572,0.0005189886375268,0.914423984891407,-0.0034424300248073,0.8183916469162371,-0.0099159581126794,0.8145289985905486,-0.0152302298221294,,0.9409304582281136,-0.0076364554642665,0.0076364554642665,0.8672330842460846,0.736350221347762,0.6629760850310009,0.6977394546725705,0.2850055992603302,0.0022449791431427,-0.0002047292455726,0.2850055992603302,0.8672330842460846,-0.0002047292455726
adult,iid,4,42,10,0,0.9879363292046268,0.0006448971235542,0.915743577657318,0.0145279515508621,0.8207135472709244,0.0135210620456522,0.84373143542732,-0.008689676059127,,0.9429278089756794,0.0066611615142498,0.0066611615142498,0.8686661889650936,0.7419354838709677,0.6620903454384411,0.6997425696232156,0.284593254327774,0.0019562542438507,0.0013307400962226,0.284593254327774,0.8686661889650936,0.0013307400962226
adult,iid,4,42,10,1,0.9879363292046268,0.0006663936943392,0.915743577657318,-0.0062975279415481,0.8207135472709244,-0.0022469307715208,0.84373143542732,-0.0062959382171021,,0.9429278089756794,0.0043736282404212,0.0043736282404212,0.8686661889650936,0.7419354838709677,0.6620903454384411,0.6997425696232156,0.284593254327774,0.0030940175056457,0.0020472924557272,0.284593254327774,0.8686661889650936,0.0020472924557272
adult,iid,4,42,10,2,0.9879363292046268,-0.0004227658921076,0.915743577657318,0.0004333629840459,0.8207135472709244,-0.0053153387579616,0.84373143542732,-0.0043098929515779,,0.9429278089756794,-0.0138693875383162,0.0138693875383162,0.8686661889650936,0.7419354838709677,0.6620903454384411,0.6997425696232156,0.284593254327774,0.0013774633407592,0.0008189169822908,0.284593254327774,0.8686661889650936,0.0008189169822908
adult,iid,4,42,10,3,0.9879363292046268,-0.0001791380898761,0.915743577657318,-0.0038876716039987,0.8207135472709244,-0.0048724133970035,0.84373143542732,0.0195634194923646,,0.9429278089756794,0.0037135240973259,0.0037135240973259,0.8686661889650936,0.7419354838709677,0.6620903454384411,0.6997425696232156,0.284593254327774,0.0024510025978088,0.002559115569659,0.284593254327774,0.8686661889650936,0.002559115569659
adult,iid,20,107,1,0,0.9860927423482444,-0.0001248848397994,0.856783618728296,-0.0012144655628917,0.8043228542904275,-0.0016839548161221,0.843061654765926,0.0069598946988316,,0.8897782708681636,-0.0009666198866424,0.0009666198866424,0.8548469648889344,0.7365930599369085,0.6044003451251079,0.6639810426540285,0.3217666447162628,0.0001810789108276,-0.0001023646227863,0.3217666447162628,0.8548469648889344,-0.0001023646227863
adult,iid,20,107,1,1,0.9860927423482444,-0.0001115774388371,0.856783618728296,-0.0012492074367932,0.8043228542904275,0.0012319063751154,0.843061654765926,-0.0143216577945,,0.8897782708681636,0.0060240963855421,0.0060240963855421,0.8548469648889344,0.7365930599369085,0.6044003451251079,0.6639810426540285,0.3217666447162628,0.0001030266284942,0.0004094584911454,0.3217666447162628,0.8548469648889344,0.0004094584911454
adult,iid,20,107,1,2,0.9860927423482444,0.0002651243730166,0.856783618728296,0.0021401196270377,0.8043228542904275,0.0009199632014719,0.843061654765926,-0.0099185779682935,,0.8897782708681636,0.0006613756613755,0.0006613756613755,0.8548469648889344,0.7365930599369085,0.6044003451251079,0.6639810426540285,0.3217666447162628,-0.0005240142345428,0.0006141877367181,0.3217666447162628,0.8548469648889344,0.0006141877367181
adult,iid,20,107,1,3,0.9860927423482444,-0.0002937864673968,0.856783618728296,-0.0044173881037787,0.8043228542904275,-0.0035252034123542,0.843061654765926,0.0284685901990702,,0.8897782708681636,-0.0035142367773497,0.0035142367773497,0.8548469648889344,0.7365930599369085,0.6044003451251079,0.6639810426540285,0.3217666447162628,0.0006154477596282,0.0008189169822909,0.3217666447162628,0.8548469648889344,0.0008189169822909
adult,iid,20,107,1,4,0.9860927423482444,-7.165523595142886e-06,0.856783618728296,0.0010789207417187,0.8043228542904275,0.0022999080036798,0.843061654765926,0.0140945147875919,,0.8897782708681636,0.0036956019604963,0.0036956019604963,0.8548469648889344,0.7365930599369085,0.6044003451251079,0.6639810426540285,0.3217666447162628,4.917383193969727e-06,0.0007165523595046,0.3217666447162628,0.8548469648889344,0.0007165523595046
adult,iid,20,107,1,5,0.9860927423482444,-0.0001555942266353,0.856783618728296,-0.0033721631770364,0.8043228542904275,-0.001991931409901,0.843061654765926,0.0308332071427737,,0.8897782708681636,-0.0030387762208622,0.0030387762208622,0.8548469648889344,0.7365930599369085,0.6044003451251079,0.6639810426540285,0.3217666447162628,0.0003858804702758,0.0006141877367181,0.3217666447162628,0.8548469648889344,0.0006141877367181
adult,iid,20,107,1,6,0.9860927423482444,0.00022520217013,0.856783618728296,0.0004961935785954,0.8043228542904275,-0.000611986607693,0.843061654765926,0.0059930808745587,,0.8897782708681636,0.0004200492566341,0.0004200492566341,0.8548469648889344,0.7365930599369085,0.6044003451251079,0.6639810426540285,0.3217666447162628,-0.0001480281352996,0.0001023646227863,0.3217666447162628,0.8548469648889344,0.0001023646227863
adult,iid,20,107,1,7,0.9860927423482444,-0.0001566178728631,0.856783618728296,0.0044877309450566,0.8043228542904275,0.0044372334540967,0.843061654765926,0.0259467204044308,,0.8897782708681636,0.0019417422816803,0.0019417422816803,0.8548469648889344,0.7365930599369085,0.6044003451251079,0.6639810426540285,0.3217666447162628,-0.0002160370349884,0.0010236462278636,0.3217666447162628,0.8548469648889344,0.0010236462278636
adult,iid,20,107,1,8,0.9860927423482444,7.472617463399889e-05,0.856783618728296,0.0020858329712643,0.8043228542904275,-2.6443865764891328e-06,0.843061654765926,0.0139256135773273,,0.8897782708681636,0.0022815598008576,0.0022815598008576,0.8548469648889344,0.7365930599369085,0.6044003451251079,0.6639810426540285,0.3217666447162628,-0.000217318534851,-0.0004094584911454,0.3217666447162628,0.8548469648889344,-0.0004094584911454
adult,iid,20,107,1,9,0.9860927423482444,-3.275667929170112e-05,0.856783618728296,0.0025146689019278,0.8043228542904275,0.001991931409901,0.843061654765926,-0.0114095679623527,,0.8897782708681636,0.0026141770424864,0.0026141770424864,0.8548469648889344,0.7365930599369085,0.6044003451251079,0.6639810426540285,0.3217666447162628,0.0001397430896759,-0.0,0.3217666447162628,0.8548469648889344,-0.0
adult,iid,20,107,1,10,0.9860927423482444,-8.189169822914177e-05,0.856783618728296,0.0005650709209631,0.8043228542904275,0.0023025523902562,0.843061654765926,-0.000133956132279,,0.8897782708681636,0.0033146719072374,0.0033146719072374,0.8548469648889344,0.7365930599369085,0.6044003451251079,0.6639810426540285,0.3217666447162628,-0.0001768469810485,0.0005118231139318,0.3217666447162628,0.8548469648889344,0.0005118231139318
adult,iid,20,107,1,11,0.9860927423482444,-2.866209438023848e-05,0.856783618728296,0.0002056172904815,0.8043228542904275,0.0009212853947602,0.843061654765926,0.0104602266770723,,0.8897782708681636,0.0019469412039692,0.0019469412039692,0.8548469648889344,0.7365930599369085,0.6044003451251079,0.6639810426540285,0.3217666447162628,5.316734313964844e-05,0.0005118231139318,0.3217666447162628,0.8548469648889344,0.0005118231139318
adult,iid,20,107,1,12,0.9860927423482444,-0.0001750435049647,0.856783618728296,0.0041280618406326,0.8043228542904275,0.0059731498431264,0.843061654765926,0.0034712110799191,,0.8897782708681636,0.0047052678044381,0.0047052678044381,0.8548469648889344,0.7365930599369085,0.6044003451251079,0.6639810426540285,0.3217666447162628,-0.0002646446228027,0.0010236462278636,0.3217666447162628,0.8548469648889344,0.0010236462278636
adult,iid,20,107,1,13,0.9860927423482444,-0.0001678779813696,0.856783618728296,-0.0015906180728533,0.8043228542904275,-0.002143936416858,0.843061654765926,0.0046593437314352,,0.8897782708681636,-0.0014388407767889,0.0014388407767889,0.8548469648889344,0.7365930599369085,0.6044003451251079,0.6639810426540285,0.3217666447162628,0.0002906322479248,-0.0002047292455726,0.3217666447162628,0.8548469648889344,-0.0002047292455726
adult,iid,20,107,1,14,0.9860927423482444,-0.0002108711229399,0.856783618728296,-0.0072940511746166,0.8043228542904275,-0.0072024118316655,0.843061654765926,-0.001537583431374,,0.8897782708681636,-0.0069045686798492,0.0069045686798492,0.8548469648889344,0.7365930599369085,0.6044003451251079,0.6639810426540285,0.3217666447162628,0.0006357133388519,0.0008189169822909,0.3217666447162628,0.8548469648889344,0.0008189169822909
adult,iid,20,107,1,15,0.9860927423482444,7.984440577335494e-05,0.856783618728296,0.0031513962396841,0.8043228542904275,0.0032145824319989,0.843061654765926,0.0200701231231579,,0.8897782708681636,0.0027329088277778,0.0027329088277778,0.8548469648889344,0.7365930599369085,0.6044003451251079,0.6639810426540285,0.3217666447162628,-0.0004824697971343,0.0009212816050773,0.3217666447162628,0.8548469648889344,0.0009212816050773
adult,iid,20,107,1,16,0.9860927423482444,-5.015866516533407e-05,0.856783618728296,0.0018985612570316,0.8043228542904275,-0.0010759347882937,0.843061654765926,-0.015987373178488,,0.8897782708681636,-0.0021497715731528,0.0021497715731528,0.8548469648889344,0.7365930599369085,0.6044003451251079,0.6639810426540285,0.3217666447162628,-0.000269591808319,-0.0001023646227863,0.3217666447162628,0.8548469648889344,-0.0001023646227863
adult,iid,20,107,1,17,0.9860927423482444,-0.0004831610195517,0.856783618728296,-0.0020709223692357,0.8043228542904275,-0.0055184570155434,0.843061654765926,0.0003843958578431,,0.8897782708681636,-0.0056548826742897,0.0056548826742897,0.8548469648889344,0.7365930599369085,0.6044003451251079,0.6639810426540285,0.3217666447162628,6.952881813049316e-05,0.0005118231139318,0.3217666447162628,0.8548469648889344,0.0005118231139318
adult,iid,20,107,1,18,0.9860927423482444,-0.0001996110144334,0.856783618728296,-0.0026700117533718,0.8043228542904275,-0.0022972636171034,0.843061654765926,-0.0098836328903075,,0.8897782708681636,-0.0006391717222957,0.0006391717222957,0.8548469648889344,0.7365930599369085,0.6044003451251079,0.6639810426540285,0.3217666447162628,0.0004306435585021,0.0005118231139318,0.3217666447162628,0.8548469648889344,0.0005118231139318
adult,iid,20,107,1,19,0.9860927423482444,-0.0001596888115468,0.856783618728296,0.0020725182727697,0.8043228542904275,0.003833180006133,0.843061654765926,-0.0061503337254951,,0.8897782708681636,0.0053640269672898,0.0053640269672898,0.8548469648889344,0.7365930599369085,0.6044003451251079,0.6639810426540285,0.3217666447162628,0.0003295242786407,0.0009212816050773,0.3217666447162628,0.8548469648889344,0.0009212816050773
adult,iid,20,107,2,0,0.984984133483468,-6.346606612750438e-05,0.891301753967307,-0.0026557334938823,0.827351022579567,-0.0010706460151407,0.8968828990436697,0.0140362729909491,,0.9341500714069684,-0.0008087688979757,0.0008087688979757,0.8579179035725253,0.7557755775577558,0.5927523727351165,0.6644100580270793,0.3111850321292877,0.0001307129859924,0.0007165523595045,0.3111850321292877,0.8579179035725253,0.0007165523595045
adult,iid,20,107,2,1,0.984984133483468,-1.228375473438792e-05,0.891301753967307,-0.0018580884583823,0.827351022579567,0.0015332720024532,0.8968828990436697,0.0252478188447156,,0.9341500714069684,5.08613781119438e-05,5.08613781119438e-05,0.8579179035725253,0.7557755775577558,0.5927523727351165,0.6644100580270793,0.3111850321292877,-0.0001390874385833,0.0004094584911453,0.3111850321292877,0.8579179035725253,0.0004094584911453
adult,iid,20,107,2,2,0.984984133483468,7.165523595042966e-05,0.891301753967307,0.0011931750387782,0.827351022579567,0.0007653138079384,0.8968828990436697,0.0301808990203729,,0.9341500714069684,0.0011662105894848,0.0011662105894848,0.8579179035725253,0.7557755775577558,0.5927523727351165,0.6644100580270793,0.3111850321292877,-0.0001538097858428,-0.0,0.3111850321292877,0.8579179035725253,-0.0
adult,iid,20,107,2,3,0.984984133483468,-0.0001443341181287,0.891301753967307,-0.0019902011532467,0.827351022579567,-0.0021505473832992,0.8968828990436697,0.0138120420738738,,0.9341500714069684,-0.0034385767820875,0.0034385767820875,0.8579179035725253,0.7557755775577558,0.5927523727351165,0.6644100580270793,0.3111850321292877,0.0002700686454772,0.000307093868359,0.3111850321292877,0.8579179035725253,0.000307093868359
adult,iid,20,107,2,4,0.984984133483468,6.34660661276154e-05,0.891301753967307,0.001524824467128,0.827351022579567,0.0018372820163674,0.8968828990436697,0.0110892380808163,,0.9341500714069684,0.0013599152824554,0.0013599152824554,0.8579179035725253,0.7557755775577558,0.5927523727351165,0.6644100580270793,0.3111850321292877,-0.000156283378601,-0.0002047292455727,0.3111850321292877,0.8579179035725253,-0.0002047292455727
adult,iid,20,107,2,5,0.984984133483468,-0.0002057528918005,0.891301753967307,-0.0046934642036433,0.827351022579567,-0.0033705540188205,0.8968828990436697,0.0100263252920824,,0.9341500714069684,-0.0041606047649173,0.0041606047649173,0.8579179035725253,0.7557755775577558,0.5927523727351165,0.6644100580270793,0.3111850321292877,0.000808447599411,0.0016378339645818,0.3111850321292877,0.8579179035725253,0.0016378339645818
adult,iid,20,107,2,6,0.984984133483468,3.992220288673298e-05,0.891301753967307,-0.002587002299105,0.827351022579567,1.3221932883000775e-06,0.8968828990436697,-0.021036936947431,,0.9341500714069684,0.0010024994236765,0.0010024994236765,0.8579179035725253,0.7557755775577558,0.5927523727351165,0.6644100580270793,0.3111850321292877,1.3709068298339844e-05,0.000307093868359,0.3111850321292877,0.8579179035725253,0.000307093868359
adult,iid,20,107,2,7,0.984984133483468,1.5354693417957144e-05,0.891301753967307,-0.000360931173639,0.827351022579567,0.0001506828136689,0.8968828990436697,0.015119570408508,,0.9341500714069684,6.656015177930463e-05,6.656015177930463e-05,0.8579179035725253,0.7557755775577558,0.5927523727351165,0.6644100580270793,0.3111850321292877,-6.690621376037598e-05,0.0009212816050772,0.3111850321292877,0.8579179035725253,0.0009212816050772
adult,iid,20,107,2,8,0.984984133483468,-0.0001177193162043,0.891301753967307,0.0002516346355647,0.827351022579567,0.001531949809165,0.8968828990436697,0.0105767102703584,,0.9341500714069684,-0.0009516380455646,0.0009516380455646,0.8579179035725253,0.7557755775577558,0.5927523727351165,0.6644100580270793,0.3111850321292877,-0.0001337826251983,0.0001023646227863,0.3111850321292877,0.8579179035725253,0.0001023646227863
adult,iid,20,107,2,9,0.984984133483468,0.0001330740096222,0.891301753967307,-0.000519141555081,0.827351022579567,0.0012292619885391,0.8968828990436697,0.0227492457687334,,0.9341500714069684,0.0019769347311316,0.0019769347311316,0.8579179035725253,0.7557755775577558,0.5927523727351165,0.6644100580270793,0.3111850321292877,-0.0002144277095794,0.0006141877367181,0.3111850321292877,0.8579179035725253,0.0006141877367181
adult,iid,20,107,2,10,0.984984133483468,0.0002466987409152,0.891301753967307,0.0014459904674858,0.827351022579567,0.0044478110004027,0.8968828990436697,0.0279094689512982,,0.9341500714069684,0.0055537790736065,0.0055537790736065,0.8579179035725253,0.7557755775577558,0.5927523727351165,0.6644100580270793,0.3111850321292877,-0.0003854930400848,-0.0008189169822909,0.3111850321292877,0.8579179035725253,-0.0008189169822909
adult,iid,20,107,2,11,0.984984133483468,0.0003204012693213,0.891301753967307,0.0004902981200516,0.827351022579567,-0.000611986607693,0.8968828990436697,0.0157485818122518,,0.9341500714069684,0.0004200492566343,0.0004200492566343,0.8579179035725253,0.7557755775577558,0.5927523727351165,0.6644100580270793,0.3111850321292877,-1.728534698486328e-05,0.0001023646227863,0.3111850321292877,0.8579179035725253,0.0001023646227863
adult,iid,20,107,2,12,0.984984133483468,-6.756065103896702e-05,0.891301753967307,0.0009676250890254,0.827351022579567,0.0045984938140715,0.8968828990436697,0.0300935363254086,,0.9341500714069684,0.0056203392253858,0.0056203392253858,0.8579179035725253,0.7557755775577558,0.5927523727351165,0.6644100580270793,0.3111850321292877,-0.0003146827220916,0.0001023646227863,0.3111850321292877,0.8579179035725253,0.0001023646227863
adult,iid,20,107,2,13,0.984984133483468,9.212816050818697e-06,0.891301753967307,-0.0015809782992322,0.827351022579567,-0.001841248596232,0.8968828990436697,0.0053873661894721,,0.9341500714069684,-0.0038821144004718,0.0038821144004718,0.8579179035725253,0.7557755775577558,0.5927523727351165,0.6644100580270793,0.3111850321292877,0.000356912612915,0.0007165523595045,0.3111850321292877,0.8579179035725253,0.0007165523595045
adult,iid,20,107,2,14,0.984984133483468,-0.0001975637219776,0.891301753967307,-0.0032276296925114,0.827351022579567,-0.0030678661981946,0.8968828990436697,0.0313865042108818,,0.9341500714069684,-0.0039955833437088,0.0039955833437088,0.8579179035725253,0.7557755775577558,0.5927523727351165,0.6644100580270793,0.3111850321292877,0.0001063048839569,0.0009212816050772,0.3111850321292877,0.8579179035725253,0.0009212816050772
adult,iid,20,107,2,15,0.984984133483468,0.0003255195004606,0.891301753967307,0.000702851557381,0.827351022579567,0.002603918017594,0.8968828990436697,0.0046011019347924,,0.9341500714069684,0.0021941277858522,0.0021941277858522,0.8579179035725253,0.7557755775577558,0.5927523727351165,0.6644100580270793,0.3111850321292877,-0.0002234280109405,-0.0001023646227864,0.3111850321292877,0.8579179035725253,-0.0001023646227864
adult,iid,20,107,2,16,0.984984133483468,0.0002763844815232,0.891301753967307,-0.0002673886168821,0.827351022579567,-0.0035318143787952,0.8968828990436697,8.736269496445459e-05,,0.9341500714069684,-0.0050893736042728,0.0050893736042728,0.8579179035725253,0.7557755775577558,0.5927523727351165,0.6644100580270793,0.3111850321292877,0.000153362751007,0.0007165523595045,0.3111850321292877,0.8579179035725253,0.0007165523595045
adult,iid,20,107,2,17,0.984984133483468,-0.0001678779813696,0.891301753967307,-0.0015297872513309,0.827351022579567,-0.0024519130106368,0.8968828990436697,-0.0003028573425434,,0.9341500714069684,-0.0039355962893841,0.0039355962893841,0.8579179035725253,0.7557755775577558,0.5927523727351165,0.6644100580270793,0.3111850321292877,0.0001011490821838,0.00112601085065,0.3111850321292877,0.8579179035725253,0.00112601085065
adult,iid,20,107,2,18,0.984984133483468,-0.0003009519909918,0.891301753967307,-0.003548287853699,0.827351022579567,-0.0041411565999118,0.8968828990436697,-0.0006756048410581,,0.9341500714069684,-0.0039988230100499,0.0039988230100499,0.8579179035725253,0.7557755775577558,0.5927523727351165,0.6644100580270793,0.3111850321292877,0.0006680786609649,0.0012283754734363,0.3111850321292877,0.8579179035725253,0.0012283754734363
adult,iid,20,107,2,19,0.984984133483468,-6.960794349475385e-05,0.891301753967307,0.0011131648052158,0.827351022579567,0.0027638561842805,0.8968828990436697,-0.0143274819741638,,0.9341500714069684,0.0066900219686591,0.0066900219686591,0.8579179035725253,0.7557755775577558,0.5927523727351165,0.6644100580270793,0.3111850321292877,2.1219253540039062e-05,0.000307093868359,0.3111850321292877,0.8579179035725253,0.000307093868359
adult,iid,20,107,3,0,0.9842368717371276,-9.212816050763184e-05,0.9021777936451268,-0.0007140307033202,0.8334973325222622,-0.0013759782223431,0.8561485864715954,-0.0101428088853685,,0.9475529384389072,-0.0009366263594801,0.0009366263594801,0.8601699252738254,0.7632743362831859,0.5953408110440035,0.6689287445467765,0.3063960969448089,0.0001543760299682,-0.0,0.3063960969448089,0.8601699252738254,-0.0
adult,iid,20,107,3,1,0.9842368717371276,-8.496263691259998e-05,0.9021777936451268,0.0002146764529792,0.8334973325222622,0.0013839113820726,0.8561485864715954,0.0163193514193524,,0.9475529384389072,0.0024628312192322,0.0024628312192322,0.8601699252738254,0.7632743362831859,0.5953408110440035,0.6689287445467765,0.3063960969448089,-6.276369094848633e-05,-0.0002047292455726,0.3063960969448089,0.8601699252738254,-0.0002047292455726
adult,iid,20,107,3,2,0.9842368717371276,-0.0001791380898761,0.9021777936451268,0.0006788643089382,0.8334973325222622,0.0007692803878031,0.8561485864715954,-0.0137683607263916,,0.9475529384389072,0.0005948155095962,0.0005948155095962,0.8601699252738254,0.7632743362831859,0.5953408110440035,0.6689287445467765,0.3063960969448089,-7.56382942199707e-05,-0.000307093868359,0.3063960969448089,0.8601699252738254,-0.000307093868359
adult,iid,20,107,3,3,0.9842368717371276,5.630054253258354e-05,0.9021777936451268,-8.4111116777974e-05,0.8334973325222622,-0.0019958979897656,0.8561485864715954,0.0073617630956679,,0.9475529384389072,-0.0049948431010443,0.0049948431010443,0.8601699252738254,0.7632743362831859,0.5953408110440035,0.6689287445467765,0.3063960969448089,0.0001571774482727,0.0003070938683591,0.3063960969448089,0.8601699252738254,0.0003070938683591
adult,iid,20,107,3,4,0.9842368717371276,-0.0001648070426859,0.9021777936451268,0.0006418965145159,0.8334973325222622,0.0019919314099009,0.8561485864715954,0.0076092907314002,,0.9475529384389072,0.0008550803543463,0.0008550803543463,0.8601699252738254,0.7632743362831859,0.5953408110440035,0.6689287445467765,0.3063960969448089,-0.0001287460327148,0.0004094584911454,0.3063960969448089,0.8601699252738254,0.0004094584911454
adult,iid,20,107,3,5,0.9842368717371276,-0.0003255195004605,0.9021777936451268,-0.0013549766653287,0.8334973325222622,-0.0015306276158767,0.8561485864715954,-0.0033197824086479,,0.9475529384389072,-0.0020493550600525,0.0020493550600525,0.8601699252738254,0.7632743362831859,0.5953408110440035,0.6689287445467765,0.3063960969448089,0.0005602538585662,-0.0004094584911453,0.3063960969448089,0.8601699252738254,-0.0004094584911453
adult,iid,20,107,3,6,0.9842368717371276,5.118231139356055e-06,0.9021777936451268,0.0002986309429383,0.8334973325222622,-0.0001506828136688,0.8561485864715954,0.0144031963097996,,0.9475529384389072,-0.0003496262706964,0.0003496262706964,0.8601699252738254,0.7632743362831859,0.5953408110440035,0.6689287445467765,0.3063960969448089,-6.222724914550781e-05,-0.0005118231139318,0.3063960969448089,0.8601699252738254,-0.0005118231139318
adult,iid,20,107,3,7,0.9842368717371276,0.0003807963967653,0.9021777936451268,0.0008330358205402,0.8334973325222622,0.0004560150208713,0.8561485864715954,0.0043797831075491,,0.9475529384389072,-0.0016253790494944,0.0016253790494944,0.8601699252738254,0.7632743362831859,0.5953408110440035,0.6689287445467765,0.3063960969448089,-4.455447196960449e-05,-0.0,0.3063960969448089,0.8601699252738254,-0.0
adult,iid,20,107,3,8,0.9842368717371276,-0.0001586651653188,0.9021777936451268,0.0027962522559735,0.8334973325222622,0.0019932536031892,0.8561485864715954,-0.0005241761697865,,0.9475529384389072,0.0012307475655508,0.0012307475655508,0.8601699252738254,0.7632743362831859,0.5953408110440035,0.6689287445467765,0.3063960969448089,-0.0001854598522186,-0.0005118231139318,0.3063960969448089,0.8601699252738254,-0.0005118231139318
adult,iid,20,107,3,9,0.9842368717371276,-0.0001085065001534,0.9021777936451268,-0.0001566513286702,0.8334973325222622,0.0015372385823179,0.8561485864715954,-0.0161795711074095,,0.9475529384389072,0.0020069282582941,0.0020069282582941,0.8601699252738254,0.7632743362831859,0.5953408110440035,0.6689287445467765,0.3063960969448089,-5.59687614440918e-05,0.0007165523595046,0.3063960969448089,0.8601699252738254,0.0007165523595046
adult,iid,20,107,3,10,0.9842368717371276,0.0003316613778279,0.9021777936451268,0.0019874534119599,0.8334973325222622,0.0039878293996666,0.8561485864715954,0.0081771482486692,,0.9475529384389072,0.0031809284358613,0.0031809284358613,0.8601699252738254,0.7632743362831859,0.5953408110440035,0.6689287445467765,0.3063960969448089,-0.0004379749298095,-0.000307093868359,0.3063960969448089,0.8601699252738254,-0.000307093868359
adult,iid,20,107,3,11,0.9842368717371276,5.118231139356055e-06,0.9021777936451268,0.0013336609617359,0.8334973325222622,0.0003066544004907,0.8561485864715954,0.0096331931647428,,0.9475529384389072,-0.0005479067181386,0.0005479067181386,0.8601699252738254,0.7632743362831859,0.5953408110440035,0.6689287445467765,0.3063960969448089,4.592537879943848e-05,-0.0008189169822908,0.3063960969448089,0.8601699252738254,-0.0008189169822908
adult,iid,20,107,3,12,0.9842368717371276,-2.1496570785095592e-05,0.9021777936451268,-9.574521929411885e-05,0.8334973325222622,0.0050611198013839,0.8561485864715954,0.0064269822595486,,0.9475529384389072,0.0055700970028147,0.0055700970028147,0.8601699252738254,0.7632743362831859,0.5953408110440035,0.6689287445467765,0.3063960969448089,-0.0003451406955718,0.0002047292455727,0.3063960969448089,0.8601699252738254,0.0002047292455727
adult,iid,20,107,3,13,0.9842368717371276,-0.0001013409765584,0.9021777936451268,-0.0014782739980792,0.8334973325222622,-0.0016826326228338,0.8561485864715954,-0.0077519831331755,,0.9475529384389072,-0.0002471865818829,0.0002471865818829,0.8601699252738254,0.7632743362831859,0.5953408110440035,0.6689287445467765,0.3063960969448089,0.0003371834754943,0.0006141877367182,0.3063960969448089,0.8601699252738254,0.0006141877367182
adult,iid,20,107,3,14,0.9842368717371276,-6.039512744393516e-05,0.9021777936451268,-0.0023573807388751,0.8334973325222622,-0.0022985858103915,0.8561485864715954,0.0092983028340456,,0.9475529384389072,-0.0031177017151955,0.0031177017151955,0.8601699252738254,0.7632743362831859,0.5953408110440035,0.6689287445467765,0.3063960969448089,9.903311729431152e-05,0.0002047292455727,0.3063960969448089,0.8601699252738254,0.0002047292455727
adult,iid,20,107,3,15,0.9842368717371276,0.0004340260006142,0.9021777936451268,0.0016069087735758,0.8334973325222622,0.0019879648300363,0.8561485864715954,0.0034595627205906,,0.9475529384389072,-0.0021524179166834,0.0021524179166834,0.8601699252738254,0.7632743362831859,0.5953408110440035,0.6689287445467765,0.3063960969448089,-0.0002476572990417,-0.0005118231139318,0.3063960969448089,0.8601699252738254,-0.0005118231139318
adult,iid,20,107,3,16,0.9842368717371276,0.0001156720237486,0.9021777936451268,0.0010592786522661,0.8334973325222622,-0.0033692318255323,0.8561485864715954,-0.0268203473540751,,0.9475529384389072,-0.0032188053158785,0.0032188053158785,0.8601699252738254,0.7632743362831859,0.5953408110440035,0.6689287445467765,0.3063960969448089,0.0004311203956604,-0.0001023646227863,0.3063960969448089,0.8601699252738254,-0.0001023646227863
adult,iid,20,107,3,17,0.9842368717371276,-0.000141263179445,0.9021777936451268,-0.0006412856935196,0.8334973325222622,-0.0015279832293003,0.8561485864715954,-0.0098807208004754,,0.9475529384389072,-0.001095787603547,0.001095787603547,0.8601699252738254,0.7632743362831859,0.5953408110440035,0.6689287445467765,0.3063960969448089,9.40561294555664e-05,-0.0004094584911453,0.3063960969448089,0.8601699252738254,-0.0004094584911453
adult,iid,20,107,3,18,0.9842368717371276,-5.015866516522305e-05,0.9021777936451268,-0.0002147786676931,0.8334973325222622,-0.0018399264029438,0.8561485864715954,-0.0099069296089646,,0.9475529384389072,-0.002313482738961,0.002313482738961,0.8601699252738254,0.7632743362831859,0.5953408110440035,0.6689287445467765,0.3063960969448089,0.000479370355606,0.0002047292455727,0.3063960969448089,0.8601699252738254,0.0002047292455727
adult,iid,20,107,3,19,0.9842368717371276,1.433104719017475e-05,0.9021777936451268,0.0005228347214453,0.8334973325222622,0.0013839113820726,0.8561485864715954,0.0039254970937343,,0.9475529384389072,0.0020382320408567,0.0020382320408567,0.8601699252738254,0.7632743362831859,0.5953408110440035,0.6689287445467765,0.3063960969448089,-1.895427703857422e-05,0.0004094584911454,0.3063960969448089,0.8601699252738254,0.0004094584911454
adult,iid,20,107,4,0,0.9838837137885148,-0.0002211075852185,0.9037388724035608,-0.0005139192334074,0.8330492506611202,-0.0010706460151408,0.8270393365094528,-0.0229239711586619,,0.9578623090499904,0.0006672616712473,0.0006672616712473,0.8624219469751254,0.764961915125136,0.6065573770491803,0.6766121270452358,0.3032130599021911,0.0001168251037597,0.0007165523595046,0.3032130599021911,0.8624219469751254,0.0007165523595046
adult,iid,20,107,4,1,0.9838837137885148,0.0001729962125089,0.9037388724035608,0.0012477692007138,0.8330492506611202,0.0013799448022078,0.8270393365094528,-0.0074433016109676,,0.9578623090499904,0.0019827949082731,0.0019827949082731,0.8624219469751254,0.764961915125136,0.6065573770491803,0.6766121270452358,0.3032130599021911,-7.334351539611816e-05,-0.0005118231139318,0.3032130599021911,0.8624219469751254,-0.0005118231139318
adult,iid,20,107,4,2,0.9838837137885148,-9.519909919131209e-05,0.9037388724035608,0.0014359284339502,0.8330492506611202,0.0023025523902562,0.8270393365094528,-0.0003086815222073,,0.9578623090499904,0.0035977380261544,0.0035977380261544,0.8624219469751254,0.764961915125136,0.6065573770491803,0.6766121270452358,0.3032130599021911,-0.0001710057258605,0.0001023646227863,0.3032130599021911,0.8624219469751254,0.0001023646227863
adult,iid,20,107,4,3,0.9838837137885148,2.5591155696558232e-05,0.9037388724035608,-0.0004634067987183,0.8330492506611202,-0.0018412485962321,0.8270393365094528,-0.020273969411408,,0.9578623090499904,-0.0034575152220962,0.0034575152220962,0.8624219469751254,0.764961915125136,0.6065573770491803,0.6766121270452358,0.3032130599021911,0.0001381933689117,0.0001023646227863,0.3032130599021911,0.8624219469751254,0.0001023646227863
adult,iid,20,107,4,4,0.9838837137885148,-8.086805200124836e-05,0.9037388724035608,0.0018991097922849,0.8330492506611202,0.0019945757964774,0.8270393365094528,-0.0270300178219895,,0.9578623090499904,0.0035677444989921,0.0035677444989921,0.8624219469751254,0.764961915125136,0.6065573770491803,0.6766121270452358,0.3032130599021911,-0.0001450479030609,-0.0,0.3032130599021911,0.8624219469751254,-0.0
adult,iid,20,107,4,5,0.9838837137885148,-0.0002886682362575,0.9037388724035608,-0.0031494886415697,0.8330492506611202,-0.0045984938140715,0.8270393365094528,-0.0198080350382645,,0.9578623090499904,-0.0045689078345383,0.0045689078345383,0.8624219469751254,0.764961915125136,0.6065573770491803,0.6766121270452358,0.3032130599021911,0.0006061494350433,0.0005118231139318,0.3032130599021911,0.8624219469751254,0.0005118231139318
adult,iid,20,107,4,6,0.9838837137885148,8.905722182417364e-05,0.9037388724035608,0.0009264836531158,0.8330492506611202,0.0001546493935336,0.8270393365094528,0.0008794511293086,,0.9578623090499904,0.0015373278789481,0.0015373278789481,0.8624219469751254,0.764961915125136,0.6065573770491803,0.6766121270452358,0.3032130599021911,-3.844499588012695e-05,-0.0002047292455726,0.3032130599021911,0.8624219469751254,-0.0002047292455726
adult,iid,20,107,4,7,0.9838837137885148,0.0004708772648173,0.9037388724035608,0.0037151250751352,0.8330492506611202,0.0013746560290549,0.8270393365094528,0.0002970331628793,,0.9578623090499904,-0.0004904722425721,0.0004904722425721,0.8624219469751254,0.764961915125136,0.6065573770491803,0.6766121270452358,0.3032130599021911,-6.410479545593262e-05,0.0003070938683591,0.3032130599021911,0.8624219469751254,0.0003070938683591
adult,iid,20,107,4,8,0.9838837137885148,0.0001443341181287,0.9037388724035608,0.001733889606076,0.8330492506611202,0.0004560150208712,0.8270393365094528,-0.0088411047303984,,0.9578623090499904,0.0001337176386457,0.0001337176386457,0.8624219469751254,0.764961915125136,0.6065573770491803,0.6766121270452358,0.3032130599021911,-3.427267074584961e-06,-0.0004094584911454,0.3032130599021911,0.8624219469751254,-0.0004094584911454
adult,iid,20,107,4,9,0.9838837137885148,0.0001289794247107,0.9037388724035608,0.0014734234651194,0.8330492506611202,-0.0009173188148954,0.8270393365094528,-0.0192489137904925,,0.9578623090499904,0.0002921917951299,0.0002921917951299,0.8624219469751254,0.764961915125136,0.6065573770491803,0.6766121270452358,0.3032130599021911,5.2481889724731445e-05,-0.0006141877367181,0.3032130599021911,0.8624219469751254,-0.0006141877367181
adult,iid,20,107,4,10,0.9838837137885148,0.0003633944108916,0.9037388724035608,0.0016152515707218,0.8330492506611202,0.0035278477989306,0.8270393365094528,0.0073908839939895,,0.9578623090499904,0.0056607686841613,0.0056607686841613,0.8624219469751254,0.764961915125136,0.6065573770491803,0.6766121270452358,0.3032130599021911,-0.0003318786621093,-0.0004094584911454,0.3032130599021911,0.8624219469751254,-0.0004094584911454
adult,iid,20,107,4,11,0.9838837137885148,0.000232367693725,0.9037388724035608,0.0034066464899396,0.8330492506611202,0.0009186410081836,0.8270393365094528,-0.0069074770818526,,0.9578623090499904,8.347541607456321e-05,8.347541607456321e-05,0.8624219469751254,0.764961915125136,0.6065573770491803,0.6766121270452358,0.3032130599021911,-2.4020671844482425e-05,-0.000307093868359,0.3032130599021911,0.8624219469751254,-0.000307093868359
adult,iid,20,107,4,12,0.9838837137885148,-0.0002006346606612,0.9037388724035608,0.0012100821862985,0.8330492506611202,0.0044425222272497,0.8270393365094528,-0.0068841803631956,,0.9578623090499904,0.0058910400017488,0.0058910400017488,0.8624219469751254,0.764961915125136,0.6065573770491803,0.6766121270452358,0.3032130599021911,-0.0001531839370727,0.0002047292455727,0.3032130599021911,0.8624219469751254,0.0002047292455727
adult,iid,20,107,4,13,0.9838837137885148,9.62227454192055e-05,0.9037388724035608,-2.2845882899247272e-05,0.8330492506611202,-0.0004560150208713,0.8270393365094528,-0.0440075015434076,,0.9578623090499904,0.003242942678176,0.003242942678176,0.8624219469751254,0.764961915125136,0.6065573770491803,0.6766121270452358,0.3032130599021911,0.0001434981822967,-0.0002047292455726,0.3032130599021911,0.8624219469751254,-0.0002047292455726
adult,iid,20,107,4,14,0.9838837137885148,-0.0001658306889139,0.9037388724035608,-0.0023923063036634,0.8330492506611202,-0.0039825406265137,0.8270393365094528,-0.0292839753520715,,0.9578623090499904,-0.0031744232704489,0.0031744232704489,0.8624219469751254,0.764961915125136,0.6065573770491803,0.6766121270452358,0.3032130599021911,0.0002630352973937,0.0009212816050773,0.3032130599021911,0.8624219469751254,0.0009212816050773
adult,iid,20,107,4,15,0.9838837137885148,0.0004432388166649,0.9037388724035608,0.0017920537900756,0.8330492506611202,0.0026065624041704,0.8270393365094528,0.0079092359841119,,0.9578623090499904,0.0030061621828992,0.0030061621828992,0.8624219469751254,0.764961915125136,0.6065573770491803,0.6766121270452358,0.3032130599021911,-4.920363426208496e-05,0.0001023646227863,0.3032130599021911,0.8624219469751254,0.0001023646227863
adult,iid,20,107,4,16,0.9838837137885148,0.000246698740915,0.9037388724035608,0.0001644750635775,0.8330492506611202,-0.0022959414238151,0.8270393365094528,-0.0067618725902456,,0.9578623090499904,-0.0008296367489253,0.0008296367489253,0.8624219469751254,0.764961915125136,0.6065573770491803,0.6766121270452358,0.3032130599021911,0.0003250837326049,0.0004094584911454,0.3032130599021911,0.8624219469751254,0.0004094584911454
adult,iid,20,107,4,17,0.9838837137885148,-0.0002927628211689,0.9037388724035608,-0.000378844458905,0.8330492506611202,-0.0024505908173486,0.8270393365094528,-0.0201807825367794,,0.9578623090499904,-0.0003248018208161,0.0003248018208161,0.8624219469751254,0.764961915125136,0.6065573770491803,0.6766121270452358,0.3032130599021911,-1.8805265426635746e-05,-0.0002047292455726,0.3032130599021911,0.8624219469751254,-0.0002047292455726
adult,iid,20,107,4,18,0.9838837137885148,-0.0002313440474971,0.9037388724035608,-0.0015605572542337,0.8330492506611202,-0.0024519130106369,0.8270393365094528,0.0114911064776528,,0.9578623090499904,-0.0023180326607024,0.0023180326607024,0.8624219469751254,0.764961915125136,0.6065573770491803,0.6766121270452358,0.3032130599021911,0.0003475844860076,0.0009212816050773,0.3032130599021911,0.8624219469751254,0.0009212816050773
adult,iid,20,107,4,19,0.9838837137885148,-6.653700481118463e-05,0.9037388724035608,0.0003560830860535,0.8330492506611202,0.0,0.8270393365094528,-0.0093652809001851,,0.9578623090499904,0.0014760305692231,0.0014760305692231,0.8624219469751254,0.764961915125136,0.6065573770491803,0.6766121270452358,0.3032130599021911,-1.5795230865478516e-06,-0.0,0.3032130599021911,0.8624219469751254,-0.0
adult,iid,20,107,5,0,0.9841058450199612,-0.0001740198587367,0.9069464201043148,-0.0024785947148908,0.83212796526636,-0.0016813104295456,0.8318093396545096,-0.0176880336404616,,0.9547831033703528,0.0013214450796277,0.0013214450796277,0.8635479578257754,0.7675176534492124,0.6095772217428818,0.6794902620822313,0.3015003204345703,0.0001551210880279,0.0001023646227863,0.3015003204345703,0.8635479578257754,0.0001023646227863
adult,iid,20,107,5,1,0.9841058450199612,6.141877367182857e-05,0.9069464201043148,-4.410122269937755e-05,0.83212796526636,0.0026078845974586,0.8318093396545096,-0.0049214318163288,,0.9547831033703528,0.0030987632751868,0.0030987632751868,0.8635479578257754,0.7675176534492124,0.6095772217428818,0.6794902620822313,0.3015003204345703,-7.930397987365723e-05,-0.0004094584911454,0.3015003204345703,0.8635479578257754,-0.0004094584911454
adult,iid,20,107,5,2,0.9841058450199612,0.0001750435049646,0.9069464201043148,0.001721920637427,0.83212796526636,0.002761211797704,0.8318093396545096,-0.0034770352595838,,0.9547831033703528,0.0048265561807645,0.0048265561807645,0.8635479578257754,0.7675176534492124,0.6095772217428818,0.6794902620822313,0.3015003204345703,-0.0002424120903015,-0.0005118231139318,0.3015003204345703,0.8635479578257754,-0.0005118231139318
adult,iid,20,107,5,3,0.9841058450199612,-6.960794349475385e-05,0.9069464201043148,-0.0010559509685956,0.83212796526636,-0.0001533272002454,0.8318093396545096,-0.0009609896446085,,0.9547831033703528,-0.0017277929055776,0.0017277929055776,0.8635479578257754,0.7675176534492124,0.6095772217428818,0.6794902620822313,0.3015003204345703,7.545948028564453e-05,0.0001023646227863,0.3015003204345703,0.8635479578257754,0.0001023646227863
adult,iid,20,107,5,4,0.9841058450199612,0.0001003173303306,0.9069464201043148,0.0029795758177547,0.83212796526636,0.0013773004156314,0.8318093396545096,-0.017140560752018,,0.9547831033703528,-0.0001637369985384,0.0001637369985384,0.8635479578257754,0.7675176534492124,0.6095772217428818,0.6794902620822313,0.3015003204345703,-0.0001721382141113,-0.0009212816050773,0.3015003204345703,0.8635479578257754,-0.0009212816050773
adult,iid,20,107,5,5,0.9841058450199612,-0.0002078001842562,0.9069464201043148,-0.0038166035102573,0.83212796526636,-0.0039825406265138,0.8318093396545096,-0.0447704690794301,,0.9547831033703528,-0.0046504538396721,0.0046504538396721,0.8635479578257754,0.7675176534492124,0.6095772217428818,0.6794902620822313,0.3015003204345703,0.0005315840244293,0.0009212816050773,0.3015003204345703,0.8635479578257754,0.0009212816050773
adult,iid,20,107,5,6,0.9841058450199612,-3.378032551948351e-05,0.9069464201043148,-0.0004631827409726,0.83212796526636,0.0007666360012266,0.8318093396545096,0.0202506726927513,,0.9547831033703528,0.0008342125033967,0.0008342125033967,0.8635479578257754,0.7675176534492124,0.6095772217428818,0.6794902620822313,0.3015003204345703,-0.0001762211322784,0.0001023646227863,0.3015003204345703,0.8635479578257754,0.0001023646227863
adult,iid,20,107,5,7,0.9841058450199612,0.0004452861091207,0.9069464201043148,0.0009371751120189,0.83212796526636,-0.0003185541400847,0.8318093396545096,-0.0233666088131487,,0.9547831033703528,-0.0038442633531848,0.0038442633531848,0.8635479578257754,0.7675176534492124,0.6095772217428818,0.6794902620822313,0.3015003204345703,-1.7076730728149414e-05,-0.0001023646227863,0.3015003204345703,0.8635479578257754,-0.0001023646227863
adult,iid,20,107,5,8,0.9841058450199612,-1.228375473438792e-05,0.9069464201043148,-0.0007860277135219,0.83212796526636,-0.0015385607756062,0.8318093396545096,-0.0019627485468671,,0.9547831033703528,-0.0040001590981804,0.0040001590981804,0.8635479578257754,0.7675176534492124,0.6095772217428818,0.6794902620822313,0.3015003204345703,4.9948692321777344e-05,0.0004094584911454,0.3015003204345703,0.8635479578257754,0.0004094584911454
adult,iid,20,107,5,9,0.9841058450199612,0.0002651243730167,0.9069464201043148,-0.0024033663218835,0.83212796526636,0.0007758913542441,0.8318093396545096,0.0235995759997205,,0.9547831033703528,0.0058903787468962,0.0058903787468962,0.8635479578257754,0.7675176534492124,0.6095772217428818,0.6794902620822313,0.3015003204345703,7.659196853637695e-05,0.0008189169822909,0.3015003204345703,0.8635479578257754,0.0008189169822909
adult,iid,20,107,5,10,0.9841058450199612,0.0003736308731702,0.9069464201043148,0.0003113490142674,0.83212796526636,0.0047544654008931,0.8318093396545096,-0.0055096739624225,,0.9547831033703528,0.007108735137163,0.007108735137163,0.8635479578257754,0.7675176534492124,0.6095772217428818,0.6794902620822313,0.3015003204345703,-0.0002700388431549,-0.0004094584911454,0.3015003204345703,0.8635479578257754,-0.0004094584911454
adult,iid,20,107,5,11,0.9841058450199612,0.0002016583068891,0.9069464201043148,0.0036442541675175,0.83212796526636,0.0035291699922188,0.8318093396545096,-0.0232384768605342,,0.9547831033703528,0.0030843747569196,0.0030843747569196,0.8635479578257754,0.7675176534492124,0.6095772217428818,0.6794902620822313,0.3015003204345703,-6.523728370666504e-05,-0.0013307400962226,0.3015003204345703,0.8635479578257754,-0.0013307400962226
adult,iid,20,107,5,12,0.9841058450199612,7.063158972264727e-05,0.9069464201043148,0.001469074783127,0.83212796526636,0.0062837708234817,0.8318093396545096,0.002912089832147,,0.9547831033703528,0.0076702916205256,0.0076702916205256,0.8635479578257754,0.7675176534492124,0.6095772217428818,0.6794902620822313,0.3015003204345703,-0.0001758337020874,-0.0017401985873681,0.3015003204345703,0.8635479578257754,-0.0017401985873681
adult,iid,20,107,5,13,0.9841058450199612,-8.598628314049339e-05,0.9069464201043148,-0.0016595542911332,0.83212796526636,-0.000914674428319,0.8318093396545096,-0.010349567263451,,0.9547831033703528,0.0022971906424831,0.0022971906424831,0.8635479578257754,0.7675176534492124,0.6095772217428818,0.6794902620822313,0.3015003204345703,0.0002017021179199,-0.0,0.3015003204345703,0.8635479578257754,-0.0
adult,iid,20,107,5,14,0.9841058450199612,-0.0001300030709386,0.9069464201043148,-0.0027914520342214,0.83212796526636,-0.0022919748439506,0.8318093396545096,-0.0242635324814501,,0.9547831033703528,-0.0002080673785076,0.0002080673785076,0.8635479578257754,0.7675176534492124,0.6095772217428818,0.6794902620822313,0.3015003204345703,0.0001933872699737,0.0005118231139318,0.3015003204345703,0.8635479578257754,0.0005118231139318
adult,iid,20,107,5,15,0.9841058450199612,0.0002426041560037,0.9069464201043148,0.0005150568448099,0.83212796526636,0.001835959823079,0.8318093396545096,-0.031328262414239,,0.9547831033703528,0.0004989489182374,0.0004989489182374,0.8635479578257754,0.7675176534492124,0.6095772217428818,0.6794902620822313,0.3015003204345703,-4.974007606506348e-05,-0.0007165523595045,0.3015003204345703,0.8635479578257754,-0.0007165523595045
adult,iid,20,107,5,16,0.9841058450199612,0.0002722898966117,0.9069464201043148,-1.1029226015923932e-05,0.83212796526636,-0.0027585674111276,0.8318093396545096,-0.0279444140292839,,0.9547831033703528,-0.0049244201151065,0.0049244201151065,0.8635479578257754,0.7675176534492124,0.6095772217428818,0.6794902620822313,0.3015003204345703,0.0004008412361145,-0.0001023646227863,0.3015003204345703,0.8635479578257754,-0.0001023646227863
adult,iid,20,107,5,17,0.9841058450199612,-0.0001729962125089,0.9069464201043148,-0.0018966334755808,0.83212796526636,-0.0015306276158768,0.8318093396545096,-0.0101923144125148,,0.9547831033703528,-0.0008563906097465,0.0008563906097465,0.8635479578257754,0.7675176534492124,0.6095772217428818,0.6794902620822313,0.3015003204345703,2.712011337280273e-05,-0.0,0.3015003204345703,0.8635479578257754,-0.0
adult,iid,20,107,5,18,0.9841058450199612,-0.0001156720237485,0.9069464201043148,-0.0017022926730015,0.83212796526636,-0.0035238812190661,0.8318093396545096,-0.041206071124882,,0.9547831033703528,-0.0037047018039791,0.0037047018039791,0.8635479578257754,0.7675176534492124,0.6095772217428818,0.6794902620822313,0.3015003204345703,0.000378131866455,0.0007165523595045,0.3015003204345703,0.8635479578257754,0.0007165523595045
adult,iid,20,107,5,19,0.9841058450199612,0.0001985873682055,0.9069464201043148,0.0002180470178071,0.83212796526636,-0.0003053322072024,0.8318093396545096,-0.015061328611865,,0.9547831033703528,0.0016919392012737,0.0016919392012737,0.8635479578257754,0.7675176534492124,0.6095772217428818,0.6794902620822313,0.3015003204345703,-2.2858381271362305e-05,0.0009212816050773,0.3015003204345703,0.8635479578257754,0.0009212816050773
adult,iid,20,107,6,0,0.9846053843791586,8.291534445692417e-05,0.908983311634513,0.0006775851792361,0.8287640222139805,-0.0019906092166128,0.8891629488986477,0.0189897377954315,,0.9539567321204988,-0.0011870784404344,0.0011870784404344,0.8648786979219981,0.7648619957537155,0.6216566005176877,0.6858638743455497,0.2997600436210632,0.0001355707645416,-0.0003070938683591,0.2997600436210632,0.8648786979219981,-0.0003070938683591
adult,iid,20,107,6,1,0.9846053843791586,5.7324188760365935e-05,0.908983311634513,0.0030731461498794,0.8287640222139805,0.0035291699922188,0.8891629488986477,0.0112377546622559,,0.9539567321204988,0.0044188722666842,0.0044188722666842,0.8648786979219981,0.7648619957537155,0.6216566005176877,0.6858638743455497,0.2997600436210632,-2.232193946838379e-05,-0.00112601085065,0.2997600436210632,0.8648786979219981,-0.00112601085065
adult,iid,20,107,6,2,0.9846053843791586,-7.677346708978572e-05,0.908983311634513,0.0026003329111087,0.8287640222139805,0.0035265256056423,0.8891629488986477,0.0224958939533366,,0.9539567321204988,0.0034653048101787,0.0034653048101787,0.8648786979219981,0.7648619957537155,0.6216566005176877,0.6858638743455497,0.2997600436210632,-0.0002173781394958,-0.00112601085065,0.2997600436210632,0.8648786979219981,-0.00112601085065
adult,iid,20,107,6,3,0.9846053843791586,1.0236462278601088e-05,0.908983311634513,-0.0009479516980303,0.8287640222139805,-0.0019932536031892,0.8891629488986477,0.0181044624864588,,0.9539567321204988,-0.0016553467439266,0.0016553467439266,0.8648786979219981,0.7648619957537155,0.6216566005176877,0.6858638743455497,0.2997600436210632,0.000172346830368,0.00112601085065,0.2997600436210632,0.8648786979219981,0.00112601085065
adult,iid,20,107,6,4,0.9846053843791586,1.8425632101526368e-05,0.908983311634513,0.0041594762124274,0.8287640222139805,0.0035265256056423,0.8891629488986477,0.0224434763363581,,0.9539567321204988,0.0047998023199432,0.0047998023199432,0.8648786979219981,0.7648619957537155,0.6216566005176877,0.6858638743455497,0.2997600436210632,-0.0001090168952941,-0.0009212816050773,0.2997600436210632,0.8648786979219981,-0.0009212816050773
adult,iid,20,107,6,5,0.9846053843791586,-0.0001617361040024,0.908983311634513,-0.0021199080624567,0.8287640222139805,-0.0038278912329803,0.8891629488986477,0.0082615988538015,,0.9539567321204988,-0.0026885267823484,0.0026885267823484,0.8648786979219981,0.7648619957537155,0.6216566005176877,0.6858638743455497,0.2997600436210632,0.0004772245883941,0.0001023646227863,0.2997600436210632,0.8648786979219981,0.0001023646227863
adult,iid,20,107,6,6,0.9846053843791586,0.0001750435049646,0.908983311634513,0.0013874763292597,0.8287640222139805,0.0006146309942693,0.8891629488986477,-0.0248954559750258,,0.9539567321204988,-0.0008009793098933,0.0008009793098933,0.8648786979219981,0.7648619957537155,0.6216566005176877,0.6858638743455497,0.2997600436210632,-3.2007694244384766e-05,-0.0003070938683591,0.2997600436210632,0.8648786979219981,-0.0003070938683591
adult,iid,20,107,6,7,0.9846053843791586,0.0001658306889139,0.908983311634513,0.0002794327319585,0.8287640222139805,0.0003000434340494,0.8891629488986477,-0.0006726927512259,,0.9539567321204988,-0.0022645766045203,0.0022645766045203,0.8648786979219981,0.7648619957537155,0.6216566005176877,0.6858638743455497,0.2997600436210632,4.303455352783203e-05,-0.0007165523595046,0.2997600436210632,0.8648786979219981,-0.0007165523595046
adult,iid,20,107,6,8,0.9846053843791586,7.984440577335494e-05,0.908983311634513,0.0022788064908449,0.8287640222139805,0.0018346376297908,0.8891629488986477,0.0286112826008457,,0.9539567321204988,-0.0006450835648976,0.0006450835648976,0.8648786979219981,0.7648619957537155,0.6216566005176877,0.6858638743455497,0.2997600436210632,2.4139881134033203e-05,-0.0008189169822909,0.2997600436210632,0.8648786979219981,-0.0008189169822909
adult,iid,20,107,6,9,0.9846053843791586,8.700992936838681e-05,0.908983311634513,0.001667970725422,0.8287640222139805,0.0016918879758514,0.8891629488986477,0.0115697329031205,,0.9539567321204988,0.0038273222561593,0.0038273222561593,0.8648786979219981,0.7648619957537155,0.6216566005176877,0.6858638743455497,0.2997600436210632,-1.2308359146118164e-05,0.0001023646227863,0.2997600436210632,0.8648786979219981,0.0001023646227863
adult,iid,20,107,6,10,0.9846053843791586,0.0002569352031938,0.908983311634513,0.0021686192995655,0.8287640222139805,0.003530492185507,0.8891629488986477,0.0021869794639426,,0.9539567321204988,0.0046530064184303,0.0046530064184303,0.8648786979219981,0.7648619957537155,0.6216566005176877,0.6858638743455497,0.2997600436210632,-0.0001927018165588,-0.0018425632101546,0.2997600436210632,0.8648786979219981,-0.0018425632101546
adult,iid,20,107,6,11,0.9846053843791586,9.110451427984945e-05,0.908983311634513,0.0040412449520821,0.8287640222139805,0.0004573372141594,0.8891629488986477,0.012472480751086,,0.9539567321204988,-0.0012497118382897,0.0012497118382897,0.8648786979219981,0.7648619957537155,0.6216566005176877,0.6858638743455497,0.2997600436210632,-6.574392318725586e-05,-0.0009212816050773,0.2997600436210632,0.8648786979219981,-0.0009212816050773
adult,iid,20,107,6,12,0.9846053843791586,-8.291534445692417e-05,0.908983311634513,0.0040807717644597,0.8287640222139805,0.0061304436232364,0.8891629488986477,0.0071695651667462,,0.9539567321204988,0.0059424987149478,0.0059424987149478,0.8648786979219981,0.7648619957537155,0.6216566005176877,0.6858638743455497,0.2997600436210632,-7.581710815429688e-05,-0.0016378339645818,0.2997600436210632,0.8648786979219981,-0.0016378339645818
adult,iid,20,107,6,13,0.9846053843791586,0.0001453577643566,0.908983311634513,-0.00050556673747,0.8287640222139805,-0.0006066978345402,0.8891629488986477,-0.0007309345478687,,0.9539567321204988,0.0011342197193393,0.0011342197193393,0.8648786979219981,0.7648619957537155,0.6216566005176877,0.6858638743455497,0.2997600436210632,0.0001192390918731,-0.0003070938683591,0.2997600436210632,0.8648786979219981,-0.0003070938683591
adult,iid,20,107,6,14,0.9846053843791586,-0.0001545705804073,0.908983311634513,-0.0004519908397382,0.8287640222139805,-0.0018372820163674,0.8891629488986477,0.0068055539377278,,0.9539567321204988,-0.0013599152824554,0.0013599152824554,0.8648786979219981,0.7648619957537155,0.6216566005176877,0.6858638743455497,0.2997600436210632,-6.139278411865234e-06,0.0002047292455726,0.2997600436210632,0.8648786979219981,0.0002047292455726
adult,iid,20,107,6,15,0.9846053843791586,0.0002047292455726,0.908983311634513,0.0008598636032962,0.8287640222139805,0.0009199632014719,0.8891629488986477,-0.0077315985043506,,0.9539567321204988,0.0001760765083622,0.0001760765083622,0.8648786979219981,0.7648619957537155,0.6216566005176877,0.6858638743455497,0.2997600436210632,6.854534149169922e-05,-0.0008189169822909,0.2997600436210632,0.8648786979219981,-0.0008189169822909
adult,iid,20,107,6,16,0.9846053843791586,0.0001617361040024,0.908983311634513,0.0003010310572714,0.8287640222139805,-0.0012252954086744,0.8891629488986477,0.0108242379060909,,0.9539567321204988,0.0015966957777321,0.0015966957777321,0.8648786979219981,0.7648619957537155,0.6216566005176877,0.6858638743455497,0.2997600436210632,0.0003029406070709,-0.0005118231139318,0.2997600436210632,0.8648786979219981,-0.0005118231139318
adult,iid,20,107,6,17,0.9846053843791586,-1.637833964585056e-05,0.908983311634513,-0.0005596672904218,0.8287640222139805,-0.0003000434340496,0.8891629488986477,0.0069744551479924,,0.9539567321204988,0.0025476427234374,0.0025476427234374,0.8648786979219981,0.7648619957537155,0.6216566005176877,0.6858638743455497,0.2997600436210632,2.023577690124512e-05,0.000307093868359,0.2997600436210632,0.8648786979219981,0.000307093868359
adult,iid,20,107,6,18,0.9846053843791586,-6.551335858329121e-05,0.908983311634513,-0.0009148650171564,0.8287640222139805,-0.0027585674111276,0.8891629488986477,0.0332473296136239,,0.9539567321204988,-0.0037314556648004,0.0037314556648004,0.8648786979219981,0.7648619957537155,0.6216566005176877,0.6858638743455497,0.2997600436210632,0.0003322660923004,0.000307093868359,0.2997600436210632,0.8648786979219981,0.000307093868359
adult,iid,20,107,6,19,0.9846053843791586,-3.378032551948351e-05,0.908983311634513,0.0003334477130835,0.8287640222139805,-0.0003040100139142,0.8891629488986477,0.0083780824470873,,0.9539567321204988,-0.0007429216665094,0.0007429216665094,0.8648786979219981,0.7648619957537155,0.6216566005176877,0.6858638743455497,0.2997600436210632,-0.0001173019409179,-0.0002047292455727,0.2997600436210632,0.8648786979219981,-0.0002047292455727
adult,iid,20,107,7,0,0.9849196437711129,-0.0001054355614699,0.9101640892456616,-0.001809408151404,0.8241668505931973,-0.0010653572419879,0.8259036214749154,0.009592423907093,,0.9523516534318734,0.0032012287967304,0.0032012287967304,0.8671307196232982,0.765625,0.634167385677308,0.6937234544596508,0.2986792623996734,0.0001330971717834,0.0019449278329409,0.2986792623996734,0.8671307196232982,0.0019449278329409
adult,iid,20,107,7,1,0.9849196437711129,-1.6378339645739537e-05,0.9101640892456616,0.001598728226313,0.8241668505931973,0.0013773004156314,0.8259036214749154,0.0043623105685566,,0.9523516534318734,0.0010292274517675,0.0010292274517675,0.8671307196232982,0.765625,0.634167385677308,0.6937234544596508,0.2986792623996734,-4.00841236114502e-05,-0.0005118231139317,0.2986792623996734,0.8671307196232982,-0.0005118231139317
adult,iid,20,107,7,2,0.9849196437711129,-2.9685740608020872e-05,0.9101640892456616,0.0014812776685796,0.8241668505931973,0.0039917959795312,0.8259036214749154,0.021671772530839,,0.9523516534318734,0.0091404878453373,0.0091404878453373,0.8671307196232982,0.765625,0.634167385677308,0.6937234544596508,0.2986792623996734,-0.0002430379390716,0.0006141877367182,0.2986792623996734,0.8671307196232982,0.0006141877367182
adult,iid,20,107,7,3,0.9849196437711129,-0.0001842563210153,0.9101640892456616,-0.0005713091936856,0.8241668505931973,-0.0021479029967227,0.8259036214749154,-0.0168493517688033,,0.9523516534318734,-0.0017166440536516,0.0017166440536516,0.8671307196232982,0.765625,0.634167385677308,0.6937234544596508,0.2986792623996734,0.0001441836357116,0.0013307400962228,0.2986792623996734,0.8671307196232982,0.0013307400962228
adult,iid,20,107,7,4,0.9849196437711129,-6.858429726686044e-05,0.9101640892456616,0.0010624483532051,0.8241668505931973,0.0012266176019625,0.8259036214749154,-0.0153758343137369,,0.9523516534318734,0.0029239970222247,0.0029239970222247,0.8671307196232982,0.765625,0.634167385677308,0.6937234544596508,0.2986792623996734,-2.4616718292236328e-05,-0.0,0.2986792623996734,0.8671307196232982,-0.0
adult,iid,20,107,7,5,0.9849196437711129,-0.0001678779813696,0.9101640892456616,-0.0024113277660501,0.8241668505931973,-0.0056638510560594,0.8259036214749154,0.047199151999441,,0.9523516534318734,-0.0024191104286552,0.0024191104286552,0.8671307196232982,0.765625,0.634167385677308,0.6937234544596508,0.2986792623996734,0.0004066824913024,0.0018425632101546,0.2986792623996734,0.8671307196232982,0.0018425632101546
adult,iid,20,107,7,6,0.9849196437711129,8.803357559628022e-05,0.9101640892456616,0.0003532145411699,0.8241668505931973,-0.000459981600736,0.8259036214749154,-0.0097089075003784,,0.9523516534318734,0.0001546113223254,0.0001546113223254,0.8671307196232982,0.765625,0.634167385677308,0.6937234544596508,0.2986792623996734,1.996755599975586e-05,0.0011260108506501,0.2986792623996734,0.8671307196232982,0.0011260108506501
adult,iid,20,107,7,7,0.9849196437711129,-9.622274541909448e-05,0.9101640892456616,0.000761774102737,0.8241668505931973,0.0012226510220979,0.8259036214749154,0.0193653973837786,,0.9523516534318734,0.0004017979042083,0.0004017979042083,0.8671307196232982,0.765625,0.634167385677308,0.6937234544596508,0.2986792623996734,-2.786517143249512e-05,0.0005118231139318,0.2986792623996734,0.8671307196232982,0.0005118231139318
adult,iid,20,107,7,8,0.9849196437711129,1.023646227871211e-05,0.9101640892456616,0.0006971231660021,0.8241668505931973,-0.0015359163890297,0.8259036214749154,0.0070356090344676,,0.9523516534318734,-0.0034711908200505,0.0034711908200505,0.8671307196232982,0.765625,0.634167385677308,0.6937234544596508,0.2986792623996734,5.114078521728516e-05,0.0010236462278636,0.2986792623996734,0.8671307196232982,0.0010236462278636
adult,iid,20,107,7,9,0.9849196437711129,-0.0001586651653188,0.9101640892456616,0.0018032011965356,0.8241668505931973,0.0015345941957414,0.8259036214749154,-0.0173677037589254,,0.9523516534318734,0.0013364269207054,0.0013364269207054,0.8671307196232982,0.765625,0.634167385677308,0.6937234544596508,0.2986792623996734,-0.0001158416271209,0.0003070938683591,0.2986792623996734,0.8671307196232982,0.0003070938683591
adult,iid,20,107,7,10,0.9849196437711129,-8.189169822903075e-05,0.9101640892456616,-0.0001831821930342,0.8241668505931973,0.0033771649852617,0.8259036214749154,-0.0131335251429836,,0.9523516534318734,0.0087485027049245,0.0087485027049245,0.8671307196232982,0.765625,0.634167385677308,0.6937234544596508,0.2986792623996734,-0.0001669526100158,0.0005118231139318,0.2986792623996734,0.8671307196232982,0.0005118231139318
adult,iid,20,107,7,11,0.9849196437711129,-5.015866516533407e-05,0.9101640892456616,0.0024790461574785,0.8241668505931973,0.002301230196968,0.8259036214749154,0.010244732029494,,0.9523516534318734,0.0039297361122425,0.0039297361122425,0.8671307196232982,0.765625,0.634167385677308,0.6937234544596508,0.2986792623996734,-4.863739013671875e-05,-0.0,0.2986792623996734,0.8671307196232982,-0.0
adult,iid,20,107,7,12,0.9849196437711129,-0.0003470160712457,0.9101640892456616,0.002457255774636,0.8241668505931973,0.0036772084193112,0.8259036214749154,0.0083926428962481,,0.9523516534318734,0.003531864961958,0.003531864961958,0.8671307196232982,0.765625,0.634167385677308,0.6937234544596508,0.2986792623996734,-7.861852645874023e-05,-0.0002047292455726,0.2986792623996734,0.8671307196232982,-0.0002047292455726
adult,iid,20,107,7,13,0.9849196437711129,-0.0001852799672432,0.9101640892456616,-0.0023240848319163,0.8241668505931973,-0.0027532786379746,0.8259036214749154,-8.153851530012801e-05,,0.9523516534318734,0.0002785420299058,0.0002785420299058,0.8671307196232982,0.765625,0.634167385677308,0.6937234544596508,0.2986792623996734,0.000146210193634,0.0015354693417954,0.2986792623996734,0.8671307196232982,0.0015354693417954
adult,iid,20,107,7,14,0.9849196437711129,-0.000217013000307,0.9101640892456616,-0.001217832193051,0.8241668505931973,-0.0022919748439506,0.8259036214749154,-0.0213339701103096,,0.9523516534318734,0.0017532623437287,0.0017532623437287,0.8671307196232982,0.765625,0.634167385677308,0.6937234544596508,0.2986792623996734,3.507733345031738e-05,0.0019449278329409,0.2986792623996734,0.8671307196232982,0.0019449278329409
adult,iid,20,107,7,15,0.9849196437711129,0.0001044119152421,0.9101640892456616,-0.0012148543913463,0.8241668505931973,0.0024558795905016,0.8259036214749154,0.0158417686868805,,0.9523516534318734,0.0047593986938979,0.0047593986938979,0.8671307196232982,0.765625,0.634167385677308,0.6937234544596508,0.2986792623996734,8.118152618408203e-05,0.0008189169822909,0.2986792623996734,0.8671307196232982,0.0008189169822909
adult,iid,20,107,7,16,0.9849196437711129,-3.070938683591429e-05,0.9101640892456616,-0.0006451251666241,0.8241668505931973,5.288773152867243e-06,0.8259036214749154,0.0033605516662977,,0.9523516534318734,0.0029585663038587,0.0029585663038587,0.8671307196232982,0.765625,0.634167385677308,0.6937234544596508,0.2986792623996734,0.0003585517406463,0.0006141877367182,0.2986792623996734,0.8671307196232982,0.0006141877367182
adult,iid,20,107,7,17,0.9849196437711129,-0.0002047292455726,0.9101640892456616,-0.0017291433042379,0.8241668505931973,-0.0007600250347855,0.8259036214749154,0.0161388018497596,,0.9523516534318734,0.0034099193430555,0.0034099193430555,0.8671307196232982,0.765625,0.634167385677308,0.6937234544596508,0.2986792623996734,-7.081031799316406e-05,0.0004094584911454,0.2986792623996734,0.8671307196232982,0.0004094584911454
adult,iid,20,107,7,18,0.9849196437711129,-3.0709386835692243e-06,0.9101640892456616,-0.0001954187959655,0.8241668505931973,-0.0015266610360121,0.8259036214749154,0.0053058276741722,,0.9523516534318734,0.0017265084829075,0.0017265084829075,0.8671307196232982,0.765625,0.634167385677308,0.6937234544596508,0.2986792623996734,0.0002842545509338,0.0015354693417954,0.2986792623996734,0.8671307196232982,0.0015354693417954
adult,iid,20,107,7,19,0.9849196437711129,-4.299314157019119e-05,0.9101640892456616,-0.0013570841633754,0.8241668505931973,-0.0015213722628591,0.8259036214749154,-0.0075714335635823,,0.9523516534318734,0.0064441714749066,0.0064441714749066,0.8671307196232982,0.765625,0.634167385677308,0.6937234544596508,0.2986792623996734,1.1622905731201172e-05,0.0017401985873682,0.2986792623996734,0.8671307196232982,0.0017401985873682
adult,iid,20,107,8,0,0.9857068277203398,-0.0001115774388371,0.9090050749439396,-0.0014708905692292,0.8243241443733074,-0.0016826326228338,0.8531986394716304,-0.0070967629209424,,0.9530834520791872,-0.0002471865818829,0.0002471865818829,0.8673354488688709,0.7650414937759336,0.6363244176013805,0.6947715496938295,0.2974918484687805,0.0001161992549896,0.0006141877367181,0.2974918484687805,0.8673354488688709,0.0006141877367181
adult,iid,20,107,8,1,0.9857068277203398,-3.889855665883957e-05,0.9090050749439396,0.0006117329536196,0.8243241443733074,0.000762669421362,0.8531986394716304,-0.0256147421635659,,0.9530834520791872,7.111007352067489e-05,7.111007352067489e-05,0.8673354488688709,0.7650414937759336,0.6363244176013805,0.6947715496938295,0.2974918484687805,2.8759241104125977e-05,0.0002047292455726,0.2974918484687805,0.8673354488688709,0.0002047292455726
adult,iid,20,107,8,2,0.9857068277203398,7.472617463399889e-05,0.9090050749439396,0.0015452071441284,0.8243241443733074,0.0023025523902563,0.8531986394716304,-0.0402538177497697,,0.9530834520791872,0.0050737685953776,0.0050737685953776,0.8673354488688709,0.7650414937759336,0.6363244176013805,0.6947715496938295,0.2974918484687805,-0.0002048909664154,0.0001023646227863,0.2974918484687805,0.8673354488688709,0.0001023646227863
adult,iid,20,107,8,3,0.9857068277203398,6.653700481107361e-05,0.9090050749439396,-0.0014708905692292,0.8243241443733074,-0.0019945757964773,0.8531986394716304,-0.0236665540658598,,0.9530834520791872,-0.0025163131081444,0.0025163131081444,0.8673354488688709,0.7650414937759336,0.6363244176013805,0.6947715496938295,0.2974918484687805,0.0001211762428283,0.0006141877367181,0.2974918484687805,0.8673354488688709,0.0006141877367181
adult,iid,20,107,8,4,0.9857068277203398,-9.519909919142312e-05,0.9090050749439396,0.0017374958972193,0.8243241443733074,0.0015345941957415,0.8531986394716304,-0.0250876539039475,,0.9530834520791872,0.0017610260990812,0.0017610260990812,0.8673354488688709,0.7650414937759336,0.6363244176013805,0.6947715496938295,0.2974918484687805,-2.887845039367676e-05,-0.000307093868359,0.2974918484687805,0.8673354488688709,-0.000307093868359
adult,iid,20,107,8,5,0.9857068277203398,-0.0004063875524619,0.9090050749439396,-0.0049123898781013,0.8243241443733074,-0.0055144904356786,0.8531986394716304,-0.0517827813952405,,0.9530834520791872,-0.0072170091703878,0.0072170091703878,0.8673354488688709,0.7650414937759336,0.6363244176013805,0.6947715496938295,0.2974918484687805,0.0003793835639953,0.0016378339645818,0.2974918484687805,0.8673354488688709,0.0016378339645818
adult,iid,20,107,8,6,0.9857068277203398,0.0001453577643565,0.9090050749439396,-0.0004832861573247,0.8243241443733074,-0.0004639481806005,0.8531986394716304,0.0087537420354342,,0.9530834520791872,-0.0019429886173151,0.0019429886173151,0.8673354488688709,0.7650414937759336,0.6363244176013805,0.6947715496938295,0.2974918484687805,-2.714991569519043e-05,0.0010236462278636,0.2974918484687805,0.8673354488688709,0.0010236462278636
adult,iid,20,107,8,7,0.9857068277203398,1.944927832930876e-05,0.9090050749439396,0.0006658356337576,0.8243241443733074,-0.0009265741679129,0.8531986394716304,0.0003261540612005,,0.9530834520791872,-0.0032272439045086,0.0032272439045086,0.8673354488688709,0.7650414937759336,0.6363244176013805,0.6947715496938295,0.2974918484687805,3.865361213684082e-05,0.0007165523595045,0.2974918484687805,0.8673354488688709,0.0007165523595045
adult,iid,20,107,8,8,0.9857068277203398,6.346606612750438e-05,0.9090050749439396,0.0001075208850951,0.8243241443733074,-0.0010746125950054,0.8531986394716304,-0.0440045894535752,,0.9530834520791872,-0.0002373738180871,0.0002373738180871,0.8673354488688709,0.7650414937759336,0.6363244176013805,0.6947715496938295,0.2974918484687805,8.51750373840332e-05,0.0010236462278636,0.2974918484687805,0.8673354488688709,0.0010236462278636
adult,iid,20,107,8,9,0.9857068277203398,5.732418876025491e-05,0.9090050749439396,0.00038642087074,0.8243241443733074,-0.0009212853947601,0.8531986394716304,-0.0353498584724341,,0.9530834520791872,-0.0039891040110265,0.0039891040110265,0.8673354488688709,0.7650414937759336,0.6363244176013805,0.6947715496938295,0.2974918484687805,7.331371307373047e-06,0.0003070938683591,0.2974918484687805,0.8673354488688709,0.0003070938683591
adult,iid,20,107,8,10,0.9857068277203398,9.417545296341868e-05,0.9090050749439396,0.0005253013857369,0.8243241443733074,0.0026078845974588,0.8531986394716304,-0.0183316054933662,,0.9530834520791872,0.0032402963346455,0.0032402963346455,0.8673354488688709,0.7650414937759336,0.6363244176013805,0.6947715496938295,0.2974918484687805,-0.0002035796642303,-0.0006141877367181,0.2974918484687805,0.8673354488688709,-0.0006141877367181
adult,iid,20,107,8,11,0.9857068277203398,0.0002518169720544,0.9090050749439396,0.0029798420704576,0.8243241443733074,0.0016852770094104,0.8531986394716304,-0.0313311745040711,,0.9530834520791872,-0.0001337434713759,0.0001337434713759,0.8673354488688709,0.7650414937759336,0.6363244176013805,0.6947715496938295,0.2974918484687805,-0.0001247823238372,-0.0008189169822908,0.2974918484687805,0.8673354488688709,-0.0008189169822908
adult,iid,20,107,8,12,0.9857068277203398,-0.0001320503633944,0.9090050749439396,0.0026813373318583,0.8243241443733074,0.0026012736310176,0.8531986394716304,-0.024208202774639,,0.9530834520791872,0.0013820933888051,0.0013820933888051,0.8673354488688709,0.7650414937759336,0.6363244176013805,0.6947715496938295,0.2974918484687805,-9.867548942565918e-05,-0.000307093868359,0.2974918484687805,0.8673354488688709,-0.000307093868359
adult,iid,20,107,8,13,0.9857068277203398,-0.0001003173303306,0.9090050749439396,-0.002245220494491,0.8243241443733074,-0.0015319498091649,0.8531986394716304,-0.0436871716618714,,0.9530834520791872,-0.0013735908804096,0.0013735908804096,0.8673354488688709,0.7650414937759336,0.6363244176013805,0.6947715496938295,0.2974918484687805,0.0001156032085418,0.00112601085065,0.2974918484687805,0.8673354488688709,0.00112601085065
adult,iid,20,107,8,14,0.9857068277203398,-8.4962636912711e-05,0.9090050749439396,-0.0023843390447182,0.8243241443733074,-0.0039878293996665,0.8531986394716304,-0.0108999522417267,,0.9530834520791872,-0.0065575887526833,0.0065575887526833,0.8673354488688709,0.7650414937759336,0.6363244176013805,0.6947715496938295,0.2974918484687805,1.5795230865478516e-05,0.0009212816050773,0.2974918484687805,0.8673354488688709,0.0009212816050773
adult,iid,20,107,8,15,0.9857068277203398,0.0002108711229398,0.9090050749439396,-0.0019853630208815,0.8243241443733074,0.0006080200278284,0.8531986394716304,-0.0054019266386329,,0.9530834520791872,-0.0028007153151919,0.0028007153151919,0.8673354488688709,0.7650414937759336,0.6363244176013805,0.6947715496938295,0.2974918484687805,4.6759843826293945e-05,0.0002047292455726,0.2974918484687805,0.8673354488688709,0.0002047292455726
adult,iid,20,107,8,16,0.9857068277203398,2.4567509468664817e-05,0.9090050749439396,-0.0003326655825626,0.8243241443733074,-0.0007653138079383,0.8531986394716304,-0.0362467821407355,,0.9530834520791872,0.0001682869202798,0.0001682869202798,0.8673354488688709,0.7650414937759336,0.6363244176013805,0.6947715496938295,0.2974918484687805,0.0002728700637817,0.0002047292455726,0.2974918484687805,0.8673354488688709,0.0002047292455726
adult,iid,20,107,8,17,0.9857068277203398,-0.0004166240147405,0.9090050749439396,-0.0016649002421647,0.8243241443733074,-0.0019866426367479,0.8531986394716304,-0.0429737096529954,,0.9530834520791872,6.13231424552163e-05,6.13231424552163e-05,0.8673354488688709,0.7650414937759336,0.6363244176013805,0.6947715496938295,0.2974918484687805,3.954768180847168e-05,0.0010236462278636,0.2974918484687805,0.8673354488688709,0.0010236462278636
adult,iid,20,107,8,18,0.9857068277203398,0.0001126010850649,0.9090050749439396,-0.0032569565092944,0.8243241443733074,-0.003525203412354,0.8531986394716304,-0.0084305000640658,,0.9530834520791872,-0.0040803690151838,0.0040803690151838,0.8673354488688709,0.7650414937759336,0.6363244176013805,0.6947715496938295,0.2974918484687805,0.0002929270267486,0.0016378339645818,0.2974918484687805,0.8673354488688709,0.0016378339645818
adult,iid,20,107,8,19,0.9857068277203398,6.960794349464283e-05,0.9090050749439396,-0.0028673408859481,0.8243241443733074,-0.0032132602387106,0.8531986394716304,-0.0200439143146688,,0.9530834520791872,-0.0027211408203111,0.0027211408203111,0.8673354488688709,0.7650414937759336,0.6363244176013805,0.6947715496938295,0.2974918484687805,1.2516975402832031e-06,0.0008189169822909,0.2974918484687805,0.8673354488688709,0.0008189169822909
adult,iid,20,107,9,0,0.9861797522776128,-7.165523595042966e-05,0.9114835359376844,-0.0009028142807593,0.8246334431603743,-0.001071968208429,0.7920243683677155,-0.0316369439364465,,0.9558750417181664,-0.0003352377524291,0.0003352377524291,0.8673354488688709,0.7644927536231884,0.6371872303710094,0.6950588235294117,0.2964974641799927,7.706880569458008e-05,0.0004094584911454,0.2964974641799927,0.8673354488688709,0.0004094584911454
adult,iid,20,107,9,1,0.9861797522776128,7.984440577335494e-05,0.9114835359376844,0.0009230639612831,0.8246334431603743,0.0018425707895202,0.7920243683677155,-0.0335123297883492,,0.9558750417181664,0.0032670501954668,0.0032670501954668,0.8673354488688709,0.7644927536231884,0.6371872303710094,0.6950588235294117,0.2964974641799927,-1.1920928955078125e-07,-0.0002047292455726,0.2964974641799927,0.8673354488688709,-0.0002047292455726
adult,iid,20,107,9,2,0.9861797522776128,-9.212816050763184e-05,0.9114835359376844,0.0009230639612831,0.8246334431603743,0.0019919314099009,0.7920243683677155,-0.027571666530769,,0.9558750417181664,0.002755710101945,0.002755710101945,0.8673354488688709,0.7644927536231884,0.6371872303710094,0.6950588235294117,0.2964974641799927,-0.0001951456069946,-0.0002047292455726,0.2964974641799927,0.8673354488688709,-0.0002047292455726
adult,iid,20,107,9,3,0.9861797522776128,6.039512744404618e-05,0.9114835359376844,-0.0012467427585839,0.8246334431603743,-0.0023025523902564,0.7920243683677155,-0.0361273864576172,,0.9558750417181664,-0.00402233720453,0.00402233720453,0.8673354488688709,0.7644927536231884,0.6371872303710094,0.6950588235294117,0.2964974641799927,3.0606985092163086e-05,0.0005118231139318,0.2964974641799927,0.8673354488688709,0.0005118231139318
adult,iid,20,107,9,4,0.9861797522776128,-0.0001218139011157,0.9114835359376844,0.0013632245434876,0.8246334431603743,0.0022999080036798,0.7920243683677155,-0.0294587007420004,,0.9558750417181664,0.0030687697480245,0.0030687697480245,0.8673354488688709,0.7644927536231884,0.6371872303710094,0.6950588235294117,0.2964974641799927,-6.4849853515625e-05,-0.0005118231139318,0.2964974641799927,0.8673354488688709,-0.0005118231139318
adult,iid,20,107,9,5,0.9861797522776128,7.472617463410991e-05,0.9114835359376844,-0.0033623362720711,0.8246334431603743,-0.0045945272342068,0.7920243683677155,-0.0199128702722219,,0.9558750417181664,-0.0024713078948975,0.0024713078948975,0.8673354488688709,0.7644927536231884,0.6371872303710094,0.6950588235294117,0.2964974641799927,0.0004198849201202,0.0006141877367181,0.2964974641799927,0.8673354488688709,0.0006141877367181
adult,iid,20,107,9,6,0.9861797522776128,2.2520217012989008e-05,0.9114835359376844,0.0004615864451188,0.8246334431603743,0.0009186410081836,0.7920243683677155,-0.0350732099383801,,0.9558750417181664,0.0014179729258393,0.0014179729258393,0.8673354488688709,0.7644927536231884,0.6371872303710094,0.6950588235294117,0.2964974641799927,-4.6819448471069336e-05,-0.0001023646227863,0.2964974641799927,0.8673354488688709,-0.0001023646227863
adult,iid,20,107,9,7,0.9861797522776128,-3.2756679291590096e-05,0.9114835359376844,0.0002779626704745,0.8246334431603743,0.0006080200278283,0.7920243683677155,-0.0302566133560087,,0.9558750417181664,9.812763795746804e-06,9.812763795746804e-06,0.8673354488688709,0.7644927536231884,0.6371872303710094,0.6950588235294117,0.2964974641799927,5.310773849487305e-05,0.0004094584911454,0.2964974641799927,0.8673354488688709,0.0004094584911454
adult,iid,20,107,9,8,0.9861797522776128,2.866209438023848e-05,0.9114835359376844,0.0001180219520831,0.8246334431603743,-0.0006159531875578,0.7920243683677155,-0.0281424361378697,,0.9558750417181664,-0.0016775506830064,0.0016775506830064,0.8673354488688709,0.7644927536231884,0.6371872303710094,0.6950588235294117,0.2964974641799927,6.565451622009277e-05,-0.0,0.2964974641799927,0.8673354488688709,-0.0
adult,iid,20,107,9,9,0.9861797522776128,0.0001248848397994,0.9114835359376844,0.001416263424997,0.8246334431603743,0.0013839113820726,0.7920243683677155,-0.04770003145057,,0.9558750417181664,0.0023212981597737,0.0023212981597737,0.8673354488688709,0.7644927536231884,0.6371872303710094,0.6950588235294117,0.2964974641799927,-2.1696090698242188e-05,-0.0,0.2964974641799927,0.8673354488688709,-0.0
adult,iid,20,107,9,10,0.9861797522776128,4.504043402608904e-05,0.9114835359376844,8.665061441870403e-05,0.8246334431603743,0.0027638561842804,0.7920243683677155,-0.0298780416778297,,0.9558750417181664,0.0041625600085885,0.0041625600085885,0.8673354488688709,0.7644927536231884,0.6371872303710094,0.6950588235294117,0.2964974641799927,-0.0002041757106781,-0.000307093868359,0.2964974641799927,0.8673354488688709,-0.000307093868359
adult,iid,20,107,9,11,0.9861797522776128,0.000194492783294,0.9114835359376844,0.0017170815852427,0.8246334431603743,-1.3221932881890552e-06,0.7920243683677155,-0.0186431991054059,,0.9558750417181664,-0.000860966364218,0.000860966364218,0.8673354488688709,0.7644927536231884,0.6371872303710094,0.6950588235294117,0.2964974641799927,-6.0051679611206055e-05,-0.0005118231139318,0.2964974641799927,0.8673354488688709,-0.0005118231139318
adult,iid,20,107,9,12,0.9861797522776128,-9.72463916469879e-05,0.9114835359376844,0.0012876426169385,0.8246334431603743,0.0032198712051516,0.7920243683677155,-0.0128306678004401,,0.9558750417181664,0.0038716784688587,0.0038716784688587,0.8673354488688709,0.7644927536231884,0.6371872303710094,0.6950588235294117,0.2964974641799927,-8.01384449005127e-05,-0.0001023646227863,0.2964974641799927,0.8673354488688709,-0.0001023646227863
adult,iid,20,107,9,13,0.9861797522776128,5.3229603848903295e-05,0.9114835359376844,-0.0011389696710061,0.8246334431603743,-0.0006106644144048,0.7920243683677155,-0.0335763957646566,,0.9558750417181664,0.0014225486803108,0.0014225486803108,0.8673354488688709,0.7644927536231884,0.6371872303710094,0.6950588235294117,0.2964974641799927,7.387995719909668e-05,0.0004094584911454,0.2964974641799927,0.8673354488688709,0.0004094584911454
adult,iid,20,107,9,14,0.9861797522776128,-3.480397174737693e-05,0.9114835359376844,-0.0002360439041662,0.8246334431603743,-0.0038318578128448,0.7920243683677155,-0.0249449615021724,,0.9558750417181664,-0.0033100961527658,0.0033100961527658,0.8673354488688709,0.7644927536231884,0.6371872303710094,0.6950588235294117,0.2964974641799927,5.009770393371582e-05,-0.0,0.2964974641799927,0.8673354488688709,-0.0
adult,iid,20,107,9,15,0.9861797522776128,0.0001228375473436,0.9114835359376844,-0.003372392262599,0.8246334431603743,-0.0001559715868217,0.7920243683677155,-0.0402567298396019,,0.9558750417181664,-0.001488395911777,0.001488395911777,0.8673354488688709,0.7644927536231884,0.6371872303710094,0.6950588235294117,0.2964974641799927,3.0249357223510746e-05,0.0005118231139318,0.2964974641799927,0.8673354488688709,0.0005118231139318
adult,iid,20,107,9,16,0.9861797522776128,-0.0001637833964581,0.9114835359376844,-0.0008821189577922,0.8246334431603743,-0.002149225190011,0.7920243683677155,-0.0370825519225617,,0.9558750417181664,-0.0039121079276341,0.0039121079276341,0.8673354488688709,0.7644927536231884,0.6371872303710094,0.6950588235294117,0.2964974641799927,0.0002607703208923,0.0006141877367181,0.2964974641799927,0.8673354488688709,0.0006141877367181
adult,iid,20,107,9,17,0.9861797522776128,-0.0001238611935714,0.9114835359376844,-0.0032341583689539,0.8246334431603743,-0.0036785306125995,0.7920243683677155,-0.0283404582464559,,0.9558750417181664,-0.0021484354850224,0.0021484354850224,0.8673354488688709,0.7644927536231884,0.6371872303710094,0.6950588235294117,0.2964974641799927,5.492568016052246e-05,0.0007165523595045,0.2964974641799927,0.8673354488688709,0.0007165523595045
adult,iid,20,107,9,18,0.9861797522776128,0.000180161736104,0.9114835359376844,-0.0015034770493286,0.8246334431603743,-0.002609206790747,0.7920243683677155,-0.0245081480273503,,0.9558750417181664,-0.0042427957583219,0.0042427957583219,0.8673354488688709,0.7644927536231884,0.6371872303710094,0.6950588235294117,0.2964974641799927,0.0003004670143127,0.0003070938683591,0.2964974641799927,0.8673354488688709,0.0003070938683591
adult,iid,20,107,9,19,0.9861797522776128,7.165523595054069e-05,0.9114835359376844,-0.0008510576350944,0.8246334431603743,-0.0013773004156314,0.7920243683677155,-0.0389870586727858,,0.9558750417181664,0.0001637369985384,0.0001637369985384,0.8673354488688709,0.7644927536231884,0.6371872303710094,0.6950588235294117,0.2964974641799927,8.744001388549805e-05,0.0009212816050773,0.2964974641799927,0.8673354488688709,0.0009212816050773
adult,iid,20,107,10,0,0.9863445593202989,-0.0001085065001535,0.91318214032601,-0.0009652380396019,0.8237095133790377,-0.0013759782223432,0.8305746135656795,-0.0210252885881021,,0.9531160661171498,0.0006809372692015,0.0006809372692015,0.8666188965093664,0.7630896837739761,0.635030198446937,0.6931951966093713,0.2959914803504944,0.0001457333564758,-0.0002047292455726,0.2959914803504944,0.8666188965093664,-0.0002047292455726
adult,iid,20,107,10,1,0.9863445593202989,2.8662094380127456e-05,0.91318214032601,-0.0001590639242853,0.8237095133790377,0.0018425707895203,0.8305746135656795,-0.0102680287481504,,0.9531160661171498,0.0034085832549252,0.0034085832549252,0.8666188965093664,0.7630896837739761,0.635030198446937,0.6931951966093713,0.2959914803504944,6.0677528381347656e-05,-0.0004094584911453,0.2959914803504944,0.8666188965093664,-0.0004094584911453
adult,iid,20,107,10,2,0.9863445593202989,-0.0002405568635479,0.91318214032601,0.0020212153614038,0.8237095133790377,0.0030665440049064,0.8305746135656795,0.0024636279979965,,0.9531160661171498,0.0043275814297969,0.0043275814297969,0.8666188965093664,0.7630896837739761,0.635030198446937,0.6931951966093713,0.2959914803504944,-0.0001925528049468,-0.0010236462278635,0.2959914803504944,0.8666188965093664,-0.0010236462278635
adult,iid,20,107,10,3,0.9863445593202989,5.834783498814833e-05,0.91318214032601,-0.0010732039517744,0.8237095133790377,-0.0012279397952508,0.8305746135656795,-0.0070239606751385,,0.9531160661171498,-0.0025919989361369,0.0025919989361369,0.8666188965093664,0.7630896837739761,0.635030198446937,0.6931951966093713,0.2959914803504944,7.805228233337402e-05,-0.0001023646227863,0.2959914803504944,0.8666188965093664,-0.0001023646227863
adult,iid,20,107,10,4,0.9863445593202989,-0.0002466987409152,0.91318214032601,0.0029650567960428,0.8237095133790377,0.0029118946113728,0.8305746135656795,-0.0236054001793843,,0.9531160661171498,0.0044078171795304,0.0044078171795304,0.8666188965093664,0.7630896837739761,0.635030198446937,0.6931951966093713,0.2959914803504944,-1.8805265426635746e-05,-0.0010236462278635,0.2959914803504944,0.8666188965093664,-0.0010236462278635
adult,iid,20,107,10,5,0.9863445593202989,-6.141877367182857e-05,0.91318214032601,-0.002372365402111,0.8237095133790377,-0.0022946192305269,0.8305746135656795,0.0206525410895876,,0.9531160661171498,-0.0007370356566377,0.0007370356566377,0.8666188965093664,0.7630896837739761,0.635030198446937,0.6931951966093713,0.2959914803504944,0.0003897845745086,-0.0001023646227863,0.2959914803504944,0.8666188965093664,-0.0001023646227863
adult,iid,20,107,10,6,0.9863445593202989,-0.0001156720237486,0.91318214032601,0.0001951273389968,0.8237095133790377,0.0009199632014719,0.8305746135656795,0.0018346165942528,,0.9531160661171498,0.0013690409586684,0.0013690409586684,0.8666188965093664,0.7630896837739761,0.635030198446937,0.6931951966093713,0.2959914803504944,-7.063150405883789e-05,-0.0004094584911453,0.2959914803504944,0.8666188965093664,-0.0004094584911453
adult,iid,20,107,10,7,0.9863445593202989,-0.0002692189579281,0.91318214032601,0.0006673823567064,0.8237095133790377,0.0001493606203806,0.8305746135656795,0.0159524281005021,,0.9531160661171498,-0.0002282739746045,0.0002282739746045,0.8666188965093664,0.7630896837739761,0.635030198446937,0.6931951966093713,0.2959914803504944,3.737211227416992e-05,-0.0004094584911453,0.2959914803504944,0.8666188965093664,-0.0004094584911453
adult,iid,20,107,10,8,0.9863445593202989,-6.039512744404618e-05,0.91318214032601,-0.0005030645387911,0.8237095133790377,-0.0009212853947602,0.8305746135656795,-0.0090333026593203,,0.9531160661171498,-0.0020884742634279,0.0020884742634279,0.8666188965093664,0.7630896837739761,0.635030198446937,0.6931951966093713,0.2959914803504944,2.264976501464844e-05,-0.000307093868359,0.2959914803504944,0.8666188965093664,-0.000307093868359
adult,iid,20,107,10,9,0.9863445593202989,3.173303306369668e-05,0.91318214032601,0.0025669555344169,0.8237095133790377,0.0010759347882937,0.8305746135656795,0.0014793416347309,,0.9531160661171498,0.0024328376920699,0.0024328376920699,0.8666188965093664,0.7630896837739761,0.635030198446937,0.6931951966093713,0.2959914803504944,-3.9637088775634766e-05,-0.000307093868359,0.2959914803504944,0.8666188965093664,-0.000307093868359
adult,iid,20,107,10,10,0.9863445593202989,-0.0001115774388371,0.91318214032601,0.0006467295611373,0.8237095133790377,0.0041438009864883,0.8305746135656795,-0.0010658248785655,,0.9531160661171498,0.0074798524266262,0.0074798524266262,0.8666188965093664,0.7630896837739761,0.635030198446937,0.6931951966093713,0.2959914803504944,-0.0001848638057708,-0.0006141877367181,0.2959914803504944,0.8666188965093664,-0.0006141877367181
adult,iid,20,107,10,11,0.9863445593202989,-0.0001330740096223,0.91318214032601,0.0027396624499036,0.8237095133790377,0.0019932536031892,0.8305746135656795,0.0045952777551283,,0.9531160661171498,0.002989844253691,0.002989844253691,0.8666188965093664,0.7630896837739761,0.635030198446937,0.6931951966093713,0.2959914803504944,-6.774067878723145e-05,-0.0009212816050772,0.2959914803504944,0.8666188965093664,-0.0009212816050772
adult,iid,20,107,10,12,0.9863445593202989,-0.0004135530760569,0.91318214032601,0.0008828013269541,0.8237095133790377,0.0049091147944267,0.8305746135656795,-0.0125103379189039,,0.9531160661171498,0.0086460630161111,0.0086460630161111,0.8666188965093664,0.7630896837739761,0.635030198446937,0.6931951966093713,0.2959914803504944,-7.906556129455566e-05,-0.0006141877367181,0.2959914803504944,0.8666188965093664,-0.0006141877367181
adult,iid,20,107,10,13,0.9863445593202989,3.787491043094615e-05,0.91318214032601,0.0005699532688534,0.8237095133790377,-0.000919963201472,0.8305746135656795,0.0004309892951579,,0.9531160661171498,0.0005315887889303,0.0005315887889303,0.8666188965093664,0.7630896837739761,0.635030198446937,0.6931951966093713,0.2959914803504944,9.140372276306152e-05,-0.0002047292455726,0.2959914803504944,0.8666188965093664,-0.0002047292455726
adult,iid,20,107,10,14,0.9863445593202989,-4.504043402608904e-05,0.91318214032601,-0.0004826760198033,0.8237095133790377,-0.0029132168046611,0.8305746135656795,-0.006499784505352,,0.9531160661171498,-0.0033681537961497,0.0033681537961497,0.8666188965093664,0.7630896837739761,0.635030198446937,0.6931951966093713,0.2959914803504944,5.206465721130371e-05,-0.0001023646227863,0.2959914803504944,0.8666188965093664,-0.0001023646227863
adult,iid,20,107,10,15,0.9863445593202989,0.0001085065001534,0.91318214032601,-0.0007861886742265,0.8237095133790377,0.0009173188148954,0.8305746135656795,-0.0004601101934789,,0.9531160661171498,0.0013253718335517,0.0013253718335517,0.8666188965093664,0.7630896837739761,0.635030198446937,0.6931951966093713,0.2959914803504944,6.681680679321289e-05,0.0004094584911454,0.2959914803504944,0.8666188965093664,0.0004094584911454
adult,iid,20,107,10,16,0.9863445593202989,-4.811137270965826e-05,0.91318214032601,0.0012785031035251,0.8237095133790377,-0.0007679581945148,0.8305746135656795,-0.0021025288588099,,0.9531160661171498,-0.0019782449865319,0.0019782449865319,0.8666188965093664,0.7630896837739761,0.635030198446937,0.6931951966093713,0.2959914803504944,0.000221848487854,-0.0002047292455726,0.2959914803504944,0.8666188965093664,-0.0002047292455726
adult,iid,20,107,10,17,0.9863445593202989,-0.0001371685945338,0.91318214032601,-0.002274229965642,0.8237095133790377,-0.001531949809165,0.8305746135656795,0.0044147281855353,,0.9531160661171498,-0.0003828594641999,0.0003828594641999,0.8666188965093664,0.7630896837739761,0.635030198446937,0.6931951966093713,0.2959914803504944,1.4513731002807615e-05,-0.000307093868359,0.2959914803504944,0.8666188965093664,-0.000307093868359
adult,iid,20,107,10,18,0.9863445593202989,0.0002006346606612,0.91318214032601,-0.000169293979267,0.8237095133790377,-0.0012279397952508,0.8305746135656795,-0.0143449545131564,,0.9531160661171498,-0.0023089328172197,0.0023089328172197,0.8666188965093664,0.7630896837739761,0.635030198446937,0.6931951966093713,0.2959914803504944,0.0002160370349884,-0.0005118231139318,0.2959914803504944,0.8666188965093664,-0.0005118231139318
adult,iid,20,107,10,19,0.9863445593202989,-2.661480192456267e-05,0.91318214032601,-0.001268999931582,0.8237095133790377,-0.000302687820626,0.8305746135656795,-0.0041118708429914,,0.9531160661171498,0.0015940752669316,0.0015940752669316,0.8666188965093664,0.7630896837739761,0.635030198446937,0.6931951966093713,0.2959914803504944,6.222724914550781e-05,0.0003070938683591,0.2959914803504944,0.8666188965093664,0.0003070938683591
adult,iid,4,107,1,0,0.9832490531272392,-0.0001259084860272,0.8698133396742361,-0.0036104052698514,0.8172710931620224,-0.0067159863651651,0.8619319968782397,0.0053087397640043,,0.9373369252638568,0.0048624234634937,0.0048624234634937,0.8609888422561163,0.743161094224924,0.6328731665228645,0.6835973904939422,0.3054738044738769,0.002245008945465,0.0005118231139318,0.3054738044738769,0.8609888422561163,0.0005118231139318
adult,iid,4,107,1,1,0.9832490531272392,0.0001985873682055,0.8698133396742361,0.003994466367842,0.8172710931620224,0.002446624237484,0.8619319968782397,0.0054456079861151,,0.9373369252638568,0.0029383597077619,0.0029383597077619,0.8609888422561163,0.743161094224924,0.6328731665228645,0.6835973904939422,0.3054738044738769,0.0008417963981628,-0.0003070938683591,0.3054738044738769,0.8609888422561163,-0.0003070938683591
adult,iid,4,107,1,2,0.9832490531272392,0.000209847476712,0.8698133396742361,-0.0123222818249891,0.8172710931620224,-0.0119489440728294,0.8619319968782397,-0.0055970366573867,,0.9373369252638568,-0.0102427031161063,0.0102427031161063,0.8609888422561163,0.743161094224924,0.6328731665228645,0.6835973904939422,0.3054738044738769,0.0012940168380737,0.0020472924557273,0.3054738044738769,0.8609888422561163,0.0020472924557273
adult,iid,4,107,1,3,0.9832490531272392,0.0010328590439143,0.8698133396742361,0.0153889819197166,0.8172710931620224,0.0018095159573147,0.8619319968782397,-0.0060862677491875,,0.9373369252638568,-0.0038402686672187,0.0038402686672187,0.8609888422561163,0.743161094224924,0.6328731665228645,0.6835973904939422,0.3054738044738769,0.0007509291172027,0.000307093868359,0.3054738044738769,0.8609888422561163,0.000307093868359
adult,iid,4,107,2,0,0.9840270242604156,-0.0007595455010749,0.8923697638542779,-0.0026421126302826,0.8360008110711399,-0.0016522221772047,0.8906335542638817,-0.0072045102447322,,0.9668682563050148,0.0084340267843676,0.0084340267843676,0.8626266762206981,0.7560335781741868,0.6216566005176877,0.6822916666666666,0.2998665273189544,0.0019179284572601,0.0007165523595045,0.2998665273189544,0.8626266762206981,0.0007165523595045
adult,iid,4,107,2,1,0.9840270242604156,-0.0009192343126216,0.8923697638542779,-0.0060862931528479,0.8360008110711399,-0.0042918394135809,0.8906335542638817,0.0029936283474469,,0.9668682563050148,-0.0031836693149618,0.0031836693149618,0.8626266762206981,0.7560335781741868,0.6216566005176877,0.6822916666666666,0.2998665273189544,0.0017776191234588,0.0007165523595045,0.2998665273189544,0.8626266762206981,0.0007165523595045
adult,iid,4,107,2,2,0.9840270242604156,-7.165523595054069e-05,0.8923697638542779,-0.0121039515841936,0.8360008110711399,-0.0091996320147194,0.8906335542638817,0.0133781406888837,,0.9668682563050148,-0.0006406241664494,0.0006406241664494,0.8626266762206981,0.7560335781741868,0.6216566005176877,0.6822916666666666,0.2998665273189544,0.001153290271759,-0.0,0.2998665273189544,0.8626266762206981,-0.0
adult,iid,4,107,2,3,0.9840270242604156,0.0011495547138907,0.8923697638542779,0.0261299915312611,0.8360008110711399,0.0168157486820329,0.8906335542638817,0.0538183321879111,,0.9668682563050148,0.0066444479412116,0.0066444479412116,0.8626266762206981,0.7560335781741868,0.6216566005176877,0.6822916666666666,0.2998665273189544,0.0020207464694976,-0.0006141877367181,0.2998665273189544,0.8626266762206981,-0.0006141877367181
adult,iid,4,107,3,0,0.98484901218139,-5.7324188760365935e-05,0.9072384788532164,0.0045941055578292,0.835395435429888,0.0032449928776281,0.8455252827639228,-0.0350266165010657,,0.9673385009018344,0.009403881554277,0.009403881554277,0.8640597809397073,0.7567427385892116,0.6294219154443486,0.6872350447479981,0.2970644235610962,0.0014041662216186,0.0008189169822909,0.2970644235610962,0.8640597809397073,0.0008189169822909
adult,iid,4,107,3,1,0.98484901218139,-0.0009274234824444,0.9072384788532164,-0.0108915638615438,0.835395435429888,-0.0084197740806104,0.8455252827639228,-0.0453354145068665,,0.9673385009018344,0.0009879476669998,0.0009879476669998,0.8640597809397073,0.7567427385892116,0.6294219154443486,0.6872350447479981,0.2970644235610962,0.0021148920059204,0.0013307400962228,0.2970644235610962,0.8640597809397073,0.0013307400962228
adult,iid,4,107,3,2,0.98484901218139,0.0001259084860272,0.9072384788532164,-0.0043971515583599,0.835395435429888,-0.0059652166833971,0.8455252827639228,-0.0073675872753322,,0.9673385009018344,-0.0022327910720962,0.0022327910720962,0.8640597809397073,0.7567427385892116,0.6294219154443486,0.6872350447479981,0.2970644235610962,0.0007345676422119,0.0010236462278636,0.2970644235610962,0.8640597809397073,0.0010236462278636
adult,iid,4,107,3,3,0.98484901218139,0.0002231548776742,0.9072384788532164,0.0204840616825772,0.835395435429888,0.0154344816865368,0.8455252827639228,-0.0074898950482824,,0.9673385009018344,0.0036102426917469,0.0036102426917469,0.8640597809397073,0.7567427385892116,0.6294219154443486,0.6872350447479981,0.2970644235610962,0.00192791223526,0.0008189169822909,0.2970644235610962,0.8640597809397073,0.0008189169822909
adult,iid,4,107,4,0,0.9863936943392364,-2.0472924557202177e-05,0.909585798816568,0.0017113168745905,0.8344900163545865,0.0066248022494663,0.8538130904262133,-0.0206700136285804,,0.9625894185420468,0.0077111777672299,0.0077111777672299,0.8649810625447846,0.7539400101677681,0.6397756686798964,0.6921820303383898,0.294438898563385,0.0017634034156799,0.0005118231139318,0.294438898563385,0.8649810625447846,0.0005118231139318
adult,iid,4,107,4,1,0.9863936943392364,-0.000209847476712,0.909585798816568,-0.0126706600599428,0.8344900163545865,-0.0101195952161914,0.8538130904262133,-0.0172861652436255,,0.9625894185420468,0.0007239137528636,0.0007239137528636,0.8649810625447846,0.7539400101677681,0.6397756686798964,0.6921820303383898,0.294438898563385,0.0019637942314147,0.0012283754734364,0.294438898563385,0.8649810625447846,0.0012283754734364
adult,iid,4,107,4,2,0.9863936943392364,-8.803357559628022e-05,0.909585798816568,-0.0075347316120371,0.8344900163545865,-0.0062745154704642,0.8538130904262133,-0.0030343976050974,,0.9625894185420468,-0.0041653437577984,0.0041653437577984,0.8649810625447846,0.7539400101677681,0.6397756686798964,0.6921820303383898,0.294438898563385,0.0008491873741149,0.0004094584911454,0.294438898563385,0.8649810625447846,0.0004094584911454
adult,iid,4,107,4,3,0.9863936943392364,0.000337803255195,0.909585798816568,0.0175403442711135,0.8344900163545865,0.0159063630268668,0.8538130904262133,0.0056552784540295,,0.9625894185420468,0.0005980530810197,0.0005980530810197,0.8649810625447846,0.7539400101677681,0.6397756686798964,0.6921820303383898,0.294438898563385,0.0016147792339324,0.0002047292455727,0.294438898563385,0.8649810625447846,0.0002047292455727
adult,iid,4,107,5,0,0.9874818302794556,-0.0001023646227863,0.911218820191512,0.0087336130909202,0.8364806255711993,0.0087608055065949,0.8277731831471538,-0.0036517606495125,,0.9663893896022976,0.0091852749132355,0.0091852749132355,0.8659023441498618,0.7587268993839835,0.637618636755824,0.692920768870136,0.2926334738731384,0.0015674233436584,0.0009212816050772,0.2926334738731384,0.8659023441498618,0.0009212816050772
adult,iid,4,107,5,1,0.9874818302794556,7.677346708978572e-05,0.911218820191512,-0.0063642470900299,0.8364806255711993,-0.0147220556101275,0.8277731831471538,-0.0219222122564037,,0.9663893896022976,0.0020883829693372,0.0020883829693372,0.8659023441498618,0.7587268993839835,0.637618636755824,0.692920768870136,0.2926334738731384,0.0022271275520324,0.0002047292455726,0.2926334738731384,0.8659023441498618,0.0002047292455726
adult,iid,4,107,5,2,0.9874818302794556,3.070938683591429e-05,0.911218820191512,-0.0083458829076126,0.8364806255711993,-0.0108703648979592,0.8277731831471538,-0.0329765052592341,,0.9663893896022976,0.0036998988913327,0.0036998988913327,0.8659023441498618,0.7587268993839835,0.637618636755824,0.692920768870136,0.2926334738731384,0.0014549493789672,0.0005118231139318,0.2926334738731384,0.8659023441498618,0.0005118231139318
adult,iid,4,107,5,3,0.9874818302794556,0.0002651243730167,0.911218820191512,0.0117040847198585,0.8364806255711993,0.0136157103762045,0.8277731831471538,-0.0166688021992102,,0.9663893896022976,0.0044299769243808,0.0044299769243808,0.8659023441498618,0.7587268993839835,0.637618636755824,0.692920768870136,0.2926334738731384,0.0017108917236328,0.0010236462278636,0.2926334738731384,0.8659023441498618,0.0010236462278636
adult,iid,4,107,6,0,0.9880417647660968,3.0709386835692243e-06,0.9137890255439924,0.0074688837838033,0.840625748750976,0.0093794030807292,0.8614049086186211,0.0078946755349509,,0.9618328430980368,-0.0029007689051356,0.0029007689051356,0.8655952502815027,0.759958613554061,0.6337359792924935,0.691131498470948,0.2910890877246856,0.0019148588180541,-0.0009212816050772,0.2910890877246856,0.8655952502815027,-0.0009212816050772
adult,iid,4,107,6,1,0.9880417647660968,0.0003644180571195,0.9137890255439924,-0.0065848504616866,0.840625748750976,-0.0134927936215883,0.8614049086186211,-0.0312438118091067,,0.9618328430980368,-0.0012067313423509,0.0012067313423509,0.8655952502815027,0.759958613554061,0.6337359792924935,0.691131498470948,0.2910890877246856,0.0025891363620758,0.0004094584911454,0.2910890877246856,0.8655952502815027,0.0004094584911454
adult,iid,4,107,6,2,0.9880417647660968,0.000254887910738,0.9137890255439924,-0.010134306211805,0.840625748750976,-0.009797074496242,0.8614049086186211,-0.0237830376591456,,0.9618328430980368,0.0009839950803457,0.0009839950803457,0.8655952502815027,0.759958613554061,0.6337359792924935,0.691131498470948,0.2910890877246856,0.0012331902980804,0.0004094584911454,0.2910890877246856,0.8655952502815027,0.0004094584911454
adult,iid,4,107,6,3,0.9880417647660968,0.0013624731292865,0.9137890255439924,0.0118352067162836,0.840625748750976,0.0203660737668635,0.8614049086186211,-0.0191003972090531,,0.9618328430980368,-2.353656825615502e-05,2.353656825615502e-05,0.8655952502815027,0.759958613554061,0.6337359792924935,0.691131498470948,0.2910890877246856,0.0015999972820281,0.00112601085065,0.2910890877246856,0.8655952502815027,0.00112601085065
adult,iid,4,107,7,0,0.9882383048418466,0.0004524516327156,0.9185579196217494,0.0071340785621467,0.837713854139603,0.0067728406765587,0.8342263742151919,-0.0265873801675033,,0.9643954458420984,-0.0003518417590283,0.0003518417590283,0.8660047087726481,0.7580562659846547,0.639344262295082,0.693657851626492,0.2901650071144104,0.0026782751083374,0.0004094584911453,0.2901650071144104,0.8660047087726481,0.0004094584911453
adult,iid,4,107,7,1,0.9882383048418466,0.0001996110144333,0.9185579196217494,-0.004773836175695,0.837713854139603,-0.0119568772325588,0.8342263742151919,0.0369020023529687,,0.9643954458420984,-0.0002023025077335,0.0002023025077335,0.8660047087726481,0.7580562659846547,0.639344262295082,0.693657851626492,0.2901650071144104,0.0024828910827636,0.0008189169822908,0.2901650071144104,0.8660047087726481,0.0008189169822908
adult,iid,4,107,7,2,0.9882383048418466,0.0003695362882587,0.9185579196217494,-0.005410390653762,0.837713854139603,-0.0074918777194092,0.8342263742151919,0.009936050507286,,0.9643954458420984,0.0037572654348571,0.0037572654348571,0.8660047087726481,0.7580562659846547,0.639344262295082,0.693657851626492,0.2901650071144104,0.0010329186916351,0.000307093868359,0.2901650071144104,0.8660047087726481,0.000307093868359
adult,iid,4,107,7,3,0.9882383048418466,0.001170027638448,0.9185579196217494,0.0172678261195597,0.837713854139603,0.0174462459957611,0.8342263742151919,-0.04571981036471,,0.9643954458420984,0.0019676061286927,0.0019676061286927,0.8660047087726481,0.7580562659846547,0.639344262295082,0.693657851626492,0.2901650071144104,0.0008997619152069,0.00112601085065,0.2901650071144104,0.8660047087726481,0.00112601085065
adult,iid,4,107,8,0,0.9881963353465042,0.0002630770805609,0.9175914994096812,0.0087367178276268,0.8361805821371497,0.004316961086057,0.8601439737213012,0.0057193444303369,,0.9607944423168724,-0.0064776867335245,0.0064776867335245,0.8670283550005118,0.7592875318066158,0.6436583261432269,0.6967079150128415,0.2893165051937103,0.0023333430290222,-0.0,0.2893165051937103,0.8670283550005118,-0.0
adult,iid,4,107,8,1,0.9881963353465042,0.0001412631794451,0.9175914994096812,-0.0031467000461332,0.8361805821371497,-0.0118114831920428,0.8601439737213012,0.0083751703572549,,0.9607944423168724,0.0004311028021928,0.0004311028021928,0.8670283550005118,0.7592875318066158,0.6436583261432269,0.6967079150128415,0.2893165051937103,0.0030742585659027,0.0017401985873681,0.2893165051937103,0.8670283550005118,0.0017401985873681
adult,iid,4,107,8,2,0.9881963353465042,-0.0003214249155492,0.9175914994096812,-0.0031034539055297,0.8361805821371497,-0.0093397372820824,0.8601439737213012,0.0114328646810097,,0.9607944423168724,-0.0013509786773824,0.0013509786773824,0.8670283550005118,0.7592875318066158,0.6436583261432269,0.6967079150128415,0.2893165051937103,0.0010936260223388,0.0009212816050772,0.2893165051937103,0.8670283550005118,0.0009212816050772
adult,iid,4,107,8,3,0.9881963353465042,0.0016419285494931,0.9175914994096812,0.0132796269938513,0.8361805821371497,0.0128517187615544,0.8601439737213012,-0.0164940768092813,,0.9607944423168724,-0.0011377778971325,0.0011377778971325,0.8670283550005118,0.7592875318066158,0.6436583261432269,0.6967079150128415,0.2893165051937103,0.0008445084095001,0.0005118231139318,0.2893165051937103,0.8670283550005118,0.0005118231139318
adult,iid,4,107,9,0,0.988040741119869,0.0004432388166649,0.917246257220323,0.0051271927270558,0.8447735163173291,0.0069314566499569,0.8362415403790378,0.0253701266176662,,0.9514570279204,-0.0127247418153589,0.0127247418153589,0.8683590950967346,0.7681912681912682,0.637618636755824,0.6968411126826969,0.289314717054367,0.0027988851070404,0.0017401985873681,0.289314717054367,0.8683590950967346,0.0017401985873681
adult,iid,4,107,9,1,0.988040741119869,0.0006612754631999,0.917246257220323,-0.0049667703243039,0.8447735163173291,-0.0110527803505454,0.8362415403790378,-0.0183752868408484,,0.9514570279204,0.0065380772687225,0.0065380772687225,0.8683590950967346,0.7681912681912682,0.637618636755824,0.6968411126826969,0.289314717054367,0.003260850906372,0.0024567509468728,0.289314717054367,0.8683590950967346,0.0024567509468728
adult,iid,4,107,9,2,0.988040741119869,-0.0004954447742859,0.917246257220323,-0.004922161345875,0.8447735163173291,-0.01225559847332,0.8362415403790378,0.0170357255180608,,0.9514570279204,-0.0017670971678159,0.0017670971678159,0.8683590950967346,0.7681912681912682,0.637618636755824,0.6968411126826969,0.289314717054367,0.00153449177742,0.0016378339645818,0.289314717054367,0.8683590950967346,0.0016378339645818
adult,iid,4,107,9,3,0.988040741119869,0.0014044426246289,0.917246257220323,0.0046340701631666,0.8447735163173291,0.0140809807500934,0.8362415403790378,0.0148516581439506,,0.9514570279204,-0.0050244680520757,0.0050244680520757,0.8683590950967346,0.7681912681912682,0.637618636755824,0.6968411126826969,0.289314717054367,0.0001847743988037,0.0015354693417954,0.289314717054367,0.8683590950967346,0.0015354693417954
adult,iid,4,107,10,0,0.987808373426144,0.0006776538028456,0.9152522395096652,0.0074800965682806,0.8377164985261795,0.0066221578628898,0.8239117520297268,-0.0291150741418069,,0.9513715754402008,-0.0163571694914473,0.0163571694914473,0.8684614597195209,0.7633860275369709,0.6458153580672994,0.6996961906987614,0.2884300053119659,0.002717912197113,0.0005118231139318,0.2884300053119659,0.8684614597195209,0.0005118231139318
adult,iid,4,107,10,1,0.987808373426144,-0.0002958337598526,0.9152522395096652,-0.0029510701830061,0.8377164985261795,-0.0141272575151814,0.8239117520297268,-0.0347470558771794,,0.9513715754402008,0.00498907514708,0.00498907514708,0.8684614597195209,0.7633860275369709,0.6458153580672994,0.6996961906987614,0.2884300053119659,0.0034320354461669,0.0024567509468728,0.2884300053119659,0.8684614597195209,0.0024567509468728
adult,iid,4,107,10,2,0.987808373426144,-0.0007421435152011,0.9152522395096652,-0.0054650799806603,0.8377164985261795,-0.0094851313225984,0.8239117520297268,-0.0336404617409635,,0.9513715754402008,-0.0086945867193345,0.0086945867193345,0.8684614597195209,0.7633860275369709,0.6458153580672994,0.6996961906987614,0.2884300053119659,0.0016604363918304,0.0008189169822909,0.2884300053119659,0.8684614597195209,0.0008189169822909
adult,iid,4,107,10,3,0.987808373426144,0.0006193059678575,0.9152522395096652,0.0038209688436284,0.8377164985261795,0.00824793617433,0.8239117520297268,0.0004368134748222,,0.9513715754402008,-0.0025850790830048,0.0025850790830048,0.8684614597195209,0.7633860275369709,0.6458153580672994,0.6996961906987614,0.2884300053119659,0.0002683103084564,0.0016378339645818,0.2884300053119659,0.8684614597195209,0.0016378339645818
adult,iid,20,123,1,0,0.9842317535059883,-0.0003234722080048,0.84444177093359,0.0018681088770656,0.8320981227747394,0.0012468139329304,0.8404116530186723,-0.0182646274272271,,0.9001955352363431,0.0007538729229341,0.0007538729229341,0.8508547446002661,0.7643916913946588,0.5485519591141397,0.638730473592859,0.3274483978748321,-0.0003876388072967,-0.0003070938683591,0.3274483978748321,0.8508547446002661,-0.0003070938683591
adult,iid,20,123,1,1,0.9842317535059883,0.0001934691370661,0.84444177093359,0.0007594604642758,0.8320981227747394,0.0006068251173289,0.8404116530186723,-0.028025952544584,,0.9001955352363431,0.0050025202772174,0.0050025202772174,0.8508547446002661,0.7643916913946588,0.5485519591141397,0.638730473592859,0.3274483978748321,0.0004512071609497,0.0002047292455726,0.3274483978748321,0.8508547446002661,0.0002047292455726
adult,iid,20,123,1,2,0.9842317535059883,1.4331047190063728e-05,0.84444177093359,-0.0004998867110629,0.8320981227747394,-0.0018447953973866,0.8404116530186723,-0.0320504606926115,,0.9001955352363431,-0.003207622151972,0.003207622151972,0.8508547446002661,0.7643916913946588,0.5485519591141397,0.638730473592859,0.3274483978748321,-0.0001323521137237,-0.0001023646227864,0.3274483978748321,0.8508547446002661,-0.0001023646227864
adult,iid,20,123,1,3,0.9842317535059883,-6.653700481107361e-05,0.84444177093359,-0.0009525698249891,0.8320981227747394,-0.0012247048007486,0.8404116530186723,-0.037525189577048,,0.9001955352363431,-0.0011575866528339,0.0011575866528339,0.8508547446002661,0.7643916913946588,0.5485519591141397,0.638730473592859,0.3274483978748321,-4.982948303222656e-05,0.0007165523595045,0.3274483978748321,0.8508547446002661,0.0007165523595045
adult,iid,20,123,1,4,0.9842317535059883,3.582761797527034e-05,0.84444177093359,-0.0022586144228647,0.8320981227747394,-0.0004816497966148,0.8404116530186723,-0.043733765099186,,0.9001955352363431,0.0061061849746332,0.0061061849746332,0.8508547446002661,0.7643916913946588,0.5485519591141397,0.638730473592859,0.3274483978748321,0.0011251866817474,0.0008189169822908,0.3274483978748321,0.8508547446002661,0.0008189169822908
adult,iid,20,123,1,5,0.9842317535059883,-1.8425632101526368e-05,0.84444177093359,-0.0009339516097626,0.8320981227747394,-0.0012224938875305,0.8404116530186723,-0.0137741849060559,,0.9001955352363431,-0.002332357617429,0.002332357617429,0.8508547446002661,0.7643916913946588,0.5485519591141397,0.638730473592859,0.3274483978748321,0.0001766383647918,0.0008189169822908,0.3274483978748321,0.8508547446002661,0.0008189169822908
adult,iid,20,123,1,6,0.9842317535059883,0.0003408741938786,0.84444177093359,-0.0019437712350847,0.8320981227747394,-0.0041623969385155,0.8404116530186723,-0.0271406772356115,,0.9001955352363431,-0.0024177002560552,0.0024177002560552,0.8508547446002661,0.7643916913946588,0.5485519591141397,0.638730473592859,0.3274483978748321,0.0005227625370025,0.0012283754734363,0.3274483978748321,0.8508547446002661,0.0012283754734363
adult,iid,20,123,1,7,0.9842317535059883,6.960794349475385e-05,0.84444177093359,-0.0020732164264678,0.8320981227747394,-0.0030628674584809,0.8404116530186723,-0.023255949399527,,0.9001955352363431,-0.0062435058793777,0.0062435058793777,0.8508547446002661,0.7643916913946588,0.5485519591141397,0.638730473592859,0.3274483978748321,-0.0002870559692382,0.0005118231139318,0.3274483978748321,0.8508547446002661,0.0005118231139318
adult,iid,20,123,1,8,0.9842317535059883,0.0001607124577746,0.84444177093359,-0.0009711835571396,0.8320981227747394,0.0010840530875073,0.8404116530186723,0.004711761348414,,0.9001955352363431,0.001629033378764,0.001629033378764,0.8508547446002661,0.7643916913946588,0.5485519591141397,0.638730473592859,0.3274483978748321,-0.0001409351825714,0.0006141877367181,0.3274483978748321,0.8508547446002661,0.0006141877367181
adult,iid,20,123,1,9,0.9842317535059883,0.0003408741938786,0.84444177093359,0.0034260048967623,0.8320981227747394,0.0025944831411751,0.8404116530186723,-0.0405071695651668,,0.9001955352363431,0.0111835396365032,0.0111835396365032,0.8508547446002661,0.7643916913946588,0.5485519591141397,0.638730473592859,0.3274483978748321,0.0006826519966125,0.000307093868359,0.3274483978748321,0.8508547446002661,0.000307093868359
adult,iid,20,123,1,10,0.9842317535059883,-0.0004135530760569,0.84444177093359,0.0031661993331085,0.8320981227747394,0.0021636843485783,0.8404116530186723,-0.0285967221516849,,0.9001955352363431,0.0020727386426599,0.0020727386426599,0.8508547446002661,0.7643916913946588,0.5485519591141397,0.638730473592859,0.3274483978748321,-0.0004267692565917,0.0002047292455726,0.3274483978748321,0.8508547446002661,0.0002047292455726
adult,iid,20,123,1,11,0.9842317535059883,7.063158972264727e-05,0.84444177093359,-0.0002488141856009,0.8320981227747394,-0.0015170627933223,0.8404116530186723,-0.0215319922188961,,0.9001955352363431,-0.0050857662515313,0.0050857662515313,0.8508547446002661,0.7643916913946588,0.5485519591141397,0.638730473592859,0.3274483978748321,-0.0007149279117584,0.0006141877367181,0.3274483978748321,0.8508547446002661,0.0006141877367181
adult,iid,20,123,1,12,0.9842317535059883,0.0003910328590439,0.84444177093359,-0.0003422502431636,0.8320981227747394,0.0001406517132414,0.8404116530186723,-0.0372223322345048,,0.9001955352363431,0.0040078504305507,0.0040078504305507,0.8508547446002661,0.7643916913946588,0.5485519591141397,0.638730473592859,0.3274483978748321,-1.8268823623657227e-05,0.0001023646227863,0.3274483978748321,0.8508547446002661,0.0001023646227863
adult,iid,20,123,1,13,0.9842317535059883,-0.0002866209438018,0.84444177093359,0.0021970695848423,0.8320981227747394,0.0015435937519404,0.8404116530186723,-0.0355041992335378,,0.9001955352363431,0.0031366199635056,0.0031366199635056,0.8508547446002661,0.7643916913946588,0.5485519591141397,0.638730473592859,0.3274483978748321,-0.0001359581947326,0.0008189169822908,0.3274483978748321,0.8508547446002661,0.0008189169822908
adult,iid,20,123,1,14,0.9842317535059883,0.000367488995803,0.84444177093359,0.0042734005186771,0.8320981227747394,-0.0013808329065173,0.8404116530186723,-0.0446656338454729,,0.9001955352363431,-0.0022632439358488,0.0022632439358488,0.8508547446002661,0.7643916913946588,0.5485519591141397,0.638730473592859,0.3274483978748321,-0.0005212426185607,-0.0003070938683591,0.3274483978748321,0.8508547446002661,-0.0003070938683591
adult,iid,20,123,1,15,0.9842317535059883,-8.086805200124836e-05,0.84444177093359,-0.002147768714518,0.8320981227747394,-0.0014051529519172,0.8404116530186723,-0.0426795885799484,,0.9001955352363431,0.0045986472861909,0.0045986472861909,0.8508547446002661,0.7643916913946588,0.5485519591141397,0.638730473592859,0.3274483978748321,0.0010086596012115,0.001433104719009,0.3274483978748321,0.8508547446002661,0.001433104719009
adult,iid,20,123,1,16,0.9842317535059883,-0.0001371685945337,0.84444177093359,0.0010494085676099,0.8320981227747394,-0.0041469205459883,0.8404116530186723,-0.0437628859975072,,0.9001955352363431,-0.007349065369794,0.007349065369794,0.8508547446002661,0.7643916913946588,0.5485519591141397,0.638730473592859,0.3274483978748321,8.374452590942383e-05,0.00112601085065,0.3274483978748321,0.8508547446002661,0.00112601085065
adult,iid,20,123,1,17,0.9842317535059883,-1.228375473438792e-05,0.84444177093359,-0.0009525698249891,0.8320981227747394,-0.0029111611791486,0.8404116530186723,-0.0273503477035259,,0.9001955352363431,-0.0037327337795949,0.0037327337795949,0.8508547446002661,0.7643916913946588,0.5485519591141397,0.638730473592859,0.3274483978748321,-0.000134527683258,0.0007165523595045,0.3274483978748321,0.8508547446002661,0.0007165523595045
adult,iid,20,123,1,18,0.9842317535059883,0.0001842563210154,0.84444177093359,-0.0028708345135056,0.8320981227747394,-0.0013963092990445,0.8404116530186723,-0.0137217672890772,,0.9001955352363431,0.001545579247024,0.001545579247024,0.8508547446002661,0.7643916913946588,0.5485519591141397,0.638730473592859,0.3274483978748321,-0.0001073777675628,0.001433104719009,0.3274483978748321,0.8508547446002661,0.001433104719009
adult,iid,20,123,1,19,0.9842317535059883,0.000337803255195,0.84444177093359,-0.0005828951715718,0.8320981227747394,-0.0047714329690625,0.8404116530186723,-0.0211417721813882,,0.9001955352363431,-0.0043187982667476,0.0043187982667476,0.8508547446002661,0.7643916913946588,0.5485519591141397,0.638730473592859,0.3274483978748321,0.0004413425922393,0.0001023646227863,0.3274483978748321,0.8508547446002661,0.0001023646227863
adult,iid,20,123,2,0,0.984046473538745,-0.0001412631794451,0.875298900047824,1.4639126220128418e-05,0.8223018485492457,0.0004705952305238,0.8399165977472072,0.0157427576325874,,0.914364976263934,0.000954935366396,0.000954935366396,0.8561777049851571,0.7503983005841742,0.6017887563884157,0.6679272039706925,0.3131541609764099,-0.0001849830150604,0.0009212816050772,0.3131541609764099,0.8561777049851571,0.0009212816050772
adult,iid,20,123,2,1,0.984046473538745,0.0001607124577746,0.875298900047824,-0.0030503822488268,0.8223018485492457,-0.0009323468081752,0.8399165977472072,0.0302158440983586,,0.914364976263934,0.0003204677555858,0.0003204677555858,0.8561777049851571,0.7503983005841742,0.6017887563884157,0.6679272039706925,0.3131541609764099,0.0003422796726226,0.0004094584911454,0.3131541609764099,0.8561777049851571,0.0004094584911454
adult,iid,20,123,2,2,0.984046473538745,0.0003603234722079,0.875298900047824,0.0001494142788691,0.8223018485492457,0.0001561281057684,0.8399165977472072,0.0157078125546015,,0.914364976263934,0.0016669282484478,0.0016669282484478,0.8561777049851571,0.7503983005841742,0.6017887563884157,0.6679272039706925,0.3131541609764099,2.899765968322754e-05,0.0002047292455726,0.3131541609764099,0.8561777049851571,0.0002047292455726
adult,iid,20,123,2,3,0.984046473538745,5.425325007668569e-05,0.875298900047824,-0.0012103647459597,0.8223018485492457,-0.0006134578569836,0.8399165977472072,0.030442987105266,,0.914364976263934,-0.0003934625296515,0.0003934625296515,0.8561777049851571,0.7503983005841742,0.6017887563884157,0.6679272039706925,0.3131541609764099,-3.206729888916016e-05,-0.0001023646227863,0.3131541609764099,0.8561777049851571,-0.0001023646227863
adult,iid,20,123,2,4,0.984046473538745,0.0001494523492681,0.875298900047824,-0.0009120795000769,0.8223018485492457,0.0032189955642494,0.8399165977472072,0.0067502242309169,,0.914364976263934,0.0074894809037509,0.0074894809037509,0.8561777049851571,0.7503983005841742,0.6017887563884157,0.6679272039706925,0.3131541609764099,0.0003397762775421,0.000307093868359,0.3131541609764099,0.8561777049851571,0.000307093868359
adult,iid,20,123,2,5,0.984046473538745,6.756065103896702e-05,0.875298900047824,-0.0008676469729944,0.8223018485492457,-0.0009190813288662,0.8399165977472072,0.01765891274214,,0.914364976263934,-0.00098600120328,0.00098600120328,0.8561777049851571,0.7503983005841742,0.6017887563884157,0.6679272039706925,0.3131541609764099,0.000232845544815,0.0006141877367181,0.3131541609764099,0.8561777049851571,0.0006141877367181
adult,iid,20,123,2,6,0.984046473538745,0.0003101648070426,0.875298900047824,-0.0002843036846799,0.8223018485492457,0.000448486098342,0.8399165977472072,-0.0138033058043776,,0.914364976263934,0.00408940976929,0.00408940976929,0.8561777049851571,0.7503983005841742,0.6017887563884157,0.6679272039706925,0.3131541609764099,7.784366607666016e-05,0.0005118231139318,0.3131541609764099,0.8561777049851571,0.0005118231139318
adult,iid,20,123,2,7,0.984046473538745,-3.17330330638077e-05,0.875298900047824,0.0003586800573887,0.8223018485492457,0.000472806143742,0.8399165977472072,0.0369660683292756,,0.914364976263934,0.0004817531085921,0.0004817531085921,0.8561777049851571,0.7503983005841742,0.6017887563884157,0.6679272039706925,0.3131541609764099,-0.0003941357135772,-0.0,0.3131541609764099,0.8561777049851571,-0.0
adult,iid,20,123,2,8,0.984046473538745,0.0002241785239021,0.875298900047824,-0.0012856491030969,0.8223018485492457,-0.0003166780379735,0.8399165977472072,0.0272280399305755,,0.914364976263934,0.0039159358128499,0.0039159358128499,0.8561777049851571,0.7503983005841742,0.6017887563884157,0.6679272039706925,0.3131541609764099,0.0001937448978424,0.0002047292455726,0.3131541609764099,0.8561777049851571,0.0002047292455726
adult,iid,20,123,2,9,0.984046473538745,0.0002538642645101,0.875298900047824,0.0018085257802166,0.8223018485492457,0.002594483141175,0.8399165977472072,0.0337220002562637,,0.914364976263934,0.0072277163683701,0.0072277163683701,0.8561777049851571,0.7503983005841742,0.6017887563884157,0.6679272039706925,0.3131541609764099,0.0002739131450653,0.0001023646227863,0.3131541609764099,0.8561777049851571,0.0001023646227863
adult,iid,20,123,2,10,0.984046473538745,-7.472617463410991e-05,0.875298900047824,0.0026912445454316,0.8223018485492457,-0.000147284452896,0.8399165977472072,0.0420622255355331,,0.914364976263934,0.0003205718342988,0.0003205718342988,0.8561777049851571,0.7503983005841742,0.6017887563884157,0.6679272039706925,0.3131541609764099,4.154443740844727e-05,0.0004094584911454,0.3131541609764099,0.8561777049851571,0.0004094584911454
adult,iid,20,123,2,11,0.984046473538745,-3.992220288673298e-05,0.875298900047824,0.0024976555821065,0.8223018485492457,0.0027815640319981,0.8399165977472072,0.0333609011170774,,0.914364976263934,0.0027071021747571,0.0027071021747571,0.8561777049851571,0.7503983005841742,0.6017887563884157,0.6679272039706925,0.3131541609764099,-0.0002063512802124,0.0007165523595045,0.3131541609764099,0.8561777049851571,0.0007165523595045
adult,iid,20,123,2,12,0.984046473538745,0.0004319787081584,0.875298900047824,1.4911048661025994e-05,0.8223018485492457,-0.002456042341152,0.8399165977472072,0.0450907989609661,,0.914364976263934,-0.0021854127145826,0.0021854127145826,0.8561777049851571,0.7503983005841742,0.6017887563884157,0.6679272039706925,0.3131541609764099,-0.0001923441886901,0.0001023646227863,0.3131541609764099,0.8561777049851571,0.0001023646227863
adult,iid,20,123,2,13,0.984046473538745,-8.700992936849783e-05,0.875298900047824,0.0011813937656652,0.8223018485492457,0.0030805547642263,0.8399165977472072,0.0048107724027068,,0.914364976263934,0.0047569846988828,0.0047569846988828,0.8561777049851571,0.7503983005841742,0.6017887563884157,0.6679272039706925,0.3131541609764099,0.0003200471401214,0.0007165523595045,0.3131541609764099,0.8561777049851571,0.0007165523595045
adult,iid,20,123,2,14,0.984046473538745,0.0003838673354488,0.875298900047824,0.0012850344011589,0.8223018485492457,-0.0020031344163735,0.8399165977472072,0.0052242891588718,,0.914364976263934,0.0002560438323082,0.0002560438323082,0.8561777049851571,0.7503983005841742,0.6017887563884157,0.6679272039706925,0.3131541609764099,-0.0004362761974334,-0.0002047292455727,0.3131541609764099,0.8561777049851571,-0.0002047292455727
adult,iid,20,123,2,15,0.984046473538745,-0.0002989046985362,0.875298900047824,-0.00627216928519,0.8223018485492457,0.0001406517132412,0.8399165977472072,0.0052592342368575,,0.914364976263934,0.0031659439824012,0.0031659439824012,0.8561777049851571,0.7503983005841742,0.6017887563884157,0.6679272039706925,0.3131541609764099,0.0004903674125671,0.0013307400962226,0.3131541609764099,0.8561777049851571,0.0013307400962226
adult,iid,20,123,2,16,0.984046473538745,0.0002231548776742,0.875298900047824,-0.0025426888490412,0.8223018485492457,-0.0018470063106049,0.8399165977472072,-0.0002853848035506,,0.914364976263934,0.0001366385201844,0.0001366385201844,0.8561777049851571,0.7503983005841742,0.6017887563884157,0.6679272039706925,0.3131541609764099,0.0002808272838592,0.0006141877367181,0.3131541609764099,0.8561777049851571,0.0006141877367181
adult,iid,20,123,2,17,0.984046473538745,-0.0001750435049646,0.875298900047824,-0.0038587931802209,0.8223018485492457,-0.0015303282726315,0.8399165977472072,0.0163018788803597,,0.914364976263934,-0.0011888543610296,0.0011888543610296,0.8561777049851571,0.7503983005841742,0.6017887563884157,0.6679272039706925,0.3131541609764099,2.938508987426757e-05,0.0006141877367181,0.3131541609764099,0.8561777049851571,0.0006141877367181
adult,iid,20,123,2,18,0.984046473538745,0.0001535469341794,0.875298900047824,0.0012106542030314,0.8223018485492457,0.0015369610122858,0.8399165977472072,0.0241878181458141,,0.914364976263934,0.002845427330516,0.002845427330516,0.8561777049851571,0.7503983005841742,0.6017887563884157,0.6679272039706925,0.3131541609764099,-0.0002833008766174,0.0001023646227863,0.3131541609764099,0.8561777049851571,0.0001023646227863
adult,iid,20,123,2,19,0.984046473538745,0.0006356843075032,0.875298900047824,-0.0020618458283414,0.8223018485492457,0.0009058158495569,0.8399165977472072,0.0107689081992798,,0.914364976263934,0.0059676579475624,0.0059676579475624,0.8561777049851571,0.7503983005841742,0.6017887563884157,0.6679272039706925,0.3131541609764099,0.0002136528491973,-0.0002047292455727,0.3131541609764099,0.8561777049851571,-0.0002047292455727
adult,iid,20,123,3,0,0.983663629849524,-3.889855665872855e-05,0.8930149253731343,0.000852215126206,0.8251953224226491,-0.0001472844528958,0.8544304534706286,0.0251138627124369,,0.9215756061131416,0.0011624782824483,0.0011624782824483,0.8573037158358071,0.7502623294858342,0.6090289608177172,0.6723084156088387,0.3082483112812042,-0.0001830756664276,-0.0008189169822909,0.3082483112812042,0.8573037158358071,-0.0008189169822909
adult,iid,20,123,3,1,0.983663629849524,-0.0003224485617769,0.8930149253731343,-0.0016277187027515,0.8251953224226491,-8.843652872680963e-06,0.8544304534706286,0.0530262437535673,,0.9215756061131416,0.0007432605902474,0.0007432605902474,0.8573037158358071,0.7502623294858342,0.6090289608177172,0.6723084156088387,0.3082483112812042,0.0002933740615844,-0.0006141877367181,0.3082483112812042,0.8573037158358071,-0.0006141877367181
adult,iid,20,123,3,2,0.983663629849524,0.0002538642645102,0.8930149253731343,0.0018454742991486,0.8251953224226491,0.0007740077891884,0.8544304534706286,0.0263777096995887,,0.9215756061131416,0.0017778178921973,0.0017778178921973,0.8573037158358071,0.7502623294858342,0.6090289608177172,0.6723084156088387,0.3082483112812042,0.0001441836357116,-0.0005118231139318,0.3082483112812042,0.8573037158358071,-0.0005118231139318
adult,iid,20,123,3,3,0.983663629849524,4.09458491146264e-06,0.8930149253731343,-0.0025520479809103,0.8251953224226491,-0.0007629532230974,0.8544304534706286,0.0569138836794838,,0.9215756061131416,-0.000544135549971,0.000544135549971,0.8573037158358071,0.7502623294858342,0.6090289608177172,0.6723084156088387,0.3082483112812042,-1.4185905456542969e-05,0.0006141877367181,0.3082483112812042,0.8573037158358071,0.0006141877367181
adult,iid,20,123,3,4,0.983663629849524,-9.008086805195604e-05,0.8930149253731343,-0.0004345436639734,0.8251953224226491,-0.000472806143742,0.8544304534706286,0.0092953907442134,,0.9215756061131416,-0.0014261802210145,0.0014261802210145,0.8573037158358071,0.7502623294858342,0.6090289608177172,0.6723084156088387,0.3082483112812042,0.0001501441001892,-0.0006141877367181,0.3082483112812042,0.8573037158358071,-0.0006141877367181
adult,iid,20,123,3,5,0.983663629849524,-0.0001637833964581,0.8930149253731343,0.0015263256357581,0.8251953224226491,0.000160549932205,0.8544304534706286,0.0218581462800964,,0.9215756061131416,-0.0016270407931647,0.0016270407931647,0.8573037158358071,0.7502623294858342,0.6090289608177172,0.6723084156088387,0.3082483112812042,0.0001684129238128,-0.0002047292455727,0.3082483112812042,0.8573037158358071,-0.0002047292455727
adult,iid,20,123,3,6,0.983663629849524,0.0001525232879516,0.8930149253731343,0.0010230409000467,0.8251953224226491,0.0018293190048594,0.8544304534706286,0.0217183659681534,,0.9215756061131416,0.0044637994802941,0.0044637994802941,0.8573037158358071,0.7502623294858342,0.6090289608177172,0.6723084156088387,0.3082483112812042,9.748339653015135e-05,-0.0004094584911454,0.3082483112812042,0.8573037158358071,-0.0004094584911454
adult,iid,20,123,3,7,0.983663629849524,3.685126420316376e-05,0.8930149253731343,-0.0007850985188737,0.8251953224226491,0.0004728061437422,0.8544304534706286,0.0344733194329578,,0.9215756061131416,0.0002011176258757,0.0002011176258757,0.8573037158358071,0.7502623294858342,0.6090289608177172,0.6723084156088387,0.3082483112812042,-0.0001525282859802,0.0004094584911453,0.3082483112812042,0.8573037158358071,0.0004094584911453
adult,iid,20,123,3,8,0.983663629849524,-0.0002344149861807,0.8930149253731343,-0.0005461784376409,0.8251953224226491,0.0,0.8544304534706286,0.0070006639564816,,0.9215756061131416,0.0010847448537806,0.0010847448537806,0.8573037158358071,0.7502623294858342,0.6090289608177172,0.6723084156088387,0.3082483112812042,-8.13603401184082e-06,0.0004094584911453,0.3082483112812042,0.8573037158358071,0.0004094584911453
adult,iid,20,123,3,9,0.983663629849524,0.0001044119152421,0.8930149253731343,-0.0002388059701492,0.8251953224226491,0.003212362824595,0.8544304534706286,-0.0108213258162588,,0.9215756061131416,0.0055522724515478,0.0055522724515478,0.8573037158358071,0.7502623294858342,0.6090289608177172,0.6723084156088387,0.3082483112812042,0.0001353323459625,-0.0,0.3082483112812042,0.8573037158358071,-0.0
adult,iid,20,123,3,10,0.983663629849524,5.9371481216152766e-05,0.8930149253731343,0.0017650745912314,0.8251953224226491,0.002319812454347,0.8544304534706286,0.033622989201971,,0.9215756061131416,0.0014298594421883,0.0014298594421883,0.8573037158358071,0.7502623294858342,0.6090289608177172,0.6723084156088387,0.3082483112812042,-1.3828277587890623e-05,-0.0002047292455727,0.3082483112812042,0.8573037158358071,-0.0002047292455727
adult,iid,20,123,3,11,0.983663629849524,7.472617463410991e-05,0.8930149253731343,0.0025876157526998,0.8251953224226491,0.0041601860252974,0.8544304534706286,0.0345199128702724,,0.9215756061131416,0.0042562628503564,0.0042562628503564,0.8573037158358071,0.7502623294858342,0.6090289608177172,0.6723084156088387,0.3082483112812042,-8.085370063781738e-05,-0.0003070938683591,0.3082483112812042,0.8573037158358071,-0.0003070938683591
adult,iid,20,123,3,12,0.983663629849524,0.0004166240147405,0.8930149253731343,-0.000162276204115,0.8251953224226491,0.0007629532230976,0.8544304534706286,-0.0063541800137449,,0.9215756061131416,0.0010676094383187,0.0010676094383187,0.8573037158358071,0.7502623294858342,0.6090289608177172,0.6723084156088387,0.3082483112812042,-6.8247318267822266e-06,0.0006141877367181,0.3082483112812042,0.8573037158358071,0.0006141877367181
adult,iid,20,123,3,13,0.983663629849524,-0.0001320503633943,0.8930149253731343,0.0010101521034445,0.8251953224226491,0.0021614734353603,0.8544304534706286,0.0291383708604642,,0.9215756061131416,0.0036684628313298,0.0036684628313298,0.8573037158358071,0.7502623294858342,0.6090289608177172,0.6723084156088387,0.3082483112812042,0.0002204179763793,-0.0005118231139318,0.3082483112812042,0.8573037158358071,-0.0005118231139318
adult,iid,20,123,3,14,0.983663629849524,9.41754529635297e-05,0.8930149253731343,-0.0013823987219558,0.8251953224226491,-0.0007762187024065,0.8544304534706286,0.0205244091369729,,0.9215756061131416,0.0007623334088948,0.0007623334088948,0.8573037158358071,0.7502623294858342,0.6090289608177172,0.6723084156088387,0.3082483112812042,-0.0003980696201324,0.0004094584911453,0.3082483112812042,0.8573037158358071,0.0004094584911453
adult,iid,20,123,3,15,0.983663629849524,-0.0004811137270959,0.8930149253731343,-0.0050392706397581,0.8251953224226491,0.000905815849557,0.8544304534706286,0.0260632039977168,,0.9215756061131416,0.0018715169380713,0.0018715169380713,0.8573037158358071,0.7502623294858342,0.6090289608177172,0.6723084156088387,0.3082483112812042,0.0002859532833099,-0.0002047292455727,0.3082483112812042,0.8573037158358071,-0.0002047292455727
adult,iid,20,123,3,16,0.983663629849524,-0.0001259084860272,0.8930149253731343,-0.0005970149253731,0.8251953224226491,-0.0013963092990444,0.8544304534706286,0.028043425083577,,0.9215756061131416,-0.0002029572364625,0.0002029572364625,0.8573037158358071,0.7502623294858342,0.6090289608177172,0.6723084156088387,0.3082483112812042,0.0002753436565399,-0.0,0.3082483112812042,0.8573037158358071,-0.0
adult,iid,20,123,3,17,0.983663629849524,-0.0004176476609683,0.8930149253731343,-0.0027785736708427,0.8251953224226491,-0.0018403735709502,0.8544304534706286,0.0217241901478175,,0.9215756061131416,-0.0032473566322427,0.0032473566322427,0.8573037158358071,0.7502623294858342,0.6090289608177172,0.6723084156088387,0.3082483112812042,0.0001917481422424,0.0007165523595045,0.3082483112812042,0.8573037158358071,0.0007165523595045
adult,iid,20,123,3,18,0.983663629849524,-5.220595762100988e-05,0.8930149253731343,0.0012845238434976,0.8251953224226491,0.0038435079873239,0.8544304534706286,0.0236345210777062,,0.9215756061131416,0.0062455473612762,0.0062455473612762,0.8573037158358071,0.7502623294858342,0.6090289608177172,0.6723084156088387,0.3082483112812042,-0.0003149509429931,0.0007165523595045,0.3082483112812042,0.8573037158358071,0.0007165523595045
adult,iid,20,123,3,19,0.983663629849524,0.0001156720237486,0.8930149253731343,-0.0051343283582089,0.8251953224226491,-0.0012401811932758,0.8544304534706286,0.0264825449335461,,0.9215756061131416,0.0002389084168464,0.0002389084168464,0.8573037158358071,0.7502623294858342,0.6090289608177172,0.6723084156088387,0.3082483112812042,0.0002244114875793,-0.0,0.3082483112812042,0.8573037158358071,-0.0
adult,iid,20,123,4,0,0.9839697000716552,-7.574982086200333e-05,0.9000834625014904,-0.0003339495438285,0.8216397506014625,0.0006245124230743,0.8325140653938894,0.0224289158871975,,0.9202046028661708,0.0016271448718778,0.0016271448718778,0.8585320913092436,0.7476923076923077,0.620954003407155,0.6784550953932061,0.3053171336650848,-0.0002360641956329,0.0002047292455727,0.3053171336650848,0.8585320913092436,0.0002047292455727
adult,iid,20,123,4,1,0.9839697000716552,-8.291534445703519e-05,0.9000834625014904,-0.0009172522947926,0.8216397506014625,-0.0024693078204609,0.8325140653938894,0.0042749478735921,,0.9202046028661708,-0.0018233708681391,0.0018233708681391,0.8585320913092436,0.7476923076923077,0.620954003407155,0.6784550953932061,0.3053171336650848,0.0001424849033355,-0.0007165523595045,0.3053171336650848,0.8585320913092436,-0.0007165523595045
adult,iid,20,123,4,2,0.9839697000716552,0.0002753608352952,0.9000834625014904,0.0014082029239751,0.8216397506014625,0.002306546975038,0.8325140653938894,0.0176297918438188,,0.9202046028661708,0.0018944219529049,0.0018944219529049,0.8585320913092436,0.7476923076923077,0.620954003407155,0.6784550953932061,0.3053171336650848,0.0001295208930969,0.0008189169822909,0.3053171336650848,0.8585320913092436,0.0008189169822909
adult,iid,20,123,4,3,0.9839697000716552,0.0001555942266352,0.9000834625014904,-0.001669250029808,0.8216397506014625,-0.0012269157139668,0.8325140653938894,0.0062143997018022,,0.9202046028661708,-0.0036580034736553,0.0036580034736553,0.8585320913092436,0.7476923076923077,0.620954003407155,0.6784550953932061,0.3053171336650848,-1.004338264465332e-05,-0.0,0.3053171336650848,0.8585320913092436,-0.0
adult,iid,20,123,4,4,0.9839697000716552,-0.0001525232879517,0.9000834625014904,0.0,0.8216397506014625,0.0012313375404033,0.8325140653938894,0.02125243159501,,0.9202046028661708,0.0014487792858234,0.0014487792858234,0.8585320913092436,0.7476923076923077,0.620954003407155,0.6784550953932061,0.3053171336650848,8.305907249450684e-05,-0.0,0.3053171336650848,0.8585320913092436,-0.0
adult,iid,20,123,4,5,0.9839697000716552,-0.0001525232879517,0.9000834625014904,-0.000763691776042,0.8216397506014625,-0.0006068251173287,0.8325140653938894,0.0392753555661686,,0.9202046028661708,-0.0001022698966619,0.0001022698966619,0.8585320913092436,0.7476923076923077,0.620954003407155,0.6784550953932061,0.3053171336650848,0.0001748502254486,0.0006141877367182,0.3053171336650848,0.8585320913092436,0.0006141877367182
adult,iid,20,123,4,6,0.9839697000716552,4.0945849114515376e-05,0.9000834625014904,0.0015482713617976,0.8216397506014625,-0.0004639624908693,0.8325140653938894,0.0234889165860989,,0.9202046028661708,-0.0014678521044707,0.0014678521044707,0.8585320913092436,0.7476923076923077,0.620954003407155,0.6784550953932061,0.3053171336650848,5.692243576049805e-05,-0.0010236462278635,0.3053171336650848,0.8585320913092436,-0.0010236462278635
adult,iid,20,123,4,7,0.9839697000716552,3.4803971747265905e-05,0.9000834625014904,-0.0004532101282055,0.8216397506014625,-0.0009102376759932,0.8325140653938894,-0.0048457174806928,,0.9202046028661708,-0.0051238140962275,0.0051238140962275,0.8585320913092436,0.7476923076923077,0.620954003407155,0.6784550953932061,0.3053171336650848,-9.548664093017578e-05,0.0002047292455727,0.3053171336650848,0.8585320913092436,0.0002047292455727
adult,iid,20,123,4,8,0.9839697000716552,-0.0002641007267888,0.9000834625014904,-0.0012997953091463,0.8216397506014625,-0.0026165922733568,0.8325140653938894,-0.013203415298955,,0.9202046028661708,-0.0045141951895508,0.0045141951895508,0.8585320913092436,0.7476923076923077,0.620954003407155,0.6784550953932061,0.3053171336650848,6.729364395141602e-05,0.0001023646227864,0.3053171336650848,0.8585320913092436,0.0001023646227864
adult,iid,20,123,4,9,0.9839697000716552,0.0001914218446104,0.9000834625014904,0.0011441227326904,0.8216397506014625,0.0010752094346347,0.8325140653938894,0.0030169250661045,,0.9202046028661708,0.0012875491152308,0.0012875491152308,0.8585320913092436,0.7476923076923077,0.620954003407155,0.6784550953932061,0.3053171336650848,0.000144213438034,-0.0004094584911453,0.3053171336650848,0.8585320913092436,-0.0004094584911453
adult,iid,20,123,4,10,0.9839697000716552,-1.5354693417957144e-05,0.9000834625014904,0.001313019622178,0.8216397506014625,0.0018558499634776,0.8325140653938894,0.016581439504246,,0.9202046028661708,0.0025146531922684,0.0025146531922684,0.8585320913092436,0.7476923076923077,0.620954003407155,0.6784550953932061,0.3053171336650848,1.4841556549072266e-05,0.0010236462278636,0.3053171336650848,0.8585320913092436,0.0010236462278636
adult,iid,20,123,4,11,0.9839697000716552,-7.472617463410991e-05,0.9000834625014904,0.0021583492174455,0.8216397506014625,0.0035445172550958,0.8325140653938894,-0.01666880219921,,0.9202046028661708,0.0046166180612253,0.0046166180612253,0.8585320913092436,0.7476923076923077,0.620954003407155,0.6784550953932061,0.3053171336650848,2.810359001159668e-05,0.0001023646227864,0.3053171336650848,0.8585320913092436,0.0001023646227864
adult,iid,20,123,4,12,0.9839697000716552,0.0002835500051181,0.9000834625014904,0.0004051591534622,0.8216397506014625,-0.0007673750495338,0.8325140653938894,0.0131160526039908,,0.9202046028661708,-0.0029545262599779,0.0029545262599779,0.8585320913092436,0.7476923076923077,0.620954003407155,0.6784550953932061,0.3053171336650848,5.254149436950684e-05,-0.0006141877367181,0.3053171336650848,0.8585320913092436,-0.0006141877367181
adult,iid,20,123,4,13,0.9839697000716552,-4.09458491146264e-05,0.9000834625014904,0.0006321266236277,0.8216397506014625,0.0009257140685207,0.8325140653938894,0.0123414367086396,,0.9202046028661708,0.0011368760949113,0.0011368760949113,0.8585320913092436,0.7476923076923077,0.620954003407155,0.6784550953932061,0.3053171336650848,0.0002478659152984,0.0003070938683591,0.3053171336650848,0.8585320913092436,0.0003070938683591
adult,iid,20,123,4,14,0.9839697000716552,0.0001310267171664,0.9000834625014904,0.0005362747035876,0.8216397506014625,-0.0033795454964544,0.8325140653938894,-0.0064124218103878,,0.9202046028661708,-0.0069471849643667,0.0069471849643667,0.8585320913092436,0.7476923076923077,0.620954003407155,0.6784550953932061,0.3053171336650848,-0.0003418922424316,-0.0005118231139318,0.3053171336650848,0.8585320913092436,-0.0005118231139318
adult,iid,20,123,4,15,0.9839697000716552,-0.0003029992834476,0.9000834625014904,-0.0020386166592153,0.8216397506014625,0.0001450735396777,0.8325140653938894,-0.0118522056168386,,0.9202046028661708,0.0033043243205739,0.0033043243205739,0.8585320913092436,0.7476923076923077,0.620954003407155,0.6784550953932061,0.3053171336650848,0.0001383423805236,-0.0001023646227863,0.3053171336650848,0.8585320913092436,-0.0001023646227863
adult,iid,20,123,4,16,0.9839697000716552,8.086805200113734e-05,0.9000834625014904,-0.0002384642899725,0.8216397506014625,-0.0027749312923436,0.8325140653938894,-0.0015958252280166,,0.9202046028661708,-0.0037812898782647,0.0037812898782647,0.8585320913092436,0.7476923076923077,0.620954003407155,0.6784550953932061,0.3053171336650848,0.0001834034919738,-0.0,0.3053171336650848,0.8585320913092436,-0.0
adult,iid,20,123,4,17,0.9839697000716552,-0.0002845736513461,0.9000834625014904,-0.0020035977251047,0.8216397506014625,-0.0006112469437651,0.8325140653938894,-0.0156146256799729,,0.9202046028661708,-0.0003431708991077,0.0003431708991077,0.8585320913092436,0.7476923076923077,0.620954003407155,0.6784550953932061,0.3053171336650848,0.000136911869049,0.0002047292455727,0.3053171336650848,0.8585320913092436,0.0002047292455727
adult,iid,20,123,4,18,0.9839697000716552,0.0001494523492679,0.9000834625014904,0.0018470468675533,0.8216397506014625,0.0036873798815553,0.8325140653938894,-0.0083751703572549,,0.9202046028661708,0.0052802078196195,0.0052802078196195,0.8585320913092436,0.7476923076923077,0.620954003407155,0.6784550953932061,0.3053171336650848,-0.0001569986343383,-0.0005118231139318,0.3053171336650848,0.8585320913092436,-0.0005118231139318
adult,iid,20,123,4,19,0.9839697000716552,-2.559115569666925e-05,0.9000834625014904,-0.0008099264204869,0.8216397506014625,-0.0020031344163733,0.8325140653938894,-0.0036692331885053,,0.9202046028661708,-0.0006883832801141,0.0006883832801141,0.8585320913092436,0.7476923076923077,0.620954003407155,0.6784550953932061,0.3053171336650848,0.0001669526100158,-0.0008189169822908,0.3053171336650848,0.8585320913092436,-0.0008189169822908
adult,iid,20,123,5,0,0.984653495751868,0.0001003173303305,0.9048129616392662,-0.002219219528791,0.8213208616502707,-0.0012224938875305,0.8745296974921084,0.0173094619622826,,0.9221435957465468,-0.0006863417982154,0.0006863417982154,0.8592486436687481,0.7473309608540926,0.6260647359454855,0.6813441483198146,0.303291916847229,-0.0001327693462371,0.0004094584911454,0.303291916847229,0.8592486436687481,0.0004094584911454
adult,iid,20,123,5,1,0.984653495751868,-7.574982086200333e-05,0.9048129616392662,-0.0017791373612098,0.8213208616502707,-0.0029310593981122,0.8745296974921084,0.0346247481042296,,0.9221435957465468,-0.0035215668247827,0.0035215668247827,0.8592486436687481,0.7473309608540926,0.6260647359454855,0.6813441483198146,0.303291916847229,0.0001082718372344,-0.0010236462278636,0.303291916847229,0.8592486436687481,-0.0010236462278636
adult,iid,20,123,5,2,0.984653495751868,0.0001381922407615,0.9048129616392662,0.0003573981415296,0.8213208616502707,0.0007717968759701,0.8745296974921084,0.0430290393598062,,0.9221435957465468,-0.0001991250402764,0.0001991250402764,0.8592486436687481,0.7473309608540926,0.6260647359454855,0.6813441483198146,0.303291916847229,0.000110238790512,-0.0,0.303291916847229,0.8592486436687481,-0.0
adult,iid,20,123,5,3,0.984653495751868,-0.0001514996417238,0.9048129616392662,-0.0008788697491596,0.8213208616502707,-0.0023109688014744,0.8745296974921084,0.0499190439026664,,0.9221435957465468,-0.0026965939207834,0.0026965939207834,0.8592486436687481,0.7473309608540926,0.6260647359454855,0.6813441483198146,0.303291916847229,-1.558661460876465e-05,-0.0004094584911454,0.303291916847229,0.8592486436687481,-0.0004094584911454
adult,iid,20,123,5,4,0.984653495751868,-1.7401985873743975e-05,0.9048129616392662,0.0010607281669612,0.8213208616502707,0.0009212922420842,0.8745296974921084,0.0250818297242836,,0.9221435957465468,0.0008959750924655,0.0008959750924655,0.8592486436687481,0.7473309608540926,0.6260647359454855,0.6813441483198146,0.303291916847229,7.712841033935547e-05,-0.0001023646227863,0.303291916847229,0.8592486436687481,-0.0001023646227863
adult,iid,20,123,5,5,0.984653495751868,-0.0002886682362576,0.9048129616392662,-0.0011801278400618,0.8213208616502707,-0.0004573297512149,0.8745296974921084,0.0398024438257873,,0.9221435957465468,-9.191461770075016e-05,9.191461770075016e-05,0.8592486436687481,0.7473309608540926,0.6260647359454855,0.6813441483198146,0.303291916847229,0.0001089572906494,0.0001023646227863,0.303291916847229,0.8592486436687481,0.0001023646227863
adult,iid,20,123,5,6,0.984653495751868,-1.842563210163739e-05,0.9048129616392662,0.0003005196818902,0.8213208616502707,-0.0004661734040876,0.8745296974921084,0.0645959766566881,,0.9221435957465468,-0.0007140343639504,0.0007140343639504,0.8592486436687481,0.7473309608540926,0.6260647359454855,0.6813441483198146,0.303291916847229,-2.264976501464844e-06,-0.0005118231139318,0.303291916847229,0.8592486436687481,-0.0005118231139318
adult,iid,20,123,5,7,0.984653495751868,0.0001822090285596,0.9048129616392662,-0.0023162705972622,0.8213208616502707,-0.0006024032908926,0.8745296974921084,0.0259175995061096,,0.9221435957465468,-0.0023114940844941,0.0023114940844941,0.8592486436687481,0.7473309608540926,0.6260647359454855,0.6813441483198146,0.303291916847229,-6.61015510559082e-05,0.0006141877367181,0.303291916847229,0.8592486436687481,0.0006141877367181
adult,iid,20,123,5,8,0.984653495751868,-0.0001955164295219,0.9048129616392662,-0.0014742496015054,0.8213208616502707,-0.0026188031865751,0.8745296974921084,0.0600822374168601,,0.9221435957465468,-0.0030587887422393,0.0030587887422393,0.8592486436687481,0.7473309608540926,0.6260647359454855,0.6813441483198146,0.303291916847229,-1.004338264465332e-05,-0.0004094584911454,0.303291916847229,0.8592486436687481,-0.0004094584911454
adult,iid,20,123,5,9,0.984653495751868,-8.18916982292528e-06,0.9048129616392662,0.0004309659260011,0.8213208616502707,0.0012269157139668,0.8745296974921084,0.0454577222798171,,0.9221435957465468,0.0012078782833776,0.0012078782833776,0.8592486436687481,0.7473309608540926,0.6260647359454855,0.6813441483198146,0.303291916847229,6.604194641113281e-05,-0.0004094584911454,0.303291916847229,0.8592486436687481,-0.0004094584911454
adult,iid,20,123,5,10,0.984653495751868,-5.1182311393227486e-05,0.9048129616392662,0.0010607281669612,0.8213208616502707,0.0016975109444907,0.8745296974921084,0.0592493797248658,,0.9221435957465468,0.0012183865373512,0.0012183865373512,0.8592486436687481,0.7473309608540926,0.6260647359454855,0.6813441483198146,0.303291916847229,2.7567148208618164e-05,-0.0001023646227863,0.303291916847229,0.8592486436687481,-0.0001023646227863
adult,iid,20,123,5,11,0.984653495751868,4.09458491146264e-06,0.9048129616392662,0.0013835736897543,0.8213208616502707,0.0027705094659072,0.8745296974921084,0.0070705541124533,,0.9221435957465468,0.0021750085393219,0.0021750085393219,0.8592486436687481,0.7473309608540926,0.6260647359454855,0.6813441483198146,0.303291916847229,6.3478946685791016e-06,-0.0004094584911454,0.303291916847229,0.8592486436687481,-0.0004094584911454
adult,iid,20,123,5,12,0.984653495751868,0.0002825263588903,0.9048129616392662,0.0015871551876532,0.8213208616502707,-0.0018492172238231,0.8745296974921084,0.0413342030774965,,0.9221435957465468,-0.0019428250765625,0.0019428250765625,0.8592486436687481,0.7473309608540926,0.6260647359454855,0.6813441483198146,0.303291916847229,-1.3262033462524414e-05,-0.0007165523595045,0.303291916847229,0.8592486436687481,-0.0007165523595045
adult,iid,20,123,5,13,0.984653495751868,-9.212816050818697e-06,0.9048129616392662,0.0009759740320212,0.8213208616502707,0.0009279249817387,0.8745296974921084,0.0407197521229136,,0.9221435957465468,0.0001024228716743,0.0001024228716743,0.8592486436687481,0.7473309608540926,0.6260647359454855,0.6813441483198146,0.303291916847229,0.0002837479114532,0.0002047292455726,0.303291916847229,0.8592486436687481,0.0002047292455726
adult,iid,20,123,5,14,0.984653495751868,0.0001013409765584,0.9048129616392662,0.000742502224841,0.8213208616502707,-0.0029266375716759,0.8745296974921084,0.013177206490466,,0.9221435957465468,-0.0031403480809788,0.0031403480809788,0.8592486436687481,0.7473309608540926,0.6260647359454855,0.6813441483198146,0.303291916847229,-0.0003161430358886,-0.0008189169822908,0.303291916847229,0.8592486436687481,-0.0008189169822908
adult,iid,20,123,5,15,0.984653495751868,7.882075954546153e-05,0.9048129616392662,-0.003509457696369,0.8213208616502707,-6.632739654621744e-06,0.8745296974921084,0.0336899672681103,,0.9221435957465468,0.0009338699621492,0.0009338699621492,0.8592486436687481,0.7473309608540926,0.6260647359454855,0.6813441483198146,0.303291916847229,0.0001248717308044,-0.0005118231139318,0.303291916847229,0.8592486436687481,-0.0005118231139318
adult,iid,20,123,5,16,0.984653495751868,0.0002456750946872,0.9048129616392662,-0.0003512458809622,0.8213208616502707,-0.0029266375716759,0.8745296974921084,0.0305827674172094,,0.9221435957465468,-0.0030000303396205,0.0030000303396205,0.8592486436687481,0.7473309608540926,0.6260647359454855,0.6813441483198146,0.303291916847229,0.0001733303070068,-0.0010236462278636,0.303291916847229,0.8592486436687481,-0.0010236462278636
adult,iid,20,123,5,17,0.984653495751868,-8.086805200124836e-05,0.9048129616392662,-0.0016455702959101,0.8213208616502707,-0.0001472844528959,0.8745296974921084,0.0539027827930438,,0.9221435957465468,-0.0009044907608399,0.0009044907608399,0.8592486436687481,0.7473309608540926,0.6260647359454855,0.6813441483198146,0.303291916847229,0.0001199543476104,0.0002047292455726,0.303291916847229,0.8592486436687481,0.0002047292455726
adult,iid,20,123,5,18,0.984653495751868,0.0001064592076978,0.9048129616392662,0.0009301603052975,0.8213208616502707,0.001998712589937,0.8745296974921084,0.0419806870202332,,0.9221435957465468,0.0035991961747372,0.0035991961747372,0.8592486436687481,0.7473309608540926,0.6260647359454855,0.6813441483198146,0.303291916847229,-5.111098289489746e-05,-0.0002047292455726,0.303291916847229,0.8592486436687481,-0.0002047292455726
adult,iid,20,123,5,19,0.984653495751868,0.000126932132255,0.9048129616392662,-0.0018537050274004,0.8213208616502707,-0.0026188031865751,0.8745296974921084,0.0251779286887443,,0.9221435957465468,-0.0029184710008811,0.0029184710008811,0.8592486436687481,0.7473309608540926,0.6260647359454855,0.6813441483198146,0.303291916847229,0.0001715123653411,-0.0006141877367181,0.303291916847229,0.8592486436687481,-0.0006141877367181
adult,iid,20,123,6,0,0.9848244446719214,5.834783498825935e-05,0.9101938860473416,-0.0013642617922013,0.8239374539236277,0.0001561281057685,0.8418444012160886,-0.0083344010996053,,0.9243101864100932,-0.0013444679072628,0.0013444679072628,0.8605793837649708,0.7528205128205128,0.6252129471890971,0.6831084225221034,0.3021078109741211,-0.0002157092094421,0.0006141877367181,0.3021078109741211,0.8605793837649708,0.0006141877367181
adult,iid,20,123,6,1,0.9848244446719214,-5.3229603848903295e-05,0.9101938860473416,0.0003568454859046,0.8239374539236277,-0.0009279249817388,0.8418444012160886,0.0231219932672481,,0.9243101864100932,-0.0016081209495296,0.0016081209495296,0.8605793837649708,0.7528205128205128,0.6252129471890971,0.6831084225221034,0.3021078109741211,6.467103958129883e-05,-0.0,0.3021078109741211,0.8605793837649708,-0.0
adult,iid,20,123,6,2,0.9848244446719214,0.0001095301463814,0.9101938860473416,0.0033084062043161,0.8239374539236277,0.0021504188692693,0.8418444012160886,0.0145371524420785,,0.9243101864100932,0.0021541450063869,0.0021541450063869,0.8605793837649708,0.7528205128205128,0.6252129471890971,0.6831084225221034,0.3021078109741211,0.0001289248466491,-0.0002047292455727,0.3021078109741211,0.8605793837649708,-0.0002047292455727
adult,iid,20,123,6,3,0.9848244446719214,-0.000194492783294,0.9101938860473416,-0.0007902862720682,0.8239374539236277,-0.0024670969072428,0.8418444012160886,-0.0059406632575802,,0.9243101864100932,-0.0023343502030283,0.0023343502030283,0.8605793837649708,0.7528205128205128,0.6252129471890971,0.6831084225221034,0.3021078109741211,-1.2725591659545898e-05,0.0004094584911453,0.3021078109741211,0.8605793837649708,0.0004094584911453
adult,iid,20,123,6,4,0.9848244446719214,4.401678779819562e-05,0.9101938860473416,0.0011029769564324,0.8239374539236277,0.0015347500990676,0.8418444012160886,0.0133781406888839,,0.9243101864100932,0.0018507085875499,0.0018507085875499,0.8605793837649708,0.7528205128205128,0.6252129471890971,0.6831084225221034,0.3021078109741211,0.0001553893089294,-0.0008189169822909,0.3021078109741211,0.8605793837649708,-0.0008189169822909
adult,iid,20,123,6,5,0.9848244446719214,-0.0001627597502302,0.9101938860473416,0.0005295204201098,0.8239374539236277,0.0004661734040876,0.8418444012160886,-0.0030984635814046,,0.9243101864100932,-0.0006513459725466,0.0006513459725466,0.8605793837649708,0.7528205128205128,0.6252129471890971,0.6831084225221034,0.3021078109741211,0.0001129806041717,0.0005118231139318,0.3021078109741211,0.8605793837649708,0.0005118231139318
adult,iid,20,123,6,6,0.9848244446719214,-8.393899068481758e-05,0.9101938860473416,0.0010921608837484,0.8239374539236277,-0.000620090596638,0.8418444012160886,0.0082470384046406,,0.9243101864100932,-0.001386243869432,0.001386243869432,0.8605793837649708,0.7528205128205128,0.6252129471890971,0.6831084225221034,0.3021078109741211,0.0001017749309539,0.0002047292455726,0.3021078109741211,0.8605793837649708,0.0002047292455726
adult,iid,20,123,6,7,0.9848244446719214,4.708772648176485e-05,0.9101938860473416,-0.000552276037628,0.8239374539236277,0.000620090596638,0.8418444012160886,0.0465876131346898,,0.9243101864100932,-0.0004000896911396,0.0004000896911396,0.8605793837649708,0.7528205128205128,0.6252129471890971,0.6831084225221034,0.3021078109741211,-8.988380432128906e-05,0.0004094584911453,0.3021078109741211,0.8605793837649708,0.0004094584911453
adult,iid,20,123,6,8,0.9848244446719214,-0.0001832326747875,0.9101938860473416,-9.760711149253698e-05,0.8239374539236277,-0.002618803186575,0.8418444012160886,-0.0112377546622559,,0.9243101864100932,-0.003479741966314,0.003479741966314,0.8605793837649708,0.7528205128205128,0.6252129471890971,0.6831084225221034,0.3021078109741211,-3.743171691894531e-05,0.0002047292455726,0.3021078109741211,0.8605793837649708,0.0002047292455726
adult,iid,20,123,6,9,0.9848244446719214,-3.6851264203052736e-05,0.9101938860473416,0.0006270131296832,0.8239374539236277,0.0035312517757866,0.8418444012160886,0.0227492457687332,,0.9243101864100932,0.0029116908643805,0.0029116908643805,0.8605793837649708,0.7528205128205128,0.6252129471890971,0.6831084225221034,0.3021078109741211,3.814697265625e-06,0.000307093868359,0.3021078109741211,0.8605793837649708,0.000307093868359
adult,iid,20,123,6,10,0.9848244446719214,-0.0002712662503838,0.9101938860473416,-0.0001632568098013,0.8239374539236277,0.0015413828387222,0.8418444012160886,-0.003069342683083,,0.9243101864100932,0.0002152499186094,0.0002152499186094,0.8605793837649708,0.7528205128205128,0.6252129471890971,0.6831084225221034,0.3021078109741211,5.8650970458984375e-05,0.0007165523595045,0.3021078109741211,0.8605793837649708,0.0007165523595045
adult,iid,20,123,6,11,0.9848244446719214,0.0001033882690142,0.9101938860473416,0.0027248089778838,0.8239374539236277,0.0024604641675882,0.8418444012160886,0.0377931018416055,,0.9243101864100932,0.0027069491997447,0.0027069491997447,0.8605793837649708,0.7528205128205128,0.6252129471890971,0.6831084225221034,0.3021078109741211,-1.3679265975952148e-05,-0.0001023646227864,0.3021078109741211,0.8605793837649708,-0.0001023646227864
adult,iid,20,123,6,12,0.9848244446719214,0.0003255195004606,0.9101938860473416,0.0021410729154276,0.8239374539236277,0.0001517062793322,0.8418444012160886,0.0185558364104416,,0.9243101864100932,-7.96708318532291e-05,7.96708318532291e-05,0.8605793837649708,0.7528205128205128,0.6252129471890971,0.6831084225221034,0.3021078109741211,2.315640449523925e-05,-0.0,0.3021078109741211,0.8605793837649708,-0.0
adult,iid,20,123,6,13,0.9848244446719214,0.0001218139011158,0.9101938860473416,-0.000314265803188,0.8239374539236277,0.0023065469750379,0.8418444012160886,0.0285676012533633,,0.9243101864100932,0.0021750574356212,0.0021750574356212,0.8605793837649708,0.7528205128205128,0.6252129471890971,0.6831084225221034,0.3021078109741211,0.0002869665622711,0.0004094584911453,0.3021078109741211,0.8605793837649708,0.0004094584911453
adult,iid,20,123,6,14,0.9848244446719214,0.0001136247312929,0.9101938860473416,-9.760711149253698e-05,0.8239374539236277,-0.0009279249817388,0.8418444012160886,0.0192605621498211,,0.9243101864100932,-0.0017484386908879,0.0017484386908879,0.8605793837649708,0.7528205128205128,0.6252129471890971,0.6831084225221034,0.3021078109741211,-0.000317245721817,0.0002047292455726,0.3021078109741211,0.8605793837649708,0.0002047292455726
adult,iid,20,123,6,15,0.9848244446719214,-0.0001146483775207,0.9101938860473416,-0.0023165293793934,0.8239374539236277,0.0015259064461949,0.8418444012160886,0.014210998380878,,0.9243101864100932,0.0011907917642152,0.0011907917642152,0.8605793837649708,0.7528205128205128,0.6252129471890971,0.6831084225221034,0.3021078109741211,0.0001320242881774,0.0006141877367181,0.3021078109741211,0.8605793837649708,0.0006141877367181
adult,iid,20,123,6,16,0.9848244446719214,0.0003337086702835,0.9101938860473416,0.0001831730369856,0.8239374539236277,-0.0033906000625453,0.8418444012160886,-0.0117240736642245,,0.9243101864100932,-0.0035612524087541,0.0035612524087541,0.8605793837649708,0.7528205128205128,0.6252129471890971,0.6831084225221034,0.3021078109741211,0.000212162733078,0.0006141877367181,0.3021078109741211,0.8605793837649708,0.0006141877367181
adult,iid,20,123,6,17,0.9848244446719214,1.7401985873743975e-05,0.9101938860473416,-0.0008457709730228,0.8239374539236277,0.0,0.8418444012160886,-0.002550990692961,,0.9243101864100932,-0.0007015887067911,0.0007015887067911,0.8605793837649708,0.7528205128205128,0.6252129471890971,0.6831084225221034,0.3021078109741211,0.0001290738582611,0.0010236462278636,0.3021078109741211,0.8605793837649708,0.0010236462278636
adult,iid,20,123,6,18,0.9848244446719214,8.189169822914177e-05,0.9101938860473416,0.0002593232870797,0.8239374539236277,0.0029222157452395,0.8418444012160886,-0.011852205616839,,0.9243101864100932,0.0030397648198912,0.0030397648198912,0.8605793837649708,0.7528205128205128,0.6252129471890971,0.6831084225221034,0.3021078109741211,-8.019804954528809e-05,0.0002047292455726,0.3021078109741211,0.8605793837649708,0.0002047292455726
adult,iid,20,123,6,19,0.9848244446719214,6.141877367182857e-05,0.9101938860473416,0.0001296462186477,0.8239374539236277,-0.0016975109444907,0.8418444012160886,0.048212559261028,,0.9243101864100932,-0.0039491472103455,0.0039491472103455,0.8605793837649708,0.7528205128205128,0.6252129471890971,0.6831084225221034,0.3021078109741211,0.0002012550830841,0.0001023646227863,0.3021078109741211,0.8605793837649708,0.0001023646227863
adult,iid,20,123,7,0,0.9852410686866618,9.008086805195604e-05,0.9118381915526472,-0.0021889577686197,0.824401416414497,-0.0015325391858496,0.8227935095341821,-0.0099302263276217,,0.9266199449627134,-0.0015197814742897,0.0015197814742897,0.8603746545193981,0.7530864197530864,0.6235093696763203,0.6821994408201305,0.3006470799446106,-0.0002097487449645,0.0007165523595045,0.3006470799446106,0.8603746545193981,0.0007165523595045
adult,iid,20,123,7,1,0.9852410686866618,-0.0002129184153957,0.9118381915526472,-0.0008120524078431,0.824401416414497,0.0001472844528958,0.8227935095341821,0.0093303358221992,,0.9266199449627134,0.0006238552781234,0.0006238552781234,0.8603746545193981,0.7530864197530864,0.6235093696763203,0.6821994408201305,0.3006470799446106,4.9233436584472656e-05,0.0002047292455726,0.3006470799446106,0.8603746545193981,0.0002047292455726
adult,iid,20,123,7,2,0.9852410686866618,9.622274541909448e-05,0.9118381915526472,0.0016443055053056,0.824401416414497,0.0024582532543701,0.8227935095341821,-0.0021432981164604,,0.9266199449627134,0.0025163398278428,0.0025163398278428,0.8603746545193981,0.7530864197530864,0.6235093696763203,0.6821994408201305,0.3006470799446106,0.0001712143421173,-0.0002047292455726,0.3006470799446106,0.8603746545193981,-0.0002047292455726
adult,iid,20,123,7,3,0.9852410686866618,-0.0002118947691678,0.9118381915526472,-0.0029541445178038,0.824401416414497,-0.0003122562115371,0.8227935095341821,0.0029645074491257,,0.9266199449627134,-0.0010240490479762,0.0010240490479762,0.8603746545193981,0.7530864197530864,0.6235093696763203,0.6821994408201305,0.3006470799446106,5.990266799926758e-05,0.0002047292455726,0.3006470799446106,0.8603746545193981,0.0002047292455726
adult,iid,20,123,7,4,0.9852410686866618,-0.0001238611935715,0.9118381915526472,0.0002937854178237,0.824401416414497,0.0013830438197354,0.8227935095341821,-0.0014094514787592,,0.9266199449627134,0.0017900616780448,0.0017900616780448,0.8603746545193981,0.7530864197530864,0.6235093696763203,0.6821994408201305,0.3006470799446106,8.973479270935059e-05,-0.0006141877367181,0.3006470799446106,0.8603746545193981,-0.0006141877367181
adult,iid,20,123,7,5,0.9852410686866618,-7.063158972264727e-05,0.9118381915526472,0.0008646138330566,0.824401416414497,0.0013852547329535,0.8227935095341821,-0.0008619785903156,,0.9266199449627134,0.0014194000845139,0.0014194000845139,0.8603746545193981,0.7530864197530864,0.6235093696763203,0.6821994408201305,0.3006470799446106,0.0001158118247985,0.0003070938683591,0.3006470799446106,0.8603746545193981,0.0003070938683591
adult,iid,20,123,7,6,0.9852410686866618,-5.834783498825935e-05,0.9118381915526472,0.0019689882232774,0.824401416414497,0.0009212922420842,0.8227935095341821,-0.0049330801756573,,0.9266199449627134,0.0011766105751819,0.0011766105751819,0.8603746545193981,0.7530864197530864,0.6235093696763203,0.6821994408201305,0.3006470799446106,5.9664249420166016e-05,-0.0005118231139318,0.3006470799446106,0.8603746545193981,-0.0005118231139318
adult,iid,20,123,7,7,0.9852410686866618,0.0001525232879516,0.9118381915526472,0.0004412640785493,0.824401416414497,0.0018514281370412,0.8227935095341821,-0.0272979300865474,,0.9266199449627134,0.0021334344484643,0.0021334344484643,0.8603746545193981,0.7530864197530864,0.6235093696763203,0.6821994408201305,0.3006470799446106,-3.784894943237305e-05,0.0008189169822909,0.3006470799446106,0.8603746545193981,0.0008189169822909
adult,iid,20,123,7,8,0.9852410686866618,-0.0003040229296755,0.9118381915526472,0.0008540192332374,0.824401416414497,-0.0015347500990678,0.8227935095341821,-0.0264592482148888,,0.9266199449627134,-0.0014297553634753,0.0014297553634753,0.8603746545193981,0.7530864197530864,0.6235093696763203,0.6821994408201305,0.3006470799446106,-8.156895637512207e-05,0.0002047292455726,0.3006470799446106,0.8603746545193981,0.0002047292455726
adult,iid,20,123,7,9,0.9852410686866618,-0.0001545705804074,0.9118381915526472,0.0014507420637002,0.824401416414497,0.0035312517757866,0.8227935095341821,0.0086780276997984,,0.9266199449627134,0.0051189776490269,0.0051189776490269,0.8603746545193981,0.7530864197530864,0.6235093696763203,0.6821994408201305,0.3006470799446106,-1.77919864654541e-05,-0.0009212816050773,0.3006470799446106,0.8603746545193981,-0.0009212816050773
adult,iid,20,123,7,10,0.9852410686866618,9.212816050763184e-05,0.9118381915526472,0.0012768214289554,0.824401416414497,0.0041557641988609,0.8227935095341821,-0.0125336346375612,,0.9266199449627134,0.0051001067016912,0.0051001067016912,0.8603746545193981,0.7530864197530864,0.6235093696763203,0.6821994408201305,0.3006470799446106,4.926323890686035e-05,-0.0003070938683591,0.3006470799446106,0.8603746545193981,-0.0003070938683591
adult,iid,20,123,7,11,0.9852410686866618,0.0003429214863343,0.9118381915526472,0.0021630755226579,0.824401416414497,0.0044658094971798,0.8227935095341821,-0.0136984705704201,,0.9266199449627134,0.0053722754123326,0.0053722754123326,0.8603746545193981,0.7530864197530864,0.6235093696763203,0.6821994408201305,0.3006470799446106,1.8268823623657227e-05,0.0002047292455726,0.3006470799446106,0.8603746545193981,0.0002047292455726
adult,iid,20,123,7,12,0.9852410686866618,4.196949534240879e-05,0.9118381915526472,0.0006160089987974,0.824401416414497,0.0004639624908693,0.8227935095341821,-0.0208855082761594,,0.9266199449627134,0.0006637427334065,0.0006637427334065,0.8603746545193981,0.7530864197530864,0.6235093696763203,0.6821994408201305,0.3006470799446106,6.893277168273926e-05,0.0002047292455726,0.3006470799446106,0.8603746545193981,0.0002047292455726
adult,iid,20,123,7,13,0.9852410686866618,4.0945849114515376e-05,0.9118381915526472,-0.0003255789781787,0.824401416414497,0.0007740077891882,0.8227935095341821,-0.0197031998043075,,0.9266199449627134,0.0012165469267644,0.0012165469267644,0.8603746545193981,0.7530864197530864,0.6235093696763203,0.6821994408201305,0.3006470799446106,0.0002079010009765,0.0003070938683591,0.3006470799446106,0.8603746545193981,0.0003070938683591
adult,iid,20,123,7,14,0.9852410686866618,-0.0001085065001535,0.9118381915526472,-0.0003569303985723,0.824401416414497,-0.0003122562115371,0.8227935095341821,-0.0125627555358829,,0.9266199449627134,-0.000883731306618,0.000883731306618,0.8603746545193981,0.7530864197530864,0.6235093696763203,0.6821994408201305,0.3006470799446106,-0.0002798438072204,-0.0,0.3006470799446106,0.8603746545193981,-0.0
adult,iid,20,123,7,15,0.9852410686866618,-0.0002835500051182,0.9118381915526472,-0.0026480120629569,0.824401416414497,0.000609036030547,0.8227935095341821,-0.0214009481764492,,0.9266199449627134,0.0001525615272057,0.0001525615272057,0.8603746545193981,0.7530864197530864,0.6235093696763203,0.6821994408201305,0.3006470799446106,0.0001367330551147,-0.0003070938683591,0.3006470799446106,0.8603746545193981,-0.0003070938683591
adult,iid,20,123,7,16,0.9852410686866618,0.0001955164295218,0.9118381915526472,0.00074821175947,0.824401416414497,-0.0013874656461718,0.8227935095341821,0.0057076960710082,,0.9266199449627134,-0.0013293739736995,0.0013293739736995,0.8603746545193981,0.7530864197530864,0.6235093696763203,0.6821994408201305,0.3006470799446106,0.0001470446586608,-0.0008189169822909,0.3006470799446106,0.8603746545193981,-0.0008189169822909
adult,iid,20,123,7,17,0.9852410686866618,0.0001095301463813,0.9118381915526472,-0.0004132669543178,0.824401416414497,0.0009279249817386,0.8227935095341821,0.0122191289356894,,0.9266199449627134,0.001187167725455,0.001187167725455,0.8603746545193981,0.7530864197530864,0.6235093696763203,0.6821994408201305,0.3006470799446106,0.0001043677330017,0.0006141877367181,0.3006470799446106,0.8603746545193981,0.0006141877367181
adult,iid,20,123,7,18,0.9852410686866618,0.0001013409765584,0.9118381915526472,0.0016549890782242,0.824401416414497,0.0029155830055849,0.8227935095341821,-0.0234889165860987,,0.9266199449627134,0.0024679367041853,0.0024679367041853,0.8603746545193981,0.7530864197530864,0.6235093696763203,0.6821994408201305,0.3006470799446106,3.814697265625e-06,-0.0001023646227863,0.3006470799446106,0.8603746545193981,-0.0001023646227863
adult,iid,20,123,7,19,0.9852410686866618,0.0001453577643565,0.9118381915526472,0.0008670754228481,0.824401416414497,-0.0007717968759702,0.8227935095341821,-0.0532679472096355,,0.9266199449627134,-0.0006049843307878,0.0006049843307878,0.8603746545193981,0.7530864197530864,0.6235093696763203,0.6821994408201305,0.3006470799446106,0.0002037286758422,-0.0008189169822909,0.3006470799446106,0.8603746545193981,-0.0008189169822909
adult,iid,20,123,8,0,0.9859136042583684,-1.3307400962281337e-05,0.9125579184982772,-0.0001857809786603,0.8242585537880376,-0.0004573297512149,0.8749461263381053,0.0070414332141317,,0.9255354019802444,0.0009928302360798,0.0009928302360798,0.8616030299928344,0.7580310880829015,0.623083475298126,0.6839644693782141,0.2996598184108734,-0.0001666247844696,0.0005118231139318,0.2996598184108734,0.8616030299928344,0.0005118231139318
adult,iid,20,123,8,1,0.9859136042583684,-9.212816050818697e-06,0.9125579184982772,-0.0009504574076274,0.8242585537880376,-0.0004639624908693,0.8749461263381053,0.0162203403650595,,0.9255354019802444,0.0005613198617322,0.0005613198617322,0.8616030299928344,0.7580310880829015,0.623083475298126,0.6839644693782141,0.2996598184108734,3.555417060852051e-05,-0.0,0.2996598184108734,0.8616030299928344,-0.0
adult,iid,20,123,8,2,0.9859136042583684,0.000217013000307,0.9125579184982772,-5.6514981689459454e-05,0.8242585537880376,0.0010840530875073,0.8749461263381053,0.002629617118429,,0.9255354019802444,0.0016290333787639,0.0016290333787639,0.8616030299928344,0.7580310880829015,0.623083475298126,0.6839644693782141,0.2996598184108734,0.0001556575298309,0.0006141877367181,0.2996598184108734,0.8616030299928344,0.0006141877367181
adult,iid,20,123,8,3,0.9859136042583684,-7.882075954557255e-05,0.9125579184982772,-0.0020095719960192,0.8242585537880376,-0.0023087578882561,0.8749461263381053,0.0276444687765728,,0.9255354019802444,-0.002786620031598,0.002786620031598,0.8616030299928344,0.7580310880829015,0.623083475298126,0.6839644693782141,0.2996598184108734,3.346800804138184e-05,0.0001023646227863,0.2996598184108734,0.8616030299928344,0.0001023646227863
adult,iid,20,123,8,4,0.9859136042583684,-3.685126420316376e-05,0.9125579184982772,-0.0001650303721151,0.8242585537880376,0.0012335484536214,0.8749461263381053,0.0311273282158208,,0.9255354019802444,0.0012184354336506,0.0012184354336506,0.8616030299928344,0.7580310880829015,0.623083475298126,0.6839644693782141,0.2996598184108734,0.0001020729541778,0.0007165523595045,0.2996598184108734,0.8616030299928344,0.0007165523595045
adult,iid,20,123,8,5,0.9859136042583684,-0.0003726072269424,0.9125579184982772,-0.0004028425005336,0.8242585537880376,-0.0002923579925735,0.8749461263381053,0.0186315507460774,,0.9255354019802444,-0.0003933095546391,0.0003933095546391,0.8616030299928344,0.7580310880829015,0.623083475298126,0.6839644693782141,0.2996598184108734,5.4836273193359375e-05,0.0007165523595045,0.2996598184108734,0.8616030299928344,0.0007165523595045
adult,iid,20,123,8,6,0.9859136042583684,7.267888217832308e-05,0.9125579184982772,0.0003564215278603,0.8242585537880376,-0.0001561281057685,0.8749461263381053,0.0012784074363128,,0.9255354019802444,0.0022888950196851,0.0022888950196851,0.8616030299928344,0.7580310880829015,0.623083475298126,0.6839644693782141,0.2996598184108734,0.0001051127910614,-0.0,0.2996598184108734,0.8616030299928344,-0.0
adult,iid,20,123,8,7,0.9859136042583684,0.0001903981983826,0.9125579184982772,-0.0002632042419701,0.8242585537880376,-0.0001406517132414,0.8749461263381053,0.0097176437698749,,0.9255354019802444,0.0007520822086465,0.0007520822086465,0.8616030299928344,0.7580310880829015,0.623083475298126,0.6839644693782141,0.2996598184108734,-0.0001241564750671,0.0009212816050772,0.2996598184108734,0.8616030299928344,0.0009212816050772
adult,iid,20,123,8,8,0.9859136042583684,-8.905722182417364e-05,0.9125579184982772,-0.0005424143595449,0.8242585537880376,-0.0010729985214165,0.8749461263381053,-0.0023325839555496,,0.9255354019802444,0.0002684405931681,0.0002684405931681,0.8616030299928344,0.7580310880829015,0.623083475298126,0.6839644693782141,0.2996598184108734,-7.340312004089355e-05,0.0005118231139318,0.2996598184108734,0.8616030299928344,0.0005118231139318
adult,iid,20,123,8,9,0.9859136042583684,0.000111577438837,0.9125579184982772,-0.0022370904143786,0.8242585537880376,0.0021504188692693,0.8749461263381053,0.0182005614509197,,0.9255354019802444,0.0046042701966646,0.0046042701966646,0.8616030299928344,0.7580310880829015,0.623083475298126,0.6839644693782141,0.2996598184108734,-3.0338764190673828e-05,0.0002047292455726,0.2996598184108734,0.8616030299928344,0.0002047292455726
adult,iid,20,123,8,10,0.9859136042583684,6.1418773671384486e-06,0.9125579184982772,1.0389981166980531e-05,0.8242585537880376,0.0021570516089238,0.8749461263381053,0.00783934582814,,0.9255354019802444,0.0027259731220927,0.0027259731220927,0.8616030299928344,0.7580310880829015,0.623083475298126,0.6839644693782141,0.2996598184108734,-3.75509262084961e-06,0.0001023646227863,0.2996598184108734,0.8616030299928344,0.0001023646227863
adult,iid,20,123,8,11,0.9859136042583684,0.0001985873682055,0.9125579184982772,0.0006568365817394,0.8242585537880376,0.002159262522142,0.8749461263381053,0.0308768884902561,,0.9255354019802444,0.0026359470112784,0.0026359470112784,0.8616030299928344,0.7580310880829015,0.623083475298126,0.6839644693782141,0.2996598184108734,-1.150369644165039e-05,0.0006141877367181,0.2996598184108734,0.8616030299928344,0.0006141877367181
adult,iid,20,123,8,12,0.9859136042583684,0.0002282731088135,0.9125579184982772,0.0001292112739427,0.8242585537880376,-0.0024516205147155,0.8749461263381053,0.0477233281692275,,0.9255354019802444,-0.0030292565659175,0.0030292565659175,0.8616030299928344,0.7580310880829015,0.623083475298126,0.6839644693782141,0.2996598184108734,3.120303153991699e-05,0.0001023646227863,0.2996598184108734,0.8616030299928344,0.0001023646227863
adult,iid,20,123,8,13,0.9859136042583684,4.09458491146264e-06,0.9125579184982772,-0.0010957446796484,0.8242585537880376,6.632739654621744e-06,0.8749461263381053,0.0237393563116634,,0.9255354019802444,0.0001508748916312,0.0001508748916312,0.8616030299928344,0.7580310880829015,0.623083475298126,0.6839644693782141,0.2996598184108734,0.000203251838684,0.0009212816050772,0.2996598184108734,0.8616030299928344,0.0009212816050772
adult,iid,20,123,8,14,0.9859136042583684,5.1182311393116464e-05,0.9125579184982772,-0.0014052425237072,0.8242585537880376,-0.0021548406957057,0.8749461263381053,0.0063163228459273,,0.9255354019802444,-0.0013103011550521,0.0013103011550521,0.8616030299928344,0.7580310880829015,0.623083475298126,0.6839644693782141,0.2996598184108734,-0.0001745223999023,0.0002047292455726,0.2996598184108734,0.8616030299928344,0.0002047292455726
adult,iid,20,123,8,15,0.9859136042583684,-0.0001340976558501,0.9125579184982772,-0.0039206368064631,0.8242585537880376,-0.0020031344163735,0.8749461263381053,-0.0019045067502241,,0.9255354019802444,0.00011572609095,0.00011572609095,0.8616030299928344,0.7580310880829015,0.623083475298126,0.6839644693782141,0.2996598184108734,0.0001321732997894,-0.0,0.2996598184108734,0.8616030299928344,-0.0
adult,iid,20,123,8,16,0.9859136042583684,0.0003029992834475,0.9125579184982772,0.0004647847372889,0.8242585537880376,-0.0024648859940247,0.8749461263381053,-0.0122278652051859,,0.9255354019802444,-0.0017227876070516,0.0017227876070516,0.8616030299928344,0.7580310880829015,0.623083475298126,0.6839644693782141,0.2996598184108734,0.0001929402351379,-0.0001023646227863,0.2996598184108734,0.8616030299928344,-0.0001023646227863
adult,iid,20,123,8,17,0.9859136042583684,4.0945849114515376e-05,0.9125579184982772,-0.0007904708990839,0.8242585537880376,-0.0018381626577321,0.8749461263381053,0.0358682104625562,,0.9255354019802444,-0.0014107314411272,0.0014107314411272,0.8616030299928344,0.7580310880829015,0.623083475298126,0.6839644693782141,0.2996598184108734,0.0001418590545654,0.0004094584911453,0.2996598184108734,0.8616030299928344,0.0004094584911453
adult,iid,20,123,8,18,0.9859136042583684,0.0001381922407615,0.9125579184982772,-0.0007801699468011,0.8242585537880376,0.0015369610122859,0.8749461263381053,0.0196041887500146,,0.9255354019802444,0.0025647918477995,0.0025647918477995,0.8616030299928344,0.7580310880829015,0.623083475298126,0.6839644693782141,0.2996598184108734,-2.5033950805664062e-05,0.0005118231139318,0.2996598184108734,0.8616030299928344,0.0005118231139318
adult,iid,20,123,8,19,0.9859136042583684,0.0003418978401064,0.9125579184982772,-0.0006819198663531,0.8242585537880376,-0.0012335484536214,0.8749461263381053,-0.0102592924786544,,0.9255354019802444,-0.0005546438039447,0.0005546438039447,0.8616030299928344,0.7580310880829015,0.623083475298126,0.6839644693782141,0.2996598184108734,0.000159204006195,0.000307093868359,0.2996598184108734,0.8616030299928344,0.000307093868359
adult,iid,20,123,9,0,0.9863466066127546,8.086805200124836e-05,0.9163895486935868,0.0005738279621689,0.8239485084897187,-0.0016908782048361,0.8339759344896271,-0.0141993500215493,,0.9233365819676732,-0.0015909855340678,0.0015909855340678,0.8619101238611936,0.7581395348837209,0.6247870528109029,0.6850338547746906,0.2987208664417267,-0.0001549124717712,-0.0002047292455726,0.2987208664417267,0.8619101238611936,-0.0002047292455726
adult,iid,20,123,9,1,0.9863466066127546,-0.0002487460333708,0.9163895486935868,-0.0013064133016627,0.8239485084897187,0.0001517062793323,0.8339759344896271,-0.0210369369474308,,0.9233365819676732,0.0012857095046439,0.0012857095046439,0.8619101238611936,0.7581395348837209,0.6247870528109029,0.6850338547746906,0.2987208664417267,3.1381845474243164e-05,-0.0,0.2987208664417267,0.8619101238611936,-0.0
adult,iid,20,123,9,2,0.9863466066127546,0.000209847476712,0.9163895486935868,0.001543942992874,0.8239485084897187,0.0018470063106049,0.8339759344896271,0.0125103379189042,,0.9233365819676732,0.002173168928735,0.002173168928735,0.8619101238611936,0.7581395348837209,0.6247870528109029,0.6850338547746906,0.2987208664417267,0.0001457035541534,-0.0,0.2987208664417267,0.8619101238611936,-0.0
adult,iid,20,123,9,3,0.9863466066127546,-0.0001586651653188,0.9163895486935868,6.907391613864e-05,0.8239485084897187,-0.0023131797146924,0.8339759344896271,-0.0226793556127617,,0.9233365819676732,-0.0028872032926854,0.0028872032926854,0.8619101238611936,0.7581395348837209,0.6247870528109029,0.6850338547746906,0.2987208664417267,-3.2782554626464844e-06,-0.0005118231139318,0.2987208664417267,0.8619101238611936,-0.0005118231139318
adult,iid,20,123,9,4,0.9863466066127546,-2.3543863240882423e-05,0.9163895486935868,-0.0008018496668742,0.8239485084897187,0.0003100452983191,0.8339759344896271,-0.0056494542743654,,0.9233365819676732,0.0004124864519996,0.0004124864519996,0.8619101238611936,0.7581395348837209,0.6247870528109029,0.6850338547746906,0.2987208664417267,5.9038400650024414e-05,0.0003070938683591,0.2987208664417267,0.8619101238611936,0.0003070938683591
adult,iid,20,123,9,5,0.9863466066127546,-0.0002651243730167,0.9163895486935868,-0.001684173066223,0.8239485084897187,0.0001649717586413,0.8339759344896271,0.0130286899090261,,0.9233365819676732,-0.0005820304196548,0.0005820304196548,0.8619101238611936,0.7581395348837209,0.6247870528109029,0.6850338547746906,0.2987208664417267,5.036592483520508e-05,0.0010236462278636,0.2987208664417267,0.8619101238611936,0.0010236462278636
adult,iid,20,123,9,6,0.9863466066127546,0.0001371685945337,0.9163895486935868,0.0013265883704696,0.8239485084897187,0.0004551188379967,0.8339759344896271,0.0144614381064427,,0.9233365819676732,0.0023514304360764,0.0023514304360764,0.8619101238611936,0.7581395348837209,0.6247870528109029,0.6850338547746906,0.2987208664417267,8.925795555114746e-05,0.0002047292455727,0.2987208664417267,0.8619101238611936,0.0002047292455727
adult,iid,20,123,9,7,0.9863466066127546,0.000202681953117,0.9163895486935868,0.0006038259236614,0.8239485084897187,-0.0006046142041107,0.8339759344896271,-0.0028480238558399,,0.9233365819676732,-0.0022214679736796,0.0022214679736796,0.8619101238611936,0.7581395348837209,0.6247870528109029,0.6850338547746906,0.2987208664417267,-0.0001004338264465,0.0001023646227863,0.2987208664417267,0.8619101238611936,0.0001023646227863
adult,iid,20,123,9,8,0.9863466066127546,-0.0003122120994983,0.9163895486935868,0.0011574461173073,0.8239485084897187,-0.0006134578569834,0.8339759344896271,0.0165872636839101,,0.9233365819676732,-0.0002531447882933,0.0002531447882933,0.8619101238611936,0.7581395348837209,0.6247870528109029,0.6850338547746906,0.2987208664417267,-7.078051567077637e-05,-0.000307093868359,0.2987208664417267,0.8619101238611936,-0.000307093868359
adult,iid,20,123,9,9,0.9863466066127546,0.0001115774388371,0.9163895486935868,-0.0001088477905563,0.8239485084897187,0.0018403735709504,0.8339759344896271,-0.0236578177963631,,0.9233365819676732,0.0054168463398038,0.0054168463398038,0.8619101238611936,0.7581395348837209,0.6247870528109029,0.6850338547746906,0.2987208664417267,1.5854835510253906e-05,0.0001023646227863,0.2987208664417267,0.8619101238611936,0.0001023646227863
adult,iid,20,123,9,10,0.9863466066127546,0.0001627597502302,0.9163895486935868,0.0002474890665525,0.8239485084897187,0.0018447953973868,0.8339759344896271,-0.0251429836107583,,0.9233365819676732,0.003207622151972,0.003207622151972,0.8619101238611936,0.7581395348837209,0.6247870528109029,0.6850338547746906,0.2987208664417267,5.036592483520508e-06,0.0001023646227863,0.2987208664417267,0.8619101238611936,0.0001023646227863
adult,iid,20,123,9,11,0.9863466066127546,0.0002753608352953,0.9163895486935868,0.0001784719167861,0.8239485084897187,0.0020031344163735,0.8339759344896271,-0.0181539680136051,,0.9233365819676732,0.0008287010214722,0.0008287010214722,0.8619101238611936,0.7581395348837209,0.6247870528109029,0.6850338547746906,0.2987208664417267,-1.7762184143066406e-05,0.0006141877367181,0.2987208664417267,0.8619101238611936,0.0006141877367181
adult,iid,20,123,9,12,0.9863466066127546,8.905722182417364e-05,0.9163895486935868,0.0010286749993796,0.8239485084897187,-0.001998712589937,0.8339759344896271,-0.0185325396917845,,0.9233365819676732,-0.0004474822776684,0.0004474822776684,0.8619101238611936,0.7581395348837209,0.6247870528109029,0.6850338547746906,0.2987208664417267,8.463859558105469e-05,-0.0004094584911454,0.2987208664417267,0.8619101238611936,-0.0004094584911454
adult,iid,20,123,9,13,0.9863466066127546,2.047292455786831e-06,0.9163895486935868,-0.0009010038910834,0.8239485084897187,0.0009257140685207,0.8339759344896271,-0.016884296846789,,0.9233365819676732,0.000996558353553,0.000996558353553,0.8619101238611936,0.7581395348837209,0.6247870528109029,0.6850338547746906,0.2987208664417267,0.0002197921276092,0.0005118231139318,0.2987208664417267,0.8619101238611936,0.0005118231139318
adult,iid,20,123,9,14,0.9863466066127546,-0.0001412631794451,0.9163895486935868,-5.953746829323592e-05,0.8239485084897187,-4.421826436340481e-06,0.8339759344896271,-0.0349625505247583,,0.9233365819676732,0.0012647970754096,0.0012647970754096,0.8619101238611936,0.7581395348837209,0.6247870528109029,0.6850338547746906,0.2987208664417267,-0.0001991987228393,-0.0006141877367181,0.2987208664417267,0.8619101238611936,-0.0006141877367181
adult,iid,20,123,9,15,0.9863466066127546,-0.0001156720237486,0.9163895486935868,-0.0024747896290552,0.8239485084897187,-0.0007762187024065,0.8339759344896271,-0.0020326387028386,,0.9233365819676732,0.000902651150253,0.000902651150253,0.8619101238611936,0.7581395348837209,0.6247870528109029,0.6850338547746906,0.2987208664417267,0.0001067519187927,0.0002047292455727,0.2987208664417267,0.8619101238611936,0.0002047292455727
adult,iid,20,123,9,16,0.9863466066127546,0.00011976660866,0.9163895486935868,0.0004351327391707,0.8239485084897187,-0.0018514281370412,0.8339759344896271,-0.0140770422485991,,0.9233365819676732,-0.0010486895946837,0.0010486895946837,0.8619101238611936,0.7581395348837209,0.6247870528109029,0.6850338547746906,0.2987208664417267,0.0001647770404815,-0.0004094584911454,0.2987208664417267,0.8619101238611936,-0.0004094584911454
adult,iid,20,123,9,17,0.9863466066127546,-0.0001228375473436,0.9163895486935868,-0.0001088477905563,0.8239485084897187,-0.000609036030547,0.8339759344896271,-0.0329823294388984,,0.9233365819676732,-0.0013776241223446,0.0013776241223446,0.8619101238611936,0.7581395348837209,0.6247870528109029,0.6850338547746906,0.2987208664417267,0.0001376867294311,0.0001023646227863,0.2987208664417267,0.8619101238611936,0.0001023646227863
adult,iid,20,123,9,18,0.9863466066127546,3.480397174737693e-05,0.9163895486935868,-0.0002474302875319,0.8239485084897187,0.0015325391858496,0.8339759344896271,-0.0054223112674578,,0.9233365819676732,0.0024642085867121,0.0024642085867121,0.8619101238611936,0.7581395348837209,0.6247870528109029,0.6850338547746906,0.2987208664417267,3.75509262084961e-06,-0.0001023646227863,0.2987208664417267,0.8619101238611936,-0.0001023646227863
adult,iid,20,123,9,19,0.9863466066127546,0.0002794554202067,0.9163895486935868,-0.0008215215047742,0.8239485084897187,-0.0012335484536213,0.8339759344896271,-0.0466924483686472,,0.9233365819676732,-0.0004143260625865,0.0004143260625865,0.8619101238611936,0.7581395348837209,0.6247870528109029,0.6850338547746906,0.2987208664417267,0.0001509189605712,0.0001023646227863,0.2987208664417267,0.8619101238611936,0.0001023646227863
adult,iid,20,123,10,0,0.9868185075237996,0.0001545705804073,0.9156469050730665,-0.0013068789354876,0.8231789225269666,-0.0001517062793322,0.8675348577152908,0.0153001199781011,,0.9199108108530768,-0.0012857095046439,0.0012857095046439,0.8616030299928344,0.756701030927835,0.6252129471890971,0.6847014925373134,0.2980844676494598,-0.0001596808433532,-0.0,0.2980844676494598,0.8616030299928344,-0.0
adult,iid,20,123,10,1,0.9868185075237996,-4.811137270965826e-05,0.9156469050730665,-0.0023060752166509,0.8231789225269666,-0.0001539171925504,0.8675348577152908,-0.0128364919801047,,0.9199108108530768,-0.0011956833938293,0.0011956833938293,0.8616030299928344,0.756701030927835,0.6252129471890971,0.6847014925373134,0.2980844676494598,5.760788917541504e-05,-0.0005118231139318,0.2980844676494598,0.8616030299928344,-0.0005118231139318
adult,iid,20,123,10,2,0.9868185075237996,0.0004074111986897,0.9156469050730665,0.0032788272834305,0.8231789225269666,0.0015480155783768,0.8675348577152908,-0.0116367109692598,,0.9199108108530768,-0.001484932337519,0.001484932337519,0.8616030299928344,0.756701030927835,0.6252129471890971,0.6847014925373134,0.2980844676494598,0.0002233386039733,-0.0016378339645818,0.2980844676494598,0.8616030299928344,-0.0016378339645818
adult,iid,20,123,10,3,0.9868185075237996,1.5354693417957144e-05,0.9156469050730665,-0.0022768388395122,0.8231789225269666,-0.001539171925504,0.8675348577152908,-0.0227783666670549,,0.9199108108530768,-0.003036036702418,0.003036036702418,0.8616030299928344,0.756701030927835,0.6252129471890971,0.6847014925373134,0.2980844676494598,-3.814697265625e-06,-0.0002047292455727,0.2980844676494598,0.8616030299928344,-0.0002047292455727
adult,iid,20,123,10,4,0.9868185075237996,0.0002129184153956,0.9156469050730665,-0.0002675842380974,0.8231789225269666,0.0019965016767189,0.8675348577152908,-0.0061619820848233,,0.9199108108530768,0.0020432064663382,0.0020432064663382,0.8616030299928344,0.756701030927835,0.6252129471890971,0.6847014925373134,0.2980844676494598,9.307265281677246e-05,-0.0003070938683591,0.2980844676494598,0.8616030299928344,-0.0003070938683591
adult,iid,20,123,10,5,0.9868185075237996,-0.0002159893540792,0.9156469050730665,-0.0008018707767076,0.8231789225269666,-0.0004529079247785,0.8675348577152908,-0.0160659996039558,,0.9199108108530768,-0.0038068368833878,0.0038068368833878,0.8616030299928344,0.756701030927835,0.6252129471890971,0.6847014925373134,0.2980844676494598,4.589557647705078e-05,0.000307093868359,0.2980844676494598,0.8616030299928344,0.000307093868359
adult,iid,20,123,10,6,0.9868185075237996,0.0001156720237485,0.9156469050730665,-0.0005051139293088,0.8231789225269666,0.0006134578569834,0.8675348577152908,0.0004542860138148,,0.9199108108530768,0.000674098012368,0.000674098012368,0.8616030299928344,0.756701030927835,0.6252129471890971,0.6847014925373134,0.2980844676494598,0.0001312792301177,-0.0003070938683591,0.2980844676494598,0.8616030299928344,-0.0003070938683591
adult,iid,20,123,10,7,0.9868185075237996,0.0004104821373732,0.9156469050730665,-0.0008415719998724,0.8231789225269666,-0.0009080267627752,0.8675348577152908,-0.0161504502090878,,0.9199108108530768,-0.0060179495781063,0.0060179495781063,0.8616030299928344,0.756701030927835,0.6252129471890971,0.6847014925373134,0.2980844676494598,-0.0001428723335266,-0.0001023646227863,0.2980844676494598,0.8616030299928344,-0.0001023646227863
adult,iid,20,123,10,8,0.9868185075237996,-6.756065103907805e-05,0.9156469050730665,-0.0005250255847345,0.8231789225269666,-0.0007651641363156,0.8675348577152908,-0.003765332152966,,0.9199108108530768,-0.0013985365515789,0.0013985365515789,0.8616030299928344,0.756701030927835,0.6252129471890971,0.6847014925373134,0.2980844676494598,-5.114078521728516e-05,-0.0005118231139318,0.2980844676494598,0.8616030299928344,-0.0005118231139318
adult,iid,20,123,10,9,0.9868185075237996,0.0001914218446105,0.9156469050730665,-0.0006437622268622,0.8231789225269666,0.0018447953973868,0.8675348577152908,0.0619168540111125,,0.9199108108530768,0.0022631950395496,0.0022631950395496,0.8616030299928344,0.756701030927835,0.6252129471890971,0.6847014925373134,0.2980844676494598,4.762411117553711e-05,-0.0005118231139318,0.2980844676494598,0.8616030299928344,-0.0005118231139318
adult,iid,20,123,10,10,0.9868185075237996,0.0003787491043094,0.9156469050730665,-0.0004062889426067,0.8231789225269666,2.2109132181702407e-06,0.8675348577152908,-0.0177113303591189,,0.9199108108530768,-0.0021191980770174,0.0021191980770174,0.8616030299928344,0.756701030927835,0.6252129471890971,0.6847014925373134,0.2980844676494598,1.6689300537109375e-06,-0.0005118231139318,0.2980844676494598,0.8616030299928344,-0.0005118231139318
adult,iid,20,123,10,11,0.9868185075237996,0.000502610297881,0.9156469050730665,-0.0006238787749145,0.8231789225269666,0.0026210140997933,0.8675348577152908,-0.0218756188190893,,0.9199108108530768,0.00107990840658,0.00107990840658,0.8616030299928344,0.756701030927835,0.6252129471890971,0.6847014925373134,0.2980844676494598,4.553794860839844e-05,-0.0003070938683591,0.2980844676494598,0.8616030299928344,-0.0003070938683591
adult,iid,20,123,10,12,0.9868185075237996,0.0002231548776742,0.9156469050730665,0.0003846216645689,0.8231789225269666,-0.0012291266271851,0.8675348577152908,-0.003721650805484,,0.9199108108530768,-0.0019219615436273,0.0019219615436273,0.8616030299928344,0.756701030927835,0.6252129471890971,0.6847014925373134,0.2980844676494598,8.025765419006348e-05,-0.0009212816050773,0.2980844676494598,0.8616030299928344,-0.0009212816050773
adult,iid,20,123,10,13,0.9868185075237996,0.0001965400757497,0.9156469050730665,-0.0006139335063373,0.8231789225269666,-0.0001472844528959,0.8675348577152908,-0.0223357290125685,,0.9199108108530768,-0.0033546159511176,0.0033546159511176,0.8616030299928344,0.756701030927835,0.6252129471890971,0.6847014925373134,0.2980844676494598,0.0002079010009765,-0.0002047292455727,0.2980844676494598,0.8616030299928344,-0.0002047292455727
adult,iid,20,123,10,14,0.9868185075237996,4.09458491146264e-06,0.9156469050730665,-0.0004262193333912,0.8231789225269666,-0.0009257140685206,0.8675348577152908,0.0189780894361026,,0.9199108108530768,-0.0008562406121948,0.0008562406121948,0.8616030299928344,0.756701030927835,0.6252129471890971,0.6847014925373134,0.2980844676494598,-0.0001991987228393,-0.0007165523595046,0.2980844676494598,0.8616030299928344,-0.0007165523595046
adult,iid,20,123,10,15,0.9868185075237996,6.858429726686044e-05,0.9156469050730665,-0.0033939306344359,0.8231789225269666,-2.2109132181702407e-06,0.8675348577152908,0.0007804400750153,,0.9199108108530768,0.0002303438521726,0.0002303438521726,0.8616030299928344,0.756701030927835,0.6252129471890971,0.6847014925373134,0.2980844676494598,4.273653030395508e-05,-0.0007165523595046,0.2980844676494598,0.8616030299928344,-0.0007165523595046
adult,iid,20,123,10,16,0.9868185075237996,9.72463916469879e-05,0.9156469050730665,0.0003745661624221,0.8231789225269666,-0.002618803186575,0.8675348577152908,0.0001281319526145,,0.9199108108530768,-0.0026378355181646,0.0026378355181646,0.8616030299928344,0.756701030927835,0.6252129471890971,0.6847014925373134,0.2980844676494598,0.0001704692840576,-0.0010236462278636,0.2980844676494598,0.8616030299928344,-0.0010236462278636
adult,iid,20,123,10,17,0.9868185075237996,4.811137270954724e-05,0.9156469050730665,-0.0018813183375099,0.8231789225269666,4.421826436340481e-06,0.8675348577152908,-0.0136868222110915,,0.9199108108530768,-0.0023495419291901,0.0023495419291901,0.8616030299928344,0.756701030927835,0.6252129471890971,0.6847014925373134,0.2980844676494598,0.0001126229763031,0.0002047292455726,0.2980844676494598,0.8616030299928344,0.0002047292455726
adult,iid,20,123,10,18,0.9868185075237996,8.393899068481758e-05,0.9156469050730665,-0.0002376143519068,0.8231789225269666,0.0012269157139669,0.8675348577152908,-0.0159058346631875,,0.9199108108530768,0.0009272428006612,0.0009272428006612,0.8616030299928344,0.756701030927835,0.6252129471890971,0.6847014925373134,0.2980844676494598,-3.090500831604004e-05,-0.0,0.2980844676494598,0.8616030299928344,-0.0
adult,iid,20,123,10,19,0.9868185075237996,0.0002630770805609,0.9156469050730665,-0.0012177030029429,0.8231789225269666,-0.0004617515776512,0.8675348577152908,-0.0122191289356894,,0.9199108108530768,-0.0016981959566435,0.0016981959566435,0.8616030299928344,0.756701030927835,0.6252129471890971,0.6847014925373134,0.2980844676494598,0.0001119077205657,-0.0003070938683591,0.2980844676494598,0.8616030299928344,-0.0003070938683591
adult,iid,4,123,1,0,0.9810461664448766,0.001343023850957,0.8857858933046903,0.0203069981713649,0.8357368625654948,0.018384684223262,0.8866556395531688,0.0009959347225942,,0.9192642490872304,0.0093965407548115,0.0093965407548115,0.8577131743269526,0.7759216589861752,0.573679727427598,0.6596474045053868,0.3163108825683594,-0.0031458735466003,0.0016378339645818,0.3163108825683594,0.8577131743269526,0.0016378339645818
adult,iid,4,123,1,1,0.9810461664448766,-0.0001115774388371,0.8857858933046903,-0.0107534433017041,0.8357368625654948,-0.0104929000520457,0.8866556395531688,-0.0157427576325877,,0.9192642490872304,-0.0092160092005043,0.0092160092005043,0.8577131743269526,0.7759216589861752,0.573679727427598,0.6596474045053868,0.3163108825683594,0.0046995878219604,0.0028662094380181,0.3163108825683594,0.8577131743269526,0.0028662094380181
adult,iid,4,123,1,2,0.9810461664448766,-0.0006408025386426,0.8857858933046903,0.0027512457539137,0.8357368625654948,-0.0029111611791485,0.8866556395531688,0.0079208843434401,,0.9192642490872304,-0.0079691925304443,0.0079691925304443,0.8577131743269526,0.7759216589861752,0.573679727427598,0.6596474045053868,0.3163108825683594,-0.0037351548671722,0.0009212816050773,0.3163108825683594,0.8577131743269526,0.0009212816050773
adult,iid,4,123,1,3,0.9810461664448766,-0.0002784317739789,0.8857858933046903,-0.0087747761513766,0.8357368625654948,-0.0071199872952458,0.8866556395531688,-0.0089401157846917,,0.9192642490872304,-0.0003527300844806,0.0003527300844806,0.8577131743269526,0.7759216589861752,0.573679727427598,0.6596474045053868,0.3163108825683594,0.0006932914257049,0.0014331047190091,0.3163108825683594,0.8577131743269526,0.0014331047190091
adult,iid,4,123,2,0,0.9816286211485312,-0.0001863036134711,0.8862987630827783,0.0089256287544201,0.8136692202871139,0.0099280822858621,0.8195785623594916,-0.0366049691900898,,0.9063988231802882,-0.006174966012433,0.006174966012433,0.8606817483877572,0.7521716913643332,0.626916524701874,0.683855981416957,0.3007737398147583,0.0010542273521423,0.0033780325519501,0.3007737398147583,0.8606817483877572,0.0033780325519501
adult,iid,4,123,2,1,0.9816286211485312,-0.0001412631794451,0.8862987630827783,-0.0032520530735423,0.8136692202871139,-0.0166429550144076,0.8195785623594916,-0.003937145453063,,0.9063988231802882,-0.0147655355830497,0.0147655355830497,0.8606817483877572,0.7521716913643332,0.626916524701874,0.683855981416957,0.3007737398147583,0.0017439723014831,0.0015354693417954,0.3007737398147583,0.8606817483877572,0.0015354693417954
adult,iid,4,123,2,2,0.9816286211485312,-0.0003183539768655,0.8862987630827783,-0.0057798551423556,0.8136692202871139,-0.0111961586182527,0.8195785623594916,0.0337336486155923,,0.9063988231802882,-0.0244575316369752,0.0244575316369752,0.8606817483877572,0.7521716913643332,0.626916524701874,0.683855981416957,0.3007737398147583,0.0011277496814727,0.0013307400962228,0.3007737398147583,0.8606817483877572,0.0013307400962228
adult,iid,4,123,2,3,0.9816286211485312,0.0007165523595046,0.8862987630827783,0.0033225726065878,0.8136692202871139,0.0015126409668859,0.8195785623594916,-0.0449510186490234,,0.9063988231802882,0.0049473859133588,0.0049473859133588,0.8606817483877572,0.7521716913643332,0.626916524701874,0.683855981416957,0.3007737398147583,0.0013159811496734,0.0008189169822909,0.3007737398147583,0.8606817483877572,0.0008189169822909
adult,iid,4,123,3,0,0.9841652165011772,-0.0007390725765176,0.9074910820451842,0.0071817791662882,0.8353560680441942,0.0194289408728421,0.8262734568835979,-0.0162465491735488,,0.9408909053454764,0.0226137891408081,0.0226137891408081,0.8608864776333299,0.769188894937398,0.6017887563884157,0.6752688172043011,0.2976420223712921,-5.21242618560791e-05,0.0004094584911454,0.2976420223712921,0.8608864776333299,0.0004094584911454
adult,iid,4,123,3,1,0.9841652165011772,-0.000390009212816,0.9074910820451842,-0.0075672929845989,0.8353560680441942,-0.0140484718732324,0.8262734568835979,-0.0299217230253119,,0.9408909053454764,-0.0048070585416852,0.0048070585416852,0.8608864776333299,0.769188894937398,0.6017887563884157,0.6752688172043011,0.2976420223712921,0.0025623440742492,0.0016378339645818,0.2976420223712921,0.8608864776333299,0.0016378339645818
adult,iid,4,123,3,2,0.9841652165011772,-0.0005384379158562,0.9074910820451842,0.0005502691143546,0.8353560680441942,-0.000285725252919,0.8262734568835979,0.0186985288122167,,0.9408909053454764,-0.0056661589319111,0.0056661589319111,0.8608864776333299,0.769188894937398,0.6017887563884157,0.6752688172043011,0.2976420223712921,0.000257670879364,-0.0004094584911454,0.2976420223712921,0.8608864776333299,-0.0004094584911454
adult,iid,4,123,3,3,0.9841652165011772,0.0007063158972259,0.9074910820451842,0.0057776122688872,0.8353560680441942,0.004577719338585,0.8262734568835979,-0.0018841221213994,,0.9408909053454764,0.0180680851057657,0.0180680851057657,0.8608864776333299,0.769188894937398,0.6017887563884157,0.6752688172043011,0.2976420223712921,0.0015010833740234,0.0006141877367181,0.2976420223712921,0.8608864776333299,0.0006141877367181
adult,iid,4,123,4,0,0.9860732930699152,0.0006643464018835,0.910775810858976,0.0088126936668283,0.830874782154487,0.0102160184519994,0.8752053023331665,0.044129809316358,,0.9344272027354612,0.0015059329290367,0.0015059329290367,0.8616030299928344,0.7634920634920634,0.6145655877342419,0.6809815950920245,0.2950693666934967,0.000352919101715,0.0012283754734363,0.2950693666934967,0.8616030299928344,0.0012283754734363
adult,iid,4,123,4,1,0.9860732930699152,-1.5354693417957144e-05,0.910775810858976,-0.0014152537798074,0.830874782154487,-0.0121815673436639,0.8752053023331665,-0.0244033127933931,,0.9344272027354612,-0.0101576350615105,0.0101576350615105,0.8616030299928344,0.7634920634920634,0.6145655877342419,0.6809815950920245,0.2950693666934967,0.001766413450241,0.0001023646227863,0.2950693666934967,0.8616030299928344,0.0001023646227863
adult,iid,4,123,4,2,0.9860732930699152,0.0004524516327157,0.910775810858976,0.0,0.830874782154487,0.0016864563783999,0.8752053023331665,0.0021724190147818,,0.9344272027354612,-0.0001556135462331,0.0001556135462331,0.8616030299928344,0.7634920634920634,0.6145655877342419,0.6809815950920245,0.2950693666934967,0.0010156333446502,-0.0,0.2950693666934967,0.8616030299928344,-0.0
adult,iid,4,123,4,3,0.9860732930699152,0.0004974920667417,0.910775810858976,0.0026561527393177,0.830874782154487,-0.0015679137973403,0.8752053023331665,0.0056843993523514,,0.9344272027354612,0.0048478131894,0.0048478131894,0.8616030299928344,0.7634920634920634,0.6145655877342419,0.6809815950920245,0.2950693666934967,0.0016362965106964,-0.0007165523595046,0.2950693666934967,0.8616030299928344,-0.0007165523595046
adult,iid,4,123,5,0,0.985916675197052,-0.0002405568635479,0.9119668246445498,0.0029083367700847,0.8271829804464953,0.0051301183581814,0.8729222239047629,0.0094526435951494,,0.9328241201044438,0.0018171537353888,0.0018171537353888,0.8639574163169209,0.7666143380429095,0.6239352640545145,0.6879549189950692,0.2930352389812469,0.0002483427524566,0.0028662094380182,0.2930352389812469,0.8639574163169209,0.0028662094380182
adult,iid,4,123,5,1,0.985916675197052,-0.0001658306889138,0.9119668246445498,-0.0020651469362672,0.8271829804464953,-0.0097277359157301,0.8729222239047629,0.0091905555102562,,0.9328241201044438,-0.0037860552266221,0.0037860552266221,0.8639574163169209,0.7666143380429095,0.6239352640545145,0.6879549189950692,0.2930352389812469,0.0018090009689331,-0.0005118231139318,0.2930352389812469,0.8639574163169209,-0.0005118231139318
adult,iid,4,123,5,2,0.985916675197052,-0.0001300030709385,0.9119668246445498,0.0032639553061575,0.8271829804464953,0.0020208217221188,0.8729222239047629,-0.0095807755477641,,0.9328241201044438,-0.0052774350568614,0.0052774350568614,0.8639574163169209,0.7666143380429095,0.6239352640545145,0.6879549189950692,0.2930352389812469,0.0009147226810455,0.0006141877367181,0.2930352389812469,0.8639574163169209,0.0006141877367181
adult,iid,4,123,5,3,0.985916675197052,9.212816050774286e-05,0.9119668246445498,0.0010874693470859,0.8271829804464953,-0.0072540062688327,0.8729222239047629,0.0206816619879088,,0.9328241201044438,-0.0028065282098177,0.0028065282098177,0.8639574163169209,0.7666143380429095,0.6239352640545145,0.6879549189950692,0.2930352389812469,0.0019020736217498,0.0002047292455727,0.2930352389812469,0.8639574163169209,0.0002047292455727
adult,iid,4,123,6,0,0.9865953526461256,0.0004473334015764,0.913846153846154,0.0019592045527208,0.8348876837268884,0.0071177763820275,0.8863615184801219,0.0366253538189145,,0.940855094567876,0.001171271412189,0.001171271412189,0.8649810625447846,0.7782585181179016,0.612862010221465,0.6857279008815821,0.2919099032878876,1.5497207641601562e-06,0.0029685740608046,0.2919099032878876,0.8649810625447846,0.0029685740608046
adult,iid,4,123,6,1,0.9865953526461256,-0.0003040229296754,0.913846153846154,-0.0029290326105763,0.8348876837268884,-0.0104862673123913,0.8863615184801219,0.0180782536779693,,0.940855094567876,-0.0066797327057833,0.0066797327057833,0.8649810625447846,0.7782585181179016,0.612862010221465,0.6857279008815821,0.2919099032878876,0.0019989609718322,0.0003070938683591,0.2919099032878876,0.8649810625447846,0.0003070938683591
adult,iid,4,123,6,2,0.9865953526461256,-7.165523595031864e-06,0.913846153846154,0.0013535546750467,0.8348876837268884,0.0060116141623385,0.8863615184801219,0.0247964449207327,,0.940855094567876,0.0009281759528324,0.0009281759528324,0.8649810625447846,0.7782585181179016,0.612862010221465,0.6857279008815821,0.2919099032878876,0.0003182590007781,0.0005118231139318,0.2919099032878876,0.8649810625447846,0.0005118231139318
adult,iid,4,123,6,3,0.9865953526461256,-8.086805200124836e-05,0.913846153846154,0.0013180040298684,0.8348876837268884,-0.0020362981146462,0.8863615184801219,0.0162931426108632,,0.940855094567876,0.006215179825382,0.006215179825382,0.8649810625447846,0.7782585181179016,0.612862010221465,0.6857279008815821,0.2919099032878876,0.0025262534618377,0.0013307400962228,0.2919099032878876,0.8649810625447846,0.0013307400962228
adult,iid,4,123,7,0,0.9876302589824956,0.0006725355717064,0.9123138737887024,0.0058117380506863,0.831818183528753,0.0087843345414642,0.8459795687777376,0.0124462719425968,,0.9360689325389956,0.0092409920213072,0.0092409920213072,0.8662094380182209,0.7802907915993538,0.6171209540034072,0.689179548156956,0.2900075614452362,0.0004513561725616,0.0034803971747364,0.2900075614452362,0.8662094380182209,0.0034803971747364
adult,iid,4,123,7,1,0.9876302589824956,0.0009704166240147,0.9123138737887024,-0.0017791329560614,0.831818183528753,-0.0101872765801631,0.8459795687777376,0.0048224207620355,,0.9360689325389956,-0.0079218818200847,0.0079218818200847,0.8662094380182209,0.7802907915993538,0.6171209540034072,0.689179548156956,0.2900075614452362,0.0031492114067077,0.00112601085065,0.2900075614452362,0.8662094380182209,0.00112601085065
adult,iid,4,123,7,2,0.9876302589824956,-9.212816050707673e-06,0.9123138737887024,0.0012132708805572,0.831818183528753,0.0083225829638129,0.8459795687777376,-0.0128131952614474,,0.9360689325389956,0.0026803427611934,0.0026803427611934,0.8662094380182209,0.7802907915993538,0.6171209540034072,0.689179548156956,0.2900075614452362,0.0003377795219421,0.0003070938683591,0.2900075614452362,0.8662094380182209,0.0003070938683591
adult,iid,4,123,7,3,0.9876302589824956,0.0006029276282116,0.9123138737887024,0.0027816061747296,0.831818183528753,-0.0038656171195055,0.8459795687777376,-0.0042167060769491,,0.9360689325389956,-0.0009793803279063,0.0009793803279063,0.8662094380182209,0.7802907915993538,0.6171209540034072,0.689179548156956,0.2900075614452362,0.0017814338207244,0.0017401985873681,0.2900075614452362,0.8662094380182209,0.0017401985873681
adult,iid,4,123,8,0,0.9873211178216807,0.0004626880949943,0.9141473783656118,-0.0009983907739947,0.8305868459883496,0.0020296653749914,0.8482218779484909,-0.0125161620985685,,0.9382953410385888,0.0022741070361467,0.0022741070361467,0.8668236257549391,0.7806970509383379,0.6201022146507666,0.6911939235699027,0.2892560362815857,0.0005300641059875,0.0030709386835909,0.2892560362815857,0.8668236257549391,0.0030709386835909
adult,iid,4,123,8,1,0.9873211178216807,0.0008721465861398,0.9141473783656118,-0.0030214742871118,0.8305868459883496,-0.0116999175470492,0.8482218779484909,-0.0077694556721685,,0.9382953410385888,-0.0116442051383045,0.0116442051383045,0.8668236257549391,0.7806970509383379,0.6201022146507666,0.6911939235699027,0.2892560362815857,0.0027011632919311,0.0005118231139318,0.2892560362815857,0.8668236257549391,0.0005118231139318
adult,iid,4,123,8,2,0.9873211178216807,0.0003838673354489,0.9141473783656118,0.0003644564334044,0.8305868459883496,0.0055432298450328,0.8482218779484909,-0.0092313247679065,,0.9382953410385888,0.0053447358216102,0.0053447358216102,0.8668236257549391,0.7806970509383379,0.6201022146507666,0.6911939235699027,0.2892560362815857,0.0004282891750335,0.0001023646227863,0.2892560362815857,0.8668236257549391,0.0001023646227863
adult,iid,4,123,8,3,0.9873211178216807,-0.000104411915242,0.9141473783656118,0.0013298946089668,0.8305868459883496,-0.0001760263247322,0.8482218779484909,0.0057572015981548,,0.9382953410385888,0.0051930255704064,0.0051930255704064,0.8668236257549391,0.7806970509383379,0.6201022146507666,0.6911939235699027,0.2892560362815857,0.001707911491394,0.0003070938683591,0.2892560362815857,0.8668236257549391,0.0003070938683591
adult,iid,4,123,9,0,0.9872013512130208,0.0007994677039615,0.915190172454524,0.0041316272150206,0.8344546740210734,0.0029598012699485,0.8783794802502065,0.0395985975375365,,0.9398484868853864,0.0027452540981663,0.0027452540981663,0.8666188965093664,0.7881963596249311,0.608603066439523,0.6868541216053833,0.2885409295558929,0.0005452632904052,0.0011260108506501,0.2885409295558929,0.8666188965093664,0.0011260108506501
adult,iid,4,123,9,1,0.9872013512130208,0.0008312007370252,0.915190172454524,-0.0011416639907608,0.8344546740210734,-0.0117021284602674,0.8783794802502065,-0.0050670363079363,,0.9398484868853864,-0.0145655751832007,0.0145655751832007,0.8666188965093664,0.7881963596249311,0.608603066439523,0.6868541216053833,0.2885409295558929,0.0030799806118011,0.0004094584911454,0.2885409295558929,0.8666188965093664,0.0004094584911454
adult,iid,4,123,9,2,0.9872013512130208,0.0004063875524619,0.915190172454524,0.0036127143078603,0.8344546740210734,0.004938615640922,0.8783794802502065,0.023162762524898,,0.9398484868853864,0.0002899865106633,0.0002899865106633,0.8666188965093664,0.7881963596249311,0.608603066439523,0.6868541216053833,0.2885409295558929,0.0002115666866302,-0.0016378339645818,0.2885409295558929,0.8666188965093664,-0.0016378339645818
adult,iid,4,123,9,3,0.9872013512130208,-3.0709386835692243e-06,0.915190172454524,0.0010260674651647,0.8344546740210734,-0.0021725280014511,0.8783794802502065,0.010832974175587,,0.9398484868853864,0.004374881699207,0.004374881699207,0.8666188965093664,0.7881963596249311,0.608603066439523,0.6868541216053833,0.2885409295558929,0.0023408234119415,0.0008189169822909,0.2885409295558929,0.8666188965093664,0.0008189169822909
adult,iid,4,123,10,0,0.9874419080765688,0.0009478964070017,0.906998701758527,0.0016956714554967,0.8273722722505366,-0.0002746706868281,0.9110414798075692,0.021904739717411,,0.9307661256545672,-0.0023007839592087,0.0023007839592087,0.8673354488688709,0.7824919441460795,0.6205281090289608,0.6921615201900237,0.2874467670917511,0.0008568465709686,0.0025591155696591,0.2874467670917511,0.8673354488688709,0.0025591155696591
adult,iid,4,123,10,1,0.9874419080765688,0.0003101648070427,0.906998701758527,-0.004561104594053,0.8273722722505366,-0.0096945722174575,0.9110414798075692,0.0335356265070065,,0.9307661256545672,-0.0086982434430004,0.0086982434430004,0.8673354488688709,0.7824919441460795,0.6205281090289608,0.6921615201900237,0.2874467670917511,0.003551423549652,0.0004094584911454,0.2874467670917511,0.8673354488688709,0.0004094584911454
adult,iid,4,123,10,2,0.9874419080765688,0.0002385095710921,0.906998701758527,0.0002770036453194,0.8273722722505366,0.0044768640632708,0.9110414798075692,0.0327610106116553,,0.9307661256545672,0.0004806447788646,0.0004806447788646,0.8673354488688709,0.7824919441460795,0.6205281090289608,0.6921615201900237,0.2874467670917511,0.0004842579364776,-0.0007165523595045,0.2874467670917511,0.8673354488688709,-0.0007165523595045
adult,iid,4,123,10,3,0.9874419080765688,-0.0006223769065411,0.906998701758527,0.0001840094235796,0.8273722722505366,-0.0006421997288197,0.9110414798075692,0.0330726042236952,,0.9307661256545672,0.0039177202410231,0.0039177202410231,0.8673354488688709,0.7824919441460795,0.6205281090289608,0.6921615201900237,0.2874467670917511,0.0025597810745239,0.0006141877367181,0.2874467670917511,0.8673354488688709,0.0006141877367181
adult,iid,20,2025,1,0,0.9848080663322756,-0.0003009519909918,0.8426898466739104,-0.0024519758970008,0.824706534117839,5.770835032281596e-06,0.8824039883982342,0.0282006779345131,,0.8971794842528542,-0.0017930907278005,0.0017930907278005,0.8478861705394616,0.7396011396011396,0.557799742157284,0.6359627633512984,0.3310281932353973,0.0001439154148101,-0.0002047292455726,0.3310281932353973,0.8478861705394616,-0.0002047292455726
adult,iid,20,2025,1,1,0.9848080663322756,-0.0005128467601597,0.8426898466739104,-0.0019879230581677,0.824706534117839,-0.0026021735802845,0.8824039883982342,0.0084392363335623,,0.8971794842528542,-0.004279835005688,0.004279835005688,0.8478861705394616,0.7396011396011396,0.557799742157284,0.6359627633512984,0.3310281932353973,0.0005554556846618,-0.000307093868359,0.3310281932353973,0.8478861705394616,-0.000307093868359
adult,iid,20,2025,1,2,0.9848080663322756,0.0005486743781348,0.8426898466739104,0.0067986080032155,0.824706534117839,0.0064231285986123,0.8824039883982342,0.0268844133303824,,0.8971794842528542,0.0075578223387136,0.0075578223387136,0.8478861705394616,0.7396011396011396,0.557799742157284,0.6359627633512984,0.3310281932353973,-0.0004226863384246,0.0008189169822909,0.3310281932353973,0.8478861705394616,0.0008189169822909
adult,iid,20,2025,1,3,0.9848080663322756,-0.0001781144436482,0.8426898466739104,0.0025739186458945,0.824706534117839,0.0016808739579623,0.8824039883982342,0.0144905590047641,,0.8971794842528542,0.0021102690871503,0.0021102690871503,0.8478861705394616,0.7396011396011396,0.557799742157284,0.6359627633512984,0.3310281932353973,1.0609626770019531e-05,0.0002047292455727,0.3310281932353973,0.8478861705394616,0.0002047292455727
adult,iid,20,2025,1,4,0.9848080663322756,0.0005384379158562,0.8426898466739104,0.0067410296772904,0.824706534117839,0.0082686132607735,0.8824039883982342,0.0086459947116448,,0.8971794842528542,0.0095912401539792,0.0095912401539792,0.8478861705394616,0.7396011396011396,0.557799742157284,0.6359627633512984,0.3310281932353973,-0.000478982925415,-0.0001023646227863,0.3310281932353973,0.8478861705394616,-0.0001023646227863
adult,iid,20,2025,1,5,0.9848080663322756,-0.0002426041560036,0.8426898466739104,-0.0013280212483399,0.824706534117839,-0.0007797722582525,0.8824039883982342,0.0418875001456047,,0.8971794842528542,-0.0024323275600385,0.0024323275600385,0.8478861705394616,0.7396011396011396,0.557799742157284,0.6359627633512984,0.3310281932353973,-0.000617891550064,-0.0,0.3310281932353973,0.8478861705394616,-0.0
adult,iid,20,2025,1,6,0.9848080663322756,-0.0001474050568123,0.8426898466739104,-0.0013656753538505,0.824706534117839,0.0001501836166183,0.8824039883982342,0.0379503546925417,,0.8971794842528542,-0.0008304493196351,0.0008304493196351,0.8478861705394616,0.7396011396011396,0.557799742157284,0.6359627633512984,0.3310281932353973,2.3633241653442383e-05,-0.0002047292455726,0.3310281932353973,0.8478861705394616,-0.0002047292455726
adult,iid,20,2025,1,7,0.9848080663322756,0.0003961510901832,0.8426898466739104,0.0058763282671512,0.824706534117839,0.0041357493391448,0.8824039883982342,0.0181830889119267,,0.8971794842528542,0.0061869157152441,0.0061869157152441,0.8478861705394616,0.7396011396011396,0.557799742157284,0.6359627633512984,0.3310281932353973,-7.528066635131836e-05,-0.0002047292455726,0.3310281932353973,0.8478861705394616,-0.0002047292455726
adult,iid,20,2025,1,8,0.9848080663322756,-0.0005660763640086,0.8426898466739104,-0.0025539968799282,0.824706534117839,-0.0027465863618706,0.8824039883982342,-0.0049738494333071,,0.8971794842528542,-0.0025557678135628,0.0025557678135628,0.8478861705394616,0.7396011396011396,0.557799742157284,0.6359627633512984,0.3310281932353973,0.0011909902095794,-0.0001023646227863,0.3310281932353973,0.8478861705394616,-0.0001023646227863
adult,iid,20,2025,1,9,0.9848080663322756,4.196949534240879e-05,0.8426898466739104,-0.0006225627901166,0.824706534117839,-0.0007653451706719,0.8824039883982342,0.0217474868664748,,0.8971794842528542,-0.0008343210411032,0.0008343210411032,0.8478861705394616,0.7396011396011396,0.557799742157284,0.6359627633512984,0.3310281932353973,-0.0003369748592376,-0.0001023646227863,0.3310281932353973,0.8478861705394616,-0.0001023646227863
adult,iid,20,2025,1,10,0.9848080663322756,0.000262053434333,0.8426898466739104,-0.0047370680397885,0.824706534117839,-0.0007768868407364,0.8824039883982342,-8.736269496423255e-05,,0.8971794842528542,-0.0030492246394778,0.0030492246394778,0.8478861705394616,0.7396011396011396,0.557799742157284,0.6359627633512984,0.3310281932353973,9.170174598693848e-05,0.0005118231139318,0.3310281932353973,0.8478861705394616,0.0005118231139318
adult,iid,20,2025,1,11,0.9848080663322756,0.0002999283447641,0.8426898466739104,0.005272827965401,0.824706534117839,0.0025935173277363,0.8824039883982342,0.0232617735791913,,0.8971794842528542,0.0011738496612152,0.0011738496612152,0.8478861705394616,0.7396011396011396,0.557799742157284,0.6359627633512984,0.3310281932353973,-0.0007823705673217,-0.0002047292455726,0.3310281932353973,0.8478861705394616,-0.0002047292455726
adult,iid,20,2025,1,12,0.9848080663322756,0.0004493806940321,0.8426898466739104,0.0034429241539973,0.824706534117839,0.0002917109806881,0.8824039883982342,0.037723211685634,,0.8971794842528542,-0.0009506550100047,0.0009506550100047,0.8478861705394616,0.7396011396011396,0.557799742157284,0.6359627633512984,0.3310281932353973,7.328391075134277e-05,-0.000307093868359,0.3310281932353973,0.8478861705394616,-0.000307093868359
adult,iid,20,2025,1,13,0.9848080663322756,-0.0003275667929163,0.8426898466739104,-0.0066931680853443,0.824706534117839,-0.0030700369352362,0.8824039883982342,0.0059814325152303,,0.8971794842528542,-0.0040526000464622,0.0040526000464622,0.8478861705394616,0.7396011396011396,0.557799742157284,0.6359627633512984,0.3310281932353973,0.0007089972496032,0.0017401985873681,0.3310281932353973,0.8478861705394616,0.0017401985873681
adult,iid,20,2025,1,14,0.9848080663322756,-0.0001443341181287,0.8426898466739104,-0.0019773836679183,0.824706534117839,-0.0012245522730751,0.8824039883982342,0.0174375939148971,,0.8971794842528542,-0.0017340703289333,0.0017340703289333,0.8478861705394616,0.7396011396011396,0.557799742157284,0.6359627633512984,0.3310281932353973,0.0006398260593414,0.0004094584911454,0.3310281932353973,0.8478861705394616,0.0004094584911454
adult,iid,20,2025,1,15,0.9848080663322756,6.653700481118463e-05,0.8426898466739104,-0.0018941407672198,0.824706534117839,-0.0003003672332364,0.8824039883982342,0.0034828594392481,,0.8971794842528542,-0.00102580996102,0.00102580996102,0.8478861705394616,0.7396011396011396,0.557799742157284,0.6359627633512984,0.3310281932353973,0.0002926588058471,0.0002047292455727,0.3310281932353973,0.8478861705394616,0.0002047292455727
adult,iid,20,2025,1,16,0.9848080663322756,-0.000217013000307,0.8426898466739104,0.0024338698567165,0.824706534117839,-0.0030584952651716,0.8824039883982342,0.0007687917156868,,0.8971794842528542,-0.0039541812438519,0.0039541812438519,0.8478861705394616,0.7396011396011396,0.557799742157284,0.6359627633512984,0.3310281932353973,0.0005790889263153,0.0001023646227863,0.3310281932353973,0.8478861705394616,0.0001023646227863
adult,iid,20,2025,1,17,0.9848080663322756,-7.882075954546153e-05,0.8426898466739104,0.0002860817408828,0.824706534117839,-0.0006180469715697,0.8824039883982342,0.0171522091113467,,0.8971794842528542,-0.002747617459273,0.002747617459273,0.8478861705394616,0.7396011396011396,0.557799742157284,0.6359627633512984,0.3310281932353973,-0.0002980828285217,-0.0004094584911454,0.3310281932353973,0.8478861705394616,-0.0004094584911454
adult,iid,20,2025,1,18,0.9848080663322756,-0.0001085065001534,0.8426898466739104,-0.0012338063823833,0.824706534117839,0.0006151615540537,0.8824039883982342,0.0485765704900464,,0.8971794842528542,-0.0013070501418153,0.0013070501418153,0.8478861705394616,0.7396011396011396,0.557799742157284,0.6359627633512984,0.3310281932353973,-0.0001569390296936,0.0005118231139318,0.3310281932353973,0.8478861705394616,0.0005118231139318
adult,iid,20,2025,1,19,0.9848080663322756,-8.086805200124836e-05,0.8426898466739104,-0.002869998885935,0.824706534117839,-0.0012158960205266,0.8824039883982342,0.0236461694370346,,0.8971794842528542,0.0009551743977491,0.0009551743977491,0.8478861705394616,0.7396011396011396,0.557799742157284,0.6359627633512984,0.3310281932353973,3.2335519790649414e-05,-0.0005118231139318,0.3310281932353973,0.8478861705394616,-0.0005118231139318
adult,iid,20,2025,2,0,0.9826000614187737,0.0001555942266352,0.869643716899374,0.0029610072374801,0.833223435190779,0.0010772540739729,0.8818506913301261,-0.0318640869433541,,0.9304530538093756,0.0037899226982348,0.0037899226982348,0.8504452861091207,0.7402885682574917,0.5732703051138806,0.6461612981351417,0.3176439106464386,-0.0001023709774017,-0.000307093868359,0.3176439106464386,0.8504452861091207,-0.000307093868359
adult,iid,20,2025,2,1,0.9826000614187737,-0.000457569863855,0.869643716899374,-0.0018209599570466,0.833223435190779,-0.0029025408135212,0.8818506913301261,-0.0138615476010204,,0.9304530538093756,-0.0010617481395749,0.0010617481395749,0.8504452861091207,0.7402885682574917,0.5732703051138806,0.6461612981351417,0.3176439106464386,0.0002548098564147,-0.0001023646227863,0.3176439106464386,0.8504452861091207,-0.0001023646227863
adult,iid,20,2025,2,2,0.9826000614187737,0.0003511106561572,0.869643716899374,0.0055753901821841,0.833223435190779,0.0035148169500587,0.8818506913301261,-0.0031101119407332,,0.9304530538093756,0.0050431597577267,0.0050431597577267,0.8504452861091207,0.7402885682574917,0.5732703051138806,0.6461612981351417,0.3176439106464386,-7.277727127075195e-05,-0.0005118231139318,0.3176439106464386,0.8504452861091207,-0.0005118231139318
adult,iid,20,2025,2,3,0.9826000614187737,-0.0002671716654724,0.869643716899374,-6.782156216444957e-05,0.833223435190779,-0.0013747358896935,0.8818506913301261,-0.0132907779939195,,0.9304530538093756,0.0003793825508857,0.0003793825508857,0.8504452861091207,0.7402885682574917,0.5732703051138806,0.6461612981351417,0.3176439106464386,0.0001192688941955,-0.0012283754734363,0.3176439106464386,0.8504452861091207,-0.0012283754734363
adult,iid,20,2025,2,4,0.9826000614187737,0.0009100214965707,0.869643716899374,0.0075498540834895,0.833223435190779,0.008716278693112,0.8818506913301261,-0.0032324197136834,,0.9304530538093756,0.0098332740702774,0.0098332740702774,0.8504452861091207,0.7402885682574917,0.5732703051138806,0.6461612981351417,0.3176439106464386,-0.0004908740520477,-0.0002047292455726,0.3176439106464386,0.8504452861091207,-0.0002047292455726
adult,iid,20,2025,2,5,0.9826000614187737,7.882075954546153e-05,0.869643716899374,0.0009568482125053,0.833223435190779,-0.0010859103265214,0.8818506913301261,-0.021671772530839,,0.9304530538093756,-0.0022243433621798,0.0022243433621798,0.8504452861091207,0.7402885682574917,0.5732703051138806,0.6461612981351417,0.3176439106464386,-0.0004751980304718,-0.0008189169822908,0.3176439106464386,0.8504452861091207,-0.0008189169822908
adult,iid,20,2025,2,6,0.9826000614187737,-0.0001105537926092,0.869643716899374,-0.0002720472402167,0.833223435190779,-0.0004620925199193,0.8818506913301261,-0.0361332106372818,,0.9304530538093756,-0.0001402962572591,0.0001402962572591,0.8504452861091207,0.7402885682574917,0.5732703051138806,0.6461612981351417,0.3176439106464386,-2.673268318176269e-05,-0.0002047292455726,0.3176439106464386,0.8504452861091207,-0.0002047292455726
adult,iid,20,2025,2,7,0.9826000614187737,1.5354693417957144e-05,0.869643716899374,0.0019577067862028,0.833223435190779,0.0030786931877846,0.8818506913301261,-0.0003727474985146,,0.9304530538093756,0.0047460614573031,0.0047460614573031,0.8504452861091207,0.7402885682574917,0.5732703051138806,0.6461612981351417,0.3176439106464386,0.000109314918518,0.0002047292455727,0.3176439106464386,0.8504452861091207,0.0002047292455727
adult,iid,20,2025,2,8,0.9826000614187737,-0.0001105537926092,0.869643716899374,0.0009787355583363,0.833223435190779,-0.0001530690341344,0.8818506913301261,-0.0249100164241866,,0.9304530538093756,-0.0002523977788995,0.0002523977788995,0.8504452861091207,0.7402885682574917,0.5732703051138806,0.6461612981351417,0.3176439106464386,0.0004034042358398,0.0001023646227864,0.3176439106464386,0.8504452861091207,0.0001023646227864
adult,iid,20,2025,2,9,0.9826000614187737,0.0007390725765175,0.869643716899374,0.0085526330253052,0.833223435190779,0.0019812411911986,0.8818506913301261,-0.0077286864145185,,0.9304530538093756,0.0013047061546693,0.0013047061546693,0.8504452861091207,0.7402885682574917,0.5732703051138806,0.6461612981351417,0.3176439106464386,-0.0001551806926727,-0.001433104719009,0.3176439106464386,0.8504452861091207,-0.001433104719009
adult,iid,20,2025,2,10,0.9826000614187737,-0.0003500870099294,0.869643716899374,-0.0057775637939336,0.833223435190779,-0.0024491045461503,0.8818506913301261,-0.0100525341005721,,0.9304530538093756,-0.0028979168533405,0.0028979168533405,0.8504452861091207,0.7402885682574917,0.5732703051138806,0.6461612981351417,0.3176439106464386,0.00043785572052,-0.0,0.3176439106464386,0.8504452861091207,-0.0
adult,iid,20,2025,2,11,0.9826000614187737,8.905722182406262e-05,0.869643716899374,0.0035540426596817,0.833223435190779,-0.000932841292387,0.8818506913301261,-0.0143624270521498,,0.9304530538093756,-0.0018293896321488,0.0018293896321488,0.8504452861091207,0.7402885682574917,0.5732703051138806,0.6461612981351417,0.3176439106464386,-0.0003291368484497,-0.00112601085065,0.3176439106464386,0.8504452861091207,-0.00112601085065
adult,iid,20,2025,2,12,0.9826000614187737,4.09458491146264e-06,0.869643716899374,0.000893716899374,0.833223435190779,-0.0013805067247256,0.8818506913301261,-0.0281948537548486,,0.9304530538093756,-0.0005142353216043,0.0005142353216043,0.8504452861091207,0.7402885682574917,0.5732703051138806,0.6461612981351417,0.3176439106464386,3.466010093688965e-05,-0.0012283754734363,0.3176439106464386,0.8504452861091207,-0.0012283754734363
adult,iid,20,2025,2,13,0.9826000614187737,-0.0004841846657794,0.869643716899374,-0.001836427504958,0.833223435190779,-0.0030671515177201,0.8818506913301261,-0.0185441880511132,,0.9304530538093756,-0.0043734579880341,0.0043734579880341,0.8504452861091207,0.7402885682574917,0.5732703051138806,0.6461612981351417,0.3176439106464386,0.0002472400665283,-0.0002047292455726,0.3176439106464386,0.8504452861091207,-0.0002047292455726
adult,iid,20,2025,2,14,0.9826000614187737,-0.0005067048827924,0.869643716899374,-0.0033243746117638,0.833223435190779,-0.005507599811322,0.8818506913301261,-0.0292082610164359,,0.9304530538093756,-0.0055800217726127,0.0055800217726127,0.8504452861091207,0.7402885682574917,0.5732703051138806,0.6461612981351417,0.3176439106464386,0.0005267858505249,0.0003070938683591,0.3176439106464386,0.8504452861091207,0.0003070938683591
adult,iid,20,2025,2,15,0.9826000614187737,9.827003787488132e-05,0.869643716899374,0.0020956399762971,0.833223435190779,-0.0007624597531559,0.8818506913301261,-0.0248575988072079,,0.9304530538093756,0.0011038617642209,0.0011038617642209,0.8504452861091207,0.7402885682574917,0.5732703051138806,0.6461612981351417,0.3176439106464386,-7.56978988647461e-05,-0.0012283754734363,0.3176439106464386,0.8504452861091207,-0.0012283754734363
adult,iid,20,2025,2,16,0.9826000614187737,9.212816050707673e-06,0.869643716899374,-0.0008001661753282,0.833223435190779,-0.0022960355120159,0.8818506913301261,-0.0028771447541615,,0.9304530538093756,-0.0023604071721777,0.0023604071721777,0.8504452861091207,0.7402885682574917,0.5732703051138806,0.6461612981351417,0.3176439106464386,0.0002842247486114,-0.0005118231139318,0.3176439106464386,0.8504452861091207,-0.0005118231139318
adult,iid,20,2025,2,17,0.9826000614187737,6.44897123553978e-05,0.869643716899374,-0.0006018295618681,0.833223435190779,-0.0006065053015054,0.8818506913301261,-0.0084275879742339,,0.9304530538093756,0.001583770934866,0.001583770934866,0.8504452861091207,0.7402885682574917,0.5732703051138806,0.6461612981351417,0.3176439106464386,-7.486343383789062e-05,-0.0,0.3176439106464386,0.8504452861091207,-0.0
adult,iid,20,2025,2,18,0.9826000614187737,-0.0001709489200532,0.869643716899374,-0.002873437307921,0.833223435190779,0.0001588398691665,0.8818506913301261,-0.0223532015515615,,0.9304530538093756,0.002418091975969,0.002418091975969,0.8504452861091207,0.7402885682574917,0.5732703051138806,0.6461612981351417,0.3176439106464386,0.000252217054367,0.0001023646227864,0.3176439106464386,0.8504452861091207,0.0001023646227864
adult,iid,20,2025,2,19,0.9826000614187737,0.000254887910738,0.869643716899374,0.0032016521658883,0.833223435190779,0.0021516227304299,0.8818506913301261,-0.0055329706810796,,0.9304530538093756,0.0033826218442498,0.0033826218442498,0.8504452861091207,0.7402885682574917,0.5732703051138806,0.6461612981351417,0.3176439106464386,-1.4394521713256836e-05,-0.000307093868359,0.3176439106464386,0.8504452861091207,-0.000307093868359
adult,iid,20,2025,3,0,0.9822960384890982,0.0002763844815232,0.8787007071796715,0.0017813213831263,0.8332320914433274,0.0009212996223224,0.8019837155936584,0.016884296846789,,0.9356645967140084,0.0017418980651426,0.0017418980651426,0.8540280479066434,0.7487575924903368,0.5827245380318006,0.6553890768487192,0.3130442500114441,-9.340047836303712e-05,0.0007165523595045,0.3130442500114441,0.8540280479066434,0.0007165523595045
adult,iid,20,2025,3,1,0.9822960384890982,-0.0002538642645101,0.8787007071796715,-0.0001053345369431,0.8332320914433274,-0.0004534362673709,0.8019837155936584,-0.0108096774569304,,0.9356645967140084,0.0002789804869228,0.0002789804869228,0.8540280479066434,0.7487575924903368,0.5827245380318006,0.6553890768487192,0.3130442500114441,0.0001367926597595,0.0001023646227863,0.3130442500114441,0.8540280479066434,0.0001023646227863
adult,iid,20,2025,3,2,0.9822960384890982,0.0004770191421844,0.8787007071796715,0.0043451143250977,0.8332320914433274,0.002755242614419,0.8019837155936584,-0.0311069435869959,,0.9356645967140084,0.0031176005088764,0.0031176005088764,0.8540280479066434,0.7487575924903368,0.5827245380318006,0.6553890768487192,0.3130442500114441,5.802512168884277e-05,0.0002047292455726,0.3130442500114441,0.8540280479066434,0.0002047292455726
adult,iid,20,2025,3,3,0.9822960384890982,-2.3543863240882423e-05,0.8787007071796715,0.000643153222837,0.8332320914433274,0.0001530690341343,0.8019837155936584,0.01291220631574,,0.9356645967140084,-3.271412336358637e-05,3.271412336358637e-05,0.8540280479066434,0.7487575924903368,0.5827245380318006,0.6553890768487192,0.3130442500114441,0.0001593828201293,0.000307093868359,0.3130442500114441,0.8540280479066434,0.000307093868359
adult,iid,20,2025,3,4,0.9822960384890982,0.0006039512744395,0.8787007071796715,0.0034308582950468,0.8332320914433274,0.0058137378795908,0.8019837155936584,0.0153292408764222,,0.9356645967140084,0.0053720375747542,0.0053720375747542,0.8540280479066434,0.7487575924903368,0.5827245380318006,0.6553890768487192,0.3130442500114441,-0.0003456473350524,0.0005118231139318,0.3130442500114441,0.8540280479066434,0.0005118231139318
adult,iid,20,2025,3,5,0.9822960384890982,0.0001115774388371,0.8787007071796715,-0.0019947364654123,0.8332320914433274,-0.0009270704573548,0.8019837155936584,0.0041875851786272,,0.9356645967140084,-0.0019336634175795,0.0019336634175795,0.8540280479066434,0.7487575924903368,0.5827245380318006,0.6553890768487192,0.3130442500114441,-0.0003099739551544,0.000307093868359,0.3130442500114441,0.8540280479066434,0.000307093868359
adult,iid,20,2025,3,6,0.9822960384890982,-0.000209847476712,0.8787007071796715,-0.0011265895341687,0.8332320914433274,-0.00153357575886,0.8019837155936584,0.0365234306747894,,0.9356645967140084,-0.0019070807095562,0.0019070807095562,0.8540280479066434,0.7487575924903368,0.5827245380318006,0.6553890768487192,0.3130442500114441,-0.0001353919506072,0.0005118231139318,0.3130442500114441,0.8540280479066434,0.0005118231139318
adult,iid,20,2025,3,7,0.9822960384890982,0.0001596888115467,0.8787007071796715,0.0006285335793837,0.8332320914433274,-0.0010685978214246,0.8019837155936584,0.0367156286037109,,0.9356645967140084,-0.0002562695003676,0.0002562695003676,0.8540280479066434,0.7487575924903368,0.5827245380318006,0.6553890768487192,0.3130442500114441,0.0001094341278076,0.0002047292455726,0.3130442500114441,0.8540280479066434,0.0002047292455726
adult,iid,20,2025,3,8,0.9822960384890982,5.630054253247252e-05,0.8787007071796715,-0.0021488248577654,0.8332320914433274,-0.0003090234857848,0.8019837155936584,0.0124695686612539,,0.9356645967140084,-0.00215786646086,0.00215786646086,0.8540280479066434,0.7487575924903368,0.5827245380318006,0.6553890768487192,0.3130442500114441,0.0002624690532684,0.0009212816050772,0.3130442500114441,0.8540280479066434,0.0009212816050772
adult,iid,20,2025,3,9,0.9822960384890982,0.0005752891800594,0.8787007071796715,0.0065951282954483,0.8332320914433274,0.0025992881627685,0.8019837155936584,0.0121434146000534,,0.9356645967140084,0.0027693200537586,0.0027693200537586,0.8540280479066434,0.7487575924903368,0.5827245380318006,0.6553890768487192,0.3130442500114441,-0.0001236200332641,0.0008189169822908,0.3130442500114441,0.8540280479066434,0.0008189169822908
adult,iid,20,2025,3,10,0.9822960384890982,-0.0005353669771727,0.8787007071796715,-0.004096797618793,0.8332320914433274,-0.0047451400581662,0.8019837155936584,-0.0224405642465261,,0.9356645967140084,-0.0046990274565965,0.0046990274565965,0.8540280479066434,0.7487575924903368,0.5827245380318006,0.6553890768487192,0.3130442500114441,0.0002978444099426,0.0007165523595045,0.3130442500114441,0.8540280479066434,0.0007165523595045
adult,iid,20,2025,3,11,0.9822960384890982,0.0003326850240557,0.8787007071796715,0.0057095822096546,0.8332320914433274,0.0015220340887954,0.8019837155936584,0.0020734079604887,,0.9356645967140084,0.0022363297603403,0.0022363297603403,0.8540280479066434,0.7487575924903368,0.5827245380318006,0.6553890768487192,0.3130442500114441,-0.0002631843090057,0.0005118231139318,0.3130442500114441,0.8540280479066434,0.0005118231139318
adult,iid,20,2025,3,12,0.9822960384890982,0.000164807042686,0.8787007071796715,0.0003126045171625,0.8332320914433274,-0.0003090234857848,0.8019837155936584,-0.01349462428217,,0.9356645967140084,-0.0004581222828858,0.0004581222828858,0.8540280479066434,0.7487575924903368,0.5827245380318006,0.6553890768487192,0.3130442500114441,1.5109777450561523e-05,0.0005118231139318,0.3130442500114441,0.8540280479066434,0.0005118231139318
adult,iid,20,2025,3,13,0.9822960384890982,-0.0007902548879107,0.8787007071796715,-0.0043163478287359,0.8332320914433274,-0.0058252795496553,0.8019837155936584,0.0054456079861149,,0.9356645967140084,-0.0087273887821812,0.0087273887821812,0.8540280479066434,0.7487575924903368,0.5827245380318006,0.6553890768487192,0.3130442500114441,0.0003507435321807,0.0017401985873681,0.3130442500114441,0.8540280479066434,0.0017401985873681
adult,iid,20,2025,3,14,0.9822960384890982,-0.000697103081175,0.8787007071796715,-0.0045065908637806,0.8332320914433274,-0.0055162560638705,0.8019837155936584,0.0018753858519025,,0.9356645967140084,-0.0068546342235843,0.0068546342235843,0.8540280479066434,0.7487575924903368,0.5827245380318006,0.6553890768487192,0.3130442500114441,0.0003595352172851,0.0012283754734363,0.3130442500114441,0.8540280479066434,0.0012283754734363
adult,iid,20,2025,3,15,0.9822960384890982,0.0003224485617771,0.8787007071796715,0.0021708295698803,0.8332320914433274,0.0018397138271287,0.8019837155936584,-0.0160397907954668,,0.9356645967140084,0.002686060934014,0.002686060934014,0.8540280479066434,0.7487575924903368,0.5827245380318006,0.6553890768487192,0.3130442500114441,-6.55055046081543e-05,0.0009212816050772,0.3130442500114441,0.8540280479066434,0.0009212816050772
adult,iid,20,2025,3,16,0.9822960384890982,-0.0002108711229399,0.8787007071796715,0.0004325373547734,0.8332320914433274,-0.0021458518953977,0.8019837155936584,0.0221901245209608,,0.9356645967140084,-0.0026315599228913,0.0026315599228913,0.8540280479066434,0.7487575924903368,0.5827245380318006,0.6553890768487192,0.3130442500114441,0.0001671910285949,0.0005118231139318,0.3130442500114441,0.8540280479066434,0.0005118231139318
adult,iid,20,2025,3,17,0.9822960384890982,-0.0002763844815231,0.8787007071796715,-0.0030880471663301,0.8332320914433274,-0.0015249195063117,0.8019837155936584,0.0049389043553214,,0.9356645967140084,-0.0010601361119793,0.0010601361119793,0.8540280479066434,0.7487575924903368,0.5827245380318006,0.6553890768487192,0.3130442500114441,-0.0001038312911987,0.0002047292455726,0.3130442500114441,0.8540280479066434,0.0002047292455726
adult,iid,20,2025,3,18,0.9822960384890982,-0.0003521343023851,0.8787007071796715,-0.0034053134487765,0.8332320914433274,-0.0010657124039085,0.8019837155936584,0.0137741849060557,,0.9356645967140084,-0.0007306106286752,0.0007306106286752,0.8540280479066434,0.7487575924903368,0.5827245380318006,0.6553890768487192,0.3130442500114441,0.0002161860466003,0.0005118231139318,0.3130442500114441,0.8540280479066434,0.0005118231139318
adult,iid,20,2025,3,19,0.9822960384890982,3.480397174737693e-05,0.8787007071796715,0.0009415900971379,0.8332320914433274,-0.001677988540446,0.8019837155936584,0.0187829794173488,,0.9356645967140084,-0.0015976457931419,0.0015976457931419,0.8540280479066434,0.7487575924903368,0.5827245380318006,0.6553890768487192,0.3130442500114441,1.704692840576172e-05,0.0007165523595045,0.3130442500114441,0.8540280479066434,0.0007165523595045
adult,iid,20,2025,4,0,0.9823287951683898,-2.456750946877584e-05,0.8887688984881209,-0.0013198944084473,0.8399757851977891,0.0013862775597579,0.8609768314132955,0.0138557234213561,,0.944908480511666,0.0050924534523055,0.0050924534523055,0.8531067663015662,0.7511261261261262,0.5732703051138806,0.6502559103095296,0.3100631535053253,-7.31348991394043e-05,-0.0,0.3100631535053253,0.8531067663015662,-0.0
adult,iid,20,2025,4,1,0.9823287951683898,-0.0003275667929163,0.8887688984881209,0.0004927057285908,0.8399757851977891,0.0015364611763761,0.8609768314132955,0.0216950692494961,,0.944908480511666,0.003275039710354,0.003275039710354,0.8531067663015662,0.7511261261261262,0.5732703051138806,0.6502559103095296,0.3100631535053253,0.0001016557216644,-0.0008189169822908,0.3100631535053253,0.8531067663015662,-0.0008189169822908
adult,iid,20,2025,4,2,0.9823287951683898,0.0002313440474971,0.8887688984881209,0.0025197984161267,0.8399757851977891,0.004141520174177,0.8609768314132955,-0.0023005509673961,,0.944908480511666,0.0083526099123136,0.0083526099123136,0.8531067663015662,0.7511261261261262,0.5732703051138806,0.6502559103095296,0.3100631535053253,0.000121384859085,-0.0,0.3100631535053253,0.8531067663015662,-0.0
adult,iid,20,2025,4,3,0.9823287951683898,-8.189169822914177e-05,0.8887688984881209,0.0014263669944196,0.8399757851977891,0.0009212996223224,0.8609768314132955,-0.0033197824086477,,0.944908480511666,0.002312121869669,0.002312121869669,0.8531067663015662,0.7511261261261262,0.5732703051138806,0.6502559103095296,0.3100631535053253,0.0002056062221527,-0.0001023646227863,0.3100631535053253,0.8531067663015662,-0.0001023646227863
adult,iid,20,2025,4,4,0.9823287951683898,0.0005507216705906,0.8887688984881209,0.0045129675032179,0.8399757851977891,0.0059610360786929,0.8609768314132955,0.0024869247166534,,0.944908480511666,0.0072858973659271,0.0072858973659271,0.8531067663015662,0.7511261261261262,0.5732703051138806,0.6502559103095296,0.3100631535053253,-0.0002495348453521,-0.0012283754734363,0.3100631535053253,0.8531067663015662,-0.0012283754734363
adult,iid,20,2025,4,5,0.9823287951683898,0.0001361449483058,0.8887688984881209,-0.001066694935616,0.8399757851977891,-0.0006324740591505,0.8609768314132955,0.0260748523570457,,0.944908480511666,-0.0018014713290495,0.0018014713290495,0.8531067663015662,0.7511261261261262,0.5732703051138806,0.6502559103095296,0.3100631535053253,-0.000256061553955,0.0001023646227864,0.3100631535053253,0.8531067663015662,0.0001023646227864
adult,iid,20,2025,4,6,0.9823287951683898,-0.000164807042686,0.8887688984881209,-0.0010260409530591,0.8399757851977891,0.0004534362673708,0.8609768314132955,0.0137567123670629,,0.944908480511666,6.131415340115964e-06,6.131415340115964e-06,0.8531067663015662,0.7511261261261262,0.5732703051138806,0.6502559103095296,0.3100631535053253,-9.733438491821288e-05,-0.0005118231139317,0.3100631535053253,0.8531067663015662,-0.0005118231139317
adult,iid,20,2025,4,7,0.9823287951683898,0.0004268604770191,0.8887688984881209,0.0024680220323639,0.8399757851977891,0.0030758077702683,0.8609768314132955,0.0198196833975936,,0.944908480511666,0.0076219992836383,0.0076219992836383,0.8531067663015662,0.7511261261261262,0.5732703051138806,0.6502559103095296,0.3100631535053253,4.354119300842285e-05,0.0005118231139318,0.3100631535053253,0.8531067663015662,0.0005118231139318
adult,iid,20,2025,4,8,0.9823287951683898,-0.0002139420616235,0.8887688984881209,-0.0025328411639486,0.8399757851977891,0.0004707487724676,0.8609768314132955,0.0123589092476326,,0.944908480511666,0.0038165054062582,0.0038165054062582,0.8531067663015662,0.7511261261261262,0.5732703051138806,0.6502559103095296,0.3100631535053253,0.0002663433551788,-0.0001023646227863,0.3100631535053253,0.8531067663015662,-0.0001023646227863
adult,iid,20,2025,4,9,0.9823287951683898,0.0006510390009212,0.8887688984881209,0.0069017530662178,0.8399757851977891,0.0050455072914026,0.8609768314132955,-0.0013337371431232,,0.944908480511666,0.0051655408486948,0.0051655408486948,0.8531067663015662,0.7511261261261262,0.5732703051138806,0.6502559103095296,0.3100631535053253,-7.414817810058594e-05,-0.0021496570785136,0.3100631535053253,0.8531067663015662,-0.0021496570785136
adult,iid,20,2025,4,10,0.9823287951683898,-0.0008199406285187,0.8887688984881209,-0.0041868197406081,0.8399757851977891,-0.0035205877850912,0.8609768314132955,-0.0262932590944564,,0.944908480511666,-0.0042370334522425,0.0042370334522425,0.8531067663015662,0.7511261261261262,0.5732703051138806,0.6502559103095296,0.3100631535053253,0.0003239810466766,0.0001023646227864,0.3100631535053253,0.8531067663015662,0.0001023646227864
adult,iid,20,2025,4,11,0.9823287951683898,0.0003265431466884,0.8887688984881209,0.0066838176013623,0.8399757851977891,0.0025790902401555,0.8609768314132955,0.0228016633857122,,0.944908480511666,0.0031178874493595,0.0031178874493595,0.8531067663015662,0.7511261261261262,0.5732703051138806,0.6502559103095296,0.3100631535053253,-0.0002596974372863,-0.00112601085065,0.3100631535053253,0.8531067663015662,-0.00112601085065
adult,iid,20,2025,4,12,0.9823287951683898,2.7638448152345063e-05,0.8887688984881209,0.0008926543341456,0.8399757851977891,0.0018397138271287,0.8609768314132955,0.0099709955852718,,0.944908480511666,0.0022693203162237,0.0022693203162237,0.8531067663015662,0.7511261261261262,0.5732703051138806,0.6502559103095296,0.3100631535053253,7.036328315734863e-05,-0.0005118231139317,0.3100631535053253,0.8531067663015662,-0.0005118231139317
adult,iid,20,2025,4,13,0.9823287951683898,-0.0005077285290203,0.8887688984881209,-0.0038695066998218,0.8399757851977891,-0.0018397138271288,0.8609768314132955,0.0352304627893163,,0.944908480511666,-0.0024118762673551,0.0024118762673551,0.8531067663015662,0.7511261261261262,0.5732703051138806,0.6502559103095296,0.3100631535053253,0.0002028048038482,0.0007165523595046,0.3100631535053253,0.8531067663015662,0.0007165523595046
adult,iid,20,2025,4,14,0.9823287951683898,-0.0007237178830996,0.8887688984881209,-0.003904083883866,0.8399757851977891,-0.0022902646769837,0.8609768314132955,0.0265058416522032,,0.944908480511666,-5.215702397687316e-05,5.215702397687316e-05,0.8531067663015662,0.7511261261261262,0.5732703051138806,0.6502559103095296,0.3100631535053253,0.0002456903457641,-0.0005118231139317,0.3100631535053253,0.8531067663015662,-0.0005118231139317
adult,iid,20,2025,4,15,0.9823287951683898,0.0001453577643566,0.8887688984881209,0.0022636252378812,0.8399757851977891,0.0041357493391447,0.8609768314132955,-0.002912089832147,,0.944908480511666,0.0053425072440592,0.0053425072440592,0.8531067663015662,0.7511261261261262,0.5732703051138806,0.6502559103095296,0.3100631535053253,-1.3262033462524414e-05,-0.0010236462278635,0.3100631535053253,0.8531067663015662,-0.0010236462278635
adult,iid,20,2025,4,16,0.9823287951683898,-5.015866516533407e-05,0.8887688984881209,-0.0005596386821429,0.8399757851977891,0.0006122761365374,0.8609768314132955,0.0187655068783563,,0.944908480511666,0.0011521470667297,0.0011521470667297,0.8531067663015662,0.7511261261261262,0.5732703051138806,0.6502559103095296,0.3100631535053253,8.577108383178711e-05,-0.0006141877367181,0.3100631535053253,0.8531067663015662,-0.0006141877367181
adult,iid,20,2025,4,17,0.9823287951683898,-9.929368410277473e-05,0.8887688984881209,-0.0028927691783458,0.8399757851977891,-0.0001530690341344,0.8609768314132955,0.0045253875991568,,0.944908480511666,-0.0001098418277679,0.0001098418277679,0.8531067663015662,0.7511261261261262,0.5732703051138806,0.6502559103095296,0.3100631535053253,-0.0001507103443145,-0.0001023646227863,0.3100631535053253,0.8531067663015662,-0.0001023646227863
adult,iid,20,2025,4,18,0.9823287951683898,-0.0003285904391442,0.8887688984881209,-0.0038010210893607,0.8399757851977891,-0.0004476654323387,0.8609768314132955,0.0380959591841487,,0.944908480511666,0.0024446746839924,0.0024446746839924,0.8531067663015662,0.7511261261261262,0.5732703051138806,0.6502559103095296,0.3100631535053253,0.0002297759056091,0.0003070938683591,0.3100631535053253,0.8531067663015662,0.0003070938683591
adult,iid,20,2025,4,19,0.9823287951683898,0.0001289794247107,0.8887688984881209,0.000853381867456,0.8399757851977891,-0.0001472981991021,0.8609768314132955,0.0434716770142928,,0.944908480511666,0.0020558523693015,0.0020558523693015,0.8531067663015662,0.7511261261261262,0.5732703051138806,0.6502559103095296,0.3100631535053253,-4.023313522338867e-06,0.0001023646227864,0.3100631535053253,0.8531067663015662,0.0001023646227864
adult,iid,20,2025,5,0,0.9839697000716552,-3.787491043105717e-05,0.8991737516465094,-0.0001076854792391,0.8389043019588485,0.0016895302105106,0.8619319968782397,0.0063192349357592,,0.9438435485794224,0.0028146577335957,0.0028146577335957,0.8548469648889344,0.754907459338194,0.578427159432746,0.6549878345498783,0.3075392842292785,-0.0001053810119628,0.0001023646227863,0.3075392842292785,0.8548469648889344,0.0001023646227863
adult,iid,20,2025,5,1,0.9839697000716552,-4.913501893755168e-05,0.8991737516465094,-0.0005386854491052,0.8389043019588485,-0.000147298199102,0.8619319968782397,-0.0215552889375532,,0.9438435485794224,0.0003561081913273,0.0003561081913273,0.8548469648889344,0.754907459338194,0.578427159432746,0.6549878345498783,0.3075392842292785,0.0001188516616821,0.0005118231139318,0.3075392842292785,0.8548469648889344,0.0005118231139318
adult,iid,20,2025,5,2,0.9839697000716552,0.000307093868359,0.8991737516465094,0.0008503983530961,0.8389043019588485,2.885417516140798e-06,0.8619319968782397,0.0022015399131034,,0.9438435485794224,0.0010828470985346,0.0010828470985346,0.8548469648889344,0.754907459338194,0.578427159432746,0.6549878345498783,0.3075392842292785,0.0001061856746673,0.0001023646227863,0.3075392842292785,0.8548469648889344,0.0001023646227863
adult,iid,20,2025,5,3,0.9839697000716552,-8.18916982292528e-06,0.8991737516465094,0.0001318354788446,0.8389043019588485,-0.0003090234857849,0.8619319968782397,-0.0185907814884274,,0.9438435485794224,0.0012416218950881,0.0012416218950881,0.8548469648889344,0.754907459338194,0.578427159432746,0.6549878345498783,0.3075392842292785,0.0002020001411437,0.0001023646227863,0.3075392842292785,0.8548469648889344,0.0001023646227863
adult,iid,20,2025,5,4,0.9839697000716552,0.0009110451427986,0.8991737516465094,0.0024567614715752,0.8389043019588485,0.0045891856065156,0.8619319968782397,0.0055912124777224,,0.9438435485794224,0.005337711423795,0.005337711423795,0.8548469648889344,0.754907459338194,0.578427159432746,0.6549878345498783,0.3075392842292785,-0.0002126097679138,0.0005118231139318,0.3075392842292785,0.8548469648889344,0.0005118231139318
adult,iid,20,2025,5,5,0.9839697000716552,0.0001207902548878,0.8991737516465094,-0.0038935860002675,0.8389043019588485,-0.0007768868407365,0.8619319968782397,0.0065813230206526,,0.9438435485794224,-0.0002199600880558,0.0002199600880558,0.8548469648889344,0.754907459338194,0.578427159432746,0.6549878345498783,0.3075392842292785,-0.0001468062400817,0.0005118231139318,0.3075392842292785,0.8548469648889344,0.0005118231139318
adult,iid,20,2025,5,6,0.9839697000716552,-0.0001934691370663,0.8991737516465094,-0.0014250507487002,0.8389043019588485,0.0006151615540537,0.8619319968782397,-0.0269543034863539,,0.9438435485794224,0.0018073263118698,0.0018073263118698,0.8548469648889344,0.754907459338194,0.578427159432746,0.6549878345498783,0.3075392842292785,-4.351139068603516e-05,0.0001023646227863,0.3075392842292785,0.8548469648889344,0.0001023646227863
adult,iid,20,2025,5,7,0.9839697000716552,-1.5354693417957144e-05,0.8991737516465094,0.0003727924138954,0.8389043019588485,0.0010830249090052,0.8619319968782397,-0.0024112103810178,,0.9438435485794224,0.0065149134642261,0.0065149134642261,0.8548469648889344,0.754907459338194,0.578427159432746,0.6549878345498783,0.3075392842292785,-2.047419548034668e-05,0.00112601085065,0.3075392842292785,0.8548469648889344,0.00112601085065
adult,iid,20,2025,5,8,0.9839697000716552,-0.0003326850240557,0.8991737516465094,-0.0014376858310113,0.8389043019588485,-0.0006122761365375,0.8619319968782397,-0.0091031928152918,,0.9438435485794224,-2.26266932817909e-05,2.26266932817909e-05,0.8548469648889344,0.754907459338194,0.578427159432746,0.6549878345498783,0.3075392842292785,0.0001815557479858,0.0010236462278636,0.3075392842292785,0.8548469648889344,0.0010236462278636
adult,iid,20,2025,5,9,0.9839697000716552,0.0004514279864877,0.8991737516465094,0.005016663523904,0.8389043019588485,0.0018339429920966,0.8619319968782397,-0.0304954047222447,,0.9438435485794224,0.0039198550928924,0.0039198550928924,0.8548469648889344,0.754907459338194,0.578427159432746,0.6549878345498783,0.3075392842292785,-9.500980377197266e-05,-0.0001023646227863,0.3075392842292785,0.8548469648889344,-0.0001023646227863
adult,iid,20,2025,5,10,0.9839697000716552,-0.0007073395434538,0.8991737516465094,-0.0071174406842275,0.8389043019588485,-0.0041299785041124,0.8619319968782397,0.0042807720532562,,0.9438435485794224,-0.0041637774693061,0.0041637774693061,0.8548469648889344,0.754907459338194,0.578427159432746,0.6549878345498783,0.3075392842292785,0.0003152191638946,0.0006141877367181,0.3075392842292785,0.8548469648889344,0.0006141877367181
adult,iid,20,2025,5,11,0.9839697000716552,0.0008178933360629,0.8991737516465094,0.0051237097453959,0.8389043019588485,0.001819515904516,0.8619319968782397,0.0245314447460074,,0.9438435485794224,0.0010497722493777,0.0010497722493777,0.8548469648889344,0.754907459338194,0.578427159432746,0.6549878345498783,0.3075392842292785,-0.0002923011779785,-0.0002047292455726,0.3075392842292785,0.8548469648889344,-0.0002047292455726
adult,iid,20,2025,5,12,0.9839697000716552,-8.700992936849783e-05,0.8991737516465094,-0.0023831345810355,0.8389043019588485,-0.0007595743356396,0.8619319968782397,0.0091323137136134,,0.9438435485794224,-8.325911974471634e-05,8.325911974471634e-05,0.8548469648889344,0.754907459338194,0.578427159432746,0.6549878345498783,0.3075392842292785,8.38935375213623e-05,0.0001023646227863,0.3075392842292785,0.8548469648889344,0.0001023646227863
adult,iid,20,2025,5,13,0.9839697000716552,-0.0003357559627393,0.8991737516465094,-0.0044233706556489,0.8389043019588485,-0.00153357575886,0.8619319968782397,0.002096704679146,,0.9438435485794224,-0.0023347485629507,0.0023347485629507,0.8548469648889344,0.754907459338194,0.578427159432746,0.6549878345498783,0.3075392842292785,0.0001867115497589,0.00112601085065,0.3075392842292785,0.8548469648889344,0.00112601085065
adult,iid,20,2025,5,14,0.9839697000716552,-0.0003521343023851,0.8991737516465094,-0.0033792868288592,0.8389043019588485,-0.0042917037907952,0.8619319968782397,-0.0023646169437034,,0.9438435485794224,-0.0051205638946509,0.0051205638946509,0.8548469648889344,0.754907459338194,0.578427159432746,0.6549878345498783,0.3075392842292785,0.0002597570419311,0.0008189169822909,0.3075392842292785,0.8548469648889344,0.0008189169822909
adult,iid,20,2025,5,15,0.9839697000716552,0.0004473334015763,0.8991737516465094,0.0014492007483057,0.8389043019588485,0.0007711160057042,0.8619319968782397,-3.494507798573743e-05,,0.9438435485794224,0.0017279389135931,0.0017279389135931,0.8548469648889344,0.754907459338194,0.578427159432746,0.6549878345498783,0.3075392842292785,-0.0001057684421539,0.0001023646227863,0.3075392842292785,0.8548469648889344,0.0001023646227863
adult,iid,20,2025,5,16,0.9839697000716552,-6.551335858329121e-05,0.8991737516465094,-0.0023968034428084,0.8389043019588485,-0.0018368284096127,0.8619319968782397,-0.0096331931647426,,0.9438435485794224,-5.695284424112046e-05,5.695284424112046e-05,0.8548469648889344,0.754907459338194,0.578427159432746,0.6549878345498783,0.3075392842292785,4.798173904418945e-05,0.0010236462278636,0.3075392842292785,0.8548469648889344,0.0010236462278636
adult,iid,20,2025,5,17,0.9839697000716552,6.346606612750438e-05,0.8991737516465094,-0.002251568751143,0.8389043019588485,-0.0006122761365375,0.8619319968782397,-0.0266223252454893,,0.9438435485794224,-0.0008670351644666,0.0008670351644666,0.8548469648889344,0.754907459338194,0.578427159432746,0.6549878345498783,0.3075392842292785,-8.189678192138672e-05,0.0002047292455727,0.3075392842292785,0.8548469648889344,0.0002047292455727
adult,iid,20,2025,5,18,0.9839697000716552,-0.0003848909816768,0.8991737516465094,-0.006757943979614,0.8389043019588485,-0.0015191486712794,0.8619319968782397,-0.0239548509592422,,0.9438435485794224,0.0009630021339586,0.0009630021339586,0.8548469648889344,0.754907459338194,0.578427159432746,0.6549878345498783,0.3075392842292785,0.0003103613853454,0.0006141877367181,0.3075392842292785,0.8548469648889344,0.0006141877367181
adult,iid,20,2025,5,19,0.9839697000716552,-9.929368410277473e-05,0.8991737516465094,0.0014859596254239,0.8389043019588485,-0.0009184142048064,0.8619319968782397,-0.0241121038101783,,0.9438435485794224,4.280155344527081e-05,4.280155344527081e-05,0.8548469648889344,0.754907459338194,0.578427159432746,0.6549878345498783,0.3075392842292785,-2.264976501464844e-05,0.0004094584911454,0.3075392842292785,0.8548469648889344,0.0004094584911454
adult,iid,20,2025,6,0,0.98472924557273,-9.929368410277473e-05,0.9091889301545466,0.0002287001593381,0.8436523274345309,0.000765345170672,0.8011450337220003,-0.0337860662325708,,0.9494828671834225,0.0023915092679456,0.0023915092679456,0.8544375063977889,0.7578347578347578,0.5715513536742587,0.651641352278295,0.3059013783931732,-7.420778274536133e-06,-0.0001023646227863,0.3059013783931732,0.8544375063977889,-0.0001023646227863
adult,iid,20,2025,6,1,0.98472924557273,-0.0001504759954958,0.9091889301545466,0.0003375707103018,0.8436523274345309,-0.0013747358896933,0.8011450337220003,-0.0364011229018392,,0.9494828671834225,-0.001748029480483,0.001748029480483,0.8544375063977889,0.7578347578347578,0.5715513536742587,0.651641352278295,0.3059013783931732,3.382563591003418e-05,-0.0002047292455726,0.3059013783931732,0.8544375063977889,-0.0002047292455726
adult,iid,20,2025,6,2,0.98472924557273,0.0001156720237486,0.9091889301545466,0.0010562196502945,0.8436523274345309,0.0013805067247256,0.8011450337220003,-0.021794080303789,,0.9494828671834225,0.002926759255236,0.002926759255236,0.8544375063977889,0.7578347578347578,0.5715513536742587,0.651641352278295,0.3059013783931732,7.846951484680176e-05,-0.0002047292455726,0.3059013783931732,0.8544375063977889,-0.0002047292455726
adult,iid,20,2025,6,3,0.98472924557273,2.7638448152345063e-05,0.9091889301545466,0.0010122271735817,0.8436523274345309,0.0,0.8011450337220003,-0.0245081480273503,,0.9494828671834225,0.0004276678533945,0.0004276678533945,0.8544375063977889,0.7578347578347578,0.5715513536742587,0.651641352278295,0.3059013783931732,0.0001855194568634,-0.0006141877367181,0.3059013783931732,0.8544375063977889,-0.0006141877367181
adult,iid,20,2025,6,4,0.98472924557273,0.0005087521752482,0.9091889301545466,0.0034630077779294,0.8436523274345309,0.002729273856774,0.8011450337220003,-0.0307341960884808,,0.9494828671834225,-0.0013971621284868,0.0013971621284868,0.8544375063977889,0.7578347578347578,0.5715513536742587,0.651641352278295,0.3059013783931732,-0.0001998841762542,-0.0001023646227863,0.3059013783931732,0.8544375063977889,-0.0001023646227863
adult,iid,20,2025,6,5,0.98472924557273,0.0001156720237486,0.9091889301545466,0.0001415964217724,0.8436523274345309,-0.0003234505733655,0.8011450337220003,-0.0234132022504631,,0.9494828671834225,-0.003185649175269,0.003185649175269,0.8544375063977889,0.7578347578347578,0.5715513536742587,0.651641352278295,0.3059013783931732,-0.0001531839370727,0.0002047292455726,0.3059013783931732,0.8544375063977889,0.0002047292455726
adult,iid,20,2025,6,6,0.98472924557273,-0.0001013409765584,0.9091889301545466,-0.0006098240380744,0.8436523274345309,-0.0001530690341343,0.8011450337220003,-0.0397267294901511,,0.9494828671834225,-0.000109841827768,0.000109841827768,0.8544375063977889,0.7578347578347578,0.5715513536742587,0.651641352278295,0.3059013783931732,-8.732080459594727e-06,-0.0001023646227863,0.3059013783931732,0.8544375063977889,-0.0001023646227863
adult,iid,20,2025,6,7,0.98472924557273,0.0001709489200533,0.9091889301545466,-0.0003051959543002,0.8436523274345309,0.0013891629772742,0.8011450337220003,-0.0322193619028758,,0.9494828671834225,0.0044755563728662,0.0044755563728662,0.8544375063977889,0.7578347578347578,0.5715513536742587,0.651641352278295,0.3059013783931732,-0.0001064538955688,0.0005118231139318,0.3059013783931732,0.8544375063977889,0.0005118231139318
adult,iid,20,2025,6,8,0.98472924557273,-0.0002200839389906,0.9091889301545466,0.0001089109882792,0.8436523274345309,-0.0009097579522578,0.8011450337220003,-0.0259758413027524,,0.9494828671834225,0.0010323021021536,0.0010323021021536,0.8544375063977889,0.7578347578347578,0.5715513536742587,0.651641352278295,0.3059013783931732,0.0002207458019256,-0.0001023646227863,0.3059013783931732,0.8544375063977889,-0.0001023646227863
adult,iid,20,2025,6,9,0.98472924557273,0.0005435561469956,0.9091889301545466,0.0042673638750591,0.8436523274345309,0.0027610134494514,0.8011450337220003,-0.0261971601299957,,0.9494828671834225,0.0044388862347611,0.0044388862347611,0.8544375063977889,0.7578347578347578,0.5715513536742587,0.651641352278295,0.3059013783931732,-9.900331497192384e-05,-0.0004094584911454,0.3059013783931732,0.8544375063977889,-0.0004094584911454
adult,iid,20,2025,6,10,0.98472924557273,-0.0006919848500357,0.9091889301545466,-0.0045215204686557,0.8436523274345309,-0.0047393692231338,0.8011450337220003,-0.0309729874547168,,0.9494828671834225,-0.0063495622332654,0.0063495622332654,0.8544375063977889,0.7578347578347578,0.5715513536742587,0.651641352278295,0.3059013783931732,0.0004921853542327,0.0003070938683591,0.3059013783931732,0.8544375063977889,0.0003070938683591
adult,iid,20,2025,6,11,0.98472924557273,0.0006612754631999,0.9091889301545466,0.0049348858166197,0.8436523274345309,0.0021256539727847,0.8011450337220003,-0.0534310242402358,,0.9494828671834225,0.0011268999537823,0.0011268999537823,0.8544375063977889,0.7578347578347578,0.5715513536742587,0.651641352278295,0.3059013783931732,-0.0003195405006408,0.0002047292455726,0.3059013783931732,0.8544375063977889,0.0002047292455726
adult,iid,20,2025,6,12,0.98472924557273,0.0001699252738254,0.9091889301545466,0.0006099701737174,0.8436523274345309,0.000620932389086,0.8011450337220003,-0.0403207958159093,,0.9494828671834225,0.0012863119086489,0.0012863119086489,0.8544375063977889,0.7578347578347578,0.5715513536742587,0.651641352278295,0.3059013783931732,0.0001007616519927,0.0001023646227863,0.3059013783931732,0.8544375063977889,0.0001023646227863
adult,iid,20,2025,6,13,0.98472924557273,-0.0002364622786364,0.9091889301545466,-0.0022125804556919,0.8436523274345309,-0.0015364611763761,0.8011450337220003,-0.0328949667439339,,0.9494828671834225,-0.0045471160349334,0.0045471160349334,0.8544375063977889,0.7578347578347578,0.5715513536742587,0.651641352278295,0.3059013783931732,0.0002358257770538,0.0006141877367181,0.3059013783931732,0.8544375063977889,0.0006141877367181
adult,iid,20,2025,6,14,0.98472924557273,-0.0003204012693213,0.9091889301545466,-0.0018635752398432,0.8436523274345309,-0.0047566817282307,0.8011450337220003,-0.0409265105009959,,0.9494828671834225,-0.006343707250445,0.006343707250445,0.8544375063977889,0.7578347578347578,0.5715513536742587,0.651641352278295,0.3059013783931732,0.0002262592315673,0.0005118231139318,0.3059013783931732,0.8544375063977889,0.0005118231139318
adult,iid,20,2025,6,15,0.98472924557273,0.0002907155287132,0.9091889301545466,0.0035601876395765,0.8436523274345309,0.0041444055916932,0.8011450337220003,-0.0310836468683384,,0.9494828671834225,0.0068913043616893,0.0068913043616893,0.8544375063977889,0.7578347578347578,0.5715513536742587,0.651641352278295,0.3059013783931732,-0.0002318620681762,-0.0003070938683591,0.3059013783931732,0.8544375063977889,-0.0003070938683591
adult,iid,20,2025,6,16,0.98472924557273,-9.827003787488132e-05,0.9091889301545466,-0.0010352098430561,0.8436523274345309,-0.0013862775597579,0.8011450337220003,-0.029231557735093,,0.9494828671834225,-0.0025483008031466,0.0025483008031466,0.8544375063977889,0.7578347578347578,0.5715513536742587,0.651641352278295,0.3059013783931732,6.693601608276367e-05,0.0004094584911454,0.3059013783931732,0.8544375063977889,0.0004094584911454
adult,iid,20,2025,6,17,0.98472924557273,5.5276896304690126e-05,0.9091889301545466,-0.0032915877689637,0.8436523274345309,-0.0016924156280266,0.8011450337220003,-0.0248284779088865,,0.9494828671834225,-0.0030530963609457,0.0030530963609457,0.8544375063977889,0.7578347578347578,0.5715513536742587,0.651641352278295,0.3059013783931732,-2.03847885131836e-05,0.0006141877367181,0.3059013783931732,0.8544375063977889,0.0006141877367181
adult,iid,20,2025,6,18,0.98472924557273,-0.0002405568635479,0.9091889301545466,-0.0030938739197493,0.8436523274345309,-0.0007566889181235,0.8011450337220003,-0.0241936423254784,,0.9494828671834225,-0.0004150442969208,0.0004150442969208,0.8544375063977889,0.7578347578347578,0.5715513536742587,0.651641352278295,0.3059013783931732,0.0002516508102416,0.0002047292455726,0.3059013783931732,0.8544375063977889,0.0002047292455726
adult,iid,20,2025,6,19,0.98472924557273,6.653700481118463e-05,0.9091889301545466,0.0009474351856917,0.8436523274345309,-0.0018339429920966,0.8011450337220003,-0.0353294738436091,,0.9494828671834225,-0.000948034590339,0.000948034590339,0.8544375063977889,0.7578347578347578,0.5715513536742587,0.651641352278295,0.3059013783931732,3.129243850708008e-05,-0.0001023646227863,0.3059013783931732,0.8544375063977889,-0.0001023646227863
adult,iid,20,2025,7,0,0.9848551540587572,-0.0002037055993447,0.905868263473054,0.0008496983754374,0.8418183844424343,0.0003032526507527,0.8514280888536851,0.0076791808873721,,0.9482497206908204,0.0005514688327122,0.0005514688327122,0.8547446002661481,0.7564971751412429,0.5754189944134078,0.6536490114718086,0.3042277991771698,-3.147125244140625e-05,0.0001023646227864,0.3042277991771698,0.8547446002661481,0.0001023646227864
adult,iid,20,2025,7,1,0.9848551540587572,0.0001207902548879,0.905868263473054,0.001511069314567,0.8418183844424343,-0.000311908903301,0.8514280888536851,-0.008220829596151,,0.9482497206908204,0.0004438866988165,0.0004438866988165,0.8547446002661481,0.7564971751412429,0.5754189944134078,0.6536490114718086,0.3042277991771698,7.537007331848145e-05,-0.0004094584911453,0.3042277991771698,0.8547446002661481,-0.0004094584911453
adult,iid,20,2025,7,2,0.9848551540587572,9.62227454192055e-05,0.905868263473054,-0.0005651856703509,0.8418183844424343,0.0009212996223225,0.8514280888536851,0.0147526470896575,,0.9482497206908204,0.002027009967406,0.002027009967406,0.8547446002661481,0.7564971751412429,0.5754189944134078,0.6536490114718086,0.3042277991771698,8.636713027954102e-05,0.0003070938683591,0.3042277991771698,0.8547446002661481,0.0003070938683591
adult,iid,20,2025,7,3,0.9848551540587572,-8.291534445692417e-05,0.905868263473054,0.0016881221387623,0.8418183844424343,-0.0004649779374353,0.8514280888536851,-0.0175919346760005,,0.9482497206908204,-0.0029228875337681,0.0029228875337681,0.8547446002661481,0.7564971751412429,0.5754189944134078,0.6536490114718086,0.3042277991771698,0.0001446604728698,0.0001023646227864,0.3042277991771698,0.8547446002661481,0.0001023646227864
adult,iid,20,2025,7,4,0.9848551540587572,0.0006111167980346,0.905868263473054,0.0043467587408148,0.8418183844424343,0.0047278275530695,0.8514280888536851,-0.012827755710608,,0.9482497206908204,0.0041346586348908,0.0041346586348908,0.8547446002661481,0.7564971751412429,0.5754189944134078,0.6536490114718086,0.3042277991771698,-0.0002259016036987,0.0003070938683591,0.3042277991771698,0.8547446002661481,0.0003070938683591
adult,iid,20,2025,7,5,0.9848551540587572,0.0001637833964582,0.905868263473054,-0.0023622385037042,0.8418183844424343,-0.0013833921422417,0.8514280888536851,-0.0028625843050005,,0.9482497206908204,-0.0027375300291913,0.0027375300291913,0.8547446002661481,0.7564971751412429,0.5754189944134078,0.6536490114718086,0.3042277991771698,-8.040666580200195e-05,0.0003070938683591,0.3042277991771698,0.8547446002661481,0.0003070938683591
adult,iid,20,2025,7,6,0.9848551540587572,-6.141877367171755e-05,0.905868263473054,-0.0024710607541207,0.8418183844424343,0.0001501836166183,0.8514280888536851,0.0128277557106084,,0.9482497206908204,0.0001565151026812,0.0001565151026812,0.8547446002661481,0.7564971751412429,0.5754189944134078,0.6536490114718086,0.3042277991771698,-9.876489639282228e-05,0.0004094584911454,0.3042277991771698,0.8547446002661481,0.0004094584911454
adult,iid,20,2025,7,7,0.9848551540587572,4.913501893755168e-05,0.905868263473054,0.000644204043387,0.8418183844424343,0.0003119089033011,0.8514280888536851,-0.0046331349229458,,0.9482497206908204,0.0038000101283166,0.0038000101283166,0.8547446002661481,0.7564971751412429,0.5754189944134078,0.6536490114718086,0.3042277991771698,-7.081031799316406e-05,0.0004094584911454,0.3042277991771698,0.8547446002661481,0.0004094584911454
adult,iid,20,2025,7,8,0.9848551540587572,0.0,0.905868263473054,-0.0021667023992967,0.8418183844424343,-0.0013718504721772,0.8514280888536851,-0.0269630397558504,,0.9482497206908204,0.0007494498937627,0.0007494498937627,0.8547446002661481,0.7564971751412429,0.5754189944134078,0.6536490114718086,0.3042277991771698,0.0002500116825103,-0.0001023646227863,0.3042277991771698,0.8547446002661481,-0.0001023646227863
adult,iid,20,2025,7,9,0.9848551540587572,0.0004667826799058,0.905868263473054,0.0061674854957948,0.8418183844424343,0.0024462191286342,0.8514280888536851,-0.0134567671143517,,0.9482497206908204,0.0021001816570688,0.0021001816570688,0.8547446002661481,0.7564971751412429,0.5754189944134078,0.6536490114718086,0.3042277991771698,-3.3289194107055664e-05,-0.0005118231139318,0.3042277991771698,0.8547446002661481,-0.0005118231139318
adult,iid,20,2025,7,10,0.9848551540587572,-0.0003459924250178,0.905868263473054,-0.006414540601242,0.8418183844424343,-0.0042830475382468,0.8514280888536851,0.0178132535032442,,0.9482497206908204,-0.0056882515727851,0.0056882515727851,0.8547446002661481,0.7564971751412429,0.5754189944134078,0.6536490114718086,0.3042277991771698,0.0004704296588897,0.0005118231139318,0.3042277991771698,0.8547446002661481,0.0005118231139318
adult,iid,20,2025,7,11,0.9848551540587572,0.0006817483877572,0.905868263473054,0.0037242941354087,0.8418183844424343,0.0007480326655752,0.8514280888536851,0.0176181434844904,,0.9482497206908204,-0.0032611648520779,0.0032611648520779,0.8547446002661481,0.7564971751412429,0.5754189944134078,0.6536490114718086,0.3042277991771698,-0.0002095103263854,0.0001023646227864,0.3042277991771698,0.8547446002661481,0.0001023646227864
adult,iid,20,2025,7,12,0.9848551540587572,5.118231139356055e-06,0.905868263473054,-0.00021702641674,0.8418183844424343,-0.0001501836166182,0.8514280888536851,0.0082645109436336,,0.9482497206908204,0.0008304493196352,0.0008304493196352,0.8547446002661481,0.7564971751412429,0.5754189944134078,0.6536490114718086,0.3042277991771698,6.133317947387695e-05,0.0002047292455727,0.3042277991771698,0.8547446002661481,0.0002047292455727
adult,iid,20,2025,7,13,0.9848551540587572,-0.0002333913399528,0.905868263473054,-0.0025908786309479,0.8418183844424343,-0.0009299558748707,0.8514280888536851,0.0220124870412004,,0.9482497206908204,-0.0031590664672457,0.0031590664672457,0.8547446002661481,0.7564971751412429,0.5754189944134078,0.6536490114718086,0.3042277991771698,8.64863395690918e-05,0.0004094584911454,0.3042277991771698,0.8547446002661481,0.0004094584911454
adult,iid,20,2025,7,14,0.9848551540587572,-9.212816050763184e-05,0.905868263473054,-0.0027873093750245,0.8418183844424343,-0.0039884511400425,0.8514280888536851,-0.0162232524548915,,0.9482497206908204,-0.0065430239065714,0.0065430239065714,0.8547446002661481,0.7564971751412429,0.5754189944134078,0.6536490114718086,0.3042277991771698,0.000267207622528,-0.000307093868359,0.3042277991771698,0.8547446002661481,-0.000307093868359
adult,iid,20,2025,7,15,0.9848551540587572,0.0006858429726687,0.905868263473054,0.0050418171920622,0.8418183844424343,0.0036707714017094,0.8514280888536851,0.0064968724155205,,0.9482497206908204,0.0031214722303445,0.0031214722303445,0.8547446002661481,0.7564971751412429,0.5754189944134078,0.6536490114718086,0.3042277991771698,-0.0001898109912872,0.0001023646227864,0.3042277991771698,0.8547446002661481,0.0001023646227864
adult,iid,20,2025,7,16,0.9848551540587572,4.09458491146264e-05,0.905868263473054,-0.0006212001284786,0.8418183844424343,-0.0012303231081073,0.8514280888536851,-0.0037362112546446,,0.9482497206908204,-0.0036146526237397,0.0036146526237397,0.8547446002661481,0.7564971751412429,0.5754189944134078,0.6536490114718086,0.3042277991771698,3.489851951599121e-05,-0.0002047292455726,0.3042277991771698,0.8547446002661481,-0.0002047292455726
adult,iid,20,2025,7,17,0.9848551540587572,0.0002149657078514,0.905868263473054,-0.0011864736212088,0.8418183844424343,-0.0007711160057042,0.8514280888536851,0.0099913802140969,,0.9482497206908204,-0.0018704948647245,0.0018704948647245,0.8547446002661481,0.7564971751412429,0.5754189944134078,0.6536490114718086,0.3042277991771698,-4.398822784423828e-05,0.0001023646227864,0.3042277991771698,0.8547446002661481,0.0001023646227864
adult,iid,20,2025,7,18,0.9848551540587572,-0.0001013409765584,0.905868263473054,-0.0050406097157856,0.8418183844424343,-0.001677988540446,0.8514280888536851,0.0369136507122973,,0.9482497206908204,0.0003872102870953,0.0003872102870953,0.8547446002661481,0.7564971751412429,0.5754189944134078,0.6536490114718086,0.3042277991771698,0.0003068149089813,-0.0001023646227863,0.3042277991771698,0.8547446002661481,-0.0001023646227863
adult,iid,20,2025,7,19,0.9848551540587572,0.0001289794247109,0.905868263473054,0.0015454278845016,0.8418183844424343,-0.0012274376905911,0.8514280888536851,0.0200555626739977,,0.9482497206908204,0.000297459026217,0.000297459026217,0.8547446002661481,0.7564971751412429,0.5754189944134078,0.6536490114718086,0.3042277991771698,4.112720489501953e-06,-0.0001023646227863,0.3042277991771698,0.8547446002661481,-0.0001023646227863
adult,iid,20,2025,8,0,0.9856372197768452,-6.551335858329121e-05,0.9124446041442088,0.0009581985866571,0.8442703744061006,-0.000456321684887,0.8504467145802512,-0.0194935293363931,,0.950958408318116,0.0020253979398101,0.0020253979398101,0.8546422356433616,0.7581104154809334,0.5724108293940696,0.6523016650342801,0.3031437695026397,9.059906005859377e-06,-0.0,0.3031437695026397,0.8546422356433616,-0.0
adult,iid,20,2025,8,1,0.9856372197768452,2.3543863240882423e-05,0.9124446041442088,0.0016875365831163,0.8442703744061006,0.0009212996223224,0.8504467145802512,-0.0186839683630561,,0.950958408318116,0.0021695659185374,0.0021695659185374,0.8546422356433616,0.7581104154809334,0.5724108293940696,0.6523016650342801,0.3031437695026397,4.5686960220336914e-05,0.0001023646227863,0.3031437695026397,0.8546422356433616,0.0001023646227863
adult,iid,20,2025,8,2,0.9856372197768452,1.637833964585056e-05,0.9124446041442088,0.001176492540808,0.8442703744061006,0.0010743686564569,0.8504467145802512,-0.0033954967442837,,0.950958408318116,0.0011498873728574,0.0011498873728574,0.8546422356433616,0.7581104154809334,0.5724108293940696,0.6523016650342801,0.3031437695026397,8.52048397064209e-05,-0.0002047292455727,0.3031437695026397,0.8546422356433616,-0.0002047292455727
adult,iid,20,2025,8,3,0.9856372197768452,-4.299314157019119e-05,0.9124446041442088,0.0010673586352268,0.8442703744061006,-0.0013776213072095,0.8504467145802512,-0.0031829141865369,,0.950958408318116,-0.0029734325301492,0.0029734325301492,0.8546422356433616,0.7581104154809334,0.5724108293940696,0.6523016650342801,0.3031437695026397,0.0001646280288696,-0.0001023646227864,0.3031437695026397,0.8546422356433616,-0.0001023646227864
adult,iid,20,2025,8,4,0.9856372197768452,0.0005384379158562,0.9124446041442088,0.0025918566283463,0.8442703744061006,0.0039740240524619,0.8504467145802512,-0.001362858041445,,0.950958408318116,0.0055152411921622,0.0055152411921622,0.8546422356433616,0.7581104154809334,0.5724108293940696,0.6523016650342801,0.3031437695026397,-0.0002598166465759,-0.0004094584911454,0.3031437695026397,0.8546422356433616,-0.0004094584911454
adult,iid,20,2025,8,5,0.9856372197768452,5.630054253258354e-05,0.9124446041442088,-0.0007082468380622,0.8442703744061006,-0.001077254073973,0.8504467145802512,-0.0151603396661581,,0.950958408318116,-0.0022327344713922,0.0022327344713922,0.8546422356433616,0.7581104154809334,0.5724108293940696,0.6523016650342801,0.3031437695026397,-7.739663124084473e-05,0.0001023646227863,0.3031437695026397,0.8546422356433616,0.0001023646227863
adult,iid,20,2025,8,6,0.9856372197768452,-0.0001033882690142,0.9124446041442088,0.0002290352819334,0.8442703744061006,0.0001588398691666,0.8504467145802512,-0.0153292408764227,,0.950958408318116,0.0011460156513896,0.0011460156513896,0.8546422356433616,0.7581104154809334,0.5724108293940696,0.6523016650342801,0.3031437695026397,-4.601478576660156e-05,-0.0001023646227864,0.3031437695026397,0.8546422356433616,-0.0001023646227864
adult,iid,20,2025,8,7,0.9856372197768452,0.0001289794247109,0.9124446041442088,0.0016875365831163,0.8442703744061006,0.0023018063470481,0.8504467145802512,0.010669897144987,,0.950958408318116,0.0063684014983529,0.0063684014983529,0.8546422356433616,0.7581104154809334,0.5724108293940696,0.6523016650342801,0.3031437695026397,-6.079673767089844e-05,0.0001023646227863,0.3031437695026397,0.8546422356433616,0.0001023646227863
adult,iid,20,2025,8,8,0.9856372197768452,9.41754529635297e-05,0.9124446041442088,-0.0018650794607767,0.8442703744061006,-0.002752357196903,0.8504467145802512,0.014985614276229,,0.950958408318116,-0.0010477889880253,0.0010477889880253,0.8546422356433616,0.7581104154809334,0.5724108293940696,0.6523016650342801,0.3031437695026397,0.0002955496311187,0.0005118231139318,0.3031437695026397,0.8546422356433616,0.0005118231139318
adult,iid,20,2025,8,9,0.9856372197768452,0.0001300030709386,0.9124446041442088,0.0058991931115417,0.8442703744061006,0.0030613806826879,0.8504467145802512,-0.0037158266258199,,0.950958408318116,0.0027779875954907,0.0027779875954907,0.8546422356433616,0.7581104154809334,0.5724108293940696,0.6523016650342801,0.3031437695026397,-9.700655937194824e-05,-0.0008189169822909,0.3031437695026397,0.8546422356433616,-0.0008189169822909
adult,iid,20,2025,8,10,0.9856372197768452,-0.0006131640904902,0.9124446041442088,-0.0026960302064793,0.8442703744061006,-0.0041242076690802,0.8504467145802512,-0.017827813952405,,0.950958408318116,-0.0038294561657379,0.0038294561657379,0.8546422356433616,0.7581104154809334,0.5724108293940696,0.6523016650342801,0.3031437695026397,0.0004937350749969,-0.0006141877367182,0.3031437695026397,0.8546422356433616,-0.0006141877367182
adult,iid,20,2025,8,11,0.9856372197768452,0.0004811137270959,0.9124446041442088,0.0043436109648383,0.8442703744061006,0.0009068725347418,0.8504467145802512,0.0121201178813963,,0.950958408318116,-0.0001302931204512,0.0001302931204512,0.8546422356433616,0.7581104154809334,0.5724108293940696,0.6523016650342801,0.3031437695026397,-0.0001319348812103,-0.0008189169822909,0.3031437695026397,0.8546422356433616,-0.0008189169822909
adult,iid,20,2025,8,12,0.9856372197768452,-0.0001166956699764,0.9124446041442088,0.0004685562400172,0.8442703744061006,0.0003147943208171,0.8504467145802512,0.0147293503710002,,0.950958408318116,0.0024812605288239,0.0024812605288239,0.8546422356433616,0.7581104154809334,0.5724108293940696,0.6523016650342801,0.3031437695026397,4.756450653076172e-05,-0.0001023646227864,0.3031437695026397,0.8546422356433616,-0.0001023646227864
adult,iid,20,2025,8,13,0.9856372197768452,-0.0001658306889138,0.9124446041442088,0.0004053509129977,0.8442703744061006,-0.0024635316337309,0.8504467145802512,-0.0053757178301436,,0.950958408318116,-0.0067549641191717,0.0067549641191717,0.8546422356433616,0.7581104154809334,0.5724108293940696,0.6523016650342801,0.3031437695026397,0.0001610219478607,-0.0007165523595046,0.3031437695026397,0.8546422356433616,-0.0007165523595046
adult,iid,20,2025,8,14,0.9856372197768452,-0.0003111884532704,0.9124446041442088,-0.0013897663679979,0.8442703744061006,-0.0024519899636664,0.8504467145802512,0.0332910109611059,,0.950958408318116,-0.0035530960984806,0.0035530960984806,0.8546422356433616,0.7581104154809334,0.5724108293940696,0.6523016650342801,0.3031437695026397,0.0002683699131011,-0.0007165523595046,0.3031437695026397,0.8546422356433616,-0.0007165523595046
adult,iid,20,2025,8,15,0.9856372197768452,0.0005527689630463,0.9124446041442088,0.0059439456981416,0.8442703744061006,0.0036794276542577,0.8504467145802512,0.0204632552504977,,0.950958408318116,0.0069402373304747,0.0069402373304747,0.8546422356433616,0.7581104154809334,0.5724108293940696,0.6523016650342801,0.3031437695026397,-0.0001555681228637,-0.0004094584911454,0.3031437695026397,0.8546422356433616,-0.0004094584911454
adult,iid,20,2025,8,16,0.9856372197768452,-7.882075954546153e-05,0.9124446041442088,0.0006446998837972,0.8442703744061006,-0.0006151615540537,0.8504467145802512,-0.0314738669058465,,0.950958408318116,-0.0013796584584753,0.0013796584584753,0.8546422356433616,0.7581104154809334,0.5724108293940696,0.6523016650342801,0.3031437695026397,5.6862831115722656e-05,-0.0007165523595046,0.3031437695026397,0.8546422356433616,-0.0007165523595046
adult,iid,20,2025,8,17,0.9856372197768452,-3.173303306369668e-05,0.9124446041442088,0.0014053321135575,0.8442703744061006,0.0006093907190214,0.8504467145802512,-0.0036459364698484,,0.950958408318116,0.0011988203416428,0.0011988203416428,0.8546422356433616,0.7581104154809334,0.5724108293940696,0.6523016650342801,0.3031437695026397,-8.216500282287598e-05,-0.0003070938683591,0.3031437695026397,0.8546422356433616,-0.0003070938683591
adult,iid,20,2025,8,18,0.9856372197768452,-0.0001545705804073,0.9124446041442088,-0.0007132905926331,0.8442703744061006,-0.0012158960205268,0.8504467145802512,0.0010541765192373,,0.950958408318116,0.0013828422511437,0.0013828422511437,0.8546422356433616,0.7581104154809334,0.5724108293940696,0.6523016650342801,0.3031437695026397,0.0003324449062347,-0.00112601085065,0.3031437695026397,0.8546422356433616,-0.00112601085065
adult,iid,20,2025,8,19,0.9856372197768452,2.559115569666925e-05,0.9124446041442088,0.0004896448725271,0.8442703744061006,-0.0010714832389407,0.8504467145802512,0.0017414297196238,,0.950958408318116,7.551567680874616e-05,7.551567680874616e-05,0.8546422356433616,0.7581104154809334,0.5724108293940696,0.6523016650342801,0.3031437695026397,7.867813110351562e-06,0.0001023646227863,0.3031437695026397,0.8546422356433616,0.0001023646227863
adult,iid,20,2025,9,0,0.985600368512642,-0.0002436278022316,0.9034226902824318,-0.0013164193393968,0.8412003374708643,0.0018483700796771,0.8307143938776225,-0.0395432678307261,,0.9419600589244674,0.0039606733849854,0.0039606733849854,0.8553587880028662,0.7584841628959276,0.5762784701332188,0.654945054945055,0.3017842173576355,-5.432963371276856e-05,-0.0,0.3017842173576355,0.8553587880028662,-0.0
adult,iid,20,2025,9,1,0.985600368512642,-9.41754529635297e-05,0.9034226902824318,-0.0015043606623181,0.8412003374708643,0.0003061380682687,0.8307143938776225,-0.0238616640846136,,0.9419600589244674,-0.0006247248156487,0.0006247248156487,0.8553587880028662,0.7584841628959276,0.5762784701332188,0.654945054945055,0.3017842173576355,2.9832124710083008e-05,-0.0006141877367181,0.3017842173576355,0.8553587880028662,-0.0006141877367181
adult,iid,20,2025,9,2,0.985600368512642,2.4567509468664817e-05,0.9034226902824318,-0.0005868848222958,0.8412003374708643,0.0009212996223224,0.8307143938776225,-0.0415496977250753,,0.9419600589244674,0.0007549336428264,0.0007549336428264,0.8553587880028662,0.7584841628959276,0.5762784701332188,0.654945054945055,0.3017842173576355,9.116530418395996e-05,0.0001023646227863,0.3017842173576355,0.8553587880028662,0.0001023646227863
adult,iid,20,2025,9,3,0.985600368512642,-2.3543863240882423e-05,0.9034226902824318,-0.0012593837206815,0.8412003374708643,0.0006151615540537,0.8307143938776225,-0.0318000209670468,,0.9419600589244674,0.0001075821338958,0.0001075821338958,0.8553587880028662,0.7584841628959276,0.5762784701332188,0.654945054945055,0.3017842173576355,0.0002079308032989,0.0005118231139318,0.3017842173576355,0.8553587880028662,0.0005118231139318
adult,iid,20,2025,9,4,0.985600368512642,0.0003531579486129,0.9034226902824318,0.0021053250129707,0.8412003374708643,0.0071913591868003,0.8307143938776225,-0.0619983925264124,,0.9419600589244674,0.0083454701049034,0.0083454701049034,0.8553587880028662,0.7584841628959276,0.5762784701332188,0.654945054945055,0.3017842173576355,-0.0002241432666778,0.0006141877367181,0.3017842173576355,0.8553587880028662,0.0006141877367181
adult,iid,20,2025,9,5,0.985600368512642,3.787491043094615e-05,0.9034226902824318,-0.0022286507137367,0.8412003374708643,0.0004563216848869,0.8307143938776225,-0.0370650793835687,,0.9419600589244674,0.0005187547093488,0.0005187547093488,0.8553587880028662,0.7584841628959276,0.5762784701332188,0.654945054945055,0.3017842173576355,-2.658367156982422e-05,0.0004094584911454,0.3017842173576355,0.8553587880028662,0.0004094584911454
adult,iid,20,2025,9,6,0.985600368512642,-0.0001985873682055,0.9034226902824318,-0.0028609721951264,0.8412003374708643,-0.0012216668555591,0.8307143938776225,-0.0211126512830666,,0.9419600589244674,-0.0017807436038465,0.0017807436038465,0.8553587880028662,0.7584841628959276,0.5762784701332188,0.654945054945055,0.3017842173576355,-6.052851676940918e-05,0.0001023646227863,0.3017842173576355,0.8553587880028662,0.0001023646227863
adult,iid,20,2025,9,7,0.985600368512642,0.0001402395332172,0.9034226902824318,-0.0001701240888256,0.8412003374708643,0.0032288768044028,0.8307143938776225,-0.0283404582464559,,0.9419600589244674,0.0077318411114063,0.0077318411114063,0.8553587880028662,0.7584841628959276,0.5762784701332188,0.654945054945055,0.3017842173576355,-4.202127456665039e-06,0.0006141877367181,0.3017842173576355,0.8553587880028662,0.0006141877367181
adult,iid,20,2025,9,8,0.985600368512642,-0.0002651243730167,0.9034226902824318,-0.0002739241451312,0.8412003374708643,-0.0004534362673709,0.8307143938776225,-0.0077403347738469,,0.9419600589244674,-0.000850539886525,0.000850539886525,0.8553587880028662,0.7584841628959276,0.5762784701332188,0.654945054945055,0.3017842173576355,0.0001488626003265,-0.000307093868359,0.3017842173576355,0.8553587880028662,-0.000307093868359
adult,iid,20,2025,9,9,0.985600368512642,4.09458491146264e-06,0.9034226902824318,0.0030872806034667,0.8412003374708643,0.0035177023675748,0.8307143938776225,-0.0454926673578026,,0.9419600589244674,0.0024414065980502,0.0024414065980502,0.8553587880028662,0.7584841628959276,0.5762784701332188,0.654945054945055,0.3017842173576355,4.798173904418945e-06,0.0008189169822909,0.3017842173576355,0.8553587880028662,0.0008189169822909
adult,iid,20,2025,9,10,0.985600368512642,-0.0004606408025387,0.9034226902824318,-0.0080181905217806,0.8412003374708643,-0.0030556098476557,0.8307143938776225,-0.0480436580507634,,0.9419600589244674,-0.0055580427456075,0.0055580427456075,0.8553587880028662,0.7584841628959276,0.5762784701332188,0.654945054945055,0.3017842173576355,0.000428020954132,-0.0,0.3017842173576355,0.8553587880028662,-0.0
adult,iid,20,2025,9,11,0.985600368512642,0.0002231548776742,0.9034226902824318,0.0016872025505347,0.8412003374708643,0.0032029080467577,0.8307143938776225,-0.0430756327971204,,0.9419600589244674,0.0005303698737525,0.0005303698737525,0.8553587880028662,0.7584841628959276,0.5762784701332188,0.654945054945055,0.3017842173576355,-0.0001738965511322,0.0001023646227863,0.3017842173576355,0.8553587880028662,0.0001023646227863
adult,iid,20,2025,9,12,0.985600368512642,-0.0002211075852185,0.9034226902824318,-0.0010770703685973,0.8412003374708643,0.0015364611763761,0.8307143938776225,-0.0538794860743863,,0.9419600589244674,0.0041194481815387,0.0041194481815387,0.8553587880028662,0.7584841628959276,0.5762784701332188,0.654945054945055,0.3017842173576355,5.221366882324219e-05,-0.0,0.3017842173576355,0.8553587880028662,-0.0
adult,iid,20,2025,9,13,0.985600368512642,1.0236462278601088e-05,0.9034226902824318,-0.002872187649593,0.8412003374708643,-0.0007797722582526,0.8307143938776225,-0.0198138592179288,,0.9419600589244674,-0.0052615921114604,0.0052615921114604,0.8553587880028662,0.7584841628959276,0.5762784701332188,0.654945054945055,0.3017842173576355,9.775161743164062e-06,-0.0,0.3017842173576355,0.8553587880028662,-0.0
adult,iid,20,2025,9,14,0.985600368512642,-0.000315283038182,0.9034226902824318,-0.0049395540051624,0.8412003374708643,-0.0029140824835858,0.8307143938776225,-0.0823014828361423,,0.9419600589244674,-0.0055356924848455,0.0055356924848455,0.8553587880028662,0.7584841628959276,0.5762784701332188,0.654945054945055,0.3017842173576355,0.000287115573883,-0.000307093868359,0.3017842173576355,0.8553587880028662,-0.000307093868359
adult,iid,20,2025,9,15,0.985600368512642,0.0004033166137782,0.9034226902824318,0.0016027669107843,0.8412003374708643,0.0035234732026071,0.8307143938776225,-0.0627555358827707,,0.9419600589244674,0.0022055040970924,0.0022055040970924,0.8553587880028662,0.7584841628959276,0.5762784701332188,0.654945054945055,0.3017842173576355,-0.000189185142517,0.0004094584911454,0.3017842173576355,0.8553587880028662,0.0004094584911454
adult,iid,20,2025,9,16,0.985600368512642,6.1418773671384486e-06,0.9034226902824318,-0.0016186221352426,0.8412003374708643,0.0003090234857848,0.8307143938776225,-0.0529359689687707,,0.9419600589244674,0.0011599748029391,0.0011599748029391,0.8553587880028662,0.7584841628959276,0.5762784701332188,0.654945054945055,0.3017842173576355,2.8789043426513672e-05,0.0005118231139318,0.3017842173576355,0.8553587880028662,0.0005118231139318
adult,iid,20,2025,9,17,0.985600368512642,0.0001177193162043,0.9034226902824318,-0.0009573958831976,0.8412003374708643,0.0021545081479459,0.8307143938776225,-0.0526738808838773,,0.9419600589244674,0.0029082807159419,0.0029082807159419,0.8553587880028662,0.7584841628959276,0.5762784701332188,0.654945054945055,0.3017842173576355,1.132488250732422e-06,-0.0,0.3017842173576355,0.8553587880028662,-0.0
adult,iid,20,2025,9,18,0.985600368512642,-0.0002835500051182,0.9034226902824318,-0.004950515459195,0.8412003374708643,-0.0004447800148226,0.8307143938776225,-0.042452445573041,,0.9419600589244674,-0.0001461512400797,0.0001461512400797,0.8553587880028662,0.7584841628959276,0.5762784701332188,0.654945054945055,0.3017842173576355,0.0003514885902404,-0.0004094584911453,0.3017842173576355,0.8553587880028662,-0.0004094584911453
adult,iid,20,2025,9,19,0.985600368512642,2.5591155696558232e-05,0.9034226902824318,0.0002161815482848,0.8412003374708643,0.0007624597531558,0.8307143938776225,-0.0378746403569054,,0.9419600589244674,-0.0015206023820111,0.0015206023820111,0.8553587880028662,0.7584841628959276,0.5762784701332188,0.654945054945055,0.3017842173576355,-1.3142824172973633e-05,-0.0002047292455726,0.3017842173576355,0.8553587880028662,-0.0002047292455726
adult,iid,20,2025,10,0,0.9857631282628724,-0.0001381922407616,0.9053374820488272,0.0009230784120284,0.8404378777177085,0.0007768868407364,0.8386178056820697,-0.0366282659087466,,0.9422085849818992,0.0029066686883463,0.0029066686883463,0.8553587880028662,0.7573198198198198,0.5779974215728406,0.6556178406044357,0.3007904887199402,-3.767013549804688e-05,-0.000307093868359,0.3007904887199402,0.8553587880028662,-0.000307093868359
adult,iid,20,2025,10,1,0.9857631282628724,-3.0709386835692243e-06,0.9053374820488272,0.0011165087138994,0.8404378777177085,0.0006151615540536,0.8386178056820697,-0.0286258430500063,,0.9422085849818992,-0.000451714435026,0.000451714435026,0.8553587880028662,0.7573198198198198,0.5779974215728406,0.6556178406044357,0.3007904887199402,3.293156623840332e-05,-0.0007165523595045,0.3007904887199402,0.8553587880028662,-0.0007165523595045
adult,iid,20,2025,10,2,0.9857631282628724,3.378032551948351e-05,0.9053374820488272,0.0003476531628632,0.8404378777177085,0.0006151615540536,0.8386178056820697,-0.0049913219723001,,0.9422085849818992,0.0019498822630014,0.0019498822630014,0.8553587880028662,0.7573198198198198,0.5779974215728406,0.6556178406044357,0.3007904887199402,4.073977470397949e-05,-0.0001023646227863,0.3007904887199402,0.8553587880028662,-0.0001023646227863
adult,iid,20,2025,10,3,0.9857631282628724,4.811137270965826e-05,0.9053374820488272,0.0009002137794813,0.8404378777177085,-0.0006151615540537,0.8386178056820697,-0.0475078335216485,,0.9422085849818992,-0.0015222144096067,0.0015222144096067,0.8553587880028662,0.7573198198198198,0.5779974215728406,0.6556178406044357,0.3007904887199402,0.0001603364944458,-0.0005118231139318,0.3007904887199402,0.8553587880028662,-0.0005118231139318
adult,iid,20,2025,10,4,0.9857631282628724,0.0005476507319071,0.9053374820488272,0.0038295835327907,0.8404378777177085,0.0047249421355533,0.8386178056820697,-0.0357371664201096,,0.9422085849818992,0.0003651029360656,0.0003651029360656,0.8553587880028662,0.7573198198198198,0.5779974215728406,0.6556178406044357,0.3007904887199402,-0.0002503991127014,-0.0,0.3007904887199402,0.8553587880028662,-0.0
adult,iid,20,2025,10,5,0.9857631282628724,0.000150475995496,0.9053374820488272,-0.001675442795596,0.8404378777177085,-0.0004620925199193,0.8386178056820697,-0.0416195878810468,,0.9422085849818992,-0.0016974844841017,0.0016974844841017,0.8553587880028662,0.7573198198198198,0.5779974215728406,0.6556178406044357,0.3007904887199402,-5.906820297241211e-05,-0.0,0.3007904887199402,0.8553587880028662,-0.0
adult,iid,20,2025,10,6,0.9857631282628724,-0.0002937864673968,0.9053374820488272,-0.001675442795596,0.8404378777177085,-0.0019927828612632,0.8386178056820697,-0.0455683816934384,,0.9422085849818992,-0.0020940502417285,0.0020940502417285,0.8553587880028662,0.7573198198198198,0.5779974215728406,0.6556178406044357,0.3007904887199402,-9.608268737792967e-05,-0.0,0.3007904887199402,0.8553587880028662,-0.0
adult,iid,20,2025,10,7,0.9857631282628724,0.0002446514484594,0.9053374820488272,0.0003476531628632,0.8404378777177085,-0.0002974818157204,0.8386178056820697,-0.0230491910214445,,0.9422085849818992,0.0017567813154887,0.0017567813154887,0.8553587880028662,0.7573198198198198,0.5779974215728406,0.6556178406044357,0.3007904887199402,3.0994415283203125e-06,-0.0001023646227863,0.3007904887199402,0.8553587880028662,-0.0001023646227863
adult,iid,20,2025,10,8,0.9857631282628724,-9.72463916469879e-05,0.9053374820488272,-0.0005687828961752,0.8404378777177085,-0.0015249195063117,0.8386178056820697,-0.0213805635476243,,0.9422085849818992,-0.0003473563563216,0.0003473563563216,0.8553587880028662,0.7573198198198198,0.5779974215728406,0.6556178406044357,0.3007904887199402,0.0001796185970306,-0.0008189169822908,0.3007904887199402,0.8553587880028662,-0.0008189169822908
adult,iid,20,2025,10,9,0.9857631282628724,9.315180673563628e-05,0.9053374820488272,0.0026677825396687,0.8404378777177085,0.0016779885404459,0.8386178056820697,-0.0200235296858437,,0.9422085849818992,0.0008848660374842,0.0008848660374842,0.8553587880028662,0.7573198198198198,0.5779974215728406,0.6556178406044357,0.3007904887199402,2.321600914001465e-05,0.0003070938683591,0.3007904887199402,0.8553587880028662,0.0003070938683591
adult,iid,20,2025,10,10,0.9857631282628724,-0.0003869382741323,0.9053374820488272,-0.0068214456677836,0.8404378777177085,-0.0050426218738867,0.8386178056820697,-0.014228470919871,,0.9422085849818992,-0.0053438428391352,0.0053438428391352,0.8553587880028662,0.7573198198198198,0.5779974215728406,0.6556178406044357,0.3007904887199402,0.00049290060997,-0.0,0.3007904887199402,0.8553587880028662,-0.0
adult,iid,20,2025,10,11,0.9857631282628724,0.0004156003685126,0.9053374820488272,0.0022506191629693,0.8404378777177085,0.0012072397679783,0.8386178056820697,0.008768302484595,,0.9422085849818992,-0.0010893392396682,0.0010893392396682,0.8553587880028662,0.7573198198198198,0.5779974215728406,0.6556178406044357,0.3007904887199402,-0.0001942515373229,-0.0002047292455726,0.3007904887199402,0.8553587880028662,-0.0002047292455726
adult,iid,20,2025,10,12,0.9857631282628724,-0.0001689016275975,0.9053374820488272,-0.0003703078279229,0.8404378777177085,-0.0009212996223225,0.8386178056820697,-0.0203729804657013,,0.9422085849818992,-0.0007549336428264,0.0007549336428264,0.8553587880028662,0.7573198198198198,0.5779974215728406,0.6556178406044357,0.3007904887199402,0.0001206696033477,-0.0001023646227863,0.3007904887199402,0.8553587880028662,-0.0001023646227863
adult,iid,20,2025,10,13,0.9857631282628724,1.1260108506494504e-05,0.9053374820488272,-0.0016976938305698,0.8404378777177085,-0.0013978192298225,0.8386178056820697,-0.0342520006057145,,0.9422085849818992,-0.0067371332461541,0.0067371332461541,0.8553587880028662,0.7573198198198198,0.5779974215728406,0.6556178406044357,0.3007904887199402,7.957220077514648e-05,-0.0002047292455726,0.3007904887199402,0.8553587880028662,-0.0002047292455726
adult,iid,20,2025,10,14,0.9857631282628724,-0.0002190602927627,0.9053374820488272,-0.0039601127818537,0.8404378777177085,-0.0038267258533598,0.8386178056820697,-0.0059115423592586,,0.9422085849818992,-0.0030420848320676,0.0030420848320676,0.8553587880028662,0.7573198198198198,0.5779974215728406,0.6556178406044357,0.3007904887199402,0.0002908706665039,-0.0001023646227863,0.3007904887199402,0.8553587880028662,-0.0001023646227863
adult,iid,20,2025,10,15,0.9857631282628724,0.0005885965810216,0.9053374820488272,0.0033508855911918,0.8404378777177085,0.0041357493391447,0.8386178056820697,-0.0112115458537664,,0.9422085849818992,0.0060443597641125,0.0060443597641125,0.8553587880028662,0.7573198198198198,0.5779974215728406,0.6556178406044357,0.3007904887199402,-0.0001576244831085,-0.0,0.3007904887199402,0.8553587880028662,-0.0
adult,iid,20,2025,10,16,0.9857631282628724,-6.44897123553978e-05,0.9053374820488272,-0.0005983724269986,0.8404378777177085,-0.0025992881627686,0.8386178056820697,-0.0420680497151977,,0.9422085849818992,-0.0019249115825736,0.0019249115825736,0.8553587880028662,0.7573198198198198,0.5779974215728406,0.6556178406044357,0.3007904887199402,5.8978796005249023e-05,-0.0,0.3007904887199402,0.8553587880028662,-0.0
adult,iid,20,2025,10,17,0.9857631282628724,6.653700481118463e-05,0.9053374820488272,-0.0005125000064426,0.8404378777177085,0.0003090234857848,0.8386178056820697,-0.0247119943156006,,0.9422085849818992,0.0017301986074653,0.0017301986074653,0.8553587880028662,0.7573198198198198,0.5779974215728406,0.6556178406044357,0.3007904887199402,-2.712011337280273e-05,-0.000307093868359,0.3007904887199402,0.8553587880028662,-0.000307093868359
adult,iid,20,2025,10,18,0.9857631282628724,-0.0002907155287132,0.9053374820488272,-0.004166946967213,0.8404378777177085,-0.0015133778362471,0.8386178056820697,0.0018841221213992,,0.9422085849818992,0.0021417319087118,0.0021417319087118,0.8553587880028662,0.7573198198198198,0.5779974215728406,0.6556178406044357,0.3007904887199402,0.0003616213798522,0.0002047292455727,0.3007904887199402,0.8553587880028662,0.0002047292455727
adult,iid,20,2025,10,19,0.9857631282628724,4.5040434025978016e-05,0.9053374820488272,0.0010083741798962,0.8404378777177085,0.0001501836166182,0.8386178056820697,-0.0308623280410955,,0.9422085849818992,-0.000545337417372,0.000545337417372,0.8553587880028662,0.7573198198198198,0.5779974215728406,0.6556178406044357,0.3007904887199402,-2.279877662658692e-05,-0.0006141877367181,0.3007904887199402,0.8553587880028662,-0.0006141877367181
adult,iid,4,2025,1,0,0.9813860169925274,-0.000427884123247,0.8855465004793864,-0.0059793295577704,0.8252003662304357,-0.0111047894714236,0.8745296974921082,0.0462993162413072,,0.9128829171453942,-0.0011549768733402,0.0011549768733402,0.8541304125294298,0.7522371364653244,0.5779974215728406,0.6537059538274606,0.3144952058792114,0.006970852613449,0.0001023646227863,0.3144952058792114,0.8541304125294298,0.0001023646227863
adult,iid,4,2025,1,1,0.9813860169925274,-5.3229603848903295e-05,0.8855465004793864,0.0014572276212151,0.8252003662304357,0.0091783712130314,0.8745296974921082,-0.0235937518200561,,0.9128829171453942,0.007846158296168,0.007846158296168,0.8541304125294298,0.7522371364653244,0.5779974215728406,0.6537059538274606,0.3144952058792114,0.0016957521438598,0.0010236462278635,0.3144952058792114,0.8541304125294298,0.0010236462278635
adult,iid,4,2025,1,2,0.9813860169925274,-0.0007390725765176,0.8855465004793864,0.0084521969848914,0.8252003662304357,-0.0042396243697254,0.8745296974921082,-0.0049913219723003,,0.9128829171453942,-0.0226887780378548,0.0226887780378548,0.8541304125294298,0.7522371364653244,0.5779974215728406,0.6537059538274606,0.3144952058792114,-0.0014314651489257,-0.0012283754734364,0.3144952058792114,0.8541304125294298,-0.0012283754734364
adult,iid,4,2025,1,3,0.9813860169925274,0.0013614494830586,0.8855465004793864,0.0055945196870694,0.8252003662304357,0.0035407857077039,0.8745296974921082,0.0053291243928292,,0.9128829171453942,0.0084174747860378,0.0084174747860378,0.8541304125294298,0.7522371364653244,0.5779974215728406,0.6537059538274606,0.3144952058792114,-0.0018960535526275,0.001433104719009,0.3144952058792114,0.8541304125294298,0.001433104719009
adult,iid,4,2025,2,0,0.98157641519091,0.0016654724127341,0.8931170225456281,-0.0042942909730679,0.8202992717206189,7.213543790318688e-05,0.8989970762618085,-0.0139430861163205,,0.9088116464203918,0.019000124426893,0.019000124426893,0.8581226328180981,0.7589433131535498,0.5926085088096261,0.6655405405405406,0.3050529658794403,0.0033575594425201,0.0039922202886683,0.3050529658794403,0.8581226328180981,0.0039922202886683
adult,iid,4,2025,2,1,0.98157641519091,-0.0011239635581943,0.8931170225456281,0.018117022545628,0.8202992717206189,0.0079451626874077,0.8989970762618085,0.007804400750154,,0.9088116464203918,0.0045632908496046,0.0045632908496046,0.8581226328180981,0.7589433131535498,0.5926085088096261,0.6655405405405406,0.3050529658794403,-0.00030118227005,0.0007165523595046,0.3050529658794403,0.8581226328180981,0.0007165523595046
adult,iid,4,2025,2,2,0.98157641519091,-0.0014013716859453,0.8931170225456281,0.0039229926948818,0.8202992717206189,-0.0075725181104886,0.8989970762618085,0.0078742909061257,,0.9088116464203918,-0.0213226337118622,0.0213226337118622,0.8581226328180981,0.7589433131535498,0.5926085088096261,0.6655405405405406,0.3050529658794403,6.681680679321289e-05,0.0008189169822909,0.3050529658794403,0.8581226328180981,0.0008189169822909
adult,iid,4,2025,2,3,0.98157641519091,0.0016746852287848,0.8931170225456281,-0.0058064224304484,0.8202992717206189,-0.0065761976327467,0.8989970762618085,-0.0170764947757109,,0.9088116464203918,-0.004290030281742,0.004290030281742,0.8581226328180981,0.7589433131535498,0.5926085088096261,0.6655405405405406,0.3050529658794403,0.0008894205093383,0.0023543863240864,0.3050529658794403,0.8581226328180981,0.0023543863240864
adult,iid,4,2025,3,0,0.9843709693929776,0.0011352236667007,0.9007016292068022,-0.0030895009791778,0.8242906082781777,-0.00560584591265,0.8177905392025533,-0.0001630770306002,,0.9176986665144732,0.0049818053418024,0.0049818053418024,0.8607841130105436,0.7681641708264004,0.5951869359690589,0.6707021791767555,0.2999336123466491,0.0040293633937835,0.0021496570785136,0.2999336123466491,0.8607841130105436,0.0021496570785136
adult,iid,4,2025,3,1,0.9843709693929776,-0.0002037055993449,0.9007016292068022,0.0075473625084423,0.8242906082781777,0.0054902873062252,0.8177905392025533,0.0010949457768874,,0.9176986665144732,0.0016270918305633,0.0016270918305633,0.8607841130105436,0.7681641708264004,0.5951869359690589,0.6707021791767555,0.2999336123466491,-4.836916923522949e-05,-0.0005118231139318,0.2999336123466491,0.8607841130105436,-0.0005118231139318
adult,iid,4,2025,3,2,0.9843709693929776,-0.0008445081379875,0.9007016292068022,0.0044291509407548,0.8242906082781777,-0.0028302634698385,0.8177905392025533,0.0033722000256264,,0.9176986665144732,-0.0143178922334565,0.0143178922334565,0.8607841130105436,0.7681641708264004,0.5951869359690589,0.6707021791767555,0.2999336123466491,0.0005832910537719,0.0012283754734364,0.2999336123466491,0.8607841130105436,0.0012283754734364
adult,iid,4,2025,3,3,0.9843709693929776,0.0005415088545398,0.9007016292068022,-0.0053954952413544,0.8242906082781777,-0.0024260212060213,0.8177905392025533,-0.0110601171824948,,0.9176986665144732,0.0071685649750443,0.0071685649750443,0.8607841130105436,0.7681641708264004,0.5951869359690589,0.6707021791767555,0.2999336123466491,0.001280665397644,0.0028662094380182,0.2999336123466491,0.8607841130105436,0.0028662094380182
adult,iid,4,2025,4,0,0.9844856177704984,0.0003081175145869,0.8921487112483668,0.0089361652105861,0.8210154228877372,0.0060187444290156,0.8378431897867187,-0.0157078125546015,,0.928713769321024,0.0152241844329066,0.0152241844329066,0.8618077592384072,0.754294638209266,0.6226901590030082,0.6822033898305084,0.2961488962173462,0.0020183324813842,0.0002047292455727,0.2961488962173462,0.8618077592384072,0.0002047292455727
adult,iid,4,2025,4,1,0.9844856177704984,-0.00010543556147,0.8921487112483668,0.0062546243331447,0.8210154228877372,0.0082513007556767,0.8378431897867187,0.0054922014234297,,0.928713769321024,0.0028090456605077,0.0028090456605077,0.8618077592384072,0.754294638209266,0.6226901590030082,0.6822033898305084,0.2961488962173462,0.0002820491790771,-0.000307093868359,0.2961488962173462,0.8618077592384072,-0.000307093868359
adult,iid,4,2025,4,2,0.9844856177704984,-0.0009622274541918,0.8921487112483668,-0.0062349350554126,0.8210154228877372,-0.0098570119524399,0.8378431897867187,-0.0081887966079976,,0.928713769321024,-0.0192090965387695,0.0192090965387695,0.8618077592384072,0.754294638209266,0.6226901590030082,0.6822033898305084,0.2961488962173462,0.0013533234596252,0.0005118231139318,0.2961488962173462,0.8618077592384072,0.0005118231139318
adult,iid,4,2025,4,3,0.9844856177704984,0.0015221619408332,0.8921487112483668,-0.0062451019580579,0.8210154228877372,-0.000410155004629,0.8378431897867187,-0.0003436266001932,,0.928713769321024,0.0095910815375206,0.0095910815375206,0.8618077592384072,0.754294638209266,0.6226901590030082,0.6822033898305084,0.2961488962173462,0.0014883279800415,0.0014331047190091,0.2961488962173462,0.8618077592384072,0.0014331047190091
adult,iid,4,2025,5,0,0.9858910840413552,0.0005159176988432,0.8812693130496791,0.0095752458588285,0.8077099585881093,0.0067696625121068,0.8920430057426412,-0.0242693566611142,,0.9165146043295048,0.0161493158974441,0.0161493158974441,0.8612959361244754,0.7405940594059406,0.6428878384185647,0.688290775247297,0.2946990132331848,0.0016725063323974,0.0020472924557273,0.2946990132331848,0.8612959361244754,0.0020472924557273
adult,iid,4,2025,5,1,0.9858910840413552,0.0004524516327156,0.8812693130496791,0.0009314993230228,0.8077099585881093,0.0111740394918107,0.8920430057426412,-0.007187037705739,,0.9165146043295048,0.0098935352629834,0.0098935352629834,0.8612959361244754,0.7405940594059406,0.6428878384185647,0.688290775247297,0.2946990132331848,0.0004850327968597,0.0007165523595046,0.2946990132331848,0.8612959361244754,0.0007165523595046
adult,iid,4,2025,5,2,0.9858910840413552,-9.929368410277473e-05,0.8812693130496791,-0.0085169102282305,0.8077099585881093,-0.0135277833541493,0.8920430057426412,0.0037915409614557,,0.9165146043295048,-0.0230324212891673,0.0230324212891673,0.8612959361244754,0.7405940594059406,0.6428878384185647,0.688290775247297,0.2946990132331848,0.0015868544578552,-0.0006141877367181,0.2946990132331848,0.8612959361244754,-0.0006141877367181
adult,iid,4,2025,5,3,0.9858910840413552,0.0009059269116593,0.8812693130496791,-0.0145417703726538,0.8077099585881093,-0.0105444508501765,0.8920430057426412,0.0171289123926894,,0.9165146043295048,-0.0060605345787838,0.0060605345787838,0.8612959361244754,0.7405940594059406,0.6428878384185647,0.688290775247297,0.2946990132331848,0.0014243125915527,-0.0013307400962226,0.2946990132331848,0.8612959361244754,-0.0013307400962226
adult,iid,4,2025,6,0,0.9863199918108302,0.0002200839389906,0.8873707971961506,0.0025035510954243,0.8092666176870985,0.0037198234994835,0.8242844995282415,-0.0274959521951332,,0.9214259327244952,0.0144567115268803,0.0144567115268803,0.8616030299928344,0.7393225331369662,0.6471852170176192,0.69019248395967,0.2931053042411804,0.0018113851547241,0.0018425632101545,0.2931053042411804,0.8616030299928344,0.0018425632101545
adult,iid,4,2025,6,1,0.9863199918108302,0.0003470160712457,0.8873707971961506,0.00501785601968,0.8092666176870985,0.0057935399569779,0.8242844995282415,-0.0086372584421483,,0.9214259327244952,-0.001078371741541,0.001078371741541,0.8616030299928344,0.7393225331369662,0.6471852170176192,0.69019248395967,0.2931053042411804,0.0003746747970581,0.0002047292455726,0.2931053042411804,0.8616030299928344,0.0002047292455726
adult,iid,4,2025,6,2,0.9863199918108302,-0.0003306377315999,0.8873707971961506,-0.0117150392041818,0.8092666176870985,-0.0199624536228261,0.8242844995282415,-0.0156029773206443,,0.9214259327244952,-0.030118438625965,0.030118438625965,0.8616030299928344,0.7393225331369662,0.6471852170176192,0.69019248395967,0.2931053042411804,0.0016909539699554,-0.0006141877367181,0.2931053042411804,0.8616030299928344,-0.0006141877367181
adult,iid,4,2025,6,3,0.9863199918108302,0.0014576722284778,0.8873707971961506,-0.0011884242612431,0.8092666176870985,0.0026367985904782,0.8242844995282415,-0.0003086815222075,,0.9214259327244952,0.0104968779474173,0.0104968779474173,0.8616030299928344,0.7393225331369662,0.6471852170176192,0.69019248395967,0.2931053042411804,0.0014770627021789,-0.0009212816050773,0.2931053042411804,0.8616030299928344,-0.0009212816050773
adult,iid,4,2025,7,0,0.9866281093254172,0.0002753608352953,0.8898123961054382,0.0027060384108451,0.81188610377248,0.0032663872321126,0.8716583769176112,-0.003980826800545,,0.9268294331208108,0.0113471308934594,0.0113471308934594,0.8621148531067663,0.7404317958783121,0.6484744305973357,0.6914089347079038,0.2924033403396606,0.0019100308418273,0.0007165523595045,0.2924033403396606,0.8621148531067663,0.0007165523595045
adult,iid,4,2025,7,1,0.9866281093254172,-0.0003654417033472,0.8898123961054382,0.0002768218092034,0.81188610377248,0.0030527244301394,0.8716583769176112,-0.0183112208645412,,0.9268294331208108,-0.0014684453580341,0.0014684453580341,0.8621148531067663,0.7404317958783121,0.6484744305973357,0.6914089347079038,0.2924033403396606,0.0002118349075317,0.000307093868359,0.2924033403396606,0.8621148531067663,0.000307093868359
adult,iid,4,2025,7,2,0.9866281093254172,-0.0003572525335244,0.8898123961054382,-0.0113869863907024,0.81188610377248,-0.0173429675374445,0.8716583769176112,-0.0015259350720453,,0.9268294331208108,-0.0262721264564921,0.0262721264564921,0.8621148531067663,0.7404317958783121,0.6484744305973357,0.6914089347079038,0.2924033403396606,0.0019448995590209,0.0001023646227863,0.2924033403396606,0.8621148531067663,0.0001023646227863
adult,iid,4,2025,7,3,0.9866281093254172,0.0017555532807861,0.8898123961054382,0.0015170494767582,0.81188610377248,0.006937158633822,0.8716583769176112,0.0056319817353724,,0.9268294331208108,0.0151813828794614,0.0151813828794614,0.8621148531067663,0.7404317958783121,0.6484744305973357,0.6914089347079038,0.2924033403396606,0.0016206800937652,-0.0002047292455727,0.2924033403396606,0.8621148531067663,-0.0002047292455727
adult,iid,4,2025,8,0,0.985870611116798,0.0002559115569659,0.88590763385967,0.006211961011358,0.8066731003593622,0.004329214218505,0.8320073617630956,0.0036109913918624,,0.9213816034367278,0.0159406437707861,0.0159406437707861,0.8622172177295526,0.7377605428986912,0.6540610227761066,0.6933940774487471,0.2920088171958923,0.0017824172973632,0.00112601085065,0.2920088171958923,0.8622172177295526,0.00112601085065
adult,iid,4,2025,8,1,0.985870611116798,-0.000750332685024,0.88590763385967,-0.0006964312776175,0.8066731003593622,-0.0037025109943866,0.8320073617630956,-0.0305303498002307,,0.9213816034367278,-0.0095277443981185,0.0095277443981185,0.8622172177295526,0.7377605428986912,0.6540610227761066,0.6933940774487471,0.2920088171958923,0.0002050995826721,0.0010236462278635,0.2920088171958923,0.8622172177295526,0.0010236462278635
adult,iid,4,2025,8,2,0.985870611116798,-0.0010267171665472,0.88590763385967,-0.0076537821536348,0.8066731003593622,-0.014310441029918,0.8320073617630956,-0.0227259490500764,,0.9213816034367278,-0.0217444025516856,0.0217444025516856,0.8622172177295526,0.7377605428986912,0.6540610227761066,0.6933940774487471,0.2920088171958923,0.0014797449111938,0.0005118231139318,0.2920088171958923,0.8622172177295526,0.0005118231139318
adult,iid,4,2025,8,3,0.985870611116798,0.0002845736513461,0.88590763385967,0.0004513600954113,0.8066731003593622,0.0072288696145101,0.8320073617630956,0.011339677806381,,0.9213816034367278,0.0176192889898004,0.0176192889898004,0.8622172177295526,0.7377605428986912,0.6540610227761066,0.6933940774487471,0.2920088171958923,0.0018373429775238,0.0007165523595045,0.2920088171958923,0.8622172177295526,0.0007165523595045
adult,iid,4,2025,9,0,0.9864469239430852,0.0002364622786364,0.8853919239904988,0.0019337244423955,0.8038109553910668,0.0052764825984726,0.9150426912369394,0.0064764877866954,,0.9238884718042926,0.018666187401817,0.018666187401817,0.8619101238611936,0.7295774647887324,0.6678126342930812,0.6973300426295714,0.2911281287670135,0.0012508630752563,0.00112601085065,0.2911281287670135,0.8619101238611936,0.00112601085065
adult,iid,4,2025,9,1,0.9864469239430852,-0.0003459924250178,0.8853919239904988,0.0020467113509169,0.8038109553910668,-0.0006353594766665,0.9150426912369394,-0.0194469358990785,,0.9238884718042926,-0.0072707712058487,0.0072707712058487,0.8619101238611936,0.7295774647887324,0.6678126342930812,0.6973300426295714,0.2911281287670135,0.000640720129013,0.0002047292455727,0.2911281287670135,0.8619101238611936,0.0002047292455727
adult,iid,4,2025,9,2,0.9864469239430852,-0.0009223052513051,0.8853919239904988,-0.0027581591251506,0.8038109553910668,-0.0175018074066113,0.9150426912369394,-0.0258127642721521,,0.9238884718042926,-0.0271330302056185,0.0271330302056185,0.8619101238611936,0.7295774647887324,0.6678126342930812,0.6973300426295714,0.2911281287670135,0.0020155608654022,-0.0002047292455726,0.2911281287670135,0.8619101238611936,-0.0002047292455726
adult,iid,4,2025,9,3,0.9864469239430852,0.0011342000204729,0.8853919239904988,0.0003740880808674,0.8038109553910668,0.0058685608123973,0.9150426912369394,0.0345315612296008,,0.9238884718042926,0.0184562304505693,0.0184562304505693,0.8619101238611936,0.7295774647887324,0.6678126342930812,0.6973300426295714,0.2911281287670135,0.0016088187694549,0.0010236462278636,0.2911281287670135,0.8619101238611936,0.0010236462278636
adult,iid,4,2025,10,0,0.9860159688811548,0.0004248131845634,0.8879259171316634,0.0020518245456822,0.8076549937495234,0.0091205209569292,0.9439655674498248,0.0128597886987618,,0.9294688543026988,0.0252335343225396,0.0252335343225396,0.8622172177295526,0.731040979745643,0.6669531585732703,0.6975280898876405,0.2905847132205963,0.0017668306827545,0.0020472924557272,0.2905847132205963,0.8622172177295526,0.0020472924557272
adult,iid,4,2025,10,1,0.9860159688811548,-0.0004094584911453,0.8879259171316634,0.0016081290694822,0.8076549937495234,0.0058397066372359,0.9439655674498248,0.0143595149623179,,0.9294688543026988,0.0036689745403517,0.0036689745403517,0.8622172177295526,0.731040979745643,0.6669531585732703,0.6975280898876405,0.2905847132205963,0.0002520680427551,-0.0004094584911454,0.2905847132205963,0.8622172177295526,-0.0004094584911454
adult,iid,4,2025,10,2,0.9860159688811548,-0.0012631794451837,0.8879259171316634,-0.0021905000695721,0.8076549937495234,-0.0152115427296276,0.9439655674498248,0.0250061153886476,,0.9294688543026988,-0.0229795323056403,0.0229795323056403,0.8622172177295526,0.731040979745643,0.6669531585732703,0.6975280898876405,0.2905847132205963,0.001914769411087,0.0005118231139318,0.2905847132205963,0.8622172177295526,0.0005118231139318
adult,iid,4,2025,10,3,0.9860159688811548,0.0001074828539257,0.8879259171316634,-0.0018884569759044,0.8076549937495234,0.0110700225554506,0.9439655674498248,0.0375484862957054,,0.9294688543026988,0.0214040446340142,0.0214040446340142,0.8622172177295526,0.731040979745643,0.6669531585732703,0.6975280898876405,0.2905847132205963,0.0017580389976501,0.0019449278329408,0.2905847132205963,0.8622172177295526,0.0019449278329408
adult,iid,20,9928,1,0,0.981846657795066,0.0005804074111985,0.80135576806682,0.0068750128017509,0.7993029532895868,0.0026856713210459,0.8702489254388519,0.0021025288588103,,0.8655720384041665,-0.0048526347253631,0.0048526347253631,0.8456341488381616,0.7106060606060606,0.6007685738684885,0.6510874595094863,0.3261527419090271,0.0002491176128387,-0.0001023646227863,0.3261527419090271,0.8456341488381616,-0.0001023646227863
adult,iid,20,9928,1,1,0.981846657795066,0.0004974920667416,0.80135576806682,0.0033637516158704,0.7993029532895868,-0.0010963676257428,0.8702489254388519,0.0211708930797098,,0.8655720384041665,-0.0050535989269767,0.0050535989269767,0.8456341488381616,0.7106060606060606,0.6007685738684885,0.6510874595094863,0.3261527419090271,-4.8607587814331055e-05,-0.0006141877367181,0.3261527419090271,0.8456341488381616,-0.0006141877367181
adult,iid,20,9928,1,2,0.981846657795066,0.0008127751049237,0.80135576806682,0.0031218258870691,0.7993029532895868,0.0015150549033047,0.8702489254388519,0.0063774767324022,,0.8655720384041665,0.001371318707704,0.001371318707704,0.8456341488381616,0.7106060606060606,0.6007685738684885,0.6510874595094863,0.3261527419090271,-0.0004105269908905,-0.0006141877367181,0.3261527419090271,0.8456341488381616,-0.0006141877367181
adult,iid,20,9928,1,3,0.981846657795066,0.0003807963967652,0.80135576806682,0.0027597864643024,0.7993029532895868,0.0039962455256206,0.8702489254388519,-0.0108737434332375,,0.8655720384041665,0.0089820362889975,0.0089820362889975,0.8456341488381616,0.7106060606060606,0.6007685738684885,0.6510874595094863,0.3261527419090271,-3.895163536071777e-05,-0.0001023646227863,0.3261527419090271,0.8456341488381616,-0.0001023646227863
adult,iid,20,9928,1,4,0.981846657795066,-0.0002620534343331,0.80135576806682,-0.0071188082043665,0.7993029532895868,-0.0066763185351932,0.8702489254388519,-0.0023587927640393,,0.8655720384041665,-0.0015641546040447,0.0015641546040447,0.8456341488381616,0.7106060606060606,0.6007685738684885,0.6510874595094863,0.3261527419090271,-0.0003460347652435,0.0001023646227864,0.3261527419090271,0.8456341488381616,0.0001023646227864
adult,iid,20,9928,1,5,0.981846657795066,-1.637833964585056e-05,0.80135576806682,-0.0004100761518543,0.7993029532895868,-0.0033745482921734,0.8702489254388519,-0.0045603326771423,,0.8655720384041665,-0.0040787475427305,0.0040787475427305,0.8456341488381616,0.7106060606060606,0.6007685738684885,0.6510874595094863,0.3261527419090271,3.936886787414551e-05,-0.0007165523595045,0.3261527419090271,0.8456341488381616,-0.0007165523595045
adult,iid,20,9928,1,6,0.981846657795066,0.0004391442317533,0.80135576806682,0.0018154825599242,0.7993029532895868,-0.0009437424731176,0.8702489254388519,-0.0004717585528077,,0.8655720384041665,-0.0035682155960377,0.0035682155960377,0.8456341488381616,0.7106060606060606,0.6007685738684885,0.6510874595094863,0.3261527419090271,-2.536177635192871e-05,-0.0005118231139318,0.3261527419090271,0.8456341488381616,-0.0005118231139318
adult,iid,20,9928,1,7,0.981846657795066,-0.000495444774286,0.80135576806682,0.0002180290205842,0.7993029532895868,-0.0033857449151201,0.8702489254388519,-0.0040186839683631,,0.8655720384041665,-0.006741746063242,0.006741746063242,0.8456341488381616,0.7106060606060606,0.6007685738684885,0.6510874595094863,0.3261527419090271,0.0003048777580261,-0.0001023646227863,0.3261527419090271,0.8456341488381616,-0.0001023646227863
adult,iid,20,9928,1,8,0.981846657795066,0.0006643464018833,0.80135576806682,0.0041859567460652,0.7993029532895868,0.0047425763543264,0.8702489254388519,-0.000850330230987,,0.8655720384041665,0.0069562496983262,0.0069562496983262,0.8456341488381616,0.7106060606060606,0.6007685738684885,0.6510874595094863,0.3261527419090271,-0.0002270936965942,-0.0007165523595045,0.3261527419090271,0.8456341488381616,-0.0007165523595045
adult,iid,20,9928,1,9,0.981846657795066,0.0001095301463813,0.80135576806682,0.0039440602777536,0.7993029532895868,-0.0010795726913228,0.8702489254388519,0.001665715383988,,0.8655720384041665,-0.0030033818776118,0.0030033818776118,0.8456341488381616,0.7106060606060606,0.6007685738684885,0.6510874595094863,0.3261527419090271,-2.1278858184814453e-05,-0.0007165523595045,0.3261527419090271,0.8456341488381616,-0.0007165523595045
adult,iid,20,9928,1,10,0.981846657795066,-0.000187327259699,0.80135576806682,-0.0009937535512011,0.7993029532895868,0.0003388401740903,0.8702489254388519,0.0047467064263997,,0.8655720384041665,0.0067869875477803,0.0067869875477803,0.8456341488381616,0.7106060606060606,0.6007685738684885,0.6510874595094863,0.3261527419090271,0.0002487897872924,0.0004094584911454,0.3261527419090271,0.8456341488381616,0.0004094584911454
adult,iid,20,9928,1,11,0.981846657795066,0.0001126010850649,0.80135576806682,0.0015009761984753,0.7993029532895868,-0.0027752443046195,0.8702489254388519,0.0017064846416381,,0.8655720384041665,-0.0058773101432341,0.0058773101432341,0.8456341488381616,0.7106060606060606,0.6007685738684885,0.6510874595094863,0.3261527419090271,0.0003167688846588,-0.000307093868359,0.3261527419090271,0.8456341488381616,-0.000307093868359
adult,iid,20,9928,1,12,0.981846657795066,0.0001126010850649,0.80135576806682,-0.0029552031126424,0.7993029532895868,-0.0004466788349287,0.8702489254388519,0.0174259455555683,,0.8655720384041665,0.0001059175007065,0.0001059175007065,0.8456341488381616,0.7106060606060606,0.6007685738684885,0.6510874595094863,0.3261527419090271,0.0002387464046478,0.0003070938683591,0.3261527419090271,0.8456341488381616,0.0003070938683591
adult,iid,20,9928,1,13,0.981846657795066,-0.0002037055993449,0.80135576806682,0.0008717995247752,0.7993029532895868,-0.002000921918547,0.8702489254388519,0.0262554019266385,,0.8655720384041665,-0.0040425208025116,0.0040425208025116,0.8456341488381616,0.7106060606060606,0.6007685738684885,0.6510874595094863,0.3261527419090271,0.0001613497734069,-0.0004094584911453,0.3261527419090271,0.8456341488381616,-0.0004094584911453
adult,iid,20,9928,1,14,0.981846657795066,0.0003091411608148,0.80135576806682,0.0038476030734728,0.7993029532895868,0.0020919656449652,0.8702489254388519,0.0145196799030857,,0.8655720384041665,-0.003240533776765,0.003240533776765,0.8456341488381616,0.7106060606060606,0.6007685738684885,0.6510874595094863,0.3261527419090271,0.0001821517944335,-0.0006141877367181,0.3261527419090271,0.8456341488381616,-0.0006141877367181
adult,iid,20,9928,1,15,0.981846657795066,-0.0002057528918006,0.80135576806682,-0.0028763963829986,0.7993029532895868,-0.0061218010394261,0.8702489254388519,0.0065929713799812,,0.8655720384041665,-0.0085629771532381,0.0085629771532381,0.8456341488381616,0.7106060606060606,0.6007685738684885,0.6510874595094863,0.3261527419090271,-4.988908767700195e-05,-0.0009212816050772,0.3261527419090271,0.8456341488381616,-0.0009212816050772
adult,iid,20,9928,1,16,0.981846657795066,-0.0003285904391442,0.80135576806682,-0.0038059912934127,0.7993029532895868,0.0008135105663858,0.8702489254388519,-0.000652308122401,,0.8655720384041665,0.0062719764548115,0.0062719764548115,0.8456341488381616,0.7106060606060606,0.6007685738684885,0.6510874595094863,0.3261527419090271,0.0001746714115142,0.0008189169822909,0.3261527419090271,0.8456341488381616,0.0008189169822909
adult,iid,20,9928,1,17,0.981846657795066,0.0010338826901422,0.80135576806682,0.0045034678246892,0.7993029532895868,-0.0020177168529671,0.8702489254388519,0.0139634707451454,,0.8655720384041665,-0.0050010967589564,0.0050010967589564,0.8456341488381616,0.7106060606060606,0.6007685738684885,0.6510874595094863,0.3261527419090271,0.0001788139343261,0.0001023646227864,0.3261527419090271,0.8456341488381616,0.0001023646227864
adult,iid,20,9928,1,18,0.981846657795066,0.0001422868256729,0.80135576806682,0.0069994643245406,0.7993029532895868,0.0039682539682539,0.8702489254388519,-0.0108271499959231,,0.8655720384041665,0.004410927325535,0.004410927325535,0.8456341488381616,0.7106060606060606,0.6007685738684885,0.6510874595094863,0.3261527419090271,0.0002237260341644,0.0004094584911454,0.3261527419090271,0.8456341488381616,0.0004094584911454
adult,iid,20,9928,1,19,0.981846657795066,6.346606612750438e-05,0.80135576806682,0.0007749355401984,0.7993029532895868,-0.0037021918433171,0.8702489254388519,-0.013316986802409,,0.8655720384041665,-0.0091974828148956,0.0091974828148956,0.8456341488381616,0.7106060606060606,0.6007685738684885,0.6510874595094863,0.3261527419090271,-0.000138521194458,-0.000307093868359,0.3261527419090271,0.8456341488381616,-0.000307093868359
adult,iid,20,9928,2,0,0.981080970416624,0.0001514996417237,0.8417577140112859,0.0066826389362107,0.8040720504584353,0.0017643220938217,0.8867604747871263,0.0119104474134819,,0.8904228785021752,-0.0060338802566765,0.0060338802566765,0.8525949431876344,0.719785575048733,0.6306575576430401,0.6722803823395539,0.3157404065132141,0.0003285706043243,0.0004094584911454,0.3157404065132141,0.8525949431876344,0.0004094584911454
adult,iid,20,9928,2,1,0.981080970416624,0.0001412631794451,0.8417577140112859,-0.0004044481508763,0.8040720504584353,-2.239324589337066e-05,0.8867604747871263,0.013162646041305,,0.8904228785021752,-0.0047575706153679,0.0047575706153679,0.8525949431876344,0.719785575048733,0.6306575576430401,0.6722803823395539,0.3157404065132141,0.0001283288002014,0.0004094584911454,0.3157404065132141,0.8525949431876344,0.0004094584911454
adult,iid,20,9928,2,2,0.981080970416624,0.0007165523595045,0.8417577140112859,0.0075844478725769,0.8040720504584353,-0.0007967156319658,0.8867604747871263,0.0404955212058382,,0.8904228785021752,-0.0072576812297691,0.0072576812297691,0.8525949431876344,0.719785575048733,0.6306575576430401,0.6722803823395539,0.3157404065132141,8.234381675720215e-05,-0.0005118231139318,0.3157404065132141,0.8525949431876344,-0.0005118231139318
adult,iid,20,9928,2,3,0.981080970416624,0.0001924454908384,0.8417577140112859,0.0012683880338332,0.8040720504584353,-1.6794934419972485e-05,0.8867604747871263,0.0540076180270008,,0.8904228785021752,-0.0027155383230433,0.0027155383230433,0.8525949431876344,0.719785575048733,0.6306575576430401,0.6722803823395539,0.3157404065132141,7.212162017822266e-05,-0.0009212816050772,0.3157404065132141,0.8525949431876344,-0.0009212816050772
adult,iid,20,9928,2,4,0.981080970416624,-0.0002487460333708,0.8417577140112859,-0.0036303152558366,0.8040720504584353,-0.0045787545787545,0.8867604747871263,0.0165930878635744,,0.8904228785021752,-0.0076007520377964,0.0076007520377964,0.8525949431876344,0.719785575048733,0.6306575576430401,0.6722803823395539,0.3157404065132141,-0.0003185868263244,-0.0008189169822908,0.3157404065132141,0.8525949431876344,-0.0008189169822908
adult,iid,20,9928,2,5,0.981080970416624,-0.0001914218446105,0.8417577140112859,-0.0023186273642993,0.8040720504584353,-0.0018203052085551,0.8867604747871263,0.0135819869771343,,0.8904228785021752,-0.0025399112445935,0.0025399112445935,0.8525949431876344,0.719785575048733,0.6306575576430401,0.6722803823395539,0.3157404065132141,-0.0002021789550781,-0.0002047292455726,0.3157404065132141,0.8525949431876344,-0.0002047292455726
adult,iid,20,9928,2,6,0.981080970416624,0.0002681953117003,0.8417577140112859,0.0035859289824951,0.8040720504584353,0.0004242855890354,0.8867604747871263,0.043518270451607,,0.8904228785021752,-0.0056709159961668,0.0056709159961668,0.8525949431876344,0.719785575048733,0.6306575576430401,0.6722803823395539,0.3157404065132141,-0.0001354813575744,-0.0007165523595045,0.3157404065132141,0.8525949431876344,-0.0007165523595045
adult,iid,20,9928,2,7,0.981080970416624,-0.0004391442317535,0.8417577140112859,-0.0044700610968352,0.8040720504584353,-0.0032051282051281,0.8867604747871263,0.0044380249041924,,0.8904228785021752,-0.0055233497181514,0.0055233497181514,0.8525949431876344,0.719785575048733,0.6306575576430401,0.6722803823395539,0.3157404065132141,2.3812055587768555e-05,0.0005118231139318,0.3157404065132141,0.8525949431876344,0.0005118231139318
adult,iid,20,9928,2,8,0.981080970416624,0.0005660763640086,0.8417577140112859,0.00466016475612,0.8040720504584353,0.0044373260490762,0.8867604747871263,0.0355449684911881,,0.8904228785021752,0.004366591097299,0.004366591097299,0.8525949431876344,0.719785575048733,0.6306575576430401,0.6722803823395539,0.3157404065132141,2.065300941467285e-05,0.0005118231139318,0.3157404065132141,0.8525949431876344,0.0005118231139318
adult,iid,20,9928,2,9,0.981080970416624,0.0001003173303306,0.8417577140112859,0.0009222800897877,0.8040720504584353,0.0007687240745991,0.8867604747871263,0.044455963377558,,0.8904228785021752,0.0021633575990416,0.0021633575990416,0.8525949431876344,0.719785575048733,0.6306575576430401,0.6722803823395539,0.3157404065132141,-7.998943328857422e-05,-0.0002047292455726,0.3157404065132141,0.8525949431876344,-0.0002047292455726
adult,iid,20,9928,2,10,0.981080970416624,-0.0001903981983826,0.8417577140112859,-0.0016317090656372,0.8040720504584353,0.000333241862617,0.8867604747871263,0.0306410092138522,,0.8904228785021752,0.0053133816811107,0.0053133816811107,0.8525949431876344,0.719785575048733,0.6306575576430401,0.6722803823395539,0.3157404065132141,3.784894943237305e-05,0.0009212816050773,0.3157404065132141,0.8525949431876344,0.0009212816050773
adult,iid,20,9928,2,11,0.981080970416624,-0.0002948101136247,0.8417577140112859,-0.0001262220694542,0.8040720504584353,-0.0027696459931461,0.8867604747871263,0.0257254015771879,,0.8904228785021752,-0.0067743048272083,0.0067743048272083,0.8525949431876344,0.719785575048733,0.6306575576430401,0.6722803823395539,0.3157404065132141,0.0003551244735717,0.0006141877367182,0.3157404065132141,0.8525949431876344,0.0006141877367182
adult,iid,20,9928,2,12,0.981080970416624,-0.0003367796089671,0.8417577140112859,-0.004100629326049,0.8040720504584353,-0.0024252075075823,0.8867604747871263,0.0195925403906858,,0.8904228785021752,-0.0022149545107594,0.0022149545107594,0.8525949431876344,0.719785575048733,0.6306575576430401,0.6722803823395539,0.3157404065132141,-0.0001887679100036,-0.0001023646227863,0.3157404065132141,0.8525949431876344,-0.0001023646227863
adult,iid,20,9928,2,13,0.981080970416624,-0.0001412631794451,0.8417577140112859,0.0016183914073943,0.8040720504584353,-0.0005026619496621,0.8867604747871263,0.0321319992079116,,0.8904228785021752,-0.0083257673941498,0.0083257673941498,0.8525949431876344,0.719785575048733,0.6306575576430401,0.6722803823395539,0.3157404065132141,0.0001747012138366,0.0003070938683591,0.3157404065132141,0.8525949431876344,0.0003070938683591
adult,iid,20,9928,2,14,0.981080970416624,0.0001566178728631,0.8417577140112859,0.0028387950923669,0.8040720504584353,0.0001022403493651,0.8867604747871263,0.0361215622779531,,0.8904228785021752,-0.0046652678171553,0.0046652678171553,0.8525949431876344,0.719785575048733,0.6306575576430401,0.6722803823395539,0.3157404065132141,0.0002623498439788,0.0004094584911454,0.3157404065132141,0.8525949431876344,0.0004094584911454
adult,iid,20,9928,2,15,0.981080970416624,-0.0004565462176271,0.8417577140112859,-0.0062720793572869,0.8040720504584353,-0.0048784065725315,0.8867604747871263,0.0250468846462976,,0.8904228785021752,-0.0063914159799004,0.0063914159799004,0.8525949431876344,0.719785575048733,0.6306575576430401,0.6722803823395539,0.3157404065132141,-0.000176578760147,0.0005118231139318,0.3157404065132141,0.8525949431876344,0.0005118231139318
adult,iid,20,9928,2,16,0.981080970416624,-0.0003214249155492,0.8417577140112859,0.0006766329302047,0.8040720504584353,0.0027920392390395,0.8867604747871263,0.0555219047397173,,0.8904228785021752,0.0064095662804377,0.0064095662804377,0.8525949431876344,0.719785575048733,0.6306575576430401,0.6722803823395539,0.3157404065132141,0.0003277957439422,0.0004094584911454,0.3157404065132141,0.8525949431876344,0.0004094584911454
adult,iid,20,9928,2,17,0.981080970416624,0.0001617361040024,0.8417577140112859,0.0048246686549143,0.8040720504584353,-0.0032611113198616,0.8867604747871263,0.0417360714743328,,0.8904228785021752,-0.0104927929694441,0.0104927929694441,0.8525949431876344,0.719785575048733,0.6306575576430401,0.6722803823395539,0.3157404065132141,0.0001144409179687,-0.0005118231139318,0.3157404065132141,0.8525949431876344,-0.0005118231139318
adult,iid,20,9928,2,18,0.981080970416624,-0.0001924454908384,0.8417577140112859,0.0028468347981396,0.8040720504584353,0.0021479487596989,0.8867604747871263,0.0299071625761511,,0.8904228785021752,0.0012056948072628,0.0012056948072628,0.8525949431876344,0.719785575048733,0.6306575576430401,0.6722803823395539,0.3157404065132141,3.501772880554199e-05,-0.0008189169822908,0.3157404065132141,0.8525949431876344,-0.0008189169822908
adult,iid,20,9928,2,19,0.981080970416624,-4.299314157030221e-05,0.8417577140112859,0.00040405986512,0.8040720504584353,-0.0031196827901831,0.8867604747871263,0.0258185884518167,,0.8904228785021752,-0.0126199426455227,0.0126199426455227,0.8525949431876344,0.719785575048733,0.6306575576430401,0.6722803823395539,0.3157404065132141,0.0001748204231262,-0.0004094584911453,0.3157404065132141,0.8525949431876344,-0.0004094584911453
adult,iid,20,9928,3,0,0.9810615211382946,0.0001166956699764,0.8704036411546293,0.0084048380427202,0.813635579527715,0.0077782844724094,0.8392468170858134,-0.0070297848548033,,0.916200462192938,0.0085176792169324,0.0085176792169324,0.8546422356433616,0.7255381604696673,0.6332194705380018,0.6762425900592796,0.3111468851566314,0.000518649816513,-0.0006141877367182,0.3111468851566314,0.8546422356433616,-0.0006141877367182
adult,iid,20,9928,3,1,0.9810615211382946,4.708772648176485e-05,0.8704036411546293,0.0025875492006063,0.813635579527715,0.0004578754578754,0.8392468170858134,0.0095225337511211,,0.916200462192938,-0.0006209474109311,0.0006209474109311,0.8546422356433616,0.7255381604696673,0.6332194705380018,0.6762425900592796,0.3111468851566314,-2.056360244750977e-05,-0.0003070938683591,0.3111468851566314,0.8546422356433616,-0.0003070938683591
adult,iid,20,9928,3,2,0.9810615211382946,0.0003091411608148,0.8704036411546293,0.0029467446029051,0.813635579527715,0.001068376068376,0.8392468170858134,0.0429416766648418,,0.916200462192938,-0.0012744724030843,0.0012744724030843,0.8546422356433616,0.7255381604696673,0.6332194705380018,0.6762425900592796,0.3111468851566314,1.937150955200196e-06,-0.0003070938683591,0.3111468851566314,0.8546422356433616,-0.0003070938683591
adult,iid,20,9928,3,3,0.9810615211382946,0.0001453577643566,0.8704036411546293,0.0012548323434237,0.813635579527715,0.0012433944668945,0.8392468170858134,0.038259036214749,,0.916200462192938,0.0020746663253141,0.0020746663253141,0.8546422356433616,0.7255381604696673,0.6332194705380018,0.6762425900592796,0.3111468851566314,7.382035255432129e-05,-0.0004094584911454,0.3111468851566314,0.8546422356433616,-0.0004094584911454
adult,iid,20,9928,3,4,0.9810615211382946,2.3543863240882423e-05,0.8704036411546293,-0.002351925041205,0.813635579527715,-0.0022781806664305,0.8392468170858134,-0.0084217637945696,,0.916200462192938,-0.0028684983201684,0.0028684983201684,0.8546422356433616,0.7255381604696673,0.6332194705380018,0.6762425900592796,0.3111468851566314,-0.0001735091209411,-0.0005118231139318,0.3111468851566314,0.8546422356433616,-0.0005118231139318
adult,iid,20,9928,3,5,0.9810615211382946,0.0002118947691677,0.8704036411546293,-0.0011087525706731,0.813635579527715,-0.0005881073646072,0.8392468170858134,0.0370417826649116,,0.916200462192938,-0.0002344282218822,0.0002344282218822,0.8546422356433616,0.7255381604696673,0.6332194705380018,0.6762425900592796,0.3111468851566314,-6.765127182006836e-05,-0.0002047292455727,0.3111468851566314,0.8546422356433616,-0.0002047292455727
adult,iid,20,9928,3,6,0.9810615211382946,0.0001750435049646,0.8704036411546293,0.0007759624763101,0.813635579527715,0.0016844749903499,0.8392468170858134,0.0158941863038588,,0.916200462192938,0.0047648124815942,0.0047648124815942,0.8546422356433616,0.7255381604696673,0.6332194705380018,0.6762425900592796,0.3111468851566314,5.4776668548583984e-05,-0.0004094584911454,0.3111468851566314,0.8546422356433616,-0.0004094584911454
adult,iid,20,9928,3,7,0.9810615211382946,-0.0002876445900297,0.8704036411546293,-0.0020691426711871,0.813635579527715,-0.0015038582803581,0.8392468170858134,0.0027490128015468,,0.916200462192938,0.0006263585391289,0.0006263585391289,0.8546422356433616,0.7255381604696673,0.6332194705380018,0.6762425900592796,0.3111468851566314,-0.0001145899295806,-0.0010236462278636,0.3111468851566314,0.8546422356433616,-0.0010236462278636
adult,iid,20,9928,3,8,0.9810615211382946,0.0001402395332172,0.8704036411546293,0.0006874395021325,0.813635579527715,0.0040130404600406,0.8392468170858134,0.0389579377744644,,0.916200462192938,0.0082805447268675,0.0082805447268675,0.8546422356433616,0.7255381604696673,0.6332194705380018,0.6762425900592796,0.3111468851566314,-0.0001133978366851,-0.0002047292455727,0.3111468851566314,0.8546422356433616,-0.0002047292455727
adult,iid,20,9928,3,9,0.9810615211382946,0.0001248848397993,0.8704036411546293,0.0008592766462359,0.813635579527715,0.0011019659372161,0.8392468170858134,0.0160572633344591,,0.916200462192938,0.0045829240622438,0.0045829240622438,0.8546422356433616,0.7255381604696673,0.6332194705380018,0.6762425900592796,0.3111468851566314,-8.64267349243164e-05,0.0009212816050772,0.3111468851566314,0.8546422356433616,0.0009212816050772
adult,iid,20,9928,3,10,0.9810615211382946,-0.0001996110144334,0.8704036411546293,-0.0031898469947602,0.813635579527715,-0.0013288398818396,0.8392468170858134,0.0141818774825566,,0.916200462192938,0.0049250317540335,0.0049250317540335,0.8546422356433616,0.7255381604696673,0.6332194705380018,0.6762425900592796,0.3111468851566314,-0.0001372098922729,-0.0005118231139318,0.3111468851566314,0.8546422356433616,-0.0005118231139318
adult,iid,20,9928,3,11,0.9810615211382946,-0.0001996110144334,0.8704036411546293,0.0011820842684017,0.813635579527715,-0.0013736263736263,0.8392468170858134,0.014391547950471,,0.916200462192938,-0.00155418765238,0.00155418765238,0.8546422356433616,0.7255381604696673,0.6332194705380018,0.6762425900592796,0.3111468851566314,0.0002597570419311,-0.0001023646227864,0.3111468851566314,0.8546422356433616,-0.0001023646227864
adult,iid,20,9928,3,12,0.9810615211382946,-0.0003470160712457,0.8704036411546293,-0.0039074060536141,0.813635579527715,-0.0010459828224826,0.8392468170858134,0.0225570478398116,,0.916200462192938,0.0002444125826351,0.0002444125826351,0.8546422356433616,0.7255381604696673,0.6332194705380018,0.6762425900592796,0.3111468851566314,-2.956390380859375e-05,0.000307093868359,0.3111468851566314,0.8546422356433616,0.000307093868359
adult,iid,20,9928,3,13,0.9810615211382946,-0.0003439451325621,0.8704036411546293,0.0025806746474522,0.813635579527715,0.0021423504482254,0.8392468170858134,0.017262868524968,,0.916200462192938,0.0030522239777431,0.0030522239777431,0.8546422356433616,0.7255381604696673,0.6332194705380018,0.6762425900592796,0.3111468851566314,0.0001233220100402,-0.00112601085065,0.3111468851566314,0.8546422356433616,-0.00112601085065
adult,iid,20,9928,3,14,0.9810615211382946,-1.4331047190063728e-05,0.8704036411546293,0.0038087619969361,0.813635579527715,0.0044261294261294,0.8392468170858134,-0.0050379154096147,,0.916200462192938,0.0058763672524201,0.0058763672524201,0.8546422356433616,0.7255381604696673,0.6332194705380018,0.6762425900592796,0.3111468851566314,7.635354995727539e-05,-0.0009212816050773,0.3111468851566314,0.8546422356433616,-0.0009212816050773
adult,iid,20,9928,3,15,0.9810615211382946,-0.000502610297881,0.8704036411546293,-0.0038327943466283,0.813635579527715,-0.0048728082610581,0.8392468170858134,0.0280550734429054,,0.916200462192938,-0.0062936644189782,0.0062936644189782,0.8546422356433616,0.7255381604696673,0.6332194705380018,0.6762425900592796,0.3111468851566314,-0.000172346830368,-0.0,0.3111468851566314,0.8546422356433616,-0.0
adult,iid,20,9928,3,16,0.9810615211382946,-0.0002487460333708,0.8704036411546293,0.0003593244699964,0.813635579527715,0.0026226191519942,0.8392468170858134,0.0120094584677747,,0.916200462192938,0.0072857420302036,0.0072857420302036,0.8546422356433616,0.7255381604696673,0.6332194705380018,0.6762425900592796,0.3111468851566314,0.0003131031990051,-0.0,0.3111468851566314,0.8546422356433616,-0.0
adult,iid,20,9928,3,17,0.9810615211382946,4.299314157030221e-05,0.8704036411546293,0.0006300698116318,0.813635579527715,0.0018315018315018,0.8392468170858134,0.0065114328646809,,0.916200462192938,0.0006490270286215,0.0006490270286215,0.8546422356433616,0.7255381604696673,0.6332194705380018,0.6762425900592796,0.3111468851566314,0.0001966059207916,0.0002047292455726,0.3111468851566314,0.8546422356433616,0.0002047292455726
adult,iid,20,9928,3,18,0.9810615211382946,3.0709386835692243e-06,0.8704036411546293,0.0018534196773157,0.813635579527715,0.0033801466036467,0.8392468170858134,0.0061153886475089,,0.916200462192938,0.004602818922894,0.004602818922894,0.8546422356433616,0.7255381604696673,0.6332194705380018,0.6762425900592796,0.3111468851566314,6.86943531036377e-05,-0.0004094584911454,0.3111468851566314,0.8546422356433616,-0.0004094584911454
adult,iid,20,9928,3,19,0.9810615211382946,-0.0001781144436482,0.8704036411546293,0.0015511821382359,0.813635579527715,0.0030636996754497,0.8392468170858134,0.027589139069762,,0.916200462192938,0.0036650430834016,0.0036650430834016,0.8546422356433616,0.7255381604696673,0.6332194705380018,0.6762425900592796,0.3111468851566314,0.0002444684505462,-0.0008189169822909,0.3111468851566314,0.8546422356433616,-0.0008189169822909
adult,iid,20,9928,4,0,0.981689016275975,7.984440577335494e-05,0.8844497607655503,0.0043062200956938,0.8140934549855905,0.002419609196109,0.8286817551747838,-0.025672983960209,,0.9200881857601002,0.0011676684633312,0.0011676684633312,0.8557682464940116,0.7285644292013719,0.6349274124679761,0.6785306867442391,0.3085366785526275,0.0004112124443054,-0.0,0.3085366785526275,0.8557682464940116,-0.0
adult,iid,20,9928,4,1,0.981689016275975,9.315180673563628e-05,0.8844497607655503,0.0030816670080759,0.8140934549855905,0.0013680280621529,0.8286817551747838,-0.0241062796305138,,0.9200881857601002,0.002024862517113,0.002024862517113,0.8557682464940116,0.7285644292013719,0.6349274124679761,0.6785306867442391,0.3085366785526275,-7.2479248046875e-05,-0.0002047292455727,0.3085366785526275,0.8557682464940116,-0.0002047292455727
adult,iid,20,9928,4,2,0.981689016275975,0.0002211075852185,0.8844497607655503,0.0009069720162983,0.8140934549855905,-0.0001526251526251,0.8286817551747838,-0.0137450640077343,,0.9200881857601002,-0.0005358488444329,0.0005358488444329,0.8557682464940116,0.7285644292013719,0.6349274124679761,0.6785306867442391,0.3085366785526275,5.194544792175293e-05,0.0005118231139317,0.3085366785526275,0.8557682464940116,0.0005118231139317
adult,iid,20,9928,4,3,0.981689016275975,9.212816050818697e-06,0.8844497607655503,-0.0002116414837917,0.8140934549855905,-0.0006105006105006,0.8286817551747838,0.009376929259514,,0.9200881857601002,-0.0008644359200079,0.0008644359200079,0.8557682464940116,0.7285644292013719,0.6349274124679761,0.6785306867442391,0.3085366785526275,6.884336471557617e-06,0.0002047292455726,0.3085366785526275,0.8557682464940116,0.0002047292455726
adult,iid,20,9928,4,4,0.981689016275975,-7.165523595042966e-05,0.8844497607655503,-0.0043992890731016,0.8140934549855905,-0.00503663003663,0.8286817551747838,-0.0058125313049655,,0.9200881857601002,-0.0054618437147041,0.0054618437147041,0.8557682464940116,0.7285644292013719,0.6349274124679761,0.6785306867442391,0.3085366785526275,-0.0002287626266479,-0.0007165523595046,0.3085366785526275,0.8557682464940116,-0.0007165523595046
adult,iid,20,9928,4,5,0.981689016275975,2.866209438023848e-05,0.8844497607655503,-0.0017806495706143,0.8140934549855905,-0.0015206532147782,0.8286817551747838,0.0076820929772043,,0.9200881857601002,-0.0007585372365572,0.0007585372365572,0.8557682464940116,0.7285644292013719,0.6349274124679761,0.6785306867442391,0.3085366785526275,-0.0001032650470733,0.0001023646227863,0.3085366785526275,0.8557682464940116,0.0001023646227863
adult,iid,20,9928,4,6,0.981689016275975,0.0001289794247107,0.8844497607655503,0.0004923495919648,0.8140934549855905,0.0016788766788766,0.8286817551747838,-5.824179664104534e-06,,0.9200881857601002,0.004667060920672,0.004667060920672,0.8557682464940116,0.7285644292013719,0.6349274124679761,0.6785306867442391,0.3085366785526275,1.8864870071411133e-05,0.0001023646227863,0.3085366785526275,0.8557682464940116,0.0001023646227863
adult,iid,20,9928,4,7,0.981689016275975,-6.653700481107361e-05,0.8844497607655503,-0.0030965964542128,0.8140934549855905,-0.0028998778998778,0.8286817551747838,-0.0277580402800263,,0.9200881857601002,-0.0035021175427794,0.0035021175427794,0.8557682464940116,0.7285644292013719,0.6349274124679761,0.6785306867442391,0.3085366785526275,-0.0001124739646911,0.0001023646227863,0.3085366785526275,0.8557682464940116,0.0001023646227863
adult,iid,20,9928,4,8,0.981689016275975,0.0001218139011157,0.8844497607655503,0.0004004607775163,0.8140934549855905,0.0021535470711722,0.8286817551747838,0.0039662663513846,,0.9200881857601002,0.004294156434117,0.004294156434117,0.8557682464940116,0.7285644292013719,0.6349274124679761,0.6785306867442391,0.3085366785526275,-1.6897916793823242e-05,0.000307093868359,0.3085366785526275,0.8557682464940116,0.000307093868359
adult,iid,20,9928,4,9,0.981689016275975,-2.1496570785095592e-05,0.8844497607655503,0.0009012193977836,0.8140934549855905,-0.0004522771464021,0.8286817551747838,0.0183053966848769,,0.9200881857601002,0.000860805578267,0.000860805578267,0.8557682464940116,0.7285644292013719,0.6349274124679761,0.6785306867442391,0.3085366785526275,-3.153085708618164e-05,-0.0004094584911454,0.3085366785526275,0.8557682464940116,-0.0004094584911454
adult,iid,20,9928,4,10,0.981689016275975,-0.0002282731088135,0.8844497607655503,-0.0055550216352149,0.8140934549855905,-0.0025890292831542,0.8286817551747838,-0.0241179279898424,,0.9200881857601002,-0.0002914927135653,0.0002914927135653,0.8557682464940116,0.7285644292013719,0.6349274124679761,0.6785306867442391,0.3085366785526275,-0.0001341700553894,-0.0004094584911454,0.3085366785526275,0.8557682464940116,-0.0004094584911454
adult,iid,20,9928,4,11,0.981689016275975,-0.0004340260006141,0.8844497607655503,-0.001155121369187,0.8140934549855905,-0.0018371001429752,0.8286817551747838,-0.0034187934629406,,0.9200881857601002,-0.0021226328952909,0.0021226328952909,0.8557682464940116,0.7285644292013719,0.6349274124679761,0.6785306867442391,0.3085366785526275,0.0002908110618591,0.000307093868359,0.3085366785526275,0.8557682464940116,0.000307093868359
adult,iid,20,9928,4,12,0.981689016275975,-9.929368410277473e-05,0.8844497607655503,-0.0020742138846948,0.8140934549855905,-0.0012042062865811,0.8286817551747838,-0.0020326387028386,,0.9200881857601002,0.0007476650285901,0.0007476650285901,0.8557682464940116,0.7285644292013719,0.6349274124679761,0.6785306867442391,0.3085366785526275,-2.434849739074707e-05,-0.0003070938683591,0.3085366785526275,0.8557682464940116,-0.0003070938683591
adult,iid,20,9928,4,13,0.981689016275975,-0.0002067765380284,0.8844497607655503,0.0009708757314552,0.8140934549855905,0.0019841269841269,0.8286817551747838,0.0050495637689433,,0.9200881857601002,0.0022765169659744,0.0022765169659744,0.8557682464940116,0.7285644292013719,0.6349274124679761,0.6785306867442391,0.3085366785526275,0.0002242028713226,0.0001023646227863,0.3085366785526275,0.8557682464940116,0.0001023646227863
adult,iid,20,9928,4,14,0.981689016275975,9.724639164709892e-05,0.8844497607655503,0.0019913128401646,0.8140934549855905,0.0038044321926821,0.8286817551747838,-0.0253701266176655,,0.9200881857601002,0.0052427480298091,0.0052427480298091,0.8557682464940116,0.7285644292013719,0.6349274124679761,0.6785306867442391,0.3085366785526275,0.0001696348190307,-0.0003070938683591,0.3085366785526275,0.8557682464940116,-0.0003070938683591
adult,iid,20,9928,4,15,0.981689016275975,-0.0004258368307912,0.8844497607655503,-0.0058612440191386,0.8140934549855905,-0.0048728082610581,0.8286817551747838,-0.0154049552120583,,0.9200881857601002,-0.0035419558074835,0.0035419558074835,0.8557682464940116,0.7285644292013719,0.6349274124679761,0.6785306867442391,0.3085366785526275,-0.0001622140407562,-0.0,0.3085366785526275,0.8557682464940116,-0.0
adult,iid,20,9928,4,16,0.981689016275975,-0.0002047292455726,0.8844497607655503,-0.0019927425251042,0.8140934549855905,0.0012265995324745,0.8286817551747838,-0.0072976971193605,,0.9200881857601002,0.0023498380682029,0.0023498380682029,0.8557682464940116,0.7285644292013719,0.6349274124679761,0.6785306867442391,0.3085366785526275,0.0002007782459259,0.000307093868359,0.3085366785526275,0.8557682464940116,0.000307093868359
adult,iid,20,9928,4,17,0.981689016275975,-0.0001924454908382,0.8844497607655503,0.0006119811268374,0.8140934549855905,0.0001526251526251,0.8286817551747838,-0.0054223112674576,,0.9200881857601002,0.0014853833309391,0.0014853833309391,0.8557682464940116,0.7285644292013719,0.6349274124679761,0.6785306867442391,0.3085366785526275,0.000160276889801,0.0001023646227863,0.3085366785526275,0.8557682464940116,0.0001023646227863
adult,iid,20,9928,4,18,0.981689016275975,9.008086805206704e-05,0.8844497607655503,0.0014214148739105,0.8140934549855905,0.001384822996573,0.8286817551747838,0.0086605551608058,,0.9200881857601002,0.0039329729600641,0.0039329729600641,0.8557682464940116,0.7285644292013719,0.6349274124679761,0.6785306867442391,0.3085366785526275,7.590651512145996e-05,-0.0001023646227864,0.3085366785526275,0.8557682464940116,-0.0001023646227864
adult,iid,20,9928,4,19,0.981689016275975,-8.700992936838681e-05,0.8844497607655503,-0.0002254396172706,0.8140934549855905,0.0013736263736263,0.8286817551747838,-0.004263299514263,,0.9200881857601002,0.0029300419581275,0.0029300419581275,0.8557682464940116,0.7285644292013719,0.6349274124679761,0.6785306867442391,0.3085366785526275,0.0002484917640686,0.0001023646227863,0.3085366785526275,0.8557682464940116,0.0001023646227863
adult,iid,20,9928,5,0,0.9823697410175044,-1.433104719017475e-05,0.8960650639875612,0.0051146210859572,0.814867777371663,0.0039402624108872,0.8684579901920815,-0.0144119325792961,,0.9217808684944088,0.0027336335799809,0.0027336335799809,0.8558706111167981,0.7286973555337904,0.6353543979504697,0.6788321167883211,0.3067212402820587,0.0003311038017272,0.0007165523595046,0.3067212402820587,0.8558706111167981,0.0007165523595046
adult,iid,20,9928,5,1,0.9823697410175044,0.0001822090285596,0.8960650639875612,0.0048386714463228,0.814867777371663,0.0030469047410297,0.8684579901920815,-0.0086984123286233,,0.9217808684944088,0.0028485737333703,0.0028485737333703,0.8558706111167981,0.7286973555337904,0.6353543979504697,0.6788321167883211,0.3067212402820587,-0.0001049935817718,-0.0005118231139318,0.3067212402820587,0.8558706111167981,-0.0005118231139318
adult,iid,20,9928,5,2,0.9823697410175044,9.008086805195604e-05,0.8960650639875612,0.001328221882298,0.814867777371663,-0.0015318498377248,0.8684579901920815,-0.0050379154096145,,0.9217808684944088,-0.0043710702435749,0.0043710702435749,0.8558706111167981,0.7286973555337904,0.6353543979504697,0.6788321167883211,0.3067212402820587,-2.54213809967041e-05,0.0001023646227864,0.3067212402820587,0.8558706111167981,0.0001023646227864
adult,iid,20,9928,5,3,0.9823697410175044,0.0001494523492679,0.8960650639875612,0.0030073509991516,0.814867777371663,0.0012210012210012,0.8684579901920815,2.038462882492098e-05,,0.9217808684944088,-0.0007386235586513,0.0007386235586513,0.8558706111167981,0.7286973555337904,0.6353543979504697,0.6788321167883211,0.3067212402820587,3.6329030990600586e-05,-0.0008189169822908,0.3067212402820587,0.8558706111167981,-0.0008189169822908
adult,iid,20,9928,5,4,0.9823697410175044,-5.322960384901432e-05,0.8960650639875612,-1.2429435064964522e-05,0.814867777371663,-0.0036574053515302,0.8684579901920815,-0.010410721149926,,0.9217808684944088,-0.0045204375334708,0.0045204375334708,0.8558706111167981,0.7286973555337904,0.6353543979504697,0.6788321167883211,0.3067212402820587,-0.0001369416713714,-0.0001023646227863,0.3067212402820587,0.8558706111167981,-0.0001023646227863
adult,iid,20,9928,5,5,0.9823697410175044,9.92936841026637e-05,0.8960650639875612,0.0004731394863068,0.814867777371663,-0.0013792246850996,0.8684579901920815,0.0227346853195726,,0.9217808684944088,-0.0020330472741533,0.0020330472741533,0.8558706111167981,0.7286973555337904,0.6353543979504697,0.6788321167883211,0.3067212402820587,-3.552436828613281e-05,-0.0010236462278636,0.3067212402820587,0.8558706111167981,-0.0010236462278636
adult,iid,20,9928,5,6,0.9823697410175044,0.0001525232879516,0.8960650639875612,0.0021021231626957,0.814867777371663,-0.0015710380180382,0.8684579901920815,-0.0136606134026022,,0.9217808684944088,-0.0063407619589967,0.0063407619589967,0.8558706111167981,0.7286973555337904,0.6353543979504697,0.6788321167883211,0.3067212402820587,-2.065300941467285e-05,-0.0004094584911453,0.3067212402820587,0.8558706111167981,-0.0004094584911453
adult,iid,20,9928,5,7,0.9823697410175044,-8.39389906849286e-05,0.8960650639875612,-0.0009111520994472,0.814867777371663,-0.0029166728342978,0.8684579901920815,-0.0111096227096414,,0.9217808684944088,-0.0063597624722366,0.0063597624722366,0.8558706111167981,0.7286973555337904,0.6353543979504697,0.6788321167883211,0.3067212402820587,-7.933378219604492e-05,-0.0006141877367181,0.3067212402820587,0.8558706111167981,-0.0006141877367181
adult,iid,20,9928,5,8,0.9823697410175044,-3.480397174737693e-05,0.8960650639875612,0.0026312642028465,0.814867777371663,0.0035271734447985,0.8684579901920815,0.0069977518666495,,0.9217808684944088,0.0033808486878298,0.0033808486878298,0.8558706111167981,0.7286973555337904,0.6353543979504697,0.6788321167883211,0.3067212402820587,-3.892183303833008e-05,-0.0,0.3067212402820587,0.8558706111167981,-0.0
adult,iid,20,9928,5,9,0.9823697410175044,0.0001484287030402,0.8960650639875612,0.0051038014337592,0.814867777371663,0.002300573912324,0.8684579901920815,-0.0179646821745156,,0.9217808684944088,0.0024068649253743,0.0024068649253743,0.8558706111167981,0.7286973555337904,0.6353543979504697,0.6788321167883211,0.3067212402820587,6.42240047454834e-05,-0.000307093868359,0.3067212402820587,0.8558706111167981,-0.000307093868359
adult,iid,20,9928,5,10,0.9823697410175044,-7.574982086200333e-05,0.8960650639875612,-0.0019014431894722,0.814867777371663,-0.0041208791208791,0.8684579901920815,-0.0198051229484326,,0.9217808684944088,-0.0049467761699678,0.0049467761699678,0.8558706111167981,0.7286973555337904,0.6353543979504697,0.6788321167883211,0.3067212402820587,-0.0001673400402069,0.0001023646227864,0.3067212402820587,0.8558706111167981,0.0001023646227864
adult,iid,20,9928,5,11,0.9823697410175044,-0.0004022929675504,0.8960650639875612,-0.0001568394079433,0.814867777371663,-0.0030581013639763,0.8684579901920815,-0.0123909422357859,,0.9217808684944088,-0.0045168260089856,0.0045168260089856,0.8558706111167981,0.7286973555337904,0.6353543979504697,0.6788321167883211,0.3067212402820587,0.0002886950969696,-0.000307093868359,0.3067212402820587,0.8558706111167981,-0.000307093868359
adult,iid,20,9928,5,12,0.9823697410175044,-0.0002385095710922,0.8960650639875612,-0.002572277633285,0.814867777371663,-0.0027416544357793,0.8684579901920815,-0.0174055609267436,,0.9217808684944088,-0.0045285846559993,0.0045285846559993,0.8558706111167981,0.7286973555337904,0.6353543979504697,0.6788321167883211,0.3067212402820587,-2.3812055587768555e-05,-0.0005118231139318,0.3067212402820587,0.8558706111167981,-0.0005118231139318
adult,iid,20,9928,5,13,0.9823697410175044,-0.0002487460333708,0.8960650639875612,0.0027636285808626,0.814867777371663,0.0015094565918315,0.8684579901920815,-0.0103874244312689,,0.9217808684944088,-0.0016202480711267,0.0016202480711267,0.8558706111167981,0.7286973555337904,0.6353543979504697,0.6788321167883211,0.3067212402820587,0.000225692987442,0.0001023646227864,0.3067212402820587,0.8558706111167981,0.0001023646227864
adult,iid,20,9928,5,14,0.9823697410175044,0.0002016583068891,0.8960650639875612,0.0042280853811312,0.814867777371663,0.0025890292831542,0.8684579901920815,-0.0449888758168413,,0.9217808684944088,0.003753734357129,0.003753734357129,0.8558706111167981,0.7286973555337904,0.6353543979504697,0.6788321167883211,0.3067212402820587,7.18832015991211e-05,-0.0006141877367181,0.3067212402820587,0.8558706111167981,-0.0006141877367181
adult,iid,20,9928,5,15,0.9823697410175044,-0.0002436278022316,0.8960650639875612,-0.0039468963042698,0.814867777371663,-0.0038100305041554,0.8684579901920815,0.0143070973453389,,0.9217808684944088,-0.0047720731650762,0.0047720731650762,0.8558706111167981,0.7286973555337904,0.6353543979504697,0.6788321167883211,0.3067212402820587,-0.0002462863922119,-0.0,0.3067212402820587,0.8558706111167981,-0.0
adult,iid,20,9928,5,16,0.9823697410175044,-0.0001146483775207,0.8960650639875612,-0.0003092330089685,0.814867777371663,0.0009157509157509,0.8684579901920815,-0.0171492970215145,,0.9217808684944088,0.0007992807575638,0.0007992807575638,0.8558706111167981,0.7286973555337904,0.6353543979504697,0.6788321167883211,0.3067212402820587,0.000185340642929,0.0004094584911454,0.3067212402820587,0.8558706111167981,0.0004094584911454
adult,iid,20,9928,5,17,0.9823697410175044,-7.37025284062165e-05,0.8960650639875612,0.000623025466207,0.814867777371663,-0.0012433944668945,0.8684579901920815,-0.0060658831203623,,0.9217808684944088,-0.0033084140246478,0.0033084140246478,0.8558706111167981,0.7286973555337904,0.6353543979504697,0.6788321167883211,0.3067212402820587,0.0001398921012878,0.0002047292455727,0.3067212402820587,0.8558706111167981,0.0002047292455727
adult,iid,20,9928,5,18,0.9823697410175044,-0.0001207902548879,0.8960650639875612,0.0043476025318424,0.814867777371663,0.001232197843948,0.8684579901920815,0.0023733532131999,,0.9217808684944088,-1.9905769542361007e-05,1.9905769542361007e-05,0.8558706111167981,0.7286973555337904,0.6353543979504697,0.6788321167883211,0.3067212402820587,0.0001091063022613,-0.0006141877367181,0.3067212402820587,0.8558706111167981,-0.0006141877367181
adult,iid,20,9928,5,19,0.9823697410175044,-1.5354693417957144e-05,0.8960650639875612,-0.0001895728438375,0.814867777371663,0.0007463308287057,0.8684579901920815,-0.0219950145022074,,0.9217808684944088,-0.0027363196227401,0.0027363196227401,0.8558706111167981,0.7286973555337904,0.6353543979504697,0.6788321167883211,0.3067212402820587,0.0002952218055725,0.0004094584911454,0.3067212402820587,0.8558706111167981,0.0004094584911454
adult,iid,20,9928,6,0,0.9828999897635378,0.0001392158869895,0.899534105841596,0.0036459872664107,0.8153200545180651,0.0028662880310378,0.8568241913126537,0.0215086955002388,,0.9246213060141428,0.0032450331484645,0.0032450331484645,0.8568942573446617,0.731827111984283,0.6362083689154568,0.6806761078117862,0.3052607476711273,0.0002588033676147,0.0005118231139318,0.3052607476711273,0.8568942573446617,0.0005118231139318
adult,iid,20,9928,6,1,0.9828999897635378,0.0001822090285598,0.899534105841596,0.0030359583574319,0.8153200545180651,0.0017979119626617,0.8568241913126537,-0.0064124218103878,,0.9246213060141428,-0.0006996984586132,0.0006996984586132,0.8568942573446617,0.731827111984283,0.6362083689154568,0.6806761078117862,0.3052607476711273,-0.00014528632164,0.0004094584911454,0.3052607476711273,0.8568942573446617,0.0004094584911454
adult,iid,20,9928,6,2,0.9828999897635378,8.189169822914177e-05,0.899534105841596,0.0007757486305166,0.8153200545180651,-0.0009213492272243,0.8568241913126537,0.0089925334016705,,0.9246213060141428,-0.0018465668049919,0.0018465668049919,0.8568942573446617,0.731827111984283,0.6362083689154568,0.6806761078117862,0.3052607476711273,4.0531158447265625e-06,-0.0005118231139317,0.3052607476711273,0.8568942573446617,-0.0005118231139317
adult,iid,20,9928,6,3,0.9828999897635378,0.0001914218446105,0.899534105841596,-0.0006332781851854,0.8153200545180651,-0.0007855190090191,0.8568241913126537,-0.001648242844995,,0.9246213060141428,-0.0017460792497391,0.0017460792497391,0.8568942573446617,0.731827111984283,0.6362083689154568,0.6806761078117862,0.3052607476711273,4.082918167114258e-05,0.0007165523595046,0.3052607476711273,0.8568942573446617,0.0007165523595046
adult,iid,20,9928,6,4,0.9828999897635378,0.0002067765380284,0.899534105841596,-0.001576607164495,0.8153200545180651,-0.0038212271271022,0.8568241913126537,0.0324232081911264,,0.9246213060141428,-0.0041149366484377,0.0041149366484377,0.8568942573446617,0.731827111984283,0.6362083689154568,0.6806761078117862,0.3052607476711273,-0.0001074969768524,-0.0002047292455726,0.3052607476711273,0.8568942573446617,-0.0002047292455726
adult,iid,20,9928,6,5,0.9828999897635378,0.0002651243730167,0.899534105841596,0.000561094138706,0.8153200545180651,-0.0009213492272243,0.8568241913126537,-0.0123589092476321,,0.9246213060141428,-0.0019886734114057,0.0019886734114057,0.8568942573446617,0.731827111984283,0.6362083689154568,0.6806761078117862,0.3052607476711273,-2.2172927856445312e-05,-0.000307093868359,0.3052607476711273,0.8568942573446617,-0.000307093868359
adult,iid,20,9928,6,6,0.9828999897635378,8.700992936849783e-05,0.899534105841596,0.0018746838210562,0.8153200545180651,-2.799155736676884e-05,0.8568241913126537,-0.0015492317907022,,0.9246213060141428,-0.0012509739263125,0.0012509739263125,0.8568942573446617,0.731827111984283,0.6362083689154568,0.6806761078117862,0.3052607476711273,-3.0249357223510746e-05,-0.000307093868359,0.3052607476711273,0.8568942573446617,-0.000307093868359
adult,iid,20,9928,6,7,0.9828999897635378,0.0001535469341795,0.899534105841596,-0.0017565251335474,0.8153200545180651,-0.0027640476816727,0.8568241913126537,-0.0062609931391162,,0.9246213060141428,-0.0040669512612051,0.0040669512612051,0.8568942573446617,0.731827111984283,0.6362083689154568,0.6806761078117862,0.3052607476711273,-7.814168930053711e-05,0.0003070938683591,0.3052607476711273,0.8568942573446617,0.0003070938683591
adult,iid,20,9928,6,8,0.9828999897635378,-3.070938683591429e-05,0.899534105841596,0.0019480637765864,0.8153200545180651,0.0024476007534758,0.8568241913126537,-0.003249892252676,,0.9246213060141428,0.0024186423896439,0.0024186423896439,0.8568942573446617,0.731827111984283,0.6362083689154568,0.6806761078117862,0.3052607476711273,3.728270530700684e-05,0.0003070938683591,0.3052607476711273,0.8568942573446617,0.0003070938683591
adult,iid,20,9928,6,9,0.9828999897635378,2.7638448152345063e-05,0.899534105841596,0.0038102644655806,0.8153200545180651,0.0016676800559299,0.8568241913126537,0.0389346410558075,,0.9246213060141428,0.0011966345200681,0.0011966345200681,0.8568942573446617,0.731827111984283,0.6362083689154568,0.6806761078117862,0.3052607476711273,6.586313247680664e-05,-0.0001023646227863,0.3052607476711273,0.8568942573446617,-0.0001023646227863
adult,iid,20,9928,6,10,0.9828999897635378,7.984440577335494e-05,0.899534105841596,-0.0011107472751941,0.8153200545180651,-0.0016788766788766,0.8568241913126537,0.0048107724027071,,0.9246213060141428,-0.0017732457027633,0.0017732457027633,0.8568942573446617,0.731827111984283,0.6362083689154568,0.6806761078117862,0.3052607476711273,-0.0001288056373596,-0.000307093868359,0.3052607476711273,0.8568942573446617,-0.000307093868359
adult,iid,20,9928,6,11,0.9828999897635378,-0.0002374859248642,0.899534105841596,-0.0001194600406164,0.8153200545180651,-0.0032219231395481,0.8568241913126537,0.006651213176624,,0.9246213060141428,-0.0043955383367801,0.0043955383367801,0.8568942573446617,0.731827111984283,0.6362083689154568,0.6806761078117862,0.3052607476711273,0.0003405511379241,-0.0,0.3052607476711273,0.8568942573446617,-0.0
adult,iid,20,9928,6,12,0.9828999897635378,-0.0001740198587367,0.899534105841596,-0.0021385345407217,0.8153200545180651,-0.0022781806664305,0.8568241913126537,0.0171929783689968,,0.9246213060141428,-0.000543109527915,0.000543109527915,0.8568942573446617,0.731827111984283,0.6362083689154568,0.6806761078117862,0.3052607476711273,-5.340576171875e-05,0.0001023646227864,0.3052607476711273,0.8568942573446617,0.0001023646227864
adult,iid,20,9928,6,13,0.9828999897635378,-0.000194492783294,0.899534105841596,0.0004778401624656,0.8153200545180651,0.0041152808094058,0.8568241913126537,0.019650782187329,,0.9246213060141428,0.0037573835161258,0.0037573835161258,0.8568942573446617,0.731827111984283,0.6362083689154568,0.6806761078117862,0.3052607476711273,0.0002238750457763,-0.0,0.3052607476711273,0.8568942573446617,-0.0
adult,iid,20,9928,6,14,0.9828999897635378,0.0002866209438018,0.899534105841596,0.0013505494362422,0.8153200545180651,0.0028774846539845,0.8568241913126537,0.0149040757609291,,0.9246213060141428,0.0042479641504011,0.0042479641504011,0.8568942573446617,0.731827111984283,0.6362083689154568,0.6806761078117862,0.3052607476711273,5.558133125305176e-05,0.0003070938683591,0.3052607476711273,0.8568942573446617,0.0003070938683591
adult,iid,20,9928,6,15,0.9828999897635378,-4.7087726481653824e-05,0.899534105841596,-0.0016356244042861,0.8153200545180651,-0.00503663003663,0.8568241913126537,-0.0008852753089727,,0.9246213060141428,-0.0040859894089567,0.0040859894089567,0.8568942573446617,0.731827111984283,0.6362083689154568,0.6806761078117862,0.3052607476711273,-0.0002426505088806,-0.0007165523595045,0.3052607476711273,0.8568942573446617,-0.0007165523595045
adult,iid,20,9928,6,16,0.9828999897635378,-4.606408025387143e-05,0.899534105841596,-0.0001673866957174,0.8153200545180651,0.0022949756008506,0.8568241913126537,-0.0047932998637141,,0.9246213060141428,0.0027354331836936,0.0027354331836936,0.8568942573446617,0.731827111984283,0.6362083689154568,0.6806761078117862,0.3052607476711273,0.0001741051673889,-0.0004094584911453,0.3052607476711273,0.8568942573446617,-0.0004094584911453
adult,iid,20,9928,6,17,0.9828999897635378,-0.000126932132255,0.899534105841596,0.0003463370886098,0.8153200545180651,-0.0009325458501708,0.8568241913126537,0.0051602231825649,,0.9246213060141428,-0.0016157501075949,0.0016157501075949,0.8568942573446617,0.731827111984283,0.6362083689154568,0.6806761078117862,0.3052607476711273,0.0001207292079925,-0.0001023646227863,0.3052607476711273,0.8568942573446617,-0.0001023646227863
adult,iid,20,9928,6,18,0.9828999897635378,-7.779711331756811e-05,0.899534105841596,0.0021135183087562,0.8153200545180651,0.000751929140179,0.8568241913126537,0.0063017623967667,,0.9246213060141428,0.0002552471560907,0.0002552471560907,0.8568942573446617,0.731827111984283,0.6362083689154568,0.6806761078117862,0.3052607476711273,0.000139445066452,-0.000307093868359,0.3052607476711273,0.8568942573446617,-0.000307093868359
adult,iid,20,9928,6,19,0.9828999897635378,2.6614801924451648e-05,0.899534105841596,0.0008604291777174,0.8153200545180651,0.0008933576698575,0.8568241913126537,-0.0071986860650676,,0.9246213060141428,-0.0007802614270681,0.0007802614270681,0.8568942573446617,0.731827111984283,0.6362083689154568,0.6806761078117862,0.3052607476711273,0.0002827048301696,0.0002047292455727,0.3052607476711273,0.8568942573446617,0.0002047292455727
adult,iid,20,9928,7,0,0.983334015764152,-0.0001126010850649,0.9011579324340456,0.002935763241825,0.8165634489849597,0.0034935835759585,0.8241563675756267,0.019877925194236,,0.9287371479188832,0.0038342973255837,0.0038342973255837,0.8575084450813799,0.7328431372549019,0.6383432963279249,0.682336832496577,0.3042223751544952,0.0001721382141113,-0.0004094584911453,0.3042223751544952,0.8575084450813799,-0.0004094584911453
adult,iid,20,9928,7,1,0.983334015764152,3.992220288673298e-05,0.9011579324340456,0.002602018840538,0.8165634489849597,0.0024308058190557,0.8241563675756267,0.0032557164323401,,0.9287371479188832,0.0021705994652677,0.0021705994652677,0.8575084450813799,0.7328431372549019,0.6383432963279249,0.682336832496577,0.3042223751544952,-0.0001055896282196,-0.0002047292455726,0.3042223751544952,0.8575084450813799,-0.0002047292455726
adult,iid,20,9928,7,2,0.983334015764152,2.04729245573132e-05,0.9011579324340456,-0.0006203227276682,0.8165634489849597,-0.0013792246850997,0.8241563675756267,-0.0144090204894644,,0.9287371479188832,-0.0012256193940609,0.0012256193940609,0.8575084450813799,0.7328431372549019,0.6383432963279249,0.682336832496577,0.3042223751544952,-5.2303075790405273e-05,-0.0002047292455726,0.3042223751544952,0.8575084450813799,-0.0002047292455726
adult,iid,20,9928,7,3,0.983334015764152,5.220595762100988e-05,0.9011579324340456,0.0002624100459859,0.8165634489849597,-1.119662294668533e-05,0.8241563675756267,0.0076471478992181,,0.9287371479188832,0.0003729233038107,0.0003729233038107,0.8575084450813799,0.7328431372549019,0.6383432963279249,0.682336832496577,0.3042223751544952,7.894635200500488e-05,0.0002047292455727,0.3042223751544952,0.8575084450813799,0.0002047292455727
adult,iid,20,9928,7,4,0.983334015764152,0.0002415805097758,0.9011579324340456,-0.0013712968668372,0.8165634489849597,-0.0038156288156288,0.8241563675756267,0.01002341320225,,0.9287371479188832,-0.0041592916939294,0.0041592916939294,0.8575084450813799,0.7328431372549019,0.6383432963279249,0.682336832496577,0.3042223751544952,-0.0001479089260101,-0.0005118231139318,0.3042223751544952,0.8575084450813799,-0.0005118231139318
adult,iid,20,9928,7,5,0.983334015764152,7.37025284062165e-05,0.9011579324340456,0.0012653181875356,0.8165634489849597,-0.0003164469281969,0.8241563675756267,-0.0026034083099397,,0.9287371479188832,-0.0009377758394925,0.0009377758394925,0.8575084450813799,0.7328431372549019,0.6383432963279249,0.682336832496577,0.3042223751544952,2.8908252716064453e-06,-0.0004094584911453,0.3042223751544952,0.8575084450813799,-0.0004094584911453
adult,iid,20,9928,7,6,0.983334015764152,-1.0236462278601088e-05,0.9011579324340456,0.00288721090751,0.8165634489849597,0.0013568314392062,0.8241563675756267,-0.0123938543256185,,0.9287371479188832,0.0015903579408315,0.0015903579408315,0.8575084450813799,0.7328431372549019,0.6383432963279249,0.682336832496577,0.3042223751544952,-3.266334533691406e-05,-0.0008189169822908,0.3042223751544952,0.8575084450813799,-0.0008189169822908
adult,iid,20,9928,7,7,0.983334015764152,0.0001678779813696,0.9011579324340456,-0.0013480341530665,0.8165634489849597,-0.0035103785103784,0.8241563675756267,0.006360004193409,,0.9287371479188832,-0.0039402336435462,0.0039402336435462,0.8575084450813799,0.7328431372549019,0.6383432963279249,0.682336832496577,0.3042223751544952,-9.956955909729004e-05,-0.000307093868359,0.3042223751544952,0.8575084450813799,-0.000307093868359
adult,iid,20,9928,7,8,0.983334015764152,-3.070938683591429e-05,0.9011579324340456,0.002339175722436,0.8165634489849597,0.0013904213080463,0.8241563675756267,0.0014560449160732,,0.9287371479188832,0.0038886179145724,0.0038886179145724,0.8575084450813799,0.7328431372549019,0.6383432963279249,0.682336832496577,0.3042223751544952,3.203749656677246e-05,-0.0004094584911453,0.3042223751544952,0.8575084450813799,-0.0004094584911453
adult,iid,20,9928,7,9,0.983334015764152,-7.677346708978572e-05,0.9011579324340456,0.0040675436909022,0.8165634489849597,0.0018259035200284,0.8241563675756267,0.0111358315181304,,0.9287371479188832,0.0030639826247568,0.0030639826247568,0.8575084450813799,0.7328431372549019,0.6383432963279249,0.682336832496577,0.3042223751544952,7.87973403930664e-05,-0.0009212816050772,0.3042223751544952,0.8575084450813799,-0.0009212816050772
adult,iid,20,9928,7,10,0.983334015764152,-4.299314157030221e-05,0.9011579324340456,-0.0010017143861429,0.8165634489849597,-0.0019785286726535,0.8241563675756267,0.0040594532260129,,0.9287371479188832,-0.002320872011466,0.002320872011466,0.8575084450813799,0.7328431372549019,0.6383432963279249,0.682336832496577,0.3042223751544952,-9.587407112121582e-05,-0.0004094584911453,0.3042223751544952,0.8575084450813799,-0.0004094584911453
adult,iid,20,9928,7,11,0.983334015764152,-9.417545296341868e-05,0.9011579324340456,-0.0007630793783872,0.8165634489849597,-0.0044317277376028,0.8241563675756267,0.005311651853836,,0.9287371479188832,-0.0046951593556183,0.0046951593556183,0.8575084450813799,0.7328431372549019,0.6383432963279249,0.682336832496577,0.3042223751544952,0.0002490878105163,-0.0004094584911453,0.3042223751544952,0.8575084450813799,-0.0004094584911453
adult,iid,20,9928,7,12,0.983334015764152,-0.0001044119152421,0.9011579324340456,-0.0018716477186261,0.8165634489849597,-0.0008877593583841,0.8241563675756267,0.0088003354727486,,0.9287371479188832,0.0022538672937375,0.0022538672937375,0.8575084450813799,0.7328431372549019,0.6383432963279249,0.682336832496577,0.3042223751544952,1.5020370483398438e-05,-0.0007165523595045,0.3042223751544952,0.8575084450813799,-0.0007165523595045
adult,iid,20,9928,7,13,0.983334015764152,-0.0002333913399529,0.9011579324340456,0.0021596018831274,0.8165634489849597,0.0025946275946275,0.8241563675756267,0.0029179140118111,,0.9287371479188832,0.0037093793116372,0.0037093793116372,0.8575084450813799,0.7328431372549019,0.6383432963279249,0.682336832496577,0.3042223751544952,0.0001296401023864,-0.0009212816050772,0.3042223751544952,0.8575084450813799,-0.0009212816050772
adult,iid,20,9928,7,14,0.983334015764152,0.0001463814105845,0.9011579324340456,0.001277264176289,0.8165634489849597,0.0027304578128326,0.8241563675756267,0.0056028608370508,,0.9287371479188832,0.002860332380384,0.002860332380384,0.8575084450813799,0.7328431372549019,0.6383432963279249,0.682336832496577,0.3042223751544952,4.187226295471192e-05,-0.000307093868359,0.3042223751544952,0.8575084450813799,-0.000307093868359
adult,iid,20,9928,7,15,0.983334015764152,7.779711331767913e-05,0.9011579324340456,-0.0005713460394188,0.8165634489849597,-0.0027472527472527,0.8241563675756267,0.0129005579564114,,0.9287371479188832,-0.002682055485519,0.002682055485519,0.8575084450813799,0.7328431372549019,0.6383432963279249,0.682336832496577,0.3042223751544952,-0.0001830756664276,-0.0008189169822908,0.3042223751544952,0.8575084450813799,-0.0008189169822908
adult,iid,20,9928,7,16,0.983334015764152,-0.0001463814105845,0.9011579324340456,-0.000678899627023,0.8165634489849597,0.0013736263736263,0.8241563675756267,-0.0080606646553835,,0.9287371479188832,0.002122614078035,0.002122614078035,0.8575084450813799,0.7328431372549019,0.6383432963279249,0.682336832496577,0.3042223751544952,0.0001742839813232,-0.0007165523595045,0.3042223751544952,0.8575084450813799,-0.0007165523595045
adult,iid,20,9928,7,17,0.983334015764152,-8.086805200124836e-05,0.9011579324340456,-0.0005968723886832,0.8165634489849597,-0.0003052503052503,0.8241563675756267,-0.0028072545981903,,0.9287371479188832,0.0010146896489502,0.0010146896489502,0.8575084450813799,0.7328431372549019,0.6383432963279249,0.682336832496577,0.3042223751544952,0.000162661075592,-0.0,0.3042223751544952,0.8575084450813799,-0.0
adult,iid,20,9928,7,18,0.983334015764152,-8.189169822903075e-05,0.9011579324340456,0.0034835138293944,0.8165634489849597,0.0015374481491982,0.8241563675756267,0.0240946312711851,,0.9287371479188832,0.0032350741051633,0.0032350741051633,0.8575084450813799,0.7328431372549019,0.6383432963279249,0.682336832496577,0.3042223751544952,0.0001625418663024,-0.0008189169822908,0.3042223751544952,0.8575084450813799,-0.0008189169822908
adult,iid,20,9928,7,19,0.983334015764152,-6.141877367182857e-05,0.9011579324340456,0.0005612737228284,0.8165634489849597,0.0022781806664305,0.8241563675756267,0.0039196729140695,,0.9287371479188832,0.002061070440076,0.002061070440076,0.8575084450813799,0.7328431372549019,0.6383432963279249,0.682336832496577,0.3042223751544952,0.0002204775810241,-0.000307093868359,0.3042223751544952,0.8575084450813799,-0.000307093868359
adult,iid,20,9928,8,0,0.983707646637322,3.889855665883957e-05,0.902814214166468,0.0009071819852998,0.8194745235077843,0.0033465567348065,0.8377150578341042,-0.019755617421286,,0.933765411130864,0.0033962000420728,0.0033962000420728,0.8584297266864571,0.7365564874198323,0.6374893253629377,0.6834515907530327,0.3033725321292877,0.0002257525920867,-0.0004094584911454,0.3033725321292877,0.8584297266864571,-0.0004094584911454
adult,iid,20,9928,8,1,0.983707646637322,0.0001064592076978,0.902814214166468,0.0004304239400078,0.8194745235077843,0.0024308058190556,0.8377150578341042,-0.0136809980314271,,0.933765411130864,0.0023127060716815,0.0023127060716815,0.8584297266864571,0.7365564874198323,0.6374893253629377,0.6834515907530327,0.3033725321292877,-0.0001782178878784,-0.0004094584911454,0.3033725321292877,0.8584297266864571,-0.0004094584911454
adult,iid,20,9928,8,2,0.983707646637322,0.0001678779813696,0.902814214166468,-0.0007039730726495,0.8194745235077843,-0.0012265995324746,0.8377150578341042,0.0014909899940593,,0.933765411130864,-0.001258196975283,0.001258196975283,0.8584297266864571,0.7365564874198323,0.6374893253629377,0.6834515907530327,0.3033725321292877,-3.0487775802612305e-05,0.0001023646227863,0.3033725321292877,0.8584297266864571,0.0001023646227863
adult,iid,20,9928,8,3,0.983707646637322,0.0001238611935714,0.902814214166468,-0.000788744554601,0.8194745235077843,0.0007575274516523,0.8377150578341042,-0.0063425316544165,,0.933765411130864,0.0008762133842774,0.0008762133842774,0.8584297266864571,0.7365564874198323,0.6374893253629377,0.6834515907530327,0.3033725321292877,0.000100165605545,0.0004094584911453,0.3033725321292877,0.8584297266864571,0.0004094584911453
adult,iid,20,9928,8,4,0.983707646637322,0.0002272494625856,0.902814214166468,-0.0015957977524831,0.8194745235077843,-0.0036742002859504,0.8377150578341042,0.0133198988922411,,0.933765411130864,-0.0049105870642607,0.0049105870642607,0.8584297266864571,0.7365564874198323,0.6374893253629377,0.6834515907530327,0.3033725321292877,-0.0001442432403564,-0.0004094584911454,0.3033725321292877,0.8584297266864571,-0.0004094584911454
adult,iid,20,9928,8,5,0.983707646637322,0.0002804790664345,0.902814214166468,0.001108380932542,0.8194745235077843,0.0004466788349286,0.8377150578341042,-0.0186315507460774,,0.933765411130864,0.0008436169857996,0.0008436169857996,0.8584297266864571,0.7365564874198323,0.6374893253629377,0.6834515907530327,0.3033725321292877,-1.7642974853515625e-05,0.000307093868359,0.3033725321292877,0.8584297266864571,0.000307093868359
adult,iid,20,9928,8,6,0.983707646637322,0.0001033882690142,0.902814214166468,0.0003577390889577,0.8194745235077843,-0.0001806167099919,0.8377150578341042,-0.0250265000174725,,0.933765411130864,-0.0002688618585844,0.0002688618585844,0.8584297266864571,0.7365564874198323,0.6374893253629377,0.6834515907530327,0.3033725321292877,-5.424022674560547e-05,-0.0,0.3033725321292877,0.8584297266864571,-0.0
adult,iid,20,9928,8,7,0.983707646637322,1.5354693417957144e-05,0.902814214166468,-0.0022656808967327,0.8194745235077843,-0.0027584493701995,0.8377150578341042,0.0010891215972232,,0.933765411130864,-0.0027354520009493,0.0027354520009493,0.8584297266864571,0.7365564874198323,0.6374893253629377,0.6834515907530327,0.3033725321292877,-8.469820022583008e-05,-0.0,0.3033725321292877,0.8584297266864571,-0.0
adult,iid,20,9928,8,8,0.983707646637322,0.000232367693725,0.902814214166468,0.0008113529361388,0.8194745235077843,0.0035271734447985,0.8377150578341042,0.0011124183158803,,0.933765411130864,0.0062746639057384,0.0062746639057384,0.8584297266864571,0.7365564874198323,0.6374893253629377,0.6834515907530327,0.3033725321292877,1.513957977294922e-05,-0.0002047292455727,0.3033725321292877,0.8584297266864571,-0.0002047292455727
adult,iid,20,9928,8,9,0.983707646637322,8.18916982292528e-06,0.902814214166468,0.0006921350057621,0.8194745235077843,0.0015262515262515,0.8377150578341042,-0.0055504432200723,,0.933765411130864,0.0033237841961466,0.0033237841961466,0.8584297266864571,0.7365564874198323,0.6374893253629377,0.6834515907530327,0.3033725321292877,-4.76837158203125e-06,-0.0002047292455727,0.3033725321292877,0.8584297266864571,-0.0002047292455727
adult,iid,20,9928,8,10,0.983707646637322,-0.0001433104719009,0.902814214166468,-0.0008347245409014,0.8194745235077843,-0.0015150549033048,0.8377150578341042,0.0011939568311805,,0.933765411130864,0.0004308554172847,0.0004308554172847,0.8584297266864571,0.7365564874198323,0.6374893253629377,0.6834515907530327,0.3033725321292877,-8.305907249450684e-05,-0.0,0.3033725321292877,0.8584297266864571,-0.0
adult,iid,20,9928,8,11,0.983707646637322,-6.039512744393516e-05,0.902814214166468,-0.0013738302196435,0.8194745235077843,-0.0032163248280749,0.8377150578341042,-0.0081305548113548,,0.933765411130864,-0.0036324655021794,0.0036324655021794,0.8584297266864571,0.7365564874198323,0.6374893253629377,0.6834515907530327,0.3033725321292877,0.0003632605075836,0.0005118231139318,0.3033725321292877,0.8584297266864571,0.0005118231139318
adult,iid,20,9928,8,12,0.983707646637322,-0.0001207902548878,0.902814214166468,-0.0017149872638062,0.8194745235077843,-0.0005881073646072,0.8377150578341042,0.0064065976307239,,0.933765411130864,0.0012835326902789,0.0012835326902789,0.8584297266864571,0.7365564874198323,0.6374893253629377,0.6834515907530327,0.3033725321292877,7.149577140808105e-05,-0.0004094584911454,0.3033725321292877,0.8584297266864571,-0.0004094584911454
adult,iid,20,9928,8,13,0.983707646637322,-0.0001371685945337,0.902814214166468,-0.0002500519596797,0.8194745235077843,0.002888681276931,0.8377150578341042,0.0114794581183239,,0.933765411130864,0.0040171474530039,0.0040171474530039,0.8584297266864571,0.7365564874198323,0.6374893253629377,0.6834515907530327,0.3033725321292877,7.256865501403809e-05,-0.0001023646227864,0.3033725321292877,0.8584297266864571,-0.0001023646227864
adult,iid,20,9928,8,14,0.983707646637322,9.827003787488132e-05,0.902814214166468,0.0005612638744187,0.8194745235077843,0.0022669840434837,0.8377150578341042,-0.0065638504816596,,0.933765411130864,0.0025761003503007,0.0025761003503007,0.8584297266864571,0.7365564874198323,0.6374893253629377,0.6834515907530327,0.3033725321292877,6.815791130065918e-05,-0.0003070938683591,0.3033725321292877,0.8584297266864571,-0.0003070938683591
adult,iid,20,9928,8,15,0.983707646637322,-8.18916982292528e-06,0.902814214166468,-0.001453787741019,0.8194745235077843,-0.0021255555138054,0.8377150578341042,0.0106000069890157,,0.933765411130864,-0.0029010759013906,0.0029010759013906,0.8584297266864571,0.7365564874198323,0.6374893253629377,0.6834515907530327,0.3033725321292877,-0.0001289248466491,-0.0002047292455727,0.3033725321292877,0.8584297266864571,-0.0002047292455727
adult,iid,20,9928,8,16,0.983707646637322,-9.110451427984945e-05,0.902814214166468,-0.0007039730726495,0.8194745235077843,0.002752851058726,0.8377150578341042,-0.0020384628825029,,0.933765411130864,0.0029219136528547,0.0029219136528547,0.8584297266864571,0.7365564874198323,0.6374893253629377,0.6834515907530327,0.3033725321292877,0.0001469850540161,0.0001023646227863,0.3033725321292877,0.8584297266864571,0.0001023646227863
adult,iid,20,9928,8,17,0.983707646637322,-3.378032551948351e-05,0.902814214166468,-0.0015159778888822,0.8194745235077843,-0.0004578754578754,0.8377150578341042,0.0056028608370513,,0.933765411130864,-0.0007549068948162,0.0007549068948162,0.8584297266864571,0.7365564874198323,0.6374893253629377,0.6834515907530327,0.3033725321292877,0.0001279413700103,0.000307093868359,0.3033725321292877,0.8584297266864571,0.000307093868359
adult,iid,20,9928,8,18,0.983707646637322,1.4331047190063728e-05,0.902814214166468,0.001299965925142,0.8194745235077843,0.0013736263736263,0.8377150578341042,-0.0077112138755255,,0.933765411130864,0.0016962942587938,0.0016962942587938,0.8584297266864571,0.7365564874198323,0.6374893253629377,0.6834515907530327,0.3033725321292877,0.0001550018787384,-0.0001023646227864,0.3033725321292877,0.8584297266864571,-0.0001023646227864
adult,iid,20,9928,8,19,0.983707646637322,-1.228375473438792e-05,0.902814214166468,-0.0009310148411656,0.8194745235077843,0.0018091085856083,0.8377150578341042,-0.003447914361262,,0.933765411130864,0.0003032325433232,0.0003032325433232,0.8584297266864571,0.7365564874198323,0.6374893253629377,0.6834515907530327,0.3033725321292877,0.0001980662345886,0.0002047292455726,0.3033725321292877,0.8584297266864571,0.0002047292455726
adult,iid,20,9928,9,0,0.9841457672228476,-0.0001863036134712,0.9044669446098867,0.0019437358500677,0.817185146218407,0.0025722343487341,0.8280760404896972,-0.0024053862013535,,0.9304171964760236,-0.0009060846973169,0.0009060846973169,0.8593510082915344,0.7370225269343781,0.6426131511528608,0.6865875912408759,0.302440345287323,0.000265896320343,-0.0007165523595045,0.302440345287323,0.8593510082915344,-0.0007165523595045
adult,iid,20,9928,9,1,0.9841457672228476,2.4567509468664817e-05,0.9044669446098867,0.0022891509647601,0.817185146218407,0.0025778326602075,0.8280760404896972,-0.0267854022760893,,0.9304171964760236,0.0016591622622724,0.0016591622622724,0.8593510082915344,0.7370225269343781,0.6426131511528608,0.6865875912408759,0.302440345287323,-0.0001832842826843,-0.0008189169822909,0.302440345287323,0.8593510082915344,-0.0008189169822909
adult,iid,20,9928,9,2,0.9841457672228476,0.0001729962125088,0.9044669446098867,-0.0010045060993753,0.817185146218407,-0.0026002259061009,0.8280760404896972,-0.0098137427343356,,0.9304171964760236,-0.001862850141157,0.001862850141157,0.8593510082915344,0.7370225269343781,0.6426131511528608,0.6865875912408759,0.302440345287323,-7.942318916320801e-05,0.0006141877367181,0.302440345287323,0.8593510082915344,0.0006141877367181
adult,iid,20,9928,9,3,0.9841457672228476,0.0001699252738253,0.9044669446098867,-0.0009304103287525,0.817185146218407,-1.1196622946796351e-05,0.8280760404896972,0.0029994525271115,,0.9304171964760236,-0.0023787853076839,0.0023787853076839,0.8593510082915344,0.7370225269343781,0.6426131511528608,0.6865875912408759,0.302440345287323,0.0001109540462493,0.0002047292455726,0.302440345287323,0.8593510082915344,0.0002047292455726
adult,iid,20,9928,9,4,0.9841457672228476,0.0001883509059268,0.9044669446098867,-0.002058418571823,0.817185146218407,-0.0028998778998778,0.8280760404896972,0.0072918729396966,,0.9304171964760236,-0.0032179043299519,0.0032179043299519,0.8593510082915344,0.7370225269343781,0.6426131511528608,0.6865875912408759,0.302440345287323,-0.0001179277896881,-0.0003070938683591,0.302440345287323,0.8593510082915344,-0.0003070938683591
adult,iid,20,9928,9,5,0.9841457672228476,0.0001074828539255,0.9044669446098867,0.0008610895581195,0.817185146218407,0.0007463308287056,0.8280760404896972,0.0025160456149753,,0.9304171964760236,-0.0018836799842576,0.0018836799842576,0.8593510082915344,0.7370225269343781,0.6426131511528608,0.6865875912408759,0.302440345287323,-2.3752450942993164e-05,-0.0008189169822909,0.302440345287323,0.8593510082915344,-0.0008189169822909
adult,iid,20,9928,9,6,0.9841457672228476,1.1260108506494504e-05,0.9044669446098867,0.0023124391938649,0.817185146218407,0.0007463308287056,0.8280760404896972,0.0048398933010287,,0.9304171964760236,-0.0006499322849239,0.0006499322849239,0.8593510082915344,0.7370225269343781,0.6426131511528608,0.6865875912408759,0.302440345287323,-2.9981136322021484e-05,-0.0006141877367181,0.302440345287323,0.8593510082915344,-0.0006141877367181
adult,iid,20,9928,9,7,0.9841457672228476,0.000104411915242,0.9044669446098867,-0.0014069979613033,0.817185146218407,-0.0033577533577533,0.8280760404896972,-0.0142051742012134,,0.9304171964760236,-0.0027390635254346,0.0027390635254346,0.8593510082915344,0.7370225269343781,0.6426131511528608,0.6865875912408759,0.302440345287323,-0.0001038312911987,0.0002047292455726,0.302440345287323,0.8593510082915344,0.0002047292455726
adult,iid,20,9928,9,8,0.9841457672228476,0.0002047292455726,0.9044669446098867,0.0004764740917212,0.817185146218407,0.0026226191519942,0.8280760404896972,-0.0162261645447236,,0.9304171964760236,0.0059098877244561,0.0059098877244561,0.8593510082915344,0.7370225269343781,0.6426131511528608,0.6865875912408759,0.302440345287323,4.0531158447265625e-06,-0.0,0.302440345287323,0.8593510082915344,-0.0
adult,iid,20,9928,9,9,0.9841457672228476,6.141877367182857e-05,0.9044669446098867,0.0015254178741479,0.817185146218407,0.0010739743798493,0.8280760404896972,0.02521287376673,,0.9304171964760236,0.0025245222558387,0.0025245222558387,0.8593510082915344,0.7370225269343781,0.6426131511528608,0.6865875912408759,0.302440345287323,1.0967254638671877e-05,-0.0002047292455726,0.302440345287323,0.8593510082915344,-0.0002047292455726
adult,iid,20,9928,9,10,0.9841457672228476,-0.000209847476712,0.9044669446098867,-0.001083317419651,0.817185146218407,-0.0008989559813308,0.8280760404896972,0.0118580297965034,,0.9304171964760236,-0.0004091312267739,0.0004091312267739,0.8593510082915344,0.7370225269343781,0.6426131511528608,0.6865875912408759,0.302440345287323,-5.939602851867676e-05,-0.0001023646227863,0.302440345287323,0.8593510082915344,-0.0001023646227863
adult,iid,20,9928,9,11,0.9841457672228476,1.4331047190063728e-05,0.9044669446098867,-0.0014701083228741,0.817185146218407,-0.0025946275946275,0.8280760404896972,-0.0043914314668778,,0.9304171964760236,-0.0035672727052236,0.0035672727052236,0.8593510082915344,0.7370225269343781,0.6426131511528608,0.6865875912408759,0.302440345287323,0.0003466010093688,0.0007165523595045,0.302440345287323,0.8593510082915344,0.0007165523595045
adult,iid,20,9928,9,12,0.9841457672228476,0.0001166956699764,0.9044669446098867,-0.0021552564382313,0.817185146218407,-0.0012042062865811,0.8280760404896972,-0.0056203333760438,,0.9304171964760236,-0.0007702958835711,0.0007702958835711,0.8593510082915344,0.7370225269343781,0.6426131511528608,0.6865875912408759,0.302440345287323,5.814433097839356e-05,-0.0001023646227863,0.302440345287323,0.8593510082915344,-0.0001023646227863
adult,iid,20,9928,9,13,0.9841457672228476,-0.0002078001842563,0.9044669446098867,0.0015254178741479,0.817185146218407,0.001820305208555,0.8280760404896972,-0.0078131370196508,,0.9304171964760236,0.0014482701516735,0.0014482701516735,0.8593510082915344,0.7370225269343781,0.6426131511528608,0.6865875912408759,0.302440345287323,9.66191291809082e-05,-0.0002047292455726,0.302440345287323,0.8593510082915344,-0.0002047292455726
adult,iid,20,9928,9,14,0.9841457672228476,-6.141877367182857e-05,0.9044669446098867,0.0027534748335898,0.817185146218407,0.0033409584233332,0.8280760404896972,0.0172046267283254,,0.9304171964760236,0.0012572729017247,0.0012572729017247,0.8593510082915344,0.7370225269343781,0.6426131511528608,0.6865875912408759,0.302440345287323,0.0001084804534912,-0.0009212816050773,0.302440345287323,0.8593510082915344,-0.0009212816050773
adult,iid,20,9928,9,15,0.9841457672228476,0.000164807042686,0.9044669446098867,-0.001292217693778,0.817185146218407,-0.0030581013639764,0.8280760404896972,-0.0083344010996051,,0.9304171964760236,-0.0054663604954917,0.0054663604954917,0.8593510082915344,0.7370225269343781,0.6426131511528608,0.6865875912408759,0.302440345287323,-0.0001557171344757,-0.0009212816050773,0.302440345287323,0.8593510082915344,-0.0009212816050773
adult,iid,20,9928,9,16,0.9841457672228476,-0.0001924454908384,0.9044669446098867,0.0003459346051226,0.817185146218407,0.0019953236070736,0.8280760404896972,0.0195517711330359,,0.9304171964760236,0.0032794479679107,0.0032794479679107,0.8593510082915344,0.7370225269343781,0.6426131511528608,0.6865875912408759,0.302440345287323,0.0001341700553894,-0.0001023646227863,0.302440345287323,0.8593510082915344,-0.0001023646227863
adult,iid,20,9928,9,17,0.9841457672228476,1.0236462278601088e-05,0.9044669446098867,-0.0009819644159865,0.817185146218407,-0.0018426984544486,0.8280760404896972,0.0142925368961783,,0.9304171964760236,-0.0035962387619605,0.0035962387619605,0.8593510082915344,0.7370225269343781,0.6426131511528608,0.6865875912408759,0.302440345287323,0.0001372694969177,0.0008189169822908,0.302440345287323,0.8593510082915344,0.0008189169822908
adult,iid,20,9928,9,18,0.9841457672228476,-0.00010543556147,0.9044669446098867,0.0020859922289344,0.817185146218407,0.0013736263736263,0.8280760404896972,0.0015841768686881,,0.9304171964760236,-0.0007712011398735,0.0007712011398735,0.8593510082915344,0.7370225269343781,0.6426131511528608,0.6865875912408759,0.302440345287323,0.0002067983150482,-0.0005118231139318,0.302440345287323,0.8593510082915344,-0.0005118231139318
adult,iid,20,9928,9,19,0.9841457672228476,-0.00010543556147,0.9044669446098867,0.0014215008792183,0.817185146218407,-0.0004914653267156,0.8280760404896972,0.0142808885368497,,0.9304171964760236,-0.0050943424479833,0.0050943424479833,0.8593510082915344,0.7370225269343781,0.6426131511528608,0.6865875912408759,0.302440345287323,0.0002019107341766,-0.00112601085065,0.302440345287323,0.8593510082915344,-0.00112601085065
adult,iid,20,9928,10,0,0.9843269526051796,-0.000164807042686,0.9060714285714284,0.0009410869454316,0.8187169960561319,0.0022669840434839,0.8255366981560646,-0.0097613251173571,,0.93298609259461,-0.0003177148676077,0.0003177148676077,0.8598628314054663,0.7390663390663391,0.6421861656703672,0.687228695453507,0.3016612529754638,0.0001797676086425,-0.0001023646227863,0.3016612529754638,0.8598628314054663,-0.0001023646227863
adult,iid,20,9928,10,1,0.9843269526051796,-6.039512744393516e-05,0.9060714285714284,0.0010601203938306,0.8187169960561319,0.0030469047410296,0.8255366981560646,-0.012190008037368,,0.93298609259461,0.0025643605205428,0.0025643605205428,0.8598628314054663,0.7390663390663391,0.6421861656703672,0.687228695453507,0.3016612529754638,-8.311867713928223e-05,-0.0001023646227863,0.3016612529754638,0.8598628314054663,-0.0001023646227863
adult,iid,20,9928,10,2,0.9843269526051796,8.803357559628022e-05,0.9060714285714284,-0.0019909746678236,0.8187169960561319,-0.0024476007534758,0.8255366981560646,-0.0001397803119433,,0.93298609259461,-0.0028449622088851,0.0028449622088851,0.8598628314054663,0.7390663390663391,0.6421861656703672,0.687228695453507,0.3016612529754638,-5.84721565246582e-05,0.0003070938683591,0.3016612529754638,0.8598628314054663,0.0003070938683591
adult,iid,20,9928,10,3,0.9843269526051796,4.606408025387143e-05,0.9060714285714284,0.0004649531518355,0.8187169960561319,0.0006049022990272,0.8255366981560646,-0.0079558294214261,,0.93298609259461,-0.0003249567338339,0.0003249567338339,0.8598628314054663,0.7390663390663391,0.6421861656703672,0.687228695453507,0.3016612529754638,0.0001142919063568,-0.0001023646227863,0.3016612529754638,0.8598628314054663,-0.0001023646227863
adult,iid,20,9928,10,4,0.9843269526051796,7.472617463410991e-05,0.9060714285714284,-0.0035176125244619,0.8187169960561319,-0.0035215751333251,0.8255366981560646,-0.0197730899602794,,0.93298609259461,-0.0053694844647239,0.0053694844647239,0.8598628314054663,0.7390663390663391,0.6421861656703672,0.687228695453507,0.3016612529754638,-9.09566879272461e-05,0.0005118231139318,0.3016612529754638,0.8598628314054663,0.0005118231139318
adult,iid,20,9928,10,5,0.9843269526051796,9.212816050774286e-05,0.9060714285714284,0.0007769609926063,0.8187169960561319,0.0035103785103784,0.8255366981560646,-0.022300783934583,,0.93298609259461,0.0045086600692012,0.0045086600692012,0.8598628314054663,0.7390663390663391,0.6421861656703672,0.687228695453507,0.3016612529754638,-5.808472633361816e-05,-0.0005118231139318,0.3016612529754638,0.8598628314054663,-0.0005118231139318
adult,iid,20,9928,10,6,0.9843269526051796,-0.0001207902548878,0.9060714285714284,0.0006804967613607,0.8187169960561319,-0.0004802687037688,0.8255366981560646,0.0075481368449252,,0.93298609259461,-0.003426090172368,0.003426090172368,0.8598628314054663,0.7390663390663391,0.6421861656703672,0.687228695453507,0.3016612529754638,-2.855062484741211e-05,-0.0003070938683591,0.3016612529754638,0.8598628314054663,-0.0003070938683591
adult,iid,20,9928,10,7,0.9843269526051796,0.0001596888115467,0.9060714285714284,-0.0020991288368611,0.8187169960561319,-0.003052503052503,0.8255366981560646,-0.011520227375974,,0.93298609259461,-0.0025200054750511,0.0025200054750511,0.8598628314054663,0.7390663390663391,0.6421861656703672,0.687228695453507,0.3016612529754638,-8.556246757507324e-05,0.0004094584911454,0.3016612529754638,0.8598628314054663,0.0004094584911454
adult,iid,20,9928,10,8,0.9843269526051796,0.0001443341181287,0.9060714285714284,0.0002268862550376,0.8187169960561319,0.0029110745228245,0.8255366981560646,-0.0196973756246434,,0.93298609259461,0.0043629419383022,0.0043629419383022,0.8598628314054663,0.7390663390663391,0.6421861656703672,0.687228695453507,0.3016612529754638,2.6166439056396484e-05,-0.0001023646227863,0.3016612529754638,0.8598628314054663,-0.0001023646227863
adult,iid,20,9928,10,9,0.9843269526051796,-2.5591155696558232e-05,0.9060714285714284,0.0012868534702621,0.8187169960561319,0.0010739743798494,0.8255366981560646,-0.0104544024974084,,0.93298609259461,0.0025245222558387,0.0025245222558387,0.8598628314054663,0.7390663390663391,0.6421861656703672,0.687228695453507,0.3016612529754638,-8.940696716308594e-06,-0.0002047292455726,0.3016612529754638,0.8598628314054663,-0.0002047292455726
adult,iid,20,9928,10,10,0.9843269526051796,-0.0001596888115467,0.9060714285714284,-0.0010382534578676,0.8187169960561319,-0.0004354822119819,0.8255366981560646,0.0126967116681613,,0.93298609259461,0.0009667418962293,0.0009667418962293,0.8598628314054663,0.7390663390663391,0.6421861656703672,0.687228695453507,0.3016612529754638,-4.139542579650879e-05,0.0003070938683591,0.3016612529754638,0.8598628314054663,0.0003070938683591
adult,iid,20,9928,10,11,0.9843269526051796,-7.57498208618923e-05,0.9060714285714284,-0.0012874664035654,0.8187169960561319,-0.0019897252956003,0.8255366981560646,0.0029878041677826,,0.93298609259461,-0.00360801622623,0.00360801622623,0.8598628314054663,0.7390663390663391,0.6421861656703672,0.687228695453507,0.3016612529754638,0.000243991613388,0.0002047292455726,0.3016612529754638,0.8598628314054663,0.0002047292455726
adult,iid,20,9928,10,12,0.9843269526051796,3.889855665883957e-05,0.9060714285714284,-0.003257774335756,0.8187169960561319,-0.0016676800559299,0.8255366981560646,-0.0257486982958452,,0.93298609259461,-0.0016229543393093,0.0016229543393093,0.8598628314054663,0.7390663390663391,0.6421861656703672,0.687228695453507,0.3016612529754638,6.070733070373535e-05,0.0007165523595045,0.3016612529754638,0.8598628314054663,0.0007165523595045
adult,iid,20,9928,10,13,0.9843269526051796,-0.0003244958542327,0.9060714285714284,-0.0001078784889357,0.8187169960561319,0.0033521550462799,0.8255366981560646,-0.031724306631411,,0.93298609259461,0.0027834185709262,0.0027834185709262,0.8598628314054663,0.7390663390663391,0.6421861656703672,0.687228695453507,0.3016612529754638,6.690621376037598e-05,0.0001023646227863,0.3016612529754638,0.8598628314054663,0.0001023646227863
adult,iid,20,9928,10,14,0.9843269526051796,-0.0001525232879516,0.9060714285714284,0.0001414452420643,0.8187169960561319,0.0022837789779038,0.8255366981560646,-0.0121201178813965,,0.93298609259461,0.0028241432746769,0.0028241432746769,0.8598628314054663,0.7390663390663391,0.6421861656703672,0.687228695453507,0.3016612529754638,0.0001276433467864,0.0002047292455726,0.3016612529754638,0.8598628314054663,0.0002047292455726
adult,iid,20,9928,10,15,0.9843269526051796,0.000112601085065,0.9060714285714284,-0.0020128671780654,0.8187169960561319,-0.0019841269841269,0.8255366981560646,0.0026500017472534,,0.93298609259461,-0.002418623572388,0.002418623572388,0.8598628314054663,0.7390663390663391,0.6421861656703672,0.687228695453507,0.3016612529754638,-0.0001488626003265,0.0001023646227863,0.3016612529754638,0.8598628314054663,0.0001023646227863
adult,iid,20,9928,10,16,0.9843269526051796,-0.0002559115569659,0.9060714285714284,-0.000595238095238,0.8187169960561319,0.0027472527472527,0.8255366981560646,-0.0071462684480891,,0.93298609259461,0.003250481911174,0.003250481911174,0.8598628314054663,0.7390663390663391,0.6421861656703672,0.687228695453507,0.3016612529754638,0.0001569092273712,-0.0,0.3016612529754638,0.8598628314054663,-0.0
adult,iid,20,9928,10,17,0.9843269526051796,-6.346606612750438e-05,0.9060714285714284,-0.0018609201660655,0.8187169960561319,-0.0012321978439479,0.8255366981560646,0.0326416149285371,,0.93298609259461,-0.0039655505412861,0.0039655505412861,0.8598628314054663,0.7390663390663391,0.6421861656703672,0.687228695453507,0.3016612529754638,0.000170886516571,0.0004094584911454,0.3016612529754638,0.8598628314054663,0.0004094584911454
adult,iid,20,9928,10,18,0.9843269526051796,-0.0001729962125089,0.9060714285714284,0.000595238095238,0.8187169960561319,0.0015150549033048,0.8255366981560646,-0.0032790131509976,,0.93298609259461,0.0009449988884627,0.0009449988884627,0.8598628314054663,0.7390663390663391,0.6421861656703672,0.687228695453507,0.3016612529754638,0.0001432597637176,-0.0,0.3016612529754638,0.8598628314054663,-0.0
adult,iid,20,9928,10,19,0.9843269526051796,-0.000171972566281,0.9060714285714284,0.0003346992212738,0.8187169960561319,-0.0001806167099919,0.8255366981560646,0.0281861174853519,,0.93298609259461,-0.001502609557918,0.001502609557918,0.8598628314054663,0.7390663390663391,0.6421861656703672,0.687228695453507,0.3016612529754638,0.0001368820667266,-0.0002047292455726,0.3016612529754638,0.8598628314054663,-0.0002047292455726
adult,iid,4,9928,1,0,0.982297062135326,0.0016388576108097,0.8768585131894484,0.01713379745037,0.8399725511941862,0.0189647071058323,0.8896550920802804,0.02822397465317,,0.936036466832876,0.0216554035837378,0.0216554035837378,0.8537209540382844,0.7487738419618528,0.5866780529461998,0.6578884366770409,0.3113709986209869,-5.65946102142334e-05,-0.0015354693417954,0.3113709986209869,0.8537209540382844,-0.0015354693417954
adult,iid,4,9928,1,1,0.982297062135326,0.0005169413450711,0.8768585131894484,-0.014910145317871,0.8399725511941862,-0.0134660740426982,0.8896550920802804,0.0456499202087385,,0.936036466832876,-0.005395709435102,0.005395709435102,0.8537209540382844,0.7487738419618528,0.5866780529461998,0.6578884366770409,0.3113709986209869,0.0028620660305023,0.0006141877367181,0.3113709986209869,0.8537209540382844,0.0006141877367181
adult,iid,4,9928,1,2,0.982297062135326,-0.0001330740096222,0.8768585131894484,0.0007491344415472,0.8399725511941862,-0.00165088512151,0.8896550920802804,0.033605516662978,,0.936036466832876,-0.0006643783828645,0.0006643783828645,0.8537209540382844,0.7487738419618528,0.5866780529461998,0.6578884366770409,0.3113709986209869,0.0016107857227325,0.0002047292455727,0.3113709986209869,0.8537209540382844,0.0002047292455727
adult,iid,4,9928,1,3,0.982297062135326,0.0001207902548879,0.8768585131894484,0.004574273602364,0.8399725511941862,0.0047552437201178,0.8896550920802804,0.0132092394786194,,0.936036466832876,-0.0054482529214942,0.0054482529214942,0.8537209540382844,0.7487738419618528,0.5866780529461998,0.6578884366770409,0.3113709986209869,0.0005288422107696,0.0009212816050773,0.3113709986209869,0.8537209540382844,0.0009212816050773
adult,iid,4,9928,2,0,0.9826891186405978,0.0002456750946873,0.9086774386594854,0.015991014185298,0.8348799380428227,0.0085302136125884,0.8568999056482896,0.0281104031497165,,0.930210745692996,0.0118088481973455,0.0118088481973455,0.8552564233800799,0.7524483133841132,0.5905209222886422,0.6617224880382775,0.3044557869434356,0.0004741847515106,-0.0013307400962226,0.3044557869434356,0.8552564233800799,-0.0013307400962226
adult,iid,4,9928,2,1,0.9826891186405978,-0.0007687583171255,0.9086774386594854,-0.0082892040091011,0.8348799380428227,-0.0172928994812737,0.8568999056482896,-0.0240480378338707,,0.930210745692996,-0.0118368915886919,0.0118368915886919,0.8552564233800799,0.7524483133841132,0.5905209222886422,0.6617224880382775,0.3044557869434356,0.0028225779533386,0.0021496570785136,0.3044557869434356,0.8552564233800799,0.0021496570785136
adult,iid,4,9928,2,2,0.9826891186405978,-0.0004729245572729,0.9086774386594854,-0.0027952255347962,0.8348799380428227,-0.0027248595013593,0.8568999056482896,-0.0324581532691119,,0.930210745692996,0.0001312343984465,0.0001312343984465,0.8552564233800799,0.7524483133841132,0.5905209222886422,0.6617224880382775,0.3044557869434356,0.0007987022399902,-0.0004094584911453,0.3044557869434356,0.8552564233800799,-0.0004094584911453
adult,iid,4,9928,2,3,0.9826891186405978,-0.001043095506193,0.9086774386594854,0.0053472997040469,0.8348799380428227,0.0067561656386647,0.8568999056482896,0.0374552994210766,,0.930210745692996,0.000396442006006,0.000396442006006,0.8552564233800799,0.7524483133841132,0.5905209222886422,0.6617224880382775,0.3044557869434356,0.0007712244987487,0.0007165523595046,0.3044557869434356,0.8552564233800799,0.0007165523595046
adult,iid,4,9928,3,0,0.9849657078513666,0.0003807963967653,0.920826367327442,0.0072106697921465,0.8415898464468561,0.006105006105006,0.8258628522172651,-0.0124520961222613,,0.9356880160309666,0.0074622945903795,0.0074622945903795,0.8572013512130208,0.7643774427694026,0.5845431255337319,0.6624727800629083,0.3022526800632477,0.0017924010753631,0.0016378339645818,0.3022526800632477,0.8572013512130208,0.0016378339645818
adult,iid,4,9928,3,1,0.9849657078513666,-0.0003879619203602,0.920826367327442,-0.0076252146476298,0.8415898464468561,-0.0159864528453275,0.8258628522172651,0.0068667078242028,,0.9356880160309666,-0.0160160767351037,0.0160160767351037,0.8572013512130208,0.7643774427694026,0.5845431255337319,0.6624727800629083,0.3022526800632477,0.0018838644027709,0.0030709386835909,0.3022526800632477,0.8572013512130208,0.0030709386835909
adult,iid,4,9928,3,2,0.9849657078513666,-0.0002108711229398,0.920826367327442,-0.0026271793647002,0.8415898464468561,-0.0013568314392062,0.8258628522172651,0.0252012254074012,,0.9356880160309666,-0.0010219315151764,0.0010219315151764,0.8572013512130208,0.7643774427694026,0.5845431255337319,0.6624727800629083,0.3022526800632477,0.0012672245502471,-0.0,0.3022526800632477,0.8572013512130208,-0.0
adult,iid,4,9928,3,3,0.9849657078513666,-0.0011004196949533,0.920826367327442,0.0042593101914152,0.8415898464468561,0.0114987419929912,0.8258628522172651,-0.0230695756502699,,0.9356880160309666,0.002656702361435,0.002656702361435,0.8572013512130208,0.7643774427694026,0.5845431255337319,0.6624727800629083,0.3022526800632477,0.0005033016204833,0.0008189169822908,0.3022526800632477,0.8572013512130208,0.0008189169822908
adult,iid,4,9928,4,0,0.9860333708670284,0.0006878902651243,0.9195183021342554,0.0118370044243317,0.8359651090456188,0.0091631074689825,0.8498701207934862,0.0157019883749371,,0.9339319886468184,0.0117401191449277,0.0117401191449277,0.8585320913092436,0.7608695652173914,0.5977796754910333,0.6695361071257772,0.2991190254688263,0.0020365715026855,0.0003070938683591,0.2991190254688263,0.8585320913092436,0.0003070938683591
adult,iid,4,9928,4,1,0.9860333708670284,0.000232367693725,0.9195183021342554,-0.0116068921740071,0.8359651090456188,-0.0250991755110498,0.8498701207934862,-0.0136344045941128,,0.9339319886468184,-0.0216055447319372,0.0216055447319372,0.8585320913092436,0.7608695652173914,0.5977796754910333,0.6695361071257772,0.2991190254688263,0.0028777122497558,0.0024567509468728,0.2991190254688263,0.8585320913092436,0.0024567509468728
adult,iid,4,9928,4,2,0.9860333708670284,-0.000277408127751,0.9195183021342554,-0.0019264469419156,0.8359651090456188,-0.0019449388038135,0.8498701207934862,-0.0262204568486528,,0.9339319886468184,0.0001194945686886,0.0001194945686886,0.8585320913092436,0.7608695652173914,0.5977796754910333,0.6695361071257772,0.2991190254688263,0.0013240277767181,-0.0002047292455726,0.2991190254688263,0.8585320913092436,-0.0002047292455726
adult,iid,4,9928,4,3,0.9860333708670284,-0.0004606408025386,0.9195183021342554,0.0077851276256193,0.8359651090456188,0.0083902558257547,0.8498701207934862,-0.0012929678854731,,0.9339319886468184,-0.0027463590270927,0.0027463590270927,0.8585320913092436,0.7608695652173914,0.5977796754910333,0.6695361071257772,0.2991190254688263,0.0010735988616943,-0.0008189169822908,0.2991190254688263,0.8585320913092436,-0.0008189169822908
adult,iid,4,9928,5,0,0.9869843382127136,0.0009294707749002,0.9217484516436398,0.0098541785158865,0.836536421475806,0.0064494445905698,0.8348728581579283,0.0066686857156168,,0.9303140256943472,0.0087467216280686,0.0087467216280686,0.8594533729143208,0.7669421487603306,0.5943637916310845,0.669713735867212,0.2975969612598419,0.0020307004451751,-0.0003070938683591,0.2975969612598419,0.8594533729143208,-0.0003070938683591
adult,iid,4,9928,5,1,0.9869843382127136,0.0001699252738254,0.9217484516436398,-0.0054527874842047,0.836536421475806,-0.0196438581968578,0.8348728581579283,-0.0014502207364095,,0.9303140256943472,-0.0214408369966904,0.0214408369966904,0.8594533729143208,0.7669421487603306,0.5943637916310845,0.669713735867212,0.2975969612598419,0.0019187033176422,0.000307093868359,0.2975969612598419,0.8594533729143208,0.000307093868359
adult,iid,4,9928,5,2,0.9869843382127136,-0.0005773364725151,0.9217484516436398,-0.0041554494029824,0.836536421475806,-0.0074394442983189,0.8348728581579283,0.01429544898601,,0.9303140256943472,-0.0097984991388327,0.0097984991388327,0.8594533729143208,0.7669421487603306,0.5943637916310845,0.669713735867212,0.2975969612598419,0.0020801424980163,-0.0012283754734364,0.2975969612598419,0.8594533729143208,-0.0012283754734364
adult,iid,4,9928,5,3,0.9869843382127136,-0.0001136247312928,0.9217484516436398,0.0028778297708735,0.836536421475806,0.0081297920122911,0.8348728581579283,-0.0165115493482743,,0.9303140256943472,-0.0017506134396146,0.0017506134396146,0.8594533729143208,0.7669421487603306,0.5943637916310845,0.669713735867212,0.2975969612598419,0.0008060634136199,0.0002047292455726,0.2975969612598419,0.8594533729143208,0.0002047292455726
adult,iid,4,9928,6,0,0.9871194595147916,0.0007482853925683,0.9153672181883108,0.0101917274090128,0.8326745354255457,0.016120812320688,0.8650945264359513,0.0123064916306536,,0.9368810861617858,0.0244985835979987,0.0244985835979987,0.8599651960282526,0.7565858798735511,0.6131511528608027,0.6773584905660377,0.295469731092453,0.0028097331523895,-0.0004094584911454,0.295469731092453,0.8599651960282526,-0.0004094584911454
adult,iid,4,9928,6,1,0.9871194595147916,-2.5591155696558232e-05,0.9153672181883108,-0.0076639500248701,0.8326745354255457,-0.0173488825960071,0.8650945264359513,0.0052767067758505,,0.9368810861617858,-0.0170453362944219,0.0170453362944219,0.8599651960282526,0.7565858798735511,0.6131511528608027,0.6773584905660377,0.295469731092453,0.0017797946929931,-0.0005118231139318,0.295469731092453,0.8599651960282526,-0.0005118231139318
adult,iid,4,9928,6,2,0.9871194595147916,-0.0009612038079639,0.9153672181883108,0.0011934290145216,0.8326745354255457,-0.0006623561566053,0.8650945264359513,0.0302012836491978,,0.9368810861617858,0.0057270252799759,0.0057270252799759,0.8599651960282526,0.7565858798735511,0.6131511528608027,0.6773584905660377,0.295469731092453,0.0016472935676574,-0.0023543863240864,0.295469731092453,0.8599651960282526,-0.0023543863240864
adult,iid,4,9928,6,3,0.9871194595147916,-0.0005660763640085,0.9153672181883108,0.0034242591865283,0.8326745354255457,0.0067953538189783,0.8650945264359513,0.0159815489988233,,0.9368810861617858,8.595668756450348e-05,8.595668756450348e-05,0.8599651960282526,0.7565858798735511,0.6131511528608027,0.6773584905660377,0.295469731092453,0.0012318193912506,-0.0014331047190091,0.295469731092453,0.8599651960282526,-0.0014331047190091
adult,iid,4,9928,7,0,0.9878175862421948,0.0011577438837138,0.9144791542938592,0.0073201848055532,0.8305041934199535,0.0108419841478593,0.8412037414530162,-0.0041293433819846,,0.9318673552256612,0.0114721892682652,0.0114721892682652,0.8618077592384072,0.7618796198521647,0.6161400512382579,0.6813031161473088,0.2940674722194671,0.0034478306770324,-0.0004094584911453,0.2940674722194671,0.8618077592384072,-0.0004094584911453
adult,iid,4,9928,7,1,0.9878175862421948,0.0001668543351418,0.9144791542938592,-0.0105891273829012,0.8305041934199535,-0.0233348534172281,0.8412037414530162,-0.0003727474985149,,0.9318673552256612,-0.0255078258924073,0.0255078258924073,0.8618077592384072,0.7618796198521647,0.6161400512382579,0.6813031161473088,0.2940674722194671,0.0017144083976745,-0.0002047292455726,0.2940674722194671,0.8618077592384072,-0.0002047292455726
adult,iid,4,9928,7,2,0.9878175862421948,-0.0002753608352953,0.9144791542938592,-0.000911850808787,0.8305041934199535,0.0023621553385309,0.8412037414530162,0.0079791261400832,,0.9318673552256612,0.005432884158163,0.005432884158163,0.8618077592384072,0.7618796198521647,0.6161400512382579,0.6813031161473088,0.2940674722194671,0.0009559690952301,-0.0008189169822908,0.2940674722194671,0.8618077592384072,-0.0008189169822908
adult,iid,4,9928,7,3,0.9878175862421948,0.0008230115672024,0.9144791542938592,0.0004649025123865,0.8305041934199535,0.0034096089038583,0.8412037414530162,0.0146361634963714,,0.9318673552256612,-0.0035229727033316,0.0035229727033316,0.8618077592384072,0.7618796198521647,0.6161400512382579,0.6813031161473088,0.2940674722194671,0.0012197196483612,-0.0001023646227863,0.2940674722194671,0.8618077592384072,-0.0001023646227863
adult,iid,4,9928,8,0,0.9877909714402704,0.0006786774490736,0.914540059347181,0.0090881054334145,0.8331044193260544,0.0129675396616646,0.8547973767894792,0.0028829689338256,,0.9383809829513252,0.0138048387440008,0.0138048387440008,0.8624219469751254,0.7654255319148936,0.6144321093082835,0.6816674561819043,0.2931253910064697,0.0027027130126953,0.0006141877367181,0.2931253910064697,0.8624219469751254,0.0006141877367181
adult,iid,4,9928,8,1,0.9877909714402704,5.3229603848903295e-05,0.914540059347181,-0.0067749181035666,0.8331044193260544,-0.0201745117038869,0.8547973767894792,0.0070123123158105,,0.9383809829513252,-0.0238540935755884,0.0238540935755884,0.8624219469751254,0.7654255319148936,0.6144321093082835,0.6816674561819043,0.2931253910064697,0.002132773399353,-0.0001023646227863,0.2931253910064697,0.8624219469751254,-0.0001023646227863
adult,iid,4,9928,8,2,0.9877909714402704,-3.787491043094615e-05,0.914540059347181,-0.0008627842547147,0.8331044193260544,-0.0054329240682986,0.8547973767894792,-0.0103437430837867,,0.9383809829513252,-0.0013885572517431,0.0013885572517431,0.8624219469751254,0.7654255319148936,0.6144321093082835,0.6816674561819043,0.2931253910064697,0.0017953217029571,-0.0015354693417954,0.2931253910064697,0.8624219469751254,-0.0015354693417954
adult,iid,4,9928,8,3,0.9877909714402704,0.0002323676937251,0.914540059347181,0.0062788290520523,0.8331044193260544,-9.725880102062767e-06,0.8547973767894792,-0.0051311022842432,,0.9383809829513252,-0.0148883675325682,0.0148883675325682,0.8624219469751254,0.7654255319148936,0.6144321093082835,0.6816674561819043,0.2931253910064697,0.0015085041522979,-0.0012283754734363,0.2931253910064697,0.8624219469751254,-0.0012283754734363
adult,iid,4,9928,9,0,0.9879854642235644,0.00090080868052,0.912502959981056,0.0112815678311687,0.8274684853018704,0.0148830161652667,0.8238476860534192,-0.0057804983168123,,0.9379474133574942,0.0226185636816301,0.0226185636816301,0.8645716040536391,0.764950598023921,0.6280956447480786,0.6898007033997655,0.2914865016937256,0.0037385523319244,0.0013307400962228,0.2914865016937256,0.8645716040536391,0.0013307400962228
adult,iid,4,9928,9,1,0.9879854642235644,0.0005169413450711,0.912502959981056,-0.0090679939819243,0.8274684853018704,-0.0203271368565119,0.8238476860534192,-0.0099011054293005,,0.9379474133574942,-0.0253846886649176,0.0253846886649176,0.8645716040536391,0.764950598023921,0.6280956447480786,0.6898007033997655,0.2914865016937256,0.0009382367134094,0.0018425632101546,0.2914865016937256,0.8645716040536391,0.0018425632101546
adult,iid,4,9928,9,2,0.9879854642235644,-0.0006633227556556,0.912502959981056,-0.0027311834688549,0.8274684853018704,-0.0034208055268049,0.8238476860534192,-0.0094002259781711,,0.9379474133574942,0.0060791781929823,0.0060791781929823,0.8645716040536391,0.764950598023921,0.6280956447480786,0.6898007033997655,0.2914865016937256,0.0024086833000183,0.00112601085065,0.2914865016937256,0.8645716040536391,0.00112601085065
adult,iid,4,9928,9,3,0.9879854642235644,0.0004524516327157,0.912502959981056,0.0019685364711615,0.8274684853018704,-0.0013609590078349,0.8238476860534192,0.0097438525783641,,0.9379474133574942,-0.0092627009293032,0.0092627009293032,0.8645716040536391,0.764950598023921,0.6280956447480786,0.6898007033997655,0.2914865016937256,0.0010358393192291,0.0007165523595046,0.2914865016937256,0.8645716040536391,0.0007165523595046
adult,iid,4,9928,10,0,0.9882372811956188,0.0012621557989559,0.9163606207795284,0.0085407155662583,0.8314647308274912,0.0136732115672122,0.8067828396370371,0.0353178254842807,,0.9430860999420768,0.022887369088447,0.022887369088447,0.8640597809397073,0.7651673640167364,0.6246797608881298,0.687823225199812,0.290850818157196,0.0032318532466888,0.0001023646227863,0.290850818157196,0.8640597809397073,0.0001023646227863
adult,iid,4,9928,10,1,0.9882372811956188,-0.0001187429624321,0.9163606207795284,-0.0055940702417026,0.8314647308274912,-0.0238095238095238,0.8067828396370371,0.0262204568486528,,0.9430860999420768,-0.0288813762622435,0.0288813762622435,0.8640597809397073,0.7651673640167364,0.6246797608881298,0.687823225199812,0.290850818157196,0.0011839866638183,0.0010236462278636,0.290850818157196,0.8640597809397073,0.0010236462278636
adult,iid,4,9928,10,2,0.9882372811956188,-0.0008414371993038,0.9163606207795284,0.0010862991774429,0.8314647308274912,-0.0033017702430198,0.8067828396370371,0.0171871541893324,,0.9430860999420768,0.000189204146432,0.000189204146432,0.8640597809397073,0.7651673640167364,0.6246797608881298,0.687823225199812,0.290850818157196,0.0021306276321411,0.0002047292455727,0.290850818157196,0.8640597809397073,0.0002047292455727
adult,iid,4,9928,10,3,0.9882372811956188,0.0008875012795578,0.9163606207795284,0.0019531388332754,0.8314647308274912,0.0016859457331948,0.8067828396370371,0.0071637409870819,,0.9430860999420768,-0.0113491179932674,0.0113491179932674,0.8640597809397073,0.7651673640167364,0.6246797608881298,0.687823225199812,0.290850818157196,0.0015574395656585,-0.0006141877367181,0.290850818157196,0.8640597809397073,-0.0006141877367181
