dataset,partition,num_clients,seed,round,client_id,global_l1o_acc,l1o_acc_contribution,global_l1o_adv,l1o_adv_contribution,global_l1o_fair_eo,l1o_fair_eo_contribution,global_l1o_fair,l1o_fair_contribution,global_l1o_loss,l1o_loss_contribution,global_l1o_priv,l1o_priv_contribution,global_l1o_rob,l1o_rob_contribution,acc_contribution
celeba,noniid,4,42,1,0,,,0.7194738347154703,-0.1564746971222069,,,,,0.5391932129859924,0.0777040719985961,,,,,
celeba,noniid,4,42,1,1,,,0.7194738347154703,-0.2631893891871486,,,,,0.5391932129859924,0.1510378122329712,,,,,
celeba,noniid,4,42,1,2,,,0.7194738347154703,0.2993332018676551,,,,,0.5391932129859924,-0.0901592671871185,,,,,
celeba,noniid,4,42,1,3,,,0.7194738347154703,0.2236247781116968,,,,,0.5391932129859924,-0.0031849741935729,,,,,
celeba,noniid,4,42,2,0,,,0.6322640632264063,-0.0450764403179594,,,,,0.3544615507125854,0.0428780913352966,,,,,
celeba,noniid,4,42,2,1,,,0.6322640632264063,-0.0769736954813171,,,,,0.3544615507125854,0.0804414749145507,,,,,
celeba,noniid,4,42,2,2,,,0.6322640632264063,0.1343765826838223,,,,,0.3544615507125854,-0.0881113409996032,,,,,
celeba,noniid,4,42,2,3,,,0.6322640632264063,0.0298516299162694,,,,,0.3544615507125854,0.0601664185523986,,,,,
celeba,noniid,4,42,3,0,,,0.6174011299435028,-0.0054586571920826,,,,,0.2992345094680786,0.0225860476493835,,,,,
celeba,noniid,4,42,3,1,,,0.6174011299435028,-0.0671691825564971,,,,,0.2992345094680786,0.0864185690879821,,,,,
celeba,noniid,4,42,3,2,,,0.6174011299435028,0.1074321445646814,,,,,0.2992345094680786,-0.0540725886821746,,,,,
celeba,noniid,4,42,3,3,,,0.6174011299435028,0.0094139828239251,,,,,0.2992345094680786,0.0488089919090271,,,,,
celeba,noniid,4,42,4,0,,,0.6236776952509566,-0.0430679229394744,,,,,0.2862833142280578,0.0555883646011352,,,,,
celeba,noniid,4,42,4,1,,,0.6236776952509566,-0.0591003432286304,,,,,0.2862833142280578,0.0472212731838226,,,,,
celeba,noniid,4,42,4,2,,,0.6236776952509566,0.1171352246366297,,,,,0.2862833142280578,-0.0383533835411071,,,,,
celeba,noniid,4,42,4,3,,,0.6236776952509566,0.0149820430770435,,,,,0.2862833142280578,0.025028258562088,,,,,
celeba,noniid,4,42,5,0,,,0.5374807650032974,-0.0375306349055032,,,,,0.2500889003276825,0.0415828227996826,,,,,
celeba,noniid,4,42,5,1,,,0.5374807650032974,-0.043883178278269,,,,,0.2500889003276825,0.0369681417942047,,,,,
celeba,noniid,4,42,5,2,,,0.5374807650032974,0.048210378737203,,,,,0.2500889003276825,0.0226684510707855,,,,,
celeba,noniid,4,42,5,3,,,0.5374807650032974,0.0389197731945748,,,,,0.2500889003276825,0.0400050282478332,,,,,
celeba,noniid,4,42,6,0,,,0.502302126726595,0.0164251834377839,,,,,0.2291578352451324,0.0045853704214096,,,,,
celeba,noniid,4,42,6,1,,,0.502302126726595,-0.0071943397045004,,,,,0.2291578352451324,0.0280540883541107,,,,,
celeba,noniid,4,42,6,2,,,0.502302126726595,0.0392896490082349,,,,,0.2291578352451324,0.0143464654684066,,,,,
celeba,noniid,4,42,6,3,,,0.502302126726595,0.0034029633624382,,,,,0.2291578352451324,0.0318794548511505,,,,,
celeba,noniid,4,42,7,0,,,0.5823957643944407,-0.0164755674340016,,,,,0.2515476644039154,0.0199773907661438,,,,,
celeba,noniid,4,42,7,1,,,0.5823957643944407,-0.037194212826516,,,,,0.2515476644039154,0.0452799201011657,,,,,
celeba,noniid,4,42,7,2,,,0.5823957643944407,0.0993876521383565,,,,,0.2515476644039154,-0.034343346953392,,,,,
celeba,noniid,4,42,7,3,,,0.5823957643944407,0.0312807279625573,,,,,0.2515476644039154,0.0341558456420898,,,,,
celeba,noniid,4,42,8,0,,,0.4886561954624782,-0.0514832243711175,,,,,0.2353993356227874,0.0319356620311737,,,,,
celeba,noniid,4,42,8,1,,,0.4886561954624782,0.0115535974880175,,,,,0.2353993356227874,0.0357255339622497,,,,,
celeba,noniid,4,42,8,2,,,0.4886561954624782,0.0776325734152341,,,,,0.2353993356227874,0.0222753882408142,,,,,
celeba,noniid,4,42,8,3,,,0.4886561954624782,0.0462680042309293,,,,,0.2353993356227874,0.0370086729526519,,,,,
celeba,noniid,4,42,9,0,,,0.4910323709536308,-0.0120982193862617,,,,,0.2296303212642669,0.020671933889389,,,,,
celeba,noniid,4,42,9,1,,,0.4910323709536308,-0.0338778624395468,,,,,0.2296303212642669,0.0452381670475006,,,,,
celeba,noniid,4,42,9,2,,,0.4910323709536308,0.0406061708639045,,,,,0.2296303212642669,0.0264537930488586,,,,,
celeba,noniid,4,42,9,3,,,0.4910323709536308,0.0097301272228785,,,,,0.2296303212642669,0.0304912030696868,,,,,
celeba,noniid,4,42,10,0,,,0.5082038941150733,-0.0269056114166494,,,,,0.253113180398941,0.0293643474578857,,,,,
celeba,noniid,4,42,10,1,,,0.5082038941150733,-0.0277336058849266,,,,,0.253113180398941,0.0426452755928039,,,,,
celeba,noniid,4,42,10,2,,,0.5082038941150733,0.0429245951008344,,,,,0.253113180398941,-0.0455048531293869,,,,,
celeba,noniid,4,42,10,3,,,0.5082038941150733,0.0500898590273539,,,,,0.253113180398941,0.0402119755744934,,,,,
celeba,noniid,4,107,1,0,0.6662,-0.0051999999999999,0.7937556289402582,-0.0010015947713891,0.9106515971788802,0.007051425448552,0.8837796618508011,0.0076649338296791,0.5625160932540894,-0.0109032392501831,0.8643777777777779,0.051888888888889,0.935608,-0.0026479999999999,-0.0051999999999999
celeba,noniid,4,107,1,1,0.6662,0.1308,0.7937556289402582,-0.2028823987026256,0.9106515971788802,-0.0879209269722065,0.8837796618508011,-0.1144000393578116,0.5625160932540894,0.2021191716194152,0.8643777777777779,0.0270444444444446,0.935608,-0.06296,0.1308
celeba,noniid,4,107,1,2,0.6662,0.0106,0.7937556289402582,0.1924743598737542,0.9106515971788802,-0.0613306397236422,0.8837796618508011,-0.0972711917217402,0.5625160932540894,-0.026301622390747,0.8643777777777779,0.0533111111111113,0.935608,-0.012116,0.0106
celeba,noniid,4,107,1,3,0.6662,0.0879999999999999,0.7937556289402582,-0.1187313997695308,0.9106515971788802,-0.0483849875646962,0.8837796618508011,-0.068357959297463,0.5625160932540894,0.0526251196861267,0.8643777777777779,0.0634444444444444,0.935608,-0.0438159999999999,0.0879999999999999
celeba,noniid,4,107,2,0,0.821,0.0413999999999999,0.7344701583434836,-0.0295113706457416,0.9399425404793916,0.0176038486046608,0.8675281654340019,0.0061644172584004,0.3843125700950622,0.0505940318107605,0.766188888888889,-0.1081444444444443,0.866296,-0.020866,0.0413999999999999
celeba,noniid,4,107,2,1,0.821,0.0907999999999999,0.7344701583434836,-0.0587371821111863,0.9399425404793916,0.0087275408927942,0.8675281654340019,-0.0160383082700601,0.3843125700950622,0.1333267092704773,0.766188888888889,-0.1129555555555554,0.866296,-0.003872,0.0907999999999999
celeba,noniid,4,107,2,2,0.821,-0.0566,0.7344701583434836,0.2196570316342767,0.9399425404793916,-0.045925768212866,0.8675281654340019,-0.0452664031879828,0.3843125700950622,-0.0769217908382415,0.766188888888889,-0.0127444444444442,0.866296,-0.040838,-0.0566
celeba,noniid,4,107,2,3,0.821,0.0445999999999999,0.7344701583434836,-0.0020058849331778,0.9399425404793916,0.0146297618803729,0.8675281654340019,0.0008084750487873,0.3843125700950622,0.0679509937763214,0.766188888888889,-0.0629999999999999,0.866296,-0.0028,0.0445999999999999
celeba,noniid,4,107,3,0,0.8974,0.0191999999999999,0.6088700690884778,-0.0071627252636059,0.9758939529759372,0.0060290815652819,0.8817396152773906,0.0005444497285951,0.279603898525238,0.0259076356887817,0.738688888888889,-0.077322222222222,0.900498,-0.0019,0.0191999999999999
celeba,noniid,4,107,3,1,0.8974,0.0235999999999999,0.6088700690884778,-0.0473441675789517,0.9758939529759372,0.0076353405022808,0.8817396152773906,-0.0009675462044309,0.279603898525238,0.0349234342575073,0.738688888888889,-0.0649222222222221,0.900498,0.003816,0.0235999999999999
celeba,noniid,4,107,3,2,0.8974,0.0015999999999999,0.6088700690884778,0.075045554687942,0.9758939529759372,-0.0104511787639071,0.8817396152773906,-0.0009708260220731,0.279603898525238,-0.0093258321285247,0.738688888888889,-0.136111111111111,0.900498,0.009386,0.0015999999999999
celeba,noniid,4,107,3,3,0.8974,0.0215999999999999,0.6088700690884778,-0.0268915203154956,0.9758939529759372,0.0081000339780478,0.8817396152773906,0.0023122714377081,0.279603898525238,0.0521754026412963,0.738688888888889,-0.1756999999999999,0.900498,-0.002642,0.0215999999999999
celeba,noniid,4,107,4,0,0.8946,0.0265999999999999,0.6215068186899173,-0.0370185269322025,0.9807184186157144,0.0132804971891576,0.8831072992341626,0.0082930189081487,0.2777960896492004,0.0309660732746124,0.8177000000000001,-0.0094333333333331,0.893478,0.0013739999999999,0.0265999999999999
celeba,noniid,4,107,4,1,0.8946,0.0161999999999999,0.6215068186899173,-0.0178374436051647,0.9807184186157144,-0.0002217545888975,0.8831072992341626,-0.0051509536069793,0.2777960896492004,0.0308968126773834,0.8177000000000001,0.0168777777777777,0.893478,-0.007382,0.0161999999999999
celeba,noniid,4,107,4,2,0.8946,-0.001,0.6215068186899173,0.1188270509364559,0.9807184186157144,-0.0102284444977971,0.8831072992341626,-0.0016120303711113,0.2777960896492004,-0.016999214887619,0.8177000000000001,0.0341444444444445,0.893478,0.0207199999999999,-0.001
celeba,noniid,4,107,4,3,0.8946,0.0125999999999999,0.6215068186899173,0.0137970681230239,0.9807184186157144,-0.0043015587635392,0.8831072992341626,-0.0048656094721133,0.2777960896492004,0.0495343506336212,0.8177000000000001,-0.0220333333333333,0.893478,0.0030799999999999,0.0125999999999999
celeba,noniid,4,107,5,0,0.9046,0.015,0.6159628565111652,-0.0067889420499858,0.977807408296976,0.0041112336425619,0.8832680102986274,0.0052231095951065,0.2575201094150543,0.0128020346164703,0.8684444444444446,0.0371888888888889,0.909848,0.003838,0.015
celeba,noniid,4,107,5,1,0.9046,0.0157999999999999,0.6159628565111652,-0.0433530750819941,0.977807408296976,-0.0031493237569388,0.8832680102986274,-0.0096115056002885,0.2575201094150543,0.030198723077774,0.8684444444444446,0.0052444444444446,0.909848,-0.025866,0.0157999999999999
celeba,noniid,4,107,5,2,0.9046,0.005,0.6159628565111652,0.1121833989744822,0.977807408296976,-0.0086174882775722,0.8832680102986274,-0.0053772610242869,0.2575201094150543,-0.0082023292779922,0.8684444444444446,0.0110666666666667,0.909848,0.0229019999999999,0.005
celeba,noniid,4,107,5,3,0.9046,0.0061999999999999,0.6159628565111652,0.0088836045076032,0.977807408296976,0.005032076159019,0.8832680102986274,-0.0047311369487855,0.2575201094150543,0.0370943844318389,0.8684444444444446,0.0792444444444444,0.909848,-0.000522,0.0061999999999999
celeba,noniid,4,107,6,0,0.9054,0.0171999999999999,0.5964214711729623,-0.0259608751454345,0.9884424068475396,0.0028866787563999,0.8849079191196969,-0.004503189622657,0.2525147795677185,0.0140531063079833,0.7051888888888889,-0.1247444444444445,0.8810439999999999,-0.004358,0.0171999999999999
celeba,noniid,4,107,6,1,0.9054,0.0178,0.5964214711729623,-0.0058768614092818,0.9884424068475396,0.0099558570069874,0.8849079191196969,-0.0046163433313108,0.2525147795677185,0.0377570986747741,0.7051888888888889,-0.1170555555555556,0.8810439999999999,0.0201979999999999,0.0178
celeba,noniid,4,107,6,2,0.9054,0.0233999999999999,0.5964214711729623,0.0941538974768172,0.9884424068475396,-0.0039163955997073,0.8849079191196969,-0.0066662293576477,0.2525147795677185,0.0223429501056671,0.7051888888888889,-0.1038444444444446,0.8810439999999999,-0.024612,0.0233999999999999
celeba,noniid,4,107,6,3,0.9054,0.014,0.5964214711729623,0.0307943677401599,0.9884424068475396,-0.0030837778941027,0.8849079191196969,-0.0123353941520851,0.2525147795677185,0.0501557290554046,0.7051888888888889,-0.1304777777777777,0.8810439999999999,0.0181239999999999,0.014
celeba,noniid,4,107,7,0,0.9014,0.0337999999999999,0.5183048591080541,-0.0296435041930063,0.9775852332130334,0.011193709290025,0.8728480296495514,-0.0014021220420145,0.2737590372562408,0.0387053787708282,0.7174222222222222,-0.0483555555555554,0.8431919999999999,-0.003426,0.0337999999999999
celeba,noniid,4,107,7,1,0.9014,0.0113999999999999,0.5183048591080541,-0.0668636802177885,0.9775852332130334,-0.0042395798052169,0.8728480296495514,-0.0200610046081438,0.2737590372562408,0.0071969330310821,0.7174222222222222,0.0342111111111111,0.8431919999999999,-0.041914,0.0113999999999999
celeba,noniid,4,107,7,2,0.9014,0.0033999999999999,0.5183048591080541,0.0461445027606153,0.9775852332130334,-0.0122870190219581,0.8728480296495514,-0.0099230882762919,0.2737590372562408,-0.0217472314834594,0.7174222222222222,-0.0630000000000001,0.8431919999999999,-0.0312000000000001,0.0033999999999999
celeba,noniid,4,107,7,3,0.9014,0.0055999999999999,0.5183048591080541,0.0592738253951717,0.9775852332130334,-0.0108971178682358,0.8728480296495514,-0.0205906951573492,0.2737590372562408,0.0352434813976287,0.7174222222222222,-0.048688888888889,0.8431919999999999,-0.011518,0.0055999999999999
celeba,noniid,4,107,8,0,0.911,0.021,0.5181119648737651,-0.0212138778228641,0.977943621205998,0.0091062749968895,0.8707653454467932,0.0011922137129176,0.2372440248727798,0.0240983217954635,0.7450222222222223,-0.0568999999999999,0.8848739999999999,0.0207919999999999,0.021
celeba,noniid,4,107,8,1,0.911,0.0216,0.5181119648737651,-0.0431653006985308,0.977943621205998,-0.00206118699839,0.8707653454467932,-0.0089407828924712,0.2372440248727798,0.0344009846448898,0.7450222222222223,-0.0692111111111111,0.8848739999999999,-0.026974,0.0216
celeba,noniid,4,107,8,2,0.911,0.0188,0.5181119648737651,0.0466930005159977,0.977943621205998,-0.0130907267599791,0.8707653454467932,-0.0235982879351908,0.2372440248727798,0.0131703466176986,0.7450222222222223,-0.0793333333333332,0.8848739999999999,-0.035168,0.0188
celeba,noniid,4,107,8,3,0.911,0.0026,0.5181119648737651,0.0473942193871953,0.977943621205998,-0.0023737672425826,0.8707653454467932,-0.0153544662916741,0.2372440248727798,0.030430868268013,0.7450222222222223,-0.0288666666666665,0.8848739999999999,-0.027256,0.0026
celeba,noniid,4,107,9,0,0.9112,0.0126,0.5065847234416154,-0.0197896366741201,0.9792005212138264,0.0027433787021723,0.8714885452368848,-0.0018481772413454,0.2399825155735016,0.0057003945112228,0.7237555555555555,-0.0162111111111111,0.9000900000000001,0.003268,0.0126
celeba,noniid,4,107,9,1,0.9112,0.0323999999999999,0.5065847234416154,-0.0473524636316663,0.9792005212138264,0.0035328349277805,0.8714885452368848,-0.0083143377228226,0.2399825155735016,0.0485602915287017,0.7237555555555555,-0.0935333333333332,0.9000900000000001,0.007218,0.0323999999999999
celeba,noniid,4,107,9,2,0.9112,0.03,0.5065847234416154,0.0485729213535537,0.9792005212138264,-0.0138057996717452,0.8714885452368848,-0.0179570015907115,0.2399825155735016,0.0315488874912261,0.7237555555555555,-0.1102555555555557,0.9000900000000001,0.000356,0.03
celeba,noniid,4,107,9,3,0.9112,0.0116,0.5065847234416154,0.0755042432281872,0.9792005212138264,-0.0050022178202681,0.8714885452368848,-0.0253923481854408,0.2399825155735016,0.0478304028511047,0.7237555555555555,-0.0229111111111111,0.9000900000000001,0.014284,0.0116
celeba,noniid,4,107,10,0,0.9132,0.0143999999999999,0.517520805957074,-0.0203074094412348,0.98497475061232,0.0116339899046999,0.8789206120139721,0.0083832138933075,0.2215857356786728,0.01902636885643,0.8239333333333332,0.0415444444444443,0.920504,0.010928,0.0143999999999999
celeba,noniid,4,107,10,1,0.9132,0.0146,0.517520805957074,-0.0068504382005045,0.98497475061232,0.0068277489270833,0.8789206120139721,0.000565768543269,0.2215857356786728,0.0347977727651596,0.8239333333333332,0.014822222222222,0.920504,0.0080999999999999,0.0146
celeba,noniid,4,107,10,2,0.9132,0.0176,0.517520805957074,0.0793787782661404,0.98497475061232,-0.0105353504922809,0.8789206120139721,-0.014457436166549,0.2215857356786728,0.0309819132089614,0.8239333333333332,0.0013888888888886,0.920504,0.0007,0.0176
celeba,noniid,4,107,10,3,0.9132,0.0078,0.517520805957074,0.0476732247774848,0.98497475061232,-0.0077362051501775,0.8789206120139721,-0.01648272356057,0.2215857356786728,0.0191318243741989,0.8239333333333332,4.444444444429152e-05,0.920504,0.0105159999999999,0.0078
celeba,noniid,4,123,1,0,0.5366,0.0031999999999999,0.9932985852568876,-0.0055778192374944,0.9958273742128996,-0.0041726257871004,0.995313815781366,-0.0046861842186338,0.7112328410148621,0.2257953882217407,0.9120222222222224,0.0241111111111111,0.996568,-0.003004,0.0031999999999999
celeba,noniid,4,123,1,1,0.5366,0.003,0.9932985852568876,-0.0063266021494092,0.9958273742128996,-0.0038514954081665,0.995313815781366,-0.00434195013946,0.7112328410148621,0.0756017565727233,0.9120222222222224,-0.0229111111111111,0.996568,-0.0032539999999999,0.003
celeba,noniid,4,123,1,2,0.5366,-0.3308,0.9932985852568876,0.4928351932272304,0.9958273742128996,0.0388257547328106,0.995313815781366,0.1359009854624772,0.7112328410148621,-0.2702294588088989,0.9120222222222224,0.1184111111111112,0.996568,0.0489739999999999,-0.3308
celeba,noniid,4,123,1,3,0.5366,-0.0403999999999999,0.9932985852568876,0.0908345195484686,0.9958273742128996,0.0281808460626766,0.995313815781366,0.038315964163507,0.7112328410148621,-0.1029303669929504,0.9120222222222224,0.0359111111111112,0.996568,0.0202299999999999,-0.0403999999999999
celeba,noniid,4,123,2,0,0.8348,0.031,0.7183702644746247,-0.0084287429695441,0.9250216394634114,0.009507167463015,0.829002748121706,-0.0028417796655425,0.366728276014328,0.0344145596027374,0.7563555555555557,-0.0363999999999997,0.894326,-0.0019880000000001,0.031
celeba,noniid,4,123,2,1,0.8348,0.0887999999999999,0.7183702644746247,-0.0571562617850394,0.9250216394634114,0.0102628491566074,0.829002748121706,-0.0229231963654139,0.366728276014328,0.1143339276313781,0.7563555555555557,-0.031322222222222,0.894326,0.0170039999999999,0.0887999999999999
celeba,noniid,4,123,2,2,0.8348,-0.0712,0.7183702644746247,0.1494921511839039,0.9250216394634114,-0.0501869050524239,0.829002748121706,-0.0401431159345873,0.366728276014328,-0.1130000054836273,0.7563555555555557,-0.0580444444444443,0.894326,-0.020778,-0.0712
celeba,noniid,4,123,2,3,0.8348,-0.0138,0.7183702644746247,0.0421640203875859,0.9250216394634114,0.0011436722328841,0.829002748121706,0.0027267611188018,0.366728276014328,0.0370375514030456,0.7563555555555557,-0.0190666666666665,0.894326,-0.0205,-0.0138
celeba,noniid,4,123,3,0,0.892,0.0123999999999999,0.6572072072072073,-0.0079346043206975,0.963353725764286,0.0075628699101957,0.8466301619707606,0.0042129650549007,0.2971316874027252,0.0091810524463653,0.7648777777777778,-0.0162888888888887,0.909338,0.0040299999999999,0.0123999999999999
celeba,noniid,4,123,3,1,0.892,0.0617999999999999,0.6572072072072073,-0.0659511943334764,0.963353725764286,0.0212774744752746,0.8466301619707606,0.0012512374763287,0.2971316874027252,0.0740008950233459,0.7648777777777778,-0.0520222222222221,0.909338,0.0382199999999999,0.0617999999999999
celeba,noniid,4,123,3,2,0.892,-0.017,0.6572072072072073,0.1282089646764515,0.963353725764286,-0.0102472309992871,0.8466301619707606,-0.0185911049585317,0.2971316874027252,-0.0505067855119705,0.7648777777777778,0.0872444444444444,0.909338,-0.013124,-0.017
celeba,noniid,4,123,3,3,0.892,-0.0061999999999999,0.6572072072072073,0.0508147172653208,0.963353725764286,-0.0078237495659532,0.8466301619707606,-0.0146361100727492,0.2971316874027252,0.0232541859149932,0.7648777777777778,-0.0403999999999999,0.909338,-0.005998,-0.0061999999999999
celeba,noniid,4,123,4,0,0.91,0.0048,0.5883388338833884,0.0202523187653129,0.96640691086413,0.0051905514165122,0.8668142738016504,0.0180004025649134,0.2696059644222259,0.0052361786365509,0.743211111111111,-0.0702555555555557,0.918568,0.01077,0.0048
celeba,noniid,4,123,4,1,0.91,0.0146,0.5883388338833884,-0.0390418517540751,0.96640691086413,-0.0002175285286191,0.8668142738016504,0.0040609762609934,0.2696059644222259,0.0399615466594696,0.743211111111111,0.0060555555555554,0.918568,0.006758,0.0146
celeba,noniid,4,123,4,2,0.91,-0.001,0.5883388338833884,0.0349791500889219,0.96640691086413,-0.0078821798640446,0.8668142738016504,0.0038506566326677,0.2696059644222259,-0.0471283793449401,0.743211111111111,-0.0199555555555557,0.918568,-0.0191159999999999,-0.001
celeba,noniid,4,123,4,3,0.91,0.0164,0.5883388338833884,0.057754025458562,0.96640691086413,-0.0034786900116163,0.8668142738016504,-0.0100871265491561,0.2696059644222259,0.0518098175525665,0.743211111111111,-0.1134666666666666,0.918568,-0.0026539999999999,0.0164
celeba,noniid,4,123,5,0,0.91,0.0141999999999999,0.564558629776021,-0.0316812986035671,0.971172002242584,0.0115284401972266,0.8483045033868855,0.0039968944992381,0.2682837545871734,0.0159633457660675,0.7348666666666666,-0.1078666666666667,0.874626,-0.01483,0.0141999999999999
celeba,noniid,4,123,5,1,0.91,0.0232,0.564558629776021,-0.040323829536818,0.971172002242584,0.010284087749356,0.8483045033868855,0.0033815452741754,0.2682837545871734,0.0368048548698425,0.7348666666666666,-0.0500444444444445,0.874626,0.027658,0.0232
celeba,noniid,4,123,5,2,0.91,0.0048,0.564558629776021,0.0719915119592914,0.971172002242584,-0.0103189669763094,0.8483045033868855,-0.0175814064303583,0.2682837545871734,-0.0322568267583847,0.7348666666666666,-0.0765777777777778,0.874626,0.0029179999999999,0.0048
celeba,noniid,4,123,5,3,0.91,0.0108,0.564558629776021,0.0259096818247475,0.971172002242584,0.0183972970718785,0.8483045033868855,0.0162061132357593,0.2682837545871734,0.0329123735427856,0.7348666666666666,-0.0766444444444445,0.874626,0.008758,0.0108
celeba,noniid,4,123,6,0,0.9082,0.0221999999999999,0.5911991199119913,-0.0390682113068578,0.9673293960554844,0.0149164078386576,0.8493142019150588,0.0152917157891709,0.2766585648059845,0.026239275932312,0.7943777777777776,-0.0109777777777777,0.90754,0.0055739999999999,0.0221999999999999
celeba,noniid,4,123,6,1,0.9082,0.014,0.5911991199119913,-0.0240475168593091,0.9673293960554844,0.0089480746638419,0.8493142019150588,-0.0017630700093247,0.2766585648059845,0.0177322924137115,0.7943777777777776,-0.0135777777777779,0.90754,0.007678,0.014
celeba,noniid,4,123,6,2,0.9082,0.011,0.5911991199119913,0.0881728926086959,0.9673293960554844,-0.0062729578539564,0.8493142019150588,-0.0330620812606032,0.2766585648059845,-0.0298077315092086,0.7943777777777776,-0.0083333333333335,0.90754,-0.01422,0.011
celeba,noniid,4,123,6,3,0.9082,0.0036,0.5911991199119913,0.0549096868654437,0.9673293960554844,-0.0066594215521069,0.8493142019150588,-0.0104634015092075,0.2766585648059845,0.0366100668907165,0.7943777777777776,0.0279555555555552,0.90754,-0.0301359999999999,0.0036
celeba,noniid,4,123,7,0,0.9116,0.0067999999999999,0.5303163444639718,0.0003715930827563,0.9669211192618836,0.0007871297702669,0.8550002259292881,0.0113358993423402,0.2730868756771087,0.0108589828014373,0.7229000000000001,-0.0768333333333333,0.918752,0.019052,0.0067999999999999
celeba,noniid,4,123,7,1,0.9116,0.0201999999999999,0.5303163444639718,-0.0406008814868111,0.9669211192618836,-0.0020363338607181,0.8550002259292881,-0.0009374011559364,0.2730868756771087,0.0378113090991973,0.7229000000000001,-0.061322222222222,0.918752,-0.0035159999999999,0.0201999999999999
celeba,noniid,4,123,7,2,0.9116,0.0201999999999999,0.5303163444639718,0.0491184160694661,0.9669211192618836,-0.0085335310317606,0.8550002259292881,-0.0302490562317461,0.2730868756771087,-0.0232404470443725,0.7229000000000001,-0.0600555555555555,0.918752,0.000168,0.0201999999999999
celeba,noniid,4,123,7,3,0.9116,0.007,0.5303163444639718,0.0213462447961977,0.9669211192618836,-0.0005240742346838,0.8550002259292881,-0.0145490246016457,0.2730868756771087,0.0268441438674926,0.7229000000000001,-0.0376444444444443,0.918752,-0.0121799999999999,0.007
celeba,noniid,4,123,8,0,0.9108,0.0308,0.5101951326463494,-0.0516966980845852,0.9744607283873192,0.0254700011157222,0.8537982821158483,0.0207945316896634,0.2632925510406494,0.0294175744056701,0.7781777777777776,-0.0389333333333334,0.8702719999999999,0.0124319999999999,0.0308
celeba,noniid,4,123,8,1,0.9108,0.0308,0.5101951326463494,-0.0617505687111166,0.9744607283873192,0.007567011304298,0.8537982821158483,-0.0030028056309794,0.2632925510406494,0.0547949969768524,0.7781777777777776,-0.0113777777777779,0.8702719999999999,-0.018816,0.0308
celeba,noniid,4,123,8,2,0.9108,0.0158,0.5101951326463494,0.0887777393979702,0.9744607283873192,-0.0003671130505303,0.8537982821158483,-0.0303862569267865,0.2632925510406494,-0.0223138630390167,0.7781777777777776,-0.0383777777777778,0.8702719999999999,-0.03845,0.0158
celeba,noniid,4,123,8,3,0.9108,0.0052,0.5101951326463494,0.0725713702701118,0.9744607283873192,0.0094159892317581,0.8537982821158483,-0.0046442846051784,0.2632925510406494,0.0277213752269744,0.7781777777777776,0.0082777777777776,0.8702719999999999,-0.005776,0.0052
celeba,noniid,4,123,9,0,0.91,0.0144,0.5632939115199299,-0.0306658200236942,0.976093900632331,0.0164310976248607,0.8619309149314612,0.0226537243416214,0.2278952151536941,0.0225607007741928,0.8362222222222222,0.0801888888888888,0.932896,-0.00637,0.0144
celeba,noniid,4,123,9,1,0.91,0.014,0.5632939115199299,-0.0071474616410153,0.976093900632331,0.0081087308905221,0.8619309149314612,0.0077144582421057,0.2278952151536941,0.0314235538244247,0.8362222222222222,-0.0121666666666666,0.932896,0.0405119999999999,0.014
celeba,noniid,4,123,9,2,0.91,0.0078,0.5632939115199299,0.057401094086085,0.976093900632331,0.002749392333736,0.8619309149314612,-0.01557597591183,0.2278952151536941,-4.8801302909851074e-05,0.8362222222222222,0.078988888888889,0.932896,-0.002874,0.0078
celeba,noniid,4,123,9,3,0.91,0.0058,0.5632939115199299,0.0658568711811735,0.976093900632331,0.003358937833391,0.8619309149314612,-0.0217130369414925,0.2278952151536941,0.0272627621889114,0.8362222222222222,0.062788888888889,0.932896,0.0050339999999999,0.0058
celeba,noniid,4,123,10,0,0.9082,0.0218,0.5186000440237728,-0.0064677066537339,0.967818156074006,0.0144485998253294,0.843163995908626,0.0086321419328867,0.2443053424358368,0.0268191993236541,0.7814222222222222,-0.0478888888888888,0.882586,0.0147859999999999,0.0218
celeba,noniid,4,123,10,1,0.9082,0.0228,0.5186000440237728,-0.0625115691709854,0.967818156074006,0.0115269749382751,0.843163995908626,0.0053138568594185,0.2443053424358368,0.0421207845211029,0.7814222222222222,0.0069999999999998,0.882586,0.0061599999999999,0.0228
celeba,noniid,4,123,10,2,0.9082,-0.0033999999999999,0.5186000440237728,0.0560120158547586,0.967818156074006,-0.0085816984759984,0.843163995908626,-0.0176183766775249,0.2443053424358368,-0.0310797095298767,0.7814222222222222,0.082888888888889,0.882586,-0.037626,-0.0033999999999999
celeba,noniid,4,123,10,3,0.9082,-0.0053999999999999,0.5186000440237728,0.0579899935519712,0.967818156074006,0.0017922589564014,0.843163995908626,-0.0096377326558193,0.2443053424358368,0.0178776085376739,0.7814222222222222,0.0501333333333333,0.882586,-0.0162879999999999,-0.0053999999999999
celeba,noniid,4,2025,1,0,0.5486,0.0125999999999999,0.9669931084512152,-0.0252002000989707,0.9842832336835972,-0.0125075316661038,0.9812322594161166,-0.0151142586027711,0.6531714797019958,0.1662406325340271,0.879288888888889,0.0632222222222225,0.989092,-0.008174,0.0125999999999999
celeba,noniid,4,2025,1,1,0.5486,0.0043999999999999,0.9669931084512152,-0.0038204632379493,0.9842832336835972,-0.0080303286123857,0.9812322594161166,-0.008394710789972,0.6531714797019958,-0.0124242305755615,0.879288888888889,0.0208888888888891,0.989092,-0.001936,0.0043999999999999
celeba,noniid,4,2025,1,2,0.5486,-0.3378,0.9669931084512152,0.5252223933547339,0.9842832336835972,0.0170046664792411,0.9812322594161166,0.0901162098102604,0.6531714797019958,-0.2428446114063263,0.879288888888889,0.0210444444444446,0.989092,0.0422699999999999,-0.3378
celeba,noniid,4,2025,1,3,0.5486,-0.1308,0.9669931084512152,0.2395589563352045,0.9842832336835972,0.0967453712069137,0.9812322594161166,0.1287402593668228,0.6531714797019958,-0.0906611084938049,0.879288888888889,0.0689888888888887,0.989092,0.0234419999999999,-0.1308
celeba,noniid,4,2025,2,0,0.8674,0.0439999999999999,0.6880184331797234,-0.0298057533185767,0.9426242763414184,0.01669194214599,0.8348169356594466,2.6289953540814537e-05,0.3509468734264374,0.032298743724823,0.8119666666666667,0.0011555555555557,0.90493,0.0191919999999999,0.0439999999999999
celeba,noniid,4,2025,2,1,0.8674,0.1149999999999999,0.6880184331797234,-0.0717816194380087,0.9426242763414184,0.0269494511193376,0.8348169356594466,-0.0171730905894289,0.3509468734264374,0.1186452209949493,0.8119666666666667,-0.0054555555555555,0.90493,0.011634,0.1149999999999999
celeba,noniid,4,2025,2,2,0.8674,-0.014,0.6880184331797234,0.1352431829522439,0.9426242763414184,-0.034291065110577,0.8348169356594466,-0.0464346304413014,0.3509468734264374,-0.0456227660179138,0.8119666666666667,-0.0550999999999999,0.90493,-0.0188679999999999,-0.014
celeba,noniid,4,2025,2,3,0.8674,-0.02,0.6880184331797234,0.0619197178315151,0.9426242763414184,-0.0141174551156436,0.8348169356594466,-0.026687589088026,0.3509468734264374,0.0308091640472412,0.8119666666666667,0.0866222222222223,0.90493,-0.0152619999999999,-0.02
celeba,noniid,4,2025,3,0,0.8974,0.0333999999999999,0.6162583518930957,-0.0532625923327778,0.9595633542612492,0.0288174919459188,0.842902739495315,0.0169759159378735,0.2774942517280578,0.036488264799118,0.797077777777778,-0.0216333333333329,0.8657900000000001,0.010234,0.0333999999999999
celeba,noniid,4,2025,3,1,0.8974,0.0402,0.6162583518930957,-0.0358346713627182,0.9595633542612492,0.0246227036544761,0.842902739495315,0.0080948410073982,0.2774942517280578,0.066151738166809,0.797077777777778,-0.0361111111111109,0.8657900000000001,0.033344,0.0402
celeba,noniid,4,2025,3,2,0.8974,0.022,0.6162583518930957,0.0716422578188509,0.9595633542612492,-0.0171036761454842,0.842902739495315,-0.0445811887166806,0.2774942517280578,0.0222754180431365,0.797077777777778,-0.0007888888888887,0.8657900000000001,-0.0633939999999999,0.022
celeba,noniid,4,2025,3,3,0.8974,0.0028,0.6162583518930957,0.0663810923528145,0.9595633542612492,0.0029707364584005,0.842902739495315,-0.0005915239546663,0.2774942517280578,0.0629193186759948,0.797077777777778,-0.0074222222222219,0.8657900000000001,0.049474,0.0028
celeba,noniid,4,2025,4,0,0.899,0.0326,0.6463008220395468,-0.0530047335160088,0.9666346638981974,0.0145204927048743,0.8454594374771504,0.0036567682253049,0.2552397847175598,0.0524461567401886,0.6638000000000002,-0.006533333333333,0.914354,0.009174,0.0326
celeba,noniid,4,2025,4,1,0.899,0.0054,0.6463008220395468,0.0120891203870232,0.9666346638981974,-0.0003533839164245,0.8454594374771504,-0.0066094586323472,0.2552397847175598,0.0329619944095611,0.6638000000000002,-0.0143777777777776,0.914354,0.0043739999999999,0.0054
celeba,noniid,4,2025,4,2,0.899,0.005,0.6463008220395468,0.1030326718934464,0.9666346638981974,-0.0116716929962464,0.8454594374771504,-0.0296328854456352,0.2552397847175598,-0.001060277223587,0.6638000000000002,-0.1582888888888887,0.914354,-0.018008,0.005
celeba,noniid,4,2025,4,3,0.899,-0.0098,0.6463008220395468,0.0437395502356166,0.9666346638981974,0.0030806729660867,0.8454594374771504,-0.0025969544731944,0.2552397847175598,0.0243986845016479,0.6638000000000002,-0.044244444444444,0.914354,0.0079339999999999,-0.0098
celeba,noniid,4,2025,5,0,0.9034,0.0123999999999999,0.6233392382639504,-0.0154747779085562,0.95880962666148,0.0068616255175909,0.8323785424685445,-0.0027177239472722,0.2464870065450668,0.012049600481987,0.8013222222222223,0.0379666666666667,0.88248,-0.0045639999999999,0.0123999999999999
celeba,noniid,4,2025,5,1,0.9034,0.0649999999999999,0.6233392382639504,-0.0404006763065289,0.95880962666148,0.0349668347946245,0.8323785424685445,0.0025131552462834,0.2464870065450668,0.1061193495988845,0.8013222222222223,-0.031911111111111,0.88248,0.0611560000000001,0.0649999999999999
celeba,noniid,4,2025,5,2,0.9034,0.012,0.6233392382639504,0.0996047050805983,0.95880962666148,-0.022479307302197,0.8323785424685445,-0.0439666610526661,0.2464870065450668,0.0076328366994857,0.8013222222222223,-0.0199444444444445,0.88248,-0.0195259999999999,0.012
celeba,noniid,4,2025,5,3,0.9034,0.0083999999999999,0.6233392382639504,0.0378539310511276,0.95880962666148,0.004868479850536,0.8323785424685445,-0.0036625191526419,0.2464870065450668,0.0351137071847915,0.8013222222222223,0.0228222222222223,0.88248,0.02,0.0083999999999999
celeba,noniid,4,2025,6,0,0.9044,0.0245999999999999,0.6149933657673596,-0.0410792789545473,0.9610556625835932,0.0116032991063534,0.8402499188708465,0.0040149688422972,0.2378959208726883,0.0376632064580917,0.7844000000000002,0.0003555555555556,0.88392,0.007848,0.0245999999999999
celeba,noniid,4,2025,6,1,0.9044,0.0524,0.6149933657673596,-0.0558779259869033,0.9610556625835932,0.025288089083586,0.8402499188708465,0.0043263404795452,0.2378959208726883,0.0890454202890396,0.7844000000000002,0.0707555555555556,0.88392,0.0389559999999999,0.0524
celeba,noniid,4,2025,6,2,0.9044,0.0143999999999999,0.6149933657673596,0.0993507819276117,0.9610556625835932,-0.0269364792440457,0.8402499188708465,-0.0379035405173369,0.2378959208726883,0.0161614567041397,0.7844000000000002,-0.0108444444444442,0.88392,-0.0155739999999999,0.0143999999999999
celeba,noniid,4,2025,6,3,0.9044,-0.0071999999999999,0.6149933657673596,0.0657317391418361,0.9610556625835932,-0.001857171823817,0.8402499188708465,-0.0011419698569251,0.2378959208726883,0.0159793645143508,0.7844000000000002,0.0404222222222223,0.88392,0.00035,-0.0071999999999999
celeba,noniid,4,2025,7,0,0.8922,0.0302,0.6561868403323602,-0.0351255441408375,0.953667594635976,0.021040722651938,0.8346739840370688,0.0057040983572886,0.2574896216392517,0.0480953752994537,0.7937333333333334,-0.0310999999999999,0.942202,0.013464,0.0302
celeba,noniid,4,2025,7,1,0.8922,0.018,0.6561868403323602,-0.015307412541203,0.953667594635976,0.0158081755988734,0.8346739840370688,0.0026799321390574,0.2574896216392517,0.0392543077468872,0.7937333333333334,0.0237,0.942202,-0.018298,0.018
celeba,noniid,4,2025,7,2,0.8922,-0.02,0.6561868403323602,0.1075803009424106,0.953667594635976,-0.0268359826630949,0.8346739840370688,-0.026475626337604,0.2574896216392517,-0.0445298850536346,0.7937333333333334,0.0664,0.942202,0.001418,-0.02
celeba,noniid,4,2025,7,3,0.8922,0.0108,0.6561868403323602,0.0396369872914377,0.953667594635976,0.012820065927524,0.8346739840370688,0.0094594539083713,0.2574896216392517,0.0241503417491912,0.7937333333333334,0.0241777777777778,0.942202,-0.0044859999999999,0.0108
celeba,noniid,4,2025,8,0,0.9176,0.0103999999999999,0.5290519877675841,-0.0128820684395414,0.9658207716201324,0.0153982025928612,0.842479635555519,0.0115330739938958,0.2092610150575637,0.0208006799221038,0.7225666666666668,-0.0314777777777774,0.86101,0.0314700000000001,0.0103999999999999
celeba,noniid,4,2025,8,1,0.9176,0.0101999999999999,0.5290519877675841,-0.0021911122544957,0.9658207716201324,0.0121522089622607,0.842479635555519,0.0088342459507309,0.2092610150575637,0.0307646989822387,0.7225666666666668,-0.0416444444444443,0.86101,0.042212,0.0101999999999999
celeba,noniid,4,2025,8,2,0.9176,0.0225999999999999,0.5290519877675841,0.0620116290231894,0.9658207716201324,-0.0209866615797997,0.842479635555519,-0.0285369230074064,0.2092610150575637,0.0370173752307891,0.7225666666666668,-0.0645222222222221,0.86101,-0.0613379999999998,0.0225999999999999
celeba,noniid,4,2025,8,3,0.9176,0.002,0.5290519877675841,0.004325510743514,0.9658207716201324,-0.0043667870694705,0.842479635555519,-0.0022445047835392,0.2092610150575637,0.0133781880140304,0.7225666666666668,-0.0559444444444441,0.86101,-0.0349059999999999,0.002
celeba,noniid,4,2025,9,0,0.9116,0.0253999999999999,0.5700153879973621,-0.0445890744772828,0.9690124674734792,0.0162242731760049,0.8408003647731054,0.0010819959004103,0.2187332957983017,0.042315736413002,0.6565777777777779,-0.0837333333333332,0.926692,0.0047959999999999,0.0253999999999999
celeba,noniid,4,2025,9,1,0.9116,0.0191999999999999,0.5700153879973621,-0.009724054949628,0.9690124674734792,0.0128071244834993,0.8408003647731054,-0.0054535222376036,0.2187332957983017,0.0406892448663711,0.6565777777777779,-0.0725555555555552,0.926692,0.0271579999999999,0.0191999999999999
celeba,noniid,4,2025,9,2,0.9116,0.0307999999999999,0.5700153879973621,0.0767767907019231,0.9690124674734792,-0.0179851485528509,0.8408003647731054,-0.0367927899802414,0.2187332957983017,0.0527519732713699,0.6565777777777779,-0.1580888888888887,0.926692,0.0066159999999999,0.0307999999999999
celeba,noniid,4,2025,9,3,0.9116,-0.0006,0.5700153879973621,0.0681533945691036,0.9690124674734792,-0.0054157853939081,0.8408003647731054,-0.0094126249286269,0.2187332957983017,0.0169182121753692,0.6565777777777779,-0.0980444444444443,0.926692,0.0034219999999999,-0.0006
celeba,noniid,4,2025,10,0,0.918,0.005,0.5112420868805938,-0.0392003909955123,0.9682333952020994,0.0120777111720171,0.841455970489527,0.0113449365138698,0.2028043419122696,0.0170749127864837,0.6676111111111109,-0.1050555555555556,0.915922,-0.0018699999999999,0.005
celeba,noniid,4,2025,10,1,0.918,0.0201999999999999,0.5112420868805938,-0.0069963472831072,0.9682333952020994,0.0155136095423293,0.841455970489527,0.0059423510612514,0.2028043419122696,0.0416728854179382,0.6676111111111109,-0.0706111111111111,0.915922,0.0981119999999999,0.0201999999999999
celeba,noniid,4,2025,10,2,0.918,0.0274,0.5112420868805938,0.040109926303237,0.9682333952020994,-0.0171337096975026,0.841455970489527,-0.0306023274824494,0.2028043419122696,0.0499142259359359,0.6676111111111109,-0.2186111111111113,0.915922,-0.0139019999999999,0.0274
celeba,noniid,4,2025,10,3,0.918,0.0154,0.5112420868805938,0.0716743762498042,0.9682333952020994,-0.0097492412333811,0.841455970489527,-0.0223785013904922,0.2028043419122696,0.0291346460580825,0.6676111111111109,-0.0803222222222224,0.915922,0.0178,0.0154
celeba,noniid,4,9928,1,0,0.6278,0.0884,0.8531935176358436,-0.1313197567004396,0.9102159187970522,-0.0811156301107733,0.8901014217113938,-0.1003931169615386,0.5723204016685486,0.1395366191864013,0.8672666666666666,0.0161555555555554,0.971346,-0.0238779999999999,0.0884
celeba,noniid,4,9928,1,1,0.6278,-0.0127999999999999,0.8531935176358436,0.0467419047326178,0.9102159187970522,-0.0115730996910348,0.8901014217113938,-0.0060351874596921,0.5723204016685486,0.0201645493507385,0.8672666666666666,0.0349999999999999,0.971346,-0.0014759999999999,-0.0127999999999999
celeba,noniid,4,9928,1,2,0.6278,-0.245,0.8531935176358436,0.3552682064325241,0.9102159187970522,-0.062106448824624,0.8901014217113938,0.0383841537305034,0.5723204016685486,-0.1580181121826172,0.8672666666666666,0.0098888888888888,0.971346,0.020042,-0.245
celeba,noniid,4,9928,1,3,0.6278,-0.1412,0.8531935176358436,0.3131201808102805,0.9102159187970522,-0.0678079436870674,0.8901014217113938,0.000645746983844,0.5723204016685486,-0.0137900710105896,0.8672666666666666,-0.0035222222222222,0.971346,0.025136,-0.1412
celeba,noniid,4,9928,2,0,0.8412,0.0467999999999999,0.7351467430207588,-0.0173632971398838,0.926560466337006,0.0180996497440977,0.8297322943324611,-0.0004830778963107,0.3559047877788543,0.0560586750507354,0.7714666666666665,-0.0374000000000001,0.89664,0.011584,0.0467999999999999
celeba,noniid,4,9928,2,1,0.8412,0.1065999999999999,0.7351467430207588,-0.0467495771511455,0.926560466337006,0.0173268621601372,0.8297322943324611,-0.0223637132916254,0.3559047877788543,0.1406067907810211,0.7714666666666665,0.0005666666666666,0.89664,-0.0027599999999999,0.1065999999999999
celeba,noniid,4,9928,2,2,0.8412,-0.0508,0.7351467430207588,0.1741546347907701,0.926560466337006,-0.0503686103098393,0.8297322943324611,-0.033973192462999,0.3559047877788543,-0.0826578438282013,0.7714666666666665,-0.1231666666666668,0.89664,-0.02426,-0.0508
celeba,noniid,4,9928,2,3,0.8412,-0.0002,0.7351467430207588,0.0351942941382099,0.926560466337006,-0.0048761199298563,0.8297322943324611,-0.00698080422611,0.3559047877788543,0.0293562412261962,0.7714666666666665,-0.0437555555555557,0.89664,-0.023086,-0.0002
celeba,noniid,4,9928,3,0,0.8996,0.0125999999999999,0.5942414174972315,-0.0210035915771786,0.9587717488081948,0.0271175714799831,0.8335624119389251,0.0181836106786503,0.2709938585758209,0.0161363184452056,0.740822222222222,-0.0166888888888889,0.865108,0.0141439999999999,0.0125999999999999
celeba,noniid,4,9928,3,1,0.8996,0.0423999999999999,0.5942414174972315,-0.0901284869984592,0.9587717488081948,0.032475566266415,0.8335624119389251,0.0104765464859779,0.2709938585758209,0.0649566650390625,0.740822222222222,-0.0939222222222224,0.865108,0.0073259999999999,0.0423999999999999
celeba,noniid,4,9928,3,2,0.8996,0.0235999999999999,0.5942414174972315,0.0809142116148785,0.9587717488081948,-0.0214164172006474,0.8335624119389251,-0.0216924979152888,0.2709938585758209,0.0205942690372467,0.740822222222222,-0.0919333333333334,0.865108,-0.039904,0.0235999999999999
celeba,noniid,4,9928,3,3,0.8996,0.0057999999999999,0.5942414174972315,0.0400109944549271,0.9587717488081948,-0.0096694923276824,0.8335624119389251,-0.0165585629254146,0.2709938585758209,0.0570234656333923,0.740822222222222,0.0405555555555552,0.865108,-0.02631,0.0057999999999999
celeba,noniid,4,9928,4,0,0.8982,0.0427999999999999,0.5480854853072128,-0.0709845006016646,0.9425173208904222,0.0326477425292903,0.8201241378743751,0.0117023155698142,0.3162268996238708,0.0261609554290771,0.7086888888888887,-0.0938000000000001,0.829322,0.011936,0.0427999999999999
celeba,noniid,4,9928,4,1,0.8982,0.0836,0.5480854853072128,-0.1108330368361687,0.9425173208904222,0.020483950920467,0.8201241378743751,-0.0144693331799752,0.3162268996238708,0.0858510732650756,0.7086888888888887,-0.0756222222222222,0.829322,0.0126439999999999,0.0836
celeba,noniid,4,9928,4,2,0.8982,0.0023999999999999,0.5480854853072128,0.0760872774219081,0.9425173208904222,-0.0331491629855663,0.8201241378743751,-0.0258282362316637,0.3162268996238708,-0.0508854389190673,0.7086888888888887,-0.0074666666666669,0.829322,-0.0275579999999999,0.0023999999999999
celeba,noniid,4,9928,4,3,0.8982,0.0023999999999999,0.5480854853072128,0.0430665247897021,0.9425173208904222,-0.0025693776096936,0.8201241378743751,-0.0026799321390573,0.3162268996238708,0.0467285513877868,0.7086888888888887,-0.0282222222222223,0.829322,-0.045482,0.0023999999999999
celeba,noniid,4,9928,5,0,0.912,0.0008,0.5684765882611563,0.0325101275374141,0.9650576101497174,0.0065691522155766,0.8343051031264506,0.0054568084817961,0.2684235572814941,0.0068734288215637,0.8226777777777778,0.0274333333333334,0.928872,0.0261179999999999,0.0008
celeba,noniid,4,9928,5,1,0.912,0.0278,0.5684765882611563,-0.0565516986815909,0.9650576101497174,0.0196802323353518,0.8343051031264506,0.0016735198550765,0.2684235572814941,0.0473130643367767,0.8226777777777778,-0.0673999999999999,0.928872,0.007028,0.0278
celeba,noniid,4,9928,5,2,0.912,0.0058,0.5684765882611563,0.0309655556044926,0.9650576101497174,-0.0167549454274169,0.8343051031264506,-0.0144520803979641,0.2684235572814941,-0.0313279777765274,0.8226777777777778,0.0599444444444445,0.928872,-0.0124319999999999,0.0058
celeba,noniid,4,9928,5,3,0.912,0.013,0.5684765882611563,0.0595240367839853,0.9650576101497174,-0.0159094388016035,0.8343051031264506,-0.0180045103701543,0.2684235572814941,0.0600871741771698,0.8226777777777778,-0.0081222222222221,0.928872,0.012418,0.013
celeba,noniid,4,9928,6,0,0.9016,0.0425999999999999,0.5681364945712386,-0.0481073965155661,0.9455031777886964,0.0248827782367091,0.8216892116710963,0.0047855931054597,0.2641792297363281,0.0519029796123504,0.7311444444444444,-0.1077222222222222,0.845266,0.0154639999999999,0.0425999999999999
celeba,noniid,4,9928,6,1,0.9016,0.0325999999999999,0.5681364945712386,-0.048115807454544,0.9455031777886964,0.0099025291623984,0.8216892116710963,-0.0040905524587268,0.2641792297363281,0.0480659306049346,0.7311444444444444,0.030722222222222,0.845266,-0.015056,0.0325999999999999
celeba,noniid,4,9928,6,2,0.9016,-0.013,0.5681364945712386,0.0716483470734334,0.9455031777886964,-0.0270448380105796,0.8216892116710963,-0.016305522122585,0.2641792297363281,-0.0479317903518676,0.7311444444444444,-0.0109444444444446,0.845266,-0.050288,-0.013
celeba,noniid,4,9928,6,3,0.9016,-0.0048,0.5681364945712386,0.0269574263442569,0.9455031777886964,-0.0186764143423725,0.8216892116710963,-0.0140256902139754,0.2641792297363281,0.0330511927604675,0.7311444444444444,-0.0742333333333333,0.845266,-0.030508,-0.0048
celeba,noniid,4,9928,7,0,0.915,0.012,0.563238512035011,-0.0130439663127571,0.9700198137152612,0.0149758503620452,0.8426036912737893,0.0129100103105911,0.2367434054613113,0.0100148022174835,0.6860222222222225,-0.0345777777777773,0.897322,0.0179719999999999,0.012
celeba,noniid,4,9928,7,1,0.915,0.019,0.563238512035011,-0.0490795170803306,0.9700198137152612,0.0009878747032598,0.8426036912737893,-0.0125263413011063,0.2367434054613113,0.0322640687227249,0.6860222222222225,-0.0224999999999997,0.897322,-0.018872,0.019
celeba,noniid,4,9928,7,2,0.915,0.021,0.563238512035011,0.1279681508054844,0.9700198137152612,-0.0118951892037034,0.8426036912737893,-0.0216982488426259,0.2367434054613113,0.016208216547966,0.6860222222222225,-0.1332222222222219,0.897322,0.0149259999999999,0.021
celeba,noniid,4,9928,7,3,0.915,0.006,0.563238512035011,0.03322968590968,0.9700198137152612,-0.0086573919393762,0.8426036912737893,-0.0232830401045025,0.2367434054613113,0.0453276485204696,0.6860222222222225,-0.0806888888888885,0.897322,-0.041088,0.006
celeba,noniid,4,9928,8,0,0.9078,0.0288,0.5070360598065083,-0.0351380493500094,0.9565274801265062,0.0266258811344113,0.828596075402873,0.0120375124774583,0.2763428390026092,0.0198633968830108,0.8742888888888889,0.1347777777777776,0.888534,-0.0033719999999999,0.0288
celeba,noniid,4,9928,8,1,0.9078,0.0246,0.5070360598065083,-0.0559436241664036,0.9565274801265062,0.0127446833440207,0.828596075402873,-0.0037832886267197,0.2763428390026092,0.0474426448345184,0.8742888888888889,0.0744,0.888534,0.00631,0.0246
celeba,noniid,4,9928,8,2,0.9078,0.0154,0.5070360598065083,0.0621435866882287,0.9565274801265062,-0.0311427885225893,0.828596075402873,-0.0295096512884132,0.2763428390026092,-0.0277961790561676,0.8742888888888889,0.0655666666666665,0.888534,-0.0197339999999999,0.0154
celeba,noniid,4,9928,8,3,0.9078,0.0028,0.5070360598065083,0.0727994438117958,0.9565274801265062,-0.0117022208657363,0.828596075402873,-0.0104592937039669,0.2763428390026092,0.05571249127388,0.8742888888888889,0.1673333333333333,0.888534,0.00951,0.0028
celeba,noniid,4,9928,9,0,0.913,0.0088,0.4876760563380281,-0.0420739989594723,0.9733022348639636,0.0125281344486034,0.84603617333295,0.0111379031297369,0.2448117136955261,-6.976723670959473e-05,0.7908777777777778,-0.0088444444444444,0.931334,-0.0015319999999999,0.0088
celeba,noniid,4,9928,9,1,0.913,0.0108,0.4876760563380281,0.0621724034710809,0.9733022348639636,0.0061438607797907,0.84603617333295,-0.0139763965510866,0.2448117136955261,0.0614861249923706,0.7908777777777778,-0.0156999999999998,0.931334,0.0130519999999999,0.0108
celeba,noniid,4,9928,9,2,0.913,0.0211999999999999,0.4876760563380281,0.0151288016125555,0.9733022348639636,-0.0101827621796117,0.84603617333295,-0.019628736562342,0.2448117136955261,0.0036697387695312,0.7908777777777778,0.0229666666666665,0.931334,0.0034999999999999,0.0211999999999999
celeba,noniid,4,9928,9,3,0.913,0.033,0.4876760563380281,0.0633024800282331,0.9733022348639636,0.0074399592835319,0.84603617333295,-0.0277662987442438,0.2448117136955261,0.071598082780838,0.7908777777777778,-0.0025111111111111,0.931334,0.00919,0.033
celeba,noniid,4,9928,10,0,0.9108,0.0128,0.5463894967177243,0.001704852189086,0.9565917475563064,0.0236675444933808,0.8265857155180558,0.0146632215873381,0.2354932427406311,0.0153611302375793,0.7837333333333332,0.0101777777777776,0.907144,0.0234759999999999,0.0128
celeba,noniid,4,9928,10,1,0.9108,0.0258,0.5463894967177243,-0.067534553915187,0.9565917475563064,0.0178069128146015,0.8265857155180558,0.0020366498383578,0.2354932427406311,0.0542248785495758,0.7837333333333332,-0.0537111111111112,0.907144,-0.023508,0.0258
celeba,noniid,4,9928,10,2,0.9108,0.0136,0.5463894967177243,0.0834761812574919,0.9565917475563064,-0.0263525095705551,0.8265857155180558,-0.0252827196956937,0.2354932427406311,0.0016022622585296,0.7837333333333332,-0.010077777777778,0.907144,-0.01784,0.0136
celeba,noniid,4,9928,10,3,0.9108,0.0018,0.5463894967177243,0.0468282856602429,0.9565917475563064,-0.0111353577184798,0.8265857155180558,-0.0108684311059444,0.2354932427406311,0.0242389738559722,0.7837333333333332,0.0604888888888888,0.907144,0.0071299999999999,0.0018
celeba,noniid,20,42,1,0,0.5334,0.0,1.0,0.0,1.0,0.0,1.0,0.0,0.6858155131340027,-0.0015561580657958,0.9076444444444444,0.0012888888888888,1.0,0.0,0.0
celeba,noniid,20,42,1,1,0.5334,0.0,1.0,0.0,1.0,0.0,1.0,0.0,0.6858155131340027,-0.0027614831924438,0.9076444444444444,0.0007333333333334,1.0,0.0,0.0
celeba,noniid,20,42,1,2,0.5334,0.0,1.0,0.0,1.0,0.0,1.0,0.0,0.6858155131340027,0.0217424035072326,0.9076444444444444,0.0026444444444442,1.0,0.0,0.0
celeba,noniid,20,42,1,3,0.5334,0.0,1.0,0.0,1.0,0.0,1.0,0.0,0.6858155131340027,-0.0022497177124023,0.9076444444444444,0.0552111111111111,1.0,0.0,0.0
celeba,noniid,20,42,1,4,0.5334,0.0,1.0,0.0,1.0,0.0,1.0,0.0,0.6858155131340027,0.0076542496681213,0.9076444444444444,0.0234222222222222,1.0,0.0,0.0
celeba,noniid,20,42,1,5,0.5334,0.0,1.0,0.0,1.0,0.0,1.0,0.0,0.6858155131340027,0.0033069252967834,0.9076444444444444,-0.0310444444444444,1.0,0.0,0.0
celeba,noniid,20,42,1,6,0.5334,0.0,1.0,0.0,1.0,0.0,1.0,0.0,0.6858155131340027,-0.0085750818252563,0.9076444444444444,0.0044444444444444,1.0,0.0,0.0
celeba,noniid,20,42,1,7,0.5334,0.0,1.0,0.0,1.0,0.0,1.0,0.0,0.6858155131340027,0.001234233379364,0.9076444444444444,0.0314666666666667,1.0,0.0,0.0
celeba,noniid,20,42,1,8,0.5334,0.0,1.0,0.0,1.0,0.0,1.0,0.0,0.6858155131340027,-0.0039358139038085,0.9076444444444444,0.0226222222222223,1.0,0.0,0.0
celeba,noniid,20,42,1,9,0.5334,0.0,1.0,0.0,1.0,0.0,1.0,0.0,0.6858155131340027,-0.006537914276123,0.9076444444444444,-0.0119333333333331,1.0,0.0,0.0
celeba,noniid,20,42,1,10,0.5334,0.0,1.0,0.0011248593925758,1.0,0.0,1.0,0.0,0.6858155131340027,-0.0103006958961486,0.9076444444444444,0.0161999999999999,1.0,1.399999999995849e-05,0.0
celeba,noniid,20,42,1,11,0.5334,0.0,1.0,0.0,1.0,0.0,1.0,0.0,0.6858155131340027,-0.0069772005081176,0.9076444444444444,0.0389666666666668,1.0,0.0,0.0
celeba,noniid,20,42,1,12,0.5334,0.0,1.0,0.0,1.0,0.0,1.0,0.0,0.6858155131340027,0.0015027523040771,0.9076444444444444,-0.0008888888888887,1.0,0.0,0.0
celeba,noniid,20,42,1,13,0.5334,0.0,1.0,0.0,1.0,0.0,1.0,0.0,0.6858155131340027,0.0094795823097229,0.9076444444444444,-0.0149999999999999,1.0,0.0,0.0
celeba,noniid,20,42,1,14,0.5334,0.0,1.0,0.0,1.0,0.0,1.0,0.0,0.6858155131340027,-0.005632996559143,0.9076444444444444,0.0243222222222223,1.0,0.0,0.0
celeba,noniid,20,42,1,15,0.5334,0.0,1.0,0.0,1.0,0.0,1.0,0.0,0.6858155131340027,-0.0039604902267456,0.9076444444444444,0.0140666666666666,1.0,0.0,0.0
celeba,noniid,20,42,1,16,0.5334,0.0,1.0,0.0,1.0,0.0,1.0,0.0,0.6858155131340027,0.0077336430549621,0.9076444444444444,-0.0148666666666665,1.0,0.0,0.0
celeba,noniid,20,42,1,17,0.5334,0.0,1.0,0.0,1.0,0.0,1.0,0.0,0.6858155131340027,0.0105265974998474,0.9076444444444444,-0.0193777777777777,1.0,0.0,0.0
celeba,noniid,20,42,1,18,0.5334,0.0,1.0,0.0,1.0,0.0,1.0,0.0,0.6858155131340027,-0.0009215474128723,0.9076444444444444,0.0224777777777778,1.0,0.0,0.0
celeba,noniid,20,42,1,19,0.5334,0.0,1.0,0.0007499062617173,1.0,0.0,1.0,0.0,0.6858155131340027,-0.011606752872467,0.9076444444444444,0.0142111111111113,1.0,1.999999999946489e-06,0.0
celeba,noniid,20,42,2,0,0.869,0.1597999999999999,0.5912543153049482,-0.1521184991338561,0.9554101062114384,0.0739599913992058,0.8657439446366781,0.0198970137260368,0.4090659320354461,0.1570724546909332,0.7969555555555556,-0.0316444444444443,0.951284,-0.017328,0.1597999999999999
celeba,noniid,20,42,2,1,0.869,0.0904,0.5912543153049482,-0.0506670820749645,0.9554101062114384,0.0694257442640119,0.8657439446366781,0.035936961904918,0.4090659320354461,0.1462814509868621,0.7969555555555556,-0.0464222222222221,0.951284,-0.0111799999999999,0.0904
celeba,noniid,20,42,2,2,0.869,0.1805999999999999,0.5912543153049482,-0.189977526647405,0.9554101062114384,0.0696961060994614,0.8657439446366781,0.0102773085816427,0.4090659320354461,0.1494215428829193,0.7969555555555556,-0.0524111111111111,0.951284,-0.0141099999999999,0.1805999999999999
celeba,noniid,20,42,2,3,0.869,0.1136,0.5912543153049482,-0.0915627352642866,0.9554101062114384,0.0719930900580179,0.8657439446366781,0.031387854835271,0.4090659320354461,0.152338296175003,0.7969555555555556,-0.0796888888888889,0.951284,-0.0115659999999999,0.1136
celeba,noniid,20,42,2,4,0.869,0.1724,0.5912543153049482,-0.1787715244883334,0.9554101062114384,0.0719206826455243,0.8657439446366781,0.0144967939782547,0.4090659320354461,0.1470844447612762,0.7969555555555556,-0.0212333333333332,0.951284,-0.0131399999999999,0.1724
celeba,noniid,20,42,2,5,0.869,0.1533999999999999,0.5912543153049482,-0.1530162268973994,0.9554101062114384,0.0676273798595297,0.8657439446366781,0.0162104986962724,0.4090659320354461,0.14967080950737,0.7969555555555556,-0.0684666666666666,0.951284,-0.014212,0.1533999999999999
celeba,noniid,20,42,2,6,0.869,0.0485999999999999,0.5912543153049482,0.0147062899514621,0.9554101062114384,0.0362894620094205,0.8657439446366781,0.019195132750619,0.4090659320354461,0.1321553289890289,0.7969555555555556,-0.0563333333333333,0.951284,-0.008634,0.0485999999999999
celeba,noniid,20,42,2,7,0.869,0.159,0.5912543153049482,-0.1555062480753334,0.9554101062114384,0.0715239378060268,0.8657439446366781,0.0180012791288803,0.4090659320354461,0.1569851338863372,0.7969555555555556,-0.0391111111111108,0.951284,-0.0157319999999999,0.159
celeba,noniid,20,42,2,8,0.869,0.1086,0.5912543153049482,-0.0847057057366088,0.9554101062114384,0.0696201938462306,0.8657439446366781,0.0307630495744436,0.4090659320354461,0.1499962508678436,0.7969555555555556,-0.0212555555555553,0.951284,-0.0108139999999999,0.1086
celeba,noniid,20,42,2,9,0.869,0.131,0.5912543153049482,-0.12012779851619,0.9554101062114384,0.0714714954220014,0.8657439446366781,0.026010593810984,0.4090659320354461,0.1528421938419342,0.7969555555555556,-0.0407777777777775,0.951284,-0.0103779999999999,0.131
celeba,noniid,20,42,2,10,0.869,0.1096,0.5912543153049482,-0.0724275387903902,0.9554101062114384,0.0682423365110347,0.8657439446366781,0.0282129913576804,0.4090659320354461,0.1514672338962555,0.7969555555555556,-0.0276999999999998,0.951284,-0.010858,0.1096
celeba,noniid,20,42,2,11,0.869,0.027,0.5912543153049482,0.040898020768131,0.9554101062114384,0.0268468783412595,0.8657439446366781,0.015469259909149,0.4090659320354461,0.1236203014850616,0.7969555555555556,-0.0294666666666665,0.951284,-0.0073959999999999,0.027
celeba,noniid,20,42,2,12,0.869,0.119,0.5912543153049482,-0.1151456846950517,0.9554101062114384,0.0715218296902897,0.8657439446366781,0.0294248839764508,0.4090659320354461,0.1352649629116058,0.7969555555555556,-0.0489777777777777,0.951284,-0.0098279999999999,0.119
celeba,noniid,20,42,2,13,0.869,0.2027999999999999,0.5912543153049482,-0.2091059368715754,0.9554101062114384,0.0639998974495378,0.8657439446366781,-0.0010725003689795,0.4090659320354461,0.1682481467723846,0.7969555555555556,-0.0112555555555555,0.951284,-0.016954,0.2027999999999999
celeba,noniid,20,42,2,14,0.869,0.0806,0.5912543153049482,-0.0533423361410182,0.9554101062114384,0.0555034153564101,0.8657439446366781,0.0245018776956,0.4090659320354461,0.1326712667942047,0.7969555555555556,-0.0216666666666665,0.951284,-0.0111299999999999,0.0806
celeba,noniid,20,42,2,15,0.869,0.0938,0.5912543153049482,-0.0730903699375699,0.9554101062114384,0.0696490136350069,0.8657439446366781,0.0346660325685891,0.4090659320354461,0.1392339766025543,0.7969555555555556,-0.0070555555555553,0.951284,-0.011294,0.0938
celeba,noniid,20,42,2,16,0.869,0.1702,0.5912543153049482,-0.1752024677517203,0.9554101062114384,0.0689803401802122,0.8657439446366781,0.0125633414782138,0.4090659320354461,0.1487149894237518,0.7969555555555556,-0.0268888888888885,0.951284,-0.0145659999999999,0.1702
celeba,noniid,20,42,2,17,0.869,0.1882,0.5912543153049482,-0.1957609608407627,0.9554101062114384,0.0712254869680628,0.8657439446366781,0.0094278358123287,0.4090659320354461,0.1571642458438873,0.7969555555555556,-0.0519777777777779,0.951284,-0.013958,0.1882
celeba,noniid,20,42,2,18,0.869,0.166,0.5912543153049482,-0.1612350161317516,0.9554101062114384,0.0740453821666915,0.8657439446366781,0.0181898686433034,0.4090659320354461,0.1582184135913849,0.7969555555555556,-0.0456333333333331,0.951284,-0.0138059999999999,0.166
celeba,noniid,20,42,2,19,0.869,0.0423999999999999,0.5912543153049482,0.008384729047992,0.9554101062114384,0.0343559235914781,0.8657439446366781,0.0193148460945571,0.4090659320354461,0.1253792345523834,0.7969555555555556,-0.0071666666666665,0.951284,-0.0090859999999999,0.0423999999999999
celeba,noniid,20,42,3,0,0.9014,0.0115999999999999,0.5407144441979144,-0.0310994465640546,0.9711410279551588,0.0074440882306533,0.8667803670115942,0.0021023631086112,0.2804428040981293,0.0861168801784515,0.7091777777777777,-0.021688888888889,0.909508,-0.01173,0.0115999999999999
celeba,noniid,20,42,3,1,0.9014,0.0041999999999999,0.5407144441979144,0.0005896113847176,0.9711410279551588,0.0069460349836518,0.8667803670115942,0.0046425818724479,0.2804428040981293,0.0874999165534973,0.7091777777777777,-0.0138444444444445,0.909508,-0.017696,0.0041999999999999
celeba,noniid,20,42,3,2,0.9014,0.0105999999999999,0.5407144441979144,-0.0416834004361224,0.9711410279551588,0.0108310225323333,0.8667803670115942,0.005187031601043,0.2804428040981293,0.0562514662742614,0.7091777777777777,-0.0161333333333333,0.909508,-0.0041379999999999,0.0105999999999999
celeba,noniid,20,42,3,3,0.9014,0.0071999999999999,0.5407144441979144,-0.013971308430133,0.9711410279551588,0.0055844569869494,0.8667803670115942,0.0020334869381263,0.2804428040981293,0.0873433649539947,0.7091777777777777,-0.0764444444444445,0.909508,-0.01231,0.0071999999999999
celeba,noniid,20,42,3,4,0.9014,0.0181999999999999,0.5407144441979144,-0.0602819326136798,0.9711410279551588,0.0111603753335335,0.8667803670115942,0.0029764345102413,0.2804428040981293,0.0664913654327392,0.7091777777777777,-0.0470666666666668,0.909508,-0.0020339999999999,0.0181999999999999
celeba,noniid,20,42,3,5,0.9014,0.0111999999999999,0.5407144441979144,-0.0387059107784955,0.9711410279551588,0.0059361687471861,0.8667803670115942,0.0005608488168058,0.2804428040981293,0.0814180970191955,0.7091777777777777,-0.0295999999999998,0.909508,-0.004642,0.0111999999999999
celeba,noniid,20,42,3,6,0.9014,0.0031999999999999,0.5407144441979144,0.0072029768187115,0.9711410279551588,0.0008376175419739,0.8667803670115942,-0.0003378212171402,0.2804428040981293,0.0812032520771026,0.7091777777777777,-0.0219111111111112,0.909508,-0.017098,0.0031999999999999
celeba,noniid,20,42,3,7,0.9014,0.0143999999999999,0.5407144441979144,-0.0498154317885568,0.9711410279551588,0.0074692407548864,0.8667803670115942,0.0008921103986618,0.2804428040981293,0.085246056318283,0.7091777777777777,0.0005777777777775,0.909508,-0.0079,0.0143999999999999
celeba,noniid,20,42,3,8,0.9014,0.006,0.5407144441979144,-0.0103241977498185,0.9711410279551588,0.0028869143644586,0.8667803670115942,-0.0029091982485772,0.2804428040981293,0.0883616507053375,0.7091777777777777,-0.0693333333333332,0.909508,-0.0151179999999999,0.006
celeba,noniid,20,42,3,9,0.9014,0.0081999999999999,0.5407144441979144,-0.0199662544138187,0.9711410279551588,0.0024848210702816,0.8667803670115942,-0.0011856540776332,0.2804428040981293,0.0863489210605621,0.7091777777777777,-0.0039333333333333,0.909508,-0.014758,0.0081999999999999
celeba,noniid,20,42,3,10,0.9014,0.0058,0.5407144441979144,-0.0001520140423714,0.9711410279551588,0.0025528790473173,0.8667803670115942,0.0001065940733696,0.2804428040981293,0.0881569385528564,0.7091777777777777,-0.0068888888888889,0.909508,-0.013426,0.0058
celeba,noniid,20,42,3,11,0.9014,0.0068,0.5407144441979144,0.008185939838424,0.9711410279551588,-0.0078199839615618,0.8667803670115942,-0.009554108791551,0.2804428040981293,0.0678789615631103,0.7091777777777777,-0.0759222222222224,0.909508,-0.025874,0.0068
celeba,noniid,20,42,3,12,0.9014,0.0063999999999999,0.5407144441979144,-0.0174978463048789,0.9711410279551588,0.0021514924004406,0.8667803670115942,-0.0008101149576082,0.2804428040981293,0.0756938159465789,0.7091777777777777,-0.0318222222222221,0.909508,-0.009406,0.0063999999999999
celeba,noniid,20,42,3,13,0.9014,0.014,0.5407144441979144,-0.0454924523538098,0.9711410279551588,0.0075621380351553,0.8667803670115942,0.000636284622575,0.2804428040981293,0.0878859162330627,0.7091777777777777,0.0028444444444444,0.909508,-0.012846,0.014
celeba,noniid,20,42,3,14,0.9014,0.0071999999999999,0.5407144441979144,-0.0148659628698557,0.9711410279551588,0.0056281809779995,0.8667803670115942,0.00249922104331,0.2804428040981293,0.0733418762683868,0.7091777777777777,0.0006444444444442,0.909508,-0.0181839999999999,0.0071999999999999
celeba,noniid,20,42,3,15,0.9014,0.0068,0.5407144441979144,-0.0032158039576859,0.9711410279551588,0.0055092484934138,0.8667803670115942,0.0023188310729923,0.2804428040981293,0.0841009020805358,0.7091777777777777,-0.0075333333333336,0.909508,-0.0112959999999999,0.0068
celeba,noniid,20,42,3,16,0.9014,0.0085999999999999,0.5407144441979144,-0.0370185307124799,0.9711410279551588,0.006043099935461,0.8667803670115942,0.0016284294593221,0.2804428040981293,0.0654366314411163,0.7091777777777777,-0.0126666666666666,0.909508,-0.0106819999999999,0.0085999999999999
celeba,noniid,20,42,3,17,0.9014,0.0108,0.5407144441979144,-0.0370982663343111,0.9711410279551588,0.0074074184029823,0.8667803670115942,0.0021777989143804,0.2804428040981293,0.0768527388572692,0.7091777777777777,-0.1072444444444444,0.909508,-0.0030419999999999,0.0108
celeba,noniid,20,42,3,18,0.9014,0.0123999999999999,0.5407144441979144,-0.0394880304927492,0.9711410279551588,0.0052246873006753,0.8667803670115942,-0.0003870184817723,0.2804428040981293,0.0838578939437866,0.7091777777777777,-0.0252444444444446,0.909508,-0.005024,0.0123999999999999
celeba,noniid,20,42,3,19,0.9014,0.0053999999999999,0.5407144441979144,0.0038840870550571,0.9711410279551588,-0.0030403514937061,0.8667803670115942,-0.0043408386493709,0.2804428040981293,0.0636821985244751,0.7091777777777777,-0.0707111111111111,0.909508,-0.024656,0.0053999999999999
celeba,noniid,20,42,4,0,0.9084,0.0068,0.5169528841919859,-0.0238634423386263,0.9717013876734713,0.0008614817005413,0.8643287033240952,-0.0021581200085274,0.2596698999404907,0.0643522143363952,0.7605888888888888,-0.0013444444444445,0.87044,-0.02841,0.0068
celeba,noniid,20,42,4,1,0.9084,0.0053999999999999,0.5169528841919859,-0.0077425753871945,0.9717013876734713,-0.0019393352491312,0.8643287033240952,-0.0035963200446055,0.2596698999404907,0.0652461647987365,0.7605888888888888,0.0218777777777778,0.87044,-0.0367199999999999,0.0053999999999999
celeba,noniid,20,42,4,2,0.9084,0.0041999999999999,0.5169528841919859,-0.0278380912559238,0.9717013876734713,0.0049971865513196,0.8643287033240952,0.0024385444169303,0.2596698999404907,0.0312053561210632,0.7605888888888888,-0.047811111111111,0.87044,-0.0143419999999999,0.0041999999999999
celeba,noniid,20,42,4,3,0.9084,0.0063999999999999,0.5169528841919859,-0.0114284905308521,0.9717013876734713,0.0001242284548809,0.8643287033240952,-0.0025352990373734,0.2596698999404907,0.0676559209823608,0.7605888888888888,0.0052333333333332,0.87044,-0.0289019999999999,0.0063999999999999
celeba,noniid,20,42,4,4,0.9084,0.0073999999999999,0.5169528841919859,-0.0348784143651728,0.9717013876734713,0.0021659462860175,0.8643287033240952,-0.0017957001590711,0.2596698999404907,0.0449585318565368,0.7605888888888888,0.0010222222222222,0.87044,-0.008994,0.0073999999999999
celeba,noniid,20,42,4,5,0.9084,0.0071999999999999,0.5169528841919859,-0.0234377061320265,0.9717013876734713,-0.0023002114817396,0.8643287033240952,-0.0054149789271715,0.2596698999404907,0.059258610010147,0.7605888888888888,-0.0175444444444445,0.87044,-0.0206859999999999,0.0071999999999999
celeba,noniid,20,42,4,6,0.9084,0.0065999999999999,0.5169528841919859,-0.0006785196669628,0.9717013876734713,-0.004516061011016,0.8643287033240952,-0.0057708391413437,0.2596698999404907,0.063683807849884,0.7605888888888888,0.0016999999999998,0.87044,-0.030036,0.0065999999999999
celeba,noniid,20,42,4,7,0.9084,0.0073999999999999,0.5169528841919859,-0.0339905120344291,0.9717013876734713,-0.0016082663357809,0.8643287033240952,-0.0047147378605749,0.2596698999404907,0.0610842108726501,0.7605888888888888,-0.0299222222222221,0.87044,-0.0232879999999999,0.0073999999999999
celeba,noniid,20,42,4,8,0.9084,0.0051999999999999,0.5169528841919859,-0.0060763452145685,0.9717013876734713,-6.218926911172318e-05,0.8643287033240952,-0.0019186933206514,0.2596698999404907,0.0676080584526062,0.7605888888888888,-0.045411111111111,0.87044,-0.0287579999999999,0.0051999999999999
celeba,noniid,20,42,4,9,0.9084,0.0068,0.5169528841919859,-0.0116629099517584,0.9717013876734713,0.0004147902325077,0.8643287033240952,-0.0019711704029254,0.2596698999404907,0.0671316087245941,0.7605888888888888,-0.0978111111111112,0.87044,-0.0295459999999999,0.0068
celeba,noniid,20,42,4,10,0.9084,0.008,0.5169528841919859,-0.0037046013699865,0.9717013876734713,-0.0021323696809179,0.8643287033240952,-0.0040932124173895,0.2596698999404907,0.0680952072143554,0.7605888888888888,-0.0198111111111112,0.87044,-0.0316279999999999,0.008
celeba,noniid,20,42,4,11,0.9084,0.0148,0.5169528841919859,-0.0011760325492853,0.9717013876734713,-0.0149402483266681,0.8643287033240952,-0.0173797536856951,0.2596698999404907,0.0531938374042511,0.7605888888888888,-0.0101444444444445,0.87044,-0.0384839999999999,0.0148
celeba,noniid,20,42,4,12,0.9084,0.0043999999999999,0.5169528841919859,-0.007825876869961,0.9717013876734713,0.0011718645082622,0.8643287033240952,-0.0006920415224913,0.2596698999404907,0.0612967014312744,0.7605888888888888,0.0186333333333332,0.87044,-0.0226939999999999,0.0043999999999999
celeba,noniid,20,42,4,13,0.9084,0.0085999999999999,0.5169528841919859,-0.0220557844010347,0.9717013876734713,-0.0038365300480482,0.8643287033240952,-0.0089883402482822,0.2596698999404907,0.0660675168037414,0.7605888888888888,-0.0913222222222223,0.87044,-0.0255159999999999,0.0085999999999999
celeba,noniid,20,42,4,14,0.9084,0.0031999999999999,0.5169528841919859,-0.020607875861041,0.9717013876734713,-0.0026538451745475,0.8643287033240952,-0.0039193820823562,0.2596698999404907,0.0511208772659301,0.7605888888888888,-0.0176777777777779,0.87044,-0.0270219999999999,0.0031999999999999
celeba,noniid,20,42,4,15,0.9084,0.0051999999999999,0.5169528841919859,-0.0036405613350291,0.9717013876734713,-0.000206174646265,0.8643287033240952,-0.0022269961790124,0.2596698999404907,0.0681942403316497,0.7605888888888888,-0.0837888888888891,0.87044,-0.030144,0.0051999999999999
celeba,noniid,20,42,4,16,0.9084,0.0061999999999999,0.5169528841919859,-0.0192918509000113,0.9717013876734713,0.0040189964723054,0.8643287033240952,0.0011594155364962,0.2596698999404907,0.0469495356082916,0.7605888888888888,-0.0191000000000001,0.87044,-0.0171759999999999,0.0061999999999999
celeba,noniid,20,42,4,17,0.9084,0.007,0.5169528841919859,-0.0191021413238783,0.9717013876734713,0.0004440182570473,0.8643287033240952,-0.0026845307400908,0.2596698999404907,0.0567032992839813,0.7605888888888888,-0.0475888888888889,0.87044,-0.015954,0.007
celeba,noniid,20,42,4,18,0.9084,0.007,0.5169528841919859,-0.0235396829258307,0.9717013876734713,0.0025953113941568,0.8643287033240952,-0.0008183145017137,0.2596698999404907,0.0625814795494079,0.7605888888888888,-0.0174111111111112,0.87044,-0.017822,0.007
celeba,noniid,20,42,4,19,0.9084,0.0068,0.5169528841919859,-0.0063390412738526,0.9717013876734713,-0.0112318546479595,0.8643287033240952,-0.0119024582233228,0.2596698999404907,0.0448294579982757,0.7605888888888888,-0.0206555555555556,0.87044,-0.0383759999999999,0.0068
celeba,noniid,20,42,5,0,0.9112,0.0061999999999999,0.5094381035996488,-0.0359762610412351,0.9716866600717964,0.0070354514356112,0.8626067990619721,0.0041014119614948,0.2501847743988037,0.0563338696956634,0.7433333333333336,-0.029233333333333,0.85966,-0.0321179999999999,0.0061999999999999
celeba,noniid,20,42,5,1,0.9112,0.005,0.5094381035996488,-0.0239982239218695,0.9716866600717964,-0.0007772298512229,0.8626067990619721,-0.0021663195526329,0.2501847743988037,0.0554578304290771,0.7433333333333336,-0.0868888888888888,0.85966,-0.0388439999999999,0.005
celeba,noniid,20,42,5,2,0.9112,0.003,0.5094381035996488,-0.0366971089086093,0.9716866600717964,0.0035516090630076,0.8626067990619721,0.0015890716476163,0.2501847743988037,0.0254803001880645,0.7433333333333336,-0.0770666666666666,0.85966,-0.013826,0.003
celeba,noniid,20,42,5,3,0.9112,0.0058,0.5094381035996488,-0.0275621172971923,0.9716866600717964,0.0036384875860243,0.8626067990619721,0.0012118926187703,0.2501847743988037,0.0575815737247467,0.7433333333333336,-0.0478666666666665,0.85966,-0.02793,0.0058
celeba,noniid,20,42,5,4,0.9112,0.0061999999999999,0.5094381035996488,-0.0388491892180308,0.9716866600717964,0.0055905042356596,0.8626067990619721,0.0018383377884189,0.2501847743988037,0.0386395454406738,0.7433333333333336,-0.0113222222222217,0.85966,-0.014106,0.0061999999999999
celeba,noniid,20,42,5,5,0.9112,0.0046,0.5094381035996488,-0.0396463879070796,0.9716866600717964,0.0035117787529324,0.8626067990619721,0.0004083372964462,0.2501847743988037,0.0511277616024017,0.7433333333333336,-0.0862888888888886,0.85966,-0.020432,0.0046
celeba,noniid,20,42,5,6,0.9112,0.0046,0.5094381035996488,-0.0151592932677678,0.9716866600717964,-0.0016777200450468,0.8626067990619721,-0.0024451040522147,0.2501847743988037,0.0548182427883148,0.7433333333333336,-0.0598666666666662,0.85966,-0.032066,0.0046
celeba,noniid,20,42,5,7,0.9112,0.0051999999999999,0.5094381035996488,-0.0470740376807043,0.9716866600717964,0.0022144148681233,0.8626067990619721,-0.0008625920398825,0.2501847743988037,0.0523461401462554,0.7433333333333336,-0.0937111111111108,0.85966,-0.028182,0.0051999999999999
celeba,noniid,20,42,5,8,0.9112,0.0056,0.5094381035996488,-0.0210389282024713,0.9716866600717964,-0.0013913754803257,0.8626067990619721,-0.0032043818363699,0.2501847743988037,0.0585649311542511,0.7433333333333336,-0.0571555555555551,0.85966,-0.03294,0.0056
celeba,noniid,20,42,5,9,0.9112,0.0056,0.5094381035996488,-0.0261184335028247,0.9716866600717964,-0.0006843571738737,0.8626067990619721,-0.0028501615310189,0.2501847743988037,0.0581020712852478,0.7433333333333336,-0.0435555555555553,0.85966,-0.0328519999999999,0.0056
celeba,noniid,20,42,5,10,0.9112,0.0081999999999999,0.5094381035996488,-0.0214589063671285,0.9716866600717964,-0.0074932584018754,0.8626067990619721,-0.0096213450532149,0.2501847743988037,0.0582730770111084,0.7433333333333336,-0.0292222222222218,0.85966,-0.0340679999999999,0.0081999999999999
celeba,noniid,20,42,5,11,0.9112,0.0091999999999999,0.5094381035996488,-0.0182780826531228,0.9716866600717964,-0.0080745747899044,0.8626067990619721,-0.0099083290969022,0.2501847743988037,0.0423133075237274,0.7433333333333336,-0.0899666666666663,0.85966,-0.044016,0.0091999999999999
celeba,noniid,20,42,5,12,0.9112,0.0058,0.5094381035996488,-0.0240277678383896,0.9716866600717964,0.0048070278723952,0.8626067990619721,0.0025434985814788,0.2501847743988037,0.0527293980121612,0.7433333333333336,-0.0321999999999995,0.85966,-0.0256779999999999,0.0058
celeba,noniid,20,42,5,13,0.9112,0.0061999999999999,0.5094381035996488,-0.037523222367202,0.9716866600717964,0.0024545363152405,0.8626067990619721,-0.000539530002132,0.2501847743988037,0.0575301647186279,0.7433333333333336,-0.035622222222222,0.85966,-0.029494,0.0061999999999999
celeba,noniid,20,42,5,14,0.9112,0.0028,0.5094381035996488,-0.027550007364684,0.9716866600717964,-0.0042343821282297,0.8626067990619721,-0.0052280293215697,0.2501847743988037,0.0450950860977172,0.7433333333333336,-0.0978222222222218,0.85966,-0.027142,0.0028
celeba,noniid,20,42,5,15,0.9112,0.0058,0.5094381035996488,-0.0174008626031344,0.9716866600717964,-0.0027485401528024,0.8626067990619721,-0.004550746978468,0.2501847743988037,0.0595154464244842,0.7433333333333336,-0.1251111111111109,0.85966,-0.0331879999999999,0.0058
celeba,noniid,20,42,5,16,0.9112,0.0046,0.5094381035996488,-0.0352342987828793,0.9716866600717964,0.0065289060855325,0.8626067990619721,0.0041014119614948,0.2501847743988037,0.039128839969635,0.7433333333333336,-0.0292666666666663,0.85966,-0.020168,0.0046
celeba,noniid,20,42,5,17,0.9112,0.0043999999999999,0.5094381035996488,-0.0315852753152167,0.9716866600717964,0.0013685434153261,0.8626067990619721,-0.0009609865691467,0.2501847743988037,0.0488568842411041,0.7433333333333336,-0.0181999999999997,0.85966,-0.021672,0.0043999999999999
celeba,noniid,20,42,5,18,0.9112,0.0068,0.5094381035996488,-0.0409820644675781,0.9716866600717964,0.0053215391252103,0.8626067990619721,0.0015447941094475,0.2501847743988037,0.052312821149826,0.7433333333333336,-0.026844444444444,0.85966,-0.016534,0.0068
celeba,noniid,20,42,5,19,0.9112,0.0038,0.5094381035996488,-0.025717285423935,0.9716866600717964,-0.0046459911557887,0.8626067990619721,-0.0051083159776317,0.2501847743988037,0.0363237261772155,0.7433333333333336,-0.0667333333333328,0.85966,-0.04122,0.0038
celeba,noniid,20,42,6,0,0.912,0.0041999999999999,0.5094298245614035,-0.0327600851103303,0.9787865605330102,0.0063784858199166,0.8693697830400628,0.0038915036323978,0.2437410205602646,0.0549912899732589,0.8342222222222222,-0.0277333333333333,0.889062,-0.010858,0.0041999999999999
celeba,noniid,20,42,6,1,0.912,0.002,0.5094298245614035,-0.017163582032003,0.9787865605330102,-0.0006041160811958,0.8693697830400628,-0.0012332114334444,0.2437410205602646,0.0539992898702621,0.8342222222222222,-0.0607777777777778,0.889062,-0.0169559999999999,0.002
celeba,noniid,20,42,6,2,0.912,0.0,0.5094298245614035,-0.031578947368421,0.9787865605330102,0.0029862167455525,0.8693697830400628,0.0021384411026745,0.2437410205602646,0.0251099020242691,0.8342222222222222,0.0054222222222222,0.889062,-0.000572,0.0
celeba,noniid,20,42,6,3,0.912,0.0028,0.5094298245614035,-0.0233462423105719,0.9787865605330102,-0.0007275117058402,0.8693697830400628,-0.0020072483969892,0.2437410205602646,0.0559190958738327,0.8342222222222222,0.0221555555555557,0.889062,-0.0139139999999999,0.0028
celeba,noniid,20,42,6,4,0.912,0.0038,0.5094298245614035,-0.035384093077883,0.9787865605330102,0.0054496793409104,0.8693697830400628,0.002786205086997,0.2437410205602646,0.0382495373487472,0.8342222222222222,0.0049777777777777,0.889062,0.00233,0.0038
celeba,noniid,20,42,6,5,0.912,0.0021999999999999,0.5094298245614035,-0.0333268252517422,0.9787865605330102,0.0060583083779978,0.8693697830400628,0.0039439807146721,0.2437410205602646,0.0498889237642288,0.8342222222222222,0.0067555555555554,0.889062,4.599999999999049e-05,0.0021999999999999
celeba,noniid,20,42,6,6,0.912,0.0034,0.5094298245614035,-0.0100506949191159,0.9787865605330102,-0.0035809756481355,0.8693697830400628,-0.0043178799258762,0.2437410205602646,0.0533622652292251,0.8342222222222222,-6.666666666665932e-05,0.889062,-0.0113639999999999,0.0034
celeba,noniid,20,42,6,7,0.912,0.0028,0.5094298245614035,-0.0345648960721205,0.9787865605330102,0.0056852380163032,0.8693697830400628,0.0038537857295133,0.2437410205602646,0.0514511317014694,0.8342222222222222,-0.039711111111111,0.889062,-0.0119199999999999,0.0028
celeba,noniid,20,42,6,8,0.912,0.002,0.5094298245614035,-0.0165042413726623,0.9787865605330102,-0.0014139900756162,0.8693697830400628,-0.0021581200085276,0.2437410205602646,0.0556403249502182,0.8342222222222222,0.0531111111111111,0.889062,-0.0158779999999999,0.002
celeba,noniid,20,42,6,9,0.912,0.0026,0.5094298245614035,-0.0150918380733007,0.9787865605330102,-0.001466352338697,0.8693697830400628,-0.0023762278817298,0.2437410205602646,0.0579776912927627,0.8342222222222222,0.039311111111111,0.889062,-0.01207,0.0026
celeba,noniid,20,42,6,10,0.912,0.0041999999999999,0.5094298245614035,-0.0153553704154636,0.9787865605330102,-0.0046125847207323,0.8693697830400628,-0.0058823529411766,0.2437410205602646,0.0583141893148422,0.8342222222222222,0.0056888888888888,0.889062,-0.0104119999999999,0.0041999999999999
celeba,noniid,20,42,6,11,0.912,0.0048,0.5094298245614035,-0.0143796992481203,0.9787865605330102,-0.0050839945359588,0.8693697830400628,-0.0058380754030076,0.2437410205602646,0.0396039336919784,0.8342222222222222,-0.0145333333333332,0.889062,-0.0216419999999999,0.0048
celeba,noniid,20,42,6,12,0.912,0.0016,0.5094298245614035,-0.018469999691672,0.9787865605330102,0.0010380904983473,0.8693697830400628,1.639908821049474e-05,0.2437410205602646,0.0507935136556625,0.8342222222222222,0.0740666666666665,0.889062,-0.008606,0.0016
celeba,noniid,20,42,6,13,0.912,0.0034,0.5094298245614035,-0.0274400851898621,0.9787865605330102,0.0031068362490003,0.8693697830400628,0.000972465930894,0.2437410205602646,0.0560295134782791,0.8342222222222222,-0.0105333333333332,0.889062,-0.007838,0.0034
celeba,noniid,20,42,6,14,0.912,0.0018,0.5094298245614035,-0.0282542009274999,0.9787865605330102,-0.000387847779202,0.8693697830400628,-0.0011430164482856,0.2437410205602646,0.0430689007043838,0.8342222222222222,-0.0090444444444444,0.889062,-0.009742,0.0018
celeba,noniid,20,42,6,15,0.912,0.0031999999999999,0.5094298245614035,-0.009936372621695,0.9787865605330102,-0.0014300170564007,0.8693697830400628,-0.0024369045081095,0.2437410205602646,0.05894036591053,0.8342222222222222,0.010622222222222,0.889062,-0.0136619999999999,0.0031999999999999
celeba,noniid,20,42,6,16,0.912,0.0011999999999999,0.5094298245614035,-0.0261432979682407,0.9787865605330102,0.0033584219051776,0.8693697830400628,0.0023188310729922,0.2437410205602646,0.0392342656850814,0.8342222222222222,-0.009111111111111,0.889062,-0.006406,0.0011999999999999
celeba,noniid,20,42,6,17,0.912,0.0034,0.5094298245614035,-0.0214968758568223,0.9787865605330102,0.0033652411548477,0.8693697830400628,0.001536594565342,0.2437410205602646,0.0496477037668228,0.8342222222222222,0.0412888888888887,0.889062,-0.001978,0.0034
celeba,noniid,20,42,6,18,0.912,0.0058,0.5094298245614035,-0.0348208927195499,0.9787865605330102,0.0059311717984216,0.8693697830400628,0.0026582921989535,0.2437410205602646,0.0507566779851913,0.8342222222222222,0.0363777777777778,0.889062,-0.0022639999999999,0.0058
celeba,noniid,20,42,6,19,0.912,0.0048,0.5094298245614035,-0.0260640025990903,0.9787865605330102,-0.0031615404562376,0.8693697830400628,-0.0044835107168041,0.2437410205602646,0.0347474664449691,0.8342222222222222,-0.0248444444444444,0.889062,-0.0228739999999999,0.0048
celeba,noniid,20,42,7,0,0.9144,0.0038,0.5100612423447068,-0.0218957091158685,0.9727242231919938,-0.003420913474365,0.8634792305547812,-0.0043998753669295,0.2339215874671936,0.0511927902698516,0.7560666666666664,-0.036866666666667,0.870856,-0.02611,0.0038
celeba,noniid,20,42,7,1,0.9144,0.004,0.5100612423447068,-0.012126806864432,0.9727242231919938,-0.0045170789391287,0.8634792305547812,-0.0044539923580249,0.2339215874671936,0.0542320907115936,0.7560666666666664,0.0135888888888886,0.870856,-0.032988,0.004
celeba,noniid,20,42,7,2,0.9144,0.0006,0.5100612423447068,-0.0193762713344352,0.9727242231919938,-0.0045085435773085,0.8634792305547812,-0.0041440495908426,0.2339215874671936,0.0252413153648376,0.7560666666666664,0.0327999999999997,0.870856,-0.01166,0.0006
celeba,noniid,20,42,7,3,0.9144,0.003,0.5100612423447068,-0.0137482814648169,0.9727242231919938,-0.0050747369890115,0.8634792305547812,-0.0054461371947719,0.2339215874671936,0.0535489320755004,0.7560666666666664,0.0917999999999998,0.870856,-0.023634,0.003
celeba,noniid,20,42,7,4,0.9144,0.0011999999999999,0.5100612423447068,-0.0232282889737338,0.9727242231919938,0.0006556596794951,0.8634792305547812,9.183489397990297e-05,0.2339215874671936,0.0349316596984863,0.7560666666666664,-0.0971888888888889,0.870856,-0.011622,0.0011999999999999
celeba,noniid,20,42,7,5,0.9144,0.0021999999999999,0.5100612423447068,-0.0224974070742802,0.9727242231919938,-0.0061070682467354,0.8634792305547812,-0.0070926056511257,0.2339215874671936,0.0470263659954071,0.7560666666666664,-0.0642,0.870856,-0.016962,0.0021999999999999
celeba,noniid,20,42,7,6,0.9144,0.0048,0.5100612423447068,-0.0033512466614497,0.9727242231919938,-0.0048982071003264,0.8634792305547812,-0.0050410797159679,0.2339215874671936,0.0521858930587768,0.7560666666666664,0.0550666666666663,0.870856,-0.022592,0.0048
celeba,noniid,20,42,7,7,0.9144,0.0008,0.5100612423447068,-0.0240893706150129,0.9727242231919938,-0.0034939684001652,0.8634792305547812,-0.0035946801357844,0.2339215874671936,0.0473781824111938,0.7560666666666664,0.0277555555555553,0.870856,-0.0222499999999999,0.0008
celeba,noniid,20,42,7,8,0.9144,0.0033999999999999,0.5100612423447068,-0.0051967159428891,0.9727242231919938,-0.0061570821351039,0.8634792305547812,-0.0058528345823971,0.2339215874671936,0.053463876247406,0.7560666666666664,0.0309888888888885,0.870856,-0.028096,0.0033999999999999
celeba,noniid,20,42,7,9,0.9144,0.005,0.5100612423447068,-0.0067630374001799,0.9727242231919938,-0.0059108636234437,0.8634792305547812,-0.0063940044933501,0.2339215874671936,0.0553436279296875,0.7560666666666664,-0.0387111111111111,0.870856,-0.028034,0.005
celeba,noniid,20,42,7,10,0.9144,0.0053999999999999,0.5100612423447068,-0.0034701107906066,0.9727242231919938,-0.0082170368876829,0.8634792305547812,-0.0082831794552222,0.2339215874671936,0.0576883852481842,0.7560666666666664,-0.0454555555555558,0.870856,-0.023506,0.0053999999999999
celeba,noniid,20,42,7,11,0.9144,0.0063999999999999,0.5100612423447068,-0.0113043964218129,0.9727242231919938,-0.0085959085709347,0.8634792305547812,-0.0089079847160498,0.2339215874671936,0.0388331115245819,0.7560666666666664,-0.0391555555555558,0.870856,-0.035252,0.0063999999999999
celeba,noniid,20,42,7,12,0.9144,0.0035999999999999,0.5100612423447068,-0.0121170624422936,0.9727242231919938,-0.0062107858582284,0.8634792305547812,-0.00679250233687,0.2339215874671936,0.0484474003314971,0.7560666666666664,-0.0044888888888889,0.870856,-0.021186,0.0035999999999999
celeba,noniid,20,42,7,13,0.9144,0.0025999999999999,0.5100612423447068,-0.0258018855342139,0.9727242231919938,-0.0036786991052959,0.8634792305547812,-0.0043244395611603,0.2339215874671936,0.0508037805557251,0.7560666666666664,0.0373666666666663,0.870856,-0.025448,0.0025999999999999
celeba,noniid,20,42,7,14,0.9144,0.0018,0.5100612423447068,-0.0196341335045151,0.9727242231919938,-0.0045952660957371,0.8634792305547812,-0.0042129257613277,0.2339215874671936,0.0416352152824401,0.7560666666666664,-0.0592666666666668,0.870856,-0.023328,0.0018
celeba,noniid,20,42,7,15,0.9144,0.0061999999999999,0.5100612423447068,-0.0026011668162708,0.9727242231919938,-0.0080228959095617,0.8634792305547812,-0.0083881336197708,0.2339215874671936,0.0575045943260192,0.7560666666666664,0.0277999999999998,0.870856,-0.023584,0.0061999999999999
celeba,noniid,20,42,7,16,0.9144,0.002,0.5100612423447068,-0.0204078501585811,0.9727242231919938,-0.0062146795392034,0.8634792305547812,-0.0060775020908836,0.2339215874671936,0.0368722975254058,0.7560666666666664,0.0477333333333331,0.870856,-0.017896,0.002
celeba,noniid,20,42,7,17,0.9144,0.0018,0.5100612423447068,-0.0145935900024332,0.9727242231919938,-0.0063609213943024,0.8634792305547812,-0.0063480870463602,0.2339215874671936,0.0450735390186309,0.7560666666666664,-0.0709555555555556,0.870856,-0.013118,0.0018
celeba,noniid,20,42,7,18,0.9144,0.002,0.5100612423447068,-0.0188734354281998,0.9727242231919938,-0.0003913570989696,0.8634792305547812,-0.001111858180685,0.2339215874671936,0.0486447811126709,0.7560666666666664,-0.0505999999999999,0.870856,-0.0111919999999999,0.002
celeba,noniid,20,42,7,19,0.9144,0.0041999999999999,0.5100612423447068,-0.0142191355942076,0.9727242231919938,-0.0054076282032674,0.8634792305547812,-0.0056429262533004,0.2339215874671936,0.0347056686878204,0.7560666666666664,-0.0593333333333334,0.870856,-0.029394,0.0041999999999999
celeba,noniid,20,42,8,0,0.9136,0.002,0.5113835376532399,-0.0276686782309198,0.9696569402584256,-0.0006619982148371,0.860199412912642,-0.0021122025615376,0.231086254119873,0.0445787012577056,0.7327777777777778,-0.0766,0.87178,-0.026958,0.002
celeba,noniid,20,42,8,1,0.9136,0.001,0.5113835376532399,-0.0126138324979764,0.9696569402584256,-0.0064940087429342,0.860199412912642,-0.0061611374407583,0.231086254119873,0.0480870902538299,0.7327777777777778,-0.0421333333333333,0.87178,-0.0297399999999999,0.001
celeba,noniid,20,42,8,2,0.9136,-0.001,0.5113835376532399,-0.0250258216295067,0.9696569402584256,-0.0062549971206965,0.860199412912642,-0.0060168254645043,0.231086254119873,0.0219002962112426,0.7327777777777778,-0.0512888888888889,0.87178,-0.016372,-0.001
celeba,noniid,20,42,8,3,0.9136,0.0,0.5113835376532399,-0.0175131348511383,0.9696569402584256,-0.004090499661287,0.860199412912642,-0.004362157464045,0.231086254119873,0.0472572445869445,0.7327777777777778,-0.0749555555555556,0.87178,-0.02251,0.0
celeba,noniid,20,42,8,4,0.9136,0.0015999999999999,0.5113835376532399,-0.0272129535748303,0.9696569402584256,-0.0010290213278213,0.860199412912642,-0.0023975466964036,0.231086254119873,0.0317640006542205,0.7327777777777778,-0.0485111111111109,0.87178,-0.012722,0.0015999999999999
celeba,noniid,20,42,8,5,0.9136,0.002,0.5113835376532399,-0.0265717058746233,0.9696569402584256,-0.0036250872789381,0.860199412912642,-0.004880368651503,0.231086254119873,0.0426158308982849,0.7327777777777778,0.0348555555555556,0.87178,-0.022298,0.002
celeba,noniid,20,42,8,6,0.9136,0.0013999999999999,0.5113835376532399,-0.0095548530505531,0.9696569402584256,-0.0083412543291199,0.860199412912642,-0.0078010462618278,0.231086254119873,0.0452717244625091,0.7327777777777778,-0.044288888888889,0.87178,-0.0260099999999999,0.0013999999999999
celeba,noniid,20,42,8,7,0.9136,0.0001999999999999,0.5113835376532399,-0.0237598825350675,0.9696569402584256,-0.0051738517220483,0.860199412912642,-0.0055051739123306,0.231086254119873,0.0440880060195922,0.7327777777777778,-0.0225444444444444,0.87178,-0.0238519999999999,0.0001999999999999
celeba,noniid,20,42,8,8,0.9136,-0.0004,0.5113835376532399,-0.0104983004211584,0.9696569402584256,-0.0072033366217097,0.860199412912642,-0.0065891536430575,0.231086254119873,0.0487648546695709,0.7327777777777778,-0.0283999999999999,0.87178,-0.0322639999999999,-0.0004
celeba,noniid,20,42,8,9,0.9136,0.0,0.5113835376532399,-0.0135726795096322,0.9696569402584256,-0.0033275211537648,0.860199412912642,-0.0031059873071057,0.231086254119873,0.0484679341316223,0.7327777777777778,-0.0787777777777778,0.87178,-0.026834,0.0
celeba,noniid,20,42,8,10,0.9136,0.0021999999999999,0.5113835376532399,-0.01154821569326,0.9696569402584256,-0.0090971288574301,0.860199412912642,-0.0091851293068105,0.231086254119873,0.0510700345039367,0.7327777777777778,-0.0888666666666666,0.87178,-0.0300979999999999,0.0021999999999999
celeba,noniid,20,42,8,11,0.9136,0.0021999999999999,0.5113835376532399,-0.0148398549295997,0.9696569402584256,-0.0042128352768849,0.860199412912642,-0.0042883615670969,0.231086254119873,0.0315220654010772,0.7327777777777778,-0.0295555555555555,0.87178,-0.0322019999999999,0.0021999999999999
celeba,noniid,20,42,8,12,0.9136,0.0011999999999999,0.5113835376532399,-0.017989544328347,0.9696569402584256,-0.001925667656503,0.860199412912642,-0.0027222486429754,0.231086254119873,0.0423332154750824,0.7327777777777778,0.0120555555555554,0.87178,-0.025286,0.0011999999999999
celeba,noniid,20,42,8,13,0.9136,0.0015999999999999,0.5113835376532399,-0.0237041816450057,0.9696569402584256,-0.0051741364515901,0.860199412912642,-0.0061594975319372,0.231086254119873,0.0461544096469879,0.7327777777777778,-0.0672888888888887,0.87178,-0.0245199999999999,0.0015999999999999
celeba,noniid,20,42,8,14,0.9136,0.0,0.5113835376532399,-0.0242994746059546,0.9696569402584256,-0.006475725284204,0.860199412912642,-0.0059200708440612,0.231086254119873,0.0372709035873413,0.7327777777777778,-0.0637777777777777,0.87178,-0.0284959999999999,0.0
celeba,noniid,20,42,8,15,0.9136,0.0005999999999999,0.5113835376532399,-0.003183822697253,0.9696569402584256,-0.0054739667896082,0.860199412912642,-0.0050623985306417,0.231086254119873,0.0515214502811431,0.7327777777777778,-0.1281555555555555,0.87178,-0.023834,0.0005999999999999
celeba,noniid,20,42,8,16,0.9136,-0.0004,0.5113835376532399,-0.0188133988894296,0.9696569402584256,-0.003749832098525,0.860199412912642,-0.0035422030535101,0.231086254119873,0.0330529510974884,0.7327777777777778,-0.0719333333333334,0.87178,-0.01814,-0.0004
celeba,noniid,20,42,8,17,0.9136,-0.0001999999999999,0.5113835376532399,-0.0180539760259021,0.9696569402584256,-0.0038208654600885,0.860199412912642,-0.0040981321438529,0.231086254119873,0.041088730096817,0.7327777777777778,-0.0566666666666666,0.87178,-0.01927,-0.0001999999999999
celeba,noniid,20,42,8,18,0.9136,0.0017999999999999,0.5113835376532399,-0.0205313559637814,0.9696569402584256,-0.0028766014593816,0.860199412912642,-0.0040226963380836,0.231086254119873,0.0445277988910675,0.7327777777777778,-0.0356222222222224,0.87178,-0.0185579999999999,0.0017999999999999
celeba,noniid,20,42,8,19,0.9136,-0.0001999999999999,0.5113835376532399,-0.0206803712983907,0.9696569402584256,-0.004338252465766,0.860199412912642,-0.003701274209154,0.231086254119873,0.0288853347301483,0.7327777777777778,-0.0197111111111112,0.87178,-0.0312999999999999,-0.0001999999999999
celeba,noniid,20,42,9,0,0.917,0.0024,0.4981461286804798,-0.0249240659401193,0.9722901134927988,-0.0013072938010505,0.8620344708834189,-0.0024139457846144,0.228598415851593,0.0484274625778198,0.7528222222222223,-0.0401555555555555,0.867084,-0.025388,0.0024
celeba,noniid,20,42,9,1,0.917,0.0044,0.4981461286804798,-0.0175233869890358,0.9722901134927988,-0.0008263785375219,0.8620344708834189,-0.0010167434690631,0.228598415851593,0.0530826747417449,0.7528222222222223,-0.0004222222222221,0.867084,-0.033376,0.0044
celeba,noniid,20,42,9,2,0.917,0.002,0.4981461286804798,-0.0201052374397388,0.9722901134927988,-0.0031597214338769,0.8620344708834189,-0.0039489004411354,0.228598415851593,0.0258224010467529,0.7528222222222223,0.0098666666666666,0.867084,-0.0142039999999999,0.002
celeba,noniid,20,42,9,3,0.917,0.0022,0.4981461286804798,-0.0184695250143168,0.9722901134927988,-0.0023649205999498,0.8620344708834189,-0.0026779711048066,0.228598415851593,0.0513589084148407,0.7528222222222223,-0.0058888888888888,0.867084,-0.023094,0.0022
celeba,noniid,20,42,9,4,0.917,0.0036,0.4981461286804798,-0.0212320188999888,0.9722901134927988,-0.0011086398670377,0.8620344708834189,-0.0025943357549319,0.228598415851593,0.0366459786891937,0.7528222222222223,0.0166666666666666,0.867084,-0.0136,0.0036
celeba,noniid,20,42,9,5,0.917,0.0018,0.4981461286804798,-0.0219587664244153,0.9722901134927988,-0.0041884547536115,0.8620344708834189,-0.0049115269191033,0.228598415851593,0.0463804006576538,0.7528222222222223,0.0107333333333332,0.867084,-0.024594,0.0018
celeba,noniid,20,42,9,6,0.917,0.005,0.4981461286804798,-0.0143538713195201,0.9722901134927988,0.0009710958089031,0.8620344708834189,0.0003525803965299,0.228598415851593,0.0484144389629364,0.7528222222222223,-0.0129999999999999,0.867084,-0.0280259999999999,0.005
celeba,noniid,20,42,9,7,0.917,0.002,0.4981461286804798,-0.0220724505544929,0.9722901134927988,-0.0027714892934673,0.8620344708834189,-0.003489725971236,0.228598415851593,0.0482663214206695,0.7528222222222223,0.0480444444444445,0.867084,-0.026158,0.002
celeba,noniid,20,42,9,8,0.917,0.0038,0.4981461286804798,-0.0191556672021308,0.9722901134927988,0.001203725637056,0.8620344708834189,0.000706800701881,0.228598415851593,0.0513859689235687,0.7528222222222223,0.0747333333333335,0.867084,-0.031678,0.0038
celeba,noniid,20,42,9,9,0.917,0.0028,0.4981461286804798,-0.0091826833956523,0.9722901134927988,0.0006325818138764,0.8620344708834189,5.2477082274182685e-05,0.228598415851593,0.05408576130867,0.7528222222222223,0.0171111111111113,0.867084,-0.025908,0.0028
celeba,noniid,20,42,9,10,0.917,0.007,0.4981461286804798,-0.0106450801107289,0.9722901134927988,-0.006045769994436,0.8620344708834189,-0.0067416651634168,0.228598415851593,0.0544142723083496,0.7528222222222223,-0.1038666666666665,0.867084,-0.029666,0.007
celeba,noniid,20,42,9,11,0.917,0.0061999999999999,0.4981461286804798,-0.0150291018860551,0.9722901134927988,-0.0014738807858484,0.8620344708834189,-0.0019498515882516,0.228598415851593,0.0366612374782562,0.7528222222222223,0.0268777777777777,0.867084,-0.031416,0.0061999999999999
celeba,noniid,20,42,9,12,0.917,0.0012,0.4981461286804798,-0.0155031397187339,0.9722901134927988,0.0012823405401486,0.8620344708834189,0.0009478672985783,0.228598415851593,0.0457047522068023,0.7528222222222223,0.003511111111111,0.867084,-0.02618,0.0012
celeba,noniid,20,42,9,13,0.917,0.004,0.4981461286804798,-0.0223357990303636,0.9722901134927988,-0.0017526858899743,0.8620344708834189,-0.0036701159415537,0.228598415851593,0.0514263808727264,0.7528222222222223,0.0547111111111109,0.867084,-0.0252339999999999,0.004
celeba,noniid,20,42,9,14,0.917,0.0036,0.4981461286804798,-0.0210130567804354,0.9722901134927988,-0.0025085183373507,0.8620344708834189,-0.0028895193427245,0.228598415851593,0.0427763760089874,0.7528222222222223,-0.0251333333333332,0.867084,-0.017902,0.0036
celeba,noniid,20,42,9,15,0.917,0.0046,0.4981461286804798,-0.0073339239280252,0.9722901134927988,-0.0007360968834931,0.8620344708834189,-0.0016481083651748,0.228598415851593,0.0550402104854583,0.7528222222222223,0.0508555555555558,0.867084,-0.023316,0.0046
celeba,noniid,20,42,9,16,0.917,0.0022,0.4981461286804798,-0.0213116763042162,0.9722901134927988,-0.0034486072060857,0.8620344708834189,-0.0038062283737023,0.228598415851593,0.0360697507858276,0.7528222222222223,0.0049555555555553,0.867084,-0.020652,0.0022
celeba,noniid,20,42,9,17,0.917,0.0026,0.4981461286804798,-0.0167270121769129,0.9722901134927988,-0.0046441223175953,0.8620344708834189,-0.0052427885009593,0.228598415851593,0.0442730784416198,0.7528222222222223,0.0067555555555556,0.867084,-0.017714,0.0026
celeba,noniid,20,42,9,18,0.917,0.0032,0.4981461286804798,-0.0201292050905861,0.9722901134927988,-0.0007802085142957,0.8620344708834189,-0.0022105970908017,0.228598415851593,0.0471141040325164,0.7528222222222223,0.0114444444444443,0.867084,-0.020236,0.0032
celeba,noniid,20,42,9,19,0.917,0.0046,0.4981461286804798,-0.0233356775448598,0.9722901134927988,0.0002749722524276,0.8620344708834189,-0.000286984043687,0.228598415851593,0.032593548297882,0.7528222222222223,-0.0641222222222221,0.867084,-0.029356,0.0046
celeba,noniid,20,42,10,0,0.9182,0.0041999999999999,0.4998910912655194,-0.0206778365244149,0.9788295720480342,0.0029378898760461,0.8686990603322455,0.0020318470293052,0.2241825610399246,0.0456943064928054,0.8497888888888889,0.1410111111111112,0.873774,-0.0205019999999999,0.0041999999999999
celeba,noniid,20,42,10,1,0.9182,0.0036,0.4998910912655194,-0.0043730679297571,0.9788295720480342,-0.0017731837457165,0.8686990603322455,-0.0017087849915544,0.2241825610399246,0.0487956553697586,0.8497888888888889,0.1392999999999999,0.873774,-0.0275659999999999,0.0036
celeba,noniid,20,42,10,2,0.9182,0.0024,0.4998910912655194,-0.0181259430214427,0.9788295720480342,0.0004371879939334,0.8686990603322455,0.0001508716115383,0.2241825610399246,0.0243409723043441,0.8497888888888889,0.0379222222222224,0.873774,-0.012324,0.0024
celeba,noniid,20,42,10,3,0.9182,0.0024,0.4998910912655194,-0.0120110707785949,0.9788295720480342,0.0009713274440673,0.8686990603322455,0.000895390216304,0.2241825610399246,0.0488069206476211,0.8497888888888889,0.1310333333333333,0.873774,-0.0220259999999999,0.0024
celeba,noniid,20,42,10,4,0.9182,0.0028,0.4998910912655194,-0.017041397264085,0.9788295720480342,0.0021456302496066,0.8686990603322455,0.0013775234096984,0.2241825610399246,0.034112736582756,0.8497888888888889,0.0871888888888889,0.873774,-0.0085239999999999,0.0028
celeba,noniid,20,42,10,5,0.9182,0.0036,0.4998910912655194,-0.0139947604729454,0.9788295720480342,-0.000694013374017,0.8686990603322455,-0.0012856885157185,0.2241825610399246,0.0446801334619522,0.8497888888888889,0.1199444444444444,0.873774,-0.0184559999999999,0.0036
celeba,noniid,20,42,10,6,0.9182,0.0016,0.4998910912655194,1.901090717071341e-07,0.9788295720480342,0.0007064909283022,0.8686990603322455,0.0012102527099493,0.2241825610399246,0.0451626926660537,0.8497888888888889,0.1335000000000001,0.873774,-0.0235639999999999,0.0016
celeba,noniid,20,42,10,7,0.9182,0.0031999999999999,0.4998910912655194,-0.0253548103738248,0.9788295720480342,0.003840586731983,0.8686990603322455,0.0029419964249988,0.2241825610399246,0.0443482846021652,0.8497888888888889,0.0574555555555555,0.873774,-0.0208019999999999,0.0031999999999999
celeba,noniid,20,42,10,8,0.9182,0.0021999999999999,0.4998910912655194,-0.0125543235816421,0.9788295720480342,-0.0038991425392616,0.8686990603322455,-0.0035733613211105,0.2241825610399246,0.0466224700212478,0.8497888888888889,0.1235444444444444,0.873774,-0.0340539999999999,0.0021999999999999
celeba,noniid,20,42,10,9,0.9182,0.0021999999999999,0.4998910912655194,-0.002073974236664,0.9788295720480342,0.0058829303951259,0.8686990603322455,0.0058823529411764,0.2241825610399246,0.049465075135231,0.8497888888888889,0.1013222222222223,0.873774,-0.0234219999999999,0.0021999999999999
celeba,noniid,20,42,10,10,0.9182,0.0058,0.4998910912655194,-0.0018625255692021,0.9788295720480342,0.0005449940933784,0.8686990603322455,7.37958969481145e-05,0.2241825610399246,0.050583466887474,0.8497888888888889,0.1102777777777779,0.873774,-0.0273599999999999,0.0058
celeba,noniid,20,42,10,11,0.9182,0.0044,0.4998910912655194,-0.0039390685068596,0.9788295720480342,-0.0020797725041279,0.8686990603322455,-0.0025516981255842,0.2241825610399246,0.0324779003858566,0.8497888888888889,0.1365444444444445,0.873774,-0.0251199999999999,0.0044
celeba,noniid,20,42,10,12,0.9182,0.0026,0.4998910912655194,-0.0077541686733184,0.9788295720480342,0.0043422347649628,0.8686990603322455,0.003701274209154,0.2241825610399246,0.0427393764257431,0.8497888888888889,0.0562333333333333,0.873774,-0.0223759999999999,0.0026
celeba,noniid,20,42,10,13,0.9182,0.0034,0.4998910912655194,-0.0112588868717783,0.9788295720480342,0.0017622456104633,0.8686990603322455,0.0008281539546401,0.2241825610399246,0.0489841252565383,0.8497888888888889,0.0182666666666666,0.873774,-0.015274,0.0034
celeba,noniid,20,42,10,14,0.9182,0.001,0.4998910912655194,-0.0064325022800539,0.9788295720480342,0.0032868146281763,0.8686990603322455,0.0040686137850736,0.2241825610399246,0.0413394421339035,0.8497888888888889,0.1466777777777776,0.873774,-0.0180339999999999,0.001
celeba,noniid,20,42,10,15,0.9182,0.002,0.4998910912655194,0.0026197531297412,0.9788295720480342,-0.0015727107893432,0.8686990603322455,-0.0013545646862034,0.2241825610399246,0.0506847649812698,0.8497888888888889,0.0954111111111111,0.873774,-0.0193059999999999,0.002
celeba,noniid,20,42,10,16,0.9182,0.0026,0.4998910912655194,-0.0149625566156513,0.9788295720480342,0.0012769623821875,0.8686990603322455,0.0011134980895062,0.2241825610399246,0.0338047295808792,0.8497888888888889,0.1267,0.873774,-0.01749,0.0026
celeba,noniid,20,42,10,17,0.9182,0.004,0.4998910912655194,-0.0102817374371714,0.9788295720480342,-0.0029018471847244,0.8686990603322455,-0.0033093360009183,0.2241825610399246,0.0424031466245651,0.8497888888888889,0.0440777777777778,0.873774,-0.0113239999999998,0.004
celeba,noniid,20,42,10,18,0.9182,0.0058,0.4998910912655194,-0.0209331086467996,0.9788295720480342,0.0028235201631847,0.8686990603322455,0.0011069384542219,0.2241825610399246,0.0446403473615646,0.8497888888888889,0.1519666666666668,0.873774,-0.0135759999999999,0.0058
celeba,noniid,20,42,10,19,0.9182,0.0054,0.4998910912655194,-0.0095304687695374,0.9788295720480342,-0.0016076405037745,0.8686990603322455,-0.0025139802226996,0.2241825610399246,0.0310030728578567,0.8497888888888889,0.0970333333333333,0.873774,-0.021992,0.0054
celeba,noniid,20,107,1,0,0.5334,0.0,1.0,0.0,1.0,0.0,1.0,0.0,0.698582112789154,-0.0113390684127807,0.8503333333333334,-0.0188888888888887,1.0,0.0,0.0
celeba,noniid,20,107,1,1,0.5334,0.0,1.0,0.0,1.0,0.0,1.0,0.0,0.698582112789154,-0.0197615027427673,0.8503333333333334,-0.0294444444444443,1.0,0.0,0.0
celeba,noniid,20,107,1,2,0.5334,0.0,1.0,0.0,1.0,0.0,1.0,0.0,0.698582112789154,-0.0089518427848815,0.8503333333333334,-0.0122222222222221,1.0,0.0,0.0
celeba,noniid,20,107,1,3,0.5334,0.0,1.0,0.0,1.0,0.0,1.0,0.0,0.698582112789154,-0.0202167034149169,0.8503333333333334,-0.0061555555555554,1.0,0.0,0.0
celeba,noniid,20,107,1,4,0.5334,0.0,1.0,0.0,1.0,0.0,1.0,0.0,0.698582112789154,0.0001441240310668,0.8503333333333334,-0.0394666666666665,1.0,0.0,0.0
celeba,noniid,20,107,1,5,0.5334,0.0,1.0,0.0,1.0,0.0,1.0,0.0,0.698582112789154,-0.0165603160858154,0.8503333333333334,-0.0187777777777777,1.0,0.0,0.0
celeba,noniid,20,107,1,6,0.5334,0.0,1.0,0.0007499062617173,1.0,0.0,1.0,0.0,0.698582112789154,-0.0235707759857177,0.8503333333333334,-0.0268888888888889,1.0,0.00016,0.0
celeba,noniid,20,107,1,7,0.5334,0.0,1.0,0.0,1.0,0.0,1.0,0.0,0.698582112789154,-0.0139993429183959,0.8503333333333334,0.0292444444444444,1.0,0.0,0.0
celeba,noniid,20,107,1,8,0.5334,-0.0004,1.0,0.0026227051330086,1.0,0.0006613756613755,1.0,0.0006920415224913,0.698582112789154,-0.0237218737602233,0.8503333333333334,-0.0098666666666666,1.0,0.000144,-0.0004
celeba,noniid,20,107,1,9,0.5334,0.0,1.0,0.0,1.0,0.0,1.0,0.0,0.698582112789154,-0.0132125616073608,0.8503333333333334,-0.0160888888888888,1.0,0.0,0.0
celeba,noniid,20,107,1,10,0.5334,-0.0001999999999999,1.0,0.0056221889055472,1.0,0.0003306878306879,1.0,0.0003460207612456,0.698582112789154,-0.0247387290000915,0.8503333333333334,0.0255555555555555,1.0,0.0009339999999999,-0.0001999999999999
celeba,noniid,20,107,1,11,0.5334,-0.0006,1.0,0.0033707865168539,1.0,0.0009920634920634,1.0,0.001038062283737,0.698582112789154,-0.0244988203048706,0.8503333333333334,-0.0384222222222223,1.0,0.0003459999999999,-0.0006
celeba,noniid,20,107,1,12,0.5334,0.0,1.0,0.0,1.0,0.0,1.0,0.0,0.698582112789154,-0.0171551704406738,0.8503333333333334,-0.0047111111111111,1.0,0.0,0.0
celeba,noniid,20,107,1,13,0.5334,0.0,1.0,0.0,1.0,0.0,1.0,0.0,0.698582112789154,-0.0164570808410644,0.8503333333333334,0.0160444444444445,1.0,0.0,0.0
celeba,noniid,20,107,1,14,0.5334,0.0,1.0,0.0,1.0,0.0,1.0,0.0,0.698582112789154,-0.0214394927024841,0.8503333333333334,0.0057333333333333,1.0,0.0,0.0
celeba,noniid,20,107,1,15,0.5334,0.0,1.0,0.0,1.0,0.0,1.0,0.0,0.698582112789154,-0.0173329710960388,0.8503333333333334,-0.0166222222222223,1.0,0.0,0.0
celeba,noniid,20,107,1,16,0.5334,0.0,1.0,0.0,1.0,0.0,1.0,0.0,0.698582112789154,-0.0071179866790771,0.8503333333333334,-0.0143111111111111,1.0,0.0,0.0
celeba,noniid,20,107,1,17,0.5334,0.0,1.0,0.0,1.0,0.0,1.0,0.0,0.698582112789154,-0.0097329020500183,0.8503333333333334,-0.0178888888888888,1.0,0.0,0.0
celeba,noniid,20,107,1,18,0.5334,0.0,1.0,0.0,1.0,0.0,1.0,0.0,0.698582112789154,-0.0188385844230651,0.8503333333333334,-0.0149555555555553,1.0,0.0,0.0
celeba,noniid,20,107,1,19,0.5334,0.0,1.0,0.0,1.0,0.0,1.0,0.0,0.698582112789154,-0.0223838090896606,0.8503333333333334,0.0027777777777777,1.0,3.6000000000036e-05,0.0
celeba,noniid,20,107,2,0,0.8684,0.1159999999999999,0.6577614002763703,-0.0801439692079465,0.9609077346177376,0.0690110775377252,0.8750340281080372,0.0275209498351892,0.3897276222705841,0.1561498343944549,0.7968,0.0007999999999999,0.963786,-0.0061399999999999,0.1159999999999999
celeba,noniid,20,107,2,1,0.8684,0.0843999999999999,0.6577614002763703,-0.0437692119685275,0.9609077346177376,0.0629579933798216,0.8750340281080372,0.0307974876596861,0.3897276222705841,0.1480024755001068,0.7968,-0.0294666666666667,0.963786,-0.0048399999999999,0.0843999999999999
celeba,noniid,20,107,2,2,0.8684,0.1477999999999999,0.6577614002763703,-0.1271400707200216,0.9609077346177376,0.0747113401105126,0.8750340281080372,0.0265156857278735,0.3897276222705841,0.1443191468715667,0.7968,-0.0433111111111113,0.963786,-0.0088719999999999,0.1477999999999999
celeba,noniid,20,107,2,3,0.8684,0.0998,0.6577614002763703,-0.0601673012588885,0.9609077346177376,0.0695273374010575,0.8750340281080372,0.0338231194345595,0.3897276222705841,0.151797205209732,0.7968,-0.0284222222222223,0.963786,-0.0069019999999999,0.0998
celeba,noniid,20,107,2,4,0.8684,0.1407999999999999,0.6577614002763703,-0.1220626788880057,0.9609077346177376,0.0768884018947608,0.8750340281080372,0.0304268682661243,0.3897276222705841,0.1426851451396942,0.7968,-0.0682444444444443,0.963786,-0.0088639999999999,0.1407999999999999
celeba,noniid,20,107,2,5,0.8684,0.1169999999999999,0.6577614002763703,-0.0917728025450297,0.9609077346177376,0.0656671948578013,0.8750340281080372,0.0257908460289607,0.3897276222705841,0.1458350718021392,0.7968,0.0003555555555554,0.963786,-0.0068799999999999,0.1169999999999999
celeba,noniid,20,107,2,6,0.8684,0.0527999999999999,0.6577614002763703,-0.0114391882474158,0.9609077346177376,0.0412475747478123,0.8750340281080372,0.0190065432361961,0.3897276222705841,0.1332395374774933,0.7968,-0.0439777777777778,0.963786,-0.0014359999999999,0.0527999999999999
celeba,noniid,20,107,2,7,0.8684,0.1097999999999999,0.6577614002763703,-0.0717403134067301,0.9609077346177376,0.0692211394344094,0.8750340281080372,0.0307171321274537,0.3897276222705841,0.1518198549747467,0.7968,0.0024666666666666,0.963786,-0.0058639999999999,0.1097999999999999
celeba,noniid,20,107,2,8,0.8684,0.1163999999999999,0.6577614002763703,-0.076281152915119,0.9609077346177376,0.0696260883688975,0.8750340281080372,0.0300332901490677,0.3897276222705841,0.1551283895969391,0.7968,-0.004,0.963786,-0.0065539999999999,0.1163999999999999
celeba,noniid,20,107,2,9,0.8684,0.1137999999999999,0.6577614002763703,-0.0782576826814881,0.9609077346177376,0.0666928498827974,0.8750340281080372,0.0275357090145788,0.3897276222705841,0.1528621613979339,0.7968,-0.0442777777777776,0.963786,-0.0080519999999999,0.1137999999999999
celeba,noniid,20,107,2,10,0.8684,0.1011999999999999,0.6577614002763703,-0.0536567436235253,0.9609077346177376,0.0674798006778298,0.8750340281080372,0.0277898948818445,0.3897276222705841,0.1528215706348419,0.7968,-0.0035777777777776,0.963786,-0.0041599999999999,0.1011999999999999
celeba,noniid,20,107,2,11,0.8684,0.0323999999999999,0.6577614002763703,0.022354701711777,0.9609077346177376,0.026634767727238,0.8750340281080372,0.0086455993046786,0.3897276222705841,0.1235201060771942,0.7968,-0.0794000000000001,0.963786,0.001118,0.0323999999999999
celeba,noniid,20,107,2,12,0.8684,0.0919999999999999,0.6577614002763703,-0.0666074817432071,0.9609077346177376,0.0589316320733181,0.8750340281080372,0.0268190688597713,0.3897276222705841,0.1310328543186187,0.7968,-0.022088888888889,0.963786,-0.0063499999999999,0.0919999999999999
celeba,noniid,20,107,2,13,0.8684,0.124,0.6577614002763703,-0.0955970091809107,0.9609077346177376,0.0691926541910077,0.8750340281080372,0.0254153069089358,0.3897276222705841,0.1543473899364471,0.7968,-0.0448444444444444,0.963786,-0.0061419999999999,0.124
celeba,noniid,20,107,2,14,0.8684,0.0663999999999999,0.6577614002763703,-0.0377498216687668,0.9609077346177376,0.0501066806912955,0.8750340281080372,0.0245822332278325,0.3897276222705841,0.1288907825946808,0.7968,0.0276888888888888,0.963786,-0.0034699999999999,0.0663999999999999
celeba,noniid,20,107,2,15,0.8684,0.0861999999999999,0.6577614002763703,-0.0517758024850718,0.9609077346177376,0.0587979047272251,0.8750340281080372,0.0281949523606487,0.3897276222705841,0.1402154266834259,0.7968,-0.0564555555555557,0.963786,-0.0033199999999999,0.0861999999999999
celeba,noniid,20,107,2,16,0.8684,0.1277999999999999,0.6577614002763703,-0.1099944733396167,0.9609077346177376,0.0683035958344109,0.8750340281080372,0.0250922448711852,0.3897276222705841,0.1414465010166168,0.7968,-0.0306222222222221,0.963786,-0.0066919999999999,0.1277999999999999
celeba,noniid,20,107,2,17,0.8684,0.1365999999999999,0.6577614002763703,-0.1132142761379505,0.9609077346177376,0.0739936024428595,0.8750340281080372,0.0275980255497794,0.3897276222705841,0.1472847163677215,0.7968,-0.0610444444444444,0.963786,-0.0079399999999999,0.1365999999999999
celeba,noniid,20,107,2,18,0.8684,0.1331999999999999,0.6577614002763703,-0.1088327237715078,0.9609077346177376,0.0725951553551549,0.8750340281080372,0.025844963020056,0.3897276222705841,0.1524509489536285,0.7968,-0.0194666666666667,0.963786,-0.008274,0.1331999999999999
celeba,noniid,20,107,2,19,0.8684,0.0377999999999999,0.6577614002763703,0.0090737046346655,0.9609077346177376,0.0267434421807635,0.8750340281080372,0.0073976286918447,0.3897276222705841,0.1231143772602081,0.7968,-0.0386222222222223,0.963786,-0.000116,0.0377999999999999
celeba,noniid,20,107,3,0,0.9034,0.0035999999999999,0.5645339827319017,-0.0318207627670981,0.9779208506061192,0.0016624526794064,0.8722576624739664,-0.0016071106446482,0.2768083214759826,0.0838811695575714,0.8547,0.0056333333333333,0.924092,-0.0257499999999999,0.0035999999999999
celeba,noniid,20,107,3,1,0.9034,0.0025999999999999,0.5645339827319017,-0.0009633529696969,0.9779208506061192,-0.0016257454217183,0.8722576624739664,-0.0023237507994555,0.2768083214759826,0.0851363539695739,0.8547,-0.0145111111111111,0.924092,-0.028146,0.0025999999999999
celeba,noniid,20,107,3,2,0.9034,0.0068,0.5645339827319017,-0.0486714600519483,0.9779208506061192,0.0037725403702211,0.8722576624739664,-0.0023581888846979,0.2768083214759826,0.0516619980335235,0.8547,0.0289444444444444,0.924092,-0.017228,0.0068
celeba,noniid,20,107,3,3,0.9034,0.004,0.5645339827319017,-0.0287504290982072,0.9779208506061192,0.0045066092589217,0.8722576624739664,0.0007248396989126,0.2768083214759826,0.0849533081054687,0.8547,-0.0394555555555555,0.924092,-0.0258699999999999,0.004
celeba,noniid,20,107,3,4,0.9034,0.0125999999999999,0.5645339827319017,-0.0600731120143936,0.9779208506061192,0.003219839162371,0.8722576624739664,-0.0042982010200233,0.2768083214759826,0.0609456002712249,0.8547,0.002811111111111,0.924092,-0.0198239999999999,0.0125999999999999
celeba,noniid,20,107,3,5,0.9034,0.003,0.5645339827319017,-0.0363100865706305,0.9779208506061192,0.0020443586702897,0.8722576624739664,1.803899703167744e-05,0.2768083214759826,0.0758556723594665,0.8547,0.0464444444444442,0.924092,-0.0244579999999999,0.003
celeba,noniid,20,107,3,6,0.9034,0.0038,0.5645339827319017,0.002506414923987,0.9779208506061192,0.0029790228437759,0.8722576624739664,0.0025500582167631,0.2768083214759826,0.0799078047275543,0.8547,-0.0495777777777777,0.924092,-0.0261939999999999,0.0038
celeba,noniid,20,107,3,7,0.9034,0.0051999999999999,0.5645339827319017,-0.0402311029951079,0.9779208506061192,0.0023822002960223,0.8722576624739664,-0.0004329359287623,0.2768083214759826,0.0810934007167816,0.8547,-0.0325111111111111,0.924092,-0.0248779999999999,0.0051999999999999
celeba,noniid,20,107,3,8,0.9034,0.0028,0.5645339827319017,-0.0206314625268146,0.9779208506061192,-0.000512830791043,0.8722576624739664,-0.0019088538677249,0.2768083214759826,0.0847956836223602,0.8547,-0.0674777777777775,0.924092,-0.0258319999999999,0.0028
celeba,noniid,20,107,3,9,0.9034,0.003,0.5645339827319017,-0.0267587760419766,0.9779208506061192,0.00088997652651,0.8722576624739664,-0.0009003099427672,0.2768083214759826,0.0831330716609954,0.8547,0.0346333333333332,0.924092,-0.02822,0.003
celeba,noniid,20,107,3,10,0.9034,0.0043999999999999,0.5645339827319017,-0.0098820350656511,0.9779208506061192,0.002450980458185,0.8722576624739664,0.0009413076632939,0.2768083214759826,0.0853264927864074,0.8547,-0.0266666666666666,0.924092,-0.03,0.0043999999999999
celeba,noniid,20,107,3,11,0.9034,0.0065999999999999,0.5645339827319017,0.0023127516881907,0.9779208506061192,-0.0047050199424965,0.8722576624739664,-0.0057708391413437,0.2768083214759826,0.0647150576114654,0.8547,-0.0726333333333333,0.924092,-0.0276799999999999,0.0065999999999999
celeba,noniid,20,107,3,12,0.9034,0.0038,0.5645339827319017,-0.0181694410119844,0.9779208506061192,0.0010847898739253,0.8722576624739664,-0.0002541858672657,0.2768083214759826,0.0725116431713104,0.8547,0.0454777777777779,0.924092,-0.023146,0.0038
celeba,noniid,20,107,3,13,0.9034,0.007,0.5645339827319017,-0.0441228668888032,0.9779208506061192,0.0017101764136531,0.8722576624739664,-0.0035995998622477,0.2768083214759826,0.0827054977416992,0.8547,-0.0646333333333333,0.924092,-0.0245379999999999,0.007
celeba,noniid,20,107,3,14,0.9034,0.0031999999999999,0.5645339827319017,-0.0193362683234193,0.9779208506061192,-0.0030221211293536,0.8722576624739664,-0.0042112858525066,0.2768083214759826,0.0696592926979065,0.8547,-0.0578333333333331,0.924092,-0.0256959999999999,0.0031999999999999
celeba,noniid,20,107,3,15,0.9034,0.0041999999999999,0.5645339827319017,-0.0262133482289523,0.9779208506061192,0.0017545190777898,0.8722576624739664,-0.0004640941963627,0.2768083214759826,0.0773212015628814,0.8547,-0.0030777777777777,0.924092,-0.026142,0.0041999999999999
celeba,noniid,20,107,3,16,0.9034,0.0033999999999999,0.5645339827319017,-0.0374660172680982,0.9779208506061192,-0.0032583133716518,0.8722576624739664,-0.00464586169009,0.2768083214759826,0.0613106489181518,0.8547,0.1132888888888887,0.924092,-0.0208899999999999,0.0033999999999999
celeba,noniid,20,107,3,17,0.9034,0.0038,0.5645339827319017,-0.0395122600426648,0.9779208506061192,0.0033901031208131,0.8722576624739664,-0.0005985667196903,0.2768083214759826,0.0704215466976165,0.8547,-0.0193333333333332,0.924092,-0.0215999999999999,0.0038
celeba,noniid,20,107,3,18,0.9034,0.0063999999999999,0.5645339827319017,-0.0457224275245086,0.9779208506061192,0.0041897190841733,0.8722576624739664,-0.0003345413994981,0.2768083214759826,0.0785887837409973,0.8547,-0.0660777777777776,0.924092,-0.0204619999999999,0.0063999999999999
celeba,noniid,20,107,3,19,0.9034,0.0038,0.5645339827319017,-0.0010507215811262,0.9779208506061192,-0.0041414175541139,0.8722576624739664,-0.0044162744551403,0.2768083214759826,0.0652331709861755,0.8547,-0.0541222222222221,0.924092,-0.0259479999999999,0.0038
celeba,noniid,20,107,4,0,0.9062,-0.0008,0.553520194217612,-0.0272956822983747,0.9861674597728172,0.0120534950249818,0.8787582610406861,0.0106167697076041,0.2547981441020965,0.0563342273235321,0.8452111111111111,0.0060111111111111,0.925518,-0.008832,-0.0008
celeba,noniid,20,107,4,1,0.9062,0.0051999999999999,0.553520194217612,-0.0056362985681814,0.9861674597728172,0.0049326799749853,0.8787582610406861,0.003279817642139,0.2547981441020965,0.0618561804294586,0.8452111111111111,0.0354333333333334,0.925518,-0.01235,0.0051999999999999
celeba,noniid,20,107,4,2,0.9062,-0.0006,0.553520194217612,-0.0318349006213822,0.9861674597728172,0.0149719450801304,0.8787582610406861,0.0136784794765409,0.2547981441020965,0.0281955599784851,0.8452111111111111,0.0683444444444445,0.925518,0.0050579999999998,-0.0006
celeba,noniid,20,107,4,3,0.9062,-0.0001999999999999,0.553520194217612,-0.0219431773622644,0.9861674597728172,0.0125076282961469,0.8787582610406861,0.0110677446333984,0.2547981441020965,0.0566129982471466,0.8452111111111111,-0.0564999999999999,0.925518,-0.004546,-0.0001999999999999
celeba,noniid,20,107,4,4,0.9062,0.0011999999999999,0.553520194217612,-0.0413969328542112,0.9861674597728172,0.0107365948396206,0.8787582610406861,0.0090982141392937,0.2547981441020965,0.0361096858978271,0.8452111111111111,-0.0082333333333333,0.925518,-0.002426,0.0011999999999999
celeba,noniid,20,107,4,5,0.9062,-0.0013999999999999,0.553520194217612,-0.0293356894315726,0.9861674597728172,0.010542069500292,0.8787582610406861,0.0098870102822282,0.2547981441020965,0.0508799254894256,0.8452111111111111,-0.0583444444444445,0.925518,-0.007328,-0.0013999999999999
celeba,noniid,20,107,4,6,0.9062,0.005,0.553520194217612,-0.0019613858977896,0.9861674597728172,0.0012757238323545,0.8787582610406861,-0.0001656307909281,0.2547981441020965,0.0576763153076171,0.8452111111111111,0.0629222222222221,0.925518,-0.0122079999999999,0.005
celeba,noniid,20,107,4,7,0.9062,0.0,0.553520194217612,-0.0313396601191789,0.9861674597728172,0.0148205709942234,0.8787582610406861,0.0128437658866167,0.2547981441020965,0.0531087517738342,0.8452111111111111,-0.0312999999999998,0.925518,-0.007478,0.0
celeba,noniid,20,107,4,8,0.9062,0.0016,0.553520194217612,-0.0124758261228699,0.9861674597728172,0.0114410784956749,0.8787582610406861,0.0103970219255808,0.2547981441020965,0.0597535073757171,0.8452111111111111,0.0280999999999997,0.925518,-0.008456,0.0016
celeba,noniid,20,107,4,9,0.9062,-0.001,0.553520194217612,-0.0121764548123703,0.9861674597728172,0.0131632414383542,0.8787582610406861,0.0126092589252037,0.2547981441020965,0.0588741600513458,0.8452111111111111,0.0618555555555557,0.925518,-0.012084,-0.001
celeba,noniid,20,107,4,10,0.9062,0.002,0.553520194217612,-0.012726211444852,0.9861674597728172,0.0056807283389568,0.8787582610406861,0.0047098181341116,0.2547981441020965,0.0595645010471344,0.8452111111111111,0.0721888888888888,0.925518,-0.014576,0.002
celeba,noniid,20,107,4,11,0.9062,0.0056,0.553520194217612,-0.0049963503082596,0.9861674597728172,0.0022876465128929,0.8787582610406861,-0.0034536479771725,0.2547981441020965,0.0445759296417236,0.8452111111111111,0.0283777777777778,0.925518,-0.0146,0.0056
celeba,noniid,20,107,4,12,0.9062,0.0008,0.553520194217612,-0.015510068649629,0.9861674597728172,0.0171692717806136,0.8787582610406861,0.01608422571705,0.2547981441020965,0.0521605908870697,0.8452111111111111,0.1077000000000001,0.925518,-0.007338,0.0008
celeba,noniid,20,107,4,13,0.9062,-0.0006,0.553520194217612,-0.0238948917991501,0.9861674597728172,0.0137584312394325,0.8787582610406861,0.0126551763721937,0.2547981441020965,0.0564410090446472,0.8452111111111111,0.0040333333333333,0.925518,-0.002418,-0.0006
celeba,noniid,20,107,4,14,0.9062,0.0011999999999999,0.553520194217612,-0.0137726234619459,0.9861674597728172,0.0074386072890157,0.8787582610406861,0.0062218140671377,0.2547981441020965,0.0484457314014434,0.8452111111111111,-0.022,0.925518,-0.008214,0.0011999999999999
celeba,noniid,20,107,4,15,0.9062,-0.0006,0.553520194217612,-0.0141904365719778,0.9861674597728172,0.0095284624354285,0.8787582610406861,0.0086898768428473,0.2547981441020965,0.0562192499637603,0.8452111111111111,0.0632333333333332,0.925518,-0.01229,-0.0006
celeba,noniid,20,107,4,16,0.9062,0.0003999999999999,0.553520194217612,-0.0238699581339004,0.9861674597728172,0.0125124757974131,0.8787582610406861,0.0109775496482396,0.2547981441020965,0.0378046333789825,0.8452111111111111,-0.0196555555555553,0.925518,-0.004906,0.0003999999999999
celeba,noniid,20,107,4,17,0.9062,-0.0008,0.553520194217612,-0.0255316249665114,0.9861674597728172,0.0120085214706547,0.8787582610406861,0.0109250725659653,0.2547981441020965,0.0465394854545593,0.8452111111111111,-0.0343444444444445,0.925518,-0.005976,-0.0008
celeba,noniid,20,107,4,18,0.9062,0.0001999999999999,0.553520194217612,-0.0345592759810635,0.9861674597728172,0.0126953343858055,0.8787582610406861,0.0110611849981141,0.2547981441020965,0.0498563349246978,0.8452111111111111,0.0124999999999999,0.925518,-0.004206,0.0001999999999999
celeba,noniid,20,107,4,19,0.9062,0.0068,0.553520194217612,-0.008854722393462,0.9861674597728172,0.0028784262682902,0.8787582610406861,-0.0017383033503337,0.2547981441020965,0.0437540113925933,0.8452111111111111,0.0683000000000002,0.925518,-0.0116520000000001,0.0068
celeba,noniid,20,107,5,0,0.9108,0.0022,0.5693895476504172,-0.0159065122219139,0.9803723753186384,0.0014379104805722,0.8806228373702423,0.0032355401039703,0.2407066822052002,0.0557630062103271,0.7995111111111111,-0.0011555555555555,0.912748,-0.025868,0.0022
celeba,noniid,20,107,5,1,0.9108,0.008,0.5693895476504172,0.0020435130912678,0.9803723753186384,-0.0052557538923111,0.8806228373702423,-0.002784565178176,0.2407066822052002,0.0598928034305572,0.7995111111111111,-0.0027666666666665,0.912748,-0.026012,0.008
celeba,noniid,20,107,5,2,0.9108,0.0012,0.5693895476504172,-0.0198804611446575,0.9803723753186384,0.0037034413270444,0.8806228373702423,0.0049886026336936,0.2407066822052002,0.0278070569038391,0.7995111111111111,-0.0102888888888887,0.912748,-0.0184999999999999,0.0012
celeba,noniid,20,107,5,3,0.9108,0.0026,0.5693895476504172,-0.0119801946970834,0.9803723753186384,0.0043282293484149,0.8806228373702423,0.0010085439249578,0.2407066822052002,0.0561150610446929,0.7995111111111111,-0.0639555555555557,0.912748,-0.025366,0.0026
celeba,noniid,20,107,5,4,0.9108,0.0004,0.5693895476504172,-0.0285893627186513,0.9803723753186384,0.0023810950880452,0.8806228373702423,0.0090818150510831,0.2407066822052002,0.0370543897151947,0.7995111111111111,0.0090444444444444,0.912748,-0.0255839999999999,0.0004
celeba,noniid,20,107,5,5,0.9108,0.0026,0.5693895476504172,-0.0199079639109129,0.9803723753186384,0.0030056805675396,0.8806228373702423,0.0023631086111612,0.2407066822052002,0.0511009395122528,0.7995111111111111,0.0219777777777776,0.912748,-0.0232959999999999,0.0026
celeba,noniid,20,107,5,6,0.9108,0.0084,0.5693895476504172,0.002456923536942,0.9803723753186384,-0.0027252014321975,0.8806228373702423,-0.0051165155217369,0.2407066822052002,0.0559518635272979,0.7995111111111111,-0.0473333333333332,0.912748,-0.0256619999999999,0.0084
celeba,noniid,20,107,5,7,0.9108,0.0006,0.5693895476504172,-0.0214696041843444,0.9803723753186384,0.002033203191861,0.8806228373702423,0.0058987520293871,0.2407066822052002,0.0524495542049407,0.7995111111111111,-0.0468666666666666,0.912748,-0.0283099999999999,0.0006
celeba,noniid,20,107,5,8,0.9108,0.0056,0.5693895476504172,0.001338288260227,0.9803723753186384,-0.0020673641838774,0.8806228373702423,-0.0032502992833598,0.2407066822052002,0.0595259070396423,0.7995111111111111,-0.0363555555555554,0.912748,-0.025842,0.0056
celeba,noniid,20,107,5,9,0.9108,0.0024,0.5693895476504172,-0.0085496861672842,0.9803723753186384,-0.0014898178440683,0.8806228373702423,0.0017153446268388,0.2407066822052002,0.0566006004810333,0.7995111111111111,-0.0176555555555555,0.912748,-0.027406,0.0024
celeba,noniid,20,107,5,10,0.9108,0.0066,0.5693895476504172,-0.0030501780739801,0.9803723753186384,-0.0002012656798777,0.8806228373702423,-0.0058233162236178,0.2407066822052002,0.0596746504306793,0.7995111111111111,-0.0499444444444443,0.912748,-0.0320139999999999,0.0066
celeba,noniid,20,107,5,11,0.9108,0.009,0.5693895476504172,0.0003054935364229,0.9803723753186384,-0.0050891746424122,0.8806228373702423,-0.0069450138572294,0.2407066822052002,0.0434716641902923,0.7995111111111111,0.0129333333333334,0.912748,-0.029104,0.009
celeba,noniid,20,107,5,12,0.9108,0.0028,0.5693895476504172,-0.010346135168966,0.9803723753186384,-0.0016858807547605,0.8806228373702423,0.0006395644402172,0.2407066822052002,0.0511990189552307,0.7995111111111111,0.0083555555555554,0.912748,-0.02688,0.0028
celeba,noniid,20,107,5,13,0.9108,0.0024,0.5693895476504172,-0.0138337020193318,0.9803723753186384,0.003728291677736,0.8806228373702423,0.0021220420144639,0.2407066822052002,0.0560944974422454,0.7995111111111111,-0.0862444444444445,0.912748,-0.025908,0.0024
celeba,noniid,20,107,5,14,0.9108,0.0046,0.5693895476504172,-0.0086285498997924,0.9803723753186384,0.0005579330703237,0.8806228373702423,-0.0013922825890879,0.2407066822052002,0.046938806772232,0.7995111111111111,-0.0887333333333333,0.912748,-0.024314,0.0046
celeba,noniid,20,107,5,15,0.9108,0.0036,0.5693895476504172,-0.0053459020850326,0.9803723753186384,-0.0012116948183373,0.8806228373702423,-0.0008953902163039,0.2407066822052002,0.057122528553009,0.7995111111111111,-0.0267555555555556,0.912748,-0.0280719999999999,0.0036
celeba,noniid,20,107,5,16,0.9108,0.0004,0.5693895476504172,-0.0140902414532735,0.9803723753186384,-0.0011919495453532,0.8806228373702423,0.0007379589694813,0.2407066822052002,0.0390425622463226,0.7995111111111111,-0.0147111111111111,0.912748,-0.0212379999999999,0.0004
celeba,noniid,20,107,5,17,0.9108,0.0006,0.5693895476504172,-0.0183933572056584,0.9803723753186384,-0.0003115120167874,0.8806228373702423,0.0046425818724479,0.2407066822052002,0.0466775596141815,0.7995111111111111,-0.0351777777777777,0.912748,-0.022324,0.0006
celeba,noniid,20,107,5,18,0.9108,0.0004,0.5693895476504172,-0.0184839145639941,0.9803723753186384,0.0042011134913834,0.8806228373702423,0.0066514701782581,0.2407066822052002,0.0503003001213073,0.7995111111111111,-0.0712666666666665,0.912748,-0.020314,0.0004
celeba,noniid,20,107,5,19,0.9108,0.0068,0.5693895476504172,-0.001628151464627,0.9803723753186384,-0.0037511088149025,0.8806228373702423,-0.00929172338018,0.2407066822052002,0.0417025387287139,0.7995111111111111,-0.0348222222222223,0.912748,-0.025652,0.0068
celeba,noniid,20,107,6,0,0.9102,0.001,0.5530652603823336,-0.0228256327104952,0.9834679919813883,0.0013153826421926,0.878118696600469,0.0037996687384181,0.2379204034805297,0.0516657531261444,0.7231666666666667,-0.1371,0.91679,-0.0156239999999999,0.001
celeba,noniid,20,107,6,1,0.9102,0.0088,0.5530652603823336,-0.0069524897840742,0.9834679919813883,-0.0003001953150382,0.878118696600469,-0.006959773036619,0.2379204034805297,0.0591917634010314,0.7231666666666667,-0.1106777777777776,0.91679,-0.0160099999999999,0.0088
celeba,noniid,20,107,6,2,0.9102,-0.0025999999999999,0.5530652603823336,-0.0231836440874297,0.9834679919813883,0.0014122810040154,0.878118696600469,0.0042818019318126,0.2379204034805297,0.0242718458175659,0.7231666666666667,-0.003111111111111,0.91679,-0.009186,-0.0025999999999999
celeba,noniid,20,107,6,3,0.9102,0.0018,0.5530652603823336,-0.0226723001636813,0.9834679919813883,0.0021132915584957,0.878118696600469,6.06766263796521e-05,0.2379204034805297,0.0523396432399749,0.7231666666666667,-0.0908111111111109,0.91679,-0.018128,0.0018
celeba,noniid,20,107,6,4,0.9102,-0.003,0.5530652603823336,-0.024026285828792,0.9834679919813883,-0.0005012002583002,0.878118696600469,0.002664851834238,0.2379204034805297,0.0342563688755035,0.7231666666666667,-0.0946333333333331,0.91679,-0.008834,-0.003
celeba,noniid,20,107,6,5,0.9102,-0.0006,0.5530652603823336,-0.0248881871363313,0.9834679919813883,1.8310611830885115e-05,0.878118696600469,0.0002345069614129,0.2379204034805297,0.0462364554405212,0.7231666666666667,-0.0779333333333329,0.91679,-0.0158139999999999,-0.0006
celeba,noniid,20,107,6,6,0.9102,0.0068,0.5530652603823336,-0.0105831788472434,0.9834679919813883,0.0002509456587161,0.878118696600469,-0.0076813329178897,0.2379204034805297,0.0510788261890411,0.7231666666666667,-0.0760111111111112,0.91679,-0.0136319999999999,0.0068
celeba,noniid,20,107,6,7,0.9102,0.002,0.5530652603823336,-0.0245608131697474,0.9834679919813883,0.0021185370186086,0.878118696600469,0.0041686482231588,0.2379204034805297,0.0477963685989379,0.7231666666666667,-0.1118999999999998,0.91679,-0.0168439999999999,0.002
celeba,noniid,20,107,6,8,0.9102,0.0056,0.5530652603823336,-0.0124885755672573,0.9834679919813883,0.0037637844206951,0.878118696600469,-0.0024828219550993,0.2379204034805297,0.0536774098873138,0.7231666666666667,-0.0605333333333333,0.91679,-0.0136359999999999,0.0056
celeba,noniid,20,107,6,9,0.9102,0.0046,0.5530652603823336,-0.0076679551653695,0.9834679919813883,0.0022986849238197,0.878118696600469,0.0010905393660112,0.2379204034805297,0.0562273859977722,0.7231666666666667,-0.0010777777777777,0.91679,-0.0122959999999999,0.0046
celeba,noniid,20,107,6,10,0.9102,0.0066,0.5530652603823336,-0.0135571389093883,0.9834679919813883,-0.0001369519363186,0.878118696600469,-0.0072073992686005,0.2379204034805297,0.0545387268066406,0.7231666666666667,-0.0575666666666667,0.91679,-0.01629,0.0066
celeba,noniid,20,107,6,11,0.9102,0.0098,0.5530652603823336,-0.0151266543222421,0.9834679919813883,0.0009759452503568,0.878118696600469,-0.0121730431787991,0.2379204034805297,0.0411240458488464,0.7231666666666667,-0.1315888888888887,0.91679,-0.017492,0.0098
celeba,noniid,20,107,6,12,0.9102,0.0023999999999999,0.5530652603823336,-0.017324693351969,0.9834679919813883,0.0007393279042748,0.878118696600469,0.001534954656521,0.2379204034805297,0.0465153753757476,0.7231666666666667,-0.0188999999999999,0.91679,-0.01693,0.0023999999999999
celeba,noniid,20,107,6,13,0.9102,0.0016,0.5530652603823336,-0.024746758107651,0.9834679919813883,-5.142721698347952e-05,0.878118696600469,0.0019646107676414,0.2379204034805297,0.0503517091274261,0.7231666666666667,-0.053422222222222,0.91679,-0.015672,0.0016
celeba,noniid,20,107,6,14,0.9102,0.0048,0.5530652603823336,-0.0201620424672356,0.9834679919813883,0.001051377008313,0.878118696600469,-0.0023549090670558,0.2379204034805297,0.0425790548324584,0.7231666666666667,-0.1185444444444445,0.91679,-0.014876,0.0048
celeba,noniid,20,107,6,15,0.9102,0.0043999999999999,0.5530652603823336,-0.0128433287101812,0.9834679919813883,0.0030021971890491,0.878118696600469,-0.0026632119254169,0.2379204034805297,0.0528581738471984,0.7231666666666667,-0.0082444444444442,0.91679,-0.0154039999999999,0.0043999999999999
celeba,noniid,20,107,6,16,0.9102,-0.001,0.5530652603823336,-0.0191472066940492,0.9834679919813883,-0.0002947699757813,0.878118696600469,0.0031076272159268,0.2379204034805297,0.0352292656898498,0.7231666666666667,-0.0926333333333331,0.91679,-0.0125999999999999,-0.001
celeba,noniid,20,107,6,17,0.9102,-0.001,0.5530652603823336,-0.0230980407590184,0.9834679919813883,-0.0010892362643338,0.878118696600469,0.0018219387002083,0.2379204034805297,0.0419266521930694,0.7231666666666667,-0.0796777777777777,0.91679,-0.01444,-0.001
celeba,noniid,20,107,6,18,0.9102,-0.0001999999999999,0.5530652603823336,-0.0266799065772446,0.9834679919813883,0.0048003218520299,0.878118696600469,0.0067646238869119,0.2379204034805297,0.0446052849292755,0.7231666666666667,-0.0486666666666666,0.91679,-0.014634,-0.0001999999999999
celeba,noniid,20,107,6,19,0.9102,0.0078,0.5530652603823336,-0.0136457325254677,0.9834679919813883,-0.0047824331579574,0.878118696600469,-0.0090736155069778,0.2379204034805297,0.0394718945026397,0.7231666666666667,-0.1046555555555555,0.91679,-0.013946,0.0078
celeba,noniid,20,107,7,0,0.91,0.0001999999999999,0.5362637362637362,-0.030893880794958,0.9855245202962152,0.0016987336555016,0.8770806343167321,0.0010085439249578,0.2388384938240051,0.051587700843811,0.6992777777777777,-0.0426333333333335,0.917814,-0.0200799999999999,0.0001999999999999
celeba,noniid,20,107,7,1,0.91,0.0084,0.5362637362637362,-0.0158658112074261,0.9855245202962152,-0.0010175124032902,0.8770806343167321,-0.0096754620443102,0.2388384938240051,0.0573998093605041,0.6992777777777777,-0.0795444444444446,0.917814,-0.0195339999999999,0.0084
celeba,noniid,20,107,7,2,0.91,-0.0035999999999999,0.5362637362637362,-0.0355401166259309,0.9855245202962152,0.003808807790855,0.8770806343167321,0.0040932124173896,0.2388384938240051,0.0247418880462646,0.6992777777777777,-0.0721444444444447,0.917814,-0.0168519999999999,-0.0035999999999999
celeba,noniid,20,107,7,3,0.91,0.0046,0.5362637362637362,-0.0309993518741034,0.9855245202962152,0.0043048615263585,0.8770806343167321,-0.0081093491201887,0.2388384938240051,0.0519613921642303,0.6992777777777777,-0.0124666666666668,0.917814,-0.0188679999999999,0.0046
celeba,noniid,20,107,7,4,0.91,-0.0037999999999999,0.5362637362637362,-0.0295055786848301,0.9855245202962152,0.0018403732421379,0.8770806343167321,0.0023106315288872,0.2388384938240051,0.0361607670783996,0.6992777777777777,-0.023166666666667,0.917814,-0.0138059999999999,-0.0037999999999999
celeba,noniid,20,107,7,5,0.91,0.0001999999999999,0.5362637362637362,-0.0328723375986511,0.9855245202962152,0.0054615208706287,0.8770806343167321,-0.0015037963889206,0.2388384938240051,0.0480590760707855,0.6992777777777777,0.0017666666666666,0.917814,-0.0183679999999999,0.0001999999999999
celeba,noniid,20,107,7,6,0.91,0.0064,0.5362637362637362,-0.0179637980434793,0.9855245202962152,0.0016250711040732,0.8770806343167321,-0.0093966775447283,0.2388384938240051,0.0511212050914764,0.6992777777777777,-0.0370555555555556,0.917814,-0.019672,0.0064
celeba,noniid,20,107,7,7,0.91,-0.0005999999999999,0.5362637362637362,-0.0323723278698021,0.9855245202962152,0.0050707475227316,0.8770806343167321,0.0021597599173487,0.2388384938240051,0.0486183762550354,0.6992777777777777,-0.082788888888889,0.917814,-0.022182,-0.0005999999999999
celeba,noniid,20,107,7,8,0.91,0.0066,0.5362637362637362,-0.0178651103158519,0.9855245202962152,0.0025516709209664,0.8770806343167321,-0.0100510011643351,0.2388384938240051,0.0562121272087097,0.6992777777777777,-0.0997888888888889,0.917814,-0.0165299999999999,0.0066
celeba,noniid,20,107,7,9,0.91,0.0058,0.5362637362637362,-0.0211350693102517,0.9855245202962152,0.0033026157603447,0.8770806343167321,-0.0081323078436837,0.2388384938240051,0.0542888045310974,0.6992777777777777,-0.0749000000000001,0.917814,-0.0195659999999999,0.0058
celeba,noniid,20,107,7,10,0.91,0.0091999999999999,0.5362637362637362,-0.0234609529014503,0.9855245202962152,0.0001099978255614,0.8770806343167321,-0.0102920677610323,0.2388384938240051,0.0556476414203643,0.6992777777777777,-0.0936777777777777,0.917814,-0.0219519999999999,0.0091999999999999
celeba,noniid,20,107,7,11,0.91,0.0091999999999999,0.5362637362637362,-0.0212407042335994,0.9855245202962152,-0.00167198662733,0.8770806343167321,-0.0136702799324356,0.2388384938240051,0.0421369969844818,0.6992777777777777,-0.0602777777777781,0.917814,-0.02068,0.0091999999999999
celeba,noniid,20,107,7,12,0.91,0.003,0.5362637362637362,-0.0244859881023057,0.9855245202962152,0.0039243138376885,0.8770806343167321,0.0002181078732023,0.2388384938240051,0.0469660758972168,0.6992777777777777,-0.0379555555555555,0.917814,-0.021324,0.003
celeba,noniid,20,107,7,13,0.91,-0.0013999999999999,0.5362637362637362,-0.0351648351648351,0.9855245202962152,0.0048421038823138,0.8770806343167321,0.004311320290592,0.2388384938240051,0.0503354668617248,0.6992777777777777,-0.1044222222222224,0.917814,-0.0230759999999999,-0.0013999999999999
celeba,noniid,20,107,7,14,0.91,0.0038,0.5362637362637362,-0.0291743568724368,0.9855245202962152,0.0051029160437994,0.8770806343167321,-0.0104117811049704,0.2388384938240051,0.0410094261169433,0.6992777777777777,-0.0770111111111111,0.917814,-0.0186419999999999,0.0038
celeba,noniid,20,107,7,15,0.91,0.0054,0.5362637362637362,-0.0200042274771437,0.9855245202962152,0.0046644253922114,0.8770806343167321,-0.0107430426868264,0.2388384938240051,0.054021805524826,0.6992777777777777,-0.060688888888889,0.917814,-0.019792,0.0054
celeba,noniid,20,107,7,16,0.91,-0.0025999999999999,0.5362637362637362,-0.0271813656429041,0.9855245202962152,0.0040193633895131,0.8770806343167321,0.0043637973728662,0.2388384938240051,0.0346850752830505,0.6992777777777777,-0.0696777777777777,0.917814,-0.0188159999999999,-0.0025999999999999
celeba,noniid,20,107,7,17,0.91,-0.0013999999999999,0.5362637362637362,-0.0294593271551796,0.9855245202962152,0.0029054916600016,0.8770806343167321,0.0025434985814789,0.2388384938240051,0.042687177658081,0.6992777777777777,-0.0051444444444443,0.917814,-0.0188599999999999,-0.0013999999999999
celeba,noniid,20,107,7,18,0.91,-0.001,0.5362637362637362,-0.0367329706517413,0.9855245202962152,0.0063911530549658,0.8770806343167321,0.0055904491710261,0.2388384938240051,0.0440873205661773,0.6992777777777777,-0.0423777777777778,0.917814,-0.018942,-0.001
celeba,noniid,20,107,7,19,0.91,0.0088,0.5362637362637362,-0.020549401774435,0.9855245202962152,-0.0016970395198976,0.8770806343167321,-0.0135423670443921,0.2388384938240051,0.0395718216896057,0.6992777777777777,-0.0870555555555556,0.917814,-0.019274,0.0088
celeba,noniid,20,107,8,0,0.9092,-0.0048,0.5241970963484381,-0.0394790524480608,0.986810927271577,0.0067188421440441,0.879510979189557,0.0089309434395447,0.2338378131389618,0.0439490377902984,0.7321111111111109,-0.037888888888889,0.921444,-0.0149659999999999,-0.0048
celeba,noniid,20,107,8,1,0.9092,0.005,0.5241970963484381,-0.0181607890751407,0.986810927271577,0.0009236535256533,0.879510979189557,-0.004927926007314,0.2338378131389618,0.0518324375152587,0.7321111111111109,-0.0428444444444446,0.921444,-0.0155819999999999,0.005
celeba,noniid,20,107,8,2,0.9092,-0.0073999999999999,0.5241970963484381,-0.0374437502585878,0.986810927271577,0.0057729021379191,0.879510979189557,0.0081487069318945,0.2338378131389618,0.0219536125659942,0.7321111111111109,-0.0049888888888889,0.921444,-0.010328,-0.0073999999999999
celeba,noniid,20,107,8,3,0.9092,-0.0016,0.5241970963484381,-0.0326759822637708,0.986810927271577,-0.0005343148389094,0.879510979189557,-0.0001344725233277,0.2338378131389618,0.0453127026557922,0.7321111111111109,-0.0158444444444445,0.921444,-0.014548,-0.0016
celeba,noniid,20,107,8,4,0.9092,-0.0045999999999999,0.5241970963484381,-0.040259020963884,0.986810927271577,0.001531504648699,0.879510979189557,0.0037635907443546,0.2338378131389618,0.0313619971275329,0.7321111111111109,-0.0516555555555557,0.921444,-0.011822,-0.0045999999999999
celeba,noniid,20,107,8,5,0.9092,-0.0041999999999999,0.5241970963484381,-0.0389734751426938,0.986810927271577,0.0045736460714778,0.879510979189557,0.0062004952524639,0.2338378131389618,0.0418976247310638,0.7321111111111109,-0.0191333333333336,0.921444,-0.0145759999999999,-0.0041999999999999
celeba,noniid,20,107,8,6,0.9092,0.0053999999999999,0.5241970963484381,-0.0248181725163549,0.986810927271577,-0.0006180393100778,0.879510979189557,-0.0023696682464455,0.2338378131389618,0.044473797082901,0.7321111111111109,-0.0186444444444446,0.921444,-0.0153579999999999,0.0053999999999999
celeba,noniid,20,107,8,7,0.9092,-0.0023999999999999,0.5241970963484381,-0.0376721445466913,0.986810927271577,0.0063846592855775,0.879510979189557,0.0073435117007494,0.2338378131389618,0.0437513887882232,0.7321111111111109,-0.0554333333333334,0.921444,-0.0177339999999999,-0.0023999999999999
celeba,noniid,20,107,8,8,0.9092,0.005,0.5241970963484381,-0.026123629154769,0.986810927271577,0.0008674681199749,0.879510979189557,-0.0022942324406762,0.2338378131389618,0.0482333600521087,0.7321111111111109,-0.0121111111111111,0.921444,-0.0126919999999999,0.005
celeba,noniid,20,107,8,9,0.9092,0.0011999999999999,0.5241970963484381,-0.0275650181890068,0.986810927271577,0.002951847425112,0.879510979189557,0.0032732580068547,0.2338378131389618,0.0473977327346801,0.7321111111111109,-0.0298444444444447,0.921444,-0.0168979999999999,0.0011999999999999
celeba,noniid,20,107,8,10,0.9092,0.005,0.5241970963484381,-0.0281143391746762,0.986810927271577,-0.0012139512962832,0.879510979189557,-0.0013693238655931,0.2338378131389618,0.0508082509040832,0.7321111111111109,-0.0575555555555558,0.921444,-0.0171479999999999,0.005
celeba,noniid,20,107,8,11,0.9092,0.006,0.5241970963484381,-0.0236328416497904,0.986810927271577,0.0004219556768407,0.879510979189557,-0.0064776398432246,0.2338378131389618,0.0344010889530181,0.7321111111111109,-0.0325111111111111,0.921444,-0.0160139999999999,0.006
celeba,noniid,20,107,8,12,0.9092,0.0001999999999999,0.5241970963484381,-0.0278381071719138,0.986810927271577,0.0037227951139157,0.879510979189557,0.0043113202905917,0.2338378131389618,0.040696769952774,0.7321111111111109,-0.0831888888888892,0.921444,-0.0158299999999999,0.0001999999999999
celeba,noniid,20,107,8,13,0.9092,-0.0031999999999999,0.5241970963484381,-0.0395907160145605,0.986810927271577,0.0053337488261376,0.879510979189557,0.0068548188720706,0.2338378131389618,0.0440990626811981,0.7321111111111109,-0.0445555555555556,0.921444,-0.0162339999999999,-0.0031999999999999
celeba,noniid,20,107,8,14,0.9092,0.0036,0.5241970963484381,-0.0294689813900776,0.986810927271577,-0.001106148475383,0.879510979189557,-0.0013840830449827,0.2338378131389618,0.0359163284301757,0.7321111111111109,-0.0332222222222224,0.921444,-0.0136359999999999,0.0036
celeba,noniid,20,107,8,15,0.9092,0.004,0.5241970963484381,-0.0268413481942043,0.986810927271577,0.0011802070373071,0.879510979189557,-0.0023844274258351,0.2338378131389618,0.0486058592796325,0.7321111111111109,-0.0790000000000001,0.921444,-0.0163859999999999,0.004
celeba,noniid,20,107,8,16,0.9092,-0.0041999999999999,0.5241970963484381,-0.0306529145996679,0.986810927271577,0.008244425811325,0.879510979189557,0.0100739598878301,0.2338378131389618,0.0293189585208892,0.7321111111111109,-0.1320000000000003,0.921444,-0.0141239999999999,-0.0041999999999999
celeba,noniid,20,107,8,17,0.9092,-0.0045999999999999,0.5241970963484381,-0.0321609688737111,0.986810927271577,0.0047426843411985,0.879510979189557,0.0066367109988685,0.2338378131389618,0.038111388683319,0.7321111111111109,1.1111111110961858e-05,0.921444,-0.0139979999999999,-0.0045999999999999
celeba,noniid,20,107,8,18,0.9092,-0.0053999999999999,0.5241970963484381,-0.0439201133607243,0.986810927271577,0.0093299812556543,0.879510979189557,0.0110677446333983,0.2338378131389618,0.0390329360961914,0.7321111111111109,-0.0260222222222226,0.921444,-0.0138139999999999,-0.0053999999999999
celeba,noniid,20,107,8,19,0.9092,0.0051999999999999,0.5241970963484381,-0.024032992147137,0.986810927271577,-0.0008211240123162,0.879510979189557,-0.0072975942537594,0.2338378131389618,0.0335511863231658,0.7321111111111109,-0.0099333333333335,0.921444,-0.0142979999999999,0.0051999999999999
celeba,noniid,20,107,9,0,0.9138,0.0007999999999999,0.5364412344057781,-0.0245664326259853,0.9814652696558884,-0.0015927802886076,0.8774856917955361,0.0035356434182259,0.220959722995758,0.0529084205627441,0.7480888888888888,-0.0361111111111112,0.924468,-0.01458,0.0007999999999999
celeba,noniid,20,107,9,1,0.9138,0.0107999999999999,0.5364412344057781,-0.0013217777758387,0.9814652696558884,-0.0095337454520925,0.8774856917955361,-0.008773512192722,0.220959722995758,0.0604488551616668,0.7480888888888888,-0.0255111111111112,0.924468,-0.010686,0.0107999999999999
celeba,noniid,20,107,9,2,0.9138,0.0003999999999999,0.5364412344057781,-0.0282620719222271,0.9814652696558884,-0.00156772739604,0.8774856917955361,0.0036635563062693,0.220959722995758,0.0306392908096313,0.7480888888888888,0.0382888888888888,0.924468,-0.007004,0.0003999999999999
celeba,noniid,20,107,9,3,0.9138,0.0027999999999999,0.5364412344057781,-0.020968205769853,0.9814652696558884,-0.0018183061375485,0.8774856917955361,0.0030535102248314,0.220959722995758,0.0546487569808959,0.7480888888888888,-0.0427111111111111,0.924468,-0.011742,0.0027999999999999
celeba,noniid,20,107,9,4,0.9138,0.0011999999999999,0.5364412344057781,-0.0309486406764046,0.9814652696558884,-0.0025318124268409,0.8774856917955361,0.0026861706489119,0.220959722995758,0.040040373802185,0.7480888888888888,-0.0510333333333332,0.924468,-0.009776,0.0011999999999999
celeba,noniid,20,107,9,5,0.9138,0.001,0.5364412344057781,-0.0218409741831789,0.9814652696558884,-0.0002053806769226,0.8774856917955361,0.0049049672838189,0.220959722995758,0.0507348179817199,0.7480888888888888,0.0010444444444441,0.924468,-0.012252,0.001
celeba,noniid,20,107,9,6,0.9138,0.0079999999999998,0.5364412344057781,-0.008491421809722,0.9814652696558884,-0.0083124966998141,0.8774856917955361,-0.0043195198346971,0.220959722995758,0.0533668398857116,0.7480888888888888,-0.073177777777778,0.924468,-0.012276,0.0079999999999998
celeba,noniid,20,107,9,7,0.9138,0.0035999999999999,0.5364412344057781,-0.0225567880068784,0.9814652696558884,0.0028680524155662,0.8774856917955361,0.0074320667770871,0.220959722995758,0.0525884628295898,0.7480888888888888,0.0183444444444442,0.924468,-0.014226,0.0035999999999999
celeba,noniid,20,107,9,8,0.9138,0.0079999999999998,0.5364412344057781,-0.0118034112113559,0.9814652696558884,-0.0062164913944806,0.8774856917955361,-0.0026041752078584,0.220959722995758,0.0565213561058044,0.7480888888888888,-0.0143333333333333,0.924468,-0.013106,0.0079999999999998
celeba,noniid,20,107,9,9,0.9138,0.0065999999999999,0.5364412344057781,-0.014264232966356,0.9814652696558884,-0.0013203492436677,0.8774856917955361,0.0026320536578166,0.220959722995758,0.0571177303791046,0.7480888888888888,-0.0400666666666666,0.924468,-0.012932,0.0065999999999999
celeba,noniid,20,107,9,10,0.9138,0.0107999999999999,0.5364412344057781,-0.0053084887392939,0.9814652696558884,-0.010537760424634,0.8774856917955361,-0.0082093835582741,0.220959722995758,0.061219573020935,0.7480888888888888,0.0159333333333331,0.924468,-0.0131,0.0107999999999999
celeba,noniid,20,107,9,11,0.9138,0.0117999999999999,0.5364412344057781,-0.0079046635986566,0.9814652696558884,-0.0084093135179792,0.8774856917955361,-0.0089391429836501,0.220959722995758,0.0443058907985687,0.7480888888888888,-0.0143555555555556,0.924468,-0.013002,0.0117999999999999
celeba,noniid,20,107,9,12,0.9138,0.0031999999999999,0.5364412344057781,-0.0157221743357109,0.9814652696558884,0.0015651719387415,0.8774856917955361,0.0062808507846963,0.220959722995758,0.0494096577167511,0.7480888888888888,0.0388888888888887,0.924468,-0.0139220000000001,0.0031999999999999
celeba,noniid,20,107,9,13,0.9138,0.0033999999999999,0.5364412344057781,-0.0222143016223415,0.9814652696558884,0.0003969661977452,0.8774856917955361,0.0049344856425982,0.220959722995758,0.0563118457794189,0.7480888888888888,-0.0654888888888889,0.924468,-0.011948,0.0033999999999999
celeba,noniid,20,107,9,14,0.9138,0.0081999999999999,0.5364412344057781,-0.0163414511065893,0.9814652696558884,-0.0059131038692132,0.8774856917955361,-0.0035897604093212,0.220959722995758,0.0451115071773529,0.7480888888888888,-0.0859666666666667,0.924468,-0.009906,0.0081999999999999
celeba,noniid,20,107,9,15,0.9138,0.0073999999999999,0.5364412344057781,-0.0171774769799235,0.9814652696558884,-0.0058898201831735,0.8774856917955361,-0.0031305859394217,0.220959722995758,0.057632952928543,0.7480888888888888,-0.0347333333333335,0.924468,-0.015224,0.0073999999999999
celeba,noniid,20,107,9,16,0.9138,0.0027999999999999,0.5364412344057781,-0.0207486668016863,0.9814652696558884,0.0009988756168282,0.8774856917955361,0.0055363321799307,0.220959722995758,0.0377705991268157,0.7480888888888888,0.0121999999999999,0.924468,-0.011348,0.0027999999999999
celeba,noniid,20,107,9,17,0.9138,-0.0008,0.5364412344057781,-0.0227103072517771,0.9814652696558884,-0.0014077150381023,0.8774856917955361,0.0042506436642122,0.220959722995758,0.0467595756053924,0.7480888888888888,-0.0583555555555554,0.924468,-0.01244,-0.0008
celeba,noniid,20,107,9,18,0.9138,0.0007999999999999,0.5364412344057781,-0.0247854906763687,0.9814652696558884,0.0039831238925216,0.8774856917955361,0.0091474114039259,0.220959722995758,0.0501892268657684,0.7480888888888888,0.0493999999999998,0.924468,-0.009576,0.0007999999999999
celeba,noniid,20,107,9,19,0.9138,0.0105999999999999,0.5364412344057781,-0.0109458337961705,0.9814652696558884,-0.0087929828866644,0.8774856917955361,-0.0058397153118286,0.220959722995758,0.0426265001296997,0.7480888888888888,0.0086666666666666,0.924468,-0.0100959999999999,0.0105999999999999
celeba,noniid,20,107,10,0,0.9128,0.0019999999999998,0.525635407537248,-0.0321160197793967,0.9783123137673104,-0.0002281201508061,0.8701962970858821,-0.0012102527099493,0.2194179892539978,0.0492042899131774,0.7455222222222222,-0.0109444444444444,0.924794,-0.014804,0.0019999999999998
celeba,noniid,20,107,10,1,0.9128,0.0053999999999999,0.525635407537248,-0.016132280362245,0.9783123137673104,-0.0069720352659546,0.8701962970858821,-0.0072303579920955,0.2194179892539978,0.0541419982910156,0.7455222222222222,-0.0169444444444444,0.924794,-0.0162379999999999,0.0053999999999999
celeba,noniid,20,107,10,2,0.9128,0.0007999999999999,0.525635407537248,-0.0326979257960853,0.9783123137673104,0.001320879206013,0.8701962970858821,0.0007379589694813,0.2194179892539978,0.0277507603168487,0.7455222222222222,-0.0531888888888889,0.924794,-0.013298,0.0007999999999999
celeba,noniid,20,107,10,3,0.9128,0.0027999999999999,0.525635407537248,-0.0295294276275871,0.9783123137673104,-0.001924945471376,0.8701962970858821,-0.0026402532019218,0.2194179892539978,0.0489344894886016,0.7455222222222222,-0.063522222222222,0.924794,-0.01441,0.0027999999999999
celeba,noniid,20,107,10,4,0.9128,0.0019999999999998,0.525635407537248,-0.0428757914087335,0.9783123137673104,0.0027902567450708,0.8701962970858821,0.0017087849915544,0.2194179892539978,0.036423236131668,0.7455222222222222,-0.0098111111111109,0.924794,-0.0147779999999999,0.0019999999999998
celeba,noniid,20,107,10,5,0.9128,0.0027999999999999,0.525635407537248,-0.0306283287264882,0.9783123137673104,-0.0008849828562903,0.8701962970858821,-0.0019777300382097,0.2194179892539978,0.0474573373794555,0.7455222222222222,-0.0988111111111111,0.924794,-0.0136119999999999,0.0027999999999999
celeba,noniid,20,107,10,6,0.9128,0.0033999999999999,0.525635407537248,-0.0261569830499523,0.9783123137673104,-0.0036812370342386,0.8701962970858821,-0.0041604486790534,0.2194179892539978,0.0479204952716827,0.7455222222222222,0.0429555555555556,0.924794,-0.0182019999999999,0.0033999999999999
celeba,noniid,20,107,10,7,0.9128,0.0043999999999999,0.525635407537248,-0.0355711094156361,0.9783123137673104,0.002395692626409,0.8701962970858821,0.0007904360517555,0.2194179892539978,0.0475223958492279,0.7455222222222222,-0.0035,0.924794,-0.014718,0.0043999999999999
celeba,noniid,20,107,10,8,0.9128,0.0039999999999998,0.525635407537248,-0.0232202262655688,0.9783123137673104,-0.0024905196081623,0.8701962970858821,-0.0033027763656339,0.2194179892539978,0.0517413020133972,0.7455222222222222,-0.0873888888888889,0.924794,-0.017984,0.0039999999999998
celeba,noniid,20,107,10,9,0.9128,0.0053999999999999,0.525635407537248,-0.0220833493505633,0.9783123137673104,-0.0021597819616417,0.8701962970858821,-0.0036258384033847,0.2194179892539978,0.0533620417118072,0.7455222222222222,-0.0423666666666666,0.924794,-0.015228,0.0053999999999999
celeba,noniid,20,107,10,10,0.9128,0.0059999999999998,0.525635407537248,-0.0206813105924388,0.9783123137673104,-0.0093788077402164,0.8701962970858821,-0.0097279391265845,0.2194179892539978,0.0564967691898345,0.7455222222222222,-0.0367222222222223,0.924794,-0.0192139999999999,0.0059999999999998
celeba,noniid,20,107,10,11,0.9128,0.0057999999999999,0.525635407537248,-0.0190172936755413,0.9783123137673104,-0.0064179751540612,0.8701962970858821,-0.0069220551337345,0.2194179892539978,0.0371796786785125,0.7455222222222222,-0.0640222222222222,0.924794,-0.0178,0.0057999999999999
celeba,noniid,20,107,10,12,0.9128,0.0057999999999999,0.525635407537248,-0.0201198295079558,0.9783123137673104,-0.0006383767048777,0.8701962970858821,-0.0024221453287196,0.2194179892539978,0.046038806438446,0.7455222222222222,-0.0371555555555556,0.924794,-0.0156619999999999,0.0057999999999999
celeba,noniid,20,107,10,13,0.9128,0.0035999999999999,0.525635407537248,-0.0339774389211768,0.9783123137673104,0.0010709695552538,0.8701962970858821,9.839452926418968e-05,0.2194179892539978,0.050285667181015,0.7455222222222222,-0.0890555555555554,0.924794,-0.0158139999999999,0.0035999999999999
celeba,noniid,20,107,10,14,0.9128,0.0013999999999999,0.525635407537248,-0.0225322466211894,0.9783123137673104,-0.0059257904884496,0.8701962970858821,-0.0054395775594876,0.2194179892539978,0.0418537855148315,0.7455222222222222,0.0153888888888888,0.924794,-0.013572,0.0013999999999999
celeba,noniid,20,107,10,15,0.9128,0.0045999999999999,0.525635407537248,-0.0277669267503537,0.9783123137673104,-0.0032584524156997,0.8701962970858821,-0.0071090047393365,0.2194179892539978,0.0529623925685882,0.7455222222222222,-0.0327222222222223,0.924794,-0.019148,0.0045999999999999
celeba,noniid,20,107,10,16,0.9128,0.0013999999999999,0.525635407537248,-0.0304321807884048,0.9783123137673104,0.0005441689980409,0.8701962970858821,0.0005493694550584,0.2194179892539978,0.0352210104465484,0.7455222222222222,-0.0200666666666666,0.924794,-0.0157079999999999,0.0013999999999999
celeba,noniid,20,107,10,17,0.9128,0.0013999999999999,0.525635407537248,-0.0339432626405005,0.9783123137673104,0.0013442295418917,0.8701962970858821,-0.0028124436281342,0.2194179892539978,0.0432995855808258,0.7455222222222222,0.007111111111111,0.924794,-0.0161999999999999,0.0013999999999999
celeba,noniid,20,107,10,18,0.9128,0.0019999999999998,0.525635407537248,-0.0343118915404858,0.9783123137673104,0.0017019420135511,0.8701962970858821,-0.0004427753816886,0.2194179892539978,0.0457919836044311,0.7455222222222222,-0.006077777777778,0.924794,-0.0128019999999999,0.0019999999999998
celeba,noniid,20,107,10,19,0.9128,0.0049999999999998,0.525635407537248,-0.0161138764460082,0.9783123137673104,-0.0077253685867773,0.8701962970858821,-0.0079978353203561,0.2194179892539978,0.0364060401916503,0.7455222222222222,-0.0557666666666667,0.924794,-0.0132259999999999,0.0049999999999998
celeba,noniid,20,123,1,0,0.5334,0.0,1.0,0.0,1.0,0.0,1.0,0.0,0.813694417476654,-0.0527290701866149,0.9241555555555554,-0.0048000000000001,1.0,0.0,0.0
celeba,noniid,20,123,1,1,0.5334,0.0,1.0,0.0,1.0,0.0,1.0,0.0,0.813694417476654,-0.0490577816963195,0.9241555555555554,-0.018488888888889,1.0,0.0,0.0
celeba,noniid,20,123,1,2,0.5334,0.0,1.0,0.0,1.0,0.0,1.0,0.0,0.813694417476654,-0.0748352408409118,0.9241555555555554,-0.016377777777778,1.0,0.0,0.0
celeba,noniid,20,123,1,3,0.5334,0.0,1.0,0.0,1.0,0.0,1.0,0.0,0.813694417476654,-0.0477355122566223,0.9241555555555554,0.0024555555555554,1.0,0.0,0.0
celeba,noniid,20,123,1,4,0.5334,0.0,1.0,0.0,1.0,0.0,1.0,0.0,0.813694417476654,-0.0757708549499511,0.9241555555555554,0.0163777777777776,1.0,0.0,0.0
celeba,noniid,20,123,1,5,0.5334,0.0,1.0,0.0,1.0,0.0,1.0,0.0,0.813694417476654,-0.0574606657028198,0.9241555555555554,0.0107999999999999,1.0,0.0,0.0
celeba,noniid,20,123,1,6,0.5334,0.0,1.0,0.0,1.0,0.0,1.0,0.0,0.813694417476654,-0.0311082601547241,0.9241555555555554,-0.0106444444444446,1.0,0.0,0.0
celeba,noniid,20,123,1,7,0.5334,0.0,1.0,0.0,1.0,0.0,1.0,0.0,0.813694417476654,-0.0718924403190612,0.9241555555555554,-0.0212666666666667,1.0,0.0,0.0
celeba,noniid,20,123,1,8,0.5334,0.0,1.0,0.0,1.0,0.0,1.0,0.0,0.813694417476654,-0.0784814357757568,0.9241555555555554,0.0080444444444442,1.0,0.0,0.0
celeba,noniid,20,123,1,9,0.5334,0.0,1.0,0.0,1.0,0.0,1.0,0.0,0.813694417476654,-0.0350188612937927,0.9241555555555554,0.0009999999999998,1.0,0.0,0.0
celeba,noniid,20,123,1,10,0.5334,0.0,1.0,0.0,1.0,0.0,1.0,0.0,0.813694417476654,-0.0747939944267273,0.9241555555555554,0.021511111111111,1.0,0.0,0.0
celeba,noniid,20,123,1,11,0.5334,0.0,1.0,0.0,1.0,0.0,1.0,0.0,0.813694417476654,-0.0041069984436035,0.9241555555555554,0.0040888888888888,1.0,0.0,0.0
celeba,noniid,20,123,1,12,0.5334,0.0,1.0,0.0,1.0,0.0,1.0,0.0,0.813694417476654,-0.06027752161026,0.9241555555555554,0.0038444444444443,1.0,0.0,0.0
celeba,noniid,20,123,1,13,0.5334,0.0,1.0,0.0,1.0,0.0,1.0,0.0,0.813694417476654,-0.0587003827095031,0.9241555555555554,0.0019999999999997,1.0,0.0,0.0
celeba,noniid,20,123,1,14,0.5334,0.0,1.0,0.0,1.0,0.0,1.0,0.0,0.813694417476654,-0.0346294641494751,0.9241555555555554,0.0434888888888886,1.0,0.0,0.0
celeba,noniid,20,123,1,15,0.5334,0.0,1.0,0.0,1.0,0.0,1.0,0.0,0.813694417476654,-0.052142858505249,0.9241555555555554,-0.002666666666667,1.0,0.0,0.0
celeba,noniid,20,123,1,16,0.5334,0.0,1.0,0.0,1.0,0.0,1.0,0.0,0.813694417476654,-0.068139374256134,0.9241555555555554,0.0007111111111108,1.0,0.0,0.0
celeba,noniid,20,123,1,17,0.5334,0.0,1.0,0.0,1.0,0.0,1.0,0.0,0.813694417476654,-0.0659990310668945,0.9241555555555554,-0.0062222222222223,1.0,0.0,0.0
celeba,noniid,20,123,1,18,0.5334,0.0,1.0,0.0,1.0,0.0,1.0,0.0,0.813694417476654,-0.0821646451950073,0.9241555555555554,0.0139777777777776,1.0,0.0,0.0
celeba,noniid,20,123,1,19,0.5334,0.0,1.0,0.0,1.0,0.0,1.0,0.0,0.813694417476654,-0.0179152488708496,0.9241555555555554,-0.0130555555555555,1.0,0.0,0.0
celeba,noniid,20,123,2,0,0.7886,0.2131999999999999,0.7162025316455696,-0.2123441211466608,0.8952529668952276,-0.0585497795971678,0.8210360706378189,-0.1247491157949219,0.4272004961967468,0.1917672753334045,0.8274666666666666,-0.0317333333333333,0.950334,-0.03576,0.2131999999999999
celeba,noniid,20,123,2,1,0.7886,0.2333999999999999,0.7162025316455696,-0.2418619844834626,0.8952529668952276,-0.0755365834560294,0.8210360706378189,-0.1463717810211182,0.4272004961967468,0.2233443260192871,0.8274666666666666,-0.0648666666666666,0.950334,-0.040088,0.2333999999999999
celeba,noniid,20,123,2,2,0.7886,0.1463999999999999,0.7162025316455696,-0.1284849683544304,0.8952529668952276,-0.0053580084803624,0.8210360706378189,-0.0557823520471247,0.4272004961967468,0.1413828730583191,0.8274666666666666,0.0218666666666664,0.950334,-0.0236579999999999,0.1463999999999999
celeba,noniid,20,123,2,3,0.7886,0.2211999999999999,0.7162025316455696,-0.22710732750936,0.8952529668952276,-0.0656022330994754,0.8210360706378189,-0.1335891126729899,0.4272004961967468,0.2021496295928955,0.8274666666666666,-0.0174222222222224,0.950334,-0.0367499999999999,0.2211999999999999
celeba,noniid,20,123,2,4,0.7886,0.1684,0.7162025316455696,-0.161355116941634,0.8952529668952276,-0.0252349857496287,0.8210360706378189,-0.0805031239858855,0.4272004961967468,0.1583769917488098,0.8274666666666666,-0.0096888888888888,0.950334,-0.0286359999999999,0.1684
celeba,noniid,20,123,2,5,0.7886,0.1936,0.7162025316455696,-0.1871855931447692,0.8952529668952276,-0.0396299860475846,0.8210360706378189,-0.1016944696618044,0.4272004961967468,0.1743462085723877,0.8274666666666666,-0.0364666666666666,0.950334,-0.0316739999999999,0.1936
celeba,noniid,20,123,2,6,0.7886,0.2221999999999999,0.7162025316455696,-0.2261322081575246,0.8952529668952276,-0.0643115041666214,0.8210360706378189,-0.1328455999244163,0.4272004961967468,0.2127040028572082,0.8274666666666666,-0.0038222222222223,0.950334,-0.0371399999999999,0.2221999999999999
celeba,noniid,20,123,2,7,0.7886,0.2071999999999999,0.7162025316455696,-0.2022347541666305,0.8952529668952276,-0.0518122490566757,0.8210360706378189,-0.1168867765641495,0.4272004961967468,0.1836699843406677,0.8274666666666666,-0.0587555555555556,0.950334,-0.0347779999999999,0.2071999999999999
celeba,noniid,20,123,2,8,0.7886,0.2308,0.7162025316455696,-0.2394959320914793,0.8952529668952276,-0.0723273488057305,0.8210360706378189,-0.1427182990400058,0.4272004961967468,0.2196365594863891,0.8274666666666666,-0.0512111111111113,0.950334,-0.0397079999999999,0.2308
celeba,noniid,20,123,2,9,0.7886,0.2243999999999999,0.7162025316455696,-0.2290658299363512,0.8952529668952276,-0.0688093986107348,0.8210360706378189,-0.1374537358434762,0.4272004961967468,0.2051642537117004,0.8274666666666666,0.0188666666666663,0.950334,-0.0374499999999999,0.2243999999999999
celeba,noniid,20,123,2,10,0.7886,0.2283999999999999,0.7162025316455696,-0.2344191379814286,0.8952529668952276,-0.0704047048102064,0.8210360706378189,-0.140230612186215,0.4272004961967468,0.2117170095443725,0.8274666666666666,-0.066688888888889,0.950334,-0.0374099999999999,0.2283999999999999
celeba,noniid,20,123,2,11,0.7886,0.2288,0.7162025316455696,-0.2354161094074365,0.8952529668952276,-0.0710469655680741,0.8210360706378189,-0.1409190803445626,0.4272004961967468,0.2323184609413147,0.8274666666666666,-0.0404000000000002,0.950334,-0.038448,0.2288
celeba,noniid,20,123,2,12,0.7886,0.1657999999999999,0.7162025316455696,-0.1598492482897054,0.8952529668952276,-0.0220257510993298,0.8210360706378189,-0.0768496420047732,0.4272004961967468,0.1570271849632263,0.8274666666666666,-0.0152444444444446,0.950334,-0.0271799999999999,0.1657999999999999
celeba,noniid,20,123,2,13,0.7886,0.2077999999999999,0.7162025316455696,-0.2015493532070692,0.8952529668952276,-0.0518101799176361,0.8210360706378189,-0.1170979177535235,0.4272004961967468,0.1852495074272155,0.8274666666666666,-0.0448000000000001,0.950334,-0.035026,0.2077999999999999
celeba,noniid,20,123,2,14,0.7886,0.1991999999999999,0.7162025316455696,-0.1951341857825184,0.8952529668952276,-0.0466907161060503,0.8210360706378189,-0.1096899017823767,0.4272004961967468,0.1876921653747558,0.8274666666666666,-0.0578888888888888,0.950334,-0.033366,0.1991999999999999
celeba,noniid,20,123,2,15,0.7886,0.2131999999999999,0.7162025316455696,-0.2105171365189655,0.8952529668952276,-0.0575843193213267,0.8210360706378189,-0.1239275547467743,0.4272004961967468,0.1985548734664917,0.8274666666666666,-0.0206222222222223,0.950334,-0.0346959999999999,0.2131999999999999
celeba,noniid,20,123,2,16,0.7886,0.1647999999999999,0.7162025316455696,-0.1543288693206139,0.8952529668952276,-0.0223510197563425,0.8210360706378189,-0.0767715937051992,0.4272004961967468,0.1545082330703735,0.8274666666666666,0.0189222222222222,0.950334,-0.026738,0.1647999999999999
celeba,noniid,20,123,2,17,0.7886,0.1879999999999999,0.7162025316455696,-0.1812675083011681,0.8952529668952276,-0.0383620176441654,0.8210360706378189,-0.0986284038301176,0.4272004961967468,0.1686878204345703,0.8274666666666666,-0.0607555555555556,0.950334,-0.0305819999999999,0.1879999999999999
celeba,noniid,20,123,2,18,0.7886,0.2138,0.7162025316455696,-0.2098002346061593,0.8952529668952276,-0.0575822501822873,0.8210360706378189,-0.1241386959361482,0.4272004961967468,0.1913909316062927,0.8274666666666666,-0.0726666666666666,0.950334,-0.034918,0.2138
celeba,noniid,20,123,2,19,0.7886,0.2236,0.7162025316455696,-0.2300872210046071,0.8952529668952276,-0.0655939565433172,0.8210360706378189,-0.1344336774304856,0.4272004961967468,0.2279105186462402,0.8274666666666666,-0.0085666666666668,0.950334,-0.0373019999999999,0.2236
celeba,noniid,20,123,3,0,0.8916,0.0445999999999999,0.5824348607367476,-0.0713474489620904,0.9536848906717234,0.0289493157033323,0.8414296805359864,0.0167738119200292,0.2716369032859802,0.1024142801761627,0.7451444444444446,-0.0799333333333334,0.915344,-0.0088639999999999,0.0445999999999999
celeba,noniid,20,123,3,1,0.8916,0.0613999999999999,0.5824348607367476,-0.0950543167524299,0.9536848906717234,0.0376035286994582,0.8414296805359864,0.0183659972313392,0.2716369032859802,0.1097204983234405,0.7451444444444446,-0.0810555555555554,0.915344,-0.0025999999999999,0.0613999999999999
celeba,noniid,20,123,3,2,0.8916,0.0171999999999999,0.5824348607367476,-0.0347526392632524,0.9536848906717234,0.0135521106028521,0.8414296805359864,0.0126898319496875,0.2716369032859802,0.065547376871109,0.7451444444444446,-0.0761999999999998,0.915344,-0.0128059999999999,0.0171999999999999
celeba,noniid,20,123,3,3,0.8916,0.0393999999999999,0.5824348607367476,-0.0688157291641491,0.9536848906717234,0.0244326776272608,0.8414296805359864,0.0147774185730306,0.2716369032859802,0.0993594527244567,0.7451444444444446,-0.1096444444444442,0.915344,-0.0090759999999999,0.0393999999999999
celeba,noniid,20,123,3,4,0.8916,0.0235999999999999,0.5824348607367476,-0.0484376224847289,0.9536848906717234,0.013222250824958,0.8414296805359864,0.0112208807955996,0.2716369032859802,0.0752703249454498,0.7451444444444446,0.0044777777777778,0.915344,-0.0168279999999999,0.0235999999999999
celeba,noniid,20,123,3,5,0.8916,0.0303999999999999,0.5824348607367476,-0.0582851018625979,0.9536848906717234,0.0197393105158383,0.8414296805359864,0.0142590135516494,0.2716369032859802,0.0897342562675476,0.7451444444444446,0.0020222222222223,0.915344,-0.0062259999999999,0.0303999999999999
celeba,noniid,20,123,3,6,0.8916,0.0491999999999999,0.5824348607367476,-0.0735556493462892,0.9536848906717234,0.0381860271863847,0.8414296805359864,0.0232222445869396,0.2716369032859802,0.0935797393321991,0.7451444444444446,-0.1000444444444443,0.915344,0.003334,0.0491999999999999
celeba,noniid,20,123,3,7,0.8916,0.0413999999999999,0.5824348607367476,-0.06880480868474,0.9536848906717234,0.0267285534043349,0.8414296805359864,0.0152867864228821,0.2716369032859802,0.1009389162063598,0.7451444444444446,-0.1146333333333333,0.915344,-0.0058859999999999,0.0413999999999999
celeba,noniid,20,123,3,8,0.8916,0.0515999999999999,0.5824348607367476,-0.0847079964061096,0.9536848906717234,0.0370133781290276,0.8414296805359864,0.0215561187812963,0.2716369032859802,0.1032570004463195,0.7451444444444446,-0.1163666666666665,0.915344,-0.0012039999999999,0.0515999999999999
celeba,noniid,20,123,3,9,0.8916,0.0529999999999999,0.5824348607367476,-0.082087417080741,0.9536848906717234,0.0344854632162984,0.8414296805359864,0.0177695439103842,0.2716369032859802,0.1052081286907196,0.7451444444444446,-0.0213555555555551,0.915344,-0.0045699999999999,0.0529999999999999
celeba,noniid,20,123,3,10,0.8916,0.0559999999999999,0.5824348607367476,-0.0795302360837162,0.9536848906717234,0.0340258162335214,0.8414296805359864,0.0172692132320622,0.2716369032859802,0.1068378388881683,0.7451444444444446,-0.1035222222222218,0.915344,0.00017,0.0559999999999999
celeba,noniid,20,123,3,11,0.8916,0.0457999999999999,0.5824348607367476,-0.0869944549156322,0.9536848906717234,0.0333565352875374,0.8414296805359864,0.0203032381828712,0.2716369032859802,0.0784752964973449,0.7451444444444446,-0.0993999999999999,0.915344,-0.000892,0.0457999999999999
celeba,noniid,20,123,3,12,0.8916,0.0305999999999999,0.5824348607367476,-0.0646102221878027,0.9536848906717234,0.0236986614849066,0.8414296805359864,0.0177563989336138,0.2716369032859802,0.084838718175888,0.7451444444444446,-0.0711555555555552,0.915344,-0.0112979999999999,0.0305999999999999
celeba,noniid,20,123,3,13,0.8916,0.0355999999999999,0.5824348607367476,-0.0606398990476442,0.9536848906717234,0.0225157555264455,0.8414296805359864,0.0145021956219011,0.2716369032859802,0.09851536154747,0.7451444444444446,-0.0420444444444443,0.915344,-0.0096219999999999,0.0355999999999999
celeba,noniid,20,123,3,14,0.8916,0.0395999999999999,0.5824348607367476,-0.0713569433141239,0.9536848906717234,0.0321740348422133,0.8414296805359864,0.0218272339271851,0.2716369032859802,0.085615336894989,0.7451444444444446,-0.1142444444444443,0.915344,0.000462,0.0395999999999999
celeba,noniid,20,123,3,15,0.8916,0.0517999999999999,0.5824348607367476,-0.0825627549046449,0.9536848906717234,0.0314463061262505,0.8414296805359864,0.0165487041928368,0.2716369032859802,0.1014974117279052,0.7451444444444446,-0.0419333333333331,0.915344,-0.0019039999999999,0.0517999999999999
celeba,noniid,20,123,3,16,0.8916,0.0219999999999999,0.5824348607367476,-0.0453108040031369,0.9536848906717234,0.0142210688714573,0.8414296805359864,0.012753913711443,0.2716369032859802,0.0779131948947906,0.7451444444444446,-0.0452666666666663,0.915344,-0.0087339999999999,0.0219999999999999
celeba,noniid,20,123,3,17,0.8916,0.0223999999999999,0.5824348607367476,-0.0471432570193952,0.9536848906717234,0.0147668795094353,0.8414296805359864,0.0125978171122951,0.2716369032859802,0.0833452939987182,0.7451444444444446,-0.1128444444444443,0.915344,-0.014104,0.0223999999999999
celeba,noniid,20,123,3,18,0.8916,0.0349999999999999,0.5824348607367476,-0.0630665450739366,0.9536848906717234,0.0239933490151519,0.8414296805359864,0.0130472110056317,0.2716369032859802,0.0937210023403167,0.7451444444444446,-0.1232222222222221,0.915344,-0.0119819999999999,0.0349999999999999
celeba,noniid,20,123,3,19,0.8916,0.0465999999999999,0.5824348607367476,-0.0842318059299191,0.9536848906717234,0.0327061193541141,0.8414296805359864,0.0194816771347237,0.2716369032859802,0.0810554325580596,0.7451444444444446,-0.0628222222222221,0.915344,0.00345,0.0465999999999999
celeba,noniid,20,123,4,0,0.9,0.02,0.6003552397868561,-0.0385399896128243,0.9677201576629678,0.0253125691569701,0.8518388590160163,0.0187710268280759,0.2425634562969207,0.0675404369831085,0.7352444444444444,-0.0597555555555555,0.931498,-0.0004219999999999,0.02
celeba,noniid,20,123,4,1,0.9,0.0292,0.6003552397868561,-0.0596863594736014,0.9677201576629678,0.0353410371406035,0.8518388590160163,0.0294233873783575,0.2425634562969207,0.0745703279972076,0.7352444444444444,0.0533222222222222,0.931498,0.007242,0.0292
celeba,noniid,20,123,4,2,0.9,0.008,0.6003552397868561,-0.0090337988474655,0.9677201576629678,0.0110402869886182,0.8518388590160163,0.0087200489650384,0.2425634562969207,0.0415747165679931,0.7352444444444444,-0.0450222222222223,0.931498,0.00045,0.008
celeba,noniid,20,123,4,3,0.9,0.0193999999999999,0.6003552397868561,-0.0310915881455948,0.9677201576629678,0.0268562594762354,0.8518388590160163,0.0210245687831448,0.2425634562969207,0.0664168000221252,0.7352444444444444,0.0056333333333331,0.931498,0.004258,0.0193999999999999
celeba,noniid,20,123,4,4,0.9,0.0088,0.6003552397868561,-0.0059439728115691,0.9677201576629678,0.0136176065762471,0.8518388590160163,0.0106293568409334,0.2425634562969207,0.0480026602745056,0.7352444444444444,-0.0077111111111112,0.931498,0.0013859999999999,0.0088
celeba,noniid,20,123,4,5,0.9,0.0181999999999999,0.6003552397868561,-0.034786054652524,0.9677201576629678,0.0217798922274928,0.8518388590160163,0.0164073956925553,0.2425634562969207,0.063817948102951,0.7352444444444444,-0.0486000000000002,0.931498,-0.0006279999999999,0.0181999999999999
celeba,noniid,20,123,4,6,0.9,0.024,0.6003552397868561,-0.0463801554021472,0.9677201576629678,0.0306147474385843,0.8518388590160163,0.0239756160680909,0.2425634562969207,0.0616790950298309,0.7352444444444444,-0.0767777777777778,0.931498,0.007014,0.024
celeba,noniid,20,123,4,7,0.9,0.023,0.6003552397868561,-0.0335794484981404,0.9677201576629678,0.0281491789287313,0.8518388590160163,0.0208454684746486,0.2425634562969207,0.0700702369213104,0.7352444444444444,-0.0681,0.931498,0.006166,0.023
celeba,noniid,20,123,4,8,0.9,0.0266,0.6003552397868561,-0.0463527207545524,0.9677201576629678,0.0325539445464246,0.8518388590160163,0.0247741734068903,0.2425634562969207,0.0708722472190857,0.7352444444444444,-0.0217333333333333,0.931498,0.008198,0.0266
celeba,noniid,20,123,4,9,0.9,0.0282,0.6003552397868561,-0.0494260174086309,0.9677201576629678,0.0328111655915174,0.8518388590160163,0.025150448366942,0.2425634562969207,0.074024349451065,0.7352444444444444,-0.0586222222222223,0.931498,0.008756,0.0282
celeba,noniid,20,123,4,10,0.9,0.0296,0.6003552397868561,-0.0468932059879538,0.9677201576629678,0.0334596337665037,0.8518388590160163,0.0252054929571678,0.2425634562969207,0.0739988386631012,0.7352444444444444,0.0145111111111111,0.931498,0.008368,0.0296
celeba,noniid,20,123,4,11,0.9,0.0211999999999999,0.6003552397868561,-0.0447986940785942,0.9677201576629678,0.026112471955187,0.8518388590160163,0.0212127062631706,0.2425634562969207,0.0472634434700012,0.7352444444444444,-0.0050888888888891,0.931498,0.00555,0.0211999999999999
celeba,noniid,20,123,4,12,0.9,0.0173999999999999,0.6003552397868561,-0.0350353318369197,0.9677201576629678,0.021883488129713,0.8518388590160163,0.0153196488648079,0.2425634562969207,0.061822086572647,0.7352444444444444,-0.0917333333333334,0.931498,-0.0047539999999999,0.0173999999999999
celeba,noniid,20,123,4,13,0.9,0.0168,0.6003552397868561,-0.0248433981246081,0.9677201576629678,0.0193407370027437,0.8518388590160163,0.0133783001080353,0.2425634562969207,0.06551194190979,0.7352444444444444,-0.0558888888888891,0.931498,-0.0029439999999999,0.0168
celeba,noniid,20,123,4,14,0.9,0.0196,0.6003552397868561,-0.0385146622409406,0.9677201576629678,0.0271855450307249,0.8518388590160163,0.0212357099725187,0.2425634562969207,0.0558013021945953,0.7352444444444444,-0.0406444444444444,0.931498,0.005854,0.0196
celeba,noniid,20,123,4,15,0.9,0.0253999999999999,0.6003552397868561,-0.0438446685120892,0.9677201576629678,0.0315843459925045,0.8518388590160163,0.0243748947374906,0.2425634562969207,0.0695017874240875,0.7352444444444444,0.0086444444444444,0.931498,0.005504,0.0253999999999999
celeba,noniid,20,123,4,16,0.9,0.012,0.6003552397868561,-0.0198664295187308,0.9677201576629678,0.0131462611420037,0.8518388590160163,0.0105373420035409,0.2425634562969207,0.0541701018810272,0.7352444444444444,0.0148888888888889,0.931498,-0.0002639999999999,0.012
celeba,noniid,20,123,4,17,0.9,0.0106,0.6003552397868561,-0.012758775535361,0.9677201576629678,0.0173952110971824,0.8518388590160163,0.0139246382050534,0.2425634562969207,0.055705726146698,0.7352444444444444,-0.0821888888888888,0.931498,-0.0030899999999999,0.0106
celeba,noniid,20,123,4,18,0.9,0.0181999999999999,0.6003552397868561,-0.0261809459209272,0.9677201576629678,0.0247260625573879,0.8518388590160163,0.0181836106786504,0.2425634562969207,0.064382255077362,0.7352444444444444,-0.0155333333333336,0.931498,0.001012,0.0181999999999999
celeba,noniid,20,123,4,19,0.9,0.0208,0.6003552397868561,-0.0459389449337823,0.9677201576629678,0.0269244284687579,0.8518388590160163,0.0198587736558234,0.2425634562969207,0.0470781028270721,0.7352444444444444,-0.0211777777777779,0.931498,0.007484,0.0208
celeba,noniid,20,123,5,0,0.9094,0.0173999999999999,0.58722087110325,-0.0275055418668017,0.9730296417398724,0.0180663214439252,0.8428107246579226,0.0077054210705762,0.2360927313566208,0.0563285201787948,0.7770888888888889,-0.0886444444444443,0.905732,0.0017819999999999,0.0173999999999999
celeba,noniid,20,123,5,1,0.9094,0.0247999999999999,0.58722087110325,-0.0483377120030169,0.9730296417398724,0.0247325157586356,0.8428107246579226,0.0114640628658515,0.2360927313566208,0.0588975995779037,0.7770888888888889,-0.0113,0.905732,0.00607,0.0247999999999999
celeba,noniid,20,123,5,2,0.9094,0.0091999999999999,0.58722087110325,-0.0067724548144363,0.9730296417398724,0.0066266321498579,0.8428107246579226,-0.0005603046348365,0.2360927313566208,0.0334666222333908,0.7770888888888889,-0.0130444444444444,0.905732,-0.0025779999999999,0.0091999999999999
celeba,noniid,20,123,5,3,0.9094,0.0171999999999999,0.58722087110325,-0.0250515496654619,0.9730296417398724,0.0180520802318535,0.8428107246579226,0.0077604656608021,0.2360927313566208,0.0546198040246963,0.7770888888888889,-0.0912555555555554,0.905732,0.002696,0.0171999999999999
celeba,noniid,20,123,5,4,0.9094,0.0105999999999999,0.58722087110325,-0.006105046583068,0.9730296417398724,0.0085038173297048,0.8428107246579226,0.0034694523063273,0.2360927313566208,0.0385816544294357,0.7770888888888889,-0.0274666666666665,0.905732,0.003178,0.0105999999999999
celeba,noniid,20,123,5,5,0.9094,0.016,0.58722087110325,-0.0229068456791832,0.9730296417398724,0.0172725046822245,0.8428107246579226,0.0053417899350556,0.2360927313566208,0.0536321848630905,0.7770888888888889,0.0310888888888889,0.905732,-0.0017899999999999,0.016
celeba,noniid,20,123,5,6,0.9094,0.0191999999999999,0.58722087110325,-0.0342238241563436,0.9730296417398724,0.0220136217205638,0.8428107246579226,0.0089583016690013,0.2360927313566208,0.0485938340425491,0.7770888888888889,-0.0164444444444444,0.905732,0.0028479999999999,0.0191999999999999
celeba,noniid,20,123,5,7,0.9094,0.019,0.58722087110325,-0.0221013536209111,0.9730296417398724,0.0218703392499645,0.8428107246579226,0.0111017544436183,0.2360927313566208,0.0560148805379867,0.7770888888888889,-0.0122666666666666,0.905732,0.0032719999999999,0.019
celeba,noniid,20,123,5,8,0.9094,0.0218,0.58722087110325,-0.0364764555845614,0.9730296417398724,0.022855078929423,0.8428107246579226,0.0114550256943218,0.2360927313566208,0.0579301267862319,0.7770888888888889,-0.0695777777777777,0.905732,0.0063619999999999,0.0218
celeba,noniid,20,123,5,9,0.9094,0.0245999999999999,0.58722087110325,-0.0397938848558873,0.9730296417398724,0.0248147246664535,0.8428107246579226,0.0120974864339733,0.2360927313566208,0.0617995113134384,0.7770888888888889,-0.0055555555555553,0.905732,0.0046699999999999,0.0245999999999999
celeba,noniid,20,123,5,10,0.9094,0.0247999999999999,0.58722087110325,-0.0410715902954783,0.9730296417398724,0.0257183032830645,0.8428107246579226,0.0123086276233472,0.2360927313566208,0.0596093386411666,0.7770888888888889,-0.0672777777777777,0.905732,0.0034299999999999,0.0247999999999999
celeba,noniid,20,123,5,11,0.9094,0.0168,0.58722087110325,-0.0288365408725292,0.9730296417398724,0.0182172025294161,0.8428107246579226,0.0092934985766455,0.2360927313566208,0.0314617604017257,0.7770888888888889,-0.0106999999999999,0.905732,0.0080719999999999,0.0168
celeba,noniid,20,123,5,12,0.9094,0.0155999999999999,0.58722087110325,-0.0215723096953143,0.9730296417398724,0.0174300253419711,0.8428107246579226,0.0078064730794984,0.2360927313566208,0.0506417900323867,0.7770888888888889,-0.0185222222222221,0.905732,-0.003036,0.0155999999999999
celeba,noniid,20,123,5,13,0.9094,0.014,0.58722087110325,-0.0139855632131038,0.9730296417398724,0.0149511865717671,0.8428107246579226,0.0011699029325622,0.2360927313566208,0.0519273728132247,0.7770888888888889,-0.0525777777777778,0.905732,-0.004982,0.014
celeba,noniid,20,123,5,14,0.9094,0.0155999999999999,0.58722087110325,-0.030854930646021,0.9730296417398724,0.0176952801820171,0.8428107246579226,0.0087611270174459,0.2360927313566208,0.0433451980352401,0.7770888888888889,-0.0423777777777778,0.905732,0.0032639999999999,0.0155999999999999
celeba,noniid,20,123,5,15,0.9094,0.0185999999999999,0.58722087110325,-0.033352104308435,0.9730296417398724,0.0199810530250986,0.8428107246579226,0.0089032570787754,0.2360927313566208,0.0551696568727493,0.7770888888888889,-0.0051777777777777,0.905732,0.0031099999999999,0.0185999999999999
celeba,noniid,20,123,5,16,0.9094,0.0145999999999999,0.58722087110325,-0.0259570760056697,0.9730296417398724,0.0179746578764565,0.8428107246579226,0.0057090277235776,0.2360927313566208,0.0447302013635635,0.7770888888888889,0.0003333333333335,0.905732,-0.006488,0.0145999999999999
celeba,noniid,20,123,5,17,0.9094,0.0118,0.58722087110325,-0.0097008331126767,0.9730296417398724,0.0115059135510769,0.8428107246579226,0.0019364193904839,0.2360927313566208,0.046888843178749,0.7770888888888889,-0.0266888888888889,0.905732,-0.0023459999999999,0.0118
celeba,noniid,20,123,5,18,0.9094,0.0148,0.58722087110325,-0.0223650874926095,0.9730296417398724,0.0192527795562168,0.8428107246579226,0.0109366206729406,0.2360927313566208,0.0534479767084121,0.7770888888888889,-0.0412444444444441,0.905732,-0.00248,0.0148
celeba,noniid,20,123,5,19,0.9094,0.0175999999999999,0.58722087110325,-0.03870755563544,0.9730296417398724,0.0204758960572122,0.8428107246579226,0.0074942798812023,0.2360927313566208,0.0346148759126663,0.7770888888888889,0.0029444444444446,0.905732,0.004946,0.0175999999999999
celeba,noniid,20,123,6,0,0.9078,0.0114,0.5947136563876652,-0.0128671685844641,0.9720072135928202,0.0091370023128855,0.8468725224799643,0.0051536524550299,0.2307320088148117,0.0515558868646621,0.8072111111111111,0.0028111111111113,0.93514,0.014298,0.0114
celeba,noniid,20,123,6,1,0.9078,0.0166,0.5947136563876652,-0.0312422590419345,0.9720072135928202,0.0190111406717194,0.8468725224799643,0.0146081769971122,0.2307320088148117,0.0545024126768112,0.8072111111111111,-0.0691999999999999,0.93514,0.0199159999999999,0.0166
celeba,noniid,20,123,6,2,0.9078,0.0068,0.5947136563876652,-0.0009038734928129,0.9720072135928202,0.0015754229986241,0.8468725224799643,0.0032813148263015,0.2307320088148117,0.0309759825468063,0.8072111111111111,0.0263666666666666,0.93514,0.013132,0.0068
celeba,noniid,20,123,6,3,0.9078,0.011,0.5947136563876652,-0.0151348284608197,0.9720072135928202,0.0086441070392089,0.8468725224799643,0.0070629603309249,0.2307320088148117,0.0514077395200729,0.8072111111111111,-0.0799777777777777,0.93514,0.0179639999999999,0.011
celeba,noniid,20,123,6,4,0.9078,0.0076,0.5947136563876652,0.0051746492954665,0.9720072135928202,0.0051601184018603,0.8468725224799643,0.0053237155919965,0.2307320088148117,0.0376171618700027,0.8072111111111111,0.0122555555555556,0.93514,0.0155219999999999,0.0076
celeba,noniid,20,123,6,5,0.9078,0.0104,0.5947136563876652,-0.0125566379923527,0.9720072135928202,0.0058858905745653,0.8468725224799643,0.0034784894778568,0.2307320088148117,0.0498224943876266,0.8072111111111111,-0.0302111111111111,0.93514,0.0111259999999999,0.0104
celeba,noniid,20,123,6,6,0.9078,0.0134,0.5947136563876652,-0.0215134334648158,0.9720072135928202,0.0136874214285915,0.8468725224799643,0.0111247581529665,0.2307320088148117,0.0445319563150405,0.8072111111111111,0.0110333333333332,0.93514,0.0148699999999999,0.0134
celeba,noniid,20,123,6,7,0.9078,0.0126,0.5947136563876652,-0.0143995890892166,0.9720072135928202,0.0112174097293611,0.8468725224799643,0.0086830787178718,0.2307320088148117,0.0529770702123642,0.8072111111111111,-0.039988888888889,0.93514,0.014328,0.0126
celeba,noniid,20,123,6,8,0.9078,0.0138,0.5947136563876652,-0.0239817033971364,0.9720072135928202,0.0131118140619466,0.8468725224799643,0.0098579110167229,0.2307320088148117,0.0549459606409072,0.8072111111111111,-0.0834777777777777,0.93514,0.018776,0.0138
celeba,noniid,20,123,6,9,0.9078,0.0154,0.5947136563876652,-0.0201542343422944,0.9720072135928202,0.0157755607516464,0.8468725224799643,0.0108355686640185,0.2307320088148117,0.0544717460870742,0.8072111111111111,-0.0481111111111109,0.93514,0.015448,0.0154
celeba,noniid,20,123,6,10,0.9078,0.015,0.5947136563876652,-0.0221359963123124,0.9720072135928202,0.0128710247485676,0.8468725224799643,0.0085039784093756,0.2307320088148117,0.0518636852502822,0.8072111111111111,-0.0438111111111112,0.93514,0.02171,0.015
celeba,noniid,20,123,6,11,0.9078,0.01,0.5947136563876652,-0.0144075894410333,0.9720072135928202,0.007777316966484,0.8468725224799643,0.0072971052296468,0.2307320088148117,0.0256250649690628,0.8072111111111111,-0.0376333333333334,0.93514,0.0203039999999999,0.01
celeba,noniid,20,123,6,12,0.9078,0.0102,0.5947136563876652,-0.0102218705131796,0.9720072135928202,0.0061775586997152,0.8468725224799643,0.0045341954247265,0.2307320088148117,0.0476023405790329,0.8072111111111111,-0.0056333333333333,0.93514,0.0105259999999999,0.0102
celeba,noniid,20,123,6,13,0.9078,0.0078,0.5947136563876652,-0.0038200027991821,0.9720072135928202,0.0041224752589443,0.8468725224799643,0.0007155796729365,0.2307320088148117,0.0494754463434219,0.8072111111111111,0.0594333333333334,0.93514,0.0138859999999999,0.0078
celeba,noniid,20,123,6,14,0.9078,0.0088,0.5947136563876652,-0.0189075321278033,0.9720072135928202,0.0080494452640709,0.8468725224799643,0.0066086370712992,0.2307320088148117,0.0374676436185836,0.8072111111111111,-0.0354777777777779,0.93514,0.0178139999999999,0.0088
celeba,noniid,20,123,6,15,0.9078,0.0144,0.5947136563876652,-0.01735338271848,0.9720072135928202,0.0097615496107839,0.8468725224799643,0.0073611869914024,0.2307320088148117,0.0524044781923294,0.8072111111111111,-0.0787111111111111,0.93514,0.01883,0.0144
celeba,noniid,20,123,6,16,0.9078,0.009,0.5947136563876652,-0.0102163902479111,0.9720072135928202,0.004537216963784,0.8468725224799643,0.0035565377774309,0.2307320088148117,0.0423074513673782,0.8072111111111111,0.0201666666666666,0.93514,0.010468,0.009
celeba,noniid,20,123,6,17,0.9078,0.0076,0.5947136563876652,-0.0025794432351438,0.9720072135928202,0.0029436157615445,0.8468725224799643,0.0027029358484056,0.2307320088148117,0.0433846563100814,0.8072111111111111,-0.0462000000000002,0.93514,0.0141979999999999,0.0076
celeba,noniid,20,123,6,18,0.9078,0.0102,0.5947136563876652,-0.01067850047508,0.9720072135928202,0.0045598057600271,0.8468725224799643,0.0044881880060303,0.2307320088148117,0.0484821051359176,0.8072111111111111,0.0316333333333331,0.93514,0.016432,0.0102
celeba,noniid,20,123,6,19,0.9078,0.011,0.5947136563876652,-0.0187860094621901,0.9720072135928202,0.0103798895018046,0.8468725224799643,0.0070859640402729,0.2307320088148117,0.0287248641252517,0.8072111111111111,-0.0375666666666665,0.93514,0.019564,0.011
celeba,noniid,20,123,7,0,0.9126,0.0167999999999999,0.568618881118881,-0.0403196663671525,0.9715311261037496,0.0145604397074398,0.8398958260590949,0.0051577602602704,0.2212831526994705,0.0548710972070694,0.8062222222222222,0.0001999999999999,0.922424,0.0072079999999999,0.0167999999999999
celeba,noniid,20,123,7,1,0.9126,0.0243999999999999,0.568618881118881,-0.058606721765951,0.9715311261037496,0.0240060687709283,0.8398958260590949,0.0110598548301628,0.2212831526994705,0.0591325908899307,0.8062222222222222,-0.0115777777777779,0.922424,0.0100759999999999,0.0243999999999999
celeba,noniid,20,123,7,2,0.9126,0.0093999999999999,0.568618881118881,-0.0314696928403749,0.9715311261037496,0.0041993648656064,0.8398958260590949,-0.0002670073406479,0.2212831526994705,0.0345139056444168,0.8062222222222222,0.0197777777777776,0.922424,0.004182,0.0093999999999999
celeba,noniid,20,123,7,3,0.9126,0.0141999999999999,0.568618881118881,-0.0398927053338818,0.9715311261037496,0.0114961925249722,0.8398958260590949,0.0012840999182547,0.2212831526994705,0.0528927892446517,0.8062222222222222,-0.0012444444444446,0.922424,0.006742,0.0141999999999999
celeba,noniid,20,123,7,4,0.9126,0.0087999999999999,0.568618881118881,-0.0264132767875283,0.9715311261037496,0.0037663650512186,0.8398958260590949,-5.586615127406436e-05,0.2212831526994705,0.0402028709650039,0.8062222222222222,-0.0276111111111112,0.922424,0.008944,0.0087999999999999
celeba,noniid,20,123,7,5,0.9126,0.015,0.568618881118881,-0.0374890100982389,0.9715311261037496,0.0070373067079715,0.8398958260590949,-6.983268909255269e-05,0.2212831526994705,0.0522558242082595,0.8062222222222222,0.0056444444444443,0.922424,0.0037719999999999,0.015
celeba,noniid,20,123,7,6,0.9126,0.0181999999999999,0.568618881118881,-0.0510679197759735,0.9715311261037496,0.0161649223765362,0.8398958260590949,0.0065667374578436,0.2212831526994705,0.0477028340101242,0.8062222222222222,-0.0012222222222222,0.922424,0.004298,0.0181999999999999
celeba,noniid,20,123,7,7,0.9126,0.0155999999999999,0.568618881118881,-0.0314701859040537,0.9715311261037496,0.0108143665793279,0.8398958260590949,0.0009398658390807,0.2212831526994705,0.0530136376619339,0.8062222222222222,0.1100444444444443,0.922424,0.01212,0.0155999999999999
celeba,noniid,20,123,7,8,0.9126,0.0203999999999999,0.568618881118881,-0.0490480103173968,0.9715311261037496,0.0187852083615851,0.8398958260590949,0.0079527109460685,0.2212831526994705,0.0580388754606246,0.8062222222222222,0.0410777777777779,0.922424,0.013492,0.0203999999999999
celeba,noniid,20,123,7,9,0.9126,0.0211999999999999,0.568618881118881,-0.0495629370629371,0.9715311261037496,0.0203412720506589,0.8398958260590949,0.0085080862146164,0.2212831526994705,0.0587878078222274,0.8062222222222222,-2.2222222222367805e-05,0.922424,0.00911,0.0211999999999999
celeba,noniid,20,123,7,10,0.9126,0.0215999999999999,0.568618881118881,-0.0526136874821085,0.9715311261037496,0.0220740174454187,0.8398958260590949,0.0076405177477724,0.2212831526994705,0.0591564923524856,0.8062222222222222,0.0343666666666664,0.922424,0.0117599999999999,0.0215999999999999
celeba,noniid,20,123,7,11,0.9126,0.0145999999999999,0.568618881118881,-0.0400961033186467,0.9715311261037496,0.0109073029868914,0.8398958260590949,0.0033495043932977,0.2212831526994705,0.0311766415834426,0.8062222222222222,0.0129333333333332,0.922424,0.0119679999999999,0.0145999999999999
celeba,noniid,20,123,7,12,0.9126,0.016,0.568618881118881,-0.0405611545317428,0.9715311261037496,0.0089621412231376,0.8398958260590949,0.0012290553280287,0.2212831526994705,0.0511606484651565,0.8062222222222222,0.0458333333333331,0.922424,0.002854,0.016
celeba,noniid,20,123,7,13,0.9126,0.0131999999999999,0.568618881118881,-0.0378327317843447,0.9715311261037496,0.0056342820477627,0.8398958260590949,-0.0018780885560654,0.2212831526994705,0.0519755333662033,0.8062222222222222,0.0792888888888889,0.922424,0.0028679999999999,0.0131999999999999
celeba,noniid,20,123,7,14,0.9126,0.0143999999999999,0.568618881118881,-0.0402798952993614,0.9715311261037496,0.0105943277835132,0.8398958260590949,0.0031383632039237,0.2212831526994705,0.0413400083780288,0.8062222222222222,0.0230111111111108,0.922424,0.012002,0.0143999999999999
celeba,noniid,20,123,7,15,0.9126,0.0167999999999999,0.568618881118881,-0.0406304486398321,0.9715311261037496,0.0122941475647521,0.8398958260590949,0.0032254486750273,0.2212831526994705,0.0535765439271926,0.8062222222222222,0.0594222222222222,0.922424,0.0118719999999999,0.0167999999999999
celeba,noniid,20,123,7,16,0.9126,0.0121999999999999,0.568618881118881,-0.0399220441480228,0.9715311261037496,0.0050732208044877,0.8398958260590949,-0.0034661660621347,0.2212831526994705,0.0450203865766525,0.8062222222222222,0.0070222222222222,0.922424,-0.0014079999999999,0.0121999999999999
celeba,noniid,20,123,7,17,0.9126,0.0095999999999999,0.568618881118881,-0.0235710456616825,0.9715311261037496,0.004238930053383,0.8398958260590949,-0.0001889590410739,0.2212831526994705,0.0448585599660873,0.8062222222222222,0.0117777777777778,0.922424,0.009152,0.0095999999999999
celeba,noniid,20,123,7,18,0.9126,0.0145999999999999,0.568618881118881,-0.0386911255671007,0.9715311261037496,0.005777250718903,0.8398958260590949,-0.0010474903363882,0.2212831526994705,0.0521768182516098,0.8062222222222222,0.0037444444444443,0.922424,0.0060999999999999,0.0145999999999999
celeba,noniid,20,123,7,19,0.9126,0.0143999999999999,0.568618881118881,-0.04467887293938,0.9715311261037496,0.0107401115502893,0.8398958260590949,0.0020276126668282,0.2212831526994705,0.0333665162324905,0.8062222222222222,0.0158222222222224,0.922424,0.010936,0.0143999999999999
celeba,noniid,20,123,8,0,0.9146,0.014,0.5435020819636205,-0.0319946067781014,0.9771286371567862,0.0130159826425736,0.8509474652787763,0.0129740920723466,0.2167608439922332,0.04805389046669,0.7831777777777778,-0.0155555555555555,0.915474,0.0056399999999999,0.014
celeba,noniid,20,123,8,1,0.9146,0.0167999999999999,0.5435020819636205,-0.0400534735919351,0.9771286371567862,0.0171082497013788,0.8509474652787763,0.0154568495598487,0.2167608439922332,0.0500558614730834,0.7831777777777778,0.0088666666666668,0.915474,0.008692,0.0167999999999999
celeba,noniid,20,123,8,2,0.9146,0.0061999999999999,0.5435020819636205,-0.0296499250554627,0.9771286371567862,0.0145028382789753,0.8509474652787763,0.0171648749789475,0.2167608439922332,0.0287050753831863,0.7831777777777778,0.0069000000000001,0.915474,0.001396,0.0061999999999999
celeba,noniid,20,123,8,3,0.9146,0.011,0.5435020819636205,-0.0352250706459369,0.9771286371567862,0.0110167717177664,0.8509474652787763,0.0122535830331212,0.2167608439922332,0.0467322468757629,0.7831777777777778,-0.0034,0.915474,0.0022379999999999,0.011
celeba,noniid,20,123,8,4,0.9146,0.0061999999999999,0.5435020819636205,-0.0197641176861167,0.9771286371567862,0.0151948885392148,0.8509474652787763,0.0178533431372952,0.2167608439922332,0.0352081954479217,0.7831777777777778,-0.0068222222222222,0.915474,0.005534,0.0061999999999999
celeba,noniid,20,123,8,5,0.9146,0.012,0.5435020819636205,-0.0297196753585552,0.9771286371567862,0.0155359732401082,0.8509474652787763,0.0159070650142336,0.2167608439922332,0.0466532707214355,0.7831777777777778,-0.0037111111111112,0.915474,0.0027,0.012
celeba,noniid,20,123,8,6,0.9146,0.0143999999999999,0.5435020819636205,-0.0407700629447073,0.9771286371567862,0.0150832411793009,0.8509474652787763,0.0147273033490937,0.2167608439922332,0.0399855971336364,0.7831777777777778,-0.0014222222222222,0.915474,-0.0007479999999999,0.0143999999999999
celeba,noniid,20,123,8,7,0.9146,0.0107999999999999,0.5435020819636205,-0.0285252729889495,0.9771286371567862,0.0160076828161589,0.8509474652787763,0.016838715242833,0.2167608439922332,0.0467352867126464,0.7831777777777778,0.0146333333333332,0.915474,0.0033919999999999,0.0107999999999999
celeba,noniid,20,123,8,8,0.9146,0.0173999999999999,0.5435020819636205,-0.035725614441173,0.9771286371567862,0.0179606268288401,0.8509474652787763,0.0159801839475187,0.2167608439922332,0.0504700541496276,0.7831777777777778,-0.0379777777777776,0.915474,0.0113699999999999,0.0173999999999999
celeba,noniid,20,123,8,9,0.9146,0.0165999999999999,0.5435020819636205,-0.0332163215840513,0.9771286371567862,0.0148364872100081,0.8509474652787763,0.0138046902920239,0.2167608439922332,0.0490674376487731,0.7831777777777778,-0.0012444444444443,0.915474,0.009278,0.0165999999999999
celeba,noniid,20,123,8,10,0.9146,0.0163999999999999,0.5435020819636205,-0.0404233176811397,0.9771286371567862,0.0161223407963475,0.8509474652787763,0.0147913851108492,0.2167608439922332,0.0494370460510253,0.7831777777777778,-0.0243999999999999,0.915474,0.0062079999999999,0.0163999999999999
celeba,noniid,20,123,8,11,0.9146,0.0097999999999999,0.5435020819636205,-0.0320153112552258,0.9771286371567862,0.0123967339601664,0.8509474652787763,0.0140528017285646,0.2167608439922332,0.0247368365526199,0.7831777777777778,-0.0772888888888889,0.915474,0.007108,0.0097999999999999
celeba,noniid,20,123,8,12,0.9146,0.01,0.5435020819636205,-0.0344128397908427,0.9771286371567862,0.0125938198076898,0.8509474652787763,0.0139977571383386,0.2167608439922332,0.0442691147327423,0.7831777777777778,-0.0100666666666668,0.915474,0.000418,0.01
celeba,noniid,20,123,8,13,0.9146,0.0087999999999999,0.5435020819636205,-0.026858516101463,0.9771286371567862,0.009650109309543,0.8509474652787763,0.0116020851219402,0.2167608439922332,0.0464259684085845,0.7831777777777778,-0.0155333333333333,0.915474,0.001796,0.0087999999999999
celeba,noniid,20,123,8,14,0.9146,0.0101999999999999,0.5435020819636205,-0.0298429807150687,0.9771286371567862,0.0121151687690093,0.8509474652787763,0.0137866159489646,0.2167608439922332,0.0351701080799102,0.7831777777777778,0.0202222222222223,0.915474,0.0084499999999999,0.0101999999999999
celeba,noniid,20,123,8,15,0.9146,0.0123999999999999,0.5435020819636205,-0.0326232490160793,0.9771286371567862,0.0153116156584428,0.8509474652787763,0.0155948718159375,0.2167608439922332,0.0456955134868621,0.7831777777777778,-0.0470888888888887,0.915474,0.0058399999999999,0.0123999999999999
celeba,noniid,20,123,8,16,0.9146,0.009,0.5435020819636205,-0.0296204476806483,0.9771286371567862,0.0149788075137075,0.8509474652787763,0.0166965851815035,0.2167608439922332,0.0384054481983184,0.7831777777777778,-0.001888888888889,0.915474,-0.0021039999999999,0.009
celeba,noniid,20,123,8,17,0.9146,0.008,0.5435020819636205,-0.0228210927787605,0.9771286371567862,0.0141460559952193,0.8509474652787763,0.0157098903626782,0.2167608439922332,0.0401583611965179,0.7831777777777778,0.0087111111111111,0.915474,0.0045039999999999,0.008
celeba,noniid,20,123,8,18,0.9146,0.0111999999999999,0.5435020819636205,-0.0300986231928361,0.9771286371567862,0.013190432364189,0.8509474652787763,0.0145301286975383,0.2167608439922332,0.0456386804580688,0.7831777777777778,-0.0249555555555556,0.915474,0.0056359999999999,0.0111999999999999
celeba,noniid,20,123,8,19,0.9146,0.0093999999999999,0.5435020819636205,-0.0377189892287974,0.9771286371567862,0.0136437594271647,0.8509474652787763,0.0151405485563118,0.2167608439922332,0.0258709192276,0.7831777777777778,-0.0056,0.915474,0.0047979999999999,0.0093999999999999
celeba,noniid,20,123,9,0,0.9156,0.0115999999999999,0.5525854513584575,-0.0276042684738831,0.9720422853317292,0.0088936376421513,0.8499147630412547,0.0141308500281385,0.2198761403560638,0.0434887111186981,0.8319999999999999,0.0486444444444442,0.940244,0.011768,0.0115999999999999
celeba,noniid,20,123,9,1,0.9156,0.0153999999999999,0.5525854513584575,-0.0348286855792779,0.9720422853317292,0.0124746299371292,0.8499147630412547,0.0156039089874671,0.2198761403560638,0.0441549122333526,0.8319999999999999,-0.0069555555555556,0.940244,0.0165079999999999,0.0153999999999999
celeba,noniid,20,123,9,2,0.9156,0.005,0.5525854513584575,-0.0212282569016479,0.9720422853317292,0.0055329918965987,0.8499147630412547,0.0131030771569058,0.2198761403560638,0.0270058959722518,0.8319999999999999,0.0256666666666665,0.940244,0.0114119999999999,0.005
celeba,noniid,20,123,9,3,0.9156,0.011,0.5525854513584575,-0.0279034277430619,0.9720422853317292,0.0061527083353354,0.8499147630412547,0.0117442151832697,0.2198761403560638,0.0425007045269012,0.8319999999999999,0.0412666666666665,0.940244,0.013672,0.011
celeba,noniid,20,123,9,4,0.9156,0.0051999999999999,0.5525854513584575,-0.013452284490599,0.9720422853317292,0.0042464012418237,0.8499147630412547,0.0119372820295844,0.2198761403560638,0.0324788391590118,0.8319999999999999,-0.0054222222222224,0.940244,0.0143839999999999,0.0051999999999999
celeba,noniid,20,123,9,5,0.9156,0.0103999999999999,0.5525854513584575,-0.021891996386317,0.9720422853317292,0.0114259216933205,0.8499147630412547,0.0167746334810774,0.2198761403560638,0.0441339015960693,0.8319999999999999,-0.0117777777777781,0.940244,0.0129279999999999,0.0103999999999999
celeba,noniid,20,123,9,6,0.9156,0.0127999999999999,0.5525854513584575,-0.0337201408916526,0.9720422853317292,0.0104386600320205,0.8499147630412547,0.0147733107677898,0.2198761403560638,0.0348232090473175,0.8319999999999999,-0.0873555555555556,0.940244,0.0088199999999999,0.0127999999999999
celeba,noniid,20,123,9,7,0.9156,0.0107999999999999,0.5525854513584575,-0.024032778496232,0.9720422853317292,0.0098468044643578,0.8499147630412547,0.015241600565234,0.2198761403560638,0.0435559749603271,0.8319999999999999,0.0290666666666663,0.940244,0.0147339999999999,0.0107999999999999
celeba,noniid,20,123,9,8,0.9156,0.0153999999999999,0.5525854513584575,-0.0339955938142616,0.9720422853317292,0.0117532388037081,0.8499147630412547,0.0147593442299713,0.2198761403560638,0.0467917919158935,0.8319999999999999,-0.005711111111111,0.940244,0.0182099999999999,0.0153999999999999
celeba,noniid,20,123,9,9,0.9156,0.0151999999999999,0.5525854513584575,-0.0301579114734008,0.9720422853317292,0.0121330509290049,0.8499147630412547,0.0154157715074412,0.2198761403560638,0.0463689267635345,0.8319999999999999,0.0405222222222221,0.940244,0.0156879999999999,0.0151999999999999
celeba,noniid,20,123,9,10,0.9156,0.0137999999999999,0.5525854513584575,-0.0283164054054682,0.9720422853317292,0.0108211362985252,0.8499147630412547,0.0146492550495196,0.2198761403560638,0.0437967479228973,0.8319999999999999,-0.0295111111111112,0.940244,0.0190759999999999,0.0137999999999999
celeba,noniid,20,123,9,11,0.9156,0.0073999999999999,0.5525854513584575,-0.0269051063929698,0.9720422853317292,0.005593473469895,0.8499147630412547,0.0127448765399135,0.2198761403560638,0.0200821310281753,0.8319999999999999,-0.0526555555555556,0.940244,0.0130479999999999,0.0073999999999999
celeba,noniid,20,123,9,12,0.9156,0.0083999999999999,0.5525854513584575,-0.0263850721787181,0.9720422853317292,0.0095071732146706,0.8499147630412547,0.0158199795431299,0.2198761403560638,0.0410990417003631,0.8319999999999999,0.0539333333333331,0.940244,0.0127439999999999,0.0083999999999999
celeba,noniid,20,123,9,13,0.9156,0.005,0.5525854513584575,-0.0219200431470369,0.9720422853317292,0.0085116556828772,0.8499147630412547,0.0163893213494961,0.2198761403560638,0.0431688725948333,0.8319999999999999,0.0749555555555552,0.940244,0.0125459999999999,0.005
celeba,noniid,20,123,9,14,0.9156,0.0087999999999999,0.5525854513584575,-0.0266279083427071,0.9720422853317292,0.011877182640181,0.8499147630412547,0.0178623803088248,0.2198761403560638,0.0316445529460907,0.8319999999999999,-0.0166222222222225,0.940244,0.0132519999999999,0.0087999999999999
celeba,noniid,20,123,9,15,0.9156,0.0117999999999999,0.5525854513584575,-0.0277539799838392,0.9720422853317292,0.0107768378305012,0.8499147630412547,0.0155628309350597,0.2198761403560638,0.0429964661598205,0.8319999999999999,-0.0069777777777779,0.940244,0.0139679999999999,0.0117999999999999
celeba,noniid,20,123,9,16,0.9156,0.0085999999999999,0.5525854513584575,-0.026847640269756,0.9720422853317292,0.0107570048891439,0.8499147630412547,0.0168756854899996,0.2198761403560638,0.0357129573822021,0.8319999999999999,0.0206888888888887,0.940244,0.0085719999999999,0.0085999999999999
celeba,noniid,20,123,9,17,0.9156,0.0041999999999999,0.5525854513584575,-0.010931032158026,0.9720422853317292,0.0033702956561312,0.8499147630412547,0.0100830187439153,0.2198761403560638,0.0370115339756011,0.8319999999999999,0.0285666666666666,0.940244,0.0118439999999999,0.0041999999999999
celeba,noniid,20,123,9,18,0.9156,0.0077999999999999,0.5525854513584575,-0.019596486677139,0.9720422853317292,0.0101685505311246,0.8499147630412547,0.0167425926001996,0.2198761403560638,0.0418944656848907,0.8319999999999999,0.0480555555555555,0.940244,0.0124959999999999,0.0077999999999999
celeba,noniid,20,123,9,19,0.9156,0.0091999999999999,0.5525854513584575,-0.0330754239439397,0.9720422853317292,0.0117817419135164,0.8499147630412547,0.0174400979300769,0.2198761403560638,0.0219494253396987,0.8319999999999999,-0.0328888888888889,0.940244,0.0127779999999999,0.0091999999999999
celeba,noniid,20,123,10,0,0.9132,0.011,0.550578981865851,-0.028682570201361,0.9693225358675436,0.0103725543235418,0.8426357321546671,0.0095917252371231,0.2148932665586471,0.0484490543603897,0.7653777777777779,0.0559111111111112,0.927848,-0.0023879999999999,0.011
celeba,noniid,20,123,10,1,0.9132,0.015,0.550578981865851,-0.0308679777435586,0.9693225358675436,0.0157371708250503,0.8426357321546671,0.0127629508829727,0.2148932665586471,0.0500683933496475,0.7653777777777779,-0.0735111111111108,0.927848,0.006144,0.015
celeba,noniid,20,123,10,2,0.9132,0.0063999999999999,0.550578981865851,-0.0174280495558146,0.9693225358675436,0.0112752152606058,0.8426357321546671,0.0122494752278805,0.2148932665586471,0.0306078344583511,0.7653777777777779,0.0236222222222224,0.927848,-0.003132,0.0063999999999999
celeba,noniid,20,123,10,3,0.9132,0.009,0.550578981865851,-0.0219518823316798,0.9693225358675436,0.0102695741091548,0.8426357321546671,0.0101931079243671,0.2148932665586471,0.0466533750295639,0.7653777777777779,0.0229777777777779,0.927848,0.0001379999999999,0.009
celeba,noniid,20,123,10,4,0.9132,0.0061999999999999,0.550578981865851,-0.0102733907176287,0.9693225358675436,0.0112649909460106,0.8426357321546671,0.0123275235274545,0.2148932665586471,0.0358036309480667,0.7653777777777779,0.0396111111111112,0.927848,0.003654,0.0061999999999999
celeba,noniid,20,123,10,5,0.9132,0.0101999999999999,0.550578981865851,-0.0188286220245115,0.9693225358675436,0.008488022064588,0.8426357321546671,0.0085499858280719,0.2148932665586471,0.0479816049337387,0.7653777777777779,-0.0183999999999997,0.927848,-0.000854,0.0101999999999999
celeba,noniid,20,123,10,6,0.9132,0.0118,0.550578981865851,-0.0318895542348335,0.9693225358675436,0.0125475470405683,0.8426357321546671,0.0114780294036699,0.2148932665586471,0.0408464521169662,0.7653777777777779,0.0401111111111112,0.927848,-0.005286,0.0118
celeba,noniid,20,123,10,7,0.9132,0.0088,0.550578981865851,-0.0205973588977773,0.9693225358675436,0.011311358553074,0.8426357321546671,0.0112028064525404,0.2148932665586471,0.0474887639284133,0.7653777777777779,-0.0166444444444444,0.927848,-0.0006359999999999,0.0088
celeba,noniid,20,123,10,8,0.9132,0.0133999999999999,0.550578981865851,-0.027528707032886,0.9693225358675436,0.0151943676913236,0.8426357321546671,0.0130521403719208,0.2148932665586471,0.0494836717844009,0.7653777777777779,0.0325333333333335,0.927848,0.0074959999999999,0.0133999999999999
celeba,noniid,20,123,10,9,0.9132,0.0141999999999999,0.550578981865851,-0.024138751142783,0.9693225358675436,0.0126840033832916,0.8426357321546671,0.0103442751572262,0.2148932665586471,0.051351711153984,0.7653777777777779,-0.004733333333333,0.927848,0.003012,0.0141999999999999
celeba,noniid,20,123,10,10,0.9132,0.0153999999999999,0.550578981865851,-0.0270855428405527,0.9693225358675436,0.0128742661258633,0.8426357321546671,0.0097658961793303,0.2148932665586471,0.0513150542974472,0.7653777777777779,0.0313333333333334,0.927848,0.00363,0.0153999999999999
celeba,noniid,20,123,10,11,0.9132,0.0066,0.550578981865851,-0.023613148272641,0.9693225358675436,0.0103771869088516,0.8426357321546671,0.0113038584614626,0.2148932665586471,0.0244273394346237,0.7653777777777779,-0.0372444444444444,0.927848,0.001862,0.0066
celeba,noniid,20,123,10,12,0.9132,0.0103999999999999,0.550578981865851,-0.0219215698887286,0.9693225358675436,0.0122728019314386,0.8426357321546671,0.0114689922321402,0.2148932665586471,0.0461021810770034,0.7653777777777779,0.0153333333333336,0.927848,-0.0008779999999999,0.0103999999999999
celeba,noniid,20,123,10,13,0.9132,0.0073999999999999,0.550578981865851,-0.0142174977821137,0.9693225358675436,0.0054609215322064,0.8426357321546671,0.0056449459618221,0.2148932665586471,0.0463223904371261,0.7653777777777779,-0.041511111111111,0.927848,-0.002344,0.0073999999999999
celeba,noniid,20,123,10,14,0.9132,0.009,0.550578981865851,-0.0222344131550787,0.9693225358675436,0.0097513578826976,0.8426357321546671,0.0099039184354192,0.2148932665586471,0.0366782993078231,0.7653777777777779,0.0005111111111111,0.927848,0.0021459999999999,0.009
celeba,noniid,20,123,10,15,0.9132,0.012,0.550578981865851,-0.0277289483307472,0.9693225358675436,0.0099478280423879,0.8426357321546671,0.0086921158894015,0.2148932665586471,0.0471182316541671,0.7653777777777779,0.0102222222222223,0.927848,0.001384,0.012
celeba,noniid,20,123,10,16,0.9132,0.0093999999999999,0.550578981865851,-0.0188960953286793,0.9693225358675436,0.0095407648686138,0.8426357321546671,0.0093945505855677,0.2148932665586471,0.039401039481163,0.7653777777777779,-0.0065666666666663,0.927848,-0.0024919999999999,0.0093999999999999
celeba,noniid,20,123,10,17,0.9132,0.0071999999999999,0.550578981865851,-0.0088585044009036,0.9693225358675436,0.0116482042809509,0.8426357321546671,0.0123825681176804,0.2148932665586471,0.0409411936998367,0.7653777777777779,0.0390444444444446,0.927848,0.0007639999999999,0.0071999999999999
celeba,noniid,20,123,10,18,0.9132,0.009,0.550578981865851,-0.014628847472174,0.9693225358675436,0.01147024973517,0.8426357321546671,0.0109045797920629,0.2148932665586471,0.044962927699089,0.7653777777777779,0.084,0.927848,0.002566,0.009
celeba,noniid,20,123,10,19,0.9132,0.007,0.550578981865851,-0.0272330366241336,0.9693225358675436,0.0114210404918103,0.8426357321546671,0.0121024158002621,0.2148932665586471,0.0273563116788864,0.7653777777777779,0.0548333333333335,0.927848,-0.0008,0.007
celeba,noniid,20,2025,1,0,0.5338,0.0004,0.997754491017964,-0.0022455089820359,0.9993577392421322,-0.0006422607578677,0.9993115318416524,-0.0006884681583476,0.6586220264434814,0.0210219025611877,0.8868666666666667,0.0159555555555555,0.997306,-0.0026939999999999,0.0004
celeba,noniid,20,2025,1,1,0.5338,0.0004,0.997754491017964,-0.0022455089820359,0.9993577392421322,-0.0006422607578677,0.9993115318416524,-0.0006884681583476,0.6586220264434814,0.0234268903732299,0.8868666666666667,-0.0127333333333332,0.997306,-0.0026939999999999,0.0004
celeba,noniid,20,2025,1,2,0.5338,0.0004,0.997754491017964,0.0022505569602645,0.9993577392421322,-0.0006422607578677,0.9993115318416524,-0.0006884681583476,0.6586220264434814,0.0172465443611145,0.8868666666666667,0.0107333333333332,0.997306,-0.001576,0.0004
celeba,noniid,20,2025,1,3,0.5338,0.0004,0.997754491017964,-0.0022455089820359,0.9993577392421322,-0.0006422607578677,0.9993115318416524,-0.0006884681583476,0.6586220264434814,0.0204240083694458,0.8868666666666667,-0.0255777777777777,0.997306,-0.0026939999999999,0.0004
celeba,noniid,20,2025,1,4,0.5338,-0.0005999999999999,0.997754491017964,0.0306148345579192,0.9993577392421322,-2.069139039662105e-06,0.9993115318416524,0.0002111411893739,0.6586220264434814,0.0167919397354125,0.8868666666666667,0.0023777777777778,0.997306,0.009224,-0.0005999999999999
celeba,noniid,20,2025,1,5,0.5338,0.0004,0.997754491017964,-0.0022455089820359,0.9993577392421322,-0.0006422607578677,0.9993115318416524,-0.0006884681583476,0.6586220264434814,0.0204172134399414,0.8868666666666667,0.0107333333333334,0.997306,-0.0026939999999999,0.0004
celeba,noniid,20,2025,1,6,0.5338,0.0004,0.997754491017964,-0.0022455089820359,0.9993577392421322,-0.0006422607578677,0.9993115318416524,-0.0006884681583476,0.6586220264434814,0.0276160836219787,0.8868666666666667,-0.0418444444444443,0.997306,-0.0026939999999999,0.0004
celeba,noniid,20,2025,1,7,0.5338,0.0004,0.997754491017964,-0.0011210712009264,0.9993577392421322,-0.0006422607578677,0.9993115318416524,-0.0006884681583476,0.6586220264434814,0.0186299085617065,0.8868666666666667,0.0002222222222221,0.997306,-0.0024319999999999,0.0004
celeba,noniid,20,2025,1,8,0.5338,0.0004,0.997754491017964,-0.0022455089820359,0.9993577392421322,-0.0006422607578677,0.9993115318416524,-0.0006884681583476,0.6586220264434814,0.0207282900810241,0.8868666666666667,-0.0200666666666666,0.997306,-0.0026939999999999,0.0004
celeba,noniid,20,2025,1,9,0.5338,0.0004,0.997754491017964,-0.0022455089820359,0.9993577392421322,-0.0006422607578677,0.9993115318416524,-0.0006884681583476,0.6586220264434814,0.0201738476753234,0.8868666666666667,-0.0226888888888889,0.997306,-0.002688,0.0004
celeba,noniid,20,2025,1,10,0.5338,0.0004,0.997754491017964,-0.0022455089820359,0.9993577392421322,-0.0006422607578677,0.9993115318416524,-0.0006884681583476,0.6586220264434814,0.0216066837310791,0.8868666666666667,-0.0345111111111111,0.997306,-0.0026939999999999,0.0004
celeba,noniid,20,2025,1,11,0.5338,0.0004,0.997754491017964,-0.0022455089820359,0.9993577392421322,-0.0006422607578677,0.9993115318416524,-0.0006884681583476,0.6586220264434814,0.028466522693634,0.8868666666666667,0.0177333333333333,0.997306,-0.0026939999999999,0.0004
celeba,noniid,20,2025,1,12,0.5338,0.0004,0.997754491017964,-0.0022455089820359,0.9993577392421322,-0.0006422607578677,0.9993115318416524,-0.0006884681583476,0.6586220264434814,0.0188016891479492,0.8868666666666667,-0.0126444444444444,0.997306,-0.0026419999999999,0.0004
celeba,noniid,20,2025,1,13,0.5338,0.0004,0.997754491017964,-0.0022455089820359,0.9993577392421322,-0.0006422607578677,0.9993115318416524,-0.0006884681583476,0.6586220264434814,0.0218660831451416,0.8868666666666667,-0.0054666666666665,0.997306,-0.0026939999999999,0.0004
celeba,noniid,20,2025,1,14,0.5338,0.0004,0.997754491017964,-0.0022455089820359,0.9993577392421322,-0.0006422607578677,0.9993115318416524,-0.0006884681583476,0.6586220264434814,0.0229241251945495,0.8868666666666667,0.0174888888888888,0.997306,-0.0026939999999999,0.0004
celeba,noniid,20,2025,1,15,0.5338,0.0004,0.997754491017964,-0.0022455089820359,0.9993577392421322,-0.0006422607578677,0.9993115318416524,-0.0006884681583476,0.6586220264434814,0.0196839570999145,0.8868666666666667,-0.020288888888889,0.997306,-0.0026899999999999,0.0004
celeba,noniid,20,2025,1,16,0.5338,-0.0025999999999999,0.997754491017964,0.036816991017964,0.9993577392421322,0.0022437743744578,0.9993115318416524,0.0028319209329646,0.6586220264434814,0.0162857770919799,0.8868666666666667,0.0142444444444445,0.997306,0.012468,-0.0025999999999999
celeba,noniid,20,2025,1,17,0.5338,-0.0639999999999999,0.997754491017964,0.461275240683292,0.9993577392421322,0.0446095043654968,0.9993115318416524,0.0599525959275218,0.6586220264434814,0.0178252458572387,0.8868666666666667,0.0098444444444445,0.997306,0.082716,-0.0639999999999999
celeba,noniid,20,2025,1,18,0.5338,0.0004,0.997754491017964,-0.0018705558511772,0.9993577392421322,-0.0006422607578677,0.9993115318416524,-0.0006884681583476,0.6586220264434814,0.0194670557975769,0.8868666666666667,0.0423111111111111,0.997306,-0.0026779999999999,0.0004
celeba,noniid,20,2025,1,19,0.5338,0.0004,0.997754491017964,-0.0022455089820359,0.9993577392421322,-0.0006422607578677,0.9993115318416524,-0.0006884681583476,0.6586220264434814,0.0256932377815246,0.8868666666666667,-0.0657333333333332,0.997306,-0.0026939999999999,0.0004
celeba,noniid,20,2025,2,0,0.78,0.1715999999999999,0.7302396736359,-0.1601126477338728,0.9001104556958084,-0.0229113646168468,0.8273333360718702,-0.0805491314045817,0.4409293830394745,0.1483228504657745,0.8190444444444445,-0.057911111111111,0.963134,-0.0112839999999999,0.1715999999999999
celeba,noniid,20,2025,2,1,0.78,0.1962,0.7302396736359,-0.1874234626811481,0.9001104556958084,-0.0450321162605709,0.8273333360718702,-0.1081018242763073,0.4409293830394745,0.1695857346057891,0.8190444444444445,-0.0186222222222223,0.963134,-0.0163599999999999,0.1962
celeba,noniid,20,2025,2,2,0.78,0.1069999999999999,0.7302396736359,-0.0871802605155516,0.9001104556958084,0.0090546430241293,0.8273333360718702,-0.0304232271739531,0.4409293830394745,0.1100713312625885,0.8190444444444445,0.0131555555555555,0.963134,0.000986,0.1069999999999999
celeba,noniid,20,2025,2,3,0.78,0.1648,0.7302396736359,-0.152995812339312,0.9001104556958084,-0.0197166139398244,0.8273333360718702,-0.0754176610978519,0.4409293830394745,0.1448036134243011,0.8190444444444445,0.0108333333333334,0.963134,-0.0089579999999999,0.1648
celeba,noniid,20,2025,2,4,0.78,0.0989999999999999,0.7302396736359,-0.0797781094109286,0.9001104556958084,0.0083834143197083,0.8273333360718702,-0.0281557186810658,0.4409293830394745,0.1102158725261688,0.8190444444444445,-0.0173777777777777,0.963134,-0.0019659999999999,0.0989999999999999
celeba,noniid,20,2025,2,5,0.78,0.1478,0.7302396736359,-0.1360875065041381,0.9001104556958084,-0.0088333564197455,0.8273333360718702,-0.0601243021865847,0.4409293830394745,0.1335802376270294,0.8190444444444445,0.0231333333333332,0.963134,-0.0078619999999999,0.1478
celeba,noniid,20,2025,2,6,0.78,0.1835999999999999,0.7302396736359,-0.1717997780524984,0.9001104556958084,-0.0354209654219901,0.8273333360718702,-0.0954522488179789,0.4409293830394745,0.1588821113109588,0.8190444444444445,-0.0333777777777779,0.963134,-0.0148159999999999,0.1835999999999999
celeba,noniid,20,2025,2,7,0.78,0.1664,0.7302396736359,-0.1537093293062379,0.9001104556958084,-0.0232511172471363,0.8273333360718702,-0.0789930947793903,0.4409293830394745,0.1451115906238556,0.8190444444444445,-0.0205555555555556,0.963134,-0.0103799999999999,0.1664
celeba,noniid,20,2025,2,8,0.78,0.1782,0.7302396736359,-0.1692611583108554,0.9001104556958084,-0.0286813657424584,0.8273333360718702,-0.0878010507765805,0.4409293830394745,0.1538707911968231,0.8190444444444445,0.0007111111111111,0.963134,-0.0130139999999999,0.1782
celeba,noniid,20,2025,2,9,0.78,0.1715999999999999,0.7302396736359,-0.1573013099706574,0.9001104556958084,-0.0229113646168468,0.8273333360718702,-0.0805491314045817,0.4409293830394745,0.1481777131557464,0.8190444444444445,-0.0205999999999999,0.963134,-0.012386,0.1715999999999999
celeba,noniid,20,2025,2,10,0.78,0.1785999999999999,0.7302396736359,-0.1675972648000401,0.9001104556958084,-0.0312545470520082,0.8273333360718702,-0.0901326410312234,0.4409293830394745,0.1542194187641143,0.8190444444444445,-0.0201999999999999,0.963134,-0.0123659999999999,0.1785999999999999
celeba,noniid,20,2025,2,11,0.78,0.1944,0.7302396736359,-0.1864553280642019,0.9001104556958084,-0.0460037839535304,0.8273333360718702,-0.1082899617563331,0.4409293830394745,0.1714278757572174,0.8190444444444445,0.0201777777777778,0.963134,-0.0175059999999999,0.1944
celeba,noniid,20,2025,2,12,0.78,0.1306,0.7302396736359,-0.1186299454412136,0.9001104556958084,-0.0017642196396986,0.8273333360718702,-0.0479060462785337,0.4409293830394745,0.1218970715999603,0.8190444444444445,-0.0113777777777777,0.963134,-0.0061919999999999,0.1306
celeba,noniid,20,2025,2,13,0.78,0.154,0.7302396736359,-0.1411429630200484,0.9001104556958084,-0.0100992556841252,0.8273333360718702,-0.0634015092076454,0.4409293830394745,0.1384757459163665,0.8190444444444445,-0.0606444444444442,0.963134,-0.004664,0.154
celeba,noniid,20,2025,2,14,0.78,0.156,0.7302396736359,-0.14375582620338,0.9001104556958084,-0.0142760197493048,0.8273333360718702,-0.0676654110475313,0.4409293830394745,0.140016883611679,0.8190444444444445,-0.0088222222222222,0.963134,-0.0139499999999999,0.156
celeba,noniid,20,2025,2,15,0.78,0.164,0.7302396736359,-0.1510611393722301,0.9001104556958084,-0.0193975526999301,0.8273333360718702,-0.0748622858293042,0.4409293830394745,0.1437406241893768,0.8190444444444445,0.0267666666666668,0.963134,-0.0133499999999999,0.164
celeba,noniid,20,2025,2,16,0.78,0.1188,0.7302396736359,-0.0991470901770932,0.9001104556958084,0.0055969494073055,0.8273333360718702,-0.0374549681850483,0.4409293830394745,0.1165997087955474,0.8190444444444445,-0.039711111111111,0.963134,-0.0034839999999999,0.1188
celeba,noniid,20,2025,2,17,0.78,0.1374,0.7302396736359,-0.1241353263640999,0.9001104556958084,-0.0039935100408798,0.8273333360718702,-0.052215955537116,0.4409293830394745,0.1274435818195343,0.8190444444444445,-0.0104222222222223,0.963134,-0.0025819999999999,0.1374
celeba,noniid,20,2025,2,18,0.78,0.1614,0.7302396736359,-0.1470728872209645,0.9001104556958084,-0.0161883180496311,0.8273333360718702,-0.0712088038481919,0.4409293830394745,0.1431291401386261,0.8190444444444445,-0.0156444444444443,0.963134,-0.0096959999999999,0.1614
celeba,noniid,20,2025,2,19,0.78,0.1894,0.7302396736359,-0.17869793176039,0.9001104556958084,-0.0399064450318664,0.8273333360718702,-0.1013272318732824,0.4409293830394745,0.1665339767932891,0.8190444444444445,-0.011022222222222,0.963134,-0.0161419999999999,0.1894
celeba,noniid,20,2025,3,0,0.8822,0.04,0.6534296028880866,-0.0403366924425605,0.951678143282118,0.0309560809465313,0.8386667707310661,0.0106375724514149,0.2863194644451141,0.0936860740184784,0.8163555555555555,-0.0132666666666667,0.94103,-0.0099679999999999,0.04
celeba,noniid,20,2025,3,1,0.8822,0.0602,0.6534296028880866,-0.060060346252141,0.951678143282118,0.0366647186149305,0.8386667707310661,0.0097741117898118,0.2863194644451141,0.1065961122512817,0.8163555555555555,-0.0407999999999999,0.94103,-0.0071179999999999,0.0602
celeba,noniid,20,2025,3,2,0.8822,0.0155999999999999,0.6534296028880866,-0.01947839526263,0.951678143282118,0.0214910244548226,0.8386667707310661,0.0083388446386979,0.2863194644451141,0.0605264008045196,0.8163555555555555,0.031022222222222,0.94103,-0.013236,0.0155999999999999
celeba,noniid,20,2025,3,3,0.8822,0.0363999999999999,0.6534296028880866,-0.0364213552382441,0.951678143282118,0.0304589260141732,0.8386667707310661,0.0136806345737535,0.2863194644451141,0.0920169651508331,0.8163555555555555,-0.0112,0.94103,-0.0109539999999999,0.0363999999999999
celeba,noniid,20,2025,3,4,0.8822,0.0185999999999999,0.6534296028880866,-0.0167930316202622,0.951678143282118,0.0263987882801851,0.8386667707310661,0.0107254794835667,0.2863194644451141,0.0692945122718811,0.8163555555555555,-0.0136222222222222,0.94103,-0.0095359999999999,0.0185999999999999
celeba,noniid,20,2025,3,5,0.8822,0.0353999999999999,0.6534296028880866,-0.0414415859561583,0.951678143282118,0.0282525263078501,0.8386667707310661,0.0114270926186847,0.2863194644451141,0.0882434844970703,0.8163555555555555,0.0282,0.94103,-0.0104219999999999,0.0353999999999999
celeba,noniid,20,2025,3,6,0.8822,0.0519999999999999,0.6534296028880866,-0.0536362653753864,0.951678143282118,0.0414772932596543,0.8386667707310661,0.0167828490915589,0.2863194644451141,0.093210220336914,0.8163555555555555,-0.0286666666666666,0.94103,-0.0049139999999999,0.0519999999999999
celeba,noniid,20,2025,3,7,0.8822,0.036,0.6534296028880866,-0.0407520432803145,0.951678143282118,0.0313166521097152,0.8386667707310661,0.0160122248283963,0.2863194644451141,0.0904389321804046,0.8163555555555555,-0.064188888888889,0.94103,-0.0098019999999999,0.036
celeba,noniid,20,2025,3,8,0.8822,0.0572,0.6534296028880866,-0.0570649688851341,0.951678143282118,0.0404664245207253,0.8386667707310661,0.0148045300876195,0.2863194644451141,0.1048201322555542,0.8163555555555555,-0.0120666666666666,0.94103,-0.0059019999999999,0.0572
celeba,noniid,20,2025,3,9,0.8822,0.0497999999999999,0.6534296028880866,-0.0513983129818942,0.951678143282118,0.039987287959635,0.8386667707310661,0.0148415003347861,0.2863194644451141,0.0987918674945831,0.8163555555555555,-0.0127111111111111,0.94103,-0.0065139999999999,0.0497999999999999
celeba,noniid,20,2025,3,10,0.8822,0.0612,0.6534296028880866,-0.0587430450265593,0.951678143282118,0.0382207023878304,0.8386667707310661,0.0114722784763329,0.2863194644451141,0.1067804396152496,0.8163555555555555,-0.0195777777777776,0.94103,-0.0058679999999999,0.0612
celeba,noniid,20,2025,3,11,0.8822,0.0532,0.6534296028880866,-0.0605132816811477,0.951678143282118,0.0382496791192046,0.8386667707310661,0.0136066940794202,0.2863194644451141,0.0854201912879943,0.8163555555555555,-0.0368666666666668,0.94103,-0.0031019999999999,0.0532
celeba,noniid,20,2025,3,12,0.8822,0.0322,0.6534296028880866,-0.0363471303669075,0.951678143282118,0.0320105287477892,0.8386667707310661,0.017224027374414,0.2863194644451141,0.0817866027355194,0.8163555555555555,-0.0257999999999998,0.94103,-0.009556,0.0322
celeba,noniid,20,2025,3,13,0.8822,0.0377999999999999,0.6534296028880866,-0.0404624425664588,0.951678143282118,0.0354041858882729,0.8386667707310661,0.0159341765288224,0.2863194644451141,0.0939096510410308,0.8163555555555555,-0.0212444444444446,0.94103,-0.0110759999999999,0.0377999999999999
celeba,noniid,20,2025,3,14,0.8822,0.0474,0.6534296028880866,-0.0577505213355158,0.951678143282118,0.0406548696702833,0.8386667707310661,0.0199039595134715,0.2863194644451141,0.0887067914009094,0.8163555555555555,0.0279333333333333,0.94103,-0.005606,0.0474
celeba,noniid,20,2025,3,15,0.8822,0.0445999999999999,0.6534296028880866,-0.049189444730961,0.951678143282118,0.0370164093418681,0.8386667707310661,0.0148875077534823,0.2863194644451141,0.0916071534156799,0.8163555555555555,0.0278444444444443,0.94103,-0.0021479999999999,0.0445999999999999
celeba,noniid,20,2025,3,16,0.8822,0.0232,0.6534296028880866,-0.0258903784812659,0.951678143282118,0.0248309935531362,0.8386667707310661,0.0113999811040959,0.2863194644451141,0.0717463493347168,0.8163555555555555,0.0160666666666666,0.94103,-0.0088079999999999,0.0232
celeba,noniid,20,2025,3,17,0.8822,0.0263999999999999,0.6534296028880866,-0.0291323419459479,0.951678143282118,0.0291574872443143,0.8386667707310661,0.016127243375137,0.2863194644451141,0.0808998346328735,0.8163555555555555,-0.0118444444444445,0.94103,-0.0136919999999999,0.0263999999999999
celeba,noniid,20,2025,3,18,0.8822,0.0405999999999999,0.6534296028880866,-0.0410873683912866,0.951678143282118,0.0355659662067011,0.8386667707310661,0.0172651054268214,0.2863194644451141,0.0933277308940887,0.8163555555555555,-0.0218666666666667,0.94103,-0.0131439999999999,0.0405999999999999
celeba,noniid,20,2025,3,19,0.8822,0.0507999999999999,0.6534296028880866,-0.0593185434883782,0.951678143282118,0.0414030382306156,0.8386667707310661,0.0178705959193062,0.2863194644451141,0.0833685398101806,0.8163555555555555,-0.0272777777777777,0.94103,-0.0023459999999999,0.0507999999999999
celeba,noniid,20,2025,4,0,0.8962,0.0155999999999999,0.6232496110246721,-0.022890302944085,0.9619779344795728,0.0076077840660528,0.8453394895641209,0.0031252182271535,0.2545501291751861,0.0616803467273712,0.7626,0.028088888888889,0.912586,0.000556,0.0155999999999999
celeba,noniid,20,2025,4,1,0.8962,0.0215999999999999,0.6232496110246721,-0.036096076461029,0.9619779344795728,0.0270220478142205,0.8453394895641209,0.0196846027136161,0.2545501291751861,0.0653073787689209,0.7626,0.0366444444444442,0.912586,0.008082,0.0215999999999999
celeba,noniid,20,2025,4,2,0.8962,0.008,0.6232496110246721,-0.00947684435856,0.9619779344795728,-0.0021733053825347,0.8453394895641209,-0.0039287049322416,0.2545501291751861,0.0399937331676483,0.7626,0.0222444444444445,0.912586,-0.001418,0.008
celeba,noniid,20,2025,4,3,0.8962,0.0145999999999999,0.6232496110246721,-0.0194134324535887,0.9619779344795728,0.001861759921774,0.8453394895641209,0.0029830881658239,0.2545501291751861,0.0610871613025665,0.7626,0.0273111111111108,0.912586,0.000244,0.0145999999999999
celeba,noniid,20,2025,4,4,0.8962,0.0093999999999999,0.6232496110246721,-0.0109793345612388,0.9619779344795728,-0.0005888391854914,0.8453394895641209,-0.0023406274261723,0.2545501291751861,0.0494964718818664,0.7626,-0.0190888888888889,0.912586,-0.0030759999999999,0.0093999999999999
celeba,noniid,20,2025,4,5,0.8962,0.013,0.6232496110246721,-0.0242746937458455,0.9619779344795728,0.0042742621231386,0.8453394895641209,0.0026708949675278,0.2545501291751861,0.0584444105625152,0.7626,-0.047222222222222,0.912586,-0.001476,0.013
celeba,noniid,20,2025,4,6,0.8962,0.0183999999999999,0.6232496110246721,-0.0296768294216953,0.9619779344795728,0.0168530029656243,0.8453394895641209,0.0107164423120371,0.2545501291751861,0.0548681318759918,0.7626,0.0123555555555554,0.912586,0.002464,0.0183999999999999
celeba,noniid,20,2025,4,7,0.8962,0.0143999999999999,0.6232496110246721,-0.0225177045027158,0.9619779344795728,0.0056890325644788,0.8453394895641209,0.006301373239292,0.2545501291751861,0.0607075989246368,0.7626,0.0198222222222221,0.912586,0.001746,0.0143999999999999
celeba,noniid,20,2025,4,8,0.8962,0.0181999999999999,0.6232496110246721,-0.0324806236529309,0.9619779344795728,0.0221842854050636,0.8453394895641209,0.0080176142688723,0.2545501291751861,0.0633943676948547,0.7626,0.0254,0.912586,0.005054,0.0181999999999999
celeba,noniid,20,2025,4,9,0.8962,0.0185999999999999,0.6232496110246721,-0.0295186733225596,0.9619779344795728,0.0162869449952323,0.8453394895641209,0.009440558004264,0.2545501291751861,0.0640402734279632,0.7626,0.0202888888888888,0.912586,0.002284,0.0185999999999999
celeba,noniid,20,2025,4,10,0.8962,0.0218,0.6232496110246721,-0.0293915963844291,0.9619779344795728,0.027570818626785,0.8453394895641209,0.0171648749789475,0.2545501291751861,0.0646041929721832,0.7626,0.0295333333333331,0.912586,0.011664,0.0218
celeba,noniid,20,2025,4,11,0.8962,0.0153999999999999,0.6232496110246721,-0.0258771750946292,0.9619779344795728,0.0157206561644793,0.8453394895641209,0.0078845213790724,0.2545501291751861,0.040504902601242,0.7626,0.0016666666666664,0.912586,0.010712,0.0153999999999999
celeba,noniid,20,2025,4,12,0.8962,0.0161999999999999,0.6232496110246721,-0.0215678078911818,0.9619779344795728,0.003974669682794,0.8453394895641209,0.0020284342278764,0.2545501291751861,0.0572098791599273,0.7626,-4.444444444451357e-05,0.912586,0.0045659999999999,0.0161999999999999
celeba,noniid,20,2025,4,13,0.8962,0.0151999999999999,0.6232496110246721,-0.0190563354120051,0.9619779344795728,0.004589418968239,0.8453394895641209,-0.0007344755770438,0.2545501291751861,0.0635102689266204,0.7626,-0.0671555555555556,0.912586,0.0015939999999999,0.0151999999999999
celeba,noniid,20,2025,4,14,0.8962,0.014,0.6232496110246721,-0.0270446397675414,0.9619779344795728,0.0095609885026797,0.8453394895641209,0.0082517591675943,0.2545501291751861,0.0513708889484405,0.7626,0.0079111111111112,0.912586,0.004414,0.014
celeba,noniid,20,2025,4,15,0.8962,0.0178,0.6232496110246721,-0.0291421885197469,0.9619779344795728,0.0127441651317623,0.8453394895641209,0.0067096890802214,0.2545501291751861,0.0591619908809661,0.7626,-0.0060222222222223,0.912586,0.009942,0.0178
celeba,noniid,20,2025,4,16,0.8962,0.0105999999999999,0.6232496110246721,-0.016741371842776,0.9619779344795728,-0.0009352846622104,0.8453394895641209,0.0005644124400774,0.2545501291751861,0.0499629080295562,0.7626,0.0142222222222221,0.912586,0.001946,0.0105999999999999
celeba,noniid,20,2025,4,17,0.8962,0.0101999999999999,0.6232496110246721,-0.0171922284703684,0.9619779344795728,0.0021186168250594,0.8453394895641209,0.0054937787289629,0.2545501291751861,0.0542561113834381,0.7626,-0.0023555555555554,0.912586,-0.0024419999999999,0.0101999999999999
celeba,noniid,20,2025,4,18,0.8962,0.0168,0.6232496110246721,-0.0198175683465109,0.9619779344795728,0.0049421990976745,0.8453394895641209,0.0026388540866502,0.2545501291751861,0.0600029826164245,0.7626,0.0413333333333332,0.912586,-0.00248,0.0168
celeba,noniid,20,2025,4,19,0.8962,0.0153999999999999,0.6232496110246721,-0.0204493916951827,0.9619779344795728,0.017796925302876,0.8453394895641209,0.0118362300206623,0.2545501291751861,0.0419515967369079,0.7626,0.0038888888888888,0.912586,0.007812,0.0153999999999999
celeba,noniid,20,2025,5,0,0.9022,0.0121999999999999,0.6099667774086379,-0.0076210498457813,0.95722622907793,-0.0078915633923422,0.8420713197145897,-0.0037454968185048,0.2463196218013763,0.0504617989063262,0.8047555555555554,-0.0133555555555555,0.899774,0.0237839999999999,0.0121999999999999
celeba,noniid,20,2025,5,1,0.9022,0.015,0.6099667774086379,-0.0165203157451219,0.95722622907793,-0.0002825479506229,0.8420713197145897,0.0024457872403353,0.2463196218013763,0.0504622757434845,0.8047555555555554,-0.0369111111111111,0.899774,0.0335839999999999,0.015
celeba,noniid,20,2025,5,2,0.9022,0.0056,0.6099667774086379,0.0046684693053431,0.95722622907793,-0.0039010570731017,0.8420713197145897,0.0012898508455916,0.2463196218013763,0.0329330563545227,0.8047555555555554,-0.0861111111111112,0.899774,0.0179819999999999,0.0056
celeba,noniid,20,2025,5,3,0.9022,0.0116,0.6099667774086379,-0.0084307158769485,0.95722622907793,-0.0064932216597914,0.8420713197145897,-0.0038005414087307,0.2463196218013763,0.0509405434131622,0.8047555555555554,0.0262444444444445,0.899774,0.0165939999999999,0.0116
celeba,noniid,20,2025,5,4,0.9022,0.0056,0.6099667774086379,0.007376913599752,0.95722622907793,-0.0058279577043831,0.8420713197145897,-0.0047272622710412,0.2463196218013763,0.0402859449386596,0.8047555555555554,-0.0585999999999999,0.899774,0.021714,0.0056
celeba,noniid,20,2025,5,5,0.9022,0.0106,0.6099667774086379,-0.008665930366161,0.95722622907793,-0.0058032405385914,0.8420713197145897,-0.0035894002193568,0.2463196218013763,0.0483496785163879,0.8047555555555554,-0.0193777777777777,0.899774,0.019648,0.0106
celeba,noniid,20,2025,5,6,0.9022,0.0146,0.6099667774086379,-0.0115820441401837,0.95722622907793,-0.0016504595005932,0.8420713197145897,0.0028910733284313,0.2463196218013763,0.0430595874786376,0.8047555555555554,-0.0698444444444446,0.899774,0.0285919999999999,0.0146
celeba,noniid,20,2025,5,7,0.9022,0.0121999999999999,0.6099667774086379,-0.0088673033088508,0.95722622907793,-0.0058610638359164,0.8420713197145897,-0.003479311038905,0.2463196218013763,0.0494020581245422,0.8047555555555554,-0.0542666666666666,0.899774,0.0272,0.0121999999999999
celeba,noniid,20,2025,5,8,0.9022,0.015,0.6099667774086379,-0.0174489529284407,0.95722622907793,0.0005833333204745,0.8420713197145897,0.0046442846051782,0.2463196218013763,0.0517508387565612,0.8047555555555554,-0.0549222222222223,0.899774,0.026706,0.015
celeba,noniid,20,2025,5,9,0.9022,0.016,0.6099667774086379,-0.017281424030211,0.95722622907793,-0.000736736485561,0.8420713197145897,0.0039007718566047,0.2463196218013763,0.0520070493221282,0.8047555555555554,-0.0824666666666666,0.899774,0.030416,0.016
celeba,noniid,20,2025,5,10,0.9022,0.0161999999999999,0.6099667774086379,-0.0143587621597074,0.95722622907793,0.0001565409232051,0.8420713197145897,0.00093575803384,0.2463196218013763,0.0512629747390747,0.8047555555555554,-0.0390888888888889,0.899774,0.0399579999999999,0.0161999999999999
celeba,noniid,20,2025,5,11,0.9022,0.013,0.6099667774086379,-0.0153973274535623,0.95722622907793,0.0014124586341945,0.8420713197145897,0.003134255398683,0.2463196218013763,0.0309200882911682,0.8047555555555554,-0.0737777777777779,0.899774,0.032668,0.013
celeba,noniid,20,2025,5,12,0.9022,0.0128,0.6099667774086379,-0.0084837375936012,0.95722622907793,-0.008304117600464,0.8420713197145897,-0.0028458874707831,0.2463196218013763,0.04826420545578,0.8047555555555554,-0.066,0.899774,0.0221559999999999,0.0128
celeba,noniid,20,2025,5,13,0.9022,0.0118,0.6099667774086379,-0.002186931259816,0.95722622907793,-0.007188320888711,0.8420713197145897,-0.0029880175321127,0.2463196218013763,0.0516433119773864,0.8047555555555554,-0.0510666666666668,0.899774,0.0264459999999999,0.0118
celeba,noniid,20,2025,5,14,0.9022,0.0113999999999999,0.6099667774086379,-0.0134417550908036,0.95722622907793,-0.0047371030706881,0.8420713197145897,-0.0007944495335586,0.2463196218013763,0.0401184558868408,0.8047555555555554,-0.0707333333333335,0.899774,0.0224219999999999,0.0113999999999999
celeba,noniid,20,2025,5,15,0.9022,0.0138,0.6099667774086379,-0.0114730072964528,0.95722622907793,-0.0051231226131035,0.8420713197145897,-0.0005052600446107,0.2463196218013763,0.0485285222530365,0.8047555555555554,-0.0289555555555556,0.899774,0.0356759999999999,0.0138
celeba,noniid,20,2025,5,16,0.9022,0.0091999999999999,0.6099667774086379,-0.0057098639491111,0.95722622907793,-0.0056315970244513,0.8420713197145897,-0.0051314703067297,0.2463196218013763,0.0407317578792572,0.8047555555555554,-0.0545555555555559,0.899774,0.0164639999999999,0.0091999999999999
celeba,noniid,20,2025,5,17,0.9022,0.0086,0.6099667774086379,0.0021542774086379,0.95722622907793,-0.0060574245158483,0.8420713197145897,-0.0030751030032163,0.2463196218013763,0.0460030734539032,0.8047555555555554,-0.0582444444444445,0.899774,0.0176979999999999,0.0086
celeba,noniid,20,2025,5,18,0.9022,0.0116,0.6099667774086379,-0.0057791407304808,0.95722622907793,-0.0091538099010526,0.8420713197145897,-0.0045990987475301,0.2463196218013763,0.0489506721496582,0.8047555555555554,-0.0309333333333334,0.899774,0.019448,0.0116
celeba,noniid,20,2025,5,19,0.9022,0.0138,0.6099667774086379,-0.0113946198148282,0.95722622907793,7.814761608748721e-05,0.8420713197145897,0.0024457872403353,0.2463196218013763,0.0308211147785186,0.8047555555555554,-0.0294444444444446,0.899774,0.0290439999999999,0.0138
celeba,noniid,20,2025,6,0,0.905,0.0118,0.6083499005964215,-0.0182930042821706,0.9659023410384292,0.0076197252787241,0.8491991833683181,0.003001162508883,0.2374888211488723,0.0500000268220901,0.7553111111111108,-0.0161000000000002,0.89913,0.0167279999999999,0.0118
celeba,noniid,20,2025,6,1,0.905,0.0166,0.6083499005964215,-0.034795260693901,0.9659023410384292,0.0126638329441273,0.8491991833683181,0.0106794720648704,0.2374888211488723,0.0519105643033981,0.7553111111111108,0.0088222222222218,0.89913,0.015896,0.0166
celeba,noniid,20,2025,6,2,0.905,0.0041999999999999,0.6083499005964215,-0.0085533824559298,0.9659023410384292,0.0089068043857342,0.8491991833683181,-0.0012118025460177,0.2374888211488723,0.0297742038965225,0.7553111111111108,-0.0958777777777779,0.89913,0.0102079999999999,0.0041999999999999
celeba,noniid,20,2025,6,3,0.905,0.0106,0.6083499005964215,-0.0166500994035785,0.9659023410384292,0.0085810472764861,0.8491991833683181,0.0042450059357785,0.2374888211488723,0.0504758805036544,0.7553111111111108,-0.0367111111111113,0.89913,0.0060999999999999,0.0106
celeba,noniid,20,2025,6,4,0.905,0.0044,0.6083499005964215,-0.0081280030233875,0.9659023410384292,0.0056558110050923,0.8491991833683181,0.0010647431183992,0.2374888211488723,0.0387156456708908,0.7553111111111108,-0.0166000000000003,0.89913,0.0150339999999999,0.0044
celeba,noniid,20,2025,6,5,0.905,0.0096,0.6083499005964215,-0.0198153592880743,0.9659023410384292,0.0089356568066806,0.8491991833683181,0.0041669576362044,0.2374888211488723,0.0486744195222854,0.7553111111111108,-0.0168333333333337,0.89913,0.007494,0.0096
celeba,noniid,20,2025,6,6,0.905,0.0138,0.6083499005964215,-0.0307192423885863,0.9659023410384292,0.010086391975896,0.8491991833683181,0.0094816360566711,0.2374888211488723,0.0441247969865798,0.7553111111111108,-0.0006333333333337,0.89913,0.0094179999999999,0.0138
celeba,noniid,20,2025,6,7,0.905,0.0106,0.6083499005964215,-0.021378626328367,0.9659023410384292,0.0081257694321491,0.8491991833683181,0.0053097490541778,0.2374888211488723,0.0485268384218215,0.7553111111111108,-0.0853333333333334,0.89913,0.0106499999999999,0.0106
celeba,noniid,20,2025,6,8,0.905,0.0161999999999999,0.6083499005964215,-0.037310561390571,0.9659023410384292,0.0107745467192613,0.8491991833683181,0.0084809747000275,0.2374888211488723,0.05336494743824,0.7553111111111108,-0.032377777777778,0.89913,0.014552,0.0161999999999999
celeba,noniid,20,2025,6,9,0.905,0.015,0.6083499005964215,-0.0322855883272751,0.9659023410384292,0.0108405251921419,0.8491991833683181,0.0082377926297758,0.2374888211488723,0.0525993555784225,0.7553111111111108,-0.0534222222222224,0.89913,0.011884,0.015
celeba,noniid,20,2025,6,10,0.905,0.016,0.6083499005964215,-0.0348751833901406,0.9659023410384292,0.008729805950764,0.8491991833683181,0.0082698335106535,0.2374888211488723,0.051628366112709,0.7553111111111108,-0.1084666666666669,0.89913,0.0168979999999999,0.016
celeba,noniid,20,2025,6,11,0.905,0.0131999999999999,0.6083499005964215,-0.0254591984223118,0.9659023410384292,0.0070425934226187,0.8491991833683181,0.0049195075563077,0.2374888211488723,0.0308900624513626,0.7553111111111108,-0.0373222222222224,0.89913,0.01936,0.0131999999999999
celeba,noniid,20,2025,6,12,0.905,0.0121999999999999,0.6083499005964215,-0.0183197343100789,0.9659023410384292,0.0057670766535572,0.8491991833683181,0.0005594830737885,0.2374888211488723,0.0483009666204452,0.7553111111111108,-0.0873111111111113,0.89913,0.0141719999999999,0.0121999999999999
celeba,noniid,20,2025,6,13,0.905,0.0104,0.6083499005964215,-0.0154808343701708,0.9659023410384292,0.0064316124184498,0.8491991833683181,0.0017712856198062,0.2374888211488723,0.05067078769207,0.7553111111111108,-0.147077777777778,0.89913,0.013432,0.0104
celeba,noniid,20,2025,6,14,0.905,0.012,0.6083499005964215,-0.0206285102649184,0.9659023410384292,0.0039429163075292,0.8491991833683181,0.0056309794240034,0.2374888211488723,0.0408093482255935,0.7553111111111108,-0.1800000000000001,0.89913,0.020224,0.012
celeba,noniid,20,2025,6,15,0.905,0.012,0.6083499005964215,-0.0244033345664522,0.9659023410384292,0.009184841033896,0.8491991833683181,0.0086280341276459,0.2374888211488723,0.0487313121557235,0.7553111111111108,-0.0607555555555558,0.89913,0.016032,0.012
celeba,noniid,20,2025,6,16,0.905,0.0101999999999999,0.6083499005964215,-0.017789241435141,0.9659023410384292,0.0092974447057142,0.8491991833683181,-0.0001059813752111,0.2374888211488723,0.0410771518945694,0.7553111111111108,-0.0634444444444448,0.89913,0.00773,0.0101999999999999
celeba,noniid,20,2025,6,17,0.905,0.0058,0.6083499005964215,-0.0199804724053547,0.9659023410384292,0.0061935079319433,0.8491991833683181,0.0017392447389283,0.2374888211488723,0.0438283234834671,0.7553111111111108,-0.0756000000000003,0.89913,-0.009444,0.0058
celeba,noniid,20,2025,6,18,0.905,0.009,0.6083499005964215,-0.0170398544147143,0.9659023410384292,0.0089782620852175,0.8491991833683181,5.011522393694179e-05,0.2374888211488723,0.0477983504533767,0.7553111111111108,-0.0417777777777781,0.89913,0.0093159999999999,0.009
celeba,noniid,20,2025,6,19,0.905,0.0136,0.6083499005964215,-0.0231703847357229,0.9659023410384292,0.0075314687758945,0.8491991833683181,0.0073841907007504,0.2374888211488723,0.0314600318670272,0.7553111111111108,-0.0398555555555557,0.89913,0.0215959999999999,0.0136
celeba,noniid,20,2025,7,0,0.91,0.0088,0.5898678414096916,-0.0218708075382596,0.9659717326217973,0.0071286594058064,0.8460090618183611,0.00145909242151,0.2324298620223999,0.0438987612724304,0.8019333333333334,0.0472888888888889,0.88852,0.0094279999999999,0.0088
celeba,noniid,20,2025,7,1,0.91,0.0134,0.5898678414096916,-0.0384369797411636,0.9659717326217973,0.0073515517285204,0.8460090618183611,0.0051076450363335,0.2324298620223999,0.0446929931640625,0.8019333333333334,-0.0229777777777775,0.88852,0.0062159999999999,0.0134
celeba,noniid,20,2025,7,2,0.91,0.002,0.5898678414096916,-0.0139307451627466,0.9659717326217973,0.0003395128920088,0.8460090618183611,-0.0047962733990856,0.2324298620223999,0.0261127054691314,0.8019333333333334,0.0399666666666669,0.88852,0.0046559999999999,0.002
celeba,noniid,20,2025,7,3,0.91,0.0078,0.5898678414096916,-0.0215632618246903,0.9659717326217973,0.0065086736549636,0.8460090618183611,0.0012939586508324,0.2324298620223999,0.0436442196369171,0.8019333333333334,-0.0167555555555556,0.88852,0.0023599999999999,0.0078
celeba,noniid,20,2025,7,4,0.91,0.0036,0.5898678414096916,-0.0125630978168277,0.9659717326217973,0.0011638781939683,0.8460090618183611,0.001909307875895,0.2324298620223999,0.0351760983467102,0.8019333333333334,0.0554888888888889,0.88852,0.0113079999999999,0.0036
celeba,noniid,20,2025,7,5,0.91,0.0091999999999999,0.5898678414096916,-0.0288531145540171,0.9659717326217973,0.0058359827145154,0.8460090618183611,0.0002152489946147,0.2324298620223999,0.0431099832057952,0.8019333333333334,0.0686666666666666,0.88852,-0.0028799999999999,0.0091999999999999
celeba,noniid,20,2025,7,6,0.91,0.0091999999999999,0.5898678414096916,-0.0313107141950934,0.9659717326217973,0.0043908974253488,0.8460090618183611,0.004809418375856,0.2324298620223999,0.0364564657211303,0.8019333333333334,0.0553555555555556,0.88852,0.0020519999999999,0.0091999999999999
celeba,noniid,20,2025,7,7,0.91,0.0071999999999999,0.5898678414096916,-0.0279355244007601,0.9659717326217973,0.0044354504623227,0.8460090618183611,0.0011929066419102,0.2324298620223999,0.0420286357402801,0.8019333333333334,0.0017333333333333,0.88852,0.0034399999999999,0.0071999999999999
celeba,noniid,20,2025,7,8,0.91,0.0121999999999999,0.5898678414096916,-0.0383287340850826,0.9659717326217973,0.0053463761477996,0.8460090618183611,0.0045522697677857,0.2324298620223999,0.0454165041446685,0.8019333333333334,0.0021777777777778,0.88852,0.0080359999999999,0.0121999999999999
celeba,noniid,20,2025,7,9,0.91,0.0106,0.5898678414096916,-0.0334365837626455,0.9659717326217973,0.005693801454159,0.8460090618183611,0.0010458472142919,0.2324298620223999,0.044255793094635,0.8019333333333334,-0.0023111111111111,0.88852,0.0052419999999999,0.0106
celeba,noniid,20,2025,7,10,0.91,0.0118,0.5898678414096916,-0.0374654919236416,0.9659717326217973,0.0067844014258051,0.8460090618183611,0.0081046997399759,0.2324298620223999,0.0438425838947296,0.8019333333333334,-0.0188888888888889,0.88852,0.0122679999999999,0.0118
celeba,noniid,20,2025,7,11,0.91,0.0084,0.5898678414096916,-0.0242565774523849,0.9659717326217973,0.0043451248204535,0.8460090618183611,0.0057870760231515,0.2324298620223999,0.0239323079586029,0.8019333333333334,-0.0210666666666665,0.88852,0.0133379999999999,0.0084
celeba,noniid,20,2025,7,12,0.91,0.0094,0.5898678414096916,-0.0230425401342302,0.9659717326217973,0.0056052963351289,0.8460090618183611,-0.0007714458242105,0.2324298620223999,0.0426894724369049,0.8019333333333334,0.0659111111111112,0.88852,0.0056279999999999,0.0094
celeba,noniid,20,2025,7,13,0.91,0.007,0.5898678414096916,-0.0240309152510543,0.9659717326217973,0.0045025182446022,0.8460090618183611,0.0013399660695287,0.2324298620223999,0.0447833538055419,0.8019333333333334,0.0545111111111111,0.88852,-0.0023859999999999,0.007
celeba,noniid,20,2025,7,14,0.91,0.0088,0.5898678414096916,-0.0249731479896015,0.9659717326217973,0.0048125777607469,0.8460090618183611,0.0002152489946147,0.2324298620223999,0.034958004951477,0.8019333333333334,0.0903333333333331,0.88852,0.0171999999999999,0.0088
celeba,noniid,20,2025,7,15,0.91,0.0096,0.5898678414096916,-0.026266910363358,0.9659717326217973,0.0029234098935592,0.8460090618183611,0.0019684602713616,0.2324298620223999,0.042378693819046,0.8019333333333334,0.0230444444444444,0.88852,0.0070859999999999,0.0096
celeba,noniid,20,2025,7,16,0.91,0.0066,0.5898678414096916,-0.0244431909341276,0.9659717326217973,0.0048428895856492,0.8460090618183611,-0.003346218149105,0.2324298620223999,0.0347553789615631,0.8019333333333334,0.0250666666666667,0.88852,-0.00217,0.0066
celeba,noniid,20,2025,7,17,0.91,0.0031999999999999,0.5898678414096916,-0.0232353015739295,0.9659717326217973,0.0055612287274658,0.8460090618183611,0.0021294862367986,0.2324298620223999,0.0401557683944702,0.8019333333333334,0.0926333333333335,0.88852,-0.0098179999999999,0.0031999999999999
celeba,noniid,20,2025,7,18,0.91,0.007,0.5898678414096916,-0.0272053293220156,0.9659717326217973,0.0056468092813427,0.8460090618183611,-0.0006153492250624,0.2324298620223999,0.0434333086013793,0.8019333333333334,-0.0331333333333332,0.88852,-2.4000000000024e-05,0.007
celeba,noniid,20,2025,7,19,0.91,0.0104,0.5898678414096916,-0.0274926546044802,0.9659717326217973,0.0086420379001693,0.8460090618183611,0.0072741015202988,0.2324298620223999,0.0256808400154113,0.8019333333333334,0.0264888888888887,0.88852,0.0135379999999999,0.0104
celeba,noniid,20,2025,8,0,0.9092,0.0028,0.5849637282919322,-0.0238279659868396,0.9633801629441768,0.0002370121541832,0.8411947140762162,0.0043049798922932,0.2291759252548217,0.0425341427326202,0.8173777777777778,-0.0043111111111111,0.881526,-0.0147779999999999,0.0028
celeba,noniid,20,2025,8,1,0.9092,0.0086,0.5849637282919322,-0.0346545584368738,0.9633801629441768,0.0053451535569541,0.8411947140762162,0.0065765961904213,0.2291759252548217,0.0447055101394653,0.8173777777777778,-0.0809555555555556,0.881526,-0.0091939999999999,0.0086
celeba,noniid,20,2025,8,2,0.9092,-0.0023999999999999,0.5849637282919322,-0.0124761304588953,0.9633801629441768,-0.0011525675928985,0.8411947140762162,0.0027998800520868,0.2291759252548217,0.0262517929077148,0.8173777777777778,-0.0025999999999999,0.881526,-0.0145259999999999,-0.0023999999999999
celeba,noniid,20,2025,8,3,0.9092,0.0023999999999999,0.5849637282919322,-0.0202413886026421,0.9633801629441768,-0.0011088641372836,0.8411947140762162,0.005149544649789,0.2291759252548217,0.0424934327602386,0.8173777777777778,-0.0285111111111111,0.881526,-0.0102179999999999,0.0023999999999999
celeba,noniid,20,2025,8,4,0.9092,-0.0006,0.5849637282919322,-0.0142872080376558,0.9633801629441768,-0.0028618153897879,0.8411947140762162,0.0021664564839651,0.2291759252548217,0.0343256890773773,0.8173777777777778,-0.0209333333333332,0.881526,-0.00319,-0.0006
celeba,noniid,20,2025,8,5,0.9092,0.003,0.5849637282919322,-0.0251421852120394,0.9633801629441768,-0.0016502049316431,0.8411947140762162,0.0018953413380764,0.2291759252548217,0.0426446795463562,0.8173777777777778,0.0183555555555554,0.881526,-0.0187819999999999,0.003
celeba,noniid,20,2025,8,6,0.9092,0.0061999999999999,0.5849637282919322,-0.032052846293703,0.9633801629441768,0.0031927822226796,0.8411947140762162,0.0072880680581171,0.2291759252548217,0.035952091217041,0.8173777777777778,-0.0400666666666666,0.881526,-0.0165599999999999,0.0061999999999999
celeba,noniid,20,2025,8,7,0.9092,0.0003999999999999,0.5849637282919322,-0.0219267310720253,0.9633801629441768,-0.002667645229498,0.8411947140762162,0.0026848615053463,0.2291759252548217,0.0409214496612548,0.8173777777777778,0.0664888888888888,0.881526,-0.012282,0.0003999999999999
celeba,noniid,20,2025,8,8,0.9092,0.0086,0.5849637282919322,-0.0372142265553453,0.9633801629441768,0.006124610748905,0.8411947140762162,0.005043563274578,0.2291759252548217,0.04576376080513,0.8173777777777778,-0.0082222222222223,0.881526,-0.0081819999999999,0.0086
celeba,noniid,20,2025,8,9,0.9092,0.0056,0.5849637282919322,-0.0285318469293067,0.9633801629441768,0.0014932940069801,0.8411947140762162,0.0043690616540488,0.2291759252548217,0.0434096753597259,0.8173777777777778,-0.0617333333333331,0.881526,-0.0115699999999999,0.0056
celeba,noniid,20,2025,8,10,0.9092,0.0068,0.5849637282919322,-0.0311688683931505,0.9633801629441768,0.002560745779407,0.8411947140762162,0.0065215516001955,0.2291759252548217,0.04248046875,0.8173777777777778,0.0466777777777778,0.881526,-0.012228,0.0068
celeba,noniid,20,2025,8,11,0.9092,0.0036,0.5849637282919322,-0.0214309795360722,0.9633801629441768,-0.0015027872058891,0.8411947140762162,0.0039927866939972,0.2291759252548217,0.0228909254074096,0.8173777777777778,-0.0587111111111111,0.881526,0.000684,0.0036
celeba,noniid,20,2025,8,12,0.9092,0.0036,0.5849637282919322,-0.0243077948868757,0.9633801629441768,0.000352901510038,0.8411947140762162,0.0026618577959981,0.2291759252548217,0.0413018763065338,0.8173777777777778,-0.0559555555555555,0.881526,-0.0140859999999999,0.0036
celeba,noniid,20,2025,8,13,0.9092,0.0006,0.5849637282919322,-0.0193591654001719,0.9633801629441768,-0.0021777989245015,0.8411947140762162,0.0015880775060692,0.2291759252548217,0.0443078279495239,0.8173777777777778,0.0525777777777776,0.881526,-0.0173259999999999,0.0006
celeba,noniid,20,2025,8,14,0.9092,0.0026,0.5849637282919322,-0.0254001085327646,0.9633801629441768,0.0019178989075316,0.8411947140762162,0.0043370207731709,0.2291759252548217,0.0337746143341064,0.8173777777777778,0.0184444444444444,0.881526,-0.0040259999999999,0.0026
celeba,noniid,20,2025,8,15,0.9092,0.0041999999999999,0.5849637282919322,-0.0267489788903882,0.9633801629441768,0.0005297814895761,0.8411947140762162,0.0040478312842231,0.2291759252548217,0.0414199829101562,0.8173777777777778,-0.0024666666666666,0.881526,-0.011506,0.0041999999999999
celeba,noniid,20,2025,8,16,0.9092,0.001,0.5849637282919322,-0.0208563775281735,0.9633801629441768,0.000570196248471,0.8411947140762162,0.0008536019290252,0.2291759252548217,0.0341542959213256,0.8173777777777778,-0.0239555555555555,0.881526,-0.01485,0.001
celeba,noniid,20,2025,8,17,0.9092,-0.0008,0.5849637282919322,-0.0133607866992494,0.9633801629441768,-0.0046413013182393,0.8411947140762162,0.0029099692325387,0.2291759252548217,0.0390580892562866,0.8173777777777778,0.0428444444444444,0.881526,-0.009498,-0.0008
celeba,noniid,20,2025,8,18,0.9092,0.0013999999999999,0.5849637282919322,-0.0178606318139813,0.9633801629441768,0.0006444482545855,0.8411947140762162,0.0044290356105636,0.2291759252548217,0.0427016615867614,0.8173777777777778,0.0175777777777776,0.881526,-0.0067539999999999,0.0013999999999999
celeba,noniid,20,2025,8,19,0.9092,0.0063999999999999,0.5849637282919322,-0.0232040421274938,0.9633801629441768,0.0044557746879863,0.8411947140762162,0.005879090860544,0.2291759252548217,0.0245003700256347,0.8173777777777778,-0.0163555555555556,0.881526,-0.0019339999999999,0.0063999999999999
celeba,noniid,20,2025,9,0,0.9134,0.0041999999999999,0.576475751590959,-0.0267791417453067,0.9673997793693369,0.0033651805713358,0.8438196016250477,0.0064435033006213,0.2202791571617126,0.038289725780487,0.7462444444444445,-0.0294666666666667,0.893026,0.0034899999999999,0.0041999999999999
celeba,noniid,20,2025,9,1,0.9134,0.0051999999999999,0.576475751590959,-0.0382314258639067,0.9673997793693369,0.0038246055716716,0.8438196016250477,0.0079165622599499,0.2202791571617126,0.0380076467990875,0.7462444444444445,0.0556222222222222,0.893026,0.004484,0.0051999999999999
celeba,noniid,20,2025,9,2,0.9134,0.0008,0.576475751590959,-0.0076435728222895,0.9673997793693369,0.0041891758764923,0.8438196016250477,0.007660235212928,0.2202791571617126,0.0233372300863266,0.7462444444444445,0.060577777777778,0.893026,0.007024,0.0008
celeba,noniid,20,2025,9,3,0.9134,0.0018,0.576475751590959,-0.0233483469138783,0.9673997793693369,0.0016119865473858,0.8438196016250477,0.0079995399258129,0.2202791571617126,0.0381097197532653,0.7462444444444445,0.0177333333333336,0.893026,0.0021759999999999,0.0018
celeba,noniid,20,2025,9,4,0.9134,0.002,0.576475751590959,-0.0066377048734209,0.9673997793693369,0.0011973543223047,0.8438196016250477,0.0061502060064326,0.2202791571617126,0.0305785238742828,0.7462444444444445,-0.0395333333333334,0.893026,0.0146699999999999,0.002
celeba,noniid,20,2025,9,5,0.9134,0.002,0.576475751590959,-0.0308241604582933,0.9673997793693369,-0.0022762678410823,0.8438196016250477,0.0046122437243005,0.2202791571617126,0.0381306707859039,0.7462444444444445,0.0048000000000001,0.893026,-0.0059,0.002
celeba,noniid,20,2025,9,6,0.9134,0.0048,0.576475751590959,-0.0311303156765723,0.9673997793693369,0.0026017939819745,0.8438196016250477,0.0081186662777943,0.2202791571617126,0.0315935313701629,0.7462444444444445,-0.0026888888888889,0.893026,-0.00277,0.0048
celeba,noniid,20,2025,9,7,0.9134,0.0011999999999999,0.576475751590959,-0.0263813912661838,0.9673997793693369,0.001423914324456,0.8438196016250477,0.0058560871511958,0.2202791571617126,0.0366211533546447,0.7462444444444445,-0.0167555555555556,0.893026,0.00119,0.0011999999999999
celeba,noniid,20,2025,9,8,0.9134,0.0091999999999999,0.576475751590959,-0.0356881972851979,0.9673997793693369,0.0046439713042017,0.8438196016250477,0.0083158409293497,0.2202791571617126,0.0409952700138092,0.7462444444444445,-0.1043555555555555,0.893026,0.010166,0.0091999999999999
celeba,noniid,20,2025,9,9,0.9134,0.0051999999999999,0.576475751590959,-0.0338880852337378,0.9673997793693369,0.0023194917223817,0.8438196016250477,0.0076733801896984,0.2202791571617126,0.0388824045658111,0.7462444444444445,0.0156,0.893026,0.0003779999999999,0.0051999999999999
celeba,noniid,20,2025,9,10,0.9134,0.0061999999999999,0.576475751590959,-0.0335220462509261,0.9673997793693369,0.0032748579523909,0.8438196016250477,0.006374492172577,0.2202791571617126,0.0377543866634368,0.7462444444444445,-0.0092888888888886,0.893026,0.0072459999999999,0.0061999999999999
celeba,noniid,20,2025,9,11,0.9134,0.0031999999999999,0.576475751590959,-0.0267791417453067,0.9673997793693369,0.0020010461703207,0.8438196016250477,0.0082747628769423,0.2202791571617126,0.0202090293169021,0.7462444444444445,-0.0443777777777776,0.893026,0.0099519999999999,0.0031999999999999
celeba,noniid,20,2025,9,12,0.9134,0.0045999999999999,0.576475751590959,-0.0252434461167774,0.9673997793693369,0.0055146065514524,0.8438196016250477,0.005957139160118,0.2202791571617126,0.0366798639297485,0.7462444444444445,-0.0077111111111112,0.893026,0.0008679999999999,0.0045999999999999
celeba,noniid,20,2025,9,13,0.9134,0.0021999999999999,0.576475751590959,-0.0202664892190783,0.9673997793693369,0.0025306974116153,0.8438196016250477,0.0057369607992144,0.2202791571617126,0.0399604141712188,0.7462444444444445,0.0332666666666665,0.893026,0.003622,0.0021999999999999
celeba,noniid,20,2025,9,14,0.9134,0.0023999999999999,0.576475751590959,-0.0276130591366734,0.9673997793693369,0.004669668206535,0.8438196016250477,0.011028635510333,0.2202791571617126,0.0299939513206481,0.7462444444444445,-0.0802666666666664,0.893026,0.011162,0.0023999999999999
celeba,noniid,20,2025,9,15,0.9134,0.003,0.576475751590959,-0.0269573470005902,0.9673997793693369,0.0022258862617124,0.8438196016250477,0.0080866253969165,0.2202791571617126,0.0369521379470825,0.7462444444444445,0.0077111111111112,0.893026,0.0025779999999999,0.003
celeba,noniid,20,2025,9,16,0.9134,0.001,0.576475751590959,-0.0229960793949565,0.9673997793693369,0.0039818745922935,0.8438196016250477,0.0088441046833087,0.2202791571617126,0.0299137830734252,0.7462444444444445,-0.0278222222222221,0.893026,0.0050139999999999,0.001
celeba,noniid,20,2025,9,17,0.9134,0.0003999999999999,0.576475751590959,-0.0166776387974544,0.9673997793693369,0.0033242744350354,0.8438196016250477,0.004860355160841,0.2202791571617126,0.0350759625434875,0.7462444444444445,0.0274666666666667,0.893026,-0.0020919999999999,0.0003999999999999
celeba,noniid,20,2025,9,18,0.9134,0.0013999999999999,0.576475751590959,-0.017102431826679,0.9673997793693369,0.0024645975581323,0.8438196016250477,0.006691614737162,0.2202791571617126,0.037300169467926,0.7462444444444445,0.0384666666666666,0.893026,0.0102539999999999,0.0013999999999999
celeba,noniid,20,2025,9,19,0.9134,0.0023999999999999,0.576475751590959,-0.0260319474851519,0.9673997793693369,0.0022034898740851,0.8438196016250477,0.0082747628769423,0.2202791571617126,0.0206620097160339,0.7462444444444445,-0.0126000000000001,0.893026,0.0140139999999999,0.0023999999999999
celeba,noniid,20,2025,10,0,0.914,0.0031999999999999,0.5619943144544063,-0.0136368600790733,0.9630410172168996,-0.0004641731112523,0.8391933913629286,0.0050394554693371,0.2178565859794616,0.0382664501667022,0.7968444444444445,-0.0254222222222222,0.887186,0.009832,0.0031999999999999
celeba,noniid,20,2025,10,1,0.914,0.0076,0.5619943144544063,-0.0339519292115993,0.9630410172168996,-4.419778332720448e-05,0.8391933913629286,0.0041899613455524,0.2178565859794616,0.0392276048660278,0.7968444444444445,-0.0524333333333333,0.887186,0.009508,0.0076
celeba,noniid,20,2025,10,2,0.914,0.0014,0.5619943144544063,-0.0007800490223276,0.9630410172168996,-0.0005304002003334,0.8391933913629286,-0.0009176836907809,0.2178565859794616,0.0245607793331146,0.7968444444444445,-0.0236444444444443,0.887186,0.008552,0.0014
celeba,noniid,20,2025,10,3,0.914,0.004,0.5619943144544063,-0.0126981284278432,0.9630410172168996,-0.0005889310127502,0.8391933913629286,0.0051725483591371,0.2178565859794616,0.0385796427726745,0.7968444444444445,-0.0043111111111111,0.887186,0.0068179999999999,0.004
celeba,noniid,20,2025,10,4,0.914,0.0041999999999999,0.5619943144544063,-0.0041304658619382,0.9630410172168996,0.0015623006697769,0.8391933913629286,0.0020563673035133,0.2178565859794616,0.031119167804718,0.7968444444444445,0.0298,0.887186,0.01719,0.0041999999999999
celeba,noniid,20,2025,10,5,0.914,0.0048,0.5619943144544063,-0.0214673085937573,0.9630410172168996,-0.0037039593247343,0.8391933913629286,0.0017072038580505,0.2178565859794616,0.0393042266368866,0.7968444444444445,0.1185999999999998,0.887186,-0.0018199999999999,0.0048
celeba,noniid,20,2025,10,6,0.914,0.0051999999999999,0.5619943144544063,-0.0305249374707862,0.9630410172168996,-0.0026461042782254,0.8391933913629286,0.0028590324475534,0.2178565859794616,0.0318839848041534,0.7968444444444445,0.0034222222222224,0.887186,-0.0031219999999999,0.0051999999999999
celeba,noniid,20,2025,10,7,0.914,0.0034,0.5619943144544063,-0.0176235199404981,0.9630410172168996,-0.003001806130502,0.8391933913629286,0.0020744416465725,0.2178565859794616,0.0379859209060668,0.7968444444444445,-0.0043111111111109,0.887186,0.006906,0.0034
celeba,noniid,20,2025,10,8,0.914,0.0068,0.5619943144544063,-0.0341256149988565,0.9630410172168996,0.0001966004182125,0.8391933913629286,0.0028360287382054,0.2178565859794616,0.040404736995697,0.7968444444444445,0.0523222222222221,0.887186,0.009402,0.0068
celeba,noniid,20,2025,10,9,0.914,0.0056,0.5619943144544063,-0.0245843434113802,0.9630410172168996,-0.002398009350168,0.8391933913629286,0.0017942893291542,0.2178565859794616,0.0384400188922882,0.7968444444444445,-0.0168666666666665,0.887186,0.0029299999999999,0.0056
celeba,noniid,20,2025,10,10,0.914,0.0068,0.5619943144544063,-0.0279020014511749,0.9630410172168996,0.001547221787431,0.8391933913629286,0.0032583111169531,0.2178565859794616,0.0396476089954376,0.7968444444444445,-0.0505111111111111,0.887186,0.0105699999999999,0.0068
celeba,noniid,20,2025,10,11,0.914,0.0034,0.5619943144544063,-0.0229320753500322,0.9630410172168996,-0.0031125773786373,0.8391933913629286,0.0026938986768758,0.2178565859794616,0.021305039525032,0.7968444444444445,-0.0417333333333331,0.887186,0.0121459999999999,0.0034
celeba,noniid,20,2025,10,12,0.914,0.0064,0.5619943144544063,-0.0163269016724939,0.9630410172168996,-0.0023959490890483,0.8391933913629286,-0.0013769363166953,0.2178565859794616,0.0379610061645507,0.7968444444444445,-0.0116222222222222,0.887186,0.005336,0.0064
celeba,noniid,20,2025,10,13,0.914,0.0031999999999999,0.5619943144544063,-0.0052880074453298,0.9630410172168996,-0.003109549188721,0.8391933913629286,0.000624386396592,0.2178565859794616,0.0414158403873443,0.7968444444444445,-0.0527555555555554,0.887186,0.0084819999999999,0.0031999999999999
celeba,noniid,20,2025,10,14,0.914,0.0036,0.5619943144544063,-0.0220881236074222,0.9630410172168996,0.0006476186038679,0.8391933913629286,0.0029050398662497,0.2178565859794616,0.030164361000061,0.7968444444444445,-0.0115777777777776,0.887186,0.013402,0.0036
celeba,noniid,20,2025,10,15,0.914,0.0034,0.5619943144544063,-0.013956443954035,0.9630410172168996,-7.596304919499364e-05,0.8391933913629286,0.0038276529233194,0.2178565859794616,0.0370772182941436,0.7968444444444445,-0.0146888888888887,0.887186,0.012512,0.0034
celeba,noniid,20,2025,10,16,0.914,0.0031999999999999,0.5619943144544063,-0.0149878950777703,0.9630410172168996,0.0018061389518361,0.8391933913629286,0.0025977760342426,0.2178565859794616,0.029653251171112,0.7968444444444445,-0.0446222222222223,0.887186,0.008118,0.0031999999999999
celeba,noniid,20,2025,10,17,0.914,0.0018,0.5619943144544063,-0.0055495451947165,0.9630410172168996,-0.0028586539184251,0.8391933913629286,-0.0023176237168244,0.2178565859794616,0.035216212272644,0.7968444444444445,-0.0595999999999998,0.887186,0.0080299999999999,0.0018
celeba,noniid,20,2025,10,18,0.914,0.0028,0.5619943144544063,-0.0105331580730662,0.9630410172168996,-0.0014926931498162,0.8391933913629286,0.0013999400260433,0.2178565859794616,0.0379580855369567,0.7968444444444445,-0.0078777777777776,0.887186,0.0077099999999999,0.0028
celeba,noniid,20,2025,10,19,0.914,0.004,0.5619943144544063,-0.0232804108203189,0.9630410172168996,0.0022015332377284,0.8391933913629286,0.0048143477421447,0.2178565859794616,0.0213533490896224,0.7968444444444445,0.0439111111111112,0.887186,0.013954,0.004
celeba,noniid,20,9928,1,0,0.5334,-0.0004,0.9996251874062968,0.0067466266866565,1.0,0.0006422607578677,1.0,0.0006884681583476,0.6640953421592712,0.0092329978942871,0.8727999999999998,-0.0155555555555555,0.999834,0.0008719999999999,-0.0004
celeba,noniid,20,9928,1,1,0.5334,0.0,0.9996251874062968,-0.0003748125937031,1.0,0.0,1.0,0.0,0.6640953421592712,0.0102109909057617,0.8727999999999998,0.0312444444444444,0.999834,-5.999999999994898e-05,0.0
celeba,noniid,20,9928,1,2,0.5334,-0.1573999999999999,0.9996251874062968,0.6179925343450723,1.0,0.0947153984511286,1.0,0.1375350703872427,0.6640953421592712,0.0059570670127868,0.8727999999999998,0.0062444444444442,0.999834,0.070824,-0.1573999999999999
celeba,noniid,20,9928,1,3,0.5334,-0.0071999999999999,0.9996251874062968,0.1155192271413961,1.0,0.0096297730899364,1.0,0.0107493047539629,0.6640953421592712,0.0090545415878295,0.8727999999999998,0.0449555555555554,0.999834,0.017278,-0.0071999999999999
celeba,noniid,20,9928,1,4,0.5334,-0.1967999999999999,0.9996251874062968,0.7275238379157983,1.0,0.1076782581177198,1.0,0.1637896968028951,0.6640953421592712,0.0076504349708557,0.8727999999999998,-0.0163333333333335,0.999834,0.0747459999999999,-0.1967999999999999
celeba,noniid,20,9928,1,5,0.5334,-0.0557999999999999,0.9996251874062968,0.3357968495316373,1.0,0.0540185757454603,1.0,0.066065831686788,0.6640953421592712,0.0068675279617309,0.8727999999999998,0.007222222222222,0.999834,0.055416,-0.0557999999999999
celeba,noniid,20,9928,1,6,0.5334,0.0,0.9996251874062968,0.0,1.0,0.0,1.0,0.0,0.6640953421592712,0.0089834928512573,0.8727999999999998,0.006244444444444,0.999834,-0.0001659999999999,0.0
celeba,noniid,20,9928,1,7,0.5334,-0.0494,0.9996251874062968,0.3139109016920111,1.0,0.0546358766694304,1.0,0.0642206055726486,0.6640953421592712,0.0080698132514953,0.8727999999999998,-0.0362333333333333,0.999834,0.0492839999999999,-0.0494
celeba,noniid,20,9928,1,8,0.5334,0.0,0.9996251874062968,0.0,1.0,0.0,1.0,0.0,0.6640953421592712,0.0093310475349426,0.8727999999999998,-0.0378666666666669,0.999834,-0.000144,0.0
celeba,noniid,20,9928,1,9,0.5334,-0.0004,0.9996251874062968,0.0101160079383312,1.0,0.0006422607578677,1.0,0.0006884681583476,0.6640953421592712,0.0095646381378173,0.8727999999999998,-0.0118444444444445,0.999834,0.004942,-0.0004
celeba,noniid,20,9928,1,10,0.5334,-0.2276,0.9996251874062968,0.8491384733836712,1.0,0.1417004686291822,1.0,0.2148365709684971,0.6640953421592712,0.0107107162475585,0.8727999999999998,-0.0088444444444446,0.999834,0.082322,-0.2276
celeba,noniid,20,9928,1,11,0.5334,0.0,0.9996251874062968,0.0,1.0,0.0,1.0,0.0,0.6640953421592712,0.0083809494972229,0.8727999999999998,-0.0091555555555555,0.999834,-0.0001659999999999,0.0
celeba,noniid,20,9928,1,12,0.5334,-0.027,0.9996251874062968,0.1703394731205825,1.0,0.0269397764667712,1.0,0.0325050628699592,0.6640953421592712,0.004964530467987,0.8727999999999998,-0.0159111111111112,0.999834,0.0353499999999999,-0.027
celeba,noniid,20,9928,1,13,0.5334,-0.2074,0.9996251874062968,0.7815226792274528,1.0,0.1435603075352044,1.0,0.2017384231778802,0.6640953421592712,0.0096633434295654,0.8727999999999998,-0.0077555555555557,0.999834,0.089426,-0.2074
celeba,noniid,20,9928,1,14,0.5334,-0.0001999999999999,0.9996251874062968,0.0007496251874062,1.0,0.0003211303789338,1.0,0.0003442340791738,0.6640953421592712,0.0062886476516723,0.8727999999999998,0.0081333333333333,0.999834,0.000222,-0.0001999999999999
celeba,noniid,20,9928,1,15,0.5334,-0.0004,0.9996251874062968,0.0123449779038651,1.0,0.0006422607578677,1.0,0.0006884681583476,0.6640953421592712,0.0067846179008483,0.8727999999999998,-0.0301444444444447,0.999834,0.0056359999999999,-0.0004
celeba,noniid,20,9928,1,16,0.5334,-0.0432,0.9996251874062968,0.2624902778096347,1.0,0.0432967344020023,1.0,0.0521724128015642,0.6640953421592712,0.0061956644058227,0.8727999999999998,-0.0125000000000001,0.999834,0.045872,-0.0432
celeba,noniid,20,9928,1,17,0.5334,-0.0857999999999999,0.9996251874062968,0.4258546956030181,1.0,0.0619994965669232,1.0,0.0836176619194131,0.6640953421592712,0.0060585737228393,0.8727999999999998,0.0027777777777775,0.999834,0.0664839999999999,-0.0857999999999999
celeba,noniid,20,9928,1,18,0.5334,-0.0034,0.9996251874062968,0.0471911480157356,1.0,0.0044937561660343,1.0,0.0050304182978077,0.6640953421592712,0.007981538772583,0.8727999999999998,-0.0080000000000002,0.999834,0.012036,-0.0034
celeba,noniid,20,9928,1,19,0.5334,0.0,0.9996251874062968,-0.0003748125937031,1.0,0.0,1.0,0.0,0.6640953421592712,0.0109133124351501,0.8727999999999998,0.0101555555555554,0.999834,-0.000148,0.0
celeba,noniid,20,9928,2,0,0.874,0.1542,0.645444059976932,-0.1309413479874233,0.9450041963854046,0.0641915885652203,0.8310205020559566,-0.002872998985372,0.3770089149475097,0.1661341786384582,0.7354666666666667,-0.1263333333333332,0.961844,-0.0062879999999999,0.1542
celeba,noniid,20,9928,2,1,0.874,0.2042,0.645444059976932,-0.1817164338502285,0.9450041963854046,0.0565837693598842,0.8310205020559566,-0.0263597862298151,0.3770089149475097,0.1825073361396789,0.7354666666666667,-0.1353999999999999,0.961844,-0.0079339999999999,0.2042
celeba,noniid,20,9928,2,2,0.874,0.0907999999999999,0.645444059976932,-0.0810121884192702,0.9450041963854046,0.049160090305285,0.8310205020559566,0.0075747928639208,0.3770089149475097,0.1344705820083618,0.7354666666666667,-0.0862444444444443,0.961844,-0.0021859999999999,0.0907999999999999
celeba,noniid,20,9928,2,3,0.874,0.176,0.645444059976932,-0.1580809327997221,0.9450041963854046,0.060348360928391,0.8310205020559566,-0.0131499061366502,0.3770089149475097,0.1738480925559997,0.7354666666666667,-0.1550888888888888,0.961844,-0.0024219999999999,0.176
celeba,noniid,20,9928,2,4,0.874,0.1046,0.645444059976932,-0.0954318524318271,0.9450041963854046,0.0572464070523403,0.8310205020559566,0.0095572196731009,0.3770089149475097,0.1397029757499694,0.7354666666666667,-0.098688888888889,0.961844,-0.0026319999999999,0.1046
celeba,noniid,20,9928,2,5,0.874,0.1352,0.645444059976932,-0.1166669007808487,0.9450041963854046,0.0666508370621732,0.8310205020559566,0.0066924362982102,0.3770089149475097,0.153932511806488,0.7354666666666667,-0.126111111111111,0.961844,-0.0084079999999999,0.1352
celeba,noniid,20,9928,2,6,0.874,0.1744,0.645444059976932,-0.1616289705003537,0.9450041963854046,0.0636176093956568,0.8310205020559566,-0.0105291263930594,0.3770089149475097,0.1626126170158386,0.7354666666666667,-0.1158444444444442,0.961844,-0.00785,0.1744
celeba,noniid,20,9928,2,7,0.874,0.1385999999999999,0.645444059976932,-0.1164088010584903,0.9450041963854046,0.0638227466077749,0.8310205020559566,0.0023504861587503,0.3770089149475097,0.1586547493934631,0.7354666666666667,-0.1174555555555556,0.961844,-0.0060959999999999,0.1385999999999999
celeba,noniid,20,9928,2,8,0.874,0.173,0.645444059976932,-0.1576036686027114,0.9450041963854046,0.0639346014965116,0.8310205020559566,-0.0097626099351376,0.3770089149475097,0.1707289814949035,0.7354666666666667,-0.0837999999999998,0.961844,-0.0026899999999999,0.173
celeba,noniid,20,9928,2,9,0.874,0.1684,0.645444059976932,-0.1474823518884416,0.9450041963854046,0.0607005371777384,0.8310205020559566,-0.0108823976437628,0.3770089149475097,0.1700538396835327,0.7354666666666667,-0.1299333333333334,0.961844,-0.0064359999999999,0.1684
celeba,noniid,20,9928,2,10,0.874,0.2034,0.645444059976932,-0.1760059100650093,0.9450041963854046,0.0549719100480965,0.8310205020559566,-0.0274475330575626,0.3770089149475097,0.1835384368896484,0.7354666666666667,-0.1750888888888888,0.961844,-0.0058159999999999,0.2034
celeba,noniid,20,9928,2,11,0.874,0.1889999999999999,0.645444059976932,-0.1724978925296643,0.9450041963854046,0.0585188369744662,0.8310205020559566,-0.0200485542579454,0.3770089149475097,0.1662594676017761,0.7354666666666667,-0.1784222222222222,0.961844,-0.0097599999999999,0.1889999999999999
celeba,noniid,20,9928,2,12,0.874,0.1198,0.645444059976932,-0.1134797546208303,0.9450041963854046,0.0605532641641249,0.8310205020559566,0.0062430424048735,0.3770089149475097,0.1413191556930542,0.7354666666666667,-0.1576222222222221,0.961844,-0.0045039999999999,0.1198
celeba,noniid,20,9928,2,13,0.874,0.1622,0.645444059976932,-0.1406537077540655,0.9450041963854046,0.0619664364421181,0.8310205020559566,-0.0076051906227021,0.3770089149475097,0.1680843234062194,0.7354666666666667,-0.1623777777777777,0.961844,-0.0044139999999999,0.1622
celeba,noniid,20,9928,2,14,0.874,0.167,0.645444059976932,-0.1543287318435735,0.9450041963854046,0.0648793703819575,0.8310205020559566,-0.0068296369932508,0.3770089149475097,0.1569814682006836,0.7354666666666667,-0.0888777777777776,0.961844,-0.0044639999999999,0.167
celeba,noniid,20,9928,2,15,0.874,0.167,0.645444059976932,-0.1535323403642678,0.9450041963854046,0.0639139101061164,0.8310205020559566,-0.0076511980413983,0.3770089149475097,0.163301408290863,0.7354666666666667,-0.1067777777777776,0.961844,-0.0047159999999999,0.167
celeba,noniid,20,9928,2,16,0.874,0.1029999999999999,0.645444059976932,-0.0969880903362203,0.9450041963854046,0.050531767206706,0.8310205020559566,0.0037512477458419,0.3770089149475097,0.1390780210494995,0.7354666666666667,-0.1360666666666667,0.961844,-0.0041999999999999,0.1029999999999999
celeba,noniid,20,9928,2,17,0.874,0.1041999999999999,0.645444059976932,-0.093118031526336,0.9450041963854046,0.0540766162092154,0.8310205020559566,0.0062709754805105,0.3770089149475097,0.146867573261261,0.7354666666666667,-0.129722222222222,0.961844,-0.0026079999999999,0.1041999999999999
celeba,noniid,20,9928,2,18,0.874,0.1535999999999999,0.645444059976932,-0.133852815023068,0.9450041963854046,0.0641895194261807,0.8310205020559566,-0.0026618577959981,0.3770089149475097,0.1646000146865844,0.7354666666666667,-0.1189444444444445,0.961844,-0.0053219999999999,0.1535999999999999
celeba,noniid,20,9928,2,19,0.874,0.1797999999999999,0.645444059976932,-0.1662047374730825,0.9450041963854046,0.0597743905436483,0.8310205020559566,-0.0157156412900151,0.3770089149475097,0.1612038612365722,0.7354666666666667,-0.1309555555555555,0.961844,-0.0091859999999999,0.1797999999999999
celeba,noniid,20,9928,3,0,0.898,0.03,0.5959256771882695,-0.0825962627655411,0.9675044763887012,0.0283110985744546,0.8435493080402072,0.0104354684335705,0.2868191003799438,0.0898687541484832,0.7300222222222224,-0.1048444444444443,0.951832,-0.0100259999999999,0.03
celeba,noniid,20,9928,3,1,0.898,0.051,0.5959256771882695,-0.1069745821845199,0.9675044763887012,0.0441307150329202,0.8435493080402072,0.02007320108939,0.2868191003799438,0.0949994921684265,0.7300222222222224,-0.0687333333333333,0.951832,-0.0110219999999999,0.051
celeba,noniid,20,9928,3,2,0.898,0.0141999999999999,0.5959256771882695,-0.0489554928300119,0.9675044763887012,0.017356238069262,0.8435493080402072,0.0117442151832697,0.2868191003799438,0.0613832473754882,0.7300222222222224,-0.043711111111111,0.951832,-0.0098199999999999,0.0141999999999999
celeba,noniid,20,9928,3,3,0.898,0.0353999999999999,0.5959256771882695,-0.0926484054870673,0.9675044763887012,0.0325360685253762,0.8435493080402072,0.0113761558336996,0.2868191003799438,0.0922887027263641,0.7300222222222224,-0.0835333333333332,0.951832,-0.0123959999999999,0.0353999999999999
celeba,noniid,20,9928,3,4,0.898,0.0123999999999999,0.5959256771882695,-0.0420092784633111,0.9675044763887012,0.0159960080732816,0.8435493080402072,0.0113358993423403,0.2868191003799438,0.0694957077503204,0.7300222222222224,-0.0215555555555553,0.951832,-0.007738,0.0123999999999999
celeba,noniid,20,9928,3,5,0.898,0.0256,0.5959256771882695,-0.075812450981394,0.9675044763887012,0.0238605603518661,0.8435493080402072,0.0074844211486245,0.2868191003799438,0.0841981470584869,0.7300222222222224,-0.0898666666666665,0.951832,-0.0101419999999999,0.0256
celeba,noniid,20,9928,3,6,0.898,0.0438,0.5959256771882695,-0.0982911338630065,0.9675044763887012,0.0422061735282085,0.8435493080402072,0.0215421522434778,0.2868191003799438,0.0834687352180481,0.7300222222222224,-0.1158888888888887,0.951832,-0.007186,0.0438
celeba,noniid,20,9928,3,7,0.898,0.027,0.5959256771882695,-0.0749662333902048,0.9675044763887012,0.0296015847461037,0.8435493080402072,0.0126019249175358,0.2868191003799438,0.0873532593250274,0.7300222222222224,-0.1137555555555553,0.951832,-0.011676,0.027
celeba,noniid,20,9928,3,8,0.898,0.043,0.5959256771882695,-0.0992477061294436,0.9675044763887012,0.043479813577087,0.8435493080402072,0.0223637132916254,0.2868191003799438,0.0940503478050232,0.7300222222222224,-0.054733333333333,0.951832,-0.0125119999999999,0.043
celeba,noniid,20,9928,3,9,0.898,0.04,0.5959256771882695,-0.0950894920065963,0.9675044763887012,0.0365658973642875,0.8435493080402072,0.0153599053561672,0.2868191003799438,0.0923578143119812,0.7300222222222224,-0.1162222222222222,0.951832,-0.010896,0.04
celeba,noniid,20,9928,3,10,0.898,0.05,0.5959256771882695,-0.1063374062629327,0.9675044763887012,0.0457861564299613,0.8435493080402072,0.0211059033269114,0.2868191003799438,0.0961404740810394,0.7300222222222224,-0.0592888888888887,0.951832,-0.0119879999999999,0.05
celeba,noniid,20,9928,3,11,0.898,0.0355999999999999,0.5959256771882695,-0.0918939415936923,0.9675044763887012,0.0371581258585783,0.8435493080402072,0.0181597854082542,0.2868191003799438,0.0601596236228942,0.7300222222222224,-0.0139555555555554,0.951832,-0.007444,0.0355999999999999
celeba,noniid,20,9928,3,12,0.898,0.026,0.5959256771882695,-0.0762658513568501,0.9675044763887012,0.0270303511949908,0.8435493080402072,0.0107706653412148,0.2868191003799438,0.0796262025833129,0.7300222222222224,-0.0987999999999997,0.951832,-0.009008,0.026
celeba,noniid,20,9928,3,13,0.898,0.0283999999999999,0.5959256771882695,-0.0780576869522111,0.9675044763887012,0.0264877908224692,0.8435493080402072,0.007993788998476,0.2868191003799438,0.0898950397968292,0.7300222222222224,-0.0440888888888888,0.951832,-0.0105379999999999,0.0283999999999999
celeba,noniid,20,9928,3,14,0.898,0.0365999999999999,0.5959256771882695,-0.0866435571612767,0.9675044763887012,0.0382043504689508,0.8435493080402072,0.0207025168522709,0.2868191003799438,0.0757203102111816,0.7300222222222224,-0.0655555555555553,0.951832,-0.011132,0.0365999999999999
celeba,noniid,20,9928,3,15,0.898,0.0373999999999999,0.5959256771882695,-0.0925340715320655,0.9675044763887012,0.0365139173422737,0.8435493080402072,0.0169709865715846,0.2868191003799438,0.0857616961002349,0.7300222222222224,-0.0946222222222221,0.951832,-0.0088739999999999,0.0373999999999999
celeba,noniid,20,9928,3,16,0.898,0.0191999999999999,0.5959256771882695,-0.0614987041132887,0.9675044763887012,0.0209922947837547,0.8435493080402072,0.011707244936103,0.2868191003799438,0.073415607213974,0.7300222222222224,-0.0609777777777775,0.951832,-0.0085959999999999,0.0191999999999999
celeba,noniid,20,9928,3,17,0.898,0.0186,0.5959256771882695,-0.0581320944761045,0.9675044763887012,0.0187186555619602,0.8435493080402072,0.0106975464079297,0.2868191003799438,0.0797963142395019,0.7300222222222224,0.0123999999999999,0.951832,-0.0101519999999999,0.0186
celeba,noniid,20,9928,3,18,0.898,0.0262,0.5959256771882695,-0.0721986035942391,0.9675044763887012,0.0265100628065698,0.8435493080402072,0.0131803038954316,0.2868191003799438,0.0859826207160949,0.7300222222222224,-0.0935555555555556,0.951832,-0.0105739999999999,0.0262
celeba,noniid,20,9928,3,19,0.898,0.0403999999999999,0.5959256771882695,-0.0973859051934596,0.9675044763887012,0.040266197887504,0.8435493080402072,0.0205554574246525,0.2868191003799438,0.0663996934890747,0.7300222222222224,-0.1209333333333331,0.951832,-0.0077,0.0403999999999999
celeba,noniid,20,9928,4,0,0.908,0.0191999999999999,0.5751445086705202,-0.0572381547024867,0.9722622679199592,0.0196218020214338,0.8447652183914656,0.0122626202046507,0.2626876533031463,0.0627841353416442,0.7332000000000001,0.0278666666666667,0.928002,-0.012364,0.0191999999999999
celeba,noniid,20,9928,4,1,0.908,0.0303999999999999,0.5751445086705202,-0.0859729371675641,0.9722622679199592,0.0295754111992804,0.8447652183914656,0.0157411096825077,0.2626876533031463,0.0657218396663665,0.7332000000000001,-0.180422222222222,0.928002,-0.0014979999999999,0.0303999999999999
celeba,noniid,20,9928,4,2,0.908,0.0094,0.5751445086705202,-0.0353607216878149,0.9722622679199592,0.0040746365276931,0.8447652183914656,0.0027990584910386,0.2626876533031463,0.0397968590259552,0.7332000000000001,0.0155555555555557,0.928002,-0.0117019999999999,0.0094
celeba,noniid,20,9928,4,3,0.908,0.0188,0.5751445086705202,-0.0640446805186689,0.9722622679199592,0.0203506112619749,0.8447652183914656,0.0130611775434501,0.2626876533031463,0.0649354457855224,0.7332000000000001,-0.1286222222222222,0.928002,-0.010198,0.0188
celeba,noniid,20,9928,4,4,0.908,0.008,0.5751445086705202,-0.0281042674754521,0.9722622679199592,0.0071026220600141,0.8447652183914656,0.0063654550010474,0.2626876533031463,0.0496762692928314,0.7332000000000001,0.0367999999999999,0.928002,-0.008742,0.008
celeba,noniid,20,9928,4,5,0.908,0.0141999999999999,0.5751445086705202,-0.051339918844604,0.9722622679199592,0.0118427385830481,0.8447652183914656,0.0074803133433837,0.2626876533031463,0.0597485303878784,0.7332000000000001,-0.1082222222222222,0.928002,-0.009928,0.0141999999999999
celeba,noniid,20,9928,4,6,0.908,0.0253999999999999,0.5751445086705202,-0.0728065893598171,0.9722622679199592,0.0308645179706604,0.8447652183914656,0.0198858851704122,0.2626876533031463,0.0553299784660339,0.7332000000000001,-0.0249999999999999,0.928002,-0.004734,0.0253999999999999
celeba,noniid,20,9928,4,7,0.908,0.0166,0.5751445086705202,-0.0569775191446435,0.9722622679199592,0.0166775794499759,0.8447652183914656,0.0105644535181297,0.2626876533031463,0.0620281100273132,0.7332000000000001,0.0117333333333333,0.928002,-0.012406,0.0166
celeba,noniid,20,9928,4,8,0.908,0.0256,0.5751445086705202,-0.0822839329469263,0.9722622679199592,0.0261756206926155,0.8447652183914656,0.0154108421411522,0.2626876533031463,0.0649782419204711,0.7332000000000001,0.0066222222222223,0.928002,-0.0106359999999999,0.0256
celeba,noniid,20,9928,4,9,0.908,0.0243999999999999,0.5751445086705202,-0.0803807300743637,0.9722622679199592,0.0280730620930371,0.8447652183914656,0.0173201500170473,0.2626876533031463,0.0661729574203491,0.7332000000000001,-0.0608444444444444,0.928002,-0.006588,0.0243999999999999
celeba,noniid,20,9928,4,10,0.908,0.0292,0.5751445086705202,-0.0903821671160733,0.9722622679199592,0.0322828110022466,0.8447652183914656,0.019183450474246,0.2626876533031463,0.0644366145133972,0.7332000000000001,-0.0866444444444445,0.928002,-0.008206,0.0292
celeba,noniid,20,9928,4,11,0.908,0.0213999999999999,0.5751445086705202,-0.0622008231630005,0.9722622679199592,0.0230793684957586,0.8447652183914656,0.0147593442299713,0.2626876533031463,0.0330366194248199,0.7332000000000001,-0.0004777777777777,0.928002,-0.0013699999999999,0.0213999999999999
celeba,noniid,20,9928,4,12,0.908,0.0176,0.5751445086705202,-0.0578665099937478,0.9722622679199592,0.0176948983672282,0.8447652183914656,0.0111748733769033,0.2626876533031463,0.058564156293869,0.7332000000000001,-0.0542666666666666,0.928002,-0.0098359999999999,0.0176
celeba,noniid,20,9928,4,13,0.908,0.0168,0.5751445086705202,-0.0512858256350664,0.9722622679199592,0.0170492363997172,0.8447652183914656,0.0110877879057997,0.2626876533031463,0.062642216682434,0.7332000000000001,0.0354000000000001,0.928002,-0.0130019999999999,0.0168
celeba,noniid,20,9928,4,14,0.908,0.0213999999999999,0.5751445086705202,-0.0630193077111178,0.9722622679199592,0.0240741696447812,0.8447652183914656,0.0157370018772669,0.2626876533031463,0.0496813058853149,0.7332000000000001,0.0327555555555554,0.928002,-0.0077319999999999,0.0213999999999999
celeba,noniid,20,9928,4,15,0.908,0.022,0.5751445086705202,-0.0700532314424741,0.9722622679199592,0.0242909670530593,0.8447652183914656,0.0153467603793968,0.2626876533031463,0.0602921247482299,0.7332000000000001,-0.0309333333333332,0.928002,-0.0064359999999999,0.022
celeba,noniid,20,9928,4,16,0.908,0.0131999999999999,0.5751445086705202,-0.0470330008309329,0.9722622679199592,0.0092551946808241,0.8447652183914656,0.0056490537670628,0.2626876533031463,0.0516462624073028,0.7332000000000001,0.0016000000000002,0.928002,-0.0133379999999999,0.0131999999999999
celeba,noniid,20,9928,4,17,0.908,0.0104,0.5751445086705202,-0.0338512606458902,0.9722622679199592,0.0076855853836856,0.8447652183914656,0.0055849720053071,0.2626876533031463,0.0561457574367523,0.7332000000000001,-0.0013555555555555,0.928002,-0.0171339999999999,0.0104
celeba,noniid,20,9928,4,18,0.908,0.0164,0.5751445086705202,-0.0486511444775863,0.9722622679199592,0.0159760419435769,0.8447652183914656,0.0101331339678523,0.2626876533031463,0.0604051649570465,0.7332000000000001,0.0270444444444444,0.928002,-0.0111879999999999,0.0164
celeba,noniid,20,9928,4,19,0.908,0.0223999999999999,0.5751445086705202,-0.0658003732192435,0.9722622679199592,0.0252482721533446,0.8447652183914656,0.0160352285377445,0.2626876533031463,0.0360954403877258,0.7332000000000001,-0.0776444444444441,0.928002,-0.001634,0.0223999999999999
celeba,noniid,20,9928,5,0,0.905,0.0121999999999999,0.5838303512259775,-0.0446387624714262,0.9705475171981188,0.0140402134691121,0.841382851556242,0.0068148488943842,0.252475380897522,0.0589678883552551,0.7778666666666667,-0.0494888888888889,0.941154,-0.0036859999999999,0.0121999999999999
celeba,noniid,20,9928,5,1,0.905,0.0266,0.5838303512259775,-0.0705830819485175,0.9705475171981188,0.0314703986434311,0.841382851556242,0.014245047013831,0.252475380897522,0.063540369272232,0.7778666666666667,-0.0569777777777777,0.941154,0.004636,0.0266
celeba,noniid,20,9928,5,2,0.905,0.0071999999999999,0.5838303512259775,-0.0230983629645621,0.9705475171981188,0.0042730218695524,0.841382851556242,0.0004354273555182,0.252475380897522,0.0388204753398895,0.7778666666666667,0.014,0.941154,-0.0018539999999999,0.0071999999999999
celeba,noniid,20,9928,5,3,0.905,0.0146,0.5838303512259775,-0.0566190869762697,0.9705475171981188,0.0159500697037707,0.841382851556242,0.0074573096340355,0.252475380897522,0.0617954134941101,0.7778666666666667,-0.0916777777777777,0.941154,-0.0036559999999999,0.0146
celeba,noniid,20,9928,5,4,0.905,0.005,0.5838303512259775,-0.0195873141091312,0.9705475171981188,0.0028010496839568,0.841382851556242,-0.0002390742650109,0.252475380897522,0.0439968705177307,0.7778666666666667,-0.0532666666666665,0.941154,-0.0005879999999999,0.005
celeba,noniid,20,9928,5,5,0.905,0.0121999999999999,0.5838303512259775,-0.0420914364835196,0.9705475171981188,0.0095525817913392,0.841382851556242,0.0021976758037948,0.252475380897522,0.0571356415748596,0.7778666666666667,-0.0483666666666664,0.941154,-0.0039039999999999,0.0121999999999999
celeba,noniid,20,9928,5,6,0.905,0.0228,0.5838303512259775,-0.0607846860284817,0.9705475171981188,0.0296004094849231,0.841382851556242,0.0161683214275445,0.252475380897522,0.0560728907585144,0.7778666666666667,-0.0531999999999999,0.941154,0.0018,0.0228
celeba,noniid,20,9928,5,7,0.905,0.0121999999999999,0.5838303512259775,-0.0513714424959956,0.9705475171981188,0.0135231369046431,0.841382851556242,0.0033725081026458,0.252475380897522,0.0596746206283569,0.7778666666666667,-0.0223777777777778,0.941154,-0.0051799999999999,0.0121999999999999
celeba,noniid,20,9928,5,8,0.905,0.0236,0.5838303512259775,-0.0698767012152521,0.9705475171981188,0.031795424539239,0.841382851556242,0.0155899424496486,0.252475380897522,0.063031256198883,0.7778666666666667,0.0262222222222223,0.941154,-0.0008239999999999,0.0236
celeba,noniid,20,9928,5,9,0.905,0.0233999999999999,0.5838303512259775,-0.0668483818056967,0.9705475171981188,0.0294356394283238,0.841382851556242,0.0151126154806748,0.252475380897522,0.0654435157775878,0.7778666666666667,-0.0091555555555555,0.941154,0.000268,0.0233999999999999
celeba,noniid,20,9928,5,10,0.905,0.024,0.5838303512259775,-0.0764056905352572,0.9705475171981188,0.0320485073062527,0.841382851556242,0.016388499788448,0.252475380897522,0.0627328157424926,0.7778666666666667,-0.0414444444444441,0.941154,0.00155,0.024
celeba,noniid,20,9928,5,11,0.905,0.0161999999999999,0.5838303512259775,-0.0587543470015298,0.9705475171981188,0.0178862681955203,0.841382851556242,0.0078565883034353,0.252475380897522,0.0323897302150726,0.7778666666666667,-0.0519333333333331,0.941154,0.00116,0.0161999999999999
celeba,noniid,20,9928,5,12,0.905,0.014,0.5838303512259775,-0.0514716923401576,0.9705475171981188,0.016906445327005,0.841382851556242,0.0078015437132095,0.252475380897522,0.0575792491436004,0.7778666666666667,0.0052333333333334,0.941154,-0.0025939999999999,0.014
celeba,noniid,20,9928,5,13,0.905,0.0121999999999999,0.5838303512259775,-0.0469113023702583,0.9705475171981188,0.0134235578998995,0.841382851556242,0.0047494444193412,0.252475380897522,0.0600301027297973,0.7778666666666667,-0.0638555555555555,0.941154,-0.0022839999999999,0.0121999999999999
celeba,noniid,20,9928,5,14,0.905,0.0161999999999999,0.5838303512259775,-0.0611134689987415,0.9705475171981188,0.0214828544588385,0.841382851556242,0.0101881785580781,0.252475380897522,0.0488066375255584,0.7778666666666667,-0.0803444444444443,0.941154,-0.0055539999999999,0.0161999999999999
celeba,noniid,20,9928,5,15,0.905,0.0198,0.5838303512259775,-0.0609094550366943,0.9705475171981188,0.0259668718326876,0.841382851556242,0.0127169434642765,0.252475380897522,0.0605392754077911,0.7778666666666667,-0.0277333333333333,0.941154,-0.0010819999999999,0.0198
celeba,noniid,20,9928,5,16,0.905,0.0104,0.5838303512259775,-0.0401375130900234,0.9705475171981188,0.0057841122755999,0.841382851556242,-0.0018320811373691,0.252475380897522,0.0486866235733032,0.7778666666666667,-0.0744333333333333,0.941154,-0.0055619999999999,0.0104
celeba,noniid,20,9928,5,17,0.905,0.0068,0.5838303512259775,-0.0265765867326616,0.9705475171981188,0.004432268315536,0.841382851556242,-0.0002300370934813,0.252475380897522,0.0530421733856201,0.7778666666666667,-0.0186888888888887,0.941154,-0.0047019999999999,0.0068
celeba,noniid,20,9928,5,18,0.905,0.0101999999999999,0.5838303512259775,-0.0385160174891063,0.9705475171981188,0.0064700764993232,0.841382851556242,-0.0019101294369431,0.252475380897522,0.057493507862091,0.7778666666666667,0.0027111111111111,0.941154,-0.0006219999999999,0.0101999999999999
celeba,noniid,20,9928,5,19,0.905,0.0171999999999999,0.5838303512259775,-0.063955668104209,0.9705475171981188,0.0231180899878943,0.841382851556242,0.0104864052185558,0.252475380897522,0.0345996022224426,0.7778666666666667,-0.0460333333333333,0.941154,0.000778,0.0171999999999999
celeba,noniid,20,9928,6,0,0.9128,0.0119999999999999,0.5877038342882327,-0.030836862096775,0.9713073605013284,0.0107102555911132,0.8387481052748327,-0.0030989282736126,0.2414524406194687,0.0579184740781784,0.7684,-0.063511111111111,0.937002,0.006252,0.0119999999999999
celeba,noniid,20,9928,6,1,0.9128,0.0185999999999999,0.5877038342882327,-0.0520811119483264,0.9713073605013284,0.0120616732490353,0.8387481052748327,0.0022568281992614,0.2414524406194687,0.0599639862775802,0.7684,-0.0203111111111111,0.937002,0.0128279999999999,0.0185999999999999
celeba,noniid,20,9928,6,2,0.9128,0.0059999999999998,0.5877038342882327,-0.0116771075645198,0.9713073605013284,0.0060553109825548,0.8387481052748327,0.0022576497603095,0.2414524406194687,0.0386708229780197,0.7684,-0.0790888888888889,0.937002,0.0052919999999999,0.0059999999999998
celeba,noniid,20,9928,6,3,0.9128,0.0131999999999999,0.5877038342882327,-0.0405241265310015,0.9713073605013284,0.0078212513960406,0.8387481052748327,0.0006276726407847,0.2414524406194687,0.0603712052106857,0.7684,-0.0170444444444444,0.937002,0.0066899999999999,0.0131999999999999
celeba,noniid,20,9928,6,4,0.9128,0.0065999999999999,0.5877038342882327,-0.0118546646080145,0.9713073605013284,0.0064188127567404,0.8387481052748327,0.0026478912581795,0.2414524406194687,0.0455203205347061,0.7684,-0.023211111111111,0.937002,0.0077699999999999,0.0065999999999999
celeba,noniid,20,9928,6,5,0.9128,0.0111999999999999,0.5877038342882327,-0.0298975844659238,0.9713073605013284,0.0080536842473286,0.8387481052748327,-0.0036082961234642,0.2414524406194687,0.0557688623666763,0.7684,-0.0200111111111112,0.937002,0.004692,0.0111999999999999
celeba,noniid,20,9928,6,6,0.9128,0.0159999999999999,0.5877038342882327,-0.0436520979151571,0.9713073605013284,0.012576417237836,0.8387481052748327,0.0014262299795841,0.2414524406194687,0.0507952719926834,0.7684,-0.1380999999999999,0.937002,0.0081799999999999,0.0159999999999999
celeba,noniid,20,9928,6,7,0.9128,0.0105999999999999,0.5877038342882327,-0.0299563080605217,0.9713073605013284,0.0068758045795692,0.8387481052748327,-0.0022223226352392,0.2414524406194687,0.0584379583597183,0.7684,-0.1102444444444443,0.937002,0.0055859999999999,0.0105999999999999
celeba,noniid,20,9928,6,8,0.9128,0.0167999999999999,0.5877038342882327,-0.0501002273051616,0.9713073605013284,0.0124161613986274,0.8387481052748327,0.003312534146131,0.2414524406194687,0.0592447966337204,0.7684,-0.0836666666666665,0.937002,0.008762,0.0167999999999999
celeba,noniid,20,9928,6,9,0.9128,0.0153999999999999,0.5877038342882327,-0.0434052931386809,0.9713073605013284,0.0086129279906886,0.8387481052748327,-0.0002719367069368,0.2414524406194687,0.0602888613939285,0.7684,-0.1182222222222222,0.937002,0.008842,0.0153999999999999
celeba,noniid,20,9928,6,10,0.9128,0.0153999999999999,0.5877038342882327,-0.0451086657117673,0.9713073605013284,0.0111739372272062,0.8387481052748327,0.0019035569485579,0.2414524406194687,0.057210549712181,0.7684,-0.0461555555555555,0.937002,0.012866,0.0153999999999999
celeba,noniid,20,9928,6,11,0.9128,0.0117999999999999,0.5877038342882327,-0.0353270066259009,0.9713073605013284,0.0062498541728127,0.8387481052748327,-0.0031769765731867,0.2414524406194687,0.0284512192010879,0.7684,0.0403111111111111,0.937002,0.0110839999999999,0.0117999999999999
celeba,noniid,20,9928,6,12,0.9128,0.0113999999999999,0.5877038342882327,-0.0288592207739343,0.9713073605013284,0.0108535350387882,0.8387481052748327,-0.000579200538944,0.2414524406194687,0.0551324337720871,0.7684,-0.0566444444444442,0.937002,0.0064699999999999,0.0113999999999999
celeba,noniid,20,9928,6,13,0.9128,0.0105999999999999,0.5877038342882327,-0.0227548406508322,0.9713073605013284,0.0103971590071325,0.8387481052748327,-0.0028647833748907,0.2414524406194687,0.0582570880651474,0.7684,-0.0535555555555555,0.937002,0.00746,0.0105999999999999
celeba,noniid,20,9928,6,14,0.9128,0.0137999999999999,0.5877038342882327,-0.0367415960578187,0.9713073605013284,0.0109953225835116,0.8387481052748327,0.0035516084111419,0.2414524406194687,0.0440485328435897,0.7684,0.0554444444444441,0.937002,0.0050499999999999,0.0137999999999999
celeba,noniid,20,9928,6,15,0.9128,0.0127999999999999,0.5877038342882327,-0.0341280910119007,0.9713073605013284,0.0070222040239374,0.8387481052748327,-1.478809886668042e-05,0.2414524406194687,0.056727722287178,0.7684,-0.1142222222222222,0.937002,0.0079099999999999,0.0127999999999999
celeba,noniid,20,9928,6,16,0.9128,0.0097999999999999,0.5877038342882327,-0.0270666247936036,0.9713073605013284,0.0101359210645631,0.8387481052748327,-0.0035302478238902,0.2414524406194687,0.0479974299669265,0.7684,-0.0310777777777777,0.937002,0.0040799999999999,0.0097999999999999
celeba,noniid,20,9928,6,17,0.9128,0.0075999999999999,0.5877038342882327,-0.0162281294846853,0.9713073605013284,0.0059518453490978,0.8387481052748327,-0.0011846910314288,0.2414524406194687,0.0521364361047744,0.7684,-0.0555333333333334,0.937002,0.003116,0.0075999999999999
celeba,noniid,20,9928,6,18,0.9128,0.0113999999999999,0.5877038342882327,-0.0306675879438507,0.9713073605013284,0.0069124421792682,0.8387481052748327,-0.0024655047054908,0.2414524406194687,0.0554864555597305,0.7684,-0.1496444444444444,0.937002,0.0055979999999999,0.0113999999999999
celeba,noniid,20,9928,6,19,0.9128,0.0115999999999999,0.5877038342882327,-0.0373791119625966,0.9713073605013284,0.0071512837342103,0.8387481052748327,-0.0016119027764656,0.2414524406194687,0.0296489149332046,0.7684,-0.0185999999999999,0.937002,0.011264,0.0115999999999999
celeba,noniid,20,9928,7,0,0.9156,0.0061999999999999,0.5669099756690997,-0.0223639153041953,0.9775623268235254,0.0115711223690132,0.8434063564178296,0.0071730495113766,0.235465720295906,0.0517899841070175,0.7894222222222222,0.0675777777777779,0.929824,0.0039139999999999,0.0061999999999999
celeba,noniid,20,9928,7,1,0.9156,0.0135999999999999,0.5669099756690997,-0.0379109000496088,0.9775623268235254,0.0142060314740217,0.8434063564178296,0.0061994996693217,0.235465720295906,0.0506512075662612,0.7894222222222222,0.0024111111111109,0.929824,0.009008,0.0135999999999999
celeba,noniid,20,9928,7,2,0.9156,0.0023999999999999,0.5669099756690997,-0.0140549945886662,0.9775623268235254,0.0105714695820651,0.8434063564178296,0.0084308594760906,0.235465720295906,0.0341511219739913,0.7894222222222222,-0.0442444444444445,0.929824,0.0072459999999999,0.0023999999999999
celeba,noniid,20,9928,7,3,0.9156,0.0103999999999999,0.5669099756690997,-0.0337078531040688,0.9775623268235254,0.0099273587377737,0.8434063564178296,0.0040059316707676,0.235465720295906,0.0520129054784774,0.7894222222222222,0.0171333333333334,0.929824,0.003078,0.0103999999999999
celeba,noniid,20,9928,7,4,0.9156,0.0025999999999999,0.5669099756690997,-0.0075065809139033,0.9775623268235254,0.0077570223146461,0.8434063564178296,0.0058240462703182,0.235465720295906,0.0410099774599075,0.7894222222222222,0.0774666666666668,0.929824,0.01024,0.0025999999999999
celeba,noniid,20,9928,7,5,0.9156,0.0053999999999999,0.5669099756690997,-0.0246610746398147,0.9775623268235254,0.0090810883324933,0.8434063564178296,0.0055529311244295,0.235465720295906,0.0505783110857009,0.7894222222222222,0.0001444444444445,0.929824,0.0044359999999999,0.0053999999999999
celeba,noniid,20,9928,7,6,0.9156,0.0105999999999999,0.5669099756690997,-0.032119578808183,0.9775623268235254,0.0162668398324254,0.8434063564178296,0.0075673988144875,0.235465720295906,0.0430843979120254,0.7894222222222222,-0.0345777777777778,0.929824,0.0086479999999999,0.0105999999999999
celeba,noniid,20,9928,7,7,0.9156,0.008,0.5669099756690997,-0.0255029047896563,0.9775623268235254,0.0110176095016215,0.8434063564178296,0.0018534417246209,0.235465720295906,0.0519566088914871,0.7894222222222222,0.0685333333333331,0.929824,0.004804,0.008
celeba,noniid,20,9928,7,8,0.9156,0.0141999999999999,0.5669099756690997,-0.0415837204158372,0.9775623268235254,0.0169591328538699,0.8434063564178296,0.0061444550790958,0.235465720295906,0.0519698411226272,0.7894222222222222,0.0208777777777777,0.929824,0.0063959999999999,0.0141999999999999
celeba,noniid,20,9928,7,9,0.9156,0.013,0.5669099756690997,-0.0370635342646751,0.9775623268235254,0.0139590347435241,0.8434063564178296,0.0054789906300962,0.235465720295906,0.0525029152631759,0.7894222222222222,-0.0858777777777777,0.929824,0.00756,0.013
celeba,noniid,20,9928,7,10,0.9156,0.0133999999999999,0.5669099756690997,-0.0405645931057786,0.9775623268235254,0.0142619070129097,0.8434063564178296,0.005589079810548,0.235465720295906,0.051871046423912,0.7894222222222222,0.0043444444444442,0.929824,0.0089799999999999,0.0133999999999999
celeba,noniid,20,9928,7,11,0.9156,0.0083999999999999,0.5669099756690997,-0.031371205467965,0.9775623268235254,0.0124516178821505,0.8434063564178296,0.0051166822078632,0.235465720295906,0.0247624367475509,0.7894222222222222,0.0848444444444445,0.929824,0.0092459999999999,0.0083999999999999
celeba,noniid,20,9928,7,12,0.9156,0.0087999999999999,0.5669099756690997,-0.027225826800036,0.9775623268235254,0.0089333035453474,0.8434063564178296,0.0019865346144208,0.235465720295906,0.0482745915651321,0.7894222222222222,0.0325222222222223,0.929824,0.0039739999999999,0.0087999999999999
celeba,noniid,20,9928,7,13,0.9156,0.0083999999999999,0.5669099756690997,-0.0260415661811205,0.9775623268235254,0.0115104928642132,0.8434063564178296,0.0060943398551588,0.235465720295906,0.0528096109628677,0.7894222222222222,0.0071555555555555,0.929824,0.0049019999999999,0.0083999999999999
celeba,noniid,20,9928,7,14,0.9156,0.0085999999999999,0.5669099756690997,-0.0341034634143988,0.9775623268235254,0.0124861774546494,0.8434063564178296,0.0068378526037324,0.235465720295906,0.0401834994554519,0.7894222222222222,0.0360444444444445,0.929824,0.0023279999999999,0.0085999999999999
celeba,noniid,20,9928,7,15,0.9156,0.0107999999999999,0.5669099756690997,-0.0328692737790238,0.9775623268235254,0.0137200718079796,0.8434063564178296,0.0053368605687668,0.235465720295906,0.0501283854246139,0.7894222222222222,0.0090000000000001,0.929824,0.0039299999999999,0.0107999999999999
celeba,noniid,20,9928,7,16,0.9156,0.0057999999999999,0.5669099756690997,-0.0270120679336308,0.9775623268235254,0.0056706265336676,0.8434063564178296,0.0021105903326912,0.235465720295906,0.0415901392698287,0.7894222222222222,-0.0181111111111109,0.929824,0.0007179999999999,0.0057999999999999
celeba,noniid,20,9928,7,17,0.9156,0.0018,0.5669099756690997,-0.0133369379111472,0.9775623268235254,0.0062309744170959,0.8434063564178296,0.0046672883145264,0.235465720295906,0.047774538397789,0.7894222222222222,0.0110555555555555,0.929824,0.003924,0.0018
celeba,noniid,20,9928,7,18,0.9156,0.0041999999999999,0.5669099756690997,-0.020444067071592,0.9775623268235254,0.0087455953608852,0.8434063564178296,0.0057090277235776,0.235465720295906,0.0501490980386734,0.7894222222222222,0.0328777777777777,0.929824,0.0091999999999999,0.0041999999999999
celeba,noniid,20,9928,7,19,0.9156,0.008,0.5669099756690997,-0.0335742858321109,0.9775623268235254,0.0133591334800642,0.8434063564178296,0.0067598043041583,0.235465720295906,0.0255428105592727,0.7894222222222222,-0.0400888888888888,0.929824,0.005526,0.008
celeba,noniid,20,9928,8,0,0.9142,0.0004,0.5741963892558344,-0.0121472230789674,0.9751727479035276,0.0048471432087231,0.8424475946746413,0.002794950685798,0.2329141795635223,0.0441086292266845,0.7335777777777779,-0.0306222222222221,0.9404,0.0140219999999999,0.0004
celeba,noniid,20,9928,8,1,0.9142,0.0106,0.5741963892558344,-0.0250959592625203,0.9751727479035276,0.0160806235509148,0.8424475946746413,0.007971606850176,0.2329141795635223,0.0447505712509155,0.7335777777777779,0.0017333333333333,0.9404,0.020378,0.0106
celeba,noniid,20,9928,8,2,0.9142,-0.0003999999999999,0.5741963892558344,-0.0059798221979101,0.9751727479035276,0.0036407722389005,0.8424475946746413,0.0013309288979991,0.2329141795635223,0.0272939801216125,0.7335777777777779,-0.1305555555555553,0.9404,0.01467,-0.0003999999999999
celeba,noniid,20,9928,8,3,0.9142,0.0061999999999999,0.5741963892558344,-0.0191325261406754,0.9751727479035276,0.0142022868082356,0.8424475946746413,0.0079535325071167,0.2329141795635223,0.0454800128936767,0.7335777777777779,0.0038666666666669,0.9404,0.010604,0.0061999999999999
celeba,noniid,20,9928,8,4,0.9142,-0.0011999999999999,0.5741963892558344,-0.0043105475422277,0.9751727479035276,0.0001183196240184,0.8424475946746413,-0.0013769363166953,0.2329141795635223,0.0334506630897522,0.7335777777777779,-0.0801333333333331,0.9404,0.017506,-0.0011999999999999
celeba,noniid,20,9928,8,5,0.9142,0.0011999999999999,0.5741963892558344,-0.0154002605127351,0.9751727479035276,0.0076236208058391,0.8424475946746413,0.0019503859283023,0.2329141795635223,0.0431247949600219,0.7335777777777779,0.0316222222222222,0.9404,0.0103739999999999,0.0011999999999999
celeba,noniid,20,9928,8,6,0.9142,0.009,0.5741963892558344,-0.0224960032469219,0.9751727479035276,0.016809190030251,0.8424475946746413,0.0084398966476201,0.2329141795635223,0.0363560020923614,0.7335777777777779,0.0070666666666667,0.9404,0.015328,0.009
celeba,noniid,20,9928,8,7,0.9142,0.0031999999999999,0.5741963892558344,-0.0109757201881197,0.9751727479035276,0.0145811221268162,0.8424475946746413,0.0042359687642489,0.2329141795635223,0.0450451672077178,0.7335777777777779,-0.0341555555555554,0.9404,0.0133919999999999,0.0031999999999999
celeba,noniid,20,9928,8,8,0.9142,0.0093999999999999,0.5741963892558344,-0.0318173184602832,0.9751727479035276,0.0154249296774243,0.8424475946746413,0.0093485431668713,0.2329141795635223,0.0444272458553314,0.7335777777777779,-0.0173999999999998,0.9404,0.016874,0.0093999999999999
celeba,noniid,20,9928,8,9,0.9142,0.0096,0.5741963892558344,-0.0222676991419557,0.9751727479035276,0.0161110537334954,0.8424475946746413,0.008361848348046,0.2329141795635223,0.0456897318363189,0.7335777777777779,-0.0173777777777777,0.9404,0.018282,0.0096
celeba,noniid,20,9928,8,10,0.9142,0.0093999999999999,0.5741963892558344,-0.0276145648077699,0.9751727479035276,0.019428143944696,0.8424475946746413,0.0097938292549673,0.2329141795635223,0.0421814918518066,0.7335777777777779,-0.0405555555555554,0.9404,0.018328,0.0093999999999999
celeba,noniid,20,9928,8,11,0.9142,0.0038,0.5741963892558344,-0.0175234962319437,0.9751727479035276,0.0118026967712631,0.8424475946746413,0.0045802028434227,0.2329141795635223,0.0187010169029235,0.7335777777777779,-0.0039777777777776,0.9404,0.015158,0.0038
celeba,noniid,20,9928,8,12,0.9142,0.0033999999999999,0.5741963892558344,-0.0123145210373107,0.9751727479035276,0.0116288657604052,0.8424475946746413,0.0023817054785797,0.2329141795635223,0.0418348014354705,0.7335777777777779,0.0502888888888888,0.9404,0.01114,0.0033999999999999
celeba,noniid,20,9928,8,13,0.9142,0.0006,0.5741963892558344,-0.0137665737071286,0.9751727479035276,0.0065565123862149,0.8424475946746413,0.0027169023862241,0.2329141795635223,0.0443318784236907,0.7335777777777779,0.0209444444444446,0.9404,0.0131839999999999,0.0006
celeba,noniid,20,9928,8,14,0.9142,0.0048,0.5741963892558344,-0.0188524448840687,0.9751727479035276,0.0100476763694785,0.8424475946746413,0.0049244369225966,0.2329141795635223,0.0330183506011962,0.7335777777777779,0.0036222222222221,0.9404,0.0088759999999999,0.0048
celeba,noniid,20,9928,8,15,0.9142,0.008,0.5741963892558344,-0.0209891231116567,0.9751727479035276,0.0156383673507284,0.8424475946746413,0.0063424512916993,0.2329141795635223,0.0437503159046173,0.7335777777777779,0.0163111111111111,0.9404,0.0147979999999999,0.008
celeba,noniid,20,9928,8,16,0.9142,0.0021999999999999,0.5741963892558344,-0.0156999266497468,0.9751727479035276,0.0117446337356575,0.8424475946746413,0.0014500552499805,0.2329141795635223,0.0361626148223876,0.7335777777777779,-0.045711111111111,0.9404,0.008066,0.0021999999999999
celeba,noniid,20,9928,8,17,0.9142,-0.0005999999999999,0.5741963892558344,-0.0024555931230202,0.9751727479035276,-0.0009151882637427,0.8424475946746413,-0.0017441741052173,0.2329141795635223,0.040671020746231,0.7335777777777779,-0.0053777777777777,0.9404,0.012284,-0.0005999999999999
celeba,noniid,20,9928,8,18,0.9142,0.0,0.5741963892558344,-0.0053190292463682,0.9751727479035276,0.0023277682990217,0.8424475946746413,6.408176175543012e-05,0.2329141795635223,0.044115126132965,0.7335777777777779,-0.0474222222222222,0.9404,0.0213499999999999,0.0
celeba,noniid,20,9928,8,19,0.9142,0.0046,0.5741963892558344,-0.0215295415659324,0.9751727479035276,0.0123789790562502,0.8424475946746413,0.0055118530720221,0.2329141795635223,0.0200905203819274,0.7335777777777779,0.0031555555555555,0.9404,0.013124,0.0046
celeba,noniid,20,9928,9,0,0.915,0.0054,0.565016501650165,-0.0230372783806923,0.9785989013427072,0.0143393203870468,0.844733177510588,0.0096607363651675,0.2236745059490203,0.0480248034000396,0.8043444444444445,-0.0309999999999999,0.930858,0.0058779999999999,0.0054
celeba,noniid,20,9928,9,1,0.915,0.0104,0.565016501650165,-0.033921081351163,0.9785989013427072,0.0209073802703002,0.844733177510588,0.0132862852706427,0.2236745059490203,0.0475177764892578,0.8043444444444445,-0.0692333333333332,0.930858,0.014896,0.0104
celeba,noniid,20,9928,9,2,0.915,0.0022,0.565016501650165,-0.0124234630997798,0.9785989013427072,0.0101737870170043,0.844733177510588,0.0063334141201698,0.2236745059490203,0.031135469675064,0.8043444444444445,0.0017666666666669,0.930858,0.0052659999999999,0.0022
celeba,noniid,20,9928,9,3,0.915,0.008,0.565016501650165,-0.0327303505698483,0.9785989013427072,0.0169221103233587,0.844733177510588,0.0107575203644445,0.2236745059490203,0.0479148924350738,0.8043444444444445,-0.0382333333333331,0.930858,0.0055719999999999,0.008
celeba,noniid,20,9928,9,4,0.915,0.002,0.565016501650165,-0.0134558734323795,0.9785989013427072,0.0072337027236254,0.844733177510588,0.0046352474336488,0.2236745059490203,0.0363548398017883,0.8043444444444445,0.0219,0.930858,0.0092459999999999,0.002
celeba,noniid,20,9928,9,5,0.915,0.0054,0.565016501650165,-0.0209244414965956,0.9785989013427072,0.0123511922258729,0.844733177510588,0.0080636216875686,0.2236745059490203,0.0453107357025146,0.8043444444444445,0.0429333333333332,0.930858,0.005892,0.0054
celeba,noniid,20,9928,9,6,0.915,0.0114,0.565016501650165,-0.0302531712057146,0.9785989013427072,0.0229072099058648,0.844733177510588,0.0154297380452599,0.2236745059490203,0.0412730872631073,0.8043444444444445,-0.0389666666666665,0.930858,0.0068739999999999,0.0114
celeba,noniid,20,9928,9,7,0.915,0.0074,0.565016501650165,-0.0254008090144408,0.9785989013427072,0.0156525670881306,0.844733177510588,0.010037011325219,0.2236745059490203,0.0485934019088745,0.8043444444444445,-0.0430777777777777,0.930858,0.00746,0.0074
celeba,noniid,20,9928,9,8,0.915,0.0116,0.565016501650165,-0.0383094407001675,0.9785989013427072,0.0213301587930172,0.844733177510588,0.0134193781604428,0.2236745059490203,0.0487595498561859,0.8043444444444445,0.0023444444444444,0.930858,0.0111239999999999,0.0116
celeba,noniid,20,9928,9,9,0.915,0.0098,0.565016501650165,-0.0317077126039296,0.9785989013427072,0.0227659965743051,0.844733177510588,0.0155628309350598,0.2236745059490203,0.0493704974651336,0.8043444444444445,-0.0234333333333334,0.930858,0.0112579999999999,0.0098
celeba,noniid,20,9928,9,10,0.915,0.0101999999999999,0.565016501650165,-0.0386110143861101,0.9785989013427072,0.0213737408782704,0.844733177510588,0.0140528017285646,0.2236745059490203,0.0466541051864624,0.8043444444444445,0.0092555555555555,0.930858,0.0079279999999999,0.0101999999999999
celeba,noniid,20,9928,9,11,0.915,0.0068,0.565016501650165,-0.0344103061099759,0.9785989013427072,0.0141382176420469,0.844733177510588,0.0091604056868457,0.2236745059490203,0.0231771022081375,0.8043444444444445,-0.0189111111111108,0.930858,0.0073159999999999,0.0068
celeba,noniid,20,9928,9,12,0.915,0.0058,0.565016501650165,-0.0216766025578102,0.9785989013427072,0.0140571779598018,0.844733177510588,0.0076183355994726,0.2236745059490203,0.0445591509342193,0.8043444444444445,-0.0283222222222221,0.930858,0.0061839999999999,0.0058
celeba,noniid,20,9928,9,13,0.915,0.0048,0.565016501650165,-0.0238674859987101,0.9785989013427072,0.0126797407119267,0.844733177510588,0.0083618483480462,0.2236745059490203,0.0475886166095733,0.8043444444444445,0.0244555555555556,0.930858,0.0051959999999999,0.0048
celeba,noniid,20,9928,9,14,0.915,0.0044,0.565016501650165,-0.0361293775917918,0.9785989013427072,0.0139854479252881,0.844733177510588,0.0097617883740896,0.2236745059490203,0.0346112847328186,0.8043444444444445,-0.0115666666666665,0.930858,0.0009979999999999,0.0044
celeba,noniid,20,9928,9,15,0.915,0.0086,0.565016501650165,-0.032374610443578,0.9785989013427072,0.0181793631278763,0.844733177510588,0.0120334046722176,0.2236745059490203,0.0473066270351409,0.8043444444444445,0.0062222222222223,0.930858,0.006062,0.0086
celeba,noniid,20,9928,9,16,0.915,0.006,0.565016501650165,-0.0249305882969249,0.9785989013427072,0.013205537900776,0.844733177510588,0.0053647936444037,0.2236745059490203,0.0388889014720916,0.8043444444444445,-0.0392888888888887,0.930858,0.0023759999999999,0.006
celeba,noniid,20,9928,9,17,0.915,0.0026,0.565016501650165,-0.0167015600238437,0.9785989013427072,0.0069004002716593,0.844733177510588,0.0041349167553268,0.2236745059490203,0.0417118668556213,0.8043444444444445,-0.0132555555555555,0.930858,0.0034399999999999,0.0026
celeba,noniid,20,9928,9,18,0.915,0.0044,0.565016501650165,-0.015927477176478,0.9785989013427072,0.0128331261165187,0.844733177510588,0.0089172236165939,0.2236745059490203,0.0470076501369476,0.8043444444444445,0.0113555555555555,0.930858,0.0118399999999999,0.0044
celeba,noniid,20,9928,9,19,0.915,0.0068,0.565016501650165,-0.0387737143039997,0.9785989013427072,0.0129989233324235,0.844733177510588,0.0079395659692983,0.2236745059490203,0.0230478048324584,0.8043444444444445,0.0413888888888891,0.930858,0.0045819999999999,0.0068
celeba,noniid,20,9928,10,0,0.9126,-0.0024,0.5240299823633157,-0.0466437296578203,0.9730725371921374,-0.0052544282718393,0.8474081802833564,0.002449895045576,0.2258961945772171,0.0358157306909561,0.8170444444444445,0.017511111111111,0.941508,0.005704,-0.0024
celeba,noniid,20,9928,10,1,0.9126,0.0007999999999999,0.5240299823633157,-0.051206853944241,0.9730725371921374,0.0069534015775013,0.8474081802833564,0.0098850225313118,0.2258961945772171,0.0355392843484878,0.8170444444444445,0.0971888888888889,0.941508,0.0143299999999999,0.0007999999999999
celeba,noniid,20,9928,10,2,0.9126,-0.0031999999999999,0.5240299823633157,-0.0288155460919689,0.9730725371921374,-0.0042044916650478,0.8474081802833564,0.0025879173016648,0.2258961945772171,0.0218002349138259,0.8170444444444445,0.0261888888888888,0.941508,0.009398,-0.0031999999999999
celeba,noniid,20,9928,10,3,0.9126,-0.0026,0.5240299823633157,-0.0474615355921811,0.9730725371921374,-0.0029444326632959,0.8474081802833564,0.0045703441108451,0.2258961945772171,0.0358834117650985,0.8170444444444445,-0.0131555555555555,0.941508,0.00655,-0.0026
celeba,noniid,20,9928,10,4,0.9126,-0.005,0.5240299823633157,-0.0273083239113662,0.9730725371921374,-0.0046366123549737,0.8474081802833564,0.004465184296682,0.2258961945772171,0.026355817914009,0.8170444444444445,-0.0319,0.941508,0.011508,-0.005
celeba,noniid,20,9928,10,5,0.9126,-0.0031999999999999,0.5240299823633157,-0.0386490218226283,0.9730725371921374,-0.0070230711749383,0.8474081802833564,0.0016743414161248,0.2258961945772171,0.0363038033246994,0.8170444444444445,0.0423333333333333,0.941508,0.006468,-0.0031999999999999
celeba,noniid,20,9928,10,6,0.9126,0.0001999999999999,0.5240299823633157,-0.0499748559916436,0.9730725371921374,0.0010793190272596,0.8474081802833564,0.0065667374578436,0.2258961945772171,0.0282822102308273,0.8170444444444445,0.0186555555555556,0.941508,0.0079339999999999,0.0001999999999999
celeba,noniid,20,9928,10,7,0.9126,-0.0026,0.5240299823633157,-0.0414265632912498,0.9730725371921374,-0.0065002341606754,0.8474081802833564,-0.0003360184686923,0.2258961945772171,0.0355895012617111,0.8170444444444445,-0.0106444444444442,0.941508,0.007588,-0.0026
celeba,noniid,20,9928,10,8,0.9126,0.0027999999999999,0.5240299823633157,-0.0569706788665719,0.9730725371921374,0.0077514602318032,0.8474081802833564,0.0116612375174067,0.2258961945772171,0.0348078161478042,0.8170444444444445,0.0449111111111111,0.941508,0.00902,0.0027999999999999
celeba,noniid,20,9928,10,9,0.9126,0.002,0.5240299823633157,-0.0514604298033143,0.9730725371921374,0.00702765660654,0.8474081802833564,0.0087972757035643,0.2258961945772171,0.0360560566186904,0.8170444444444445,0.0401333333333333,0.941508,0.0115979999999999,0.002
celeba,noniid,20,9928,10,10,0.9126,0.0037999999999999,0.5240299823633157,-0.061212308385583,0.9730725371921374,0.0090898059134674,0.8474081802833564,0.0120925570676843,0.2258961945772171,0.0354639440774917,0.8170444444444445,0.0300888888888888,0.941508,0.0093539999999999,0.0037999999999999
celeba,noniid,20,9928,10,11,0.9126,-0.0008,0.5240299823633157,-0.0537575892541369,0.9730725371921374,0.0010109014082957,0.8474081802833564,0.0075123542242615,0.2258961945772171,0.0129969716072082,0.8170444444444445,0.0254444444444443,0.941508,0.0077979999999999,-0.0008
celeba,noniid,20,9928,10,12,0.9126,-0.0008,0.5240299823633157,-0.0383737156336027,0.9730725371921374,-0.0042922478250393,0.8474081802833564,0.0028951811336721,0.2258961945772171,0.034198835492134,0.8170444444444445,0.0556444444444443,0.941508,0.005786,-0.0008
celeba,noniid,20,9928,10,13,0.9126,-0.0026,0.5240299823633157,-0.0371337822388443,0.9730725371921374,-0.0056140256409902,0.8474081802833564,0.0018854826054987,0.2258961945772171,0.0367965251207351,0.8170444444444445,-0.0460444444444443,0.941508,0.009936,-0.0026
celeba,noniid,20,9928,10,14,0.9126,-0.0018,0.5240299823633157,-0.0515475753924599,0.9730725371921374,-0.0032048121568273,0.8474081802833564,0.0043271620405933,0.2258961945772171,0.0253318697214126,0.8170444444444445,-0.0544666666666666,0.941508,0.0045739999999999,-0.0018
celeba,noniid,20,9928,10,15,0.9126,-0.0006,0.5240299823633157,-0.0481224741248975,0.9730725371921374,-0.0003923156707695,0.8474081802833564,0.0059012730088441,0.2258961945772171,0.0346996635198593,0.8170444444444445,0.0112444444444443,0.941508,0.006496,-0.0006
celeba,noniid,20,9928,10,16,0.9126,-0.0026,0.5240299823633157,-0.0413885198393275,0.9730725371921374,-0.0037989914222386,0.8474081802833564,0.0005085462888033,0.2258961945772171,0.0279183536767959,0.8170444444444445,-0.0810666666666666,0.941508,0.005932,-0.0026
celeba,noniid,20,9928,10,17,0.9126,-0.0024,0.5240299823633157,-0.0301842406393182,0.9730725371921374,-0.0047340008400752,0.8474081802833564,0.0032763854600125,0.2258961945772171,0.0321323126554489,0.8170444444444445,0.1001222222222222,0.941508,0.007622,-0.0024
celeba,noniid,20,9928,10,18,0.9126,-0.0034,0.5240299823633157,-0.0338485387634448,0.9730725371921374,-0.0049301305563063,0.8474081802833564,0.0020185754952986,0.2258961945772171,0.0345564037561416,0.8170444444444445,0.0142999999999999,0.941508,0.01241,-0.0034
celeba,noniid,20,9928,10,19,0.9126,0.0,0.5240299823633157,-0.054952172296301,0.9730725371921374,0.000302540796945,0.8474081802833564,0.0065577002863139,0.2258961945772171,0.0137805938720703,0.8170444444444445,-0.0190444444444444,0.941508,0.0058019999999999,0.0
