dataset,partition,num_clients,seed,round,client_id,global_gtg_rob,gtg_rob_contribution,global_gtg_adv,gtg_adv_contribution,global_gtg_fair,gtg_fair_contribution,global_gtg_priv,gtg_priv_contribution,gtg_priv_abs_contribution,global_gtg_fair_eo,gtg_fair_eo_contribution,gtg_fair_eo_abs_contribution,accuracy,precision,recall,f1,loss,gtg_loss_contribution,gtg_acc_contribution,global_gtg_loss,global_gtg_acc,acc_contribution
adult,iid,20,42,1,0,0.9819735899273212,0.0,0.8453919555501872,0.0,0.7809087776300891,0.0,0.8639471630420856,0.0,,0.8440760549471056,0.0,0.0,0.8473743474255298,0.6846413095811267,0.6297608503100088,0.6560553633217993,0.3212402164936065,-0.0240995717048645,0.0171906688058508,0.3212402164936065,0.8473743474255298,0.0171906688058508
adult,iid,20,42,1,1,0.9819735899273212,0.0012885711892775,0.8453919555501872,0.0,0.7809087776300891,0.0091483622365323,0.8639471630420856,0.0,,0.8440760549471056,0.014945524670444,0.014945524670444,0.8473743474255298,0.6846413095811267,0.6297608503100088,0.6560553633217993,0.3212402164936065,-0.0227823826670646,0.0,0.3212402164936065,0.8473743474255298,0.0
adult,iid,20,42,1,2,0.9819735899273212,0.0,0.8453919555501872,0.0,0.7809087776300891,0.0,0.8639471630420856,0.0,,0.8440760549471056,0.0,0.0,0.8473743474255298,0.6846413095811267,0.6297608503100088,0.6560553633217993,0.3212402164936065,0.0,0.0,0.3212402164936065,0.8473743474255298,0.0
adult,iid,20,42,1,3,0.9819735899273212,0.0,0.8453919555501872,0.0,0.7809087776300891,0.0,0.8639471630420856,0.0,,0.8440760549471056,0.0,0.0,0.8473743474255298,0.6846413095811267,0.6297608503100088,0.6560553633217993,0.3212402164936065,0.0,0.0,0.3212402164936065,0.8473743474255298,0.0
adult,iid,20,42,1,4,0.9819735899273212,0.0,0.8453919555501872,0.0,0.7809087776300891,0.0,0.8639471630420856,0.010313947064293,,0.8440760549471056,0.0,0.0,0.8473743474255298,0.6846413095811267,0.6297608503100088,0.6560553633217993,0.3212402164936065,0.0,0.0,0.3212402164936065,0.8473743474255298,0.0
adult,iid,20,42,1,5,0.9819735899273212,0.0,0.8453919555501872,0.0,0.7809087776300891,0.0,0.8639471630420856,0.0,,0.8440760549471056,0.0,0.0,0.8473743474255298,0.6846413095811267,0.6297608503100088,0.6560553633217993,0.3212402164936065,0.0,0.0,0.3212402164936065,0.8473743474255298,0.0
adult,iid,20,42,1,6,0.9819735899273212,0.0,0.8453919555501872,0.0,0.7809087776300891,0.0,0.8639471630420856,0.0,,0.8440760549471056,0.0,0.0,0.8473743474255298,0.6846413095811267,0.6297608503100088,0.6560553633217993,0.3212402164936065,0.0,0.0,0.3212402164936065,0.8473743474255298,0.0
adult,iid,20,42,1,7,0.9819735899273212,0.0,0.8453919555501872,0.0,0.7809087776300891,0.0,0.8639471630420856,0.0,,0.8440760549471056,0.0,0.0,0.8473743474255298,0.6846413095811267,0.6297608503100088,0.6560553633217993,0.3212402164936065,0.0,0.0,0.3212402164936065,0.8473743474255298,0.0
adult,iid,20,42,1,8,0.9819735899273212,0.0,0.8453919555501872,0.0,0.7809087776300891,0.0,0.8639471630420856,0.0,,0.8440760549471056,0.0,0.0,0.8473743474255298,0.6846413095811267,0.6297608503100088,0.6560553633217993,0.3212402164936065,0.0,0.0156541859529386,0.3212402164936065,0.8473743474255298,0.0156541859529386
adult,iid,20,42,1,9,0.9819735899273212,0.0,0.8453919555501872,0.0,0.7809087776300891,0.0,0.8639471630420856,0.0,,0.8440760549471056,0.0,0.0,0.8473743474255298,0.6846413095811267,0.6297608503100088,0.6560553633217993,0.3212402164936065,0.0,0.0,0.3212402164936065,0.8473743474255298,0.0
adult,iid,20,42,1,10,0.9819735899273212,0.0,0.8453919555501872,0.0,0.7809087776300891,0.0,0.8639471630420856,0.0,,0.8440760549471056,0.0032215005379259,0.0032215005379259,0.8473743474255298,0.6846413095811267,0.6297608503100088,0.6560553633217993,0.3212402164936065,0.0,0.0,0.3212402164936065,0.8473743474255298,0.0
adult,iid,20,42,1,11,0.9819735899273212,0.0006896184990155,0.8453919555501872,0.0,0.7809087776300891,0.0,0.8639471630420856,0.0,,0.8440760549471056,0.0,0.0,0.8473743474255298,0.6846413095811267,0.6297608503100088,0.6560553633217993,0.3212402164936065,0.0,0.0,0.3212402164936065,0.8473743474255298,0.0
adult,iid,20,42,1,12,0.9819735899273212,0.0,0.8453919555501872,0.0,0.7809087776300891,0.0,0.8639471630420856,0.0,,0.8440760549471056,0.0,0.0,0.8473743474255298,0.6846413095811267,0.6297608503100088,0.6560553633217993,0.3212402164936065,0.0,0.0,0.3212402164936065,0.8473743474255298,0.0
adult,iid,20,42,1,13,0.9819735899273212,0.0,0.8453919555501872,0.0,0.7809087776300891,0.0,0.8639471630420856,0.0,,0.8440760549471056,0.0,0.0,0.8473743474255298,0.6846413095811267,0.6297608503100088,0.6560553633217993,0.3212402164936065,0.0,0.0,0.3212402164936065,0.8473743474255298,0.0
adult,iid,20,42,1,14,0.9819735899273212,0.0,0.8453919555501872,0.0,0.7809087776300891,0.0,0.8639471630420856,0.0,,0.8440760549471056,0.0,0.0,0.8473743474255298,0.6846413095811267,0.6297608503100088,0.6560553633217993,0.3212402164936065,0.0,0.0,0.3212402164936065,0.8473743474255298,0.0
adult,iid,20,42,1,15,0.9819735899273212,0.0,0.8453919555501872,0.0,0.7809087776300891,0.0,0.8639471630420856,0.0,,0.8440760549471056,0.0,0.0,0.8473743474255298,0.6846413095811267,0.6297608503100088,0.6560553633217993,0.3212402164936065,0.0,0.0,0.3212402164936065,0.8473743474255298,0.0
adult,iid,20,42,1,16,0.9819735899273212,0.0019107885665363,0.8453919555501872,0.0310903873634787,0.7809087776300891,0.0,0.8639471630420856,0.0,,0.8440760549471056,0.0,0.0,0.8473743474255298,0.6846413095811267,0.6297608503100088,0.6560553633217993,0.3212402164936065,0.0,0.0,0.3212402164936065,0.8473743474255298,0.0
adult,iid,20,42,1,17,0.9819735899273212,0.0,0.8453919555501872,0.0,0.7809087776300891,0.0,0.8639471630420856,0.0,,0.8440760549471056,0.0,0.0,0.8473743474255298,0.6846413095811267,0.6297608503100088,0.6560553633217993,0.3212402164936065,0.0,0.0,0.3212402164936065,0.8473743474255298,0.0
adult,iid,20,42,1,18,0.9819735899273212,0.0,0.8453919555501872,0.0,0.7809087776300891,0.0,0.8639471630420856,0.0,,0.8440760549471056,0.0,0.0,0.8473743474255298,0.6846413095811267,0.6297608503100088,0.6560553633217993,0.3212402164936065,-0.023842804133892,0.0156876318197896,0.3212402164936065,0.8473743474255298,0.0156876318197896
adult,iid,20,42,1,19,0.9819735899273212,0.0,0.8453919555501872,0.0,0.7809087776300891,0.0,0.8639471630420856,0.0,,0.8440760549471056,0.0,0.0,0.8473743474255298,0.6846413095811267,0.6297608503100088,0.6560553633217993,0.3212402164936065,0.0,0.0156764831975059,0.3212402164936065,0.8473743474255298,0.0156764831975059
adult,iid,20,42,2,0,0.98304739482035,0.0,0.8715827338129496,0.0,0.8061098100442363,0.0,0.7989318454495684,0.0,,0.8925241409413942,0.0,0.0,0.8547446002661481,0.7113350125944584,0.62533215234721,0.6655668159321235,0.307836502790451,0.0,0.0007961042949271,0.307836502790451,0.8547446002661481,0.0007961042949271
adult,iid,20,42,2,1,0.98304739482035,0.0,0.8715827338129496,0.0,0.8061098100442363,0.0151636670740386,0.7989318454495684,0.0,,0.8925241409413942,0.0135931288238911,0.0135931288238911,0.8547446002661481,0.7113350125944584,0.62533215234721,0.6655668159321235,0.307836502790451,0.0,0.0001661231592647,0.307836502790451,0.8547446002661481,0.0001661231592647
adult,iid,20,42,2,2,0.98304739482035,0.0,0.8715827338129496,0.0,0.8061098100442363,0.0,0.7989318454495684,0.0,,0.8925241409413942,0.0,0.0,0.8547446002661481,0.7113350125944584,0.62533215234721,0.6655668159321235,0.307836502790451,-0.0012711191893647,0.0004170627202667,0.307836502790451,0.8547446002661481,0.0004170627202667
adult,iid,20,42,2,3,0.98304739482035,0.0,0.8715827338129496,0.0,0.8061098100442363,0.0,0.7989318454495684,0.0,,0.8925241409413942,0.0,0.0,0.8547446002661481,0.7113350125944584,0.62533215234721,0.6655668159321235,0.307836502790451,0.0,0.0,0.307836502790451,0.8547446002661481,0.0
adult,iid,20,42,2,4,0.98304739482035,0.0,0.8715827338129496,0.0,0.8061098100442363,0.0,0.7989318454495684,0.0033614137981559,,0.8925241409413942,0.0,0.0,0.8547446002661481,0.7113350125944584,0.62533215234721,0.6655668159321235,0.307836502790451,0.0,-0.000360323472208,0.307836502790451,0.8547446002661481,-0.000360323472208
adult,iid,20,42,2,5,0.98304739482035,0.0,0.8715827338129496,0.0,0.8061098100442363,0.0,0.7989318454495684,0.0,,0.8925241409413942,0.0,0.0,0.8547446002661481,0.7113350125944584,0.62533215234721,0.6655668159321235,0.307836502790451,0.0,0.0,0.307836502790451,0.8547446002661481,0.0
adult,iid,20,42,2,6,0.98304739482035,0.0,0.8715827338129496,0.0,0.8061098100442363,0.0,0.7989318454495684,0.0,,0.8925241409413942,0.0,0.0,0.8547446002661481,0.7113350125944584,0.62533215234721,0.6655668159321235,0.307836502790451,-0.0022795525231586,0.0008803357559627,0.307836502790451,0.8547446002661481,0.0008803357559627
adult,iid,20,42,2,7,0.98304739482035,0.0,0.8715827338129496,0.0,0.8061098100442363,0.0,0.7989318454495684,0.0,,0.8925241409413942,0.0,0.0,0.8547446002661481,0.7113350125944584,0.62533215234721,0.6655668159321235,0.307836502790451,0.0,0.0003895705072898,0.307836502790451,0.8547446002661481,0.0003895705072898
adult,iid,20,42,2,8,0.98304739482035,0.0,0.8715827338129496,0.0,0.8061098100442363,0.0,0.7989318454495684,0.0,,0.8925241409413942,0.0,0.0,0.8547446002661481,0.7113350125944584,0.62533215234721,0.6655668159321235,0.307836502790451,0.0,0.0009107526724478,0.307836502790451,0.8547446002661481,0.0009107526724478
adult,iid,20,42,2,9,0.98304739482035,0.0,0.8715827338129496,0.0,0.8061098100442363,0.0,0.7989318454495684,0.0,,0.8925241409413942,0.0,0.0,0.8547446002661481,0.7113350125944584,0.62533215234721,0.6655668159321235,0.307836502790451,0.0,0.0006446046532032,0.307836502790451,0.8547446002661481,0.0006446046532032
adult,iid,20,42,2,10,0.98304739482035,0.0,0.8715827338129496,0.0,0.8061098100442363,0.0,0.7989318454495684,0.0,,0.8925241409413942,0.0,0.0,0.8547446002661481,0.7113350125944584,0.62533215234721,0.6655668159321235,0.307836502790451,0.0,0.0,0.307836502790451,0.8547446002661481,0.0
adult,iid,20,42,2,11,0.98304739482035,0.0,0.8715827338129496,0.0,0.8061098100442363,0.0,0.7989318454495684,0.0,,0.8925241409413942,0.0,0.0,0.8547446002661481,0.7113350125944584,0.62533215234721,0.6655668159321235,0.307836502790451,-0.0011705941652535,0.0,0.307836502790451,0.8547446002661481,0.0
adult,iid,20,42,2,12,0.98304739482035,0.0,0.8715827338129496,0.0,0.8061098100442363,0.0,0.7989318454495684,0.0,,0.8925241409413942,0.0,0.0,0.8547446002661481,0.7113350125944584,0.62533215234721,0.6655668159321235,0.307836502790451,0.0,0.0,0.307836502790451,0.8547446002661481,0.0
adult,iid,20,42,2,13,0.98304739482035,0.0,0.8715827338129496,0.0,0.8061098100442363,0.0,0.7989318454495684,0.0,,0.8925241409413942,0.0,0.0,0.8547446002661481,0.7113350125944584,0.62533215234721,0.6655668159321235,0.307836502790451,0.0,0.0,0.307836502790451,0.8547446002661481,0.0
adult,iid,20,42,2,14,0.98304739482035,0.0,0.8715827338129496,0.0,0.8061098100442363,0.0,0.7989318454495684,0.0,,0.8925241409413942,0.0,0.0,0.8547446002661481,0.7113350125944584,0.62533215234721,0.6655668159321235,0.307836502790451,0.0,0.0,0.307836502790451,0.8547446002661481,0.0
adult,iid,20,42,2,15,0.98304739482035,0.0,0.8715827338129496,0.0,0.8061098100442363,0.0,0.7989318454495684,0.0,,0.8925241409413942,0.0,0.0,0.8547446002661481,0.7113350125944584,0.62533215234721,0.6655668159321235,0.307836502790451,0.0,0.0,0.307836502790451,0.8547446002661481,0.0
adult,iid,20,42,2,16,0.98304739482035,0.0016147152221787,0.8715827338129496,0.01010530367748,0.8061098100442363,0.0,0.7989318454495684,0.0,,0.8925241409413942,0.0,0.0,0.8547446002661481,0.7113350125944584,0.62533215234721,0.6655668159321235,0.307836502790451,0.0,0.0009487738180541,0.307836502790451,0.8547446002661481,0.0009487738180541
adult,iid,20,42,2,17,0.98304739482035,0.0,0.8715827338129496,0.0,0.8061098100442363,0.0,0.7989318454495684,0.0,,0.8925241409413942,0.0,0.0,0.8547446002661481,0.7113350125944584,0.62533215234721,0.6655668159321235,0.307836502790451,0.0,0.0,0.307836502790451,0.8547446002661481,0.0
adult,iid,20,42,2,18,0.98304739482035,0.0,0.8715827338129496,0.0,0.8061098100442363,0.0,0.7989318454495684,0.0,,0.8925241409413942,0.0111154448266288,0.0111154448266288,0.8547446002661481,0.7113350125944584,0.62533215234721,0.6655668159321235,0.307836502790451,0.0,0.0008434844917596,0.307836502790451,0.8547446002661481,0.0008434844917596
adult,iid,20,42,2,19,0.98304739482035,0.0,0.8715827338129496,0.0,0.8061098100442363,0.0,0.7989318454495684,0.0,,0.8925241409413942,0.0,0.0,0.8547446002661481,0.7113350125944584,0.62533215234721,0.6655668159321235,0.307836502790451,-0.0008961699039639,0.0,0.307836502790451,0.8547446002661481,0.0
adult,iid,20,42,3,0,0.9837291432081072,0.0,0.8833572110792741,0.0,0.8117923075300124,0.0,0.8999347691877599,0.0,,0.90844412051997,0.0,0.0,0.8577131743269526,0.7207527975584944,0.6275465013286093,0.6709280303030303,0.3023924529552459,-0.0010867178440093,0.00045017169339,0.3023924529552459,0.8577131743269526,0.00045017169339
adult,iid,20,42,3,1,0.9837291432081072,0.0,0.8833572110792741,0.0109076885725191,0.8117923075300124,0.0159383105102595,0.8999347691877599,0.0,,0.90844412051997,0.0,0.0,0.8577131743269526,0.7207527975584944,0.6275465013286093,0.6709280303030303,0.3023924529552459,9.129937957314884e-05,0.0,0.3023924529552459,0.8577131743269526,0.0
adult,iid,20,42,3,2,0.9837291432081072,0.0,0.8833572110792741,0.0,0.8117923075300124,0.0,0.8999347691877599,0.0,,0.90844412051997,0.0,0.0,0.8577131743269526,0.7207527975584944,0.6275465013286093,0.6709280303030303,0.3023924529552459,-0.0008379901857937,0.0,0.3023924529552459,0.8577131743269526,0.0
adult,iid,20,42,3,3,0.9837291432081072,0.0,0.8833572110792741,0.0,0.8117923075300124,0.0,0.8999347691877599,0.0,,0.90844412051997,0.0,0.0,0.8577131743269526,0.7207527975584944,0.6275465013286093,0.6709280303030303,0.3023924529552459,0.0,0.0,0.3023924529552459,0.8577131743269526,0.0
adult,iid,20,42,3,4,0.9837291432081072,0.0,0.8833572110792741,0.0,0.8117923075300124,0.0,0.8999347691877599,0.0,,0.90844412051997,0.0,0.0,0.8577131743269526,0.7207527975584944,0.6275465013286093,0.6709280303030303,0.3023924529552459,0.0,0.0,0.3023924529552459,0.8577131743269526,0.0
adult,iid,20,42,3,5,0.9837291432081072,0.0,0.8833572110792741,0.0,0.8117923075300124,0.0,0.8999347691877599,0.0,,0.90844412051997,0.0,0.0,0.8577131743269526,0.7207527975584944,0.6275465013286093,0.6709280303030303,0.3023924529552459,0.0,0.0,0.3023924529552459,0.8577131743269526,0.0
adult,iid,20,42,3,6,0.9837291432081072,0.0,0.8833572110792741,0.0,0.8117923075300124,0.0,0.8999347691877599,0.0,,0.90844412051997,0.0,0.0,0.8577131743269526,0.7207527975584944,0.6275465013286093,0.6709280303030303,0.3023924529552459,-0.0010173895779777,0.0,0.3023924529552459,0.8577131743269526,0.0
adult,iid,20,42,3,7,0.9837291432081072,0.0,0.8833572110792741,0.0,0.8117923075300124,0.0,0.8999347691877599,0.0,,0.90844412051997,0.0,0.0,0.8577131743269526,0.7207527975584944,0.6275465013286093,0.6709280303030303,0.3023924529552459,0.0,0.0004280702407429,0.3023924529552459,0.8577131743269526,0.0004280702407429
adult,iid,20,42,3,8,0.9837291432081072,0.0,0.8833572110792741,0.0,0.8117923075300124,0.0,0.8999347691877599,0.0,,0.90844412051997,0.0,0.0,0.8577131743269526,0.7207527975584944,0.6275465013286093,0.6709280303030303,0.3023924529552459,0.0,0.0,0.3023924529552459,0.8577131743269526,0.0
adult,iid,20,42,3,9,0.9837291432081072,0.0,0.8833572110792741,0.0,0.8117923075300124,0.0,0.8999347691877599,0.0,,0.90844412051997,0.0,0.0,0.8577131743269526,0.7207527975584944,0.6275465013286093,0.6709280303030303,0.3023924529552459,0.0,0.0004984459189086,0.3023924529552459,0.8577131743269526,0.0004984459189086
adult,iid,20,42,3,10,0.9837291432081072,0.0,0.8833572110792741,0.0,0.8117923075300124,0.0,0.8999347691877599,0.0,,0.90844412051997,0.0,0.0,0.8577131743269526,0.7207527975584944,0.6275465013286093,0.6709280303030303,0.3023924529552459,0.0,0.0,0.3023924529552459,0.8577131743269526,0.0
adult,iid,20,42,3,11,0.9837291432081072,0.0,0.8833572110792741,0.0,0.8117923075300124,0.0,0.8999347691877599,0.0,,0.90844412051997,0.0,0.0,0.8577131743269526,0.7207527975584944,0.6275465013286093,0.6709280303030303,0.3023924529552459,0.0,0.0,0.3023924529552459,0.8577131743269526,0.0
adult,iid,20,42,3,12,0.9837291432081072,0.0,0.8833572110792741,0.0,0.8117923075300124,0.0,0.8999347691877599,0.0088458070393899,,0.90844412051997,0.0,0.0,0.8577131743269526,0.7207527975584944,0.6275465013286093,0.6709280303030303,0.3023924529552459,0.0,0.0,0.3023924529552459,0.8577131743269526,0.0
adult,iid,20,42,3,13,0.9837291432081072,0.0,0.8833572110792741,0.0,0.8117923075300124,0.0,0.8999347691877599,0.0,,0.90844412051997,0.0,0.0,0.8577131743269526,0.7207527975584944,0.6275465013286093,0.6709280303030303,0.3023924529552459,0.0,0.0,0.3023924529552459,0.8577131743269526,0.0
adult,iid,20,42,3,14,0.9837291432081072,0.0,0.8833572110792741,0.0,0.8117923075300124,0.0,0.8999347691877599,0.0,,0.90844412051997,0.0,0.0,0.8577131743269526,0.7207527975584944,0.6275465013286093,0.6709280303030303,0.3023924529552459,0.0,0.0,0.3023924529552459,0.8577131743269526,0.0
adult,iid,20,42,3,15,0.9837291432081072,0.0,0.8833572110792741,0.0069537890640601,0.8117923075300124,0.0,0.8999347691877599,0.0,,0.90844412051997,0.0,0.0,0.8577131743269526,0.7207527975584944,0.6275465013286093,0.6709280303030303,0.3023924529552459,0.0,0.0,0.3023924529552459,0.8577131743269526,0.0
adult,iid,20,42,3,16,0.9837291432081072,0.0,0.8833572110792741,0.0,0.8117923075300124,0.0,0.8999347691877599,0.0,,0.90844412051997,0.0,0.0,0.8577131743269526,0.7207527975584944,0.6275465013286093,0.6709280303030303,0.3023924529552459,0.0,0.0,0.3023924529552459,0.8577131743269526,0.0
adult,iid,20,42,3,17,0.9837291432081072,0.0,0.8833572110792741,0.0,0.8117923075300124,0.0,0.8999347691877599,0.0,,0.90844412051997,0.0,0.0,0.8577131743269526,0.7207527975584944,0.6275465013286093,0.6709280303030303,0.3023924529552459,0.0,0.0,0.3023924529552459,0.8577131743269526,0.0
adult,iid,20,42,3,18,0.9837291432081072,0.0,0.8833572110792741,0.0,0.8117923075300124,0.0,0.8999347691877599,0.0,,0.90844412051997,0.0070235767813065,0.0070235767813065,0.8577131743269526,0.7207527975584944,0.6275465013286093,0.6709280303030303,0.3023924529552459,0.0,0.0,0.3023924529552459,0.8577131743269526,0.0
adult,iid,20,42,3,19,0.9837291432081072,0.0,0.8833572110792741,0.0,0.8117923075300124,0.0,0.8999347691877599,0.0,,0.90844412051997,0.0,0.0,0.8577131743269526,0.7207527975584944,0.6275465013286093,0.6709280303030303,0.3023924529552459,0.0,0.0,0.3023924529552459,0.8577131743269526,0.0
adult,iid,20,42,4,0,0.9841386016992528,0.0,0.8906771578445398,0.0,0.8108603685652866,0.0,0.856698971449871,0.0,,0.9112853860523816,0.0,0.0,0.8578155389497389,0.72,0.6297608503100088,0.671863926293409,0.2993791103363037,-0.000887250666197,0.0,0.2993791103363037,0.8578155389497389,0.0
adult,iid,20,42,4,1,0.9841386016992528,0.0,0.8906771578445398,0.0138746099368892,0.8108603685652866,0.0,0.856698971449871,0.0,,0.9112853860523816,0.0133061803655178,0.0133061803655178,0.8578155389497389,0.72,0.6297608503100088,0.671863926293409,0.2993791103363037,0.0,0.0,0.2993791103363037,0.8578155389497389,0.0
adult,iid,20,42,4,2,0.9841386016992528,0.0,0.8906771578445398,0.0,0.8108603685652866,0.0,0.856698971449871,0.0,,0.9112853860523816,0.0,0.0,0.8578155389497389,0.72,0.6297608503100088,0.671863926293409,0.2993791103363037,0.0,0.0,0.2993791103363037,0.8578155389497389,0.0
adult,iid,20,42,4,3,0.9841386016992528,0.0,0.8906771578445398,0.0,0.8108603685652866,0.0,0.856698971449871,-0.0006420768067853,,0.9112853860523816,0.0,0.0,0.8578155389497389,0.72,0.6297608503100088,0.671863926293409,0.2993791103363037,0.0,0.0,0.2993791103363037,0.8578155389497389,0.0
adult,iid,20,42,4,4,0.9841386016992528,0.0,0.8906771578445398,0.0,0.8108603685652866,0.0,0.856698971449871,0.0,,0.9112853860523816,0.0,0.0,0.8578155389497389,0.72,0.6297608503100088,0.671863926293409,0.2993791103363037,0.0,0.0,0.2993791103363037,0.8578155389497389,0.0
adult,iid,20,42,4,5,0.9841386016992528,0.0,0.8906771578445398,0.0,0.8108603685652866,0.0,0.856698971449871,0.0,,0.9112853860523816,0.0,0.0,0.8578155389497389,0.72,0.6297608503100088,0.671863926293409,0.2993791103363037,0.0,0.0,0.2993791103363037,0.8578155389497389,0.0
adult,iid,20,42,4,6,0.9841386016992528,0.0,0.8906771578445398,0.0,0.8108603685652866,0.0,0.856698971449871,0.0,,0.9112853860523816,0.0061412771063449,0.0061412771063449,0.8578155389497389,0.72,0.6297608503100088,0.671863926293409,0.2993791103363037,-0.0012555533672616,0.0,0.2993791103363037,0.8578155389497389,0.0
adult,iid,20,42,4,7,0.9841386016992528,0.0,0.8906771578445398,0.0,0.8108603685652866,0.0,0.856698971449871,0.0,,0.9112853860523816,0.0088537483087719,0.0088537483087719,0.8578155389497389,0.72,0.6297608503100088,0.671863926293409,0.2993791103363037,0.0,0.0,0.2993791103363037,0.8578155389497389,0.0
adult,iid,20,42,4,8,0.9841386016992528,0.0,0.8906771578445398,0.0,0.8108603685652866,0.0,0.856698971449871,0.0,,0.9112853860523816,0.0,0.0,0.8578155389497389,0.72,0.6297608503100088,0.671863926293409,0.2993791103363037,-0.0006450081941623,0.0,0.2993791103363037,0.8578155389497389,0.0
adult,iid,20,42,4,9,0.9841386016992528,0.0,0.8906771578445398,0.0,0.8108603685652866,0.0,0.856698971449871,0.0,,0.9112853860523816,0.0,0.0,0.8578155389497389,0.72,0.6297608503100088,0.671863926293409,0.2993791103363037,0.0,0.0,0.2993791103363037,0.8578155389497389,0.0
adult,iid,20,42,4,10,0.9841386016992528,0.0,0.8906771578445398,0.0,0.8108603685652866,0.0,0.856698971449871,0.0,,0.9112853860523816,0.0,0.0,0.8578155389497389,0.72,0.6297608503100088,0.671863926293409,0.2993791103363037,0.0,0.0,0.2993791103363037,0.8578155389497389,0.0
adult,iid,20,42,4,11,0.9841386016992528,0.0,0.8906771578445398,0.0,0.8108603685652866,0.0,0.856698971449871,0.0,,0.9112853860523816,0.0,0.0,0.8578155389497389,0.72,0.6297608503100088,0.671863926293409,0.2993791103363037,0.0,0.0,0.2993791103363037,0.8578155389497389,0.0
adult,iid,20,42,4,12,0.9841386016992528,0.0,0.8906771578445398,0.0,0.8108603685652866,0.0,0.856698971449871,0.0,,0.9112853860523816,0.0,0.0,0.8578155389497389,0.72,0.6297608503100088,0.671863926293409,0.2993791103363037,0.0,0.0,0.2993791103363037,0.8578155389497389,0.0
adult,iid,20,42,4,13,0.9841386016992528,0.0,0.8906771578445398,0.0,0.8108603685652866,0.0,0.856698971449871,0.0,,0.9112853860523816,0.0,0.0,0.8578155389497389,0.72,0.6297608503100088,0.671863926293409,0.2993791103363037,0.0,0.0,0.2993791103363037,0.8578155389497389,0.0
adult,iid,20,42,4,14,0.9841386016992528,0.0,0.8906771578445398,0.0,0.8108603685652866,0.0,0.856698971449871,0.0,,0.9112853860523816,0.0,0.0,0.8578155389497389,0.72,0.6297608503100088,0.671863926293409,0.2993791103363037,0.0,0.0,0.2993791103363037,0.8578155389497389,0.0
adult,iid,20,42,4,15,0.9841386016992528,0.0,0.8906771578445398,0.0,0.8108603685652866,0.0,0.856698971449871,0.0,,0.9112853860523816,0.0,0.0,0.8578155389497389,0.72,0.6297608503100088,0.671863926293409,0.2993791103363037,0.0,0.0,0.2993791103363037,0.8578155389497389,0.0
adult,iid,20,42,4,16,0.9841386016992528,0.0,0.8906771578445398,0.0057427992315017,0.8108603685652866,0.0,0.856698971449871,0.0,,0.9112853860523816,0.0,0.0,0.8578155389497389,0.72,0.6297608503100088,0.671863926293409,0.2993791103363037,-3.763916281797776e-05,0.0,0.2993791103363037,0.8578155389497389,0.0
adult,iid,20,42,4,17,0.9841386016992528,0.0,0.8906771578445398,0.0,0.8108603685652866,0.0,0.856698971449871,0.0,,0.9112853860523816,0.0,0.0,0.8578155389497389,0.72,0.6297608503100088,0.671863926293409,0.2993791103363037,0.0,0.0,0.2993791103363037,0.8578155389497389,0.0
adult,iid,20,42,4,18,0.9841386016992528,0.0,0.8906771578445398,0.0,0.8108603685652866,0.0,0.856698971449871,0.0,,0.9112853860523816,0.0078093926006634,0.0078093926006634,0.8578155389497389,0.72,0.6297608503100088,0.671863926293409,0.2993791103363037,-0.0007949845988151,0.0,0.2993791103363037,0.8578155389497389,0.0
adult,iid,20,42,4,19,0.9841386016992528,0.0,0.8906771578445398,0.0,0.8108603685652866,0.0,0.856698971449871,-0.0018968950154174,,0.9112853860523816,0.0,0.0,0.8578155389497389,0.72,0.6297608503100088,0.671863926293409,0.2993791103363037,0.0,0.0,0.2993791103363037,0.8578155389497389,0.0
adult,iid,20,42,5,0,0.9838857610809704,0.0,0.8908723075092229,0.0,0.8049757485823059,0.0,0.8365327493622523,0.0,,0.906274109421986,0.0,0.0,0.8597604667826799,0.7195845697329377,0.6443755535872453,0.6799065420560748,0.2973359823226928,-0.0006389396296719,0.0006725748707389,0.2973359823226928,0.8597604667826799,0.0006725748707389
adult,iid,20,42,5,1,0.9838857610809704,0.0,0.8908723075092229,0.0,0.8049757485823059,0.0141152111097466,0.8365327493622523,0.0,,0.906274109421986,0.0124193920095631,0.0124193920095631,0.8597604667826799,0.7195845697329377,0.6443755535872453,0.6799065420560748,0.2973359823226928,-0.0002651763922077,0.0,0.2973359823226928,0.8597604667826799,0.0
adult,iid,20,42,5,2,0.9838857610809704,0.0,0.8908723075092229,0.0,0.8049757485823059,0.0,0.8365327493622523,0.0,,0.906274109421986,0.0,0.0,0.8597604667826799,0.7195845697329377,0.6443755535872453,0.6799065420560748,0.2973359823226928,0.0,0.0,0.2973359823226928,0.8597604667826799,0.0
adult,iid,20,42,5,3,0.9838857610809704,0.0,0.8908723075092229,0.0,0.8049757485823059,0.0,0.8365327493622523,0.0,,0.906274109421986,0.0,0.0,0.8597604667826799,0.7195845697329377,0.6443755535872453,0.6799065420560748,0.2973359823226928,0.0,0.0,0.2973359823226928,0.8597604667826799,0.0
adult,iid,20,42,5,4,0.9838857610809704,0.0,0.8908723075092229,0.0,0.8049757485823059,0.0,0.8365327493622523,0.0,,0.906274109421986,0.0,0.0,0.8597604667826799,0.7195845697329377,0.6443755535872453,0.6799065420560748,0.2973359823226928,0.0,0.0,0.2973359823226928,0.8597604667826799,0.0
adult,iid,20,42,5,5,0.9838857610809704,0.0,0.8908723075092229,0.0,0.8049757485823059,0.0,0.8365327493622523,0.0,,0.906274109421986,0.0,0.0,0.8597604667826799,0.7195845697329377,0.6443755535872453,0.6799065420560748,0.2973359823226928,0.0,-0.0002211974115785,0.2973359823226928,0.8597604667826799,-0.0002211974115785
adult,iid,20,42,5,6,0.9838857610809704,0.0,0.8908723075092229,0.0,0.8049757485823059,0.0,0.8365327493622523,0.0,,0.906274109421986,0.0,0.0,0.8597604667826799,0.7195845697329377,0.6443755535872453,0.6799065420560748,0.2973359823226928,-0.0005004125000056,4.06090002644259e-05,0.2973359823226928,0.8597604667826799,4.06090002644259e-05
adult,iid,20,42,5,7,0.9838857610809704,0.0,0.8908723075092229,0.0,0.8049757485823059,0.0,0.8365327493622523,0.0,,0.906274109421986,0.0,0.0,0.8597604667826799,0.7195845697329377,0.6443755535872453,0.6799065420560748,0.2973359823226928,0.0,0.0,0.2973359823226928,0.8597604667826799,0.0
adult,iid,20,42,5,8,0.9838857610809704,0.0,0.8908723075092229,0.0,0.8049757485823059,0.0,0.8365327493622523,0.0,,0.906274109421986,0.0,0.0,0.8597604667826799,0.7195845697329377,0.6443755535872453,0.6799065420560748,0.2973359823226928,0.0,0.0003256205551156,0.2973359823226928,0.8597604667826799,0.0003256205551156
adult,iid,20,42,5,9,0.9838857610809704,0.0,0.8908723075092229,0.0,0.8049757485823059,0.0,0.8365327493622523,0.001916128083197,,0.906274109421986,0.0,0.0,0.8597604667826799,0.7195845697329377,0.6443755535872453,0.6799065420560748,0.2973359823226928,0.0,0.0,0.2973359823226928,0.8597604667826799,0.0
adult,iid,20,42,5,10,0.9838857610809704,0.0,0.8908723075092229,0.0,0.8049757485823059,0.0,0.8365327493622523,0.0,,0.906274109421986,0.0,0.0,0.8597604667826799,0.7195845697329377,0.6443755535872453,0.6799065420560748,0.2973359823226928,0.0,0.0,0.2973359823226928,0.8597604667826799,0.0
adult,iid,20,42,5,11,0.9838857610809704,0.0,0.8908723075092229,0.0,0.8049757485823059,0.0,0.8365327493622523,0.0,,0.906274109421986,0.0,0.0,0.8597604667826799,0.7195845697329377,0.6443755535872453,0.6799065420560748,0.2973359823226928,0.0,0.0,0.2973359823226928,0.8597604667826799,0.0
adult,iid,20,42,5,12,0.9838857610809704,0.0,0.8908723075092229,0.0,0.8049757485823059,0.0,0.8365327493622523,0.0066486186464719,,0.906274109421986,0.0,0.0,0.8597604667826799,0.7195845697329377,0.6443755535872453,0.6799065420560748,0.2973359823226928,0.0,0.0,0.2973359823226928,0.8597604667826799,0.0
adult,iid,20,42,5,13,0.9838857610809704,0.0,0.8908723075092229,0.0,0.8049757485823059,0.0,0.8365327493622523,0.0,,0.906274109421986,0.0,0.0,0.8597604667826799,0.7195845697329377,0.6443755535872453,0.6799065420560748,0.2973359823226928,-0.0001712260231123,0.0,0.2973359823226928,0.8597604667826799,0.0
adult,iid,20,42,5,14,0.9838857610809704,0.0,0.8908723075092229,0.0,0.8049757485823059,0.0,0.8365327493622523,0.0,,0.906274109421986,0.0,0.0,0.8597604667826799,0.7195845697329377,0.6443755535872453,0.6799065420560748,0.2973359823226928,0.0,0.0,0.2973359823226928,0.8597604667826799,0.0
adult,iid,20,42,5,15,0.9838857610809704,0.0,0.8908723075092229,0.0,0.8049757485823059,0.0,0.8365327493622523,0.0,,0.906274109421986,0.0,0.0,0.8597604667826799,0.7195845697329377,0.6443755535872453,0.6799065420560748,0.2973359823226928,0.0,0.000202857863072,0.2973359823226928,0.8597604667826799,0.000202857863072
adult,iid,20,42,5,16,0.9838857610809704,0.0,0.8908723075092229,0.0,0.8049757485823059,0.0,0.8365327493622523,0.0,,0.906274109421986,0.0,0.0,0.8597604667826799,0.7195845697329377,0.6443755535872453,0.6799065420560748,0.2973359823226928,0.0,0.0005082674871805,0.2973359823226928,0.8597604667826799,0.0005082674871805
adult,iid,20,42,5,17,0.9838857610809704,0.0,0.8908723075092229,0.0,0.8049757485823059,0.0,0.8365327493622523,0.0,,0.906274109421986,0.0,0.0,0.8597604667826799,0.7195845697329377,0.6443755535872453,0.6799065420560748,0.2973359823226928,0.0,0.0,0.2973359823226928,0.8597604667826799,0.0
adult,iid,20,42,5,18,0.9838857610809704,0.0,0.8908723075092229,0.0,0.8049757485823059,0.0,0.8365327493622523,-0.0017208964458423,,0.906274109421986,0.0,0.0,0.8597604667826799,0.7195845697329377,0.6443755535872453,0.6799065420560748,0.2973359823226928,0.0,0.0,0.2973359823226928,0.8597604667826799,0.0
adult,iid,20,42,5,19,0.9838857610809704,0.0,0.8908723075092229,0.0,0.8049757485823059,0.0,0.8365327493622523,0.0,,0.906274109421986,0.0,0.0,0.8597604667826799,0.7195845697329377,0.6443755535872453,0.6799065420560748,0.2973359823226928,4.143008993843855e-05,0.0,0.2973359823226928,0.8597604667826799,0.0
adult,iid,20,42,6,0,0.984173405671,0.0,0.8956996911380375,0.0,0.8072923508989083,0.0,0.8259094456545792,0.0,,0.9116188682576412,0.0,0.0,0.8621148531067663,0.7269556552067763,0.646147032772365,0.6841735052754983,0.2954847812652588,-0.0007263910916047,0.0,0.2954847812652588,0.8621148531067663,0.0
adult,iid,20,42,6,1,0.984173405671,0.0,0.8956996911380375,0.0086427846764542,0.8072923508989083,0.0117208260796215,0.8259094456545792,0.0069537394288505,,0.9116188682576412,0.0113850418855219,0.0113850418855219,0.8621148531067663,0.7269556552067763,0.646147032772365,0.6841735052754983,0.2954847812652588,2.093204861119988e-05,0.0,0.2954847812652588,0.8621148531067663,0.0
adult,iid,20,42,6,2,0.984173405671,0.0,0.8956996911380375,0.0,0.8072923508989083,0.0,0.8259094456545792,0.0,,0.9116188682576412,0.0,0.0,0.8621148531067663,0.7269556552067763,0.646147032772365,0.6841735052754983,0.2954847812652588,0.0,0.000166890182675,0.2954847812652588,0.8621148531067663,0.000166890182675
adult,iid,20,42,6,3,0.984173405671,0.0,0.8956996911380375,0.0,0.8072923508989083,0.0,0.8259094456545792,0.0,,0.9116188682576412,0.0,0.0,0.8621148531067663,0.7269556552067763,0.646147032772365,0.6841735052754983,0.2954847812652588,0.0,0.0,0.2954847812652588,0.8621148531067663,0.0
adult,iid,20,42,6,4,0.984173405671,0.0,0.8956996911380375,0.0,0.8072923508989083,0.0,0.8259094456545792,0.0,,0.9116188682576412,0.0,0.0,0.8621148531067663,0.7269556552067763,0.646147032772365,0.6841735052754983,0.2954847812652588,0.0,0.0,0.2954847812652588,0.8621148531067663,0.0
adult,iid,20,42,6,5,0.984173405671,0.0,0.8956996911380375,0.0,0.8072923508989083,0.0,0.8259094456545792,0.0,,0.9116188682576412,0.0,0.0,0.8621148531067663,0.7269556552067763,0.646147032772365,0.6841735052754983,0.2954847812652588,0.0,0.0,0.2954847812652588,0.8621148531067663,0.0
adult,iid,20,42,6,6,0.984173405671,0.0,0.8956996911380375,0.0,0.8072923508989083,0.0,0.8259094456545792,0.0,,0.9116188682576412,0.0,0.0,0.8621148531067663,0.7269556552067763,0.646147032772365,0.6841735052754983,0.2954847812652588,-0.0007332508268572,0.0,0.2954847812652588,0.8621148531067663,0.0
adult,iid,20,42,6,7,0.984173405671,0.0,0.8956996911380375,0.0,0.8072923508989083,0.0,0.8259094456545792,0.0,,0.9116188682576412,0.0,0.0,0.8621148531067663,0.7269556552067763,0.646147032772365,0.6841735052754983,0.2954847812652588,0.0,0.0004600433436507,0.2954847812652588,0.8621148531067663,0.0004600433436507
adult,iid,20,42,6,8,0.984173405671,0.0,0.8956996911380375,0.0,0.8072923508989083,0.0,0.8259094456545792,0.0,,0.9116188682576412,0.0,0.0,0.8621148531067663,0.7269556552067763,0.646147032772365,0.6841735052754983,0.2954847812652588,0.0,0.0,0.2954847812652588,0.8621148531067663,0.0
adult,iid,20,42,6,9,0.984173405671,0.0,0.8956996911380375,0.0,0.8072923508989083,0.0,0.8259094456545792,0.0,,0.9116188682576412,0.0,0.0,0.8621148531067663,0.7269556552067763,0.646147032772365,0.6841735052754983,0.2954847812652588,0.0,-0.0003931279482106,0.2954847812652588,0.8621148531067663,-0.0003931279482106
adult,iid,20,42,6,10,0.984173405671,0.0,0.8956996911380375,0.0,0.8072923508989083,0.0,0.8259094456545792,0.0,,0.9116188682576412,0.0,0.0,0.8621148531067663,0.7269556552067763,0.646147032772365,0.6841735052754983,0.2954847812652588,0.0,0.0,0.2954847812652588,0.8621148531067663,0.0
adult,iid,20,42,6,11,0.984173405671,0.0,0.8956996911380375,0.0,0.8072923508989083,0.0,0.8259094456545792,0.0,,0.9116188682576412,0.0,0.0,0.8621148531067663,0.7269556552067763,0.646147032772365,0.6841735052754983,0.2954847812652588,0.0,0.0006894675565883,0.2954847812652588,0.8621148531067663,0.0006894675565883
adult,iid,20,42,6,12,0.984173405671,0.0,0.8956996911380375,0.0,0.8072923508989083,0.0,0.8259094456545792,0.0,,0.9116188682576412,0.0,0.0,0.8621148531067663,0.7269556552067763,0.646147032772365,0.6841735052754983,0.2954847812652588,0.0,0.0,0.2954847812652588,0.8621148531067663,0.0
adult,iid,20,42,6,13,0.984173405671,0.0,0.8956996911380375,0.0,0.8072923508989083,0.0,0.8259094456545792,0.0,,0.9116188682576412,0.0,0.0,0.8621148531067663,0.7269556552067763,0.646147032772365,0.6841735052754983,0.2954847812652588,-6.624551759756465e-05,0.0,0.2954847812652588,0.8621148531067663,0.0
adult,iid,20,42,6,14,0.984173405671,0.0,0.8956996911380375,0.0,0.8072923508989083,0.0,0.8259094456545792,0.0,,0.9116188682576412,0.0,0.0,0.8621148531067663,0.7269556552067763,0.646147032772365,0.6841735052754983,0.2954847812652588,0.0,0.0,0.2954847812652588,0.8621148531067663,0.0
adult,iid,20,42,6,15,0.984173405671,0.0,0.8956996911380375,0.0,0.8072923508989083,0.0,0.8259094456545792,0.0,,0.9116188682576412,0.0,0.0,0.8621148531067663,0.7269556552067763,0.646147032772365,0.6841735052754983,0.2954847812652588,-0.000588141030666,0.0,0.2954847812652588,0.8621148531067663,0.0
adult,iid,20,42,6,16,0.984173405671,0.0,0.8956996911380375,0.0,0.8072923508989083,0.0,0.8259094456545792,0.0,,0.9116188682576412,0.0,0.0,0.8621148531067663,0.7269556552067763,0.646147032772365,0.6841735052754983,0.2954847812652588,2.9491140372258e-05,0.0,0.2954847812652588,0.8621148531067663,0.0
adult,iid,20,42,6,17,0.984173405671,0.0,0.8956996911380375,0.0,0.8072923508989083,0.0,0.8259094456545792,0.0,,0.9116188682576412,0.0,0.0,0.8621148531067663,0.7269556552067763,0.646147032772365,0.6841735052754983,0.2954847812652588,0.0,0.0,0.2954847812652588,0.8621148531067663,0.0
adult,iid,20,42,6,18,0.984173405671,0.0,0.8956996911380375,0.0,0.8072923508989083,0.0,0.8259094456545792,0.0,,0.9116188682576412,0.0065489943795536,0.0065489943795536,0.8621148531067663,0.7269556552067763,0.646147032772365,0.6841735052754983,0.2954847812652588,0.0,0.0,0.2954847812652588,0.8621148531067663,0.0
adult,iid,20,42,6,19,0.984173405671,0.0,0.8956996911380375,0.0,0.8072923508989083,0.0,0.8259094456545792,0.0,,0.9116188682576412,0.0,0.0,0.8621148531067663,0.7269556552067763,0.646147032772365,0.6841735052754983,0.2954847812652588,-3.4182119535942145e-05,0.0,0.2954847812652588,0.8621148531067663,0.0
adult,iid,20,42,7,0,0.9843105742655338,0.0,0.8923825344091125,0.0,0.8071538048587229,0.0,0.8140514158580763,0.0,,0.9110520873419244,0.0,0.0,0.8637526870713481,0.7318659329664833,0.6479185119574845,0.6873385012919897,0.2939246594905853,0.0,0.0006007134150547,0.2939246594905853,0.8637526870713481,0.0006007134150547
adult,iid,20,42,7,1,0.9843105742655338,0.0,0.8923825344091125,0.0070373293012419,0.8071538048587229,0.0,0.8140514158580763,0.0,,0.9110520873419244,0.0,0.0,0.8637526870713481,0.7318659329664833,0.6479185119574845,0.6873385012919897,0.2939246594905853,0.0,0.0,0.2939246594905853,0.8637526870713481,0.0
adult,iid,20,42,7,2,0.9843105742655338,0.0,0.8923825344091125,0.0,0.8071538048587229,0.0,0.8140514158580763,0.0,,0.9110520873419244,0.0,0.0,0.8637526870713481,0.7318659329664833,0.6479185119574845,0.6873385012919897,0.2939246594905853,-0.0004008556414402,0.0,0.2939246594905853,0.8637526870713481,0.0
adult,iid,20,42,7,3,0.9843105742655338,0.0,0.8923825344091125,0.0,0.8071538048587229,0.0,0.8140514158580763,0.0018991528459365,,0.9110520873419244,0.0,0.0,0.8637526870713481,0.7318659329664833,0.6479185119574845,0.6873385012919897,0.2939246594905853,0.0,0.0,0.2939246594905853,0.8637526870713481,0.0
adult,iid,20,42,7,4,0.9843105742655338,0.0,0.8923825344091125,0.0,0.8071538048587229,0.0,0.8140514158580763,0.0,,0.9110520873419244,0.0,0.0,0.8637526870713481,0.7318659329664833,0.6479185119574845,0.6873385012919897,0.2939246594905853,0.0,0.0,0.2939246594905853,0.8637526870713481,0.0
adult,iid,20,42,7,5,0.9843105742655338,0.0,0.8923825344091125,0.0,0.8071538048587229,0.0,0.8140514158580763,0.0,,0.9110520873419244,0.0,0.0,0.8637526870713481,0.7318659329664833,0.6479185119574845,0.6873385012919897,0.2939246594905853,0.0,-8.828697328725299e-05,0.2939246594905853,0.8637526870713481,-8.828697328725299e-05
adult,iid,20,42,7,6,0.9843105742655338,0.0,0.8923825344091125,0.0,0.8071538048587229,0.0,0.8140514158580763,0.0,,0.9110520873419244,0.0,0.0,0.8637526870713481,0.7318659329664833,0.6479185119574845,0.6873385012919897,0.2939246594905853,0.0,0.0002145836002221,0.2939246594905853,0.8637526870713481,0.0002145836002221
adult,iid,20,42,7,7,0.9843105742655338,0.0,0.8923825344091125,0.0,0.8071538048587229,0.0,0.8140514158580763,0.0,,0.9110520873419244,0.0,0.0,0.8637526870713481,0.7318659329664833,0.6479185119574845,0.6873385012919897,0.2939246594905853,-0.0003926941371423,0.0,0.2939246594905853,0.8637526870713481,0.0
adult,iid,20,42,7,8,0.9843105742655338,0.0,0.8923825344091125,0.0,0.8071538048587229,0.0,0.8140514158580763,0.0,,0.9110520873419244,0.0,0.0,0.8637526870713481,0.7318659329664833,0.6479185119574845,0.6873385012919897,0.2939246594905853,-0.0005340809475519,0.0005224819056954,0.2939246594905853,0.8637526870713481,0.0005224819056954
adult,iid,20,42,7,9,0.9843105742655338,0.0,0.8923825344091125,0.0,0.8071538048587229,0.0,0.8140514158580763,0.0,,0.9110520873419244,0.0,0.0,0.8637526870713481,0.7318659329664833,0.6479185119574845,0.6873385012919897,0.2939246594905853,0.0,0.0,0.2939246594905853,0.8637526870713481,0.0
adult,iid,20,42,7,10,0.9843105742655338,0.0,0.8923825344091125,0.0,0.8071538048587229,0.0,0.8140514158580763,0.0,,0.9110520873419244,0.0,0.0,0.8637526870713481,0.7318659329664833,0.6479185119574845,0.6873385012919897,0.2939246594905853,0.0,0.0,0.2939246594905853,0.8637526870713481,0.0
adult,iid,20,42,7,11,0.9843105742655338,0.0,0.8923825344091125,0.0,0.8071538048587229,0.0,0.8140514158580763,0.0,,0.9110520873419244,0.0,0.0,0.8637526870713481,0.7318659329664833,0.6479185119574845,0.6873385012919897,0.2939246594905853,-0.0009044557548863,0.0007732651760581,0.2939246594905853,0.8637526870713481,0.0007732651760581
adult,iid,20,42,7,12,0.9843105742655338,0.0,0.8923825344091125,0.0,0.8071538048587229,0.0,0.8140514158580763,0.0,,0.9110520873419244,0.0,0.0,0.8637526870713481,0.7318659329664833,0.6479185119574845,0.6873385012919897,0.2939246594905853,0.0,0.0,0.2939246594905853,0.8637526870713481,0.0
adult,iid,20,42,7,13,0.9843105742655338,0.0,0.8923825344091125,0.0,0.8071538048587229,0.0,0.8140514158580763,0.0,,0.9110520873419244,0.0,0.0,0.8637526870713481,0.7318659329664833,0.6479185119574845,0.6873385012919897,0.2939246594905853,0.0,0.0,0.2939246594905853,0.8637526870713481,0.0
adult,iid,20,42,7,14,0.9843105742655338,0.0,0.8923825344091125,0.0,0.8071538048587229,0.0,0.8140514158580763,0.0,,0.9110520873419244,0.0,0.0,0.8637526870713481,0.7318659329664833,0.6479185119574845,0.6873385012919897,0.2939246594905853,0.0,0.0004814556128694,0.2939246594905853,0.8637526870713481,0.0004814556128694
adult,iid,20,42,7,15,0.9843105742655338,0.0,0.8923825344091125,0.0,0.8071538048587229,0.0,0.8140514158580763,0.0,,0.9110520873419244,0.0,0.0,0.8637526870713481,0.7318659329664833,0.6479185119574845,0.6873385012919897,0.2939246594905853,0.0,0.0,0.2939246594905853,0.8637526870713481,0.0
adult,iid,20,42,7,16,0.9843105742655338,0.0,0.8923825344091125,0.0,0.8071538048587229,0.0,0.8140514158580763,0.0,,0.9110520873419244,0.0,0.0,0.8637526870713481,0.7318659329664833,0.6479185119574845,0.6873385012919897,0.2939246594905853,0.0,0.0,0.2939246594905853,0.8637526870713481,0.0
adult,iid,20,42,7,17,0.9843105742655338,0.0,0.8923825344091125,0.0,0.8071538048587229,0.0,0.8140514158580763,0.0,,0.9110520873419244,0.0,0.0,0.8637526870713481,0.7318659329664833,0.6479185119574845,0.6873385012919897,0.2939246594905853,0.0,0.0,0.2939246594905853,0.8637526870713481,0.0
adult,iid,20,42,7,18,0.9843105742655338,0.0,0.8923825344091125,0.0,0.8071538048587229,0.0,0.8140514158580763,0.0,,0.9110520873419244,0.0,0.0,0.8637526870713481,0.7318659329664833,0.6479185119574845,0.6873385012919897,0.2939246594905853,0.0,0.0,0.2939246594905853,0.8637526870713481,0.0
adult,iid,20,42,7,19,0.9843105742655338,0.0,0.8923825344091125,0.0,0.8071538048587229,0.0,0.8140514158580763,0.0,,0.9110520873419244,0.0,0.0,0.8637526870713481,0.7318659329664833,0.6479185119574845,0.6873385012919897,0.2939246594905853,0.0,0.0,0.2939246594905853,0.8637526870713481,0.0
adult,iid,20,42,8,0,0.984460026614802,0.0,0.8958160483584212,0.0,0.8037402273467847,0.0,0.8582511153304058,0.0,,0.9090881501201538,0.0,0.0,0.8636503224485618,0.7280788177339902,0.6545615589016829,0.6893656716417911,0.292864978313446,-0.0004096454695651,0.0,0.292864978313446,0.8636503224485618,0.0
adult,iid,20,42,8,1,0.984460026614802,0.0,0.8958160483584212,0.0083372344185384,0.8037402273467847,0.0118349129653264,0.8582511153304058,0.0,,0.9090881501201538,0.0108682520562186,0.0108682520562186,0.8636503224485618,0.7280788177339902,0.6545615589016829,0.6893656716417911,0.292864978313446,0.0,0.0,0.292864978313446,0.8636503224485618,0.0
adult,iid,20,42,8,2,0.984460026614802,0.0,0.8958160483584212,0.0,0.8037402273467847,0.0,0.8582511153304058,0.0,,0.9090881501201538,0.0,0.0,0.8636503224485618,0.7280788177339902,0.6545615589016829,0.6893656716417911,0.292864978313446,0.0,0.0,0.292864978313446,0.8636503224485618,0.0
adult,iid,20,42,8,3,0.984460026614802,0.0,0.8958160483584212,0.0,0.8037402273467847,0.0,0.8582511153304058,0.0062255851566774,,0.9090881501201538,0.0,0.0,0.8636503224485618,0.7280788177339902,0.6545615589016829,0.6893656716417911,0.292864978313446,0.0,0.0,0.292864978313446,0.8636503224485618,0.0
adult,iid,20,42,8,4,0.984460026614802,0.0,0.8958160483584212,0.0,0.8037402273467847,0.0,0.8582511153304058,0.0,,0.9090881501201538,0.0,0.0,0.8636503224485618,0.7280788177339902,0.6545615589016829,0.6893656716417911,0.292864978313446,0.0,0.0,0.292864978313446,0.8636503224485618,0.0
adult,iid,20,42,8,5,0.984460026614802,0.0,0.8958160483584212,0.0,0.8037402273467847,0.0,0.8582511153304058,0.0,,0.9090881501201538,0.0,0.0,0.8636503224485618,0.7280788177339902,0.6545615589016829,0.6893656716417911,0.292864978313446,0.0008428033316534,0.0,0.292864978313446,0.8636503224485618,0.0
adult,iid,20,42,8,6,0.984460026614802,0.0,0.8958160483584212,0.0,0.8037402273467847,0.0,0.8582511153304058,0.0,,0.9090881501201538,0.0,0.0,0.8636503224485618,0.7280788177339902,0.6545615589016829,0.6893656716417911,0.292864978313446,-0.000582246903027,0.0,0.292864978313446,0.8636503224485618,0.0
adult,iid,20,42,8,7,0.984460026614802,0.0,0.8958160483584212,0.0,0.8037402273467847,0.0,0.8582511153304058,0.0,,0.9090881501201538,0.0,0.0,0.8636503224485618,0.7280788177339902,0.6545615589016829,0.6893656716417911,0.292864978313446,0.0,0.0,0.292864978313446,0.8636503224485618,0.0
adult,iid,20,42,8,8,0.984460026614802,0.0,0.8958160483584212,0.0,0.8037402273467847,0.0,0.8582511153304058,0.0,,0.9090881501201538,0.0,0.0,0.8636503224485618,0.7280788177339902,0.6545615589016829,0.6893656716417911,0.292864978313446,0.0,0.0,0.292864978313446,0.8636503224485618,0.0
adult,iid,20,42,8,9,0.984460026614802,0.0,0.8958160483584212,0.0,0.8037402273467847,0.0,0.8582511153304058,0.0,,0.9090881501201538,0.0,0.0,0.8636503224485618,0.7280788177339902,0.6545615589016829,0.6893656716417911,0.292864978313446,0.0,0.0,0.292864978313446,0.8636503224485618,0.0
adult,iid,20,42,8,10,0.984460026614802,0.0,0.8958160483584212,0.0,0.8037402273467847,0.0,0.8582511153304058,0.0,,0.9090881501201538,0.0,0.0,0.8636503224485618,0.7280788177339902,0.6545615589016829,0.6893656716417911,0.292864978313446,0.0,0.0,0.292864978313446,0.8636503224485618,0.0
adult,iid,20,42,8,11,0.984460026614802,0.0,0.8958160483584212,0.0,0.8037402273467847,0.0,0.8582511153304058,0.0,,0.9090881501201538,0.0,0.0,0.8636503224485618,0.7280788177339902,0.6545615589016829,0.6893656716417911,0.292864978313446,0.0,0.0,0.292864978313446,0.8636503224485618,0.0
adult,iid,20,42,8,12,0.984460026614802,0.0,0.8958160483584212,0.0,0.8037402273467847,0.0,0.8582511153304058,0.0,,0.9090881501201538,0.0,0.0,0.8636503224485618,0.7280788177339902,0.6545615589016829,0.6893656716417911,0.292864978313446,0.0,0.0,0.292864978313446,0.8636503224485618,0.0
adult,iid,20,42,8,13,0.984460026614802,0.0,0.8958160483584212,0.0,0.8037402273467847,0.0,0.8582511153304058,0.0,,0.9090881501201538,0.0,0.0,0.8636503224485618,0.7280788177339902,0.6545615589016829,0.6893656716417911,0.292864978313446,0.0,0.0,0.292864978313446,0.8636503224485618,0.0
adult,iid,20,42,8,14,0.984460026614802,0.0,0.8958160483584212,0.0,0.8037402273467847,0.0,0.8582511153304058,0.0,,0.9090881501201538,0.0,0.0,0.8636503224485618,0.7280788177339902,0.6545615589016829,0.6893656716417911,0.292864978313446,0.0,0.0,0.292864978313446,0.8636503224485618,0.0
adult,iid,20,42,8,15,0.984460026614802,0.0,0.8958160483584212,0.0,0.8037402273467847,0.0,0.8582511153304058,0.0,,0.9090881501201538,0.0,0.0,0.8636503224485618,0.7280788177339902,0.6545615589016829,0.6893656716417911,0.292864978313446,0.0,0.0,0.292864978313446,0.8636503224485618,0.0
adult,iid,20,42,8,16,0.984460026614802,0.0,0.8958160483584212,0.0,0.8037402273467847,0.0,0.8582511153304058,0.0,,0.9090881501201538,0.0,0.0,0.8636503224485618,0.7280788177339902,0.6545615589016829,0.6893656716417911,0.292864978313446,-0.0004063293551714,0.0,0.292864978313446,0.8636503224485618,0.0
adult,iid,20,42,8,17,0.984460026614802,0.0,0.8958160483584212,0.0,0.8037402273467847,0.0,0.8582511153304058,0.0,,0.9090881501201538,0.0,0.0,0.8636503224485618,0.7280788177339902,0.6545615589016829,0.6893656716417911,0.292864978313446,0.0005256233460595,0.0,0.292864978313446,0.8636503224485618,0.0
adult,iid,20,42,8,18,0.984460026614802,0.0,0.8958160483584212,0.0,0.8037402273467847,0.0,0.8582511153304058,-0.0019393003322071,,0.9090881501201538,0.0,0.0,0.8636503224485618,0.7280788177339902,0.6545615589016829,0.6893656716417911,0.292864978313446,0.0,0.0,0.292864978313446,0.8636503224485618,0.0
adult,iid,20,42,8,19,0.984460026614802,0.0,0.8958160483584212,0.0,0.8037402273467847,0.0,0.8582511153304058,0.0051115256340999,,0.9090881501201538,0.0,0.0,0.8636503224485618,0.7280788177339902,0.6545615589016829,0.6893656716417911,0.292864978313446,-0.0001477421613401,0.0,0.292864978313446,0.8636503224485618,0.0
adult,iid,20,42,9,0,0.984474357661992,0.0,0.8954287067740407,0.0,0.804810712351696,0.0,0.8061771249519505,0.0,,0.9120207862357264,0.0,0.0,0.8645716040536391,0.7304090685066535,0.6563330380868024,0.6913925822253324,0.2919166684150696,0.0,0.0,0.2919166684150696,0.8645716040536391,0.0
adult,iid,20,42,9,1,0.984474357661992,0.0,0.8954287067740407,0.0,0.804810712351696,0.0122106285686896,0.8061771249519505,0.0,,0.9120207862357264,0.0,0.0,0.8645716040536391,0.7304090685066535,0.6563330380868024,0.6913925822253324,0.2919166684150696,0.0,0.0,0.2919166684150696,0.8645716040536391,0.0
adult,iid,20,42,9,2,0.984474357661992,0.0,0.8954287067740407,0.0,0.804810712351696,0.0,0.8061771249519505,0.0,,0.9120207862357264,0.0,0.0,0.8645716040536391,0.7304090685066535,0.6563330380868024,0.6913925822253324,0.2919166684150696,0.0,0.0,0.2919166684150696,0.8645716040536391,0.0
adult,iid,20,42,9,3,0.984474357661992,0.0,0.8954287067740407,0.0,0.804810712351696,0.0,0.8061771249519505,0.0,,0.9120207862357264,0.0,0.0,0.8645716040536391,0.7304090685066535,0.6563330380868024,0.6913925822253324,0.2919166684150696,0.0,0.0,0.2919166684150696,0.8645716040536391,0.0
adult,iid,20,42,9,4,0.984474357661992,0.0,0.8954287067740407,0.0,0.804810712351696,0.0,0.8061771249519505,0.0,,0.9120207862357264,0.0,0.0,0.8645716040536391,0.7304090685066535,0.6563330380868024,0.6913925822253324,0.2919166684150696,0.0,0.0,0.2919166684150696,0.8645716040536391,0.0
adult,iid,20,42,9,5,0.984474357661992,0.0,0.8954287067740407,0.0,0.804810712351696,0.0,0.8061771249519505,0.0,,0.9120207862357264,0.0,0.0,0.8645716040536391,0.7304090685066535,0.6563330380868024,0.6913925822253324,0.2919166684150696,0.0,0.0,0.2919166684150696,0.8645716040536391,0.0
adult,iid,20,42,9,6,0.984474357661992,0.0,0.8954287067740407,0.0,0.804810712351696,0.0,0.8061771249519505,0.0,,0.9120207862357264,0.0,0.0,0.8645716040536391,0.7304090685066535,0.6563330380868024,0.6913925822253324,0.2919166684150696,0.0,0.0,0.2919166684150696,0.8645716040536391,0.0
adult,iid,20,42,9,7,0.984474357661992,0.0,0.8954287067740407,0.0,0.804810712351696,0.0,0.8061771249519505,0.0,,0.9120207862357264,0.0,0.0,0.8645716040536391,0.7304090685066535,0.6563330380868024,0.6913925822253324,0.2919166684150696,0.0,0.0,0.2919166684150696,0.8645716040536391,0.0
adult,iid,20,42,9,8,0.984474357661992,0.0,0.8954287067740407,0.0,0.804810712351696,0.0,0.8061771249519505,0.0020539193593044,,0.9120207862357264,0.0,0.0,0.8645716040536391,0.7304090685066535,0.6563330380868024,0.6913925822253324,0.2919166684150696,0.0,0.0,0.2919166684150696,0.8645716040536391,0.0
adult,iid,20,42,9,9,0.984474357661992,0.0,0.8954287067740407,0.0,0.804810712351696,0.0,0.8061771249519505,0.0,,0.9120207862357264,0.0,0.0,0.8645716040536391,0.7304090685066535,0.6563330380868024,0.6913925822253324,0.2919166684150696,0.0,0.0,0.2919166684150696,0.8645716040536391,0.0
adult,iid,20,42,9,10,0.984474357661992,0.0,0.8954287067740407,0.0,0.804810712351696,0.0,0.8061771249519505,0.0,,0.9120207862357264,0.0,0.0,0.8645716040536391,0.7304090685066535,0.6563330380868024,0.6913925822253324,0.2919166684150696,0.0,0.0,0.2919166684150696,0.8645716040536391,0.0
adult,iid,20,42,9,11,0.984474357661992,0.0,0.8954287067740407,0.0,0.804810712351696,0.0,0.8061771249519505,0.0,,0.9120207862357264,0.0,0.0,0.8645716040536391,0.7304090685066535,0.6563330380868024,0.6913925822253324,0.2919166684150696,0.0,0.0,0.2919166684150696,0.8645716040536391,0.0
adult,iid,20,42,9,12,0.984474357661992,0.0,0.8954287067740407,0.0,0.804810712351696,0.0,0.8061771249519505,0.0,,0.9120207862357264,0.0,0.0,0.8645716040536391,0.7304090685066535,0.6563330380868024,0.6913925822253324,0.2919166684150696,0.0,0.0,0.2919166684150696,0.8645716040536391,0.0
adult,iid,20,42,9,13,0.984474357661992,0.0,0.8954287067740407,0.0,0.804810712351696,0.0,0.8061771249519505,0.0,,0.9120207862357264,0.0,0.0,0.8645716040536391,0.7304090685066535,0.6563330380868024,0.6913925822253324,0.2919166684150696,0.0,0.0,0.2919166684150696,0.8645716040536391,0.0
adult,iid,20,42,9,14,0.984474357661992,0.0,0.8954287067740407,0.0,0.804810712351696,0.0,0.8061771249519505,0.0,,0.9120207862357264,0.0,0.0,0.8645716040536391,0.7304090685066535,0.6563330380868024,0.6913925822253324,0.2919166684150696,0.0,0.0,0.2919166684150696,0.8645716040536391,0.0
adult,iid,20,42,9,15,0.984474357661992,0.0,0.8954287067740407,0.0,0.804810712351696,0.0,0.8061771249519505,0.0,,0.9120207862357264,0.0,0.0,0.8645716040536391,0.7304090685066535,0.6563330380868024,0.6913925822253324,0.2919166684150696,0.0,0.0,0.2919166684150696,0.8645716040536391,0.0
adult,iid,20,42,9,16,0.984474357661992,0.0,0.8954287067740407,0.0,0.804810712351696,0.0,0.8061771249519505,0.0,,0.9120207862357264,0.0,0.0,0.8645716040536391,0.7304090685066535,0.6563330380868024,0.6913925822253324,0.2919166684150696,0.0,0.0,0.2919166684150696,0.8645716040536391,0.0
adult,iid,20,42,9,17,0.984474357661992,0.0,0.8954287067740407,0.0,0.804810712351696,0.0,0.8061771249519505,0.0,,0.9120207862357264,0.0,0.0,0.8645716040536391,0.7304090685066535,0.6563330380868024,0.6913925822253324,0.2919166684150696,0.0,0.0,0.2919166684150696,0.8645716040536391,0.0
adult,iid,20,42,9,18,0.984474357661992,0.0,0.8954287067740407,0.0,0.804810712351696,0.0,0.8061771249519505,0.0,,0.9120207862357264,0.0069882406119495,0.0069882406119495,0.8645716040536391,0.7304090685066535,0.6563330380868024,0.6913925822253324,0.2919166684150696,0.0,0.0,0.2919166684150696,0.8645716040536391,0.0
adult,iid,20,42,9,19,0.984474357661992,0.0,0.8954287067740407,0.0,0.804810712351696,0.0,0.8061771249519505,0.0,,0.9120207862357264,0.0,0.0,0.8645716040536391,0.7304090685066535,0.6563330380868024,0.6913925822253324,0.2919166684150696,0.0,0.0,0.2919166684150696,0.8645716040536391,0.0
adult,iid,20,42,10,0,0.984602313440475,0.0,0.9004026527711985,0.0064999431753021,0.8074255989010087,0.0,0.8237079057414762,0.0,,0.9137137620098283,0.0,0.0,0.8638550516941345,0.7299306243805749,0.6523472099202834,0.6889616463985033,0.2909774482250213,0.0,0.0,0.2909774482250213,0.8638550516941345,0.0
adult,iid,20,42,10,1,0.984602313440475,0.0,0.9004026527711985,0.0,0.8074255989010087,0.0105647919582345,0.8237079057414762,0.0,,0.9137137620098283,0.0104026337677486,0.0104026337677486,0.8638550516941345,0.7299306243805749,0.6523472099202834,0.6889616463985033,0.2909774482250213,0.0,0.0,0.2909774482250213,0.8638550516941345,0.0
adult,iid,20,42,10,2,0.984602313440475,0.0,0.9004026527711985,0.0,0.8074255989010087,0.0,0.8237079057414762,0.0,,0.9137137620098283,0.0,0.0,0.8638550516941345,0.7299306243805749,0.6523472099202834,0.6889616463985033,0.2909774482250213,0.0,0.0,0.2909774482250213,0.8638550516941345,0.0
adult,iid,20,42,10,3,0.984602313440475,0.0,0.9004026527711985,0.0,0.8074255989010087,0.0,0.8237079057414762,0.0057842669036536,,0.9137137620098283,0.0,0.0,0.8638550516941345,0.7299306243805749,0.6523472099202834,0.6889616463985033,0.2909774482250213,0.0,0.0,0.2909774482250213,0.8638550516941345,0.0
adult,iid,20,42,10,4,0.984602313440475,0.0,0.9004026527711985,0.0,0.8074255989010087,0.0,0.8237079057414762,0.0,,0.9137137620098283,0.0,0.0,0.8638550516941345,0.7299306243805749,0.6523472099202834,0.6889616463985033,0.2909774482250213,0.0,0.0,0.2909774482250213,0.8638550516941345,0.0
adult,iid,20,42,10,5,0.984602313440475,0.0,0.9004026527711985,0.0,0.8074255989010087,0.0,0.8237079057414762,0.0,,0.9137137620098283,0.0,0.0,0.8638550516941345,0.7299306243805749,0.6523472099202834,0.6889616463985033,0.2909774482250213,0.0,0.0,0.2909774482250213,0.8638550516941345,0.0
adult,iid,20,42,10,6,0.984602313440475,0.0,0.9004026527711985,0.0,0.8074255989010087,0.0,0.8237079057414762,0.0,,0.9137137620098283,0.0,0.0,0.8638550516941345,0.7299306243805749,0.6523472099202834,0.6889616463985033,0.2909774482250213,0.0,0.0,0.2909774482250213,0.8638550516941345,0.0
adult,iid,20,42,10,7,0.984602313440475,0.0,0.9004026527711985,0.0,0.8074255989010087,0.0,0.8237079057414762,0.0,,0.9137137620098283,0.0,0.0,0.8638550516941345,0.7299306243805749,0.6523472099202834,0.6889616463985033,0.2909774482250213,0.0,0.0,0.2909774482250213,0.8638550516941345,0.0
adult,iid,20,42,10,8,0.984602313440475,0.0,0.9004026527711985,0.0,0.8074255989010087,0.0,0.8237079057414762,0.0,,0.9137137620098283,0.0,0.0,0.8638550516941345,0.7299306243805749,0.6523472099202834,0.6889616463985033,0.2909774482250213,0.0,0.0,0.2909774482250213,0.8638550516941345,0.0
adult,iid,20,42,10,9,0.984602313440475,0.0,0.9004026527711985,0.0,0.8074255989010087,0.0,0.8237079057414762,0.0,,0.9137137620098283,0.0,0.0,0.8638550516941345,0.7299306243805749,0.6523472099202834,0.6889616463985033,0.2909774482250213,0.0,0.0,0.2909774482250213,0.8638550516941345,0.0
adult,iid,20,42,10,10,0.984602313440475,0.0,0.9004026527711985,0.0,0.8074255989010087,0.0,0.8237079057414762,0.0,,0.9137137620098283,0.0,0.0,0.8638550516941345,0.7299306243805749,0.6523472099202834,0.6889616463985033,0.2909774482250213,0.0,0.0,0.2909774482250213,0.8638550516941345,0.0
adult,iid,20,42,10,11,0.984602313440475,0.0,0.9004026527711985,0.0,0.8074255989010087,0.0,0.8237079057414762,0.0,,0.9137137620098283,0.0,0.0,0.8638550516941345,0.7299306243805749,0.6523472099202834,0.6889616463985033,0.2909774482250213,0.0,0.0,0.2909774482250213,0.8638550516941345,0.0
adult,iid,20,42,10,12,0.984602313440475,0.0,0.9004026527711985,0.0,0.8074255989010087,0.0,0.8237079057414762,0.0,,0.9137137620098283,0.0,0.0,0.8638550516941345,0.7299306243805749,0.6523472099202834,0.6889616463985033,0.2909774482250213,0.0,0.0,0.2909774482250213,0.8638550516941345,0.0
adult,iid,20,42,10,13,0.984602313440475,0.0,0.9004026527711985,0.0,0.8074255989010087,0.0,0.8237079057414762,0.0,,0.9137137620098283,0.0,0.0,0.8638550516941345,0.7299306243805749,0.6523472099202834,0.6889616463985033,0.2909774482250213,0.0,0.0,0.2909774482250213,0.8638550516941345,0.0
adult,iid,20,42,10,14,0.984602313440475,0.0,0.9004026527711985,0.0,0.8074255989010087,0.0,0.8237079057414762,0.0,,0.9137137620098283,0.0,0.0,0.8638550516941345,0.7299306243805749,0.6523472099202834,0.6889616463985033,0.2909774482250213,0.0,0.0,0.2909774482250213,0.8638550516941345,0.0
adult,iid,20,42,10,15,0.984602313440475,0.0,0.9004026527711985,0.0,0.8074255989010087,0.0,0.8237079057414762,0.0,,0.9137137620098283,0.0,0.0,0.8638550516941345,0.7299306243805749,0.6523472099202834,0.6889616463985033,0.2909774482250213,0.0,0.0,0.2909774482250213,0.8638550516941345,0.0
adult,iid,20,42,10,16,0.984602313440475,0.0,0.9004026527711985,0.0,0.8074255989010087,0.0,0.8237079057414762,0.0,,0.9137137620098283,0.0,0.0,0.8638550516941345,0.7299306243805749,0.6523472099202834,0.6889616463985033,0.2909774482250213,0.0,0.0,0.2909774482250213,0.8638550516941345,0.0
adult,iid,20,42,10,17,0.984602313440475,0.0,0.9004026527711985,0.0,0.8074255989010087,0.0,0.8237079057414762,0.0,,0.9137137620098283,0.0,0.0,0.8638550516941345,0.7299306243805749,0.6523472099202834,0.6889616463985033,0.2909774482250213,0.0,0.0,0.2909774482250213,0.8638550516941345,0.0
adult,iid,20,42,10,18,0.984602313440475,0.0,0.9004026527711985,0.0,0.8074255989010087,0.0,0.8237079057414762,0.0,,0.9137137620098283,0.0,0.0,0.8638550516941345,0.7299306243805749,0.6523472099202834,0.6889616463985033,0.2909774482250213,0.0,0.0,0.2909774482250213,0.8638550516941345,0.0
adult,iid,20,42,10,19,0.984602313440475,0.0,0.9004026527711985,0.0,0.8074255989010087,0.0,0.8237079057414762,0.0,,0.9137137620098283,0.0,0.0,0.8638550516941345,0.7299306243805749,0.6523472099202834,0.6889616463985033,0.2909774482250213,0.0,0.0,0.2909774482250213,0.8638550516941345,0.0
adult,iid,4,42,1,0,0.9818968164602312,0.0,0.8813620071684588,0.0,0.804150567429256,-0.0177563340077001,0.8567106198091998,0.0,,0.9047735738078482,0.0155408171016358,0.0155408171016358,0.8567918927218753,0.7087992221682061,0.645704162976085,0.6757821552723059,0.3026464879512787,-0.130603681008021,0.0844883474937727,0.3026464879512787,0.8567918927218753,0.0844883474937727
adult,iid,4,42,1,1,0.9818968164602312,0.0,0.8813620071684588,0.0,0.804150567429256,0.0,0.8567106198091998,0.02068447700808,,0.9047735738078482,0.0,0.0,0.8567918927218753,0.7087992221682061,0.645704162976085,0.6757821552723059,0.3026464879512787,0.0,0.0,0.3026464879512787,0.8567918927218753,0.0
adult,iid,4,42,1,2,0.9818968164602312,0.005715358105572,0.8813620071684588,0.1346035874551602,0.804150567429256,0.0,0.8567106198091998,0.0,,0.9047735738078482,0.0,0.0,0.8567918927218753,0.7087992221682061,0.645704162976085,0.6757821552723059,0.3026464879512787,0.0,0.0723240181526597,0.3026464879512787,0.8567918927218753,0.0723240181526597
adult,iid,4,42,1,3,0.9818968164602312,0.0,0.8813620071684588,0.0,0.804150567429256,0.0,0.8567106198091998,0.0,,0.9047735738078482,0.0,0.0,0.8567918927218753,0.7087992221682061,0.645704162976085,0.6757821552723059,0.3026464879512787,-0.1137751907110214,0.0736104002456751,0.3026464879512787,0.8567918927218753,0.0736104002456751
adult,iid,4,42,2,0,0.9854642235643362,0.0023120073702528,0.9096728307254623,0.0229026576226609,0.8248985285050858,0.0392869950356289,0.8103414134119209,0.0,,0.929128530818992,0.0308937839987151,0.0308937839987151,0.8631384993346299,0.7432646592709984,0.6231178033658105,0.6779089376053963,0.2935148179531097,-0.0026645471652348,0.0,0.2935148179531097,0.8631384993346299,0.0
adult,iid,4,42,2,1,0.9854642235643362,0.0,0.9096728307254623,0.0,0.8248985285050858,0.0,0.8103414134119209,0.0,,0.929128530818992,0.0,0.0,0.8631384993346299,0.7432646592709984,0.6231178033658105,0.6779089376053963,0.2935148179531097,-0.0033252288897832,0.0036066468761729,0.2935148179531097,0.8631384993346299,0.0036066468761729
adult,iid,4,42,2,2,0.9854642235643362,0.0,0.9096728307254623,0.0190002037948691,0.8248985285050858,0.0,0.8103414134119209,0.0220551976920716,,0.929128530818992,0.0,0.0,0.8631384993346299,0.7432646592709984,0.6231178033658105,0.6779089376053963,0.2935148179531097,0.0008131841818491,0.0005698297335107,0.2935148179531097,0.8631384993346299,0.0005698297335107
adult,iid,4,42,2,3,0.9854642235643362,0.0,0.9096728307254623,0.0,0.8248985285050858,0.0,0.8103414134119209,0.0,,0.929128530818992,0.0,0.0,0.8631384993346299,0.7432646592709984,0.6231178033658105,0.6779089376053963,0.2935148179531097,-0.0039046257734298,0.0,0.2935148179531097,0.8631384993346299,0.0
adult,iid,4,42,3,0,0.9872576517555532,0.0,0.9135378419992892,0.0232811400461814,0.823737976852731,0.023156936796281,0.928042260247644,0.0,,0.9363613298088024,0.0166444166753236,0.0166444166753236,0.86539052103593,0.7424164524421594,0.6395039858281665,0.6871282417320961,0.2903994619846344,-0.0003665526707967,0.0013614494830586,0.2903994619846344,0.86539052103593,0.0013614494830586
adult,iid,4,42,3,1,0.9872576517555532,0.0,0.9135378419992892,0.0,0.823737976852731,0.0,0.928042260247644,0.0143065149273724,,0.9363613298088024,0.0,0.0,0.86539052103593,0.7424164524421594,0.6395039858281665,0.6871282417320961,0.2903994619846344,-0.0019819339116414,0.0025113454123588,0.2903994619846344,0.86539052103593,0.0025113454123588
adult,iid,4,42,3,2,0.9872576517555532,0.0,0.9135378419992892,0.0065539792500846,0.823737976852731,0.0,0.928042260247644,0.0,,0.9363613298088024,0.0,0.0,0.86539052103593,0.7424164524421594,0.6395039858281665,0.6871282417320961,0.2903994619846344,0.0013231605291366,-0.0002593237110587,0.2903994619846344,0.86539052103593,-0.0002593237110587
adult,iid,4,42,3,3,0.9872576517555532,0.0004956153819906,0.9135378419992892,0.0,0.823737976852731,0.0,0.928042260247644,0.0,,0.9363613298088024,0.0,0.0,0.86539052103593,0.7424164524421594,0.6395039858281665,0.6871282417320961,0.2903994619846344,-0.0020900299151738,-0.0015047599549595,0.2903994619846344,0.86539052103593,-0.0015047599549595
adult,iid,4,42,4,0,0.9875770293786468,0.0,0.9098215340976245,0.0165156540595455,0.8182425047998818,0.0175801187604466,0.8849404186420342,0.0,,0.9398898108135092,0.0108196637080077,0.0108196637080077,0.8668236257549391,0.7355982274741507,0.6616474756421612,0.6966658894847284,0.2886116504669189,0.0002677132685979,0.0006551335858327,0.2886116504669189,0.8668236257549391,0.0006551335858327
adult,iid,4,42,4,1,0.9875770293786468,0.0,0.9098215340976245,0.0,0.8182425047998818,0.0,0.8849404186420342,0.0,,0.9398898108135092,0.0,0.0,0.8668236257549391,0.7355982274741507,0.6616474756421612,0.6966658894847284,0.2886116504669189,-0.002027153968811,0.0016344218104889,0.2886116504669189,0.8668236257549391,0.0016344218104889
adult,iid,4,42,4,2,0.9875770293786468,0.0,0.9098215340976245,0.0069918504963648,0.8182425047998818,0.0,0.8849404186420342,-0.0038258065518138,,0.9398898108135092,0.0,0.0,0.8668236257549391,0.7355982274741507,0.6616474756421612,0.6966658894847284,0.2886116504669189,-0.0001230309406916,0.0010168219196778,0.2886116504669189,0.8668236257549391,0.0010168219196778
adult,iid,4,42,4,3,0.9875770293786468,0.0,0.9098215340976245,0.0,0.8182425047998818,0.0,0.8849404186420342,0.0,,0.9398898108135092,0.0,0.0,0.8668236257549391,0.7355982274741507,0.6616474756421612,0.6966658894847284,0.2886116504669189,9.466012318929036e-05,-0.0022110758521854,0.2886116504669189,0.8668236257549391,-0.0022110758521854
adult,iid,4,42,5,0,0.9884512232572424,0.0,0.9110874955720863,0.0272506260004964,0.820894477615789,0.0291528515244362,0.8611923260608743,0.0060878208637647,,0.9447311732837266,0.0185216217040935,0.0185216217040935,0.8664141672637936,0.7383691845922962,0.6536758193091231,0.693446088794926,0.2871426045894623,-0.0002814968427022,0.0,0.2871426045894623,0.8664141672637936,0.0
adult,iid,4,42,5,1,0.9884512232572424,0.0,0.9110874955720863,0.0,0.820894477615789,0.0,0.8611923260608743,0.0,,0.9447311732837266,0.0,0.0,0.8664141672637936,0.7383691845922962,0.6536758193091231,0.693446088794926,0.2871426045894623,-0.0008971830209096,0.0,0.2871426045894623,0.8664141672637936,0.0
adult,iid,4,42,5,2,0.9884512232572424,0.0,0.9110874955720863,0.0,0.820894477615789,0.0,0.8611923260608743,0.0,,0.9447311732837266,0.0,0.0,0.8664141672637936,0.7383691845922962,0.6536758193091231,0.693446088794926,0.2871426045894623,0.0006601959466934,0.0,0.2871426045894623,0.8664141672637936,0.0
adult,iid,4,42,5,3,0.9884512232572424,0.0,0.9110874955720863,0.0,0.820894477615789,0.0,0.8611923260608743,0.0,,0.9447311732837266,0.0,0.0,0.8664141672637936,0.7383691845922962,0.6536758193091231,0.693446088794926,0.2871426045894623,-0.0009505917628606,0.0,0.2871426045894623,0.8664141672637936,0.0
adult,iid,4,42,6,0,0.9881564131436176,0.0,0.9127762675806642,0.0263576834833628,0.8182531008760516,0.0286945899842074,0.8302717562231359,0.0161248238185652,,0.9423345805016504,0.0120132452858327,0.0120132452858327,0.8662094380182209,0.7348148148148148,0.6589902568644819,0.6948400653747373,0.2869693338871002,0.0,0.0,0.2869693338871002,0.8662094380182209,0.0
adult,iid,4,42,6,1,0.9881564131436176,0.0,0.9127762675806642,0.0,0.8182531008760516,0.0,0.8302717562231359,0.0,,0.9423345805016504,0.0,0.0,0.8662094380182209,0.7348148148148148,0.6589902568644819,0.6948400653747373,0.2869693338871002,0.0,0.0,0.2869693338871002,0.8662094380182209,0.0
adult,iid,4,42,6,2,0.9881564131436176,0.0,0.9127762675806642,0.0,0.8182531008760516,0.0,0.8302717562231359,0.0,,0.9423345805016504,0.0,0.0,0.8662094380182209,0.7348148148148148,0.6589902568644819,0.6948400653747373,0.2869693338871002,0.0,0.0,0.2869693338871002,0.8662094380182209,0.0
adult,iid,4,42,6,3,0.9881564131436176,0.0,0.9127762675806642,0.0,0.8182531008760516,0.0,0.8302717562231359,0.0,,0.9423345805016504,0.0,0.0,0.8662094380182209,0.7348148148148148,0.6589902568644819,0.6948400653747373,0.2869693338871002,0.0,0.0,0.2869693338871002,0.8662094380182209,0.0
adult,iid,4,42,7,0,0.9886098884225611,0.0,0.91643059490085,0.027011984358248,0.8172946717209012,0.0,0.8376509918577968,0.0126892373042589,,0.9418237607407044,0.0,0.0,0.8670283550005118,0.7340165934602245,0.6660761736049602,0.698397956814488,0.2859311997890472,0.0024441689252853,0.0,0.2859311997890472,0.8670283550005118,0.0
adult,iid,4,42,7,1,0.9886098884225611,0.0,0.91643059490085,0.0,0.8172946717209012,0.0,0.8376509918577968,0.0,,0.9418237607407044,0.0,0.0,0.8670283550005118,0.7340165934602245,0.6660761736049602,0.698397956814488,0.2859311997890472,-0.0034109443426132,0.0,0.2859311997890472,0.8670283550005118,0.0
adult,iid,4,42,7,2,0.9886098884225611,0.0,0.91643059490085,0.0,0.8172946717209012,0.0,0.8376509918577968,0.0,,0.9418237607407044,0.0,0.0,0.8670283550005118,0.7340165934602245,0.6660761736049602,0.698397956814488,0.2859311997890472,0.000608675678571,0.0,0.2859311997890472,0.8670283550005118,0.0
adult,iid,4,42,7,3,0.9886098884225611,0.0,0.91643059490085,0.0,0.8172946717209012,0.0,0.8376509918577968,0.0,,0.9418237607407044,0.0,0.0,0.8670283550005118,0.7340165934602245,0.6660761736049602,0.698397956814488,0.2859311997890472,-0.0006800343592961,0.0,0.2859311997890472,0.8670283550005118,0.0
adult,iid,4,42,8,0,0.9881216091718702,0.0,0.911386430678466,0.0228501377297869,0.818567279223017,0.0374104893339866,0.8742326643292293,0.0,,0.938974340048319,0.0105750865554438,0.0105750865554438,0.8677449073600164,0.7391089108910891,0.6612046058458814,0.6979897148200094,0.285046637058258,0.0,0.0,0.285046637058258,0.8677449073600164,0.0
adult,iid,4,42,8,1,0.9881216091718702,0.0,0.911386430678466,0.0,0.818567279223017,0.0,0.8742326643292293,0.0303129137594301,,0.938974340048319,0.0102960389555391,0.0102960389555391,0.8677449073600164,0.7391089108910891,0.6612046058458814,0.6979897148200094,0.285046637058258,0.0,0.0,0.285046637058258,0.8677449073600164,0.0
adult,iid,4,42,8,2,0.9881216091718702,0.0,0.911386430678466,0.0,0.818567279223017,0.0,0.8742326643292293,0.0,,0.938974340048319,0.0,0.0,0.8677449073600164,0.7391089108910891,0.6612046058458814,0.6979897148200094,0.285046637058258,0.0,0.0,0.285046637058258,0.8677449073600164,0.0
adult,iid,4,42,8,3,0.9881216091718702,0.0,0.911386430678466,0.0,0.818567279223017,0.0,0.8742326643292293,0.0,,0.938974340048319,0.0,0.0,0.8677449073600164,0.7391089108910891,0.6612046058458814,0.6979897148200094,0.285046637058258,0.0,0.0,0.285046637058258,0.8677449073600164,0.0
adult,iid,4,42,9,0,0.9885218548469648,0.0,0.914275593340418,0.0249065894883182,0.8183916469162371,0.0,0.7972836026045731,-0.0002324818382664,,0.9409304582281136,0.0088882536065551,0.0088882536065551,0.8672330842460846,0.736350221347762,0.6629760850310009,0.6977394546725705,0.2850055992603302,0.0,0.0,0.2850055992603302,0.8672330842460846,0.0
adult,iid,4,42,9,1,0.9885218548469648,0.0,0.914275593340418,0.0,0.8183916469162371,0.0,0.7972836026045731,0.0,,0.9409304582281136,0.0085874119965105,0.0085874119965105,0.8672330842460846,0.736350221347762,0.6629760850310009,0.6977394546725705,0.2850055992603302,0.0,0.0,0.2850055992603302,0.8672330842460846,0.0
adult,iid,4,42,9,2,0.9885218548469648,0.0,0.914275593340418,0.0,0.8183916469162371,0.0,0.7972836026045731,0.0,,0.9409304582281136,0.0,0.0,0.8672330842460846,0.736350221347762,0.6629760850310009,0.6977394546725705,0.2850055992603302,0.0,0.0,0.2850055992603302,0.8672330842460846,0.0
adult,iid,4,42,9,3,0.9885218548469648,0.0,0.914275593340418,0.0,0.8183916469162371,0.0,0.7972836026045731,0.0,,0.9409304582281136,0.0,0.0,0.8672330842460846,0.736350221347762,0.6629760850310009,0.6977394546725705,0.2850055992603302,0.0,0.0,0.2850055992603302,0.8672330842460846,0.0
adult,iid,4,42,10,0,0.987778687685536,0.0,0.9080188679245284,0.0249408106270457,0.8207135472709244,0.0362747228102419,0.8311104380947945,0.0,,0.9429278089756794,0.0155795243437282,0.0155795243437282,0.8686661889650936,0.7419354838709677,0.6620903454384411,0.6997425696232156,0.284593254327774,0.0,-0.0018596239806189,0.284593254327774,0.8686661889650936,-0.0018596239806189
adult,iid,4,42,10,1,0.987778687685536,0.0,0.9080188679245284,0.0,0.8207135472709244,0.0,0.8311104380947945,0.0,,0.9429278089756794,0.0099955929959432,0.0099955929959432,0.8686661889650936,0.7419354838709677,0.6620903454384411,0.6997425696232156,0.284593254327774,0.0,0.0029583375985259,0.284593254327774,0.8686661889650936,0.0029583375985259
adult,iid,4,42,10,2,0.987778687685536,0.0,0.9080188679245284,0.0,0.8207135472709244,0.0,0.8311104380947945,0.0,,0.9429278089756794,0.0,0.0,0.8686661889650936,0.7419354838709677,0.6620903454384411,0.6997425696232156,0.284593254327774,0.0,-0.0006414849694612,0.284593254327774,0.8686661889650936,-0.0006414849694612
adult,iid,4,42,10,3,0.987778687685536,0.0,0.9080188679245284,0.0,0.8207135472709244,0.0,0.8311104380947945,0.020529845037993,,0.9429278089756794,0.0,0.0,0.8686661889650936,0.7419354838709677,0.6620903454384411,0.6997425696232156,0.284593254327774,0.0,0.0007029037431329,0.284593254327774,0.8686661889650936,0.0007029037431329
adult,iid,20,107,1,0,0.9860763640085988,0.0,0.8570231110046701,0.0,0.8043228542904275,0.0,0.843061654765926,0.0,,0.8897782708681636,0.0,0.0,0.8548469648889344,0.7365930599369085,0.6044003451251079,0.6639810426540285,0.3217666447162628,0.0,0.0,0.3217666447162628,0.8548469648889344,0.0
adult,iid,20,107,1,1,0.9860763640085988,0.0,0.8570231110046701,0.0,0.8043228542904275,0.0,0.843061654765926,0.0,,0.8897782708681636,0.0,0.0,0.8548469648889344,0.7365930599369085,0.6044003451251079,0.6639810426540285,0.3217666447162628,0.0,0.0,0.3217666447162628,0.8548469648889344,0.0
adult,iid,20,107,1,2,0.9860763640085988,0.0,0.8570231110046701,0.0,0.8043228542904275,0.0,0.843061654765926,-0.0094653428003503,,0.8897782708681636,0.0,0.0,0.8548469648889344,0.7365930599369085,0.6044003451251079,0.6639810426540285,0.3217666447162628,0.0,0.0,0.3217666447162628,0.8548469648889344,0.0
adult,iid,20,107,1,3,0.9860763640085988,0.0,0.8570231110046701,0.0,0.8043228542904275,0.0,0.843061654765926,0.0,,0.8897782708681636,0.0,0.0,0.8548469648889344,0.7365930599369085,0.6044003451251079,0.6639810426540285,0.3217666447162628,-0.047151888656144,0.0,0.3217666447162628,0.8548469648889344,0.0
adult,iid,20,107,1,4,0.9860763640085988,0.0,0.8570231110046701,0.0,0.8043228542904275,0.0,0.843061654765926,0.0,,0.8897782708681636,0.0,0.0,0.8548469648889344,0.7365930599369085,0.6044003451251079,0.6639810426540285,0.3217666447162628,0.0,0.0,0.3217666447162628,0.8548469648889344,0.0
adult,iid,20,107,1,5,0.9860763640085988,0.0,0.8570231110046701,0.0,0.8043228542904275,0.0,0.843061654765926,0.0,,0.8897782708681636,0.0,0.0,0.8548469648889344,0.7365930599369085,0.6044003451251079,0.6639810426540285,0.3217666447162628,0.0,0.0,0.3217666447162628,0.8548469648889344,0.0
adult,iid,20,107,1,6,0.9860763640085988,0.0,0.8570231110046701,0.0,0.8043228542904275,0.0,0.843061654765926,0.0,,0.8897782708681636,0.0,0.0,0.8548469648889344,0.7365930599369085,0.6044003451251079,0.6639810426540285,0.3217666447162628,0.0,0.0,0.3217666447162628,0.8548469648889344,0.0
adult,iid,20,107,1,7,0.9860763640085988,0.0,0.8570231110046701,0.0,0.8043228542904275,0.0,0.843061654765926,0.0037917546928193,,0.8897782708681636,0.0,0.0,0.8548469648889344,0.7365930599369085,0.6044003451251079,0.6639810426540285,0.3217666447162628,0.0,0.0,0.3217666447162628,0.8548469648889344,0.0
adult,iid,20,107,1,8,0.9860763640085988,0.0,0.8570231110046701,0.0,0.8043228542904275,0.0,0.843061654765926,0.0,,0.8897782708681636,0.0,0.0,0.8548469648889344,0.7365930599369085,0.6044003451251079,0.6639810426540285,0.3217666447162628,-0.0445705699448538,0.0,0.3217666447162628,0.8548469648889344,0.0
adult,iid,20,107,1,9,0.9860763640085988,0.0,0.8570231110046701,0.0,0.8043228542904275,0.0,0.843061654765926,0.0,,0.8897782708681636,0.0,0.0,0.8548469648889344,0.7365930599369085,0.6044003451251079,0.6639810426540285,0.3217666447162628,0.0,0.0253551623790345,0.3217666447162628,0.8548469648889344,0.0253551623790345
adult,iid,20,107,1,10,0.9860763640085988,0.0,0.8570231110046701,0.0,0.8043228542904275,0.0,0.843061654765926,-0.0052098444808666,,0.8897782708681636,0.0,0.0,0.8548469648889344,0.7365930599369085,0.6044003451251079,0.6639810426540285,0.3217666447162628,0.0,0.0,0.3217666447162628,0.8548469648889344,0.0
adult,iid,20,107,1,11,0.9860763640085988,0.0,0.8570231110046701,0.0,0.8043228542904275,0.0,0.843061654765926,0.0,,0.8897782708681636,0.0,0.0,0.8548469648889344,0.7365930599369085,0.6044003451251079,0.6639810426540285,0.3217666447162628,-0.0453068457617618,0.0251585012810705,0.3217666447162628,0.8548469648889344,0.0251585012810705
adult,iid,20,107,1,12,0.9860763640085988,0.0009236338134306,0.8570231110046701,0.0,0.8043228542904275,0.0071018924815721,0.843061654765926,0.0,,0.8897782708681636,0.0066993403567723,0.0066993403567723,0.8548469648889344,0.7365930599369085,0.6044003451251079,0.6639810426540285,0.3217666447162628,0.0,0.0244031209611987,0.3217666447162628,0.8548469648889344,0.0244031209611987
adult,iid,20,107,1,13,0.9860763640085988,0.0,0.8570231110046701,0.0,0.8043228542904275,0.0,0.843061654765926,0.0,,0.8897782708681636,0.0,0.0,0.8548469648889344,0.7365930599369085,0.6044003451251079,0.6639810426540285,0.3217666447162628,-0.0463882109316268,0.0,0.3217666447162628,0.8548469648889344,0.0
adult,iid,20,107,1,14,0.9860763640085988,0.0,0.8570231110046701,0.0,0.8043228542904275,0.0,0.843061654765926,0.0,,0.8897782708681636,0.0,0.0,0.8548469648889344,0.7365930599369085,0.6044003451251079,0.6639810426540285,0.3217666447162628,0.0,0.0242246131953545,0.3217666447162628,0.8548469648889344,0.0242246131953545
adult,iid,20,107,1,15,0.9860763640085988,0.0,0.8570231110046701,0.0298688894536825,0.8043228542904275,0.0,0.843061654765926,0.0,,0.8897782708681636,0.0,0.0,0.8548469648889344,0.7365930599369085,0.6044003451251079,0.6639810426540285,0.3217666447162628,0.0,0.0247485385306995,0.3217666447162628,0.8548469648889344,0.0247485385306995
adult,iid,20,107,1,16,0.9860763640085988,0.0,0.8570231110046701,0.0,0.8043228542904275,0.0,0.843061654765926,0.0,,0.8897782708681636,0.0,0.0,0.8548469648889344,0.7365930599369085,0.6044003451251079,0.6639810426540285,0.3217666447162628,0.0,0.0,0.3217666447162628,0.8548469648889344,0.0
adult,iid,20,107,1,17,0.9860763640085988,0.0,0.8570231110046701,0.0,0.8043228542904275,0.0,0.843061654765926,0.0,,0.8897782708681636,0.0,0.0,0.8548469648889344,0.7365930599369085,0.6044003451251079,0.6639810426540285,0.3217666447162628,0.0,0.0,0.3217666447162628,0.8548469648889344,0.0
adult,iid,20,107,1,18,0.9860763640085988,0.0,0.8570231110046701,0.0,0.8043228542904275,0.0,0.843061654765926,0.0,,0.8897782708681636,0.0,0.0,0.8548469648889344,0.7365930599369085,0.6044003451251079,0.6639810426540285,0.3217666447162628,0.0,0.0245891926154262,0.3217666447162628,0.8548469648889344,0.0245891926154262
adult,iid,20,107,1,19,0.9860763640085988,0.0,0.8570231110046701,0.0,0.8043228542904275,0.0026387547352377,0.843061654765926,0.0,,0.8897782708681636,0.0113423899034532,0.0113423899034532,0.8548469648889344,0.7365930599369085,0.6044003451251079,0.6639810426540285,0.3217666447162628,-0.0456756705989932,0.0,0.3217666447162628,0.8548469648889344,0.0
adult,iid,20,107,2,0,0.9849595659739994,0.0,0.8914081145584726,0.0,0.827351022579567,0.0,0.8788308541741896,0.0,,0.9341500714069684,0.0,0.0,0.8579179035725253,0.7557755775577558,0.5927523727351165,0.6644100580270793,0.3111850321292877,0.0,0.0005612565991954,0.3111850321292877,0.8579179035725253,0.0005612565991954
adult,iid,20,107,2,1,0.9849595659739994,0.0,0.8914081145584726,0.0,0.827351022579567,0.0,0.8788308541741896,0.0091054697177446,,0.9341500714069684,0.0,0.0,0.8579179035725253,0.7557755775577558,0.5927523727351165,0.6644100580270793,0.3111850321292877,0.0,0.0,0.3111850321292877,0.8579179035725253,0.0
adult,iid,20,107,2,2,0.9849595659739994,0.0,0.8914081145584726,0.0,0.827351022579567,0.0,0.8788308541741896,0.0006118418002703,,0.9341500714069684,0.0,0.0,0.8579179035725253,0.7557755775577558,0.5927523727351165,0.6644100580270793,0.3111850321292877,0.0,0.0,0.3111850321292877,0.8579179035725253,0.0
adult,iid,20,107,2,3,0.9849595659739994,0.0,0.8914081145584726,0.0,0.827351022579567,0.0,0.8788308541741896,0.0,,0.9341500714069684,0.0,0.0,0.8579179035725253,0.7557755775577558,0.5927523727351165,0.6644100580270793,0.3111850321292877,-0.0015285579324925,0.0004656541041101,0.3111850321292877,0.8579179035725253,0.0004656541041101
adult,iid,20,107,2,4,0.9849595659739994,0.0,0.8914081145584726,0.0,0.827351022579567,0.0,0.8788308541741896,0.0,,0.9341500714069684,0.0,0.0,0.8579179035725253,0.7557755775577558,0.5927523727351165,0.6644100580270793,0.3111850321292877,0.0,0.0,0.3111850321292877,0.8579179035725253,0.0
adult,iid,20,107,2,5,0.9849595659739994,0.0,0.8914081145584726,0.0,0.827351022579567,0.0,0.8788308541741896,0.0,,0.9341500714069684,0.0,0.0,0.8579179035725253,0.7557755775577558,0.5927523727351165,0.6644100580270793,0.3111850321292877,-0.0016180528599081,6.202503339674598e-05,0.3111850321292877,0.8579179035725253,6.202503339674598e-05
adult,iid,20,107,2,6,0.9849595659739994,0.0,0.8914081145584726,0.0,0.827351022579567,0.0,0.8788308541741896,0.0,,0.9341500714069684,0.0,0.0,0.8579179035725253,0.7557755775577558,0.5927523727351165,0.6644100580270793,0.3111850321292877,0.0002807046024544,0.0002814444184581,0.3111850321292877,0.8579179035725253,0.0002814444184581
adult,iid,20,107,2,7,0.9849595659739994,0.0,0.8914081145584726,0.0,0.827351022579567,0.0,0.8788308541741896,0.0,,0.9341500714069684,0.0,0.0,0.8579179035725253,0.7557755775577558,0.5927523727351165,0.6644100580270793,0.3111850321292877,0.0,0.000735206504887,0.3111850321292877,0.8579179035725253,0.000735206504887
adult,iid,20,107,2,8,0.9849595659739994,0.0,0.8914081145584726,0.0,0.827351022579567,0.0,0.8788308541741896,0.0,,0.9341500714069684,0.0,0.0,0.8579179035725253,0.7557755775577558,0.5927523727351165,0.6644100580270793,0.3111850321292877,0.0,0.0,0.3111850321292877,0.8579179035725253,0.0
adult,iid,20,107,2,9,0.9849595659739994,0.0,0.8914081145584726,0.0,0.827351022579567,0.0,0.8788308541741896,0.0,,0.9341500714069684,0.0,0.0,0.8579179035725253,0.7557755775577558,0.5927523727351165,0.6644100580270793,0.3111850321292877,0.0,0.0,0.3111850321292877,0.8579179035725253,0.0
adult,iid,20,107,2,10,0.9849595659739994,0.0,0.8914081145584726,0.0,0.827351022579567,0.0,0.8788308541741896,0.0,,0.9341500714069684,0.0,0.0,0.8579179035725253,0.7557755775577558,0.5927523727351165,0.6644100580270793,0.3111850321292877,0.001167561967396,0.0,0.3111850321292877,0.8579179035725253,0.0
adult,iid,20,107,2,11,0.9849595659739994,0.0,0.8914081145584726,0.0,0.827351022579567,0.0,0.8788308541741896,0.0,,0.9341500714069684,0.0,0.0,0.8579179035725253,0.7557755775577558,0.5927523727351165,0.6644100580270793,0.3111850321292877,0.0,0.0,0.3111850321292877,0.8579179035725253,0.0
adult,iid,20,107,2,12,0.9849595659739994,0.0,0.8914081145584726,0.0099202338674475,0.827351022579567,0.015589845300552,0.8788308541741896,0.0091877900021272,,0.9341500714069684,0.0128876972252974,0.0128876972252974,0.8579179035725253,0.7557755775577558,0.5927523727351165,0.6644100580270793,0.3111850321292877,0.0,-0.0008203160431946,0.3111850321292877,0.8579179035725253,-0.0008203160431946
adult,iid,20,107,2,13,0.9849595659739994,0.0,0.8914081145584726,0.0,0.827351022579567,0.0,0.8788308541741896,0.0,,0.9341500714069684,0.0,0.0,0.8579179035725253,0.7557755775577558,0.5927523727351165,0.6644100580270793,0.3111850321292877,0.0,0.0,0.3111850321292877,0.8579179035725253,0.0
adult,iid,20,107,2,14,0.9849595659739994,0.0,0.8914081145584726,0.0,0.827351022579567,0.0,0.8788308541741896,0.0,,0.9341500714069684,0.0,0.0,0.8579179035725253,0.7557755775577558,0.5927523727351165,0.6644100580270793,0.3111850321292877,0.0,0.0002264146895798,0.3111850321292877,0.8579179035725253,0.0002264146895798
adult,iid,20,107,2,15,0.9849595659739994,0.0001064592076978,0.8914081145584726,0.0079394655120474,0.827351022579567,0.0,0.8788308541741896,0.0,,0.9341500714069684,0.0,0.0,0.8579179035725253,0.7557755775577558,0.5927523727351165,0.6644100580270793,0.3111850321292877,0.0,0.0,0.3111850321292877,0.8579179035725253,0.0
adult,iid,20,107,2,16,0.9849595659739994,0.0,0.8914081145584726,0.0,0.827351022579567,0.0,0.8788308541741896,0.0,,0.9341500714069684,0.0,0.0,0.8579179035725253,0.7557755775577558,0.5927523727351165,0.6644100580270793,0.3111850321292877,0.0,-0.000265588394883,0.3111850321292877,0.8579179035725253,-0.000265588394883
adult,iid,20,107,2,17,0.9849595659739994,0.0,0.8914081145584726,0.0,0.827351022579567,0.0,0.8788308541741896,0.0,,0.9341500714069684,0.0,0.0,0.8579179035725253,0.7557755775577558,0.5927523727351165,0.6644100580270793,0.3111850321292877,0.0,0.0004822096581371,0.3111850321292877,0.8579179035725253,0.0004822096581371
adult,iid,20,107,2,18,0.9849595659739994,0.0,0.8914081145584726,0.0,0.827351022579567,0.0,0.8788308541741896,0.0,,0.9341500714069684,0.0,0.0,0.8579179035725253,0.7557755775577558,0.5927523727351165,0.6644100580270793,0.3111850321292877,-0.0014692242573765,0.0004192519174712,0.3111850321292877,0.8579179035725253,0.0004192519174712
adult,iid,20,107,2,19,0.9849595659739994,0.0,0.8914081145584726,0.0,0.827351022579567,0.0,0.8788308541741896,0.0,,0.9341500714069684,0.0,0.0,0.8579179035725253,0.7557755775577558,0.5927523727351165,0.6644100580270793,0.3111850321292877,0.0,-6.715492337693103e-05,0.3111850321292877,0.8579179035725253,-6.715492337693103e-05
adult,iid,20,107,3,0,0.984368922100522,0.0,0.9013799666904592,0.0,0.8334973325222622,0.0,0.8474938554904541,0.0,,0.9475529384389072,-0.0008681020863579,0.0008681020863579,0.8601699252738254,0.7632743362831859,0.5953408110440035,0.6689287445467765,0.3063960969448089,0.0,0.0,0.3063960969448089,0.8601699252738254,0.0
adult,iid,20,107,3,1,0.984368922100522,0.0,0.9013799666904592,0.0,0.8334973325222622,0.0,0.8474938554904541,0.0,,0.9475529384389072,0.0,0.0,0.8601699252738254,0.7632743362831859,0.5953408110440035,0.6689287445467765,0.3063960969448089,0.0,0.0,0.3063960969448089,0.8601699252738254,0.0
adult,iid,20,107,3,2,0.984368922100522,0.0,0.9013799666904592,0.0,0.8334973325222622,0.0,0.8474938554904541,0.0,,0.9475529384389072,0.0,0.0,0.8601699252738254,0.7632743362831859,0.5953408110440035,0.6689287445467765,0.3063960969448089,0.0,0.0,0.3063960969448089,0.8601699252738254,0.0
adult,iid,20,107,3,3,0.984368922100522,0.0,0.9013799666904592,0.0,0.8334973325222622,0.0,0.8474938554904541,0.0,,0.9475529384389072,0.0,0.0,0.8601699252738254,0.7632743362831859,0.5953408110440035,0.6689287445467765,0.3063960969448089,-0.0011407469569797,0.0,0.3063960969448089,0.8601699252738254,0.0
adult,iid,20,107,3,4,0.984368922100522,0.0,0.9013799666904592,0.0,0.8334973325222622,0.0,0.8474938554904541,0.0,,0.9475529384389072,0.0,0.0,0.8601699252738254,0.7632743362831859,0.5953408110440035,0.6689287445467765,0.3063960969448089,0.0,0.00028933957064,0.3063960969448089,0.8601699252738254,0.00028933957064
adult,iid,20,107,3,5,0.984368922100522,0.0,0.9013799666904592,0.0,0.8334973325222622,0.0,0.8474938554904541,0.0,,0.9475529384389072,0.0,0.0,0.8601699252738254,0.7632743362831859,0.5953408110440035,0.6689287445467765,0.3063960969448089,-0.0005722063737855,-0.0001170674005849,0.3063960969448089,0.8601699252738254,-0.0001170674005849
adult,iid,20,107,3,6,0.984368922100522,0.0,0.9013799666904592,0.0,0.8334973325222622,0.0,0.8474938554904541,0.0,,0.9475529384389072,0.0,0.0,0.8601699252738254,0.7632743362831859,0.5953408110440035,0.6689287445467765,0.3063960969448089,0.0,0.0,0.3063960969448089,0.8601699252738254,0.0
adult,iid,20,107,3,7,0.984368922100522,0.0,0.9013799666904592,0.0,0.8334973325222622,0.0,0.8474938554904541,0.0,,0.9475529384389072,0.0,0.0,0.8601699252738254,0.7632743362831859,0.5953408110440035,0.6689287445467765,0.3063960969448089,0.0,0.0,0.3063960969448089,0.8601699252738254,0.0
adult,iid,20,107,3,8,0.984368922100522,0.0,0.9013799666904592,0.0,0.8334973325222622,0.0,0.8474938554904541,0.0,,0.9475529384389072,0.0,0.0,0.8601699252738254,0.7632743362831859,0.5953408110440035,0.6689287445467765,0.3063960969448089,0.0,0.0,0.3063960969448089,0.8601699252738254,0.0
adult,iid,20,107,3,9,0.984368922100522,0.0,0.9013799666904592,0.0,0.8334973325222622,0.0,0.8474938554904541,0.0,,0.9475529384389072,0.0,0.0,0.8601699252738254,0.7632743362831859,0.5953408110440035,0.6689287445467765,0.3063960969448089,0.0,0.0,0.3063960969448089,0.8601699252738254,0.0
adult,iid,20,107,3,10,0.984368922100522,0.0,0.9013799666904592,0.0,0.8334973325222622,0.0,0.8474938554904541,0.0070374716373796,,0.9475529384389072,0.0,0.0,0.8601699252738254,0.7632743362831859,0.5953408110440035,0.6689287445467765,0.3063960969448089,0.0,0.0,0.3063960969448089,0.8601699252738254,0.0
adult,iid,20,107,3,11,0.984368922100522,0.0,0.9013799666904592,0.0,0.8334973325222622,0.0,0.8474938554904541,0.0,,0.9475529384389072,0.0,0.0,0.8601699252738254,0.7632743362831859,0.5953408110440035,0.6689287445467765,0.3063960969448089,0.0,0.0,0.3063960969448089,0.8601699252738254,0.0
adult,iid,20,107,3,12,0.984368922100522,0.0,0.9013799666904592,0.0064608486507227,0.8334973325222622,0.0161854270311273,0.8474938554904541,0.0,,0.9475529384389072,0.0095281417948808,0.0095281417948808,0.8601699252738254,0.7632743362831859,0.5953408110440035,0.6689287445467765,0.3063960969448089,0.00232348696027,0.0,0.3063960969448089,0.8601699252738254,0.0
adult,iid,20,107,3,13,0.984368922100522,0.0,0.9013799666904592,0.0,0.8334973325222622,0.0,0.8474938554904541,0.0,,0.9475529384389072,0.0,0.0,0.8601699252738254,0.7632743362831859,0.5953408110440035,0.6689287445467765,0.3063960969448089,0.0,0.000434148061411,0.3063960969448089,0.8601699252738254,0.000434148061411
adult,iid,20,107,3,14,0.984368922100522,0.0,0.9013799666904592,0.0,0.8334973325222622,0.0,0.8474938554904541,0.0,,0.9475529384389072,0.0,0.0,0.8601699252738254,0.7632743362831859,0.5953408110440035,0.6689287445467765,0.3063960969448089,0.0,0.0,0.3063960969448089,0.8601699252738254,0.0
adult,iid,20,107,3,15,0.984368922100522,0.0,0.9013799666904592,0.0,0.8334973325222622,0.0,0.8474938554904541,0.0025974328528813,,0.9475529384389072,0.0,0.0,0.8601699252738254,0.7632743362831859,0.5953408110440035,0.6689287445467765,0.3063960969448089,0.0,0.0,0.3063960969448089,0.8601699252738254,0.0
adult,iid,20,107,3,16,0.984368922100522,0.0,0.9013799666904592,0.0,0.8334973325222622,0.0,0.8474938554904541,0.0,,0.9475529384389072,0.0,0.0,0.8601699252738254,0.7632743362831859,0.5953408110440035,0.6689287445467765,0.3063960969448089,-0.0002936146838564,0.0,0.3063960969448089,0.8601699252738254,0.0
adult,iid,20,107,3,17,0.984368922100522,0.0,0.9013799666904592,0.0,0.8334973325222622,0.0,0.8474938554904541,0.0,,0.9475529384389072,0.0,0.0,0.8601699252738254,0.7632743362831859,0.5953408110440035,0.6689287445467765,0.3063960969448089,0.0,0.0,0.3063960969448089,0.8601699252738254,0.0
adult,iid,20,107,3,18,0.984368922100522,0.0,0.9013799666904592,0.0,0.8334973325222622,0.0,0.8474938554904541,0.0,,0.9475529384389072,0.0,0.0,0.8601699252738254,0.7632743362831859,0.5953408110440035,0.6689287445467765,0.3063960969448089,0.0,0.0004030780404026,0.3063960969448089,0.8601699252738254,0.0004030780404026
adult,iid,20,107,3,19,0.984368922100522,0.0,0.9013799666904592,0.0,0.8334973325222622,0.0,0.8474938554904541,0.0,,0.9475529384389072,0.0,0.0,0.8601699252738254,0.7632743362831859,0.5953408110440035,0.6689287445467765,0.3063960969448089,0.0,0.0,0.3063960969448089,0.8601699252738254,0.0
adult,iid,20,107,4,0,0.9838110349063364,0.0,0.9060458486756148,0.0,0.8330492506611202,0.0,0.8271965893603885,0.0,,0.9578623090499904,-0.0022339959663146,0.0022339959663146,0.8624219469751254,0.764961915125136,0.6065573770491803,0.6766121270452358,0.3032130599021911,-0.0007468936048023,0.000625004616961,0.3032130599021911,0.8624219469751254,0.000625004616961
adult,iid,20,107,4,1,0.9838110349063364,0.0,0.9060458486756148,0.0,0.8330492506611202,0.0,0.8271965893603885,0.0,,0.9578623090499904,0.0,0.0,0.8624219469751254,0.764961915125136,0.6065573770491803,0.6766121270452358,0.3032130599021911,0.0,8.3632952121844e-05,0.3032130599021911,0.8624219469751254,8.3632952121844e-05
adult,iid,20,107,4,2,0.9838110349063364,0.0,0.9060458486756148,0.0,0.8330492506611202,0.0,0.8271965893603885,0.0,,0.9578623090499904,0.0,0.0,0.8624219469751254,0.764961915125136,0.6065573770491803,0.6766121270452358,0.3032130599021911,0.0,0.0002559115569659,0.3032130599021911,0.8624219469751254,0.0002559115569659
adult,iid,20,107,4,3,0.9838110349063364,0.0,0.9060458486756148,0.0,0.8330492506611202,0.0,0.8271965893603885,0.0,,0.9578623090499904,0.0,0.0,0.8624219469751254,0.764961915125136,0.6065573770491803,0.6766121270452358,0.3032130599021911,0.0,0.0,0.3032130599021911,0.8624219469751254,0.0
adult,iid,20,107,4,4,0.9838110349063364,0.0,0.9060458486756148,0.0,0.8330492506611202,0.0,0.8271965893603885,0.0,,0.9578623090499904,0.0,0.0,0.8624219469751254,0.764961915125136,0.6065573770491803,0.6766121270452358,0.3032130599021911,0.0005888485692325,0.0,0.3032130599021911,0.8624219469751254,0.0
adult,iid,20,107,4,5,0.9838110349063364,0.0,0.9060458486756148,0.0,0.8330492506611202,0.0,0.8271965893603885,0.0,,0.9578623090499904,0.0,0.0,0.8624219469751254,0.764961915125136,0.6065573770491803,0.6766121270452358,0.3032130599021911,-0.0002251952268916,-0.0003619697486157,0.3032130599021911,0.8624219469751254,-0.0003619697486157
adult,iid,20,107,4,6,0.9838110349063364,0.0,0.9060458486756148,0.0,0.8330492506611202,0.0,0.8271965893603885,0.0,,0.9578623090499904,0.0,0.0,0.8624219469751254,0.764961915125136,0.6065573770491803,0.6766121270452358,0.3032130599021911,0.0,0.0007278968924422,0.3032130599021911,0.8624219469751254,0.0007278968924422
adult,iid,20,107,4,7,0.9838110349063364,0.0,0.9060458486756148,0.0,0.8330492506611202,0.0,0.8271965893603885,0.0,,0.9578623090499904,0.0,0.0,0.8624219469751254,0.764961915125136,0.6065573770491803,0.6766121270452358,0.3032130599021911,9.950246526787318e-05,0.0003830758564067,0.3032130599021911,0.8624219469751254,0.0003830758564067
adult,iid,20,107,4,8,0.9838110349063364,0.0,0.9060458486756148,0.0,0.8330492506611202,0.0,0.8271965893603885,0.0,,0.9578623090499904,0.0,0.0,0.8624219469751254,0.764961915125136,0.6065573770491803,0.6766121270452358,0.3032130599021911,-0.0002259646054994,0.0,0.3032130599021911,0.8624219469751254,0.0
adult,iid,20,107,4,9,0.9838110349063364,0.0,0.9060458486756148,0.0,0.8330492506611202,0.0,0.8271965893603885,0.0,,0.9578623090499904,0.0,0.0,0.8624219469751254,0.764961915125136,0.6065573770491803,0.6766121270452358,0.3032130599021911,0.0,0.0,0.3032130599021911,0.8624219469751254,0.0
adult,iid,20,107,4,10,0.9838110349063364,0.0,0.9060458486756148,0.0,0.8330492506611202,0.0,0.8271965893603885,0.0098096870302781,,0.9578623090499904,0.0,0.0,0.8624219469751254,0.764961915125136,0.6065573770491803,0.6766121270452358,0.3032130599021911,0.0,-0.0002453585030704,0.3032130599021911,0.8624219469751254,-0.0002453585030704
adult,iid,20,107,4,11,0.9838110349063364,0.0,0.9060458486756148,0.0,0.8330492506611202,0.0,0.8271965893603885,0.0,,0.9578623090499904,0.0,0.0,0.8624219469751254,0.764961915125136,0.6065573770491803,0.6766121270452358,0.3032130599021911,0.0,0.0,0.3032130599021911,0.8624219469751254,0.0
adult,iid,20,107,4,12,0.9838110349063364,0.0,0.9060458486756148,0.0052421044619405,0.8330492506611202,0.0,0.8271965893603885,0.0,,0.9578623090499904,0.0095390500323071,0.0095390500323071,0.8624219469751254,0.764961915125136,0.6065573770491803,0.6766121270452358,0.3032130599021911,0.0015418038467051,0.0,0.3032130599021911,0.8624219469751254,0.0
adult,iid,20,107,4,13,0.9838110349063364,0.0,0.9060458486756148,0.0,0.8330492506611202,0.0,0.8271965893603885,0.0,,0.9578623090499904,0.0,0.0,0.8624219469751254,0.764961915125136,0.6065573770491803,0.6766121270452358,0.3032130599021911,0.0,0.0,0.3032130599021911,0.8624219469751254,0.0
adult,iid,20,107,4,14,0.9838110349063364,0.0,0.9060458486756148,0.0,0.8330492506611202,0.0,0.8271965893603885,0.0,,0.9578623090499904,0.0,0.0,0.8624219469751254,0.764961915125136,0.6065573770491803,0.6766121270452358,0.3032130599021911,0.0,-0.0001129176766818,0.3032130599021911,0.8624219469751254,-0.0001129176766818
adult,iid,20,107,4,15,0.9838110349063364,0.0,0.9060458486756148,0.0,0.8330492506611202,0.0,0.8271965893603885,0.0,,0.9578623090499904,0.0051717640108101,0.0051717640108101,0.8624219469751254,0.764961915125136,0.6065573770491803,0.6766121270452358,0.3032130599021911,0.0,0.0,0.3032130599021911,0.8624219469751254,0.0
adult,iid,20,107,4,16,0.9838110349063364,0.0,0.9060458486756148,0.0,0.8330492506611202,0.0,0.8271965893603885,0.0,,0.9578623090499904,0.0,0.0,0.8624219469751254,0.764961915125136,0.6065573770491803,0.6766121270452358,0.3032130599021911,-0.0003057848758648,0.0,0.3032130599021911,0.8624219469751254,0.0
adult,iid,20,107,4,17,0.9838110349063364,0.0,0.9060458486756148,0.0,0.8330492506611202,0.0,0.8271965893603885,0.0,,0.9578623090499904,0.0,0.0,0.8624219469751254,0.764961915125136,0.6065573770491803,0.6766121270452358,0.3032130599021911,0.0,0.0,0.3032130599021911,0.8624219469751254,0.0
adult,iid,20,107,4,18,0.9838110349063364,0.0,0.9060458486756148,0.0,0.8330492506611202,0.0,0.8271965893603885,0.0,,0.9578623090499904,0.0,0.0,0.8624219469751254,0.764961915125136,0.6065573770491803,0.6766121270452358,0.3032130599021911,-0.0008630564175739,0.0003514166947201,0.3032130599021911,0.8624219469751254,0.0003514166947201
adult,iid,20,107,4,19,0.9838110349063364,0.0,0.9060458486756148,0.0,0.8330492506611202,0.0,0.8271965893603885,0.0,,0.9578623090499904,0.0,0.0,0.8624219469751254,0.764961915125136,0.6065573770491803,0.6766121270452358,0.3032130599021911,0.0,0.0,0.3032130599021911,0.8624219469751254,0.0
adult,iid,20,107,5,0,0.9841027740812776,0.0,0.9088106249258864,0.0,0.83212796526636,0.0,0.8336148353504409,0.0,,0.9547831033703528,-0.0034174979968895,0.0034174979968895,0.8635479578257754,0.7675176534492124,0.6095772217428818,0.6794902620822313,0.3015003204345703,-0.00088081864668,0.0,0.3015003204345703,0.8635479578257754,0.0
adult,iid,20,107,5,1,0.9841027740812776,0.0,0.9088106249258864,0.0,0.83212796526636,0.0,0.8336148353504409,0.0,,0.9547831033703528,0.0,0.0,0.8635479578257754,0.7675176534492124,0.6095772217428818,0.6794902620822313,0.3015003204345703,0.0,0.0,0.3015003204345703,0.8635479578257754,0.0
adult,iid,20,107,5,2,0.9841027740812776,0.0,0.9088106249258864,0.0,0.83212796526636,0.0,0.8336148353504409,0.0,,0.9547831033703528,0.0,0.0,0.8635479578257754,0.7675176534492124,0.6095772217428818,0.6794902620822313,0.3015003204345703,0.0,0.0,0.3015003204345703,0.8635479578257754,0.0
adult,iid,20,107,5,3,0.9841027740812776,0.0,0.9088106249258864,0.0,0.83212796526636,0.0,0.8336148353504409,0.0,,0.9547831033703528,0.0,0.0,0.8635479578257754,0.7675176534492124,0.6095772217428818,0.6794902620822313,0.3015003204345703,-0.0007271862367226,0.0,0.3015003204345703,0.8635479578257754,0.0
adult,iid,20,107,5,4,0.9841027740812776,0.0,0.9088106249258864,0.00373689236708,0.83212796526636,0.0,0.8336148353504409,0.0,,0.9547831033703528,0.0,0.0,0.8635479578257754,0.7675176534492124,0.6095772217428818,0.6794902620822313,0.3015003204345703,0.0,0.0,0.3015003204345703,0.8635479578257754,0.0
adult,iid,20,107,5,5,0.9841027740812776,0.0,0.9088106249258864,0.0,0.83212796526636,0.0,0.8336148353504409,0.0,,0.9547831033703528,0.0,0.0,0.8635479578257754,0.7675176534492124,0.6095772217428818,0.6794902620822313,0.3015003204345703,6.546518965291104e-05,0.0,0.3015003204345703,0.8635479578257754,0.0
adult,iid,20,107,5,6,0.9841027740812776,0.0,0.9088106249258864,0.0,0.83212796526636,0.0,0.8336148353504409,0.0,,0.9547831033703528,0.0,0.0,0.8635479578257754,0.7675176534492124,0.6095772217428818,0.6794902620822313,0.3015003204345703,0.0,0.0,0.3015003204345703,0.8635479578257754,0.0
adult,iid,20,107,5,7,0.9841027740812776,0.0,0.9088106249258864,0.0042154612002082,0.83212796526636,0.0,0.8336148353504409,0.0,,0.9547831033703528,0.0,0.0,0.8635479578257754,0.7675176534492124,0.6095772217428818,0.6794902620822313,0.3015003204345703,0.0,0.0,0.3015003204345703,0.8635479578257754,0.0
adult,iid,20,107,5,8,0.9841027740812776,0.0,0.9088106249258864,0.0,0.83212796526636,0.0,0.8336148353504409,0.0014822970961135,,0.9547831033703528,0.0,0.0,0.8635479578257754,0.7675176534492124,0.6095772217428818,0.6794902620822313,0.3015003204345703,0.0,-0.000155893152189,0.3015003204345703,0.8635479578257754,-0.000155893152189
adult,iid,20,107,5,9,0.9841027740812776,0.0,0.9088106249258864,0.0,0.83212796526636,0.0,0.8336148353504409,0.0,,0.9547831033703528,0.0,0.0,0.8635479578257754,0.7675176534492124,0.6095772217428818,0.6794902620822313,0.3015003204345703,-0.0005063953098163,0.0,0.3015003204345703,0.8635479578257754,0.0
adult,iid,20,107,5,10,0.9841027740812776,0.0,0.9088106249258864,0.0,0.83212796526636,0.0,0.8336148353504409,0.0094328909517775,,0.9547831033703528,0.0,0.0,0.8635479578257754,0.7675176534492124,0.6095772217428818,0.6794902620822313,0.3015003204345703,0.0,0.0,0.3015003204345703,0.8635479578257754,0.0
adult,iid,20,107,5,11,0.9841027740812776,0.0,0.9088106249258864,0.0,0.83212796526636,0.0,0.8336148353504409,0.0,,0.9547831033703528,0.0,0.0,0.8635479578257754,0.7675176534492124,0.6095772217428818,0.6794902620822313,0.3015003204345703,0.0,0.0,0.3015003204345703,0.8635479578257754,0.0
adult,iid,20,107,5,12,0.9841027740812776,0.0,0.9088106249258864,0.0,0.83212796526636,0.0,0.8336148353504409,0.0080403977493386,,0.9547831033703528,0.0074653235237811,0.0074653235237811,0.8635479578257754,0.7675176534492124,0.6095772217428818,0.6794902620822313,0.3015003204345703,0.0014827915912063,-0.0006155780881312,0.3015003204345703,0.8635479578257754,-0.0006155780881312
adult,iid,20,107,5,13,0.9841027740812776,0.0,0.9088106249258864,0.0,0.83212796526636,0.0,0.8336148353504409,0.0,,0.9547831033703528,0.0,0.0,0.8635479578257754,0.7675176534492124,0.6095772217428818,0.6794902620822313,0.3015003204345703,0.0,0.0,0.3015003204345703,0.8635479578257754,0.0
adult,iid,20,107,5,14,0.9841027740812776,0.0,0.9088106249258864,0.0,0.83212796526636,0.0,0.8336148353504409,0.0,,0.9547831033703528,0.0,0.0,0.8635479578257754,0.7675176534492124,0.6095772217428818,0.6794902620822313,0.3015003204345703,0.0,-4.29270998781548e-05,0.3015003204345703,0.8635479578257754,-4.29270998781548e-05
adult,iid,20,107,5,15,0.9841027740812776,0.0,0.9088106249258864,0.0043469980306045,0.83212796526636,0.0,0.8336148353504409,0.0,,0.9547831033703528,0.0043207845396623,0.0043207845396623,0.8635479578257754,0.7675176534492124,0.6095772217428818,0.6794902620822313,0.3015003204345703,0.0,0.0,0.3015003204345703,0.8635479578257754,0.0
adult,iid,20,107,5,16,0.9841027740812776,0.0,0.9088106249258864,0.0,0.83212796526636,0.0,0.8336148353504409,0.0,,0.9547831033703528,0.0,0.0,0.8635479578257754,0.7675176534492124,0.6095772217428818,0.6794902620822313,0.3015003204345703,-0.000472864126802,-0.0001616283517679,0.3015003204345703,0.8635479578257754,-0.0001616283517679
adult,iid,20,107,5,17,0.9841027740812776,0.0,0.9088106249258864,0.0,0.83212796526636,0.0,0.8336148353504409,0.0,,0.9547831033703528,0.0,0.0,0.8635479578257754,0.7675176534492124,0.6095772217428818,0.6794902620822313,0.3015003204345703,0.0,0.0,0.3015003204345703,0.8635479578257754,0.0
adult,iid,20,107,5,18,0.9841027740812776,0.0,0.9088106249258864,0.0,0.83212796526636,0.0,0.8336148353504409,0.0,,0.9547831033703528,0.0,0.0,0.8635479578257754,0.7675176534492124,0.6095772217428818,0.6794902620822313,0.3015003204345703,0.0,0.0,0.3015003204345703,0.8635479578257754,0.0
adult,iid,20,107,5,19,0.9841027740812776,0.0,0.9088106249258864,0.0,0.83212796526636,0.0,0.8336148353504409,0.0042711807446176,,0.9547831033703528,0.0,0.0,0.8635479578257754,0.7675176534492124,0.6095772217428818,0.6794902620822313,0.3015003204345703,0.0,2.259321046218156e-05,0.3015003204345703,0.8635479578257754,2.259321046218156e-05
adult,iid,20,107,6,0,0.9843136452042174,0.0,0.9123326620068712,0.0,0.8287640222139805,0.0,0.8686006825938566,0.0,,0.9539567321204988,0.0,0.0,0.8648786979219981,0.7648619957537155,0.6216566005176877,0.6858638743455497,0.2997600436210632,-0.0007780159112089,0.0003316495437673,0.2997600436210632,0.8648786979219981,0.0003316495437673
adult,iid,20,107,6,1,0.9843136452042174,0.0,0.9123326620068712,0.0,0.8287640222139805,0.0,0.8686006825938566,0.0,,0.9539567321204988,0.0,0.0,0.8648786979219981,0.7648619957537155,0.6216566005176877,0.6858638743455497,0.2997600436210632,0.0,0.0,0.2997600436210632,0.8648786979219981,0.0
adult,iid,20,107,6,2,0.9843136452042174,0.0,0.9123326620068712,0.0031864613856848,0.8287640222139805,0.0,0.8686006825938566,0.0,,0.9539567321204988,0.0,0.0,0.8648786979219981,0.7648619957537155,0.6216566005176877,0.6858638743455497,0.2997600436210632,0.0,0.0,0.2997600436210632,0.8648786979219981,0.0
adult,iid,20,107,6,3,0.9843136452042174,0.0,0.9123326620068712,0.0,0.8287640222139805,0.0,0.8686006825938566,0.0039222408126737,,0.9539567321204988,0.0,0.0,0.8648786979219981,0.7648619957537155,0.6216566005176877,0.6858638743455497,0.2997600436210632,0.0,0.0,0.2997600436210632,0.8648786979219981,0.0
adult,iid,20,107,6,4,0.9843136452042174,0.0,0.9123326620068712,0.0,0.8287640222139805,0.0,0.8686006825938566,0.0027686549054744,,0.9539567321204988,0.0,0.0,0.8648786979219981,0.7648619957537155,0.6216566005176877,0.6858638743455497,0.2997600436210632,0.0,0.0,0.2997600436210632,0.8648786979219981,0.0
adult,iid,20,107,6,5,0.9843136452042174,0.0,0.9123326620068712,0.0,0.8287640222139805,0.0,0.8686006825938566,0.0,,0.9539567321204988,0.0,0.0,0.8648786979219981,0.7648619957537155,0.6216566005176877,0.6858638743455497,0.2997600436210632,0.0002048937893061,0.0,0.2997600436210632,0.8648786979219981,0.0
adult,iid,20,107,6,6,0.9843136452042174,0.0,0.9123326620068712,0.0,0.8287640222139805,0.0,0.8686006825938566,0.0,,0.9539567321204988,0.0,0.0,0.8648786979219981,0.7648619957537155,0.6216566005176877,0.6858638743455497,0.2997600436210632,-0.0002425266256243,0.0,0.2997600436210632,0.8648786979219981,0.0
adult,iid,20,107,6,7,0.9843136452042174,0.0,0.9123326620068712,0.0031324609951243,0.8287640222139805,0.0,0.8686006825938566,0.0006119604023228,,0.9539567321204988,0.0,0.0,0.8648786979219981,0.7648619957537155,0.6216566005176877,0.6858638743455497,0.2997600436210632,0.0,0.0,0.2997600436210632,0.8648786979219981,0.0
adult,iid,20,107,6,8,0.9843136452042174,0.0,0.9123326620068712,0.0,0.8287640222139805,0.0,0.8686006825938566,0.0022175274023012,,0.9539567321204988,0.0,0.0,0.8648786979219981,0.7648619957537155,0.6216566005176877,0.6858638743455497,0.2997600436210632,0.0,0.0,0.2997600436210632,0.8648786979219981,0.0
adult,iid,20,107,6,9,0.9843136452042174,0.0,0.9123326620068712,0.0,0.8287640222139805,0.0,0.8686006825938566,0.0,,0.9539567321204988,0.0,0.0,0.8648786979219981,0.7648619957537155,0.6216566005176877,0.6858638743455497,0.2997600436210632,0.0,0.0,0.2997600436210632,0.8648786979219981,0.0
adult,iid,20,107,6,10,0.9843136452042174,0.0,0.9123326620068712,0.0,0.8287640222139805,0.0098479758357167,0.8686006825938566,0.0,,0.9539567321204988,0.0,0.0,0.8648786979219981,0.7648619957537155,0.6216566005176877,0.6858638743455497,0.2997600436210632,0.0,0.0,0.2997600436210632,0.8648786979219981,0.0
adult,iid,20,107,6,11,0.9843136452042174,0.0,0.9123326620068712,0.0,0.8287640222139805,0.0,0.8686006825938566,0.0,,0.9539567321204988,0.0,0.0,0.8648786979219981,0.7648619957537155,0.6216566005176877,0.6858638743455497,0.2997600436210632,0.0,0.0,0.2997600436210632,0.8648786979219981,0.0
adult,iid,20,107,6,12,0.9843136452042174,0.0,0.9123326620068712,0.0,0.8287640222139805,0.015115876533781,0.8686006825938566,0.0,,0.9539567321204988,0.0,0.0,0.8648786979219981,0.7648619957537155,0.6216566005176877,0.6858638743455497,0.2997600436210632,0.0011660181309865,-0.000382979780916,0.2997600436210632,0.8648786979219981,-0.000382979780916
adult,iid,20,107,6,13,0.9843136452042174,0.0,0.9123326620068712,0.0,0.8287640222139805,0.0,0.8686006825938566,0.0,,0.9539567321204988,0.0,0.0,0.8648786979219981,0.7648619957537155,0.6216566005176877,0.6858638743455497,0.2997600436210632,0.0,0.0003760272704088,0.2997600436210632,0.8648786979219981,0.0003760272704088
adult,iid,20,107,6,14,0.9843136452042174,0.0,0.9123326620068712,0.0,0.8287640222139805,0.0,0.8686006825938566,-0.0001175587074602,,0.9539567321204988,0.0,0.0,0.8648786979219981,0.7648619957537155,0.6216566005176877,0.6858638743455497,0.2997600436210632,0.0,-8.609278968448676e-05,0.2997600436210632,0.8648786979219981,-8.609278968448676e-05
adult,iid,20,107,6,15,0.9843136452042174,0.0,0.9123326620068712,0.0,0.8287640222139805,0.0,0.8686006825938566,0.0,,0.9539567321204988,0.0,0.0,0.8648786979219981,0.7648619957537155,0.6216566005176877,0.6858638743455497,0.2997600436210632,0.0,0.0,0.2997600436210632,0.8648786979219981,0.0
adult,iid,20,107,6,16,0.9843136452042174,0.0,0.9123326620068712,0.0,0.8287640222139805,0.0,0.8686006825938566,-0.000254755651531,,0.9539567321204988,0.0,0.0,0.8648786979219981,0.7648619957537155,0.6216566005176877,0.6858638743455497,0.2997600436210632,0.0,0.0,0.2997600436210632,0.8648786979219981,0.0
adult,iid,20,107,6,17,0.9843136452042174,0.0,0.9123326620068712,0.0,0.8287640222139805,0.0,0.8686006825938566,0.0,,0.9539567321204988,0.0,0.0,0.8648786979219981,0.7648619957537155,0.6216566005176877,0.6858638743455497,0.2997600436210632,0.0,0.0,0.2997600436210632,0.8648786979219981,0.0
adult,iid,20,107,6,18,0.9843136452042174,0.0,0.9123326620068712,0.0,0.8287640222139805,0.0,0.8686006825938566,0.0,,0.9539567321204988,0.0,0.0,0.8648786979219981,0.7648619957537155,0.6216566005176877,0.6858638743455497,0.2997600436210632,-0.0007713187185133,0.0,0.2997600436210632,0.8648786979219981,0.0
adult,iid,20,107,6,19,0.9843136452042174,0.0,0.9123326620068712,0.0,0.8287640222139805,0.0,0.8686006825938566,0.0,,0.9539567321204988,0.0,0.0,0.8648786979219981,0.7648619957537155,0.6216566005176877,0.6858638743455497,0.2997600436210632,0.0,0.0,0.2997600436210632,0.8648786979219981,0.0
adult,iid,20,107,7,0,0.9845142798648788,0.0,0.9123949331123477,0.0,0.8241668505931973,0.0,0.8352630781954362,0.0,,0.9523516534318734,0.0,0.0,0.8671307196232982,0.765625,0.634167385677308,0.6937234544596508,0.2986792623996734,0.0,0.0005406280426693,0.2986792623996734,0.8671307196232982,0.0005406280426693
adult,iid,20,107,7,1,0.9845142798648788,0.0,0.9123949331123477,0.0,0.8241668505931973,0.0,0.8352630781954362,0.0,,0.9523516534318734,0.0,0.0,0.8671307196232982,0.765625,0.634167385677308,0.6937234544596508,0.2986792623996734,0.0,0.0,0.2986792623996734,0.8671307196232982,0.0
adult,iid,20,107,7,2,0.9845142798648788,0.0,0.9123949331123477,0.0,0.8241668505931973,0.0,0.8352630781954362,0.0,,0.9523516534318734,0.0,0.0,0.8671307196232982,0.765625,0.634167385677308,0.6937234544596508,0.2986792623996734,0.0,0.0,0.2986792623996734,0.8671307196232982,0.0
adult,iid,20,107,7,3,0.9845142798648788,0.0,0.9123949331123477,0.0,0.8241668505931973,0.0,0.8352630781954362,0.0,,0.9523516534318734,0.0,0.0,0.8671307196232982,0.765625,0.634167385677308,0.6937234544596508,0.2986792623996734,0.0,0.0006444210090295,0.2986792623996734,0.8671307196232982,0.0006444210090295
adult,iid,20,107,7,4,0.9845142798648788,0.0,0.9123949331123477,0.0,0.8241668505931973,0.0,0.8352630781954362,0.0,,0.9523516534318734,0.0059749549976749,0.0059749549976749,0.8671307196232982,0.765625,0.634167385677308,0.6937234544596508,0.2986792623996734,0.0002295167240149,0.0,0.2986792623996734,0.8671307196232982,0.0
adult,iid,20,107,7,5,0.9845142798648788,0.0,0.9123949331123477,0.0,0.8241668505931973,0.0,0.8352630781954362,0.0177034581162759,,0.9523516534318734,0.0,0.0,0.8671307196232982,0.765625,0.634167385677308,0.6937234544596508,0.2986792623996734,0.0004739097922163,0.0,0.2986792623996734,0.8671307196232982,0.0
adult,iid,20,107,7,6,0.9845142798648788,0.0,0.9123949331123477,0.0,0.8241668505931973,0.0,0.8352630781954362,0.0,,0.9523516534318734,0.0,0.0,0.8671307196232982,0.765625,0.634167385677308,0.6937234544596508,0.2986792623996734,0.0,0.0,0.2986792623996734,0.8671307196232982,0.0
adult,iid,20,107,7,7,0.9845142798648788,0.0,0.9123949331123477,0.0,0.8241668505931973,0.0,0.8352630781954362,0.0,,0.9523516534318734,0.0,0.0,0.8671307196232982,0.765625,0.634167385677308,0.6937234544596508,0.2986792623996734,0.0002120934317217,9.653221986016904e-05,0.2986792623996734,0.8671307196232982,9.653221986016904e-05
adult,iid,20,107,7,8,0.9845142798648788,0.0,0.9123949331123477,0.0,0.8241668505931973,0.0,0.8352630781954362,0.0,,0.9523516534318734,0.0,0.0,0.8671307196232982,0.765625,0.634167385677308,0.6937234544596508,0.2986792623996734,0.0,0.0,0.2986792623996734,0.8671307196232982,0.0
adult,iid,20,107,7,9,0.9845142798648788,0.0,0.9123949331123477,0.0,0.8241668505931973,0.0,0.8352630781954362,0.0,,0.9523516534318734,0.0,0.0,0.8671307196232982,0.765625,0.634167385677308,0.6937234544596508,0.2986792623996734,0.0001602230374427,-0.0004544513137189,0.2986792623996734,0.8671307196232982,-0.0004544513137189
adult,iid,20,107,7,10,0.9845142798648788,0.0,0.9123949331123477,0.0,0.8241668505931973,0.0,0.8352630781954362,0.0,,0.9523516534318734,0.0,0.0,0.8671307196232982,0.765625,0.634167385677308,0.6937234544596508,0.2986792623996734,0.0,0.0,0.2986792623996734,0.8671307196232982,0.0
adult,iid,20,107,7,11,0.9845142798648788,0.0,0.9123949331123477,0.0,0.8241668505931973,0.0,0.8352630781954362,0.0,,0.9523516534318734,0.0038886103959457,0.0038886103959457,0.8671307196232982,0.765625,0.634167385677308,0.6937234544596508,0.2986792623996734,0.0,0.0,0.2986792623996734,0.8671307196232982,0.0
adult,iid,20,107,7,12,0.9845142798648788,0.0,0.9123949331123477,0.0,0.8241668505931973,0.0130866308744155,0.8352630781954362,0.0,,0.9523516534318734,0.0092243126012968,0.0092243126012968,0.8671307196232982,0.765625,0.634167385677308,0.6937234544596508,0.2986792623996734,0.0,0.0,0.2986792623996734,0.8671307196232982,0.0
adult,iid,20,107,7,13,0.9845142798648788,0.0,0.9123949331123477,0.0,0.8241668505931973,0.0,0.8352630781954362,0.0,,0.9523516534318734,0.0,0.0,0.8671307196232982,0.765625,0.634167385677308,0.6937234544596508,0.2986792623996734,0.0,0.0005550305070381,0.2986792623996734,0.8671307196232982,0.0005550305070381
adult,iid,20,107,7,14,0.9845142798648788,0.0,0.9123949331123477,0.0,0.8241668505931973,0.0,0.8352630781954362,0.0,,0.9523516534318734,0.0,0.0,0.8671307196232982,0.765625,0.634167385677308,0.6937234544596508,0.2986792623996734,0.0,0.0,0.2986792623996734,0.8671307196232982,0.0
adult,iid,20,107,7,15,0.9845142798648788,0.0,0.9123949331123477,0.0,0.8241668505931973,0.0,0.8352630781954362,0.0,,0.9523516534318734,0.0,0.0,0.8671307196232982,0.765625,0.634167385677308,0.6937234544596508,0.2986792623996734,0.0004298443193821,0.0,0.2986792623996734,0.8671307196232982,0.0
adult,iid,20,107,7,16,0.9845142798648788,0.0,0.9123949331123477,0.0,0.8241668505931973,0.0,0.8352630781954362,0.0,,0.9523516534318734,0.0,0.0,0.8671307196232982,0.765625,0.634167385677308,0.6937234544596508,0.2986792623996734,-0.0006052434225292,0.0,0.2986792623996734,0.8671307196232982,0.0
adult,iid,20,107,7,17,0.9845142798648788,0.0,0.9123949331123477,0.0,0.8241668505931973,0.0,0.8352630781954362,0.0,,0.9523516534318734,0.0,0.0,0.8671307196232982,0.765625,0.634167385677308,0.6937234544596508,0.2986792623996734,0.0,0.0005732418876036,0.2986792623996734,0.8671307196232982,0.0005732418876036
adult,iid,20,107,7,18,0.9845142798648788,0.0,0.9123949331123477,0.0,0.8241668505931973,0.0,0.8352630781954362,-0.0011791617081137,,0.9523516534318734,0.0,0.0,0.8671307196232982,0.765625,0.634167385677308,0.6937234544596508,0.2986792623996734,-0.0004231472883154,0.0003611328668998,0.2986792623996734,0.8671307196232982,0.0003611328668998
adult,iid,20,107,7,19,0.9845142798648788,0.0,0.9123949331123477,0.0,0.8241668505931973,0.0,0.8352630781954362,0.0,,0.9523516534318734,0.0,0.0,0.8671307196232982,0.765625,0.634167385677308,0.6937234544596508,0.2986792623996734,0.0,0.0,0.2986792623996734,0.8671307196232982,0.0
adult,iid,20,107,8,0,0.9854335141775002,0.0,0.913197729422895,0.0,0.8243241443733074,0.0,0.8633297999976703,0.0,,0.9530834520791872,0.0,0.0,0.8673354488688709,0.7650414937759336,0.6363244176013805,0.6947715496938295,0.2974918484687805,-0.0010682704470912,0.0,0.2974918484687805,0.8673354488688709,0.0
adult,iid,20,107,8,1,0.9854335141775002,0.0,0.913197729422895,0.0,0.8243241443733074,0.0,0.8633297999976703,0.0,,0.9530834520791872,0.0,0.0,0.8673354488688709,0.7650414937759336,0.6363244176013805,0.6947715496938295,0.2974918484687805,0.0,0.0,0.2974918484687805,0.8673354488688709,0.0
adult,iid,20,107,8,2,0.9854335141775002,0.0,0.913197729422895,0.0,0.8243241443733074,0.0,0.8633297999976703,0.0,,0.9530834520791872,0.0,0.0,0.8673354488688709,0.7650414937759336,0.6363244176013805,0.6947715496938295,0.2974918484687805,0.0,0.0,0.2974918484687805,0.8673354488688709,0.0
adult,iid,20,107,8,3,0.9854335141775002,0.0,0.913197729422895,0.0,0.8243241443733074,0.0,0.8633297999976703,0.0,,0.9530834520791872,0.0,0.0,0.8673354488688709,0.7650414937759336,0.6363244176013805,0.6947715496938295,0.2974918484687805,0.0,0.0,0.2974918484687805,0.8673354488688709,0.0
adult,iid,20,107,8,4,0.9854335141775002,0.0,0.913197729422895,0.0,0.8243241443733074,0.0,0.8633297999976703,0.0,,0.9530834520791872,0.0,0.0,0.8673354488688709,0.7650414937759336,0.6363244176013805,0.6947715496938295,0.2974918484687805,0.0,0.0,0.2974918484687805,0.8673354488688709,0.0
adult,iid,20,107,8,5,0.9854335141775002,0.0,0.913197729422895,0.0,0.8243241443733074,0.0,0.8633297999976703,0.0078676758258932,,0.9530834520791872,0.0,0.0,0.8673354488688709,0.7650414937759336,0.6363244176013805,0.6947715496938295,0.2974918484687805,0.0003871518354978,0.0,0.2974918484687805,0.8673354488688709,0.0
adult,iid,20,107,8,6,0.9854335141775002,0.0,0.913197729422895,0.0,0.8243241443733074,0.0,0.8633297999976703,0.0,,0.9530834520791872,0.0,0.0,0.8673354488688709,0.7650414937759336,0.6363244176013805,0.6947715496938295,0.2974918484687805,0.00021474040258,0.0,0.2974918484687805,0.8673354488688709,0.0
adult,iid,20,107,8,7,0.9854335141775002,0.0,0.913197729422895,0.0,0.8243241443733074,0.0,0.8633297999976703,0.0,,0.9530834520791872,0.0,0.0,0.8673354488688709,0.7650414937759336,0.6363244176013805,0.6947715496938295,0.2974918484687805,0.0002791746895505,0.0,0.2974918484687805,0.8673354488688709,0.0
adult,iid,20,107,8,8,0.9854335141775002,0.0,0.913197729422895,0.0,0.8243241443733074,0.0,0.8633297999976703,0.0,,0.9530834520791872,0.0,0.0,0.8673354488688709,0.7650414937759336,0.6363244176013805,0.6947715496938295,0.2974918484687805,0.0,0.0,0.2974918484687805,0.8673354488688709,0.0
adult,iid,20,107,8,9,0.9854335141775002,0.0,0.913197729422895,0.0,0.8243241443733074,0.0,0.8633297999976703,0.0,,0.9530834520791872,0.0,0.0,0.8673354488688709,0.7650414937759336,0.6363244176013805,0.6947715496938295,0.2974918484687805,0.0,0.0,0.2974918484687805,0.8673354488688709,0.0
adult,iid,20,107,8,10,0.9854335141775002,0.0,0.913197729422895,0.0,0.8243241443733074,0.0,0.8633297999976703,0.0,,0.9530834520791872,0.0,0.0,0.8673354488688709,0.7650414937759336,0.6363244176013805,0.6947715496938295,0.2974918484687805,0.0,0.0,0.2974918484687805,0.8673354488688709,0.0
adult,iid,20,107,8,11,0.9854335141775002,0.0,0.913197729422895,0.0,0.8243241443733074,0.0,0.8633297999976703,0.0,,0.9530834520791872,0.0,0.0,0.8673354488688709,0.7650414937759336,0.6363244176013805,0.6947715496938295,0.2974918484687805,0.0,0.0,0.2974918484687805,0.8673354488688709,0.0
adult,iid,20,107,8,12,0.9854335141775002,0.0,0.913197729422895,0.0,0.8243241443733074,0.0,0.8633297999976703,0.0,,0.9530834520791872,0.0,0.0,0.8673354488688709,0.7650414937759336,0.6363244176013805,0.6947715496938295,0.2974918484687805,0.0,0.0,0.2974918484687805,0.8673354488688709,0.0
adult,iid,20,107,8,13,0.9854335141775002,0.0,0.913197729422895,0.0,0.8243241443733074,0.0,0.8633297999976703,0.0,,0.9530834520791872,0.0,0.0,0.8673354488688709,0.7650414937759336,0.6363244176013805,0.6947715496938295,0.2974918484687805,0.0,0.0,0.2974918484687805,0.8673354488688709,0.0
adult,iid,20,107,8,14,0.9854335141775002,0.0,0.913197729422895,0.0,0.8243241443733074,0.0,0.8633297999976703,0.0,,0.9530834520791872,0.0,0.0,0.8673354488688709,0.7650414937759336,0.6363244176013805,0.6947715496938295,0.2974918484687805,0.0,0.0,0.2974918484687805,0.8673354488688709,0.0
adult,iid,20,107,8,15,0.9854335141775002,0.0,0.913197729422895,0.0,0.8243241443733074,0.0,0.8633297999976703,0.0,,0.9530834520791872,0.0,0.0,0.8673354488688709,0.7650414937759336,0.6363244176013805,0.6947715496938295,0.2974918484687805,0.0,0.0,0.2974918484687805,0.8673354488688709,0.0
adult,iid,20,107,8,16,0.9854335141775002,0.0,0.913197729422895,0.0,0.8243241443733074,0.0,0.8633297999976703,0.0,,0.9530834520791872,0.0,0.0,0.8673354488688709,0.7650414937759336,0.6363244176013805,0.6947715496938295,0.2974918484687805,-0.0002953167194905,0.0,0.2974918484687805,0.8673354488688709,0.0
adult,iid,20,107,8,17,0.9854335141775002,0.0,0.913197729422895,0.0,0.8243241443733074,0.0,0.8633297999976703,0.0,,0.9530834520791872,0.0,0.0,0.8673354488688709,0.7650414937759336,0.6363244176013805,0.6947715496938295,0.2974918484687805,0.0,0.0,0.2974918484687805,0.8673354488688709,0.0
adult,iid,20,107,8,18,0.9854335141775002,0.0,0.913197729422895,0.0,0.8243241443733074,0.0,0.8633297999976703,0.0,,0.9530834520791872,0.0,0.0,0.8673354488688709,0.7650414937759336,0.6363244176013805,0.6947715496938295,0.2974918484687805,-0.0003253945282527,0.0,0.2974918484687805,0.8673354488688709,0.0
adult,iid,20,107,8,19,0.9854335141775002,0.0,0.913197729422895,0.0,0.8243241443733074,0.0,0.8633297999976703,0.0,,0.9530834520791872,0.0,0.0,0.8673354488688709,0.7650414937759336,0.6363244176013805,0.6947715496938295,0.2974918484687805,0.0,0.0,0.2974918484687805,0.8673354488688709,0.0
adult,iid,20,107,9,0,0.9859340771829256,0.0,0.9151500827227604,0.0,0.8246334431603743,0.0,0.8282857109576116,0.0,,0.9558750417181664,0.0,0.0,0.8673354488688709,0.7644927536231884,0.6371872303710094,0.6950588235294117,0.2964974641799927,0.0,0.0,0.2964974641799927,0.8673354488688709,0.0
adult,iid,20,107,9,1,0.9859340771829256,0.0,0.9151500827227604,0.0,0.8246334431603743,0.0,0.8282857109576116,0.0,,0.9558750417181664,0.0,0.0,0.8673354488688709,0.7644927536231884,0.6371872303710094,0.6950588235294117,0.2964974641799927,0.0,0.0,0.2964974641799927,0.8673354488688709,0.0
adult,iid,20,107,9,2,0.9859340771829256,0.0,0.9151500827227604,0.0,0.8246334431603743,0.0,0.8282857109576116,0.0,,0.9558750417181664,0.0084136263593591,0.0084136263593591,0.8673354488688709,0.7644927536231884,0.6371872303710094,0.6950588235294117,0.2964974641799927,0.0,0.0,0.2964974641799927,0.8673354488688709,0.0
adult,iid,20,107,9,3,0.9859340771829256,0.0,0.9151500827227604,0.0,0.8246334431603743,0.0,0.8282857109576116,0.0,,0.9558750417181664,0.0,0.0,0.8673354488688709,0.7644927536231884,0.6371872303710094,0.6950588235294117,0.2964974641799927,0.0,0.0,0.2964974641799927,0.8673354488688709,0.0
adult,iid,20,107,9,4,0.9859340771829256,0.0,0.9151500827227604,0.0,0.8246334431603743,0.0,0.8282857109576116,0.0,,0.9558750417181664,0.0,0.0,0.8673354488688709,0.7644927536231884,0.6371872303710094,0.6950588235294117,0.2964974641799927,0.0,0.0,0.2964974641799927,0.8673354488688709,0.0
adult,iid,20,107,9,5,0.9859340771829256,0.0,0.9151500827227604,0.0,0.8246334431603743,0.0,0.8282857109576116,0.0,,0.9558750417181664,0.0,0.0,0.8673354488688709,0.7644927536231884,0.6371872303710094,0.6950588235294117,0.2964974641799927,0.0,0.0,0.2964974641799927,0.8673354488688709,0.0
adult,iid,20,107,9,6,0.9859340771829256,0.0,0.9151500827227604,0.0,0.8246334431603743,0.0,0.8282857109576116,0.0,,0.9558750417181664,0.004822803675854,0.004822803675854,0.8673354488688709,0.7644927536231884,0.6371872303710094,0.6950588235294117,0.2964974641799927,0.0,0.0,0.2964974641799927,0.8673354488688709,0.0
adult,iid,20,107,9,7,0.9859340771829256,0.0,0.9151500827227604,0.0,0.8246334431603743,0.0,0.8282857109576116,0.0,,0.9558750417181664,-0.0020933488949228,0.0020933488949228,0.8673354488688709,0.7644927536231884,0.6371872303710094,0.6950588235294117,0.2964974641799927,0.0,0.0,0.2964974641799927,0.8673354488688709,0.0
adult,iid,20,107,9,8,0.9859340771829256,0.0,0.9151500827227604,0.0,0.8246334431603743,0.0,0.8282857109576116,0.0,,0.9558750417181664,0.0,0.0,0.8673354488688709,0.7644927536231884,0.6371872303710094,0.6950588235294117,0.2964974641799927,0.0,0.0,0.2964974641799927,0.8673354488688709,0.0
adult,iid,20,107,9,9,0.9859340771829256,0.0,0.9151500827227604,0.0026695644361418,0.8246334431603743,0.0,0.8282857109576116,0.0,,0.9558750417181664,0.0,0.0,0.8673354488688709,0.7644927536231884,0.6371872303710094,0.6950588235294117,0.2964974641799927,0.0,0.0,0.2964974641799927,0.8673354488688709,0.0
adult,iid,20,107,9,10,0.9859340771829256,0.0,0.9151500827227604,0.0,0.8246334431603743,0.0,0.8282857109576116,0.0,,0.9558750417181664,0.0,0.0,0.8673354488688709,0.7644927536231884,0.6371872303710094,0.6950588235294117,0.2964974641799927,0.0,0.0,0.2964974641799927,0.8673354488688709,0.0
adult,iid,20,107,9,11,0.9859340771829256,0.0,0.9151500827227604,0.0043356161639171,0.8246334431603743,0.0,0.8282857109576116,0.0,,0.9558750417181664,0.0,0.0,0.8673354488688709,0.7644927536231884,0.6371872303710094,0.6950588235294117,0.2964974641799927,0.0,0.0,0.2964974641799927,0.8673354488688709,0.0
adult,iid,20,107,9,12,0.9859340771829256,0.0,0.9151500827227604,0.0,0.8246334431603743,0.0,0.8282857109576116,0.0129598917867418,,0.9558750417181664,0.0,0.0,0.8673354488688709,0.7644927536231884,0.6371872303710094,0.6950588235294117,0.2964974641799927,0.0,0.0,0.2964974641799927,0.8673354488688709,0.0
adult,iid,20,107,9,13,0.9859340771829256,0.0,0.9151500827227604,0.0,0.8246334431603743,0.0,0.8282857109576116,0.0,,0.9558750417181664,0.0,0.0,0.8673354488688709,0.7644927536231884,0.6371872303710094,0.6950588235294117,0.2964974641799927,0.0,0.0,0.2964974641799927,0.8673354488688709,0.0
adult,iid,20,107,9,14,0.9859340771829256,0.0,0.9151500827227604,0.0,0.8246334431603743,0.0,0.8282857109576116,0.0,,0.9558750417181664,0.0,0.0,0.8673354488688709,0.7644927536231884,0.6371872303710094,0.6950588235294117,0.2964974641799927,0.0,0.0,0.2964974641799927,0.8673354488688709,0.0
adult,iid,20,107,9,15,0.9859340771829256,0.0,0.9151500827227604,0.0,0.8246334431603743,0.0,0.8282857109576116,0.0,,0.9558750417181664,0.0031110617671853,0.0031110617671853,0.8673354488688709,0.7644927536231884,0.6371872303710094,0.6950588235294117,0.2964974641799927,0.0,0.0,0.2964974641799927,0.8673354488688709,0.0
adult,iid,20,107,9,16,0.9859340771829256,0.0,0.9151500827227604,0.0,0.8246334431603743,0.0,0.8282857109576116,0.0,,0.9558750417181664,0.0,0.0,0.8673354488688709,0.7644927536231884,0.6371872303710094,0.6950588235294117,0.2964974641799927,0.0,0.0,0.2964974641799927,0.8673354488688709,0.0
adult,iid,20,107,9,17,0.9859340771829256,0.0,0.9151500827227604,0.0,0.8246334431603743,0.0,0.8282857109576116,0.0,,0.9558750417181664,0.0,0.0,0.8673354488688709,0.7644927536231884,0.6371872303710094,0.6950588235294117,0.2964974641799927,0.0,0.0,0.2964974641799927,0.8673354488688709,0.0
adult,iid,20,107,9,18,0.9859340771829256,0.0,0.9151500827227604,0.0,0.8246334431603743,0.0,0.8282857109576116,0.0,,0.9558750417181664,0.0,0.0,0.8673354488688709,0.7644927536231884,0.6371872303710094,0.6950588235294117,0.2964974641799927,0.0,0.0,0.2964974641799927,0.8673354488688709,0.0
adult,iid,20,107,9,19,0.9859340771829256,0.0,0.9151500827227604,0.0,0.8246334431603743,0.0,0.8282857109576116,0.0,,0.9558750417181664,0.0,0.0,0.8673354488688709,0.7644927536231884,0.6371872303710094,0.6950588235294117,0.2964974641799927,0.0,0.0,0.2964974641799927,0.8673354488688709,0.0
adult,iid,20,107,10,0,0.9865103900092128,0.0,0.9117855455833728,0.0,0.8237095133790377,0.0,0.8220771354354739,0.0,,0.9531160661171498,0.0,0.0,0.8666188965093664,0.7630896837739761,0.635030198446937,0.6931951966093713,0.2959914803504944,0.0,0.0,0.2959914803504944,0.8666188965093664,0.0
adult,iid,20,107,10,1,0.9865103900092128,0.0,0.9117855455833728,0.0,0.8237095133790377,0.0,0.8220771354354739,0.0,,0.9531160661171498,0.0,0.0,0.8666188965093664,0.7630896837739761,0.635030198446937,0.6931951966093713,0.2959914803504944,0.0,0.0,0.2959914803504944,0.8666188965093664,0.0
adult,iid,20,107,10,2,0.9865103900092128,0.0,0.9117855455833728,0.0,0.8237095133790377,0.0,0.8220771354354739,0.0,,0.9531160661171498,0.0,0.0,0.8666188965093664,0.7630896837739761,0.635030198446937,0.6931951966093713,0.2959914803504944,0.0,0.0,0.2959914803504944,0.8666188965093664,0.0
adult,iid,20,107,10,3,0.9865103900092128,0.0,0.9117855455833728,0.0,0.8237095133790377,0.0,0.8220771354354739,0.0,,0.9531160661171498,0.0,0.0,0.8666188965093664,0.7630896837739761,0.635030198446937,0.6931951966093713,0.2959914803504944,0.0,0.0,0.2959914803504944,0.8666188965093664,0.0
adult,iid,20,107,10,4,0.9865103900092128,0.0,0.9117855455833728,0.0,0.8237095133790377,0.0,0.8220771354354739,0.0,,0.9531160661171498,0.0,0.0,0.8666188965093664,0.7630896837739761,0.635030198446937,0.6931951966093713,0.2959914803504944,0.0,0.0,0.2959914803504944,0.8666188965093664,0.0
adult,iid,20,107,10,5,0.9865103900092128,0.0,0.9117855455833728,0.0,0.8237095133790377,0.0,0.8220771354354739,0.0,,0.9531160661171498,0.0,0.0,0.8666188965093664,0.7630896837739761,0.635030198446937,0.6931951966093713,0.2959914803504944,0.0,0.0,0.2959914803504944,0.8666188965093664,0.0
adult,iid,20,107,10,6,0.9865103900092128,0.0,0.9117855455833728,0.0,0.8237095133790377,0.0,0.8220771354354739,0.0,,0.9531160661171498,0.0,0.0,0.8666188965093664,0.7630896837739761,0.635030198446937,0.6931951966093713,0.2959914803504944,0.0,0.0,0.2959914803504944,0.8666188965093664,0.0
adult,iid,20,107,10,7,0.9865103900092128,0.0,0.9117855455833728,0.0,0.8237095133790377,0.0,0.8220771354354739,0.0,,0.9531160661171498,0.0,0.0,0.8666188965093664,0.7630896837739761,0.635030198446937,0.6931951966093713,0.2959914803504944,0.0,0.0,0.2959914803504944,0.8666188965093664,0.0
adult,iid,20,107,10,8,0.9865103900092128,0.0,0.9117855455833728,0.0011069648819735,0.8237095133790377,0.0,0.8220771354354739,0.0,,0.9531160661171498,0.0,0.0,0.8666188965093664,0.7630896837739761,0.635030198446937,0.6931951966093713,0.2959914803504944,0.0,0.0,0.2959914803504944,0.8666188965093664,0.0
adult,iid,20,107,10,9,0.9865103900092128,0.0,0.9117855455833728,0.0,0.8237095133790377,0.0,0.8220771354354739,0.0,,0.9531160661171498,0.0,0.0,0.8666188965093664,0.7630896837739761,0.635030198446937,0.6931951966093713,0.2959914803504944,0.0,0.0,0.2959914803504944,0.8666188965093664,0.0
adult,iid,20,107,10,10,0.9865103900092128,0.0,0.9117855455833728,0.0,0.8237095133790377,0.0,0.8220771354354739,0.0,,0.9531160661171498,0.0076678503334253,0.0076678503334253,0.8666188965093664,0.7630896837739761,0.635030198446937,0.6931951966093713,0.2959914803504944,0.0,0.0,0.2959914803504944,0.8666188965093664,0.0
adult,iid,20,107,10,11,0.9865103900092128,0.0,0.9117855455833728,0.0038001490176555,0.8237095133790377,0.0,0.8220771354354739,0.0,,0.9531160661171498,0.0,0.0,0.8666188965093664,0.7630896837739761,0.635030198446937,0.6931951966093713,0.2959914803504944,0.0,0.0,0.2959914803504944,0.8666188965093664,0.0
adult,iid,20,107,10,12,0.9865103900092128,0.0,0.9117855455833728,0.0,0.8237095133790377,0.0,0.8220771354354739,0.0,,0.9531160661171498,0.0074820944690599,0.0074820944690599,0.8666188965093664,0.7630896837739761,0.635030198446937,0.6931951966093713,0.2959914803504944,0.0,0.0,0.2959914803504944,0.8666188965093664,0.0
adult,iid,20,107,10,13,0.9865103900092128,0.0,0.9117855455833728,0.0,0.8237095133790377,0.0,0.8220771354354739,0.0,,0.9531160661171498,-0.0004206515694346,0.0004206515694346,0.8666188965093664,0.7630896837739761,0.635030198446937,0.6931951966093713,0.2959914803504944,0.0,0.0,0.2959914803504944,0.8666188965093664,0.0
adult,iid,20,107,10,14,0.9865103900092128,0.0,0.9117855455833728,0.0,0.8237095133790377,0.0,0.8220771354354739,0.0,,0.9531160661171498,0.0,0.0,0.8666188965093664,0.7630896837739761,0.635030198446937,0.6931951966093713,0.2959914803504944,0.0,0.0,0.2959914803504944,0.8666188965093664,0.0
adult,iid,20,107,10,15,0.9865103900092128,0.0,0.9117855455833728,0.0,0.8237095133790377,0.0,0.8220771354354739,0.0,,0.9531160661171498,0.0,0.0,0.8666188965093664,0.7630896837739761,0.635030198446937,0.6931951966093713,0.2959914803504944,0.0,0.0,0.2959914803504944,0.8666188965093664,0.0
adult,iid,20,107,10,16,0.9865103900092128,0.0,0.9117855455833728,0.0,0.8237095133790377,0.0,0.8220771354354739,0.0,,0.9531160661171498,0.0,0.0,0.8666188965093664,0.7630896837739761,0.635030198446937,0.6931951966093713,0.2959914803504944,0.0,0.0,0.2959914803504944,0.8666188965093664,0.0
adult,iid,20,107,10,17,0.9865103900092128,0.0,0.9117855455833728,0.0,0.8237095133790377,0.0,0.8220771354354739,0.0050107922872061,,0.9531160661171498,0.0,0.0,0.8666188965093664,0.7630896837739761,0.635030198446937,0.6931951966093713,0.2959914803504944,0.0,0.0,0.2959914803504944,0.8666188965093664,0.0
adult,iid,20,107,10,18,0.9865103900092128,0.0,0.9117855455833728,0.0,0.8237095133790377,0.0,0.8220771354354739,0.0,,0.9531160661171498,0.0,0.0,0.8666188965093664,0.7630896837739761,0.635030198446937,0.6931951966093713,0.2959914803504944,0.0,0.0,0.2959914803504944,0.8666188965093664,0.0
adult,iid,20,107,10,19,0.9865103900092128,0.0,0.9117855455833728,0.0,0.8237095133790377,0.0,0.8220771354354739,0.0,,0.9531160661171498,0.0,0.0,0.8666188965093664,0.7630896837739761,0.635030198446937,0.6931951966093713,0.2959914803504944,0.0,0.0,0.2959914803504944,0.8666188965093664,0.0
adult,iid,4,107,1,0,0.9831763742450608,0.0,0.877361853832442,0.0,0.8172710931620224,0.0,0.8377965963494041,0.0,,0.9373369252638568,0.0063489170002384,0.0063489170002384,0.8609888422561163,0.743161094224924,0.6328731665228645,0.6835973904939422,0.3054738044738769,-0.2483146538337071,0.1369263315931347,0.3054738044738769,0.8609888422561163,0.1369263315931347
adult,iid,4,107,1,1,0.9831763742450608,0.0,0.877361853832442,0.0,0.8172710931620224,0.0,0.8377965963494041,0.0,,0.9373369252638568,-0.0089083509960157,0.0089083509960157,0.8609888422561163,0.743161094224924,0.6328731665228645,0.6835973904939422,0.3054738044738769,-0.2519572834173838,0.0,0.3054738044738769,0.8609888422561163,0.0
adult,iid,4,107,1,2,0.9831763742450608,0.0,0.877361853832442,0.0,0.8172710931620224,0.0,0.8377965963494041,0.0,,0.9373369252638568,0.0,0.0,0.8609888422561163,0.743161094224924,0.6328731665228645,0.6835973904939422,0.3054738044738769,-0.2187354276577631,0.1198894462073907,0.3054738044738769,0.8609888422561163,0.1198894462073907
adult,iid,4,107,1,3,0.9831763742450608,0.0047097280513188,0.877361853832442,0.1114994688592991,0.8172710931620224,-0.0171545906188938,0.8377965963494041,-0.0122266032995919,,0.9373369252638568,0.0,0.0,0.8609888422561163,0.743161094224924,0.6328731665228645,0.6835973904939422,0.3054738044738769,-0.2086914449930191,0.1184358685638243,0.3054738044738769,0.8609888422561163,0.1184358685638243
adult,iid,4,107,2,0,0.983843791585628,0.0,0.8999048977650975,0.0,0.8360008110711399,0.0,0.8716525527379468,0.0,,0.9668682563050148,0.0,0.0,0.8626266762206981,0.7560335781741868,0.6216566005176877,0.6822916666666666,0.2998665273189544,-0.0010377476612726,0.0,0.2998665273189544,0.8626266762206981,0.0
adult,iid,4,107,2,1,0.983843791585628,0.0,0.8999048977650975,0.0027877568409271,0.8360008110711399,0.0,0.8716525527379468,0.0,,0.9668682563050148,0.0,0.0,0.8626266762206981,0.7560335781741868,0.6216566005176877,0.6822916666666666,0.2998665273189544,-0.0053546408812204,0.0026614801924455,0.2998665273189544,0.8626266762206981,0.0026614801924455
adult,iid,4,107,2,2,0.983843791585628,0.0,0.8999048977650975,0.0,0.8360008110711399,0.0,0.8716525527379468,0.0,,0.9668682563050148,0.0,0.0,0.8626266762206981,0.7560335781741868,0.6216566005176877,0.6822916666666666,0.2998665273189544,-0.0049994220336278,0.0005561811171392,0.2998665273189544,0.8626266762206981,0.0005561811171392
adult,iid,4,107,2,3,0.983843791585628,0.0,0.8999048977650975,0.040615212718212,0.8360008110711399,0.0334662405174736,0.8716525527379468,0.0360330347470558,,0.9668682563050148,0.0200429532509512,0.0200429532509512,0.8626266762206981,0.7560335781741868,0.6216566005176877,0.6822916666666666,0.2998665273189544,0.0057845334211985,0.0,0.2998665273189544,0.8626266762206981,0.0
adult,iid,4,107,3,0,0.9852195721158769,0.0,0.8953984819734345,0.0,0.835395435429888,0.0,0.8475404489277687,0.0,,0.9673385009018344,0.0,0.0,0.8640597809397073,0.7567427385892116,0.6294219154443486,0.6872350447479981,0.2970644235610962,-0.0038602103789647,0.0003173303306377,0.2970644235610962,0.8640597809397073,0.0003173303306377
adult,iid,4,107,3,1,0.9852195721158769,0.0,0.8953984819734345,0.0,0.835395435429888,0.0,0.8475404489277687,0.0,,0.9673385009018344,0.0,0.0,0.8640597809397073,0.7567427385892116,0.6294219154443486,0.6872350447479981,0.2970644235610962,-0.0033006538947423,0.0019517521411266,0.2970644235610962,0.8640597809397073,0.0019517521411266
adult,iid,4,107,3,2,0.9852195721158769,0.0,0.8953984819734345,0.0,0.835395435429888,0.0,0.8475404489277687,0.0,,0.9673385009018344,0.0,0.0,0.8640597809397073,0.7567427385892116,0.6294219154443486,0.6872350447479981,0.2970644235610962,-0.0015097717444101,7.847954413621923e-05,0.2970644235610962,0.8640597809397073,7.847954413621923e-05
adult,iid,4,107,3,3,0.9852195721158769,0.0006429863172621,0.8953984819734345,0.0270495888148595,0.835395435429888,0.0,0.8475404489277687,0.0178448982127533,,0.9673385009018344,0.0,0.0,0.8640597809397073,0.7567427385892116,0.6294219154443486,0.6872350447479981,0.2970644235610962,0.0060644169648488,-0.0012693213225509,0.2970644235610962,0.8640597809397073,-0.0012693213225509
adult,iid,4,107,4,0,0.986629132971645,0.0,0.908605974395448,0.0,0.8344900163545865,0.0,0.8494857249356429,0.0,,0.9625894185420468,0.0,0.0,0.8649810625447846,0.7539400101677681,0.6397756686798964,0.6921820303383898,0.294438898563385,-0.001535877585411,0.0,0.294438898563385,0.8649810625447846,0.0
adult,iid,4,107,4,1,0.986629132971645,0.0,0.908605974395448,0.0,0.8344900163545865,0.0,0.8494857249356429,0.0,,0.9625894185420468,0.0,0.0,0.8649810625447846,0.7539400101677681,0.6397756686798964,0.6921820303383898,0.294438898563385,-0.0049363831679026,0.0,0.294438898563385,0.8649810625447846,0.0
adult,iid,4,107,4,2,0.986629132971645,0.0,0.908605974395448,0.0,0.8344900163545865,0.0,0.8494857249356429,0.0,,0.9625894185420468,0.0,0.0,0.8649810625447846,0.7539400101677681,0.6397756686798964,0.6921820303383898,0.294438898563385,-0.0012191812197367,0.0,0.294438898563385,0.8649810625447846,0.0
adult,iid,4,107,4,3,0.986629132971645,0.0010626471491452,0.908605974395448,0.0232545456088257,0.8344900163545865,0.0,0.8494857249356429,0.0347701584565147,,0.9625894185420468,0.0130017510396369,0.0130017510396369,0.8649810625447846,0.7539400101677681,0.6397756686798964,0.6921820303383898,0.294438898563385,0.0052923669417699,0.0,0.294438898563385,0.8649810625447846,0.0
adult,iid,4,107,5,0,0.9871286723308424,0.0,0.913434247871334,0.0132454842254298,0.8364806255711993,0.0,0.8367890132674813,0.0,,0.9663893896022976,0.0,0.0,0.8659023441498618,0.7587268993839835,0.637618636755824,0.692920768870136,0.2926334738731384,0.0002272685368855,0.0,0.2926334738731384,0.8659023441498618,0.0
adult,iid,4,107,5,1,0.9871286723308424,0.0,0.913434247871334,0.0,0.8364806255711993,0.0,0.8367890132674813,0.0,,0.9663893896022976,0.0,0.0,0.8659023441498618,0.7587268993839835,0.637618636755824,0.692920768870136,0.2926334738731384,-0.0044011086225509,0.0,0.2926334738731384,0.8659023441498618,0.0
adult,iid,4,107,5,2,0.9871286723308424,0.0,0.913434247871334,0.0,0.8364806255711993,0.0,0.8367890132674813,0.0,,0.9663893896022976,0.0,0.0,0.8659023441498618,0.7587268993839835,0.637618636755824,0.692920768870136,0.2926334738731384,-0.0032620072364807,0.0,0.2926334738731384,0.8659023441498618,0.0
adult,iid,4,107,5,3,0.9871286723308424,0.0,0.913434247871334,0.0140266522291647,0.8364806255711993,0.0215443085387147,0.8367890132674813,0.0243716680838837,,0.9663893896022976,0.0128794417095751,0.0128794417095751,0.8659023441498618,0.7587268993839835,0.637618636755824,0.692920768870136,0.2926334738731384,0.0056304226318995,0.0,0.2926334738731384,0.8659023441498618,0.0
adult,iid,4,107,6,0,0.98755143822295,0.0,0.9154364001417268,0.0088061233134047,0.840625748750976,0.0,0.8702431012591876,0.0099151805301556,,0.9618328430980368,0.0,0.0,0.8655952502815027,0.759958613554061,0.6337359792924935,0.691131498470948,0.2910890877246856,-0.0014844914277394,0.0,0.2910890877246856,0.8655952502815027,0.0
adult,iid,4,107,6,1,0.98755143822295,0.0,0.9154364001417268,0.0,0.840625748750976,0.0,0.8702431012591876,0.0,,0.9618328430980368,-0.0076498520283339,0.0076498520283339,0.8655952502815027,0.759958613554061,0.6337359792924935,0.691131498470948,0.2910890877246856,-0.0037012507518132,0.0,0.2910890877246856,0.8655952502815027,0.0
adult,iid,4,107,6,2,0.98755143822295,0.0,0.9154364001417268,0.0,0.840625748750976,0.0,0.8702431012591876,0.0,,0.9618328430980368,0.0,0.0,0.8655952502815027,0.759958613554061,0.6337359792924935,0.691131498470948,0.2910890877246856,-0.002237112323443,0.0,0.2910890877246856,0.8655952502815027,0.0
adult,iid,4,107,6,3,0.98755143822295,0.0,0.9154364001417268,0.0119938456066896,0.840625748750976,0.0300839724957352,0.8702431012591876,0.0,,0.9618328430980368,0.0084582341317816,0.0084582341317816,0.8655952502815027,0.759958613554061,0.6337359792924935,0.691131498470948,0.2910890877246856,0.005878468354543,0.0,0.2910890877246856,0.8655952502815027,0.0
adult,iid,4,107,7,0,0.9873630873170232,0.0,0.9215130023640662,0.0117524875997903,0.837713854139603,0.0,0.8433120944914907,0.0,,0.9643954458420984,0.0,0.0,0.8660047087726481,0.7580562659846547,0.639344262295082,0.693657851626492,0.2901650071144104,0.0,0.0,0.2901650071144104,0.8660047087726481,0.0
adult,iid,4,107,7,1,0.9873630873170232,0.0,0.9215130023640662,0.0,0.837713854139603,0.0,0.8433120944914907,0.0,,0.9643954458420984,0.0,0.0,0.8660047087726481,0.7580562659846547,0.639344262295082,0.693657851626492,0.2901650071144104,0.0,0.0,0.2901650071144104,0.8660047087726481,0.0
adult,iid,4,107,7,2,0.9873630873170232,0.0,0.9215130023640662,0.0,0.837713854139603,0.0,0.8433120944914907,0.0367315480281269,,0.9643954458420984,0.0,0.0,0.8660047087726481,0.7580562659846547,0.639344262295082,0.693657851626492,0.2901650071144104,0.0,0.0,0.2901650071144104,0.8660047087726481,0.0
adult,iid,4,107,7,3,0.9873630873170232,0.0,0.9215130023640662,0.0090475014903919,0.837713854139603,0.0250541335838952,0.8433120944914907,0.0,,0.9643954458420984,0.0089564135125136,0.0089564135125136,0.8660047087726481,0.7580562659846547,0.639344262295082,0.693657851626492,0.2901650071144104,0.0,0.0,0.2901650071144104,0.8660047087726481,0.0
adult,iid,4,107,8,0,0.9876763230627496,0.0,0.9230133427795488,0.0084598066362781,0.8361805821371497,0.0,0.8620484804715258,0.016340415535805,,0.9607944423168724,0.0,0.0,0.8670283550005118,0.7592875318066158,0.6436583261432269,0.6967079150128415,0.2893165051937103,0.0,0.0,0.2893165051937103,0.8670283550005118,0.0
adult,iid,4,107,8,1,0.9876763230627496,0.0,0.9230133427795488,0.0,0.8361805821371497,0.0,0.8620484804715258,0.0,,0.9607944423168724,0.0,0.0,0.8670283550005118,0.7592875318066158,0.6436583261432269,0.6967079150128415,0.2893165051937103,0.0,0.0018255024396901,0.2893165051937103,0.8670283550005118,0.0018255024396901
adult,iid,4,107,8,2,0.9876763230627496,0.0,0.9230133427795488,0.0,0.8361805821371497,0.0,0.8620484804715258,0.0,,0.9607944423168724,0.0,0.0,0.8670283550005118,0.7592875318066158,0.6436583261432269,0.6967079150128415,0.2893165051937103,0.0,-0.0002354386324086,0.2893165051937103,0.8670283550005118,-0.0002354386324086
adult,iid,4,107,8,3,0.9876763230627496,0.0,0.9230133427795488,0.0093314211315808,0.8361805821371497,0.0193519955879039,0.8620484804715258,0.0,,0.9607944423168724,0.0111067035231984,0.0111067035231984,0.8670283550005118,0.7592875318066158,0.6436583261432269,0.6967079150128415,0.2893165051937103,0.0,-0.001320503633944,0.2893165051937103,0.8670283550005118,-0.001320503633944
adult,iid,4,107,9,0,0.9872412734159076,0.0,0.9201511930073234,0.0072615121258473,0.8447735163173291,0.0174553470928952,0.8466726461577885,0.0205467351590195,,0.9514570279204,0.0,0.0,0.8683590950967346,0.7681912681912682,0.637618636755824,0.6968411126826969,0.289314717054367,0.0,-0.0003685126420309,0.289314717054367,0.8683590950967346,-0.0003685126420309
adult,iid,4,107,9,1,0.9872412734159076,0.0,0.9201511930073234,0.0,0.8447735163173291,0.0,0.8466726461577885,0.0,,0.9514570279204,0.0016351978028001,0.0016351978028001,0.8683590950967346,0.7681912681912682,0.637618636755824,0.6968411126826969,0.289314717054367,0.0,0.0028389122052752,0.289314717054367,0.8683590950967346,0.0028389122052752
adult,iid,4,107,9,2,0.9872412734159076,0.0,0.9201511930073234,0.0,0.8447735163173291,0.0,0.8466726461577885,0.0,,0.9514570279204,0.0,0.0,0.8683590950967346,0.7681912681912682,0.637618636755824,0.6968411126826969,0.289314717054367,0.0,-0.0001808441669225,0.289314717054367,0.8683590950967346,-0.0001808441669225
adult,iid,4,107,9,3,0.9872412734159076,0.0,0.9201511930073234,0.0080563846109331,0.8447735163173291,0.0236459489367063,0.8466726461577885,0.0,,0.9514570279204,0.0027621916919172,0.0027621916919172,0.8683590950967346,0.7681912681912682,0.637618636755824,0.6968411126826969,0.289314717054367,0.0,-0.0009588153000989,0.289314717054367,0.8683590950967346,-0.0009588153000989
adult,iid,4,107,10,0,0.9876015968881154,0.0,0.9193015573383672,0.0,0.8377164985261795,0.0,0.8162704283101725,0.0,,0.9513715754402008,0.0,0.0,0.8684614597195209,0.7633860275369709,0.6458153580672994,0.6996961906987614,0.2884300053119659,0.0,0.0,0.2884300053119659,0.8684614597195209,0.0
adult,iid,4,107,10,1,0.9876015968881154,0.0,0.9193015573383672,0.0,0.8377164985261795,0.0,0.8162704283101725,0.0,,0.9513715754402008,0.0,0.0,0.8684614597195209,0.7633860275369709,0.6458153580672994,0.6996961906987614,0.2884300053119659,0.0,0.0,0.2884300053119659,0.8684614597195209,0.0
adult,iid,4,107,10,2,0.9876015968881154,0.0,0.9193015573383672,0.0,0.8377164985261795,0.0,0.8162704283101725,0.0,,0.9513715754402008,0.0,0.0,0.8684614597195209,0.7633860275369709,0.6458153580672994,0.6996961906987614,0.2884300053119659,0.0,0.0,0.2884300053119659,0.8684614597195209,0.0
adult,iid,4,107,10,3,0.9876015968881154,0.0,0.9193015573383672,0.0,0.8377164985261795,0.0190216361506029,0.8162704283101725,0.0306872143725223,,0.9513715754402008,0.0,0.0,0.8684614597195209,0.7633860275369709,0.6458153580672994,0.6996961906987614,0.2884300053119659,0.0,0.0,0.2884300053119659,0.8684614597195209,0.0
adult,iid,20,123,1,0,0.984196949534241,0.0,0.8447010706122939,0.0,0.8320981227747394,0.0,0.8404116530186723,-0.0007439498065064,,0.9001955352363431,0.0,0.0,0.8508547446002661,0.7643916913946588,0.5485519591141397,0.638730473592859,0.3274483978748321,-0.028736364189072,0.0,0.3274483978748321,0.8508547446002661,0.0
adult,iid,20,123,1,1,0.984196949534241,0.0,0.8447010706122939,0.0,0.8320981227747394,0.0,0.8404116530186723,0.0,,0.9001955352363431,0.0,0.0,0.8508547446002661,0.7643916913946588,0.5485519591141397,0.638730473592859,0.3274483978748321,-0.0267902369522929,0.0,0.3274483978748321,0.8508547446002661,0.0
adult,iid,20,123,1,2,0.984196949534241,0.0,0.8447010706122939,0.0,0.8320981227747394,0.0,0.8404116530186723,-0.0053982334634814,,0.9001955352363431,0.0,0.0,0.8508547446002661,0.7643916913946588,0.5485519591141397,0.638730473592859,0.3274483978748321,0.0,0.0,0.3274483978748321,0.8508547446002661,0.0
adult,iid,20,123,1,3,0.984196949534241,0.0,0.8447010706122939,0.0,0.8320981227747394,0.0,0.8404116530186723,0.0,,0.9001955352363431,0.0,0.0,0.8508547446002661,0.7643916913946588,0.5485519591141397,0.638730473592859,0.3274483978748321,0.0,0.0,0.3274483978748321,0.8508547446002661,0.0
adult,iid,20,123,1,4,0.984196949534241,0.0,0.8447010706122939,0.0,0.8320981227747394,0.0,0.8404116530186723,0.0,,0.9001955352363431,0.0,0.0,0.8508547446002661,0.7643916913946588,0.5485519591141397,0.638730473592859,0.3274483978748321,0.0,0.0190729228257321,0.3274483978748321,0.8508547446002661,0.0190729228257321
adult,iid,20,123,1,5,0.984196949534241,0.0,0.8447010706122939,0.0,0.8320981227747394,0.0,0.8404116530186723,0.0,,0.9001955352363431,0.0,0.0,0.8508547446002661,0.7643916913946588,0.5485519591141397,0.638730473592859,0.3274483978748321,0.0,0.0,0.3274483978748321,0.8508547446002661,0.0
adult,iid,20,123,1,6,0.984196949534241,0.0,0.8447010706122939,0.0,0.8320981227747394,0.0,0.8404116530186723,0.0,,0.9001955352363431,0.0,0.0,0.8508547446002661,0.7643916913946588,0.5485519591141397,0.638730473592859,0.3274483978748321,0.0,0.0,0.3274483978748321,0.8508547446002661,0.0
adult,iid,20,123,1,7,0.984196949534241,0.0,0.8447010706122939,0.0,0.8320981227747394,0.0,0.8404116530186723,0.0,,0.9001955352363431,0.0,0.0,0.8508547446002661,0.7643916913946588,0.5485519591141397,0.638730473592859,0.3274483978748321,0.0,0.0191691761277551,0.3274483978748321,0.8508547446002661,0.0191691761277551
adult,iid,20,123,1,8,0.984196949534241,0.0,0.8447010706122939,0.0,0.8320981227747394,0.0,0.8404116530186723,0.0,,0.9001955352363431,0.0,0.0,0.8508547446002661,0.7643916913946588,0.5485519591141397,0.638730473592859,0.3274483978748321,0.0,0.0,0.3274483978748321,0.8508547446002661,0.0
adult,iid,20,123,1,9,0.984196949534241,0.0,0.8447010706122939,0.0,0.8320981227747394,0.0,0.8404116530186723,0.0,,0.9001955352363431,0.0,0.0,0.8508547446002661,0.7643916913946588,0.5485519591141397,0.638730473592859,0.3274483978748321,-0.0268514804282591,0.0198740151224632,0.3274483978748321,0.8508547446002661,0.0198740151224632
adult,iid,20,123,1,10,0.984196949534241,0.0,0.8447010706122939,0.0,0.8320981227747394,0.0,0.8404116530186723,0.0,,0.9001955352363431,0.0,0.0,0.8508547446002661,0.7643916913946588,0.5485519591141397,0.638730473592859,0.3274483978748321,0.0,0.0,0.3274483978748321,0.8508547446002661,0.0
adult,iid,20,123,1,11,0.984196949534241,0.0,0.8447010706122939,0.0358828212267672,0.8320981227747394,0.0,0.8404116530186723,0.0,,0.9001955352363431,0.0,0.0,0.8508547446002661,0.7643916913946588,0.5485519591141397,0.638730473592859,0.3274483978748321,0.0,0.0,0.3274483978748321,0.8508547446002661,0.0
adult,iid,20,123,1,12,0.984196949534241,0.0,0.8447010706122939,0.0,0.8320981227747394,0.0,0.8404116530186723,0.0,,0.9001955352363431,0.0,0.0,0.8508547446002661,0.7643916913946588,0.5485519591141397,0.638730473592859,0.3274483978748321,0.0,0.0,0.3274483978748321,0.8508547446002661,0.0
adult,iid,20,123,1,13,0.984196949534241,0.0,0.8447010706122939,0.0,0.8320981227747394,0.0,0.8404116530186723,0.0,,0.9001955352363431,0.0,0.0,0.8508547446002661,0.7643916913946588,0.5485519591141397,0.638730473592859,0.3274483978748321,0.0,0.0,0.3274483978748321,0.8508547446002661,0.0
adult,iid,20,123,1,14,0.984196949534241,0.0,0.8447010706122939,0.0358256134252882,0.8320981227747394,0.0,0.8404116530186723,0.0,,0.9001955352363431,0.0,0.0,0.8508547446002661,0.7643916913946588,0.5485519591141397,0.638730473592859,0.3274483978748321,0.0,0.0,0.3274483978748321,0.8508547446002661,0.0
adult,iid,20,123,1,15,0.984196949534241,0.0,0.8447010706122939,0.0,0.8320981227747394,0.0,0.8404116530186723,0.0,,0.9001955352363431,0.0,0.0,0.8508547446002661,0.7643916913946588,0.5485519591141397,0.638730473592859,0.3274483978748321,-0.02799176146735,0.0,0.3274483978748321,0.8508547446002661,0.0
adult,iid,20,123,1,16,0.984196949534241,0.0,0.8447010706122939,0.0,0.8320981227747394,0.0,0.8404116530186723,0.0,,0.9001955352363431,0.0,0.0,0.8508547446002661,0.7643916913946588,0.5485519591141397,0.638730473592859,0.3274483978748321,0.0,0.0,0.3274483978748321,0.8508547446002661,0.0
adult,iid,20,123,1,17,0.984196949534241,0.0,0.8447010706122939,0.0,0.8320981227747394,0.0,0.8404116530186723,0.0,,0.9001955352363431,0.0,0.0,0.8508547446002661,0.7643916913946588,0.5485519591141397,0.638730473592859,0.3274483978748321,0.0,0.0,0.3274483978748321,0.8508547446002661,0.0
adult,iid,20,123,1,18,0.984196949534241,0.0015830445188618,0.8447010706122939,0.0,0.8320981227747394,0.0038217401504826,0.8404116530186723,-0.0034108977091684,,0.9001955352363431,0.0156081634603976,0.0156081634603976,0.8508547446002661,0.7643916913946588,0.5485519591141397,0.638730473592859,0.3274483978748321,-0.0257846656723402,0.0,0.3274483978748321,0.8508547446002661,0.0
adult,iid,20,123,1,19,0.984196949534241,0.0,0.8447010706122939,0.0,0.8320981227747394,0.0,0.8404116530186723,0.0,,0.9001955352363431,0.0,0.0,0.8508547446002661,0.7643916913946588,0.5485519591141397,0.638730473592859,0.3274483978748321,-0.027057249451158,0.0,0.3274483978748321,0.8508547446002661,0.0
adult,iid,20,123,2,0,0.9840178114443648,0.0,0.8751793400286945,0.0,0.8223018485492457,0.0,0.8597712262227863,0.0,,0.914364976263934,0.0,0.0,0.8561777049851571,0.7503983005841742,0.6017887563884157,0.6679272039706925,0.3131541609764099,0.0,0.0,0.3131541609764099,0.8561777049851571,0.0
adult,iid,20,123,2,1,0.9840178114443648,0.0,0.8751793400286945,0.0,0.8223018485492457,0.0,0.8597712262227863,0.0,,0.914364976263934,0.0,0.0,0.8561777049851571,0.7503983005841742,0.6017887563884157,0.6679272039706925,0.3131541609764099,-0.0013730999649755,0.0,0.3131541609764099,0.8561777049851571,0.0
adult,iid,20,123,2,2,0.9840178114443648,0.0,0.8751793400286945,0.0,0.8223018485492457,0.0028204272255588,0.8597712262227863,0.0,,0.914364976263934,0.0,0.0,0.8561777049851571,0.7503983005841742,0.6017887563884157,0.6679272039706925,0.3131541609764099,0.0,0.0006809364445204,0.3131541609764099,0.8561777049851571,0.0006809364445204
adult,iid,20,123,2,3,0.9840178114443648,0.0,0.8751793400286945,0.0,0.8223018485492457,0.0,0.8597712262227863,0.0,,0.914364976263934,0.0,0.0,0.8561777049851571,0.7503983005841742,0.6017887563884157,0.6679272039706925,0.3131541609764099,0.0,0.0004361081617978,0.3131541609764099,0.8561777049851571,0.0004361081617978
adult,iid,20,123,2,4,0.9840178114443648,0.0,0.8751793400286945,0.0,0.8223018485492457,0.0,0.8597712262227863,0.0,,0.914364976263934,0.0,0.0,0.8561777049851571,0.7503983005841742,0.6017887563884157,0.6679272039706925,0.3131541609764099,0.0,0.0,0.3131541609764099,0.8561777049851571,0.0
adult,iid,20,123,2,5,0.9840178114443648,0.0,0.8751793400286945,0.0,0.8223018485492457,0.0,0.8597712262227863,0.0,,0.914364976263934,0.0,0.0,0.8561777049851571,0.7503983005841742,0.6017887563884157,0.6679272039706925,0.3131541609764099,0.0,0.0,0.3131541609764099,0.8561777049851571,0.0
adult,iid,20,123,2,6,0.9840178114443648,0.0,0.8751793400286945,0.0,0.8223018485492457,0.0,0.8597712262227863,0.0,,0.914364976263934,0.0,0.0,0.8561777049851571,0.7503983005841742,0.6017887563884157,0.6679272039706925,0.3131541609764099,0.0,0.0,0.3131541609764099,0.8561777049851571,0.0
adult,iid,20,123,2,7,0.9840178114443648,0.0,0.8751793400286945,0.0,0.8223018485492457,0.0,0.8597712262227863,0.0,,0.914364976263934,0.0,0.0,0.8561777049851571,0.7503983005841742,0.6017887563884157,0.6679272039706925,0.3131541609764099,0.0,0.0,0.3131541609764099,0.8561777049851571,0.0
adult,iid,20,123,2,8,0.9840178114443648,0.0,0.8751793400286945,0.0,0.8223018485492457,0.0,0.8597712262227863,0.0,,0.914364976263934,0.0,0.0,0.8561777049851571,0.7503983005841742,0.6017887563884157,0.6679272039706925,0.3131541609764099,0.0,0.0,0.3131541609764099,0.8561777049851571,0.0
adult,iid,20,123,2,9,0.9840178114443648,0.0,0.8751793400286945,0.0,0.8223018485492457,0.0,0.8597712262227863,0.0,,0.914364976263934,0.0,0.0,0.8561777049851571,0.7503983005841742,0.6017887563884157,0.6679272039706925,0.3131541609764099,0.0,0.0,0.3131541609764099,0.8561777049851571,0.0
adult,iid,20,123,2,10,0.9840178114443648,0.0,0.8751793400286945,0.0,0.8223018485492457,0.0,0.8597712262227863,0.0,,0.914364976263934,0.0,0.0,0.8561777049851571,0.7503983005841742,0.6017887563884157,0.6679272039706925,0.3131541609764099,0.0,0.0,0.3131541609764099,0.8561777049851571,0.0
adult,iid,20,123,2,11,0.9840178114443648,0.0,0.8751793400286945,0.0118610710865065,0.8223018485492457,0.009269474812591,0.8597712262227863,0.0,,0.914364976263934,0.0,0.0,0.8561777049851571,0.7503983005841742,0.6017887563884157,0.6679272039706925,0.3131541609764099,0.0,0.0,0.3131541609764099,0.8561777049851571,0.0
adult,iid,20,123,2,12,0.9840178114443648,0.0,0.8751793400286945,0.0,0.8223018485492457,0.0,0.8597712262227863,0.0,,0.914364976263934,0.0,0.0,0.8561777049851571,0.7503983005841742,0.6017887563884157,0.6679272039706925,0.3131541609764099,0.0,0.0,0.3131541609764099,0.8561777049851571,0.0
adult,iid,20,123,2,13,0.9840178114443648,0.0,0.8751793400286945,0.0,0.8223018485492457,0.0,0.8597712262227863,0.0,,0.914364976263934,0.0,0.0,0.8561777049851571,0.7503983005841742,0.6017887563884157,0.6679272039706925,0.3131541609764099,-0.0017824078237773,0.0,0.3131541609764099,0.8561777049851571,0.0
adult,iid,20,123,2,14,0.9840178114443648,0.0,0.8751793400286945,0.0,0.8223018485492457,0.0,0.8597712262227863,0.0,,0.914364976263934,0.0,0.0,0.8561777049851571,0.7503983005841742,0.6017887563884157,0.6679272039706925,0.3131541609764099,0.0,0.0,0.3131541609764099,0.8561777049851571,0.0
adult,iid,20,123,2,15,0.9840178114443648,0.0,0.8751793400286945,0.0,0.8223018485492457,0.0,0.8597712262227863,0.0072127434524813,,0.914364976263934,0.0,0.0,0.8561777049851571,0.7503983005841742,0.6017887563884157,0.6679272039706925,0.3131541609764099,0.0,0.0,0.3131541609764099,0.8561777049851571,0.0
adult,iid,20,123,2,16,0.9840178114443648,0.0,0.8751793400286945,0.0,0.8223018485492457,0.0,0.8597712262227863,0.0,,0.914364976263934,0.0,0.0,0.8561777049851571,0.7503983005841742,0.6017887563884157,0.6679272039706925,0.3131541609764099,-0.001163325365016,0.000583553068585,0.3131541609764099,0.8561777049851571,0.000583553068585
adult,iid,20,123,2,17,0.9840178114443648,0.0,0.8751793400286945,0.0,0.8223018485492457,0.0,0.8597712262227863,0.0,,0.914364976263934,0.0,0.0,0.8561777049851571,0.7503983005841742,0.6017887563884157,0.6679272039706925,0.3131541609764099,0.0,0.0,0.3131541609764099,0.8561777049851571,0.0
adult,iid,20,123,2,18,0.9840178114443648,0.0,0.8751793400286945,0.0087387854041498,0.8223018485492457,0.0,0.8597712262227863,0.0,,0.914364976263934,0.0129789937675694,0.0129789937675694,0.8561777049851571,0.7503983005841742,0.6017887563884157,0.6679272039706925,0.3131541609764099,0.0,0.0,0.3131541609764099,0.8561777049851571,0.0
adult,iid,20,123,2,19,0.9840178114443648,0.0,0.8751793400286945,0.0,0.8223018485492457,0.0,0.8597712262227863,0.0,,0.914364976263934,0.0,0.0,0.8561777049851571,0.7503983005841742,0.6017887563884157,0.6679272039706925,0.3131541609764099,0.0,0.0,0.3131541609764099,0.8561777049851571,0.0
adult,iid,20,123,3,0,0.9836400859862832,0.0,0.8931343283582089,0.0,0.8251953224226491,0.0,0.8284837330661976,0.0,,0.9215756061131416,0.0,0.0,0.8573037158358071,0.7502623294858342,0.6090289608177172,0.6723084156088387,0.3082483112812042,0.0,0.0,0.3082483112812042,0.8573037158358071,0.0
adult,iid,20,123,3,1,0.9836400859862832,0.0,0.8931343283582089,0.0,0.8251953224226491,0.0,0.8284837330661976,0.0,,0.9215756061131416,0.0,0.0,0.8573037158358071,0.7502623294858342,0.6090289608177172,0.6723084156088387,0.3082483112812042,-0.0003339756575841,0.0,0.3082483112812042,0.8573037158358071,0.0
adult,iid,20,123,3,2,0.9836400859862832,0.0,0.8931343283582089,0.0,0.8251953224226491,0.0061028207924037,0.8284837330661976,0.0,,0.9215756061131416,0.0,0.0,0.8573037158358071,0.7502623294858342,0.6090289608177172,0.6723084156088387,0.3082483112812042,0.0,6.848003700291643e-05,0.3082483112812042,0.8573037158358071,6.848003700291643e-05
adult,iid,20,123,3,3,0.9836400859862832,0.0,0.8931343283582089,0.0,0.8251953224226491,0.0,0.8284837330661976,0.0064512970258708,,0.9215756061131416,0.0,0.0,0.8573037158358071,0.7502623294858342,0.6090289608177172,0.6723084156088387,0.3082483112812042,-0.0004001721503242,0.0,0.3082483112812042,0.8573037158358071,0.0
adult,iid,20,123,3,4,0.9836400859862832,0.0,0.8931343283582089,0.0,0.8251953224226491,0.0,0.8284837330661976,0.0,,0.9215756061131416,0.0,0.0,0.8573037158358071,0.7502623294858342,0.6090289608177172,0.6723084156088387,0.3082483112812042,-0.0005444150122385,0.0,0.3082483112812042,0.8573037158358071,0.0
adult,iid,20,123,3,5,0.9836400859862832,0.0,0.8931343283582089,0.0,0.8251953224226491,0.0,0.8284837330661976,0.0,,0.9215756061131416,0.0,0.0,0.8573037158358071,0.7502623294858342,0.6090289608177172,0.6723084156088387,0.3082483112812042,0.0,0.0003797206204054,0.3082483112812042,0.8573037158358071,0.0003797206204054
adult,iid,20,123,3,6,0.9836400859862832,0.0,0.8931343283582089,0.0,0.8251953224226491,0.0,0.8284837330661976,0.0,,0.9215756061131416,0.0,0.0,0.8573037158358071,0.7502623294858342,0.6090289608177172,0.6723084156088387,0.3082483112812042,0.0,0.0,0.3082483112812042,0.8573037158358071,0.0
adult,iid,20,123,3,7,0.9836400859862832,0.0,0.8931343283582089,0.0,0.8251953224226491,0.0,0.8284837330661976,0.0,,0.9215756061131416,0.0,0.0,0.8573037158358071,0.7502623294858342,0.6090289608177172,0.6723084156088387,0.3082483112812042,0.0,1.1136891830925662e-05,0.3082483112812042,0.8573037158358071,1.1136891830925662e-05
adult,iid,20,123,3,8,0.9836400859862832,0.0,0.8931343283582089,0.0,0.8251953224226491,0.0,0.8284837330661976,0.0,,0.9215756061131416,0.0,0.0,0.8573037158358071,0.7502623294858342,0.6090289608177172,0.6723084156088387,0.3082483112812042,0.0,0.0,0.3082483112812042,0.8573037158358071,0.0
adult,iid,20,123,3,9,0.9836400859862832,0.0,0.8931343283582089,0.0,0.8251953224226491,0.0,0.8284837330661976,0.0,,0.9215756061131416,0.0,0.0,0.8573037158358071,0.7502623294858342,0.6090289608177172,0.6723084156088387,0.3082483112812042,0.0,0.0,0.3082483112812042,0.8573037158358071,0.0
adult,iid,20,123,3,10,0.9836400859862832,0.0,0.8931343283582089,0.0065586637872877,0.8251953224226491,0.0,0.8284837330661976,0.0,,0.9215756061131416,0.0,0.0,0.8573037158358071,0.7502623294858342,0.6090289608177172,0.6723084156088387,0.3082483112812042,-0.0002731477930432,0.0,0.3082483112812042,0.8573037158358071,0.0
adult,iid,20,123,3,11,0.9836400859862832,0.0,0.8931343283582089,0.008429282295096,0.8251953224226491,0.0,0.8284837330661976,0.0,,0.9215756061131416,0.0,0.0,0.8573037158358071,0.7502623294858342,0.6090289608177172,0.6723084156088387,0.3082483112812042,0.0,0.0,0.3082483112812042,0.8573037158358071,0.0
adult,iid,20,123,3,12,0.9836400859862832,0.0,0.8931343283582089,0.0,0.8251953224226491,0.0,0.8284837330661976,0.0,,0.9215756061131416,0.0,0.0,0.8573037158358071,0.7502623294858342,0.6090289608177172,0.6723084156088387,0.3082483112812042,0.0,0.0,0.3082483112812042,0.8573037158358071,0.0
adult,iid,20,123,3,13,0.9836400859862832,0.0,0.8931343283582089,0.0,0.8251953224226491,0.0,0.8284837330661976,0.0,,0.9215756061131416,0.0,0.0,0.8573037158358071,0.7502623294858342,0.6090289608177172,0.6723084156088387,0.3082483112812042,-0.0009879459937413,-2.5828110841924232e-05,0.3082483112812042,0.8573037158358071,-2.5828110841924232e-05
adult,iid,20,123,3,14,0.9836400859862832,0.0,0.8931343283582089,0.0,0.8251953224226491,0.0,0.8284837330661976,0.0,,0.9215756061131416,0.0,0.0,0.8573037158358071,0.7502623294858342,0.6090289608177172,0.6723084156088387,0.3082483112812042,0.0,0.0,0.3082483112812042,0.8573037158358071,0.0
adult,iid,20,123,3,15,0.9836400859862832,0.0,0.8931343283582089,0.0,0.8251953224226491,0.0,0.8284837330661976,0.0,,0.9215756061131416,0.0,0.0,0.8573037158358071,0.7502623294858342,0.6090289608177172,0.6723084156088387,0.3082483112812042,0.0,-0.0005762749134639,0.3082483112812042,0.8573037158358071,-0.0005762749134639
adult,iid,20,123,3,16,0.9836400859862832,0.0,0.8931343283582089,0.0,0.8251953224226491,0.0,0.8284837330661976,0.0,,0.9215756061131416,0.0,0.0,0.8573037158358071,0.7502623294858342,0.6090289608177172,0.6723084156088387,0.3082483112812042,-0.0008880582593736,0.0002607691374453,0.3082483112812042,0.8573037158358071,0.0002607691374453
adult,iid,20,123,3,17,0.9836400859862832,0.0,0.8931343283582089,0.0,0.8251953224226491,0.0,0.8284837330661976,0.0068707957985472,,0.9215756061131416,0.0,0.0,0.8573037158358071,0.7502623294858342,0.6090289608177172,0.6723084156088387,0.3082483112812042,0.0,0.0,0.3082483112812042,0.8573037158358071,0.0
adult,iid,20,123,3,18,0.9836400859862832,0.0,0.8931343283582089,0.0,0.8251953224226491,0.0,0.8284837330661976,0.0,,0.9215756061131416,0.011985485672511,0.011985485672511,0.8573037158358071,0.7502623294858342,0.6090289608177172,0.6723084156088387,0.3082483112812042,0.0,0.0,0.3082483112812042,0.8573037158358071,0.0
adult,iid,20,123,3,19,0.9836400859862832,0.0,0.8931343283582089,0.0,0.8251953224226491,0.0,0.8284837330661976,0.0,,0.9215756061131416,0.0,0.0,0.8573037158358071,0.7502623294858342,0.6090289608177172,0.6723084156088387,0.3082483112812042,0.0,0.0,0.3082483112812042,0.8573037158358071,0.0
adult,iid,20,123,4,0,0.983942061623503,0.0,0.8963051251489869,0.0,0.8216397506014625,0.0,0.792909643676688,0.0,,0.9202046028661708,0.0,0.0,0.8585320913092436,0.7476923076923077,0.620954003407155,0.6784550953932061,0.3053171336650848,0.0,0.0,0.3053171336650848,0.8585320913092436,0.0
adult,iid,20,123,4,1,0.983942061623503,0.0,0.8963051251489869,0.0,0.8216397506014625,0.0,0.792909643676688,0.0,,0.9202046028661708,0.0,0.0,0.8585320913092436,0.7476923076923077,0.620954003407155,0.6784550953932061,0.3053171336650848,0.0,0.0,0.3053171336650848,0.8585320913092436,0.0
adult,iid,20,123,4,2,0.983942061623503,0.0,0.8963051251489869,0.0035886282179747,0.8216397506014625,0.0056431192384666,0.792909643676688,0.0,,0.9202046028661708,0.0,0.0,0.8585320913092436,0.7476923076923077,0.620954003407155,0.6784550953932061,0.3053171336650848,0.0,0.0,0.3053171336650848,0.8585320913092436,0.0
adult,iid,20,123,4,3,0.983942061623503,0.0,0.8963051251489869,0.0,0.8216397506014625,0.0,0.792909643676688,0.0,,0.9202046028661708,0.0,0.0,0.8585320913092436,0.7476923076923077,0.620954003407155,0.6784550953932061,0.3053171336650848,0.0,2.994878282759305e-05,0.3053171336650848,0.8585320913092436,2.994878282759305e-05
adult,iid,20,123,4,4,0.983942061623503,0.0,0.8963051251489869,0.0,0.8216397506014625,0.0,0.792909643676688,0.0,,0.9202046028661708,0.0,0.0,0.8585320913092436,0.7476923076923077,0.620954003407155,0.6784550953932061,0.3053171336650848,0.0,0.0,0.3053171336650848,0.8585320913092436,0.0
adult,iid,20,123,4,5,0.983942061623503,0.0,0.8963051251489869,0.0,0.8216397506014625,0.0,0.792909643676688,0.0,,0.9202046028661708,0.0,0.0,0.8585320913092436,0.7476923076923077,0.620954003407155,0.6784550953932061,0.3053171336650848,-0.0010390225892123,0.0,0.3053171336650848,0.8585320913092436,0.0
adult,iid,20,123,4,6,0.983942061623503,0.0,0.8963051251489869,0.0,0.8216397506014625,0.0,0.792909643676688,0.0,,0.9202046028661708,0.0,0.0,0.8585320913092436,0.7476923076923077,0.620954003407155,0.6784550953932061,0.3053171336650848,-0.000362381967284,0.0,0.3053171336650848,0.8585320913092436,0.0
adult,iid,20,123,4,7,0.983942061623503,0.0,0.8963051251489869,0.0,0.8216397506014625,0.0,0.792909643676688,0.0,,0.9202046028661708,0.0,0.0,0.8585320913092436,0.7476923076923077,0.620954003407155,0.6784550953932061,0.3053171336650848,0.0,0.0,0.3053171336650848,0.8585320913092436,0.0
adult,iid,20,123,4,8,0.983942061623503,0.0,0.8963051251489869,0.0,0.8216397506014625,0.0,0.792909643676688,0.0,,0.9202046028661708,0.0,0.0,0.8585320913092436,0.7476923076923077,0.620954003407155,0.6784550953932061,0.3053171336650848,0.0,0.0,0.3053171336650848,0.8585320913092436,0.0
adult,iid,20,123,4,9,0.983942061623503,0.0,0.8963051251489869,0.0,0.8216397506014625,0.0,0.792909643676688,0.0070865870900574,,0.9202046028661708,0.0,0.0,0.8585320913092436,0.7476923076923077,0.620954003407155,0.6784550953932061,0.3053171336650848,0.0,0.0,0.3053171336650848,0.8585320913092436,0.0
adult,iid,20,123,4,10,0.983942061623503,0.0,0.8963051251489869,0.0,0.8216397506014625,0.0,0.792909643676688,0.0,,0.9202046028661708,0.0,0.0,0.8585320913092436,0.7476923076923077,0.620954003407155,0.6784550953932061,0.3053171336650848,0.0,1.331057014559718e-05,0.3053171336650848,0.8585320913092436,1.331057014559718e-05
adult,iid,20,123,4,11,0.983942061623503,0.0,0.8963051251489869,0.0069249844106988,0.8216397506014625,0.0,0.792909643676688,0.0,,0.9202046028661708,0.0,0.0,0.8585320913092436,0.7476923076923077,0.620954003407155,0.6784550953932061,0.3053171336650848,0.0,0.0,0.3053171336650848,0.8585320913092436,0.0
adult,iid,20,123,4,12,0.983942061623503,0.0,0.8963051251489869,0.0,0.8216397506014625,0.0,0.792909643676688,0.0,,0.9202046028661708,0.0,0.0,0.8585320913092436,0.7476923076923077,0.620954003407155,0.6784550953932061,0.3053171336650848,0.0,0.0002771450855315,0.3053171336650848,0.8585320913092436,0.0002771450855315
adult,iid,20,123,4,13,0.983942061623503,0.0,0.8963051251489869,0.0,0.8216397506014625,0.0,0.792909643676688,0.0,,0.9202046028661708,0.0,0.0,0.8585320913092436,0.7476923076923077,0.620954003407155,0.6784550953932061,0.3053171336650848,-0.00074580844498,0.0,0.3053171336650848,0.8585320913092436,0.0
adult,iid,20,123,4,14,0.983942061623503,0.0,0.8963051251489869,0.0,0.8216397506014625,0.0,0.792909643676688,0.0,,0.9202046028661708,0.0,0.0,0.8585320913092436,0.7476923076923077,0.620954003407155,0.6784550953932061,0.3053171336650848,0.0,0.0,0.3053171336650848,0.8585320913092436,0.0
adult,iid,20,123,4,15,0.983942061623503,0.0,0.8963051251489869,0.0,0.8216397506014625,0.0,0.792909643676688,0.0,,0.9202046028661708,0.0,0.0,0.8585320913092436,0.7476923076923077,0.620954003407155,0.6784550953932061,0.3053171336650848,0.0,0.0,0.3053171336650848,0.8585320913092436,0.0
adult,iid,20,123,4,16,0.983942061623503,0.0,0.8963051251489869,0.0,0.8216397506014625,0.0,0.792909643676688,0.0,,0.9202046028661708,0.0,0.0,0.8585320913092436,0.7476923076923077,0.620954003407155,0.6784550953932061,0.3053171336650848,-0.0004907895199967,0.0,0.3053171336650848,0.8585320913092436,0.0
adult,iid,20,123,4,17,0.983942061623503,0.0,0.8963051251489869,0.0,0.8216397506014625,0.0,0.792909643676688,0.0,,0.9202046028661708,0.0,0.0,0.8585320913092436,0.7476923076923077,0.620954003407155,0.6784550953932061,0.3053171336650848,-0.0005837277859499,0.0,0.3053171336650848,0.8585320913092436,0.0
adult,iid,20,123,4,18,0.983942061623503,0.0,0.8963051251489869,0.0,0.8216397506014625,0.0,0.792909643676688,0.0,,0.9202046028661708,0.0098074205704424,0.0098074205704424,0.8585320913092436,0.7476923076923077,0.620954003407155,0.6784550953932061,0.3053171336650848,0.0,0.0,0.3053171336650848,0.8585320913092436,0.0
adult,iid,20,123,4,19,0.983942061623503,0.0,0.8963051251489869,0.0,0.8216397506014625,0.0,0.792909643676688,0.0,,0.9202046028661708,0.0,0.0,0.8585320913092436,0.7476923076923077,0.620954003407155,0.6784550953932061,0.3053171336650848,-0.0002757629495849,0.0,0.3053171336650848,0.8585320913092436,0.0
adult,iid,20,123,5,0,0.9846862524311598,0.0,0.903049070986184,0.0,0.8213208616502707,0.0,0.8209355962212723,0.0,,0.9221435957465468,0.0,0.0,0.8592486436687481,0.7473309608540926,0.6260647359454855,0.6813441483198146,0.303291916847229,0.0,0.0,0.303291916847229,0.8592486436687481,0.0
adult,iid,20,123,5,1,0.9846862524311598,0.0,0.903049070986184,0.0,0.8213208616502707,0.0,0.8209355962212723,0.0066443498627462,,0.9221435957465468,0.0,0.0,0.8592486436687481,0.7473309608540926,0.6260647359454855,0.6813441483198146,0.303291916847229,0.0,0.0,0.303291916847229,0.8592486436687481,0.0
adult,iid,20,123,5,2,0.9846862524311598,0.0,0.903049070986184,0.0049132820579957,0.8213208616502707,0.0,0.8209355962212723,0.0,,0.9221435957465468,0.0083655901026167,0.0083655901026167,0.8592486436687481,0.7473309608540926,0.6260647359454855,0.6813441483198146,0.303291916847229,0.0,0.0,0.303291916847229,0.8592486436687481,0.0
adult,iid,20,123,5,3,0.9846862524311598,0.0,0.903049070986184,0.0,0.8213208616502707,0.0,0.8209355962212723,0.0,,0.9221435957465468,0.0,0.0,0.8592486436687481,0.7473309608540926,0.6260647359454855,0.6813441483198146,0.303291916847229,-0.0001730320075513,0.0,0.303291916847229,0.8592486436687481,0.0
adult,iid,20,123,5,4,0.9846862524311598,0.0,0.903049070986184,0.0,0.8213208616502707,0.0,0.8209355962212723,0.0,,0.9221435957465468,0.0,0.0,0.8592486436687481,0.7473309608540926,0.6260647359454855,0.6813441483198146,0.303291916847229,0.0,0.0,0.303291916847229,0.8592486436687481,0.0
adult,iid,20,123,5,5,0.9846862524311598,0.0,0.903049070986184,0.0006167095711234,0.8213208616502707,0.0,0.8209355962212723,0.0,,0.9221435957465468,0.0,0.0,0.8592486436687481,0.7473309608540926,0.6260647359454855,0.6813441483198146,0.303291916847229,0.0,0.0,0.303291916847229,0.8592486436687481,0.0
adult,iid,20,123,5,6,0.9846862524311598,0.0,0.903049070986184,0.0,0.8213208616502707,0.0,0.8209355962212723,0.0,,0.9221435957465468,0.0,0.0,0.8592486436687481,0.7473309608540926,0.6260647359454855,0.6813441483198146,0.303291916847229,0.0,0.0,0.303291916847229,0.8592486436687481,0.0
adult,iid,20,123,5,7,0.9846862524311598,0.0,0.903049070986184,0.0,0.8213208616502707,0.0,0.8209355962212723,0.0,,0.9221435957465468,0.0,0.0,0.8592486436687481,0.7473309608540926,0.6260647359454855,0.6813441483198146,0.303291916847229,0.0,0.0,0.303291916847229,0.8592486436687481,0.0
adult,iid,20,123,5,8,0.9846862524311598,0.0,0.903049070986184,0.0,0.8213208616502707,0.0,0.8209355962212723,0.0,,0.9221435957465468,0.0,0.0,0.8592486436687481,0.7473309608540926,0.6260647359454855,0.6813441483198146,0.303291916847229,0.0,0.0,0.303291916847229,0.8592486436687481,0.0
adult,iid,20,123,5,9,0.9846862524311598,0.0,0.903049070986184,0.0036188654269882,0.8213208616502707,0.0,0.8209355962212723,0.0,,0.9221435957465468,0.0,0.0,0.8592486436687481,0.7473309608540926,0.6260647359454855,0.6813441483198146,0.303291916847229,0.0003092069827196,0.0,0.303291916847229,0.8592486436687481,0.0
adult,iid,20,123,5,10,0.9846862524311598,0.0,0.903049070986184,0.0,0.8213208616502707,0.0,0.8209355962212723,0.0,,0.9221435957465468,0.0,0.0,0.8592486436687481,0.7473309608540926,0.6260647359454855,0.6813441483198146,0.303291916847229,0.0,0.0,0.303291916847229,0.8592486436687481,0.0
adult,iid,20,123,5,11,0.9846862524311598,0.0,0.903049070986184,0.0,0.8213208616502707,0.0,0.8209355962212723,0.0,,0.9221435957465468,0.0,0.0,0.8592486436687481,0.7473309608540926,0.6260647359454855,0.6813441483198146,0.303291916847229,0.0,0.0,0.303291916847229,0.8592486436687481,0.0
adult,iid,20,123,5,12,0.9846862524311598,0.0,0.903049070986184,0.0,0.8213208616502707,0.0,0.8209355962212723,0.0,,0.9221435957465468,0.0,0.0,0.8592486436687481,0.7473309608540926,0.6260647359454855,0.6813441483198146,0.303291916847229,2.189141714486968e-05,0.0,0.303291916847229,0.8592486436687481,0.0
adult,iid,20,123,5,13,0.9846862524311598,0.0,0.903049070986184,0.0,0.8213208616502707,0.0,0.8209355962212723,0.0,,0.9221435957465468,0.0,0.0,0.8592486436687481,0.7473309608540926,0.6260647359454855,0.6813441483198146,0.303291916847229,-0.0008536572927795,0.0,0.303291916847229,0.8592486436687481,0.0
adult,iid,20,123,5,14,0.9846862524311598,0.0,0.903049070986184,0.0,0.8213208616502707,0.0,0.8209355962212723,0.0,,0.9221435957465468,0.0,0.0,0.8592486436687481,0.7473309608540926,0.6260647359454855,0.6813441483198146,0.303291916847229,0.0,0.0,0.303291916847229,0.8592486436687481,0.0
adult,iid,20,123,5,15,0.9846862524311598,0.0,0.903049070986184,0.0,0.8213208616502707,0.0,0.8209355962212723,0.0,,0.9221435957465468,0.0,0.0,0.8592486436687481,0.7473309608540926,0.6260647359454855,0.6813441483198146,0.303291916847229,0.0,0.0,0.303291916847229,0.8592486436687481,0.0
adult,iid,20,123,5,16,0.9846862524311598,0.0,0.903049070986184,0.0,0.8213208616502707,0.0,0.8209355962212723,0.0,,0.9221435957465468,0.0,0.0,0.8592486436687481,0.7473309608540926,0.6260647359454855,0.6813441483198146,0.303291916847229,0.0,0.0,0.303291916847229,0.8592486436687481,0.0
adult,iid,20,123,5,17,0.9846862524311598,0.0,0.903049070986184,0.0,0.8213208616502707,0.0,0.8209355962212723,0.0,,0.9221435957465468,0.0,0.0,0.8592486436687481,0.7473309608540926,0.6260647359454855,0.6813441483198146,0.303291916847229,-3.656536248636295e-05,0.0,0.303291916847229,0.8592486436687481,0.0
adult,iid,20,123,5,18,0.9846862524311598,0.0,0.903049070986184,0.0,0.8213208616502707,0.0,0.8209355962212723,0.0,,0.9221435957465468,0.0,0.0,0.8592486436687481,0.7473309608540926,0.6260647359454855,0.6813441483198146,0.303291916847229,0.0,0.0,0.303291916847229,0.8592486436687481,0.0
adult,iid,20,123,5,19,0.9846862524311598,0.0,0.903049070986184,0.0,0.8213208616502707,0.0,0.8209355962212723,0.0,,0.9221435957465468,0.0,0.0,0.8592486436687481,0.7473309608540926,0.6260647359454855,0.6813441483198146,0.303291916847229,-0.0001648323788824,0.0,0.303291916847229,0.8592486436687481,0.0
adult,iid,20,123,6,0,0.9849155491862012,0.0,0.908690999881108,0.0,0.8239374539236277,0.0,0.8303649430977647,0.0,,0.9243101864100932,0.0,0.0,0.8605793837649708,0.7528205128205128,0.6252129471890971,0.6831084225221034,0.3021078109741211,0.0,0.0,0.3021078109741211,0.8605793837649708,0.0
adult,iid,20,123,6,1,0.9849155491862012,0.0,0.908690999881108,0.0,0.8239374539236277,0.0,0.8303649430977647,0.0,,0.9243101864100932,0.0,0.0,0.8605793837649708,0.7528205128205128,0.6252129471890971,0.6831084225221034,0.3021078109741211,0.0,0.0,0.3021078109741211,0.8605793837649708,0.0
adult,iid,20,123,6,2,0.9849155491862012,0.0,0.908690999881108,0.004829577170391,0.8239374539236277,0.0072607767382489,0.8303649430977647,0.0033155237509608,,0.9243101864100932,0.0078207743421284,0.0078207743421284,0.8605793837649708,0.7528205128205128,0.6252129471890971,0.6831084225221034,0.3021078109741211,0.0,-0.0001698098144158,0.3021078109741211,0.8605793837649708,-0.0001698098144158
adult,iid,20,123,6,3,0.9849155491862012,0.0,0.908690999881108,0.0,0.8239374539236277,0.0,0.8303649430977647,0.0,,0.9243101864100932,0.0,0.0,0.8605793837649708,0.7528205128205128,0.6252129471890971,0.6831084225221034,0.3021078109741211,0.0,-9.3634764997159e-05,0.3021078109741211,0.8605793837649708,-9.3634764997159e-05
adult,iid,20,123,6,4,0.9849155491862012,0.0,0.908690999881108,0.0,0.8239374539236277,0.0,0.8303649430977647,0.0,,0.9243101864100932,0.0,0.0,0.8605793837649708,0.7528205128205128,0.6252129471890971,0.6831084225221034,0.3021078109741211,0.0,0.0003468006408842,0.3021078109741211,0.8605793837649708,0.0003468006408842
adult,iid,20,123,6,5,0.9849155491862012,0.0,0.908690999881108,0.0,0.8239374539236277,0.0,0.8303649430977647,0.0,,0.9243101864100932,0.0,0.0,0.8605793837649708,0.7528205128205128,0.6252129471890971,0.6831084225221034,0.3021078109741211,-0.0004862404589996,0.0,0.3021078109741211,0.8605793837649708,0.0
adult,iid,20,123,6,6,0.9849155491862012,0.0,0.908690999881108,0.0,0.8239374539236277,0.0,0.8303649430977647,0.0,,0.9243101864100932,0.0,0.0,0.8605793837649708,0.7528205128205128,0.6252129471890971,0.6831084225221034,0.3021078109741211,-0.0003574982605017,0.0,0.3021078109741211,0.8605793837649708,0.0
adult,iid,20,123,6,7,0.9849155491862012,0.0,0.908690999881108,0.0,0.8239374539236277,0.0,0.8303649430977647,0.0,,0.9243101864100932,0.0,0.0,0.8605793837649708,0.7528205128205128,0.6252129471890971,0.6831084225221034,0.3021078109741211,0.0,0.0,0.3021078109741211,0.8605793837649708,0.0
adult,iid,20,123,6,8,0.9849155491862012,0.0,0.908690999881108,0.0,0.8239374539236277,0.0,0.8303649430977647,0.0,,0.9243101864100932,0.0,0.0,0.8605793837649708,0.7528205128205128,0.6252129471890971,0.6831084225221034,0.3021078109741211,0.0,0.0,0.3021078109741211,0.8605793837649708,0.0
adult,iid,20,123,6,9,0.9849155491862012,0.0,0.908690999881108,0.0,0.8239374539236277,0.0,0.8303649430977647,0.0,,0.9243101864100932,0.0,0.0,0.8605793837649708,0.7528205128205128,0.6252129471890971,0.6831084225221034,0.3021078109741211,0.0,0.0,0.3021078109741211,0.8605793837649708,0.0
adult,iid,20,123,6,10,0.9849155491862012,0.0,0.908690999881108,0.0,0.8239374539236277,0.0,0.8303649430977647,0.0,,0.9243101864100932,0.0,0.0,0.8605793837649708,0.7528205128205128,0.6252129471890971,0.6831084225221034,0.3021078109741211,0.0,0.0,0.3021078109741211,0.8605793837649708,0.0
adult,iid,20,123,6,11,0.9849155491862012,0.0,0.908690999881108,0.0053916656230591,0.8239374539236277,0.0,0.8303649430977647,0.0,,0.9243101864100932,0.0,0.0,0.8605793837649708,0.7528205128205128,0.6252129471890971,0.6831084225221034,0.3021078109741211,0.0,0.0,0.3021078109741211,0.8605793837649708,0.0
adult,iid,20,123,6,12,0.9849155491862012,0.0,0.908690999881108,0.0,0.8239374539236277,0.0,0.8303649430977647,0.0,,0.9243101864100932,0.0,0.0,0.8605793837649708,0.7528205128205128,0.6252129471890971,0.6831084225221034,0.3021078109741211,0.0,0.0,0.3021078109741211,0.8605793837649708,0.0
adult,iid,20,123,6,13,0.9849155491862012,0.0,0.908690999881108,0.0,0.8239374539236277,0.0,0.8303649430977647,0.0,,0.9243101864100932,0.0,0.0,0.8605793837649708,0.7528205128205128,0.6252129471890971,0.6831084225221034,0.3021078109741211,-0.0007637958777578,0.0,0.3021078109741211,0.8605793837649708,0.0
adult,iid,20,123,6,14,0.9849155491862012,0.0,0.908690999881108,0.0,0.8239374539236277,0.0,0.8303649430977647,0.0,,0.9243101864100932,0.0,0.0,0.8605793837649708,0.7528205128205128,0.6252129471890971,0.6831084225221034,0.3021078109741211,0.0,0.0,0.3021078109741211,0.8605793837649708,0.0
adult,iid,20,123,6,15,0.9849155491862012,0.0,0.908690999881108,0.0,0.8239374539236277,0.0,0.8303649430977647,0.0,,0.9243101864100932,0.0,0.0,0.8605793837649708,0.7528205128205128,0.6252129471890971,0.6831084225221034,0.3021078109741211,0.0,0.0,0.3021078109741211,0.8605793837649708,0.0
adult,iid,20,123,6,16,0.9849155491862012,0.0,0.908690999881108,0.0,0.8239374539236277,0.0,0.8303649430977647,0.0,,0.9243101864100932,0.0,0.0,0.8605793837649708,0.7528205128205128,0.6252129471890971,0.6831084225221034,0.3021078109741211,-0.0004251804965281,0.0,0.3021078109741211,0.8605793837649708,0.0
adult,iid,20,123,6,17,0.9849155491862012,0.0,0.908690999881108,0.0,0.8239374539236277,0.0,0.8303649430977647,0.0,,0.9243101864100932,0.0,0.0,0.8605793837649708,0.7528205128205128,0.6252129471890971,0.6831084225221034,0.3021078109741211,0.0,0.0004252285568291,0.3021078109741211,0.8605793837649708,0.0004252285568291
adult,iid,20,123,6,18,0.9849155491862012,0.0,0.908690999881108,0.0,0.8239374539236277,0.0,0.8303649430977647,0.0,,0.9243101864100932,0.0,0.0,0.8605793837649708,0.7528205128205128,0.6252129471890971,0.6831084225221034,0.3021078109741211,0.0,0.0,0.3021078109741211,0.8605793837649708,0.0
adult,iid,20,123,6,19,0.9849155491862012,0.0,0.908690999881108,0.0,0.8239374539236277,0.0,0.8303649430977647,0.0,,0.9243101864100932,0.0,0.0,0.8605793837649708,0.7528205128205128,0.6252129471890971,0.6831084225221034,0.3021078109741211,0.0,0.0,0.3021078109741211,0.8605793837649708,0.0
adult,iid,20,123,7,0,0.985569659125806,0.0,0.910171102661597,0.0,0.824401416414497,0.0,0.8401379165744505,0.0,,0.9266199449627134,0.0,0.0,0.8603746545193981,0.7530864197530864,0.6235093696763203,0.6821994408201305,0.3006470799446106,0.0,0.0,0.3006470799446106,0.8603746545193981,0.0
adult,iid,20,123,7,1,0.985569659125806,0.0,0.910171102661597,0.0,0.824401416414497,0.0,0.8401379165744505,0.0031201504223904,,0.9266199449627134,0.0,0.0,0.8603746545193981,0.7530864197530864,0.6235093696763203,0.6821994408201305,0.3006470799446106,0.0,0.0,0.3006470799446106,0.8603746545193981,0.0
adult,iid,20,123,7,2,0.985569659125806,0.0,0.910171102661597,0.0,0.824401416414497,0.0,0.8401379165744505,0.0,,0.9266199449627134,0.0085591189785131,0.0085591189785131,0.8603746545193981,0.7530864197530864,0.6235093696763203,0.6821994408201305,0.3006470799446106,0.0002568392606263,0.0,0.3006470799446106,0.8603746545193981,0.0
adult,iid,20,123,7,3,0.985569659125806,0.0,0.910171102661597,0.0,0.824401416414497,0.0,0.8401379165744505,0.0,,0.9266199449627134,0.0,0.0,0.8603746545193981,0.7530864197530864,0.6235093696763203,0.6821994408201305,0.3006470799446106,0.0,0.0,0.3006470799446106,0.8603746545193981,0.0
adult,iid,20,123,7,4,0.985569659125806,0.0,0.910171102661597,0.0,0.824401416414497,0.0,0.8401379165744505,0.0,,0.9266199449627134,0.0,0.0,0.8603746545193981,0.7530864197530864,0.6235093696763203,0.6821994408201305,0.3006470799446106,0.0,0.0,0.3006470799446106,0.8603746545193981,0.0
adult,iid,20,123,7,5,0.985569659125806,0.0,0.910171102661597,0.0,0.824401416414497,0.0,0.8401379165744505,0.0,,0.9266199449627134,0.0,0.0,0.8603746545193981,0.7530864197530864,0.6235093696763203,0.6821994408201305,0.3006470799446106,0.0,0.0,0.3006470799446106,0.8603746545193981,0.0
adult,iid,20,123,7,6,0.985569659125806,0.0,0.910171102661597,0.0,0.824401416414497,0.0,0.8401379165744505,0.0,,0.9266199449627134,0.0,0.0,0.8603746545193981,0.7530864197530864,0.6235093696763203,0.6821994408201305,0.3006470799446106,0.0,0.0,0.3006470799446106,0.8603746545193981,0.0
adult,iid,20,123,7,7,0.985569659125806,0.0,0.910171102661597,0.0,0.824401416414497,0.0,0.8401379165744505,0.0,,0.9266199449627134,0.0,0.0,0.8603746545193981,0.7530864197530864,0.6235093696763203,0.6821994408201305,0.3006470799446106,0.0,0.0,0.3006470799446106,0.8603746545193981,0.0
adult,iid,20,123,7,8,0.985569659125806,0.0,0.910171102661597,0.0,0.824401416414497,0.0,0.8401379165744505,0.0,,0.9266199449627134,0.0,0.0,0.8603746545193981,0.7530864197530864,0.6235093696763203,0.6821994408201305,0.3006470799446106,0.0,0.0,0.3006470799446106,0.8603746545193981,0.0
adult,iid,20,123,7,9,0.985569659125806,0.0,0.910171102661597,0.0,0.824401416414497,0.0,0.8401379165744505,0.0046018031259559,,0.9266199449627134,0.0,0.0,0.8603746545193981,0.7530864197530864,0.6235093696763203,0.6821994408201305,0.3006470799446106,0.0002408956460068,0.0,0.3006470799446106,0.8603746545193981,0.0
adult,iid,20,123,7,10,0.985569659125806,0.0,0.910171102661597,0.0,0.824401416414497,0.0,0.8401379165744505,0.0,,0.9266199449627134,0.0,0.0,0.8603746545193981,0.7530864197530864,0.6235093696763203,0.6821994408201305,0.3006470799446106,0.0,0.0,0.3006470799446106,0.8603746545193981,0.0
adult,iid,20,123,7,11,0.985569659125806,0.0,0.910171102661597,0.0049859343623007,0.824401416414497,0.0,0.8401379165744505,0.0,,0.9266199449627134,0.0,0.0,0.8603746545193981,0.7530864197530864,0.6235093696763203,0.6821994408201305,0.3006470799446106,0.0,0.0,0.3006470799446106,0.8603746545193981,0.0
adult,iid,20,123,7,12,0.985569659125806,0.0,0.910171102661597,0.0,0.824401416414497,0.0,0.8401379165744505,0.0,,0.9266199449627134,0.0,0.0,0.8603746545193981,0.7530864197530864,0.6235093696763203,0.6821994408201305,0.3006470799446106,0.0,0.0,0.3006470799446106,0.8603746545193981,0.0
adult,iid,20,123,7,13,0.985569659125806,0.0,0.910171102661597,0.0,0.824401416414497,0.0,0.8401379165744505,0.0,,0.9266199449627134,0.0,0.0,0.8603746545193981,0.7530864197530864,0.6235093696763203,0.6821994408201305,0.3006470799446106,-0.0009125102353229,0.0,0.3006470799446106,0.8603746545193981,0.0
adult,iid,20,123,7,14,0.985569659125806,0.0,0.910171102661597,0.0,0.824401416414497,0.0,0.8401379165744505,0.0040718886366476,,0.9266199449627134,0.0,0.0,0.8603746545193981,0.7530864197530864,0.6235093696763203,0.6821994408201305,0.3006470799446106,0.0,0.0,0.3006470799446106,0.8603746545193981,0.0
adult,iid,20,123,7,15,0.985569659125806,0.0,0.910171102661597,0.0,0.824401416414497,0.0,0.8401379165744505,0.0,,0.9266199449627134,0.0,0.0,0.8603746545193981,0.7530864197530864,0.6235093696763203,0.6821994408201305,0.3006470799446106,0.0,0.0,0.3006470799446106,0.8603746545193981,0.0
adult,iid,20,123,7,16,0.985569659125806,0.0,0.910171102661597,0.0,0.824401416414497,0.0,0.8401379165744505,0.0,,0.9266199449627134,0.0,0.0,0.8603746545193981,0.7530864197530864,0.6235093696763203,0.6821994408201305,0.3006470799446106,9.769427307536091e-06,0.0,0.3006470799446106,0.8603746545193981,0.0
adult,iid,20,123,7,17,0.985569659125806,0.0,0.910171102661597,0.0,0.824401416414497,0.0,0.8401379165744505,0.0,,0.9266199449627134,0.0,0.0,0.8603746545193981,0.7530864197530864,0.6235093696763203,0.6821994408201305,0.3006470799446106,0.0,0.0,0.3006470799446106,0.8603746545193981,0.0
adult,iid,20,123,7,18,0.985569659125806,0.0,0.910171102661597,0.0,0.824401416414497,0.0,0.8401379165744505,0.0,,0.9266199449627134,0.0,0.0,0.8603746545193981,0.7530864197530864,0.6235093696763203,0.6821994408201305,0.3006470799446106,0.0,0.0,0.3006470799446106,0.8603746545193981,0.0
adult,iid,20,123,7,19,0.985569659125806,0.0,0.910171102661597,0.0,0.824401416414497,0.0,0.8401379165744505,0.0,,0.9266199449627134,0.0,0.0,0.8603746545193981,0.7530864197530864,0.6235093696763203,0.6821994408201305,0.3006470799446106,-0.0002626456906286,0.0,0.3006470799446106,0.8603746545193981,0.0
adult,iid,20,123,8,0,0.9859371481216092,0.0,0.9098681866761668,0.0,0.8242585537880376,0.0,0.8537490244499062,0.0,,0.9255354019802444,0.0,0.0,0.8616030299928344,0.7580310880829015,0.623083475298126,0.6839644693782141,0.2996598184108734,0.0,0.0,0.2996598184108734,0.8616030299928344,0.0
adult,iid,20,123,8,1,0.9859371481216092,0.0,0.9098681866761668,0.0,0.8242585537880376,0.0,0.8537490244499062,0.0,,0.9255354019802444,0.0,0.0,0.8616030299928344,0.7580310880829015,0.623083475298126,0.6839644693782141,0.2996598184108734,0.0,0.0,0.2996598184108734,0.8616030299928344,0.0
adult,iid,20,123,8,2,0.9859371481216092,0.0,0.9098681866761668,0.0,0.8242585537880376,0.0,0.8537490244499062,0.0,,0.9255354019802444,0.0082203706751121,0.0082203706751121,0.8616030299928344,0.7580310880829015,0.623083475298126,0.6839644693782141,0.2996598184108734,0.0,-5.291144353484632e-05,0.2996598184108734,0.8616030299928344,-5.291144353484632e-05
adult,iid,20,123,8,3,0.9859371481216092,0.0,0.9098681866761668,0.0,0.8242585537880376,0.0,0.8537490244499062,0.0,,0.9255354019802444,0.0,0.0,0.8616030299928344,0.7580310880829015,0.623083475298126,0.6839644693782141,0.2996598184108734,0.0,0.0001476678848978,0.2996598184108734,0.8616030299928344,0.0001476678848978
adult,iid,20,123,8,4,0.9859371481216092,0.0,0.9098681866761668,0.0,0.8242585537880376,0.0,0.8537490244499062,0.0,,0.9255354019802444,0.0,0.0,0.8616030299928344,0.7580310880829015,0.623083475298126,0.6839644693782141,0.2996598184108734,0.0,0.0007490600437677,0.2996598184108734,0.8616030299928344,0.0007490600437677
adult,iid,20,123,8,5,0.9859371481216092,0.0,0.9098681866761668,0.0,0.8242585537880376,0.0,0.8537490244499062,0.0,,0.9255354019802444,0.0,0.0,0.8616030299928344,0.7580310880829015,0.623083475298126,0.6839644693782141,0.2996598184108734,0.0,0.0,0.2996598184108734,0.8616030299928344,0.0
adult,iid,20,123,8,6,0.9859371481216092,0.0,0.9098681866761668,0.0,0.8242585537880376,0.0,0.8537490244499062,0.0,,0.9255354019802444,0.0,0.0,0.8616030299928344,0.7580310880829015,0.623083475298126,0.6839644693782141,0.2996598184108734,0.0,0.0,0.2996598184108734,0.8616030299928344,0.0
adult,iid,20,123,8,7,0.9859371481216092,0.0,0.9098681866761668,0.0,0.8242585537880376,0.0,0.8537490244499062,0.0,,0.9255354019802444,0.0,0.0,0.8616030299928344,0.7580310880829015,0.623083475298126,0.6839644693782141,0.2996598184108734,0.0,0.0,0.2996598184108734,0.8616030299928344,0.0
adult,iid,20,123,8,8,0.9859371481216092,0.0,0.9098681866761668,0.0,0.8242585537880376,0.0,0.8537490244499062,0.0,,0.9255354019802444,0.0,0.0,0.8616030299928344,0.7580310880829015,0.623083475298126,0.6839644693782141,0.2996598184108734,0.0,0.0,0.2996598184108734,0.8616030299928344,0.0
adult,iid,20,123,8,9,0.9859371481216092,0.0,0.9098681866761668,0.0,0.8242585537880376,0.0,0.8537490244499062,0.0,,0.9255354019802444,0.0,0.0,0.8616030299928344,0.7580310880829015,0.623083475298126,0.6839644693782141,0.2996598184108734,0.0,0.0,0.2996598184108734,0.8616030299928344,0.0
adult,iid,20,123,8,10,0.9859371481216092,0.0,0.9098681866761668,0.0,0.8242585537880376,0.0,0.8537490244499062,0.0,,0.9255354019802444,0.0,0.0,0.8616030299928344,0.7580310880829015,0.623083475298126,0.6839644693782141,0.2996598184108734,0.0,0.0,0.2996598184108734,0.8616030299928344,0.0
adult,iid,20,123,8,11,0.9859371481216092,0.0,0.9098681866761668,0.0,0.8242585537880376,0.0,0.8537490244499062,0.0,,0.9255354019802444,0.0,0.0,0.8616030299928344,0.7580310880829015,0.623083475298126,0.6839644693782141,0.2996598184108734,0.0,0.0,0.2996598184108734,0.8616030299928344,0.0
adult,iid,20,123,8,12,0.9859371481216092,0.0,0.9098681866761668,0.0,0.8242585537880376,0.0,0.8537490244499062,0.0,,0.9255354019802444,0.0,0.0,0.8616030299928344,0.7580310880829015,0.623083475298126,0.6839644693782141,0.2996598184108734,0.0,0.0,0.2996598184108734,0.8616030299928344,0.0
adult,iid,20,123,8,13,0.9859371481216092,0.0,0.9098681866761668,0.0,0.8242585537880376,0.0,0.8537490244499062,0.0,,0.9255354019802444,0.0,0.0,0.8616030299928344,0.7580310880829015,0.623083475298126,0.6839644693782141,0.2996598184108734,0.0,0.0,0.2996598184108734,0.8616030299928344,0.0
adult,iid,20,123,8,14,0.9859371481216092,0.0,0.9098681866761668,0.0,0.8242585537880376,0.0,0.8537490244499062,0.0031740824386852,,0.9255354019802444,0.0,0.0,0.8616030299928344,0.7580310880829015,0.623083475298126,0.6839644693782141,0.2996598184108734,0.0,0.0,0.2996598184108734,0.8616030299928344,0.0
adult,iid,20,123,8,15,0.9859371481216092,0.0,0.9098681866761668,0.0,0.8242585537880376,0.0,0.8537490244499062,0.0,,0.9255354019802444,0.0,0.0,0.8616030299928344,0.7580310880829015,0.623083475298126,0.6839644693782141,0.2996598184108734,0.0,0.0,0.2996598184108734,0.8616030299928344,0.0
adult,iid,20,123,8,16,0.9859371481216092,0.0,0.9098681866761668,0.0,0.8242585537880376,0.0,0.8537490244499062,-0.0020937329153418,,0.9255354019802444,0.0,0.0,0.8616030299928344,0.7580310880829015,0.623083475298126,0.6839644693782141,0.2996598184108734,0.0,0.0,0.2996598184108734,0.8616030299928344,0.0
adult,iid,20,123,8,17,0.9859371481216092,0.0,0.9098681866761668,0.0,0.8242585537880376,0.0,0.8537490244499062,0.0,,0.9255354019802444,0.0,0.0,0.8616030299928344,0.7580310880829015,0.623083475298126,0.6839644693782141,0.2996598184108734,0.0,0.0,0.2996598184108734,0.8616030299928344,0.0
adult,iid,20,123,8,18,0.9859371481216092,0.0,0.9098681866761668,0.0,0.8242585537880376,0.0,0.8537490244499062,0.0,,0.9255354019802444,0.0,0.0,0.8616030299928344,0.7580310880829015,0.623083475298126,0.6839644693782141,0.2996598184108734,0.0,0.0,0.2996598184108734,0.8616030299928344,0.0
adult,iid,20,123,8,19,0.9859371481216092,0.0,0.9098681866761668,0.0,0.8242585537880376,0.0,0.8537490244499062,0.0,,0.9255354019802444,0.0,0.0,0.8616030299928344,0.7580310880829015,0.623083475298126,0.6839644693782141,0.2996598184108734,0.0,0.0,0.2996598184108734,0.8616030299928344,0.0
adult,iid,20,123,9,0,0.9863486539052104,0.0,0.91270783847981,0.0,0.8239485084897187,0.0,0.8650654055376301,0.0,,0.9233365819676732,0.0,0.0,0.8619101238611936,0.7581395348837209,0.6247870528109029,0.6850338547746906,0.2987208664417267,0.0,0.0,0.2987208664417267,0.8619101238611936,0.0
adult,iid,20,123,9,1,0.9863486539052104,0.0,0.91270783847981,0.0,0.8239485084897187,0.0,0.8650654055376301,0.0,,0.9233365819676732,0.0,0.0,0.8619101238611936,0.7581395348837209,0.6247870528109029,0.6850338547746906,0.2987208664417267,0.0,0.0,0.2987208664417267,0.8619101238611936,0.0
adult,iid,20,123,9,2,0.9863486539052104,0.0,0.91270783847981,0.0034966675283991,0.8239485084897187,0.0,0.8650654055376301,0.0,,0.9233365819676732,0.0104452257153799,0.0104452257153799,0.8619101238611936,0.7581395348837209,0.6247870528109029,0.6850338547746906,0.2987208664417267,0.0,0.0,0.2987208664417267,0.8619101238611936,0.0
adult,iid,20,123,9,3,0.9863486539052104,0.0,0.91270783847981,0.0,0.8239485084897187,0.0,0.8650654055376301,0.0,,0.9233365819676732,0.0,0.0,0.8619101238611936,0.7581395348837209,0.6247870528109029,0.6850338547746906,0.2987208664417267,0.0,0.0,0.2987208664417267,0.8619101238611936,0.0
adult,iid,20,123,9,4,0.9863486539052104,0.0,0.91270783847981,0.0,0.8239485084897187,0.0,0.8650654055376301,0.0,,0.9233365819676732,0.0,0.0,0.8619101238611936,0.7581395348837209,0.6247870528109029,0.6850338547746906,0.2987208664417267,0.0,0.0,0.2987208664417267,0.8619101238611936,0.0
adult,iid,20,123,9,5,0.9863486539052104,0.0,0.91270783847981,0.0,0.8239485084897187,0.0,0.8650654055376301,0.0,,0.9233365819676732,0.0,0.0,0.8619101238611936,0.7581395348837209,0.6247870528109029,0.6850338547746906,0.2987208664417267,0.0,0.0,0.2987208664417267,0.8619101238611936,0.0
adult,iid,20,123,9,6,0.9863486539052104,0.0,0.91270783847981,0.0,0.8239485084897187,0.0,0.8650654055376301,0.0,,0.9233365819676732,0.0,0.0,0.8619101238611936,0.7581395348837209,0.6247870528109029,0.6850338547746906,0.2987208664417267,0.0,0.0,0.2987208664417267,0.8619101238611936,0.0
adult,iid,20,123,9,7,0.9863486539052104,0.0,0.91270783847981,0.0,0.8239485084897187,0.0,0.8650654055376301,0.008708301735557,,0.9233365819676732,0.0,0.0,0.8619101238611936,0.7581395348837209,0.6247870528109029,0.6850338547746906,0.2987208664417267,0.0,0.0,0.2987208664417267,0.8619101238611936,0.0
adult,iid,20,123,9,8,0.9863486539052104,0.0,0.91270783847981,0.0,0.8239485084897187,0.0,0.8650654055376301,0.0,,0.9233365819676732,0.0,0.0,0.8619101238611936,0.7581395348837209,0.6247870528109029,0.6850338547746906,0.2987208664417267,0.0,0.0,0.2987208664417267,0.8619101238611936,0.0
adult,iid,20,123,9,9,0.9863486539052104,0.0,0.91270783847981,0.0,0.8239485084897187,0.0,0.8650654055376301,0.0,,0.9233365819676732,0.0,0.0,0.8619101238611936,0.7581395348837209,0.6247870528109029,0.6850338547746906,0.2987208664417267,0.0,0.0,0.2987208664417267,0.8619101238611936,0.0
adult,iid,20,123,9,10,0.9863486539052104,0.0,0.91270783847981,0.0,0.8239485084897187,0.0,0.8650654055376301,0.0,,0.9233365819676732,0.0,0.0,0.8619101238611936,0.7581395348837209,0.6247870528109029,0.6850338547746906,0.2987208664417267,0.0,0.0,0.2987208664417267,0.8619101238611936,0.0
adult,iid,20,123,9,11,0.9863486539052104,0.0,0.91270783847981,0.0029388764246598,0.8239485084897187,0.0,0.8650654055376301,0.0,,0.9233365819676732,0.0034077711269373,0.0034077711269373,0.8619101238611936,0.7581395348837209,0.6247870528109029,0.6850338547746906,0.2987208664417267,0.0,0.0,0.2987208664417267,0.8619101238611936,0.0
adult,iid,20,123,9,12,0.9863486539052104,0.0,0.91270783847981,0.0,0.8239485084897187,0.0,0.8650654055376301,0.0,,0.9233365819676732,0.0,0.0,0.8619101238611936,0.7581395348837209,0.6247870528109029,0.6850338547746906,0.2987208664417267,0.0,0.0,0.2987208664417267,0.8619101238611936,0.0
adult,iid,20,123,9,13,0.9863486539052104,0.0,0.91270783847981,0.0,0.8239485084897187,0.0,0.8650654055376301,0.0,,0.9233365819676732,0.0,0.0,0.8619101238611936,0.7581395348837209,0.6247870528109029,0.6850338547746906,0.2987208664417267,0.0,0.0,0.2987208664417267,0.8619101238611936,0.0
adult,iid,20,123,9,14,0.9863486539052104,0.0,0.91270783847981,0.0,0.8239485084897187,0.0,0.8650654055376301,0.0,,0.9233365819676732,0.0,0.0,0.8619101238611936,0.7581395348837209,0.6247870528109029,0.6850338547746906,0.2987208664417267,0.0,0.0,0.2987208664417267,0.8619101238611936,0.0
adult,iid,20,123,9,15,0.9863486539052104,0.0,0.91270783847981,0.0,0.8239485084897187,0.0,0.8650654055376301,0.0,,0.9233365819676732,0.0,0.0,0.8619101238611936,0.7581395348837209,0.6247870528109029,0.6850338547746906,0.2987208664417267,0.0,0.0,0.2987208664417267,0.8619101238611936,0.0
adult,iid,20,123,9,16,0.9863486539052104,0.0,0.91270783847981,0.0,0.8239485084897187,0.0,0.8650654055376301,0.0,,0.9233365819676732,0.0,0.0,0.8619101238611936,0.7581395348837209,0.6247870528109029,0.6850338547746906,0.2987208664417267,0.0,0.0,0.2987208664417267,0.8619101238611936,0.0
adult,iid,20,123,9,17,0.9863486539052104,0.0,0.91270783847981,0.0,0.8239485084897187,0.0,0.8650654055376301,0.0,,0.9233365819676732,0.0,0.0,0.8619101238611936,0.7581395348837209,0.6247870528109029,0.6850338547746906,0.2987208664417267,0.0,0.0,0.2987208664417267,0.8619101238611936,0.0
adult,iid,20,123,9,18,0.9863486539052104,0.0,0.91270783847981,0.0,0.8239485084897187,0.0,0.8650654055376301,0.0,,0.9233365819676732,0.0,0.0,0.8619101238611936,0.7581395348837209,0.6247870528109029,0.6850338547746906,0.2987208664417267,0.0,0.0,0.2987208664417267,0.8619101238611936,0.0
adult,iid,20,123,9,19,0.9863486539052104,0.0,0.91270783847981,0.0,0.8239485084897187,0.0,0.8650654055376301,0.0,,0.9233365819676732,0.0,0.0,0.8619101238611936,0.7581395348837209,0.6247870528109029,0.6850338547746906,0.2987208664417267,0.0,0.0,0.2987208664417267,0.8619101238611936,0.0
adult,iid,20,123,10,0,0.9867325212406592,0.0,0.9152119700748128,0.0,0.8231789225269666,0.0,0.8991892741907304,0.0,,0.9199108108530768,0.0,0.0,0.8616030299928344,0.756701030927835,0.6252129471890971,0.6847014925373134,0.2980844676494598,0.0,0.0,0.2980844676494598,0.8616030299928344,0.0
adult,iid,20,123,10,1,0.9867325212406592,0.0,0.9152119700748128,0.0,0.8231789225269666,0.0,0.8991892741907304,0.0,,0.9199108108530768,0.0,0.0,0.8616030299928344,0.756701030927835,0.6252129471890971,0.6847014925373134,0.2980844676494598,0.0,0.0,0.2980844676494598,0.8616030299928344,0.0
adult,iid,20,123,10,2,0.9867325212406592,0.0,0.9152119700748128,0.0042269470617895,0.8231789225269666,0.0,0.8991892741907304,0.0,,0.9199108108530768,0.0090813762869047,0.0090813762869047,0.8616030299928344,0.756701030927835,0.6252129471890971,0.6847014925373134,0.2980844676494598,0.0,0.0,0.2980844676494598,0.8616030299928344,0.0
adult,iid,20,123,10,3,0.9867325212406592,0.0,0.9152119700748128,0.0,0.8231789225269666,0.0,0.8991892741907304,0.0,,0.9199108108530768,0.0,0.0,0.8616030299928344,0.756701030927835,0.6252129471890971,0.6847014925373134,0.2980844676494598,0.0,0.0,0.2980844676494598,0.8616030299928344,0.0
adult,iid,20,123,10,4,0.9867325212406592,0.0,0.9152119700748128,0.0,0.8231789225269666,0.0,0.8991892741907304,0.0,,0.9199108108530768,0.0,0.0,0.8616030299928344,0.756701030927835,0.6252129471890971,0.6847014925373134,0.2980844676494598,0.0,0.0,0.2980844676494598,0.8616030299928344,0.0
adult,iid,20,123,10,5,0.9867325212406592,0.0,0.9152119700748128,0.0,0.8231789225269666,0.0,0.8991892741907304,0.0,,0.9199108108530768,0.0,0.0,0.8616030299928344,0.756701030927835,0.6252129471890971,0.6847014925373134,0.2980844676494598,0.0,0.0,0.2980844676494598,0.8616030299928344,0.0
adult,iid,20,123,10,6,0.9867325212406592,0.0,0.9152119700748128,0.0,0.8231789225269666,0.0,0.8991892741907304,0.0,,0.9199108108530768,0.0,0.0,0.8616030299928344,0.756701030927835,0.6252129471890971,0.6847014925373134,0.2980844676494598,0.0,0.0,0.2980844676494598,0.8616030299928344,0.0
adult,iid,20,123,10,7,0.9867325212406592,0.0,0.9152119700748128,0.0,0.8231789225269666,0.0,0.8991892741907304,0.0083090454103905,,0.9199108108530768,0.0,0.0,0.8616030299928344,0.756701030927835,0.6252129471890971,0.6847014925373134,0.2980844676494598,0.0,0.0,0.2980844676494598,0.8616030299928344,0.0
adult,iid,20,123,10,8,0.9867325212406592,0.0,0.9152119700748128,0.0,0.8231789225269666,0.0,0.8991892741907304,0.0,,0.9199108108530768,0.0,0.0,0.8616030299928344,0.756701030927835,0.6252129471890971,0.6847014925373134,0.2980844676494598,0.0,0.0,0.2980844676494598,0.8616030299928344,0.0
adult,iid,20,123,10,9,0.9867325212406592,0.0,0.9152119700748128,0.0,0.8231789225269666,0.0,0.8991892741907304,0.0,,0.9199108108530768,0.0,0.0,0.8616030299928344,0.756701030927835,0.6252129471890971,0.6847014925373134,0.2980844676494598,0.0,0.0,0.2980844676494598,0.8616030299928344,0.0
adult,iid,20,123,10,10,0.9867325212406592,0.0,0.9152119700748128,0.0026529224639435,0.8231789225269666,0.0,0.8991892741907304,0.0,,0.9199108108530768,0.0,0.0,0.8616030299928344,0.756701030927835,0.6252129471890971,0.6847014925373134,0.2980844676494598,0.0,0.0,0.2980844676494598,0.8616030299928344,0.0
adult,iid,20,123,10,11,0.9867325212406592,0.0,0.9152119700748128,0.0036027298675408,0.8231789225269666,0.0,0.8991892741907304,0.0,,0.9199108108530768,0.0,0.0,0.8616030299928344,0.756701030927835,0.6252129471890971,0.6847014925373134,0.2980844676494598,0.0,0.0,0.2980844676494598,0.8616030299928344,0.0
adult,iid,20,123,10,12,0.9867325212406592,0.0,0.9152119700748128,0.0,0.8231789225269666,0.0,0.8991892741907304,0.0,,0.9199108108530768,0.0,0.0,0.8616030299928344,0.756701030927835,0.6252129471890971,0.6847014925373134,0.2980844676494598,0.0,0.0,0.2980844676494598,0.8616030299928344,0.0
adult,iid,20,123,10,13,0.9867325212406592,0.0,0.9152119700748128,0.0,0.8231789225269666,0.0,0.8991892741907304,0.0,,0.9199108108530768,0.0,0.0,0.8616030299928344,0.756701030927835,0.6252129471890971,0.6847014925373134,0.2980844676494598,0.0,0.0,0.2980844676494598,0.8616030299928344,0.0
adult,iid,20,123,10,14,0.9867325212406592,0.0,0.9152119700748128,0.0,0.8231789225269666,0.0,0.8991892741907304,0.0,,0.9199108108530768,0.0,0.0,0.8616030299928344,0.756701030927835,0.6252129471890971,0.6847014925373134,0.2980844676494598,0.0,0.0,0.2980844676494598,0.8616030299928344,0.0
adult,iid,20,123,10,15,0.9867325212406592,0.0,0.9152119700748128,0.0,0.8231789225269666,0.0,0.8991892741907304,0.0,,0.9199108108530768,0.0,0.0,0.8616030299928344,0.756701030927835,0.6252129471890971,0.6847014925373134,0.2980844676494598,0.0,0.0,0.2980844676494598,0.8616030299928344,0.0
adult,iid,20,123,10,16,0.9867325212406592,0.0,0.9152119700748128,0.0,0.8231789225269666,0.0,0.8991892741907304,0.0,,0.9199108108530768,0.0,0.0,0.8616030299928344,0.756701030927835,0.6252129471890971,0.6847014925373134,0.2980844676494598,0.0,0.0,0.2980844676494598,0.8616030299928344,0.0
adult,iid,20,123,10,17,0.9867325212406592,0.0,0.9152119700748128,0.0,0.8231789225269666,0.0,0.8991892741907304,0.0,,0.9199108108530768,0.0,0.0,0.8616030299928344,0.756701030927835,0.6252129471890971,0.6847014925373134,0.2980844676494598,0.0,0.0,0.2980844676494598,0.8616030299928344,0.0
adult,iid,20,123,10,18,0.9867325212406592,0.0,0.9152119700748128,0.0,0.8231789225269666,0.0,0.8991892741907304,0.0,,0.9199108108530768,0.0,0.0,0.8616030299928344,0.756701030927835,0.6252129471890971,0.6847014925373134,0.2980844676494598,0.0,0.0,0.2980844676494598,0.8616030299928344,0.0
adult,iid,20,123,10,19,0.9867325212406592,0.0,0.9152119700748128,0.0,0.8231789225269666,0.0,0.8991892741907304,0.0,,0.9199108108530768,0.0,0.0,0.8616030299928344,0.756701030927835,0.6252129471890971,0.6847014925373134,0.2980844676494598,0.0,0.0,0.2980844676494598,0.8616030299928344,0.0
adult,iid,4,123,1,0,0.980961203807964,0.0,0.8858916209119121,0.1800245979458657,0.8357368625654948,0.0053102936732507,0.8735512353085069,-0.0003981797497155,,0.9192642490872304,0.0,0.0,0.8577131743269526,0.7759216589861752,0.573679727427598,0.6596474045053868,0.3163108825683594,0.0,0.1104377793701163,0.3163108825683594,0.8577131743269526,0.1104377793701163
adult,iid,4,123,1,1,0.980961203807964,0.0,0.8858916209119121,0.0,0.8357368625654948,0.0,0.8735512353085069,0.0,,0.9192642490872304,0.0,0.0,0.8577131743269526,0.7759216589861752,0.573679727427598,0.6596474045053868,0.3163108825683594,-0.1689488708972931,0.111939127170983,0.3163108825683594,0.8577131743269526,0.111939127170983
adult,iid,4,123,1,2,0.980961203807964,0.0,0.8858916209119121,0.0,0.8357368625654948,0.0,0.8735512353085069,0.0,,0.9192642490872304,0.0,0.0,0.8577131743269526,0.7759216589861752,0.573679727427598,0.6596474045053868,0.3163108825683594,0.0,0.0976763230627495,0.3163108825683594,0.8577131743269526,0.0976763230627495
adult,iid,4,123,1,3,0.980961203807964,0.0069245231514655,0.8858916209119121,0.0,0.8357368625654948,0.0,0.8735512353085069,0.0,,0.9192642490872304,0.022586183110102,0.022586183110102,0.8577131743269526,0.7759216589861752,0.573679727427598,0.6596474045053868,0.3163108825683594,-0.1489792038997014,0.0983792268058825,0.3163108825683594,0.8577131743269526,0.0983792268058825
adult,iid,4,123,2,0,0.9812867233084246,0.0,0.8864041869870346,0.0,0.8136692202871139,0.0154722811694545,0.8490023180235065,0.0,,0.9063988231802882,0.0,0.0,0.8606817483877572,0.7521716913643332,0.626916524701874,0.683855981416957,0.3007737398147583,-0.0010897109905878,7.506739004334851e-05,0.3007737398147583,0.8606817483877572,7.506739004334851e-05
adult,iid,4,123,2,1,0.9812867233084246,0.0,0.8864041869870346,0.0,0.8136692202871139,0.0,0.8490023180235065,0.0314363980166725,,0.9063988231802882,0.0,0.0,0.8606817483877572,0.7521716913643332,0.626916524701874,0.683855981416957,0.3007737398147583,-0.0036153306563695,0.0002866209438018,0.3007737398147583,0.8606817483877572,0.0002866209438018
adult,iid,4,123,2,2,0.9812867233084246,0.0,0.8864041869870346,0.0,0.8136692202871139,0.0,0.8490023180235065,0.0,,0.9063988231802882,0.0,0.0,0.8606817483877572,0.7521716913643332,0.626916524701874,0.683855981416957,0.3007737398147583,-0.0057983110348383,0.0016139488859316,0.3007737398147583,0.8606817483877572,0.0016139488859316
adult,iid,4,123,2,3,0.9812867233084246,0.0,0.8864041869870346,0.0,0.8136692202871139,0.0,0.8490023180235065,0.0,,0.9063988231802882,0.0147911498504443,0.0147911498504443,0.8606817483877572,0.7521716913643332,0.626916524701874,0.683855981416957,0.3007737398147583,-0.0050338198741277,0.0007745589790835,0.3007737398147583,0.8606817483877572,0.0007745589790835
adult,iid,4,123,3,0,0.9842061623502918,0.0,0.9074910820451842,0.0107827099097016,0.8353560680441942,0.0250803423911154,0.8285594474018332,0.0,,0.9408909053454764,0.0126485187934537,0.0126485187934537,0.8608864776333299,0.769188894937398,0.6017887563884157,0.6752688172043011,0.2976420223712921,0.0,0.0,0.2976420223712921,0.8608864776333299,0.0
adult,iid,4,123,3,1,0.9842061623502918,0.00122373494387,0.9074910820451842,0.0,0.8353560680441942,0.0,0.8285594474018332,0.0306700330425126,,0.9408909053454764,0.0,0.0,0.8608864776333299,0.769188894937398,0.6017887563884157,0.6752688172043011,0.2976420223712921,-0.0008227477471033,0.0,0.2976420223712921,0.8608864776333299,0.0
adult,iid,4,123,3,2,0.9842061623502918,0.0,0.9074910820451842,0.0,0.8353560680441942,0.0,0.8285594474018332,0.0,,0.9408909053454764,0.0,0.0,0.8608864776333299,0.769188894937398,0.6017887563884157,0.6752688172043011,0.2976420223712921,-0.0008701761563618,0.0,0.2976420223712921,0.8608864776333299,0.0
adult,iid,4,123,3,3,0.9842061623502918,0.0,0.9074910820451842,0.0088709250876824,0.8353560680441942,0.0061234675548955,0.8285594474018332,0.0,,0.9408909053454764,0.0205531378111351,0.0205531378111351,0.8608864776333299,0.769188894937398,0.6017887563884157,0.6752688172043011,0.2976420223712921,-0.0036410470803578,0.0,0.2976420223712921,0.8608864776333299,0.0
adult,iid,4,123,4,0,0.9854089466680316,0.0,0.9109052031361368,0.0060134491872391,0.830874782154487,0.0136270435894242,0.8930680613635569,0.0138317472150713,,0.9344272027354612,0.0,0.0,0.8616030299928344,0.7634920634920634,0.6145655877342419,0.6809815950920245,0.2950693666934967,0.0013648579518,0.0,0.2950693666934967,0.8616030299928344,0.0
adult,iid,4,123,4,1,0.9854089466680316,0.0010034462756337,0.9109052031361368,0.0,0.830874782154487,0.0,0.8930680613635569,0.0,,0.9344272027354612,0.0,0.0,0.8616030299928344,0.7634920634920634,0.6145655877342419,0.6809815950920245,0.2950693666934967,0.0007815202077229,0.0,0.2950693666934967,0.8616030299928344,0.0
adult,iid,4,123,4,2,0.9854089466680316,0.0,0.9109052031361368,0.0,0.830874782154487,0.0,0.8930680613635569,0.0034680077811039,,0.9344272027354612,0.0,0.0,0.8616030299928344,0.7634920634920634,0.6145655877342419,0.6809815950920245,0.2950693666934967,-0.0007397562265396,0.0,0.2950693666934967,0.8616030299928344,0.0
adult,iid,4,123,4,3,0.9854089466680316,0.0,0.9109052031361368,0.0050783319092119,0.830874782154487,0.0020628259372171,0.8930680613635569,0.0,,0.9344272027354612,0.0131416664958981,0.0131416664958981,0.8616030299928344,0.7634920634920634,0.6145655877342419,0.6809815950920245,0.2950693666934967,-0.0039087116718292,0.0,0.2950693666934967,0.8616030299928344,0.0
adult,iid,4,123,5,0,0.9866117309857714,-0.0003040911727573,0.907734217695132,0.0,0.8271829804464953,0.0050886927437765,0.8607496884063879,0.0150696766027171,,0.9328241201044438,0.0,0.0,0.8639574163169209,0.7666143380429095,0.6239352640545145,0.6879549189950692,0.2930352389812469,0.0011368781328201,0.0020199952229843,0.2930352389812469,0.8639574163169209,0.0020199952229843
adult,iid,4,123,5,1,0.9866117309857714,0.0007165523595045,0.907734217695132,0.0,0.8271829804464953,0.0,0.8607496884063879,0.0,,0.9328241201044438,0.0,0.0,0.8639574163169209,0.7666143380429095,0.6239352640545145,0.6879549189950692,0.2930352389812469,0.0013510098059972,0.0,0.2930352389812469,0.8639574163169209,0.0
adult,iid,4,123,5,2,0.9866117309857714,0.000249599071894,0.907734217695132,0.0032664874490801,0.8271829804464953,0.0056207544978128,0.8607496884063879,0.0,,0.9328241201044438,0.0,0.0,0.8639574163169209,0.7666143380429095,0.6239352640545145,0.6879549189950692,0.2930352389812469,-0.0013401587804158,-0.0002866209438018,0.2930352389812469,0.8639574163169209,-0.0002866209438018
adult,iid,4,123,5,3,0.9866117309857714,5.995154741186282e-05,0.907734217695132,0.004974923352884,0.8271829804464953,0.0,0.8607496884063879,0.0,,0.9328241201044438,0.0118196043722578,0.0118196043722578,0.8639574163169209,0.7666143380429095,0.6239352640545145,0.6879549189950692,0.2930352389812469,-0.0029714634021123,0.0011396594670215,0.2930352389812469,0.8639574163169209,0.0011396594670215
adult,iid,4,123,6,0,0.987055993448664,0.0,0.908328411104548,0.0,0.8348876837268884,0.0064006627596537,0.8414774778972383,0.0169272987066438,,0.940855094567876,0.0,0.0,0.8649810625447846,0.7782585181179016,0.612862010221465,0.6857279008815821,0.2919099032878876,0.0016033093134562,0.0017845565905756,0.2919099032878876,0.8649810625447846,0.0017845565905756
adult,iid,4,123,6,1,0.987055993448664,0.0,0.908328411104548,0.0,0.8348876837268884,0.0,0.8414774778972383,0.0,,0.940855094567876,0.0,0.0,0.8649810625447846,0.7782585181179016,0.612862010221465,0.6857279008815821,0.2919099032878876,0.0015807380278905,-0.0010884771556283,0.2919099032878876,0.8649810625447846,-0.0010884771556283
adult,iid,4,123,6,2,0.987055993448664,0.0,0.908328411104548,0.0,0.8348876837268884,0.0093326645399249,0.8414774778972383,0.0,,0.940855094567876,0.0,0.0,0.8649810625447846,0.7782585181179016,0.612862010221465,0.6857279008815821,0.2919099032878876,-0.0004083196322123,-0.0005220595762104,0.2919099032878876,0.8649810625447846,-0.0005220595762104
adult,iid,4,123,6,3,0.987055993448664,0.0,0.908328411104548,0.0,0.8348876837268884,0.00659930155213,0.8414774778972383,0.0,,0.940855094567876,0.0227688175524691,0.0227688175524691,0.8649810625447846,0.7782585181179016,0.612862010221465,0.6857279008815821,0.2919099032878876,-0.0038371195395787,0.0005834783498822,0.2919099032878876,0.8649810625447846,0.0005834783498822
adult,iid,4,123,7,0,0.9871501689016275,0.0,0.9049137727380108,0.0,0.831818183528753,0.009241294239119,0.8438595673799347,0.0259845775722489,,0.9360689325389956,0.0,0.0,0.8662094380182209,0.7802907915993538,0.6171209540034072,0.689179548156956,0.2900075614452362,0.0001385152339935,0.0020097587607056,0.2900075614452362,0.8662094380182209,0.0020097587607056
adult,iid,4,123,7,1,0.9871501689016275,0.0,0.9049137727380108,0.0,0.831818183528753,0.0,0.8438595673799347,0.0,,0.9360689325389956,0.0,0.0,0.8662094380182209,0.7802907915993538,0.6171209540034072,0.689179548156956,0.2900075614452362,0.0016315917174021,-0.001040706998328,0.2900075614452362,0.8662094380182209,-0.001040706998328
adult,iid,4,123,7,2,0.9871501689016275,0.0,0.9049137727380108,0.0051227240063649,0.831818183528753,0.008823513178109,0.8438595673799347,0.0,,0.9360689325389956,0.0,0.0,0.8662094380182209,0.7802907915993538,0.6171209540034072,0.689179548156956,0.2900075614452362,-0.000315706928571,-0.0004469921861671,0.2900075614452362,0.8662094380182209,-0.0004469921861671
adult,iid,4,123,7,3,0.9871501689016275,0.0,0.9049137727380108,0.0,0.831818183528753,0.0,0.8438595673799347,0.0,,0.9360689325389956,0.0115353175409903,0.0115353175409903,0.8662094380182209,0.7802907915993538,0.6171209540034072,0.689179548156956,0.2900075614452362,-0.0031501005093256,0.0005630054253249,0.2900075614452362,0.8662094380182209,0.0005630054253249
adult,iid,4,123,8,0,0.9877346708977376,0.0,0.9098321909714016,0.0049555194713304,0.8305868459883496,0.0,0.8441828093513029,0.0,,0.9382953410385888,0.0,0.0,0.8668236257549391,0.7806970509383379,0.6201022146507666,0.6911939235699027,0.2892560362815857,0.0,0.0,0.2892560362815857,0.8668236257549391,0.0
adult,iid,4,123,8,1,0.9877346708977376,0.0,0.9098321909714016,0.0,0.8305868459883496,0.0,0.8441828093513029,0.0,,0.9382953410385888,0.0,0.0,0.8668236257549391,0.7806970509383379,0.6201022146507666,0.6911939235699027,0.2892560362815857,0.0,0.0,0.2892560362815857,0.8668236257549391,0.0
adult,iid,4,123,8,2,0.9877346708977376,0.0,0.9098321909714016,0.0067011768143453,0.8305868459883496,0.0,0.8441828093513029,0.0254748647819621,,0.9382953410385888,0.0,0.0,0.8668236257549391,0.7806970509383379,0.6201022146507666,0.6911939235699027,0.2892560362815857,0.0,0.0,0.2892560362815857,0.8668236257549391,0.0
adult,iid,4,123,8,3,0.9877346708977376,0.0,0.9098321909714016,0.0,0.8305868459883496,0.0088527395692249,0.8441828093513029,0.0017008546012961,,0.9382953410385888,0.0234442247436702,0.0234442247436702,0.8668236257549391,0.7806970509383379,0.6201022146507666,0.6911939235699027,0.2892560362815857,0.0,0.0,0.2892560362815857,0.8668236257549391,0.0
adult,iid,4,123,9,0,0.987538130821988,0.0,0.910291170576447,0.0,0.8344546740210734,0.0041568398630224,0.8716525527379471,0.0,,0.9398484868853864,0.0,0.0,0.8666188965093664,0.7881963596249311,0.608603066439523,0.6868541216053833,0.2885409295558929,0.0,0.0,0.2885409295558929,0.8666188965093664,0.0
adult,iid,4,123,9,1,0.987538130821988,0.0,0.910291170576447,0.0,0.8344546740210734,0.0,0.8716525527379471,0.0,,0.9398484868853864,0.0,0.0,0.8666188965093664,0.7881963596249311,0.608603066439523,0.6868541216053833,0.2885409295558929,0.0,0.0,0.2885409295558929,0.8666188965093664,0.0
adult,iid,4,123,9,2,0.987538130821988,0.0,0.910291170576447,0.0,0.8344546740210734,0.0126792721334992,0.8716525527379471,0.0117165022306607,,0.9398484868853864,0.0,0.0,0.8666188965093664,0.7881963596249311,0.608603066439523,0.6868541216053833,0.2885409295558929,0.0,0.0,0.2885409295558929,0.8666188965093664,0.0
adult,iid,4,123,9,3,0.987538130821988,0.0,0.910291170576447,0.0,0.8344546740210734,0.0,0.8716525527379471,0.0,,0.9398484868853864,0.015932077036692,0.015932077036692,0.8666188965093664,0.7881963596249311,0.608603066439523,0.6868541216053833,0.2885409295558929,0.0,0.0,0.2885409295558929,0.8666188965093664,0.0
adult,iid,4,123,10,0,0.9869741017504352,0.0,0.9101295641931684,0.0,0.8273722722505366,-0.0018381579536614,0.9060909270929188,0.0,,0.9307661256545672,0.0,0.0,0.8673354488688709,0.7824919441460795,0.6205281090289608,0.6921615201900237,0.2874467670917511,0.0006777266661326,0.0,0.2874467670917511,0.8673354488688709,0.0
adult,iid,4,123,10,1,0.9869741017504352,0.0,0.9101295641931684,0.0,0.8273722722505366,0.0,0.9060909270929188,0.0,,0.9307661256545672,0.0,0.0,0.8673354488688709,0.7824919441460795,0.6205281090289608,0.6921615201900237,0.2874467670917511,0.0024913390477498,0.0,0.2874467670917511,0.8673354488688709,0.0
adult,iid,4,123,10,2,0.9869741017504352,0.0,0.9101295641931684,0.0,0.8273722722505366,0.0093406128513454,0.9060909270929188,0.013033737531402,,0.9307661256545672,0.0,0.0,0.8673354488688709,0.7824919441460795,0.6205281090289608,0.6921615201900237,0.2874467670917511,0.000104264418284,0.0,0.2874467670917511,0.8673354488688709,0.0
adult,iid,4,123,10,3,0.9869741017504352,0.0,0.9101295641931684,0.0,0.8273722722505366,0.0,0.9060909270929188,0.0,,0.9307661256545672,0.0182320029034575,0.0182320029034575,0.8673354488688709,0.7824919441460795,0.6205281090289608,0.6921615201900237,0.2874467670917511,-0.0040793985128402,0.0,0.2874467670917511,0.8673354488688709,0.0
adult,iid,20,2025,1,0,0.9847886170539462,0.0,0.8425881216803477,0.0,0.824706534117839,0.0,0.8824039883982342,0.0,,0.8971794842528542,0.0,0.0,0.8478861705394616,0.7396011396011396,0.557799742157284,0.6359627633512984,0.3310281932353973,-0.0191395102985321,0.0,0.3310281932353973,0.8478861705394616,0.0
adult,iid,20,2025,1,1,0.9847886170539462,0.0,0.8425881216803477,0.0,0.824706534117839,0.0,0.8824039883982342,0.0,,0.8971794842528542,0.0,0.0,0.8478861705394616,0.7396011396011396,0.557799742157284,0.6359627633512984,0.3310281932353973,-0.0201152454292963,0.0,0.3310281932353973,0.8478861705394616,0.0
adult,iid,20,2025,1,2,0.9847886170539462,0.0,0.8425881216803477,0.0,0.824706534117839,0.0110704017061256,0.8824039883982342,0.0,,0.8971794842528542,0.0161837749569027,0.0161837749569027,0.8478861705394616,0.7396011396011396,0.557799742157284,0.6359627633512984,0.3310281932353973,-0.0180957856632414,0.0116189291789268,0.3310281932353973,0.8478861705394616,0.0116189291789268
adult,iid,20,2025,1,3,0.9847886170539462,0.0,0.8425881216803477,0.0,0.824706534117839,0.0,0.8824039883982342,0.0,,0.8971794842528542,0.0030365783956671,0.0030365783956671,0.8478861705394616,0.7396011396011396,0.557799742157284,0.6359627633512984,0.3310281932353973,-0.0206394397392474,0.0,0.3310281932353973,0.8478861705394616,0.0
adult,iid,20,2025,1,4,0.9847886170539462,0.0,0.8425881216803477,0.0,0.824706534117839,0.0,0.8824039883982342,0.0040342189357747,,0.8971794842528542,0.0,0.0,0.8478861705394616,0.7396011396011396,0.557799742157284,0.6359627633512984,0.3310281932353973,0.0,0.0,0.3310281932353973,0.8478861705394616,0.0
adult,iid,20,2025,1,5,0.9847886170539462,0.0,0.8425881216803477,0.0,0.824706534117839,0.0,0.8824039883982342,0.0,,0.8971794842528542,0.0,0.0,0.8478861705394616,0.7396011396011396,0.557799742157284,0.6359627633512984,0.3310281932353973,0.0,0.0,0.3310281932353973,0.8478861705394616,0.0
adult,iid,20,2025,1,6,0.9847886170539462,0.0,0.8425881216803477,0.0,0.824706534117839,0.0,0.8824039883982342,0.0,,0.8971794842528542,0.0,0.0,0.8478861705394616,0.7396011396011396,0.557799742157284,0.6359627633512984,0.3310281932353973,0.0,0.0,0.3310281932353973,0.8478861705394616,0.0
adult,iid,20,2025,1,7,0.9847886170539462,0.0,0.8425881216803477,0.0,0.824706534117839,0.0,0.8824039883982342,0.0,,0.8971794842528542,0.0,0.0,0.8478861705394616,0.7396011396011396,0.557799742157284,0.6359627633512984,0.3310281932353973,0.0,0.0,0.3310281932353973,0.8478861705394616,0.0
adult,iid,20,2025,1,8,0.9847886170539462,0.0,0.8425881216803477,0.0,0.824706534117839,0.0,0.8824039883982342,0.0,,0.8971794842528542,0.0,0.0,0.8478861705394616,0.7396011396011396,0.557799742157284,0.6359627633512984,0.3310281932353973,-0.0197849798770177,0.0,0.3310281932353973,0.8478861705394616,0.0
adult,iid,20,2025,1,9,0.9847886170539462,0.0012900262063519,0.8425881216803477,0.0203581818377147,0.824706534117839,0.0,0.8824039883982342,0.0,,0.8971794842528542,0.0,0.0,0.8478861705394616,0.7396011396011396,0.557799742157284,0.6359627633512984,0.3310281932353973,0.0,0.0109432137700019,0.3310281932353973,0.8478861705394616,0.0109432137700019
adult,iid,20,2025,1,10,0.9847886170539462,0.0,0.8425881216803477,0.0,0.824706534117839,0.0,0.8824039883982342,0.0,,0.8971794842528542,0.0,0.0,0.8478861705394616,0.7396011396011396,0.557799742157284,0.6359627633512984,0.3310281932353973,-0.016489609051003,0.0,0.3310281932353973,0.8478861705394616,0.0
adult,iid,20,2025,1,11,0.9847886170539462,0.0,0.8425881216803477,0.0,0.824706534117839,0.0,0.8824039883982342,0.0,,0.8971794842528542,0.0,0.0,0.8478861705394616,0.7396011396011396,0.557799742157284,0.6359627633512984,0.3310281932353973,0.0,0.0,0.3310281932353973,0.8478861705394616,0.0
adult,iid,20,2025,1,12,0.9847886170539462,0.0,0.8425881216803477,0.0,0.824706534117839,0.0,0.8824039883982342,0.0,,0.8971794842528542,0.0,0.0,0.8478861705394616,0.7396011396011396,0.557799742157284,0.6359627633512984,0.3310281932353973,0.0,0.0,0.3310281932353973,0.8478861705394616,0.0
adult,iid,20,2025,1,13,0.9847886170539462,0.0,0.8425881216803477,0.0,0.824706534117839,0.0,0.8824039883982342,0.0,,0.8971794842528542,0.0,0.0,0.8478861705394616,0.7396011396011396,0.557799742157284,0.6359627633512984,0.3310281932353973,0.0,0.0103028903849127,0.3310281932353973,0.8478861705394616,0.0103028903849127
adult,iid,20,2025,1,14,0.9847886170539462,0.0,0.8425881216803477,0.0,0.824706534117839,0.0,0.8824039883982342,0.0,,0.8971794842528542,0.0,0.0,0.8478861705394616,0.7396011396011396,0.557799742157284,0.6359627633512984,0.3310281932353973,0.0,0.0,0.3310281932353973,0.8478861705394616,0.0
adult,iid,20,2025,1,15,0.9847886170539462,0.0,0.8425881216803477,0.0,0.824706534117839,0.0,0.8824039883982342,0.0,,0.8971794842528542,0.0,0.0,0.8478861705394616,0.7396011396011396,0.557799742157284,0.6359627633512984,0.3310281932353973,-0.0177965992026858,0.0,0.3310281932353973,0.8478861705394616,0.0
adult,iid,20,2025,1,16,0.9847886170539462,0.0,0.8425881216803477,0.0,0.824706534117839,0.0,0.8824039883982342,0.0,,0.8971794842528542,0.0,0.0,0.8478861705394616,0.7396011396011396,0.557799742157284,0.6359627633512984,0.3310281932353973,-0.0174772963322028,0.0,0.3310281932353973,0.8478861705394616,0.0
adult,iid,20,2025,1,17,0.9847886170539462,0.0,0.8425881216803477,0.0,0.824706534117839,0.0,0.8824039883982342,0.0,,0.8971794842528542,0.0,0.0,0.8478861705394616,0.7396011396011396,0.557799742157284,0.6359627633512984,0.3310281932353973,0.0,0.0,0.3310281932353973,0.8478861705394616,0.0
adult,iid,20,2025,1,18,0.9847886170539462,0.0,0.8425881216803477,0.0,0.824706534117839,0.0,0.8824039883982342,0.0,,0.8971794842528542,0.0,0.0,0.8478861705394616,0.7396011396011396,0.557799742157284,0.6359627633512984,0.3310281932353973,0.0,0.0,0.3310281932353973,0.8478861705394616,0.0
adult,iid,20,2025,1,19,0.9847886170539462,0.0,0.8425881216803477,0.0,0.824706534117839,0.0,0.8824039883982342,0.0,,0.8971794842528542,0.0,0.0,0.8478861705394616,0.7396011396011396,0.557799742157284,0.6359627633512984,0.3310281932353973,0.0,0.0104319351487445,0.3310281932353973,0.8478861705394616,0.0104319351487445
adult,iid,20,2025,2,0,0.9825713993243936,0.0,0.8697797568901191,0.0,0.833223435190779,0.0,0.9074071916970494,-0.0010972197235772,,0.9304530538093756,0.0,0.0,0.8504452861091207,0.7402885682574917,0.5732703051138806,0.6461612981351417,0.3176439106464386,0.0,0.0,0.3176439106464386,0.8504452861091207,0.0
adult,iid,20,2025,2,1,0.9825713993243936,0.0,0.8697797568901191,0.0,0.833223435190779,0.0,0.9074071916970494,-0.0011968958848072,,0.9304530538093756,0.0,0.0,0.8504452861091207,0.7402885682574917,0.5732703051138806,0.6461612981351417,0.3176439106464386,0.0,0.0,0.3176439106464386,0.8504452861091207,0.0
adult,iid,20,2025,2,2,0.9825713993243936,0.0,0.8697797568901191,0.0112915912468525,0.833223435190779,0.0,0.9074071916970494,0.0017084440107228,,0.9304530538093756,0.0,0.0,0.8504452861091207,0.7402885682574917,0.5732703051138806,0.6461612981351417,0.3176439106464386,0.0,0.0007583632617694,0.3176439106464386,0.8504452861091207,0.0007583632617694
adult,iid,20,2025,2,3,0.9825713993243936,0.0,0.8697797568901191,0.0,0.833223435190779,0.0,0.9074071916970494,-0.0069637325456166,,0.9304530538093756,0.0,0.0,0.8504452861091207,0.7402885682574917,0.5732703051138806,0.6461612981351417,0.3176439106464386,0.0,0.0,0.3176439106464386,0.8504452861091207,0.0
adult,iid,20,2025,2,4,0.9825713993243936,0.0,0.8697797568901191,0.0,0.833223435190779,0.0178725781697629,0.9074071916970494,0.0013551104444222,,0.9304530538093756,0.0144015637085345,0.0144015637085345,0.8504452861091207,0.7402885682574917,0.5732703051138806,0.6461612981351417,0.3176439106464386,0.0,0.0,0.3176439106464386,0.8504452861091207,0.0
adult,iid,20,2025,2,5,0.9825713993243936,0.0,0.8697797568901191,0.0,0.833223435190779,0.0,0.9074071916970494,-0.0011938040363434,,0.9304530538093756,0.0,0.0,0.8504452861091207,0.7402885682574917,0.5732703051138806,0.6461612981351417,0.3176439106464386,0.0,0.0,0.3176439106464386,0.8504452861091207,0.0
adult,iid,20,2025,2,6,0.9825713993243936,0.0,0.8697797568901191,0.0,0.833223435190779,0.0,0.9074071916970494,0.0,,0.9304530538093756,8.04250399887755e-05,8.04250399887755e-05,0.8504452861091207,0.7402885682574917,0.5732703051138806,0.6461612981351417,0.3176439106464386,0.0,0.0005989051310627,0.3176439106464386,0.8504452861091207,0.0005989051310627
adult,iid,20,2025,2,7,0.9825713993243936,0.0,0.8697797568901191,0.0,0.833223435190779,0.0,0.9074071916970494,0.0,,0.9304530538093756,0.0129970209125267,0.0129970209125267,0.8504452861091207,0.7402885682574917,0.5732703051138806,0.6461612981351417,0.3176439106464386,-0.0010191655677297,0.0,0.3176439106464386,0.8504452861091207,0.0
adult,iid,20,2025,2,8,0.9825713993243936,0.0,0.8697797568901191,0.0,0.833223435190779,0.0,0.9074071916970494,0.0024252764939416,,0.9304530538093756,0.0,0.0,0.8504452861091207,0.7402885682574917,0.5732703051138806,0.6461612981351417,0.3176439106464386,-0.0007686401190965,0.0,0.3176439106464386,0.8504452861091207,0.0
adult,iid,20,2025,2,9,0.9825713993243936,0.0002698874615871,0.8697797568901191,0.0171657606862993,0.833223435190779,0.0,0.9074071916970494,0.0032024359739301,,0.9304530538093756,0.0,0.0,0.8504452861091207,0.7402885682574917,0.5732703051138806,0.6461612981351417,0.3176439106464386,0.0,0.0,0.3176439106464386,0.8504452861091207,0.0
adult,iid,20,2025,2,10,0.9825713993243936,0.0,0.8697797568901191,0.0,0.833223435190779,0.0,0.9074071916970494,0.0,,0.9304530538093756,0.0,0.0,0.8504452861091207,0.7402885682574917,0.5732703051138806,0.6461612981351417,0.3176439106464386,-0.001044467901406,0.0,0.3176439106464386,0.8504452861091207,0.0
adult,iid,20,2025,2,11,0.9825713993243936,0.0,0.8697797568901191,0.0,0.833223435190779,0.0,0.9074071916970494,0.0011651235466694,,0.9304530538093756,0.0,0.0,0.8504452861091207,0.7402885682574917,0.5732703051138806,0.6461612981351417,0.3176439106464386,-0.0001620943455592,0.0,0.3176439106464386,0.8504452861091207,0.0
adult,iid,20,2025,2,12,0.9825713993243936,0.0,0.8697797568901191,0.0,0.833223435190779,0.0,0.9074071916970494,0.0026294822994551,,0.9304530538093756,0.0,0.0,0.8504452861091207,0.7402885682574917,0.5732703051138806,0.6461612981351417,0.3176439106464386,0.0,0.0,0.3176439106464386,0.8504452861091207,0.0
adult,iid,20,2025,2,13,0.9825713993243936,0.0,0.8697797568901191,0.0,0.833223435190779,0.0,0.9074071916970494,0.0,,0.9304530538093756,0.0,0.0,0.8504452861091207,0.7402885682574917,0.5732703051138806,0.6461612981351417,0.3176439106464386,0.0,-0.0002364478610839,0.3176439106464386,0.8504452861091207,-0.0002364478610839
adult,iid,20,2025,2,14,0.9825713993243936,0.0,0.8697797568901191,0.0,0.833223435190779,0.0,0.9074071916970494,0.0,,0.9304530538093756,0.0,0.0,0.8504452861091207,0.7402885682574917,0.5732703051138806,0.6461612981351417,0.3176439106464386,0.0,0.0,0.3176439106464386,0.8504452861091207,0.0
adult,iid,20,2025,2,15,0.9825713993243936,0.0,0.8697797568901191,0.0,0.833223435190779,0.0,0.9074071916970494,-0.0008079521335839,,0.9304530538093756,0.0,0.0,0.8504452861091207,0.7402885682574917,0.5732703051138806,0.6461612981351417,0.3176439106464386,0.0,0.0,0.3176439106464386,0.8504452861091207,0.0
adult,iid,20,2025,2,16,0.9825713993243936,0.0,0.8697797568901191,0.0,0.833223435190779,0.0,0.9074071916970494,0.0,,0.9304530538093756,0.0,0.0,0.8504452861091207,0.7402885682574917,0.5732703051138806,0.6461612981351417,0.3176439106464386,0.0,0.0,0.3176439106464386,0.8504452861091207,0.0
adult,iid,20,2025,2,17,0.9825713993243936,0.0,0.8697797568901191,0.0,0.833223435190779,0.0,0.9074071916970494,-0.0037516974607583,,0.9304530538093756,0.0,0.0,0.8504452861091207,0.7402885682574917,0.5732703051138806,0.6461612981351417,0.3176439106464386,0.0,0.0,0.3176439106464386,0.8504452861091207,0.0
adult,iid,20,2025,2,18,0.9825713993243936,0.0,0.8697797568901191,0.0,0.833223435190779,0.0,0.9074071916970494,0.0,,0.9304530538093756,0.0,0.0,0.8504452861091207,0.7402885682574917,0.5732703051138806,0.6461612981351417,0.3176439106464386,-0.0013641706951286,0.0,0.3176439106464386,0.8504452861091207,0.0
adult,iid,20,2025,2,19,0.9825713993243936,0.0,0.8697797568901191,0.0,0.833223435190779,0.0,0.9074071916970494,-0.0007024068530317,,0.9304530538093756,0.0,0.0,0.8504452861091207,0.7402885682574917,0.5732703051138806,0.6461612981351417,0.3176439106464386,0.0,0.0005432533783929,0.3176439106464386,0.8504452861091207,0.0005432533783929
adult,iid,20,2025,3,0,0.9822776128569968,0.0,0.8791511809135595,0.0,0.8332320914433274,0.0,0.7833463406679169,0.0,,0.9356645967140084,0.0,0.0,0.8540280479066434,0.7487575924903368,0.5827245380318006,0.6553890768487192,0.3130442500114441,0.0,0.0,0.3130442500114441,0.8540280479066434,0.0
adult,iid,20,2025,3,1,0.9822776128569968,0.0,0.8791511809135595,0.0,0.8332320914433274,0.0,0.7833463406679169,0.0,,0.9356645967140084,0.0,0.0,0.8540280479066434,0.7487575924903368,0.5827245380318006,0.6553890768487192,0.3130442500114441,0.0,0.0,0.3130442500114441,0.8540280479066434,0.0
adult,iid,20,2025,3,2,0.9822776128569968,0.0,0.8791511809135595,0.0,0.8332320914433274,0.0,0.7833463406679169,0.0,,0.9356645967140084,0.0,0.0,0.8540280479066434,0.7487575924903368,0.5827245380318006,0.6553890768487192,0.3130442500114441,0.0,0.0,0.3130442500114441,0.8540280479066434,0.0
adult,iid,20,2025,3,3,0.9822776128569968,0.0,0.8791511809135595,0.0,0.8332320914433274,0.0,0.7833463406679169,0.0,,0.9356645967140084,0.0005321040930933,0.0005321040930933,0.8540280479066434,0.7487575924903368,0.5827245380318006,0.6553890768487192,0.3130442500114441,-0.0010331795078528,-8.19693943374696e-05,0.3130442500114441,0.8540280479066434,-8.19693943374696e-05
adult,iid,20,2025,3,4,0.9822776128569968,0.0,0.8791511809135595,0.0,0.8332320914433274,0.0,0.7833463406679169,0.0088305896474087,,0.9356645967140084,0.0,0.0,0.8540280479066434,0.7487575924903368,0.5827245380318006,0.6553890768487192,0.3130442500114441,0.0,0.0,0.3130442500114441,0.8540280479066434,0.0
adult,iid,20,2025,3,5,0.9822776128569968,0.0,0.8791511809135595,0.0,0.8332320914433274,0.0,0.7833463406679169,0.0,,0.9356645967140084,0.0,0.0,0.8540280479066434,0.7487575924903368,0.5827245380318006,0.6553890768487192,0.3130442500114441,0.0,-6.31280880561109e-05,0.3130442500114441,0.8540280479066434,-6.31280880561109e-05
adult,iid,20,2025,3,6,0.9822776128569968,0.0,0.8791511809135595,0.0,0.8332320914433274,0.0,0.7833463406679169,0.0,,0.9356645967140084,0.0,0.0,0.8540280479066434,0.7487575924903368,0.5827245380318006,0.6553890768487192,0.3130442500114441,0.0,0.0007454941598748,0.3130442500114441,0.8540280479066434,0.0007454941598748
adult,iid,20,2025,3,7,0.9822776128569968,0.0,0.8791511809135595,0.0,0.8332320914433274,0.0,0.7833463406679169,0.0,,0.9356645967140084,0.0106497080595206,0.0106497080595206,0.8540280479066434,0.7487575924903368,0.5827245380318006,0.6553890768487192,0.3130442500114441,0.0,0.0,0.3130442500114441,0.8540280479066434,0.0
adult,iid,20,2025,3,8,0.9822776128569968,0.0,0.8791511809135595,0.0,0.8332320914433274,0.0,0.7833463406679169,0.0,,0.9356645967140084,0.0,0.0,0.8540280479066434,0.7487575924903368,0.5827245380318006,0.6553890768487192,0.3130442500114441,-0.0004633700578364,0.0,0.3130442500114441,0.8540280479066434,0.0
adult,iid,20,2025,3,9,0.9822776128569968,0.0,0.8791511809135595,0.0153093224054802,0.8332320914433274,0.0,0.7833463406679169,0.0,,0.9356645967140084,0.0,0.0,0.8540280479066434,0.7487575924903368,0.5827245380318006,0.6553890768487192,0.3130442500114441,0.0005206979153337,0.0,0.3130442500114441,0.8540280479066434,0.0
adult,iid,20,2025,3,10,0.9822776128569968,0.0,0.8791511809135595,0.0,0.8332320914433274,0.0,0.7833463406679169,0.0,,0.9356645967140084,0.0,0.0,0.8540280479066434,0.7487575924903368,0.5827245380318006,0.6553890768487192,0.3130442500114441,0.0,0.0,0.3130442500114441,0.8540280479066434,0.0
adult,iid,20,2025,3,11,0.9822776128569968,0.0,0.8791511809135595,0.0128572024160063,0.8332320914433274,0.0,0.7833463406679169,0.0,,0.9356645967140084,0.0,0.0,0.8540280479066434,0.7487575924903368,0.5827245380318006,0.6553890768487192,0.3130442500114441,0.0,0.0,0.3130442500114441,0.8540280479066434,0.0
adult,iid,20,2025,3,12,0.9822776128569968,0.0,0.8791511809135595,0.0,0.8332320914433274,0.0,0.7833463406679169,0.0,,0.9356645967140084,0.0,0.0,0.8540280479066434,0.7487575924903368,0.5827245380318006,0.6553890768487192,0.3130442500114441,0.0,0.0003480785655278,0.3130442500114441,0.8540280479066434,0.0003480785655278
adult,iid,20,2025,3,13,0.9822776128569968,0.0,0.8791511809135595,0.0,0.8332320914433274,0.0,0.7833463406679169,0.0,,0.9356645967140084,0.0,0.0,0.8540280479066434,0.7487575924903368,0.5827245380318006,0.6553890768487192,0.3130442500114441,0.0,0.0003381723117097,0.3130442500114441,0.8540280479066434,0.0003381723117097
adult,iid,20,2025,3,14,0.9822776128569968,0.0,0.8791511809135595,0.0,0.8332320914433274,0.0,0.7833463406679169,0.0,,0.9356645967140084,0.0,0.0,0.8540280479066434,0.7487575924903368,0.5827245380318006,0.6553890768487192,0.3130442500114441,-0.0006838776859659,0.0,0.3130442500114441,0.8540280479066434,0.0
adult,iid,20,2025,3,15,0.9822776128569968,0.0,0.8791511809135595,0.0,0.8332320914433274,0.0,0.7833463406679169,0.0,,0.9356645967140084,0.0,0.0,0.8540280479066434,0.7487575924903368,0.5827245380318006,0.6553890768487192,0.3130442500114441,0.0,0.0002027868428633,0.3130442500114441,0.8540280479066434,0.0002027868428633
adult,iid,20,2025,3,16,0.9822776128569968,0.0,0.8791511809135595,0.0,0.8332320914433274,0.0,0.7833463406679169,0.0,,0.9356645967140084,0.0,0.0,0.8540280479066434,0.7487575924903368,0.5827245380318006,0.6553890768487192,0.3130442500114441,0.0,0.0,0.3130442500114441,0.8540280479066434,0.0
adult,iid,20,2025,3,17,0.9822776128569968,0.0,0.8791511809135595,0.0,0.8332320914433274,0.0,0.7833463406679169,0.0,,0.9356645967140084,0.0,0.0,0.8540280479066434,0.7487575924903368,0.5827245380318006,0.6553890768487192,0.3130442500114441,0.0,0.0,0.3130442500114441,0.8540280479066434,0.0
adult,iid,20,2025,3,18,0.9822776128569968,0.0,0.8791511809135595,0.0,0.8332320914433274,0.0,0.7833463406679169,0.0,,0.9356645967140084,0.0,0.0,0.8540280479066434,0.7487575924903368,0.5827245380318006,0.6553890768487192,0.3130442500114441,-0.0010155282715752,0.00016704663301,0.3130442500114441,0.8540280479066434,0.00016704663301
adult,iid,20,2025,3,19,0.9822776128569968,0.0,0.8791511809135595,0.0,0.8332320914433274,0.0,0.7833463406679169,0.0,,0.9356645967140084,0.0,0.0,0.8540280479066434,0.7487575924903368,0.5827245380318006,0.6553890768487192,0.3130442500114441,0.0,0.0,0.3130442500114441,0.8540280479066434,0.0
adult,iid,20,2025,4,0,0.9827525847067252,0.0,0.8866770595994724,0.0,0.8399757851977891,0.0,0.8388565970483057,0.0,,0.944908480511666,0.0,0.0,0.8531067663015662,0.7511261261261262,0.5732703051138806,0.6502559103095296,0.3100631535053253,0.0,0.0,0.3100631535053253,0.8531067663015662,0.0
adult,iid,20,2025,4,1,0.9827525847067252,0.0,0.8866770595994724,0.0,0.8399757851977891,0.0,0.8388565970483057,0.0,,0.944908480511666,0.0,0.0,0.8531067663015662,0.7511261261261262,0.5732703051138806,0.6502559103095296,0.3100631535053253,0.0,0.0,0.3100631535053253,0.8531067663015662,0.0
adult,iid,20,2025,4,2,0.9827525847067252,0.0,0.8866770595994724,0.0,0.8399757851977891,0.0,0.8388565970483057,0.0,,0.944908480511666,0.0,0.0,0.8531067663015662,0.7511261261261262,0.5732703051138806,0.6502559103095296,0.3100631535053253,-0.0010923850867483,0.0,0.3100631535053253,0.8531067663015662,0.0
adult,iid,20,2025,4,3,0.9827525847067252,0.0,0.8866770595994724,0.0,0.8399757851977891,0.0,0.8388565970483057,0.0,,0.944908480511666,0.0,0.0,0.8531067663015662,0.7511261261261262,0.5732703051138806,0.6502559103095296,0.3100631535053253,0.0,0.0,0.3100631535053253,0.8531067663015662,0.0
adult,iid,20,2025,4,4,0.9827525847067252,0.0,0.8866770595994724,0.0,0.8399757851977891,0.0120723333627757,0.8388565970483057,0.0,,0.944908480511666,0.0080126649139028,0.0080126649139028,0.8531067663015662,0.7511261261261262,0.5732703051138806,0.6502559103095296,0.3100631535053253,0.0,0.0,0.3100631535053253,0.8531067663015662,0.0
adult,iid,20,2025,4,5,0.9827525847067252,0.0,0.8866770595994724,0.0,0.8399757851977891,0.0,0.8388565970483057,0.0,,0.944908480511666,0.0,0.0,0.8531067663015662,0.7511261261261262,0.5732703051138806,0.6502559103095296,0.3100631535053253,0.0,0.0,0.3100631535053253,0.8531067663015662,0.0
adult,iid,20,2025,4,6,0.9827525847067252,0.0,0.8866770595994724,0.0,0.8399757851977891,0.0,0.8388565970483057,0.0,,0.944908480511666,-0.0025837994616036,0.0025837994616036,0.8531067663015662,0.7511261261261262,0.5732703051138806,0.6502559103095296,0.3100631535053253,0.0,0.0,0.3100631535053253,0.8531067663015662,0.0
adult,iid,20,2025,4,7,0.9827525847067252,0.0,0.8866770595994724,0.0,0.8399757851977891,0.0,0.8388565970483057,0.0,,0.944908480511666,0.0098067060577646,0.0098067060577646,0.8531067663015662,0.7511261261261262,0.5732703051138806,0.6502559103095296,0.3100631535053253,-0.0004185066316966,0.0,0.3100631535053253,0.8531067663015662,0.0
adult,iid,20,2025,4,8,0.9827525847067252,0.0,0.8866770595994724,0.0,0.8399757851977891,0.0,0.8388565970483057,0.0,,0.944908480511666,0.0,0.0,0.8531067663015662,0.7511261261261262,0.5732703051138806,0.6502559103095296,0.3100631535053253,0.0,0.0,0.3100631535053253,0.8531067663015662,0.0
adult,iid,20,2025,4,9,0.9827525847067252,0.0,0.8866770595994724,0.0151067270518491,0.8399757851977891,0.0,0.8388565970483057,0.0,,0.944908480511666,0.0110693834374207,0.0110693834374207,0.8531067663015662,0.7511261261261262,0.5732703051138806,0.6502559103095296,0.3100631535053253,0.0,0.0,0.3100631535053253,0.8531067663015662,0.0
adult,iid,20,2025,4,10,0.9827525847067252,0.0,0.8866770595994724,0.0,0.8399757851977891,0.0,0.8388565970483057,0.0,,0.944908480511666,0.0,0.0,0.8531067663015662,0.7511261261261262,0.5732703051138806,0.6502559103095296,0.3100631535053253,0.0,0.0,0.3100631535053253,0.8531067663015662,0.0
adult,iid,20,2025,4,11,0.9827525847067252,0.0,0.8866770595994724,0.0144740600900707,0.8399757851977891,0.0,0.8388565970483057,0.0,,0.944908480511666,0.0,0.0,0.8531067663015662,0.7511261261261262,0.5732703051138806,0.6502559103095296,0.3100631535053253,0.0,0.0,0.3100631535053253,0.8531067663015662,0.0
adult,iid,20,2025,4,12,0.9827525847067252,0.0,0.8866770595994724,0.0,0.8399757851977891,0.0,0.8388565970483057,0.0,,0.944908480511666,0.0,0.0,0.8531067663015662,0.7511261261261262,0.5732703051138806,0.6502559103095296,0.3100631535053253,0.0,0.0,0.3100631535053253,0.8531067663015662,0.0
adult,iid,20,2025,4,13,0.9827525847067252,0.0,0.8866770595994724,0.0,0.8399757851977891,0.0,0.8388565970483057,0.0,,0.944908480511666,0.0,0.0,0.8531067663015662,0.7511261261261262,0.5732703051138806,0.6502559103095296,0.3100631535053253,6.739588247405158e-05,0.0,0.3100631535053253,0.8531067663015662,0.0
adult,iid,20,2025,4,14,0.9827525847067252,0.0,0.8866770595994724,0.0,0.8399757851977891,0.0,0.8388565970483057,0.0,,0.944908480511666,0.0,0.0,0.8531067663015662,0.7511261261261262,0.5732703051138806,0.6502559103095296,0.3100631535053253,0.0,0.0,0.3100631535053253,0.8531067663015662,0.0
adult,iid,20,2025,4,15,0.9827525847067252,0.0,0.8866770595994724,0.0,0.8399757851977891,0.0,0.8388565970483057,0.0,,0.944908480511666,0.0,0.0,0.8531067663015662,0.7511261261261262,0.5732703051138806,0.6502559103095296,0.3100631535053253,0.0,0.0,0.3100631535053253,0.8531067663015662,0.0
adult,iid,20,2025,4,16,0.9827525847067252,0.0,0.8866770595994724,0.0,0.8399757851977891,0.0,0.8388565970483057,0.0,,0.944908480511666,0.0,0.0,0.8531067663015662,0.7511261261261262,0.5732703051138806,0.6502559103095296,0.3100631535053253,-0.0002167847835355,0.0,0.3100631535053253,0.8531067663015662,0.0
adult,iid,20,2025,4,17,0.9827525847067252,0.0,0.8866770595994724,0.0,0.8399757851977891,0.0,0.8388565970483057,0.0,,0.944908480511666,0.0,0.0,0.8531067663015662,0.7511261261261262,0.5732703051138806,0.6502559103095296,0.3100631535053253,0.0,0.0,0.3100631535053253,0.8531067663015662,0.0
adult,iid,20,2025,4,18,0.9827525847067252,0.0,0.8866770595994724,0.0,0.8399757851977891,0.0,0.8388565970483057,0.0,,0.944908480511666,0.0,0.0,0.8531067663015662,0.7511261261261262,0.5732703051138806,0.6502559103095296,0.3100631535053253,-0.0008108193675676,0.0,0.3100631535053253,0.8531067663015662,0.0
adult,iid,20,2025,4,19,0.9827525847067252,0.0,0.8866770595994724,0.0,0.8399757851977891,0.0,0.8388565970483057,0.0028429033410049,,0.944908480511666,0.0,0.0,0.8531067663015662,0.7511261261261262,0.5732703051138806,0.6502559103095296,0.3100631535053253,0.0,0.0,0.3100631535053253,0.8531067663015662,0.0
adult,iid,20,2025,5,0,0.9835203193776232,0.0,0.9077402348430386,0.0,0.8389043019588485,0.0,0.884774429521602,0.0,,0.9438435485794224,0.0,0.0,0.8548469648889344,0.754907459338194,0.578427159432746,0.6549878345498783,0.3075392842292785,0.0,-8.828777879839172e-05,0.3075392842292785,0.8548469648889344,-8.828777879839172e-05
adult,iid,20,2025,5,1,0.9835203193776232,0.0,0.9077402348430386,0.0,0.8389043019588485,0.0,0.884774429521602,0.0,,0.9438435485794224,0.0,0.0,0.8548469648889344,0.754907459338194,0.578427159432746,0.6549878345498783,0.3075392842292785,0.0,0.0,0.3075392842292785,0.8548469648889344,0.0
adult,iid,20,2025,5,2,0.9835203193776232,0.0,0.9077402348430386,0.0,0.8389043019588485,0.0,0.884774429521602,0.0,,0.9438435485794224,0.0,0.0,0.8548469648889344,0.754907459338194,0.578427159432746,0.6549878345498783,0.3075392842292785,0.0,0.0,0.3075392842292785,0.8548469648889344,0.0
adult,iid,20,2025,5,3,0.9835203193776232,0.0,0.9077402348430386,0.0,0.8389043019588485,0.0,0.884774429521602,0.0,,0.9438435485794224,0.0,0.0,0.8548469648889344,0.754907459338194,0.578427159432746,0.6549878345498783,0.3075392842292785,-0.0010202065006726,0.0,0.3075392842292785,0.8548469648889344,0.0
adult,iid,20,2025,5,4,0.9835203193776232,0.0,0.9077402348430386,0.0,0.8389043019588485,0.0112344432700935,0.884774429521602,0.0,,0.9438435485794224,0.0063570841701736,0.0063570841701736,0.8548469648889344,0.754907459338194,0.578427159432746,0.6549878345498783,0.3075392842292785,0.0020651021558377,0.0,0.3075392842292785,0.8548469648889344,0.0
adult,iid,20,2025,5,5,0.9835203193776232,0.0,0.9077402348430386,0.0,0.8389043019588485,0.0,0.884774429521602,0.0,,0.9438435485794224,0.0,0.0,0.8548469648889344,0.754907459338194,0.578427159432746,0.6549878345498783,0.3075392842292785,0.0,0.0,0.3075392842292785,0.8548469648889344,0.0
adult,iid,20,2025,5,6,0.9835203193776232,0.0,0.9077402348430386,0.0,0.8389043019588485,0.0,0.884774429521602,0.0,,0.9438435485794224,-0.0005840986133494,0.0005840986133494,0.8548469648889344,0.754907459338194,0.578427159432746,0.6549878345498783,0.3075392842292785,0.0,0.000426815376451,0.3075392842292785,0.8548469648889344,0.000426815376451
adult,iid,20,2025,5,7,0.9835203193776232,0.0,0.9077402348430386,0.0,0.8389043019588485,0.0,0.884774429521602,0.0,,0.9438435485794224,0.0087105433493852,0.0087105433493852,0.8548469648889344,0.754907459338194,0.578427159432746,0.6549878345498783,0.3075392842292785,0.0,0.0,0.3075392842292785,0.8548469648889344,0.0
adult,iid,20,2025,5,8,0.9835203193776232,0.0,0.9077402348430386,0.0,0.8389043019588485,0.0,0.884774429521602,0.0,,0.9438435485794224,0.0,0.0,0.8548469648889344,0.754907459338194,0.578427159432746,0.6549878345498783,0.3075392842292785,0.0,0.0,0.3075392842292785,0.8548469648889344,0.0
adult,iid,20,2025,5,9,0.9835203193776232,0.0,0.9077402348430386,0.0,0.8389043019588485,0.0,0.884774429521602,0.0,,0.9438435485794224,0.0090663727236913,0.0090663727236913,0.8548469648889344,0.754907459338194,0.578427159432746,0.6549878345498783,0.3075392842292785,0.0,0.0,0.3075392842292785,0.8548469648889344,0.0
adult,iid,20,2025,5,10,0.9835203193776232,0.0,0.9077402348430386,0.0,0.8389043019588485,0.0,0.884774429521602,0.001028081464257,,0.9438435485794224,0.0,0.0,0.8548469648889344,0.754907459338194,0.578427159432746,0.6549878345498783,0.3075392842292785,0.0,0.0,0.3075392842292785,0.8548469648889344,0.0
adult,iid,20,2025,5,11,0.9835203193776232,0.0,0.9077402348430386,0.0141384370547442,0.8389043019588485,0.0,0.884774429521602,0.0,,0.9438435485794224,0.0,0.0,0.8548469648889344,0.754907459338194,0.578427159432746,0.6549878345498783,0.3075392842292785,0.0,0.0,0.3075392842292785,0.8548469648889344,0.0
adult,iid,20,2025,5,12,0.9835203193776232,0.0,0.9077402348430386,0.0,0.8389043019588485,0.0,0.884774429521602,0.0,,0.9438435485794224,0.0,0.0,0.8548469648889344,0.754907459338194,0.578427159432746,0.6549878345498783,0.3075392842292785,-0.0004260615031752,0.0005185198649552,0.3075392842292785,0.8548469648889344,0.0005185198649552
adult,iid,20,2025,5,13,0.9835203193776232,0.0,0.9077402348430386,0.0,0.8389043019588485,0.0,0.884774429521602,0.0,,0.9438435485794224,0.0,0.0,0.8548469648889344,0.754907459338194,0.578427159432746,0.6549878345498783,0.3075392842292785,0.0002016136940154,0.0,0.3075392842292785,0.8548469648889344,0.0
adult,iid,20,2025,5,14,0.9835203193776232,0.0,0.9077402348430386,0.0,0.8389043019588485,0.0,0.884774429521602,0.0,,0.9438435485794224,0.0,0.0,0.8548469648889344,0.754907459338194,0.578427159432746,0.6549878345498783,0.3075392842292785,-0.0003400856835974,0.0,0.3075392842292785,0.8548469648889344,0.0
adult,iid,20,2025,5,15,0.9835203193776232,0.0,0.9077402348430386,0.0,0.8389043019588485,0.0,0.884774429521602,0.0,,0.9438435485794224,0.0,0.0,0.8548469648889344,0.754907459338194,0.578427159432746,0.6549878345498783,0.3075392842292785,0.0,0.0,0.3075392842292785,0.8548469648889344,0.0
adult,iid,20,2025,5,16,0.9835203193776232,0.0,0.9077402348430386,0.0,0.8389043019588485,0.0,0.884774429521602,0.0,,0.9438435485794224,0.0,0.0,0.8548469648889344,0.754907459338194,0.578427159432746,0.6549878345498783,0.3075392842292785,0.0,0.0,0.3075392842292785,0.8548469648889344,0.0
adult,iid,20,2025,5,17,0.9835203193776232,0.0,0.9077402348430386,0.0,0.8389043019588485,0.0,0.884774429521602,0.0,,0.9438435485794224,0.0,0.0,0.8548469648889344,0.754907459338194,0.578427159432746,0.6549878345498783,0.3075392842292785,0.0,0.0,0.3075392842292785,0.8548469648889344,0.0
adult,iid,20,2025,5,18,0.9835203193776232,0.0,0.9077402348430386,0.0,0.8389043019588485,0.0,0.884774429521602,-0.0050026063203997,,0.9438435485794224,0.0,0.0,0.8548469648889344,0.754907459338194,0.578427159432746,0.6549878345498783,0.3075392842292785,-0.0009527010843157,0.0,0.3075392842292785,0.8548469648889344,0.0
adult,iid,20,2025,5,19,0.9835203193776232,0.0,0.9077402348430386,0.0,0.8389043019588485,0.0,0.884774429521602,0.0,,0.9438435485794224,0.0,0.0,0.8548469648889344,0.754907459338194,0.578427159432746,0.6549878345498783,0.3075392842292785,0.0,0.0,0.3075392842292785,0.8548469648889344,0.0
adult,iid,20,2025,6,0,0.9845265636196132,0.0,0.912282804074296,0.0,0.8436523274345309,0.0,0.8394914326317138,0.0,,0.9494828671834225,0.0,0.0,0.8544375063977889,0.7578347578347578,0.5715513536742587,0.651641352278295,0.3059013783931732,0.0,0.0,0.3059013783931732,0.8544375063977889,0.0
adult,iid,20,2025,6,1,0.9845265636196132,0.0,0.912282804074296,0.0,0.8436523274345309,0.0,0.8394914326317138,0.0,,0.9494828671834225,0.0,0.0,0.8544375063977889,0.7578347578347578,0.5715513536742587,0.651641352278295,0.3059013783931732,0.0,0.0,0.3059013783931732,0.8544375063977889,0.0
adult,iid,20,2025,6,2,0.9845265636196132,0.0,0.912282804074296,0.0,0.8436523274345309,0.0,0.8394914326317138,0.0,,0.9494828671834225,0.0,0.0,0.8544375063977889,0.7578347578347578,0.5715513536742587,0.651641352278295,0.3059013783931732,-0.0008986220379506,0.0,0.3059013783931732,0.8544375063977889,0.0
adult,iid,20,2025,6,3,0.9845265636196132,0.0,0.912282804074296,0.0,0.8436523274345309,0.0,0.8394914326317138,0.0,,0.9494828671834225,0.0,0.0,0.8544375063977889,0.7578347578347578,0.5715513536742587,0.651641352278295,0.3059013783931732,-0.0008152541871241,0.0,0.3059013783931732,0.8544375063977889,0.0
adult,iid,20,2025,6,4,0.9845265636196132,0.0,0.912282804074296,0.0,0.8436523274345309,0.0091827172464634,0.8394914326317138,0.0051613656655692,,0.9494828671834225,0.0033551958454674,0.0033551958454674,0.8544375063977889,0.7578347578347578,0.5715513536742587,0.651641352278295,0.3059013783931732,0.0,0.0,0.3059013783931732,0.8544375063977889,0.0
adult,iid,20,2025,6,5,0.9845265636196132,0.0,0.912282804074296,0.0,0.8436523274345309,0.0,0.8394914326317138,0.0,,0.9494828671834225,0.0,0.0,0.8544375063977889,0.7578347578347578,0.5715513536742587,0.651641352278295,0.3059013783931732,0.0,0.0,0.3059013783931732,0.8544375063977889,0.0
adult,iid,20,2025,6,6,0.9845265636196132,0.0,0.912282804074296,0.0,0.8436523274345309,0.0,0.8394914326317138,0.0,,0.9494828671834225,0.0010564985016987,0.0010564985016987,0.8544375063977889,0.7578347578347578,0.5715513536742587,0.651641352278295,0.3059013783931732,0.0,0.0,0.3059013783931732,0.8544375063977889,0.0
adult,iid,20,2025,6,7,0.9845265636196132,0.0,0.912282804074296,0.0,0.8436523274345309,0.0,0.8394914326317138,0.0,,0.9494828671834225,0.0075474620412893,0.0075474620412893,0.8544375063977889,0.7578347578347578,0.5715513536742587,0.651641352278295,0.3059013783931732,0.0,0.0,0.3059013783931732,0.8544375063977889,0.0
adult,iid,20,2025,6,8,0.9845265636196132,0.0,0.912282804074296,0.0,0.8436523274345309,0.0,0.8394914326317138,0.0,,0.9494828671834225,0.0,0.0,0.8544375063977889,0.7578347578347578,0.5715513536742587,0.651641352278295,0.3059013783931732,-0.000352558354044,0.0,0.3059013783931732,0.8544375063977889,0.0
adult,iid,20,2025,6,9,0.9845265636196132,0.0,0.912282804074296,0.0,0.8436523274345309,0.0,0.8394914326317138,0.0,,0.9494828671834225,0.0,0.0,0.8544375063977889,0.7578347578347578,0.5715513536742587,0.651641352278295,0.3059013783931732,0.0,0.0,0.3059013783931732,0.8544375063977889,0.0
adult,iid,20,2025,6,10,0.9845265636196132,0.0,0.912282804074296,0.0,0.8436523274345309,0.0,0.8394914326317138,0.0,,0.9494828671834225,0.0,0.0,0.8544375063977889,0.7578347578347578,0.5715513536742587,0.651641352278295,0.3059013783931732,0.0,0.0,0.3059013783931732,0.8544375063977889,0.0
adult,iid,20,2025,6,11,0.9845265636196132,0.0011310274431567,0.912282804074296,0.0118154079764255,0.8436523274345309,0.0,0.8394914326317138,0.0,,0.9494828671834225,0.0,0.0,0.8544375063977889,0.7578347578347578,0.5715513536742587,0.651641352278295,0.3059013783931732,0.0,0.0,0.3059013783931732,0.8544375063977889,0.0
adult,iid,20,2025,6,12,0.9845265636196132,0.0,0.912282804074296,0.0,0.8436523274345309,0.0,0.8394914326317138,0.0,,0.9494828671834225,0.0,0.0,0.8544375063977889,0.7578347578347578,0.5715513536742587,0.651641352278295,0.3059013783931732,0.0,0.0,0.3059013783931732,0.8544375063977889,0.0
adult,iid,20,2025,6,13,0.9845265636196132,0.0,0.912282804074296,0.0,0.8436523274345309,0.0,0.8394914326317138,0.0,,0.9494828671834225,0.0,0.0,0.8544375063977889,0.7578347578347578,0.5715513536742587,0.651641352278295,0.3059013783931732,0.0,0.0,0.3059013783931732,0.8544375063977889,0.0
adult,iid,20,2025,6,14,0.9845265636196132,0.0,0.912282804074296,0.0,0.8436523274345309,0.0,0.8394914326317138,0.0,,0.9494828671834225,0.0,0.0,0.8544375063977889,0.7578347578347578,0.5715513536742587,0.651641352278295,0.3059013783931732,0.0,0.0,0.3059013783931732,0.8544375063977889,0.0
adult,iid,20,2025,6,15,0.9845265636196132,0.0,0.912282804074296,0.0,0.8436523274345309,0.0,0.8394914326317138,0.0,,0.9494828671834225,0.0,0.0,0.8544375063977889,0.7578347578347578,0.5715513536742587,0.651641352278295,0.3059013783931732,0.0,0.0,0.3059013783931732,0.8544375063977889,0.0
adult,iid,20,2025,6,16,0.9845265636196132,0.0,0.912282804074296,0.0,0.8436523274345309,0.0,0.8394914326317138,0.0,,0.9494828671834225,0.0,0.0,0.8544375063977889,0.7578347578347578,0.5715513536742587,0.651641352278295,0.3059013783931732,0.0,0.0,0.3059013783931732,0.8544375063977889,0.0
adult,iid,20,2025,6,17,0.9845265636196132,0.0,0.912282804074296,0.0,0.8436523274345309,0.0,0.8394914326317138,0.0,,0.9494828671834225,0.0,0.0,0.8544375063977889,0.7578347578347578,0.5715513536742587,0.651641352278295,0.3059013783931732,0.0,0.0,0.3059013783931732,0.8544375063977889,0.0
adult,iid,20,2025,6,18,0.9845265636196132,0.0,0.912282804074296,0.0,0.8436523274345309,0.0,0.8394914326317138,0.0,,0.9494828671834225,0.0,0.0,0.8544375063977889,0.7578347578347578,0.5715513536742587,0.651641352278295,0.3059013783931732,0.0,0.0,0.3059013783931732,0.8544375063977889,0.0
adult,iid,20,2025,6,19,0.9845265636196132,0.0,0.912282804074296,0.0,0.8436523274345309,0.0,0.8394914326317138,0.0,,0.9494828671834225,0.0,0.0,0.8544375063977889,0.7578347578347578,0.5715513536742587,0.651641352278295,0.3059013783931732,-0.0006654046619562,0.0,0.3059013783931732,0.8544375063977889,0.0
adult,iid,20,2025,7,0,0.9846299518886272,0.0,0.9096681442434408,0.0,0.8418183844424343,0.0,0.8551060583116867,0.0,,0.9482497206908204,0.0,0.0,0.8547446002661481,0.7564971751412429,0.5754189944134078,0.6536490114718086,0.3042277991771698,0.0,0.0,0.3042277991771698,0.8547446002661481,0.0
adult,iid,20,2025,7,1,0.9846299518886272,0.0,0.9096681442434408,0.0,0.8418183844424343,0.0,0.8551060583116867,0.0,,0.9482497206908204,0.0044070703029672,0.0044070703029672,0.8547446002661481,0.7564971751412429,0.5754189944134078,0.6536490114718086,0.3042277991771698,-0.000494023285261,0.0,0.3042277991771698,0.8547446002661481,0.0
adult,iid,20,2025,7,2,0.9846299518886272,0.0,0.9096681442434408,0.0,0.8418183844424343,0.0,0.8551060583116867,0.0,,0.9482497206908204,0.0,0.0,0.8547446002661481,0.7564971751412429,0.5754189944134078,0.6536490114718086,0.3042277991771698,-0.0007693755917432,0.0,0.3042277991771698,0.8547446002661481,0.0
adult,iid,20,2025,7,3,0.9846299518886272,0.0,0.9096681442434408,0.0,0.8418183844424343,0.0,0.8551060583116867,0.0,,0.9482497206908204,0.0,0.0,0.8547446002661481,0.7564971751412429,0.5754189944134078,0.6536490114718086,0.3042277991771698,0.0,0.0,0.3042277991771698,0.8547446002661481,0.0
adult,iid,20,2025,7,4,0.9846299518886272,0.0,0.9096681442434408,0.0,0.8418183844424343,0.0107484412571905,0.8551060583116867,0.0,,0.9482497206908204,0.0067487486926911,0.0067487486926911,0.8547446002661481,0.7564971751412429,0.5754189944134078,0.6536490114718086,0.3042277991771698,0.0018039643037609,0.0,0.3042277991771698,0.8547446002661481,0.0
adult,iid,20,2025,7,5,0.9846299518886272,0.0,0.9096681442434408,0.0,0.8418183844424343,0.0,0.8551060583116867,0.0,,0.9482497206908204,0.0,0.0,0.8547446002661481,0.7564971751412429,0.5754189944134078,0.6536490114718086,0.3042277991771698,0.0,0.0,0.3042277991771698,0.8547446002661481,0.0
adult,iid,20,2025,7,6,0.9846299518886272,0.0,0.9096681442434408,0.0,0.8418183844424343,0.0,0.8551060583116867,0.0,,0.9482497206908204,0.0,0.0,0.8547446002661481,0.7564971751412429,0.5754189944134078,0.6536490114718086,0.3042277991771698,-0.0003646372295007,0.0,0.3042277991771698,0.8547446002661481,0.0
adult,iid,20,2025,7,7,0.9846299518886272,0.0,0.9096681442434408,0.0,0.8418183844424343,0.0,0.8551060583116867,0.0,,0.9482497206908204,0.0075510544710322,0.0075510544710322,0.8547446002661481,0.7564971751412429,0.5754189944134078,0.6536490114718086,0.3042277991771698,0.0,0.0,0.3042277991771698,0.8547446002661481,0.0
adult,iid,20,2025,7,8,0.9846299518886272,0.0,0.9096681442434408,0.0,0.8418183844424343,0.0,0.8551060583116867,0.0,,0.9482497206908204,0.0,0.0,0.8547446002661481,0.7564971751412429,0.5754189944134078,0.6536490114718086,0.3042277991771698,-0.0006222671851879,0.0,0.3042277991771698,0.8547446002661481,0.0
adult,iid,20,2025,7,9,0.9846299518886272,0.0,0.9096681442434408,0.0,0.8418183844424343,0.0,0.8551060583116867,0.0,,0.9482497206908204,0.0,0.0,0.8547446002661481,0.7564971751412429,0.5754189944134078,0.6536490114718086,0.3042277991771698,0.0,0.0,0.3042277991771698,0.8547446002661481,0.0
adult,iid,20,2025,7,10,0.9846299518886272,0.0,0.9096681442434408,0.0,0.8418183844424343,0.0,0.8551060583116867,0.0036725462545622,,0.9482497206908204,0.0,0.0,0.8547446002661481,0.7564971751412429,0.5754189944134078,0.6536490114718086,0.3042277991771698,0.0005799135783823,0.0,0.3042277991771698,0.8547446002661481,0.0
adult,iid,20,2025,7,11,0.9846299518886272,0.0,0.9096681442434408,0.0106393910391208,0.8418183844424343,0.0,0.8551060583116867,0.0,,0.9482497206908204,0.0,0.0,0.8547446002661481,0.7564971751412429,0.5754189944134078,0.6536490114718086,0.3042277991771698,0.0009401181849037,0.0,0.3042277991771698,0.8547446002661481,0.0
adult,iid,20,2025,7,12,0.9846299518886272,0.0,0.9096681442434408,0.0,0.8418183844424343,0.0,0.8551060583116867,0.0,,0.9482497206908204,0.0,0.0,0.8547446002661481,0.7564971751412429,0.5754189944134078,0.6536490114718086,0.3042277991771698,0.0,0.0,0.3042277991771698,0.8547446002661481,0.0
adult,iid,20,2025,7,13,0.9846299518886272,0.0,0.9096681442434408,0.0,0.8418183844424343,0.0,0.8551060583116867,0.0,,0.9482497206908204,0.0,0.0,0.8547446002661481,0.7564971751412429,0.5754189944134078,0.6536490114718086,0.3042277991771698,0.0,0.0,0.3042277991771698,0.8547446002661481,0.0
adult,iid,20,2025,7,14,0.9846299518886272,0.0,0.9096681442434408,0.0,0.8418183844424343,0.0,0.8551060583116867,0.0,,0.9482497206908204,0.0,0.0,0.8547446002661481,0.7564971751412429,0.5754189944134078,0.6536490114718086,0.3042277991771698,-0.0006414225915583,0.0,0.3042277991771698,0.8547446002661481,0.0
adult,iid,20,2025,7,15,0.9846299518886272,0.0,0.9096681442434408,0.0,0.8418183844424343,0.0,0.8551060583116867,0.0,,0.9482497206908204,0.0,0.0,0.8547446002661481,0.7564971751412429,0.5754189944134078,0.6536490114718086,0.3042277991771698,0.0,0.0,0.3042277991771698,0.8547446002661481,0.0
adult,iid,20,2025,7,16,0.9846299518886272,0.0,0.9096681442434408,0.0,0.8418183844424343,0.0,0.8551060583116867,0.0,,0.9482497206908204,0.0,0.0,0.8547446002661481,0.7564971751412429,0.5754189944134078,0.6536490114718086,0.3042277991771698,0.0,0.0,0.3042277991771698,0.8547446002661481,0.0
adult,iid,20,2025,7,17,0.9846299518886272,0.0,0.9096681442434408,0.0,0.8418183844424343,0.0,0.8551060583116867,0.0,,0.9482497206908204,-0.0009817986198651,0.0009817986198651,0.8547446002661481,0.7564971751412429,0.5754189944134078,0.6536490114718086,0.3042277991771698,0.0,0.0,0.3042277991771698,0.8547446002661481,0.0
adult,iid,20,2025,7,18,0.9846299518886272,0.0,0.9096681442434408,0.0,0.8418183844424343,0.0,0.8551060583116867,0.0,,0.9482497206908204,0.0,0.0,0.8547446002661481,0.7564971751412429,0.5754189944134078,0.6536490114718086,0.3042277991771698,0.0,0.0,0.3042277991771698,0.8547446002661481,0.0
adult,iid,20,2025,7,19,0.9846299518886272,0.0,0.9096681442434408,0.0,0.8418183844424343,0.0,0.8551060583116867,0.0,,0.9482497206908204,0.0,0.0,0.8547446002661481,0.7564971751412429,0.5754189944134078,0.6536490114718086,0.3042277991771698,0.0,0.0,0.3042277991771698,0.8547446002661481,0.0
adult,iid,20,2025,8,0,0.9851079946770396,0.0,0.9093959731543624,0.0,0.8442703744061006,0.0,0.8566727626413819,0.0,,0.950958408318116,-0.0016940105739161,0.0016940105739161,0.8546422356433616,0.7581104154809334,0.5724108293940696,0.6523016650342801,0.3031437695026397,0.0,0.0,0.3031437695026397,0.8546422356433616,0.0
adult,iid,20,2025,8,1,0.9851079946770396,0.0,0.9093959731543624,0.0,0.8442703744061006,0.0,0.8566727626413819,0.0,,0.950958408318116,0.0,0.0,0.8546422356433616,0.7581104154809334,0.5724108293940696,0.6523016650342801,0.3031437695026397,0.0,0.0,0.3031437695026397,0.8546422356433616,0.0
adult,iid,20,2025,8,2,0.9851079946770396,0.0,0.9093959731543624,0.0,0.8442703744061006,0.0,0.8566727626413819,0.0,,0.950958408318116,0.0,0.0,0.8546422356433616,0.7581104154809334,0.5724108293940696,0.6523016650342801,0.3031437695026397,-0.000483097834412,0.0,0.3031437695026397,0.8546422356433616,0.0
adult,iid,20,2025,8,3,0.9851079946770396,0.0,0.9093959731543624,0.0,0.8442703744061006,0.0,0.8566727626413819,0.0,,0.950958408318116,0.0,0.0,0.8546422356433616,0.7581104154809334,0.5724108293940696,0.6523016650342801,0.3031437695026397,0.0,0.0,0.3031437695026397,0.8546422356433616,0.0
adult,iid,20,2025,8,4,0.9851079946770396,0.0,0.9093959731543624,0.0,0.8442703744061006,0.0,0.8566727626413819,0.0095746329796114,,0.950958408318116,0.0,0.0,0.8546422356433616,0.7581104154809334,0.5724108293940696,0.6523016650342801,0.3031437695026397,0.0,0.0,0.3031437695026397,0.8546422356433616,0.0
adult,iid,20,2025,8,5,0.9851079946770396,0.0,0.9093959731543624,0.0,0.8442703744061006,0.0,0.8566727626413819,0.0,,0.950958408318116,0.0,0.0,0.8546422356433616,0.7581104154809334,0.5724108293940696,0.6523016650342801,0.3031437695026397,0.0,0.0,0.3031437695026397,0.8546422356433616,0.0
adult,iid,20,2025,8,6,0.9851079946770396,0.0,0.9093959731543624,0.0,0.8442703744061006,0.0,0.8566727626413819,0.0,,0.950958408318116,0.0,0.0,0.8546422356433616,0.7581104154809334,0.5724108293940696,0.6523016650342801,0.3031437695026397,0.0,0.0,0.3031437695026397,0.8546422356433616,0.0
adult,iid,20,2025,8,7,0.9851079946770396,0.0,0.9093959731543624,0.0,0.8442703744061006,0.0088189051864231,0.8566727626413819,0.0,,0.950958408318116,0.0,0.0,0.8546422356433616,0.7581104154809334,0.5724108293940696,0.6523016650342801,0.3031437695026397,0.0,0.0,0.3031437695026397,0.8546422356433616,0.0
adult,iid,20,2025,8,8,0.9851079946770396,0.0,0.9093959731543624,0.0,0.8442703744061006,0.0,0.8566727626413819,0.0,,0.950958408318116,0.0,0.0,0.8546422356433616,0.7581104154809334,0.5724108293940696,0.6523016650342801,0.3031437695026397,0.0,0.0,0.3031437695026397,0.8546422356433616,0.0
adult,iid,20,2025,8,9,0.9851079946770396,0.0,0.9093959731543624,0.0,0.8442703744061006,0.0,0.8566727626413819,0.0,,0.950958408318116,0.0089332332298361,0.0089332332298361,0.8546422356433616,0.7581104154809334,0.5724108293940696,0.6523016650342801,0.3031437695026397,0.0,0.0,0.3031437695026397,0.8546422356433616,0.0
adult,iid,20,2025,8,10,0.9851079946770396,0.0,0.9093959731543624,0.0,0.8442703744061006,0.0,0.8566727626413819,0.0,,0.950958408318116,0.0,0.0,0.8546422356433616,0.7581104154809334,0.5724108293940696,0.6523016650342801,0.3031437695026397,0.0004455037817326,0.0,0.3031437695026397,0.8546422356433616,0.0
adult,iid,20,2025,8,11,0.9851079946770396,0.0,0.9093959731543624,0.0,0.8442703744061006,0.0,0.8566727626413819,0.0,,0.950958408318116,0.0,0.0,0.8546422356433616,0.7581104154809334,0.5724108293940696,0.6523016650342801,0.3031437695026397,0.0,0.0,0.3031437695026397,0.8546422356433616,0.0
adult,iid,20,2025,8,12,0.9851079946770396,0.0,0.9093959731543624,0.0,0.8442703744061006,0.0,0.8566727626413819,0.0,,0.950958408318116,0.0,0.0,0.8546422356433616,0.7581104154809334,0.5724108293940696,0.6523016650342801,0.3031437695026397,0.0,0.0,0.3031437695026397,0.8546422356433616,0.0
adult,iid,20,2025,8,13,0.9851079946770396,0.0,0.9093959731543624,0.0,0.8442703744061006,0.0,0.8566727626413819,0.0,,0.950958408318116,0.0,0.0,0.8546422356433616,0.7581104154809334,0.5724108293940696,0.6523016650342801,0.3031437695026397,0.0,0.0,0.3031437695026397,0.8546422356433616,0.0
adult,iid,20,2025,8,14,0.9851079946770396,0.0,0.9093959731543624,0.0,0.8442703744061006,0.0,0.8566727626413819,0.0,,0.950958408318116,0.0,0.0,0.8546422356433616,0.7581104154809334,0.5724108293940696,0.6523016650342801,0.3031437695026397,-0.0005189874903429,0.0,0.3031437695026397,0.8546422356433616,0.0
adult,iid,20,2025,8,15,0.9851079946770396,0.0,0.9093959731543624,0.0,0.8442703744061006,0.0,0.8566727626413819,0.0,,0.950958408318116,0.0,0.0,0.8546422356433616,0.7581104154809334,0.5724108293940696,0.6523016650342801,0.3031437695026397,0.0,0.0,0.3031437695026397,0.8546422356433616,0.0
adult,iid,20,2025,8,16,0.9851079946770396,0.0,0.9093959731543624,0.0,0.8442703744061006,0.0,0.8566727626413819,0.0,,0.950958408318116,0.0,0.0,0.8546422356433616,0.7581104154809334,0.5724108293940696,0.6523016650342801,0.3031437695026397,0.0,0.0,0.3031437695026397,0.8546422356433616,0.0
adult,iid,20,2025,8,17,0.9851079946770396,0.0,0.9093959731543624,0.0,0.8442703744061006,0.0,0.8566727626413819,0.0,,0.950958408318116,0.0,0.0,0.8546422356433616,0.7581104154809334,0.5724108293940696,0.6523016650342801,0.3031437695026397,0.0003962259956878,0.0,0.3031437695026397,0.8546422356433616,0.0
adult,iid,20,2025,8,18,0.9851079946770396,0.0,0.9093959731543624,0.0,0.8442703744061006,0.0,0.8566727626413819,0.0,,0.950958408318116,0.0,0.0,0.8546422356433616,0.7581104154809334,0.5724108293940696,0.6523016650342801,0.3031437695026397,-0.0009969676931269,0.0,0.3031437695026397,0.8546422356433616,0.0
adult,iid,20,2025,8,19,0.9851079946770396,0.0,0.9093959731543624,0.0,0.8442703744061006,0.0,0.8566727626413819,0.0,,0.950958408318116,0.0,0.0,0.8546422356433616,0.7581104154809334,0.5724108293940696,0.6523016650342801,0.3031437695026397,0.0,0.0,0.3031437695026397,0.8546422356433616,0.0
adult,iid,20,2025,9,0,0.9850342921486336,0.0,0.907491622786022,0.0,0.8412003374708643,0.0,0.8694626611841723,0.0,,0.9419600589244674,0.0,0.0,0.8553587880028662,0.7584841628959276,0.5762784701332188,0.654945054945055,0.3017842173576355,0.0,0.0,0.3017842173576355,0.8553587880028662,0.0
adult,iid,20,2025,9,1,0.9850342921486336,0.0,0.907491622786022,0.0,0.8412003374708643,0.0,0.8694626611841723,0.0,,0.9419600589244674,0.0,0.0,0.8553587880028662,0.7584841628959276,0.5762784701332188,0.654945054945055,0.3017842173576355,0.0,0.0,0.3017842173576355,0.8553587880028662,0.0
adult,iid,20,2025,9,2,0.9850342921486336,0.0,0.907491622786022,0.0,0.8412003374708643,0.0,0.8694626611841723,0.0,,0.9419600589244674,0.0,0.0,0.8553587880028662,0.7584841628959276,0.5762784701332188,0.654945054945055,0.3017842173576355,0.0,0.0,0.3017842173576355,0.8553587880028662,0.0
adult,iid,20,2025,9,3,0.9850342921486336,0.0,0.907491622786022,0.0,0.8412003374708643,0.0,0.8694626611841723,0.0,,0.9419600589244674,0.0,0.0,0.8553587880028662,0.7584841628959276,0.5762784701332188,0.654945054945055,0.3017842173576355,-0.0008077303918843,0.0,0.3017842173576355,0.8553587880028662,0.0
adult,iid,20,2025,9,4,0.9850342921486336,0.0,0.907491622786022,0.0,0.8412003374708643,0.0,0.8694626611841723,0.0,,0.9419600589244674,0.0043560646148659,0.0043560646148659,0.8553587880028662,0.7584841628959276,0.5762784701332188,0.654945054945055,0.3017842173576355,0.0,0.0,0.3017842173576355,0.8553587880028662,0.0
adult,iid,20,2025,9,5,0.9850342921486336,0.0,0.907491622786022,0.0,0.8412003374708643,0.0,0.8694626611841723,0.0,,0.9419600589244674,0.0,0.0,0.8553587880028662,0.7584841628959276,0.5762784701332188,0.654945054945055,0.3017842173576355,0.0,0.0,0.3017842173576355,0.8553587880028662,0.0
adult,iid,20,2025,9,6,0.9850342921486336,0.0,0.907491622786022,0.0,0.8412003374708643,0.0,0.8694626611841723,0.0,,0.9419600589244674,0.0,0.0,0.8553587880028662,0.7584841628959276,0.5762784701332188,0.654945054945055,0.3017842173576355,0.0,0.0,0.3017842173576355,0.8553587880028662,0.0
adult,iid,20,2025,9,7,0.9850342921486336,0.0,0.907491622786022,0.0,0.8412003374708643,0.0081443921934225,0.8694626611841723,0.0,,0.9419600589244674,0.0110508392596266,0.0110508392596266,0.8553587880028662,0.7584841628959276,0.5762784701332188,0.654945054945055,0.3017842173576355,-1.0498675050903627e-05,0.0,0.3017842173576355,0.8553587880028662,0.0
adult,iid,20,2025,9,8,0.9850342921486336,0.0,0.907491622786022,0.0,0.8412003374708643,0.0,0.8694626611841723,0.0,,0.9419600589244674,0.0,0.0,0.8553587880028662,0.7584841628959276,0.5762784701332188,0.654945054945055,0.3017842173576355,0.0,0.0,0.3017842173576355,0.8553587880028662,0.0
adult,iid,20,2025,9,9,0.9850342921486336,0.0,0.907491622786022,0.0,0.8412003374708643,0.0,0.8694626611841723,0.0,,0.9419600589244674,0.0,0.0,0.8553587880028662,0.7584841628959276,0.5762784701332188,0.654945054945055,0.3017842173576355,0.0,0.0,0.3017842173576355,0.8553587880028662,0.0
adult,iid,20,2025,9,10,0.9850342921486336,0.0,0.907491622786022,0.0,0.8412003374708643,0.0,0.8694626611841723,0.0119517532458236,,0.9419600589244674,0.0,0.0,0.8553587880028662,0.7584841628959276,0.5762784701332188,0.654945054945055,0.3017842173576355,0.0,0.0,0.3017842173576355,0.8553587880028662,0.0
adult,iid,20,2025,9,11,0.9850342921486336,0.0,0.907491622786022,0.0103586758383851,0.8412003374708643,0.0,0.8694626611841723,0.0,,0.9419600589244674,0.0,0.0,0.8553587880028662,0.7584841628959276,0.5762784701332188,0.654945054945055,0.3017842173576355,0.0,0.0,0.3017842173576355,0.8553587880028662,0.0
adult,iid,20,2025,9,12,0.9850342921486336,0.0,0.907491622786022,0.0,0.8412003374708643,0.0,0.8694626611841723,0.0,,0.9419600589244674,0.0,0.0,0.8553587880028662,0.7584841628959276,0.5762784701332188,0.654945054945055,0.3017842173576355,0.0,0.0,0.3017842173576355,0.8553587880028662,0.0
adult,iid,20,2025,9,13,0.9850342921486336,0.0,0.907491622786022,0.0,0.8412003374708643,0.0,0.8694626611841723,0.0,,0.9419600589244674,0.0,0.0,0.8553587880028662,0.7584841628959276,0.5762784701332188,0.654945054945055,0.3017842173576355,0.0003922934496132,0.0,0.3017842173576355,0.8553587880028662,0.0
adult,iid,20,2025,9,14,0.9850342921486336,0.0,0.907491622786022,0.0,0.8412003374708643,0.0,0.8694626611841723,0.0,,0.9419600589244674,0.0,0.0,0.8553587880028662,0.7584841628959276,0.5762784701332188,0.654945054945055,0.3017842173576355,0.0,0.0,0.3017842173576355,0.8553587880028662,0.0
adult,iid,20,2025,9,15,0.9850342921486336,0.0,0.907491622786022,0.0,0.8412003374708643,0.0,0.8694626611841723,0.0060229623544822,,0.9419600589244674,0.0,0.0,0.8553587880028662,0.7584841628959276,0.5762784701332188,0.654945054945055,0.3017842173576355,0.0,0.0,0.3017842173576355,0.8553587880028662,0.0
adult,iid,20,2025,9,16,0.9850342921486336,0.0,0.907491622786022,0.0,0.8412003374708643,0.0,0.8694626611841723,0.0,,0.9419600589244674,0.0,0.0,0.8553587880028662,0.7584841628959276,0.5762784701332188,0.654945054945055,0.3017842173576355,0.0,0.0,0.3017842173576355,0.8553587880028662,0.0
adult,iid,20,2025,9,17,0.9850342921486336,0.0,0.907491622786022,0.0,0.8412003374708643,0.0,0.8694626611841723,0.0,,0.9419600589244674,0.0,0.0,0.8553587880028662,0.7584841628959276,0.5762784701332188,0.654945054945055,0.3017842173576355,0.0,0.0,0.3017842173576355,0.8553587880028662,0.0
adult,iid,20,2025,9,18,0.9850342921486336,0.0,0.907491622786022,0.0,0.8412003374708643,0.0,0.8694626611841723,0.0,,0.9419600589244674,0.0,0.0,0.8553587880028662,0.7584841628959276,0.5762784701332188,0.654945054945055,0.3017842173576355,-0.0007781590562623,0.0,0.3017842173576355,0.8553587880028662,0.0
adult,iid,20,2025,9,19,0.9850342921486336,0.0,0.907491622786022,0.0,0.8412003374708643,0.0,0.8694626611841723,0.0,,0.9419600589244674,0.001873964533611,0.001873964533611,0.8553587880028662,0.7584841628959276,0.5762784701332188,0.654945054945055,0.3017842173576355,0.0,0.0,0.3017842173576355,0.8553587880028662,0.0
adult,iid,20,2025,10,0,0.9853536697717268,0.0,0.9071659289388684,0.0,0.8404378777177085,0.0,0.8596372700905077,0.0,,0.9422085849818992,0.0,0.0,0.8553587880028662,0.7573198198198198,0.5779974215728406,0.6556178406044357,0.3007904887199402,0.0,0.0,0.3007904887199402,0.8553587880028662,0.0
adult,iid,20,2025,10,1,0.9853536697717268,0.0,0.9071659289388684,0.0,0.8404378777177085,0.0,0.8596372700905077,0.0,,0.9422085849818992,0.0,0.0,0.8553587880028662,0.7573198198198198,0.5779974215728406,0.6556178406044357,0.3007904887199402,0.0,0.0,0.3007904887199402,0.8553587880028662,0.0
adult,iid,20,2025,10,2,0.9853536697717268,0.0,0.9071659289388684,0.0,0.8404378777177085,0.0,0.8596372700905077,0.0,,0.9422085849818992,0.0,0.0,0.8553587880028662,0.7573198198198198,0.5779974215728406,0.6556178406044357,0.3007904887199402,0.0,0.0,0.3007904887199402,0.8553587880028662,0.0
adult,iid,20,2025,10,3,0.9853536697717268,0.0,0.9071659289388684,0.0,0.8404378777177085,0.0,0.8596372700905077,0.0,,0.9422085849818992,0.0,0.0,0.8553587880028662,0.7573198198198198,0.5779974215728406,0.6556178406044357,0.3007904887199402,0.0,0.0,0.3007904887199402,0.8553587880028662,0.0
adult,iid,20,2025,10,4,0.9853536697717268,0.0,0.9071659289388684,0.0,0.8404378777177085,0.0,0.8596372700905077,0.0,,0.9422085849818992,0.0,0.0,0.8553587880028662,0.7573198198198198,0.5779974215728406,0.6556178406044357,0.3007904887199402,0.0,0.0,0.3007904887199402,0.8553587880028662,0.0
adult,iid,20,2025,10,5,0.9853536697717268,0.0,0.9071659289388684,0.0,0.8404378777177085,0.0,0.8596372700905077,0.0,,0.9422085849818992,0.0,0.0,0.8553587880028662,0.7573198198198198,0.5779974215728406,0.6556178406044357,0.3007904887199402,0.0,0.0,0.3007904887199402,0.8553587880028662,0.0
adult,iid,20,2025,10,6,0.9853536697717268,0.0,0.9071659289388684,0.0,0.8404378777177085,0.0,0.8596372700905077,0.0,,0.9422085849818992,0.0,0.0,0.8553587880028662,0.7573198198198198,0.5779974215728406,0.6556178406044357,0.3007904887199402,0.0,0.0,0.3007904887199402,0.8553587880028662,0.0
adult,iid,20,2025,10,7,0.9853536697717268,0.0,0.9071659289388684,0.0,0.8404378777177085,0.0,0.8596372700905077,0.0,,0.9422085849818992,0.0,0.0,0.8553587880028662,0.7573198198198198,0.5779974215728406,0.6556178406044357,0.3007904887199402,0.0,0.0,0.3007904887199402,0.8553587880028662,0.0
adult,iid,20,2025,10,8,0.9853536697717268,0.0,0.9071659289388684,0.0,0.8404378777177085,0.0,0.8596372700905077,0.0,,0.9422085849818992,0.0,0.0,0.8553587880028662,0.7573198198198198,0.5779974215728406,0.6556178406044357,0.3007904887199402,0.0,0.0,0.3007904887199402,0.8553587880028662,0.0
adult,iid,20,2025,10,9,0.9853536697717268,0.0,0.9071659289388684,0.0,0.8404378777177085,0.0,0.8596372700905077,0.0,,0.9422085849818992,0.0,0.0,0.8553587880028662,0.7573198198198198,0.5779974215728406,0.6556178406044357,0.3007904887199402,0.0,0.0,0.3007904887199402,0.8553587880028662,0.0
adult,iid,20,2025,10,10,0.9853536697717268,0.0,0.9071659289388684,0.0,0.8404378777177085,0.0,0.8596372700905077,0.0085745442948634,,0.9422085849818992,0.0,0.0,0.8553587880028662,0.7573198198198198,0.5779974215728406,0.6556178406044357,0.3007904887199402,0.0,0.0,0.3007904887199402,0.8553587880028662,0.0
adult,iid,20,2025,10,11,0.9853536697717268,0.0,0.9071659289388684,0.0,0.8404378777177085,0.0,0.8596372700905077,0.0,,0.9422085849818992,0.0,0.0,0.8553587880028662,0.7573198198198198,0.5779974215728406,0.6556178406044357,0.3007904887199402,0.0,0.0,0.3007904887199402,0.8553587880028662,0.0
adult,iid,20,2025,10,12,0.9853536697717268,0.0,0.9071659289388684,0.0,0.8404378777177085,0.0,0.8596372700905077,0.0,,0.9422085849818992,0.0,0.0,0.8553587880028662,0.7573198198198198,0.5779974215728406,0.6556178406044357,0.3007904887199402,0.0,0.0,0.3007904887199402,0.8553587880028662,0.0
adult,iid,20,2025,10,13,0.9853536697717268,0.0,0.9071659289388684,0.0,0.8404378777177085,0.0,0.8596372700905077,0.000292560812237,,0.9422085849818992,0.0,0.0,0.8553587880028662,0.7573198198198198,0.5779974215728406,0.6556178406044357,0.3007904887199402,0.0,0.0,0.3007904887199402,0.8553587880028662,0.0
adult,iid,20,2025,10,14,0.9853536697717268,0.0,0.9071659289388684,0.0,0.8404378777177085,0.0,0.8596372700905077,0.0,,0.9422085849818992,0.0,0.0,0.8553587880028662,0.7573198198198198,0.5779974215728406,0.6556178406044357,0.3007904887199402,0.0,0.0,0.3007904887199402,0.8553587880028662,0.0
adult,iid,20,2025,10,15,0.9853536697717268,0.0,0.9071659289388684,0.0,0.8404378777177085,0.0,0.8596372700905077,0.0,,0.9422085849818992,0.0,0.0,0.8553587880028662,0.7573198198198198,0.5779974215728406,0.6556178406044357,0.3007904887199402,0.0,0.0,0.3007904887199402,0.8553587880028662,0.0
adult,iid,20,2025,10,16,0.9853536697717268,0.0,0.9071659289388684,0.0,0.8404378777177085,0.0,0.8596372700905077,0.0,,0.9422085849818992,0.0,0.0,0.8553587880028662,0.7573198198198198,0.5779974215728406,0.6556178406044357,0.3007904887199402,0.0,0.0,0.3007904887199402,0.8553587880028662,0.0
adult,iid,20,2025,10,17,0.9853536697717268,0.0,0.9071659289388684,0.0,0.8404378777177085,0.0,0.8596372700905077,0.0,,0.9422085849818992,0.0,0.0,0.8553587880028662,0.7573198198198198,0.5779974215728406,0.6556178406044357,0.3007904887199402,0.0,0.0,0.3007904887199402,0.8553587880028662,0.0
adult,iid,20,2025,10,18,0.9853536697717268,0.0,0.9071659289388684,0.0,0.8404378777177085,0.0,0.8596372700905077,0.0102497463027833,,0.9422085849818992,0.0,0.0,0.8553587880028662,0.7573198198198198,0.5779974215728406,0.6556178406044357,0.3007904887199402,0.0,0.0,0.3007904887199402,0.8553587880028662,0.0
adult,iid,20,2025,10,19,0.9853536697717268,0.0,0.9071659289388684,0.0,0.8404378777177085,0.0,0.8596372700905077,0.0,,0.9422085849818992,0.0,0.0,0.8553587880028662,0.7573198198198198,0.5779974215728406,0.6556178406044357,0.3007904887199402,0.0,0.0,0.3007904887199402,0.8553587880028662,0.0
adult,iid,4,2025,1,0,0.9813747568840208,0.0,0.8863064574098478,0.0,0.8252003662304357,0.0,0.8604584794231731,0.0,,0.9128829171453942,0.0,0.0,0.8541304125294298,0.7522371364653244,0.5779974215728406,0.6537059538274606,0.3144952058792114,-0.103701572616895,0.057672228477838,0.3144952058792114,0.8541304125294298,0.057672228477838
adult,iid,4,2025,1,1,0.9813747568840208,0.0063642133278738,0.8863064574098478,0.1048214596302849,0.8252003662304357,-0.0201104850017889,0.8604584794231731,0.0,,0.9128829171453942,0.0056721278857416,0.0056721278857416,0.8541304125294298,0.7522371364653244,0.5779974215728406,0.6537059538274606,0.3144952058792114,-0.1017026752233505,0.0598321220186303,0.3144952058792114,0.8541304125294298,0.0598321220186303
adult,iid,4,2025,1,2,0.9813747568840208,0.0,0.8863064574098478,0.0,0.8252003662304357,0.0,0.8604584794231731,-0.0023001626887519,,0.9128829171453942,0.0,0.0,0.8541304125294298,0.7522371364653244,0.5779974215728406,0.6537059538274606,0.3144952058792114,0.0,0.0,0.3144952058792114,0.8541304125294298,0.0
adult,iid,4,2025,1,3,0.9813747568840208,0.0,0.8863064574098478,0.0,0.8252003662304357,0.0,0.8604584794231731,-0.0187441515529204,,0.9128829171453942,0.0,0.0,0.8541304125294298,0.7522371364653244,0.5779974215728406,0.6537059538274606,0.3144952058792114,0.0,0.0536527109564267,0.3144952058792114,0.8541304125294298,0.0536527109564267
adult,iid,4,2025,2,0,0.9825621865083428,0.0,0.8922599139990445,0.0,0.8202992717206189,0.0,0.9059860918589616,0.0126495358128807,,0.9088116464203918,0.0330222248589562,0.0330222248589562,0.8581226328180981,0.7589433131535498,0.5926085088096261,0.6655405405405406,0.3050529658794403,-0.0029076566298802,0.0014399290271949,0.3050529658794403,0.8581226328180981,0.0014399290271949
adult,iid,4,2025,2,1,0.9825621865083428,0.001958269355444,0.8922599139990445,0.0126499387432115,0.8202992717206189,0.0157759824279018,0.9059860918589616,0.0,,0.9088116464203918,0.0,0.0,0.8581226328180981,0.7589433131535498,0.5926085088096261,0.6655405405405406,0.3050529658794403,0.0,0.0003446275633807,0.3050529658794403,0.8581226328180981,0.0003446275633807
adult,iid,4,2025,2,2,0.9825621865083428,0.0,0.8922599139990445,0.0,0.8202992717206189,0.0,0.9059860918589616,0.0,,0.9088116464203918,0.0,0.0,0.8581226328180981,0.7589433131535498,0.5926085088096261,0.6655405405405406,0.3050529658794403,-0.0015397131443023,-0.0004162827993312,0.3050529658794403,0.8581226328180981,-0.0004162827993312
adult,iid,4,2025,2,3,0.9825621865083428,0.0,0.8922599139990445,0.0,0.8202992717206189,0.0,0.9059860918589616,0.0,,0.9088116464203918,0.0,0.0,0.8581226328180981,0.7589433131535498,0.5926085088096261,0.6655405405405406,0.3050529658794403,-0.0034790158271789,0.0023134404749718,0.3050529658794403,0.8581226328180981,0.0023134404749718
adult,iid,4,2025,3,0,0.9842747466475588,0.0,0.8852517557433639,0.0,0.8242906082781777,0.0,0.8374646181085392,0.0,,0.9176986665144732,0.0271594030569236,0.0271594030569236,0.8607841130105436,0.7681641708264004,0.5951869359690589,0.6707021791767555,0.2999336123466491,-0.0023014028867085,0.0015593544204456,0.2999336123466491,0.8607841130105436,0.0015593544204456
adult,iid,4,2025,3,1,0.9842747466475588,0.0023594021906029,0.8852517557433639,0.0164317705127115,0.8242906082781777,0.0158367338688289,0.8374646181085392,0.031247112177583,,0.9176986665144732,0.0,0.0,0.8607841130105436,0.7681641708264004,0.5951869359690589,0.6707021791767555,0.2999336123466491,0.0,0.0,0.2999336123466491,0.8607841130105436,0.0
adult,iid,4,2025,3,2,0.9842747466475588,0.0,0.8852517557433639,0.0,0.8242906082781777,0.0,0.8374646181085392,0.0,,0.9176986665144732,0.0,0.0,0.8607841130105436,0.7681641708264004,0.5951869359690589,0.6707021791767555,0.2999336123466491,0.0004882216453552,-0.0006039512744395,0.2999336123466491,0.8607841130105436,-0.0006039512744395
adult,iid,4,2025,3,3,0.9842747466475588,0.0,0.8852517557433639,0.0,0.8242906082781777,0.0,0.8374646181085392,0.0,,0.9176986665144732,0.0,0.0,0.8607841130105436,0.7681641708264004,0.5951869359690589,0.6707021791767555,0.2999336123466491,-0.003488740324974,0.0022588460094857,0.2999336123466491,0.8607841130105436,0.0022588460094857
adult,iid,4,2025,4,0,0.9850342921486336,0.0,0.8858501783590963,0.0,0.8210154228877372,0.0,0.8384954979091195,0.0,,0.928713769321024,0.0248665177954359,0.0248665177954359,0.8618077592384072,0.754294638209266,0.6226901590030082,0.6822033898305084,0.2961488962173462,-0.0009209632873535,0.0013136793257583,0.2961488962173462,0.8618077592384072,0.0013136793257583
adult,iid,4,2025,4,1,0.9850342921486336,0.0,0.8858501783590963,0.0,0.8210154228877372,0.0183894138666922,0.8384954979091195,0.0023297689353787,,0.928713769321024,0.0114701406069989,0.0114701406069989,0.8618077592384072,0.754294638209266,0.6226901590030082,0.6822033898305084,0.2961488962173462,0.0021869222323099,0.0,0.2961488962173462,0.8618077592384072,0.0
adult,iid,4,2025,4,2,0.9850342921486336,0.0,0.8858501783590963,0.0,0.8210154228877372,0.0,0.8384954979091195,0.0,,0.928713769321024,0.0,0.0,0.8618077592384072,0.754294638209266,0.6226901590030082,0.6822033898305084,0.2961488962173462,-0.0006474643945693,-0.000870099293684,0.2961488962173462,0.8618077592384072,-0.000870099293684
adult,iid,4,2025,4,3,0.9850342921486336,0.0,0.8858501783590963,0.0,0.8210154228877372,0.0,0.8384954979091195,0.0,,0.928713769321024,0.0,0.0,0.8618077592384072,0.754294638209266,0.6226901590030082,0.6822033898305084,0.2961488962173462,-0.0042997926473617,0.0005971269662537,0.2961488962173462,0.8618077592384072,0.0005971269662537
adult,iid,4,2025,5,0,0.9856996621967448,0.0,0.8781298208140501,0.0,0.8077099585881093,0.0,0.8767720066628615,0.0018259773944172,,0.9165146043295048,0.0312985053921093,0.0312985053921093,0.8612959361244754,0.7405940594059406,0.6428878384185647,0.688290775247297,0.2946990132331848,9.798506895701092e-05,0.0,0.2946990132331848,0.8612959361244754,0.0
adult,iid,4,2025,5,1,0.9856996621967448,0.0,0.8781298208140501,0.0149067605768238,0.8077099585881093,0.0190445282045935,0.8767720066628615,0.0053496060913153,,0.9165146043295048,0.013246447452941,0.013246447452941,0.8612959361244754,0.7405940594059406,0.6428878384185647,0.688290775247297,0.2946990132331848,0.0022453784942626,0.0,0.2946990132331848,0.8612959361244754,0.0
adult,iid,4,2025,5,2,0.9856996621967448,0.0,0.8781298208140501,0.0,0.8077099585881093,0.0,0.8767720066628615,0.0,,0.9165146043295048,0.0,0.0,0.8612959361244754,0.7405940594059406,0.6428878384185647,0.688290775247297,0.2946990132331848,-0.0004281153281529,0.0,0.2946990132331848,0.8612959361244754,0.0
adult,iid,4,2025,5,3,0.9856996621967448,0.0,0.8781298208140501,0.0,0.8077099585881093,0.0,0.8767720066628615,0.0,,0.9165146043295048,0.0,0.0,0.8612959361244754,0.7405940594059406,0.6428878384185647,0.688290775247297,0.2946990132331848,-0.0032519568999608,0.0,0.2946990132331848,0.8612959361244754,0.0
adult,iid,4,2025,6,0,0.9863230627495138,0.0,0.88,0.0,0.8092666176870985,0.0,0.8394390150147351,0.0,,0.9214259327244952,0.0328661705378638,0.0328661705378638,0.8616030299928344,0.7393225331369662,0.6471852170176192,0.69019248395967,0.2931053042411804,-0.0005601733922958,0.0,0.2931053042411804,0.8616030299928344,0.0
adult,iid,4,2025,6,1,0.9863230627495138,0.0,0.88,0.0180601662675935,0.8092666176870985,0.0136642210309284,0.8394390150147351,0.0131963292136969,,0.9214259327244952,0.0,0.0,0.8616030299928344,0.7393225331369662,0.6471852170176192,0.69019248395967,0.2931053042411804,0.0020421465237935,0.0,0.2931053042411804,0.8616030299928344,0.0
adult,iid,4,2025,6,2,0.9863230627495138,0.0,0.88,0.0,0.8092666176870985,0.0,0.8394390150147351,0.0,,0.9214259327244952,0.0,0.0,0.8616030299928344,0.7393225331369662,0.6471852170176192,0.69019248395967,0.2931053042411804,-0.0007296800613403,0.0,0.2931053042411804,0.8616030299928344,0.0
adult,iid,4,2025,6,3,0.9863230627495138,0.0,0.88,0.0,0.8092666176870985,0.0,0.8394390150147351,0.0,,0.9214259327244952,0.0173369452293676,0.0173369452293676,0.8616030299928344,0.7393225331369662,0.6471852170176192,0.69019248395967,0.2931053042411804,-0.0022460887829462,0.0,0.2931053042411804,0.8616030299928344,0.0
adult,iid,4,2025,7,0,0.986350701197666,0.0,0.8872804935927859,0.0,0.81188610377248,0.016278997421162,0.8686356276718425,0.0065257021048585,,0.9268294331208108,0.0311091252412945,0.0311091252412945,0.8621148531067663,0.7404317958783121,0.6484744305973357,0.6914089347079038,0.2924033403396606,0.0,0.0,0.2924033403396606,0.8621148531067663,0.0
adult,iid,4,2025,7,1,0.986350701197666,0.0,0.8872804935927859,0.0186442495339642,0.81188610377248,0.0,0.8686356276718425,0.0,,0.9268294331208108,0.0,0.0,0.8621148531067663,0.7404317958783121,0.6484744305973357,0.6914089347079038,0.2924033403396606,0.0,0.0,0.2924033403396606,0.8621148531067663,0.0
adult,iid,4,2025,7,2,0.986350701197666,0.0,0.8872804935927859,0.0,0.81188610377248,0.0,0.8686356276718425,0.0,,0.9268294331208108,0.0,0.0,0.8621148531067663,0.7404317958783121,0.6484744305973357,0.6914089347079038,0.2924033403396606,0.0,0.0,0.2924033403396606,0.8621148531067663,0.0
adult,iid,4,2025,7,3,0.986350701197666,0.0,0.8872804935927859,0.0,0.81188610377248,0.0,0.8686356276718425,0.0,,0.9268294331208108,0.0239964947212283,0.0239964947212283,0.8621148531067663,0.7404317958783121,0.6484744305973357,0.6914089347079038,0.2924033403396606,0.0,0.0,0.2924033403396606,0.8621148531067663,0.0
adult,iid,4,2025,8,0,0.9861541611219162,0.0,0.8956924172303311,0.0,0.8066731003593622,0.0155495701800077,0.8395554986080211,0.0,,0.9213816034367278,0.0315693583811234,0.0315693583811234,0.8622172177295526,0.7377605428986912,0.6540610227761066,0.6933940774487471,0.2920088171958923,0.0,0.0,0.2920088171958923,0.8622172177295526,0.0
adult,iid,4,2025,8,1,0.9861541611219162,0.0,0.8956924172303311,0.0141291173449597,0.8066731003593622,0.0,0.8395554986080211,0.0052336078463349,,0.9213816034367278,0.0,0.0,0.8622172177295526,0.7377605428986912,0.6540610227761066,0.6933940774487471,0.2920088171958923,0.0,0.0,0.2920088171958923,0.8622172177295526,0.0
adult,iid,4,2025,8,2,0.9861541611219162,0.0,0.8956924172303311,0.0,0.8066731003593622,0.0,0.8395554986080211,0.0,,0.9213816034367278,0.0,0.0,0.8622172177295526,0.7377605428986912,0.6540610227761066,0.6933940774487471,0.2920088171958923,0.0,0.0,0.2920088171958923,0.8622172177295526,0.0
adult,iid,4,2025,8,3,0.9861541611219162,0.0,0.8956924172303311,0.0,0.8066731003593622,0.0,0.8395554986080211,0.0,,0.9213816034367278,0.0227166601231451,0.0227166601231451,0.8622172177295526,0.7377605428986912,0.6540610227761066,0.6933940774487471,0.2920088171958923,0.0,0.0,0.2920088171958923,0.8622172177295526,0.0
adult,iid,4,2025,9,0,0.9859217934281912,0.0,0.8999050106862978,0.0,0.8038109553910668,0.0186310431443394,0.9170229123227992,0.0116230241470488,,0.9238884718042926,0.0317218032309959,0.0317218032309959,0.8619101238611936,0.7295774647887324,0.6678126342930812,0.6973300426295714,0.2911281287670135,0.0,0.0,0.2911281287670135,0.8619101238611936,0.0
adult,iid,4,2025,9,1,0.9859217934281912,0.0,0.8999050106862978,0.0116655740160538,0.8038109553910668,0.0,0.9170229123227992,-0.0121085665917288,,0.9238884718042926,0.0,0.0,0.8619101238611936,0.7295774647887324,0.6678126342930812,0.6973300426295714,0.2911281287670135,0.0,0.0,0.2911281287670135,0.8619101238611936,0.0
adult,iid,4,2025,9,2,0.9859217934281912,0.0,0.8999050106862978,0.0,0.8038109553910668,0.0,0.9170229123227992,0.0,,0.9238884718042926,0.0,0.0,0.8619101238611936,0.7295774647887324,0.6678126342930812,0.6973300426295714,0.2911281287670135,0.0,0.0,0.2911281287670135,0.8619101238611936,0.0
adult,iid,4,2025,9,3,0.9859217934281912,0.0,0.8999050106862978,0.0,0.8038109553910668,0.0,0.9170229123227992,0.0133817322663436,,0.9238884718042926,0.024543011488561,0.024543011488561,0.8619101238611936,0.7295774647887324,0.6678126342930812,0.6973300426295714,0.2911281287670135,0.0,0.0,0.2911281287670135,0.8619101238611936,0.0
adult,iid,4,2025,10,0,0.9858982495649504,0.0,0.9023233760075864,0.0,0.8076549937495234,0.0166935199703372,0.9427541380796514,0.0063393283556011,,0.9294688543026988,0.0367788524539511,0.0367788524539511,0.8622172177295526,0.731040979745643,0.6669531585732703,0.6975280898876405,0.2905847132205963,0.0,0.0,0.2905847132205963,0.8622172177295526,0.0
adult,iid,4,2025,10,1,0.9858982495649504,0.0,0.9023233760075864,0.0079006888616036,0.8076549937495234,0.0,0.9427541380796514,0.0,,0.9294688543026988,0.0,0.0,0.8622172177295526,0.731040979745643,0.6669531585732703,0.6975280898876405,0.2905847132205963,0.0,0.0,0.2905847132205963,0.8622172177295526,0.0
adult,iid,4,2025,10,2,0.9858982495649504,0.0,0.9023233760075864,0.0,0.8076549937495234,0.0,0.9427541380796514,0.0094275996225931,,0.9294688543026988,0.0,0.0,0.8622172177295526,0.731040979745643,0.6669531585732703,0.6975280898876405,0.2905847132205963,0.0,0.0,0.2905847132205963,0.8622172177295526,0.0
adult,iid,4,2025,10,3,0.9858982495649504,0.0,0.9023233760075864,0.0,0.8076549937495234,0.0,0.9427541380796514,0.0,,0.9294688543026988,0.0238433917645814,0.0238433917645814,0.8622172177295526,0.731040979745643,0.6669531585732703,0.6975280898876405,0.2905847132205963,0.0,0.0,0.2905847132205963,0.8622172177295526,0.0
adult,iid,20,9928,1,0,0.9818005937148122,0.0,0.8011377390462358,0.0368562412723025,0.7993029532895868,0.0,0.8702489254388519,0.0,,0.8655720384041665,0.0,0.0,0.8456341488381616,0.7106060606060606,0.6007685738684885,0.6510874595094863,0.3261527419090271,-0.0291608840069442,0.0171918690163837,0.3261527419090271,0.8456341488381616,0.0171918690163837
adult,iid,20,9928,1,1,0.9818005937148122,0.0016649530995258,0.8011377390462358,0.0,0.7993029532895868,0.0,0.8702489254388519,0.0,,0.8655720384041665,0.0,0.0,0.8456341488381616,0.7106060606060606,0.6007685738684885,0.6510874595094863,0.3261527419090271,0.0,0.0,0.3261527419090271,0.8456341488381616,0.0
adult,iid,20,9928,1,2,0.9818005937148122,0.0,0.8011377390462358,0.0,0.7993029532895868,0.0,0.8702489254388519,0.0,,0.8655720384041665,0.0,0.0,0.8456341488381616,0.7106060606060606,0.6007685738684885,0.6510874595094863,0.3261527419090271,0.0,0.0,0.3261527419090271,0.8456341488381616,0.0
adult,iid,20,9928,1,3,0.9818005937148122,0.0,0.8011377390462358,0.0,0.7993029532895868,0.0054297208872883,0.8702489254388519,0.0,,0.8655720384041665,0.0,0.0,0.8456341488381616,0.7106060606060606,0.6007685738684885,0.6510874595094863,0.3261527419090271,0.0,0.0,0.3261527419090271,0.8456341488381616,0.0
adult,iid,20,9928,1,4,0.9818005937148122,0.0,0.8011377390462358,0.0,0.7993029532895868,0.0,0.8702489254388519,0.0,,0.8655720384041665,0.0,0.0,0.8456341488381616,0.7106060606060606,0.6007685738684885,0.6510874595094863,0.3261527419090271,0.0,0.0,0.3261527419090271,0.8456341488381616,0.0
adult,iid,20,9928,1,5,0.9818005937148122,0.0,0.8011377390462358,0.0,0.7993029532895868,0.0,0.8702489254388519,0.0,,0.8655720384041665,0.0,0.0,0.8456341488381616,0.7106060606060606,0.6007685738684885,0.6510874595094863,0.3261527419090271,0.0,0.0,0.3261527419090271,0.8456341488381616,0.0
adult,iid,20,9928,1,6,0.9818005937148122,0.0,0.8011377390462358,0.0,0.7993029532895868,0.0,0.8702489254388519,0.0,,0.8655720384041665,0.0,0.0,0.8456341488381616,0.7106060606060606,0.6007685738684885,0.6510874595094863,0.3261527419090271,0.0,0.0,0.3261527419090271,0.8456341488381616,0.0
adult,iid,20,9928,1,7,0.9818005937148122,0.0,0.8011377390462358,0.0,0.7993029532895868,0.0,0.8702489254388519,0.0,,0.8655720384041665,0.0,0.0,0.8456341488381616,0.7106060606060606,0.6007685738684885,0.6510874595094863,0.3261527419090271,-0.0290035066150483,0.0164376033747999,0.3261527419090271,0.8456341488381616,0.0164376033747999
adult,iid,20,9928,1,8,0.9818005937148122,0.0,0.8011377390462358,0.0,0.7993029532895868,0.007834886873852,0.8702489254388519,0.0,,0.8655720384041665,0.0163803819593077,0.0163803819593077,0.8456341488381616,0.7106060606060606,0.6007685738684885,0.6510874595094863,0.3261527419090271,0.0,0.0,0.3261527419090271,0.8456341488381616,0.0
adult,iid,20,9928,1,9,0.9818005937148122,0.0,0.8011377390462358,0.0,0.7993029532895868,0.0,0.8702489254388519,0.0,,0.8655720384041665,0.0,0.0,0.8456341488381616,0.7106060606060606,0.6007685738684885,0.6510874595094863,0.3261527419090271,0.0,0.0170151553517841,0.3261527419090271,0.8456341488381616,0.0170151553517841
adult,iid,20,9928,1,10,0.9818005937148122,0.0,0.8011377390462358,0.0,0.7993029532895868,0.0,0.8702489254388519,0.0028697781540351,,0.8655720384041665,0.0,0.0,0.8456341488381616,0.7106060606060606,0.6007685738684885,0.6510874595094863,0.3261527419090271,-0.0246068527774205,0.0138930343567999,0.3261527419090271,0.8456341488381616,0.0138930343567999
adult,iid,20,9928,1,11,0.9818005937148122,0.0,0.8011377390462358,0.0,0.7993029532895868,0.0,0.8702489254388519,0.0,,0.8655720384041665,0.0,0.0,0.8456341488381616,0.7106060606060606,0.6007685738684885,0.6510874595094863,0.3261527419090271,0.0,0.0,0.3261527419090271,0.8456341488381616,0.0
adult,iid,20,9928,1,12,0.9818005937148122,0.0,0.8011377390462358,0.0,0.7993029532895868,0.0,0.8702489254388519,0.0,,0.8655720384041665,0.0,0.0,0.8456341488381616,0.7106060606060606,0.6007685738684885,0.6510874595094863,0.3261527419090271,-0.02537740317602,0.0,0.3261527419090271,0.8456341488381616,0.0
adult,iid,20,9928,1,13,0.9818005937148122,0.0,0.8011377390462358,0.0,0.7993029532895868,0.0,0.8702489254388519,0.0,,0.8655720384041665,0.0,0.0,0.8456341488381616,0.7106060606060606,0.6007685738684885,0.6510874595094863,0.3261527419090271,-0.0263888459041635,0.015613837541956,0.3261527419090271,0.8456341488381616,0.015613837541956
adult,iid,20,9928,1,14,0.9818005937148122,0.0,0.8011377390462358,0.0,0.7993029532895868,0.0,0.8702489254388519,0.0,,0.8655720384041665,0.0,0.0,0.8456341488381616,0.7106060606060606,0.6007685738684885,0.6510874595094863,0.3261527419090271,0.0,0.0,0.3261527419090271,0.8456341488381616,0.0
adult,iid,20,9928,1,15,0.9818005937148122,0.0,0.8011377390462358,0.0,0.7993029532895868,0.0,0.8702489254388519,0.0,,0.8655720384041665,0.0,0.0,0.8456341488381616,0.7106060606060606,0.6007685738684885,0.6510874595094863,0.3261527419090271,0.0,0.0,0.3261527419090271,0.8456341488381616,0.0
adult,iid,20,9928,1,16,0.9818005937148122,0.0,0.8011377390462358,0.0,0.7993029532895868,0.0,0.8702489254388519,0.0,,0.8655720384041665,0.0,0.0,0.8456341488381616,0.7106060606060606,0.6007685738684885,0.6510874595094863,0.3261527419090271,0.0,0.0149640915678488,0.3261527419090271,0.8456341488381616,0.0149640915678488
adult,iid,20,9928,1,17,0.9818005937148122,0.0,0.8011377390462358,0.0,0.7993029532895868,0.0,0.8702489254388519,-0.0004502633812502,,0.8655720384041665,0.0,0.0,0.8456341488381616,0.7106060606060606,0.6007685738684885,0.6510874595094863,0.3261527419090271,0.0,0.0157490665962685,0.3261527419090271,0.8456341488381616,0.0157490665962685
adult,iid,20,9928,1,18,0.9818005937148122,0.0,0.8011377390462358,0.0,0.7993029532895868,0.003760329843629,0.8702489254388519,0.0,,0.8655720384041665,0.0,0.0,0.8456341488381616,0.7106060606060606,0.6007685738684885,0.6510874595094863,0.3261527419090271,0.0,0.0160060556755795,0.3261527419090271,0.8456341488381616,0.0160060556755795
adult,iid,20,9928,1,19,0.9818005937148122,0.0,0.8011377390462358,0.0,0.7993029532895868,0.0,0.8702489254388519,0.0,,0.8655720384041665,0.0,0.0,0.8456341488381616,0.7106060606060606,0.6007685738684885,0.6510874595094863,0.3261527419090271,-0.0259759773022283,0.0155491862012488,0.3261527419090271,0.8456341488381616,0.0155491862012488
adult,iid,20,9928,2,0,0.9809939604872556,0.0,0.8428571428571429,0.0,0.8040720504584353,0.0,0.8573425433027757,0.0,,0.8904228785021752,0.0,0.0,0.8525949431876344,0.719785575048733,0.6306575576430401,0.6722803823395539,0.3157404065132141,-5.129853884379069e-05,0.0007666901339305,0.3157404065132141,0.8525949431876344,0.0007666901339305
adult,iid,20,9928,2,1,0.9809939604872556,0.0,0.8428571428571429,0.0,0.8040720504584353,0.0,0.8573425433027757,0.0,,0.8904228785021752,0.0,0.0,0.8525949431876344,0.719785575048733,0.6306575576430401,0.6722803823395539,0.3157404065132141,-0.0012992710868517,0.0,0.3157404065132141,0.8525949431876344,0.0
adult,iid,20,9928,2,2,0.9809939604872556,0.0,0.8428571428571429,0.0,0.8040720504584353,0.0,0.8573425433027757,0.0,,0.8904228785021752,0.0,0.0,0.8525949431876344,0.719785575048733,0.6306575576430401,0.6722803823395539,0.3157404065132141,0.0,0.0,0.3157404065132141,0.8525949431876344,0.0
adult,iid,20,9928,2,3,0.9809939604872556,0.0,0.8428571428571429,0.0,0.8040720504584353,0.0,0.8573425433027757,0.0,,0.8904228785021752,0.0103465784859287,0.0103465784859287,0.8525949431876344,0.719785575048733,0.6306575576430401,0.6722803823395539,0.3157404065132141,0.0,0.0,0.3157404065132141,0.8525949431876344,0.0
adult,iid,20,9928,2,4,0.9809939604872556,0.0,0.8428571428571429,0.0,0.8040720504584353,0.0,0.8573425433027757,0.0,,0.8904228785021752,0.0,0.0,0.8525949431876344,0.719785575048733,0.6306575576430401,0.6722803823395539,0.3157404065132141,0.0,0.0,0.3157404065132141,0.8525949431876344,0.0
adult,iid,20,9928,2,5,0.9809939604872556,0.0,0.8428571428571429,0.0,0.8040720504584353,0.0,0.8573425433027757,0.0,,0.8904228785021752,0.0,0.0,0.8525949431876344,0.719785575048733,0.6306575576430401,0.6722803823395539,0.3157404065132141,0.0,0.0,0.3157404065132141,0.8525949431876344,0.0
adult,iid,20,9928,2,6,0.9809939604872556,0.0,0.8428571428571429,0.0,0.8040720504584353,0.0,0.8573425433027757,0.0,,0.8904228785021752,0.0,0.0,0.8525949431876344,0.719785575048733,0.6306575576430401,0.6722803823395539,0.3157404065132141,0.0,0.0,0.3157404065132141,0.8525949431876344,0.0
adult,iid,20,9928,2,7,0.9809939604872556,0.0,0.8428571428571429,0.0,0.8040720504584353,0.0,0.8573425433027757,0.0,,0.8904228785021752,0.0,0.0,0.8525949431876344,0.719785575048733,0.6306575576430401,0.6722803823395539,0.3157404065132141,0.0,0.0,0.3157404065132141,0.8525949431876344,0.0
adult,iid,20,9928,2,8,0.9809939604872556,0.0,0.8428571428571429,0.0,0.8040720504584353,0.0136683317344647,0.8573425433027757,0.0016541016237466,,0.8904228785021752,0.0192343341516746,0.0192343341516746,0.8525949431876344,0.719785575048733,0.6306575576430401,0.6722803823395539,0.3157404065132141,0.0,0.0,0.3157404065132141,0.8525949431876344,0.0
adult,iid,20,9928,2,9,0.9809939604872556,0.0,0.8428571428571429,0.0,0.8040720504584353,0.0,0.8573425433027757,0.0,,0.8904228785021752,0.0,0.0,0.8525949431876344,0.719785575048733,0.6306575576430401,0.6722803823395539,0.3157404065132141,0.0,0.0,0.3157404065132141,0.8525949431876344,0.0
adult,iid,20,9928,2,10,0.9809939604872556,0.0,0.8428571428571429,0.0,0.8040720504584353,0.0,0.8573425433027757,0.0,,0.8904228785021752,0.0,0.0,0.8525949431876344,0.719785575048733,0.6306575576430401,0.6722803823395539,0.3157404065132141,0.0,0.0,0.3157404065132141,0.8525949431876344,0.0
adult,iid,20,9928,2,11,0.9809939604872556,0.0,0.8428571428571429,0.0,0.8040720504584353,0.0,0.8573425433027757,0.0,,0.8904228785021752,0.0,0.0,0.8525949431876344,0.719785575048733,0.6306575576430401,0.6722803823395539,0.3157404065132141,-0.0017151425778865,0.0010992707042894,0.3157404065132141,0.8525949431876344,0.0010992707042894
adult,iid,20,9928,2,12,0.9809939604872556,0.0,0.8428571428571429,0.0,0.8040720504584353,0.0,0.8573425433027757,0.0,,0.8904228785021752,0.0,0.0,0.8525949431876344,0.719785575048733,0.6306575576430401,0.6722803823395539,0.3157404065132141,0.0,0.0,0.3157404065132141,0.8525949431876344,0.0
adult,iid,20,9928,2,13,0.9809939604872556,0.0,0.8428571428571429,0.0,0.8040720504584353,0.0,0.8573425433027757,0.0,,0.8904228785021752,0.0,0.0,0.8525949431876344,0.719785575048733,0.6306575576430401,0.6722803823395539,0.3157404065132141,0.0,0.0,0.3157404065132141,0.8525949431876344,0.0
adult,iid,20,9928,2,14,0.9809939604872556,0.0,0.8428571428571429,0.010928841141644,0.8040720504584353,0.0,0.8573425433027757,0.0,,0.8904228785021752,0.0,0.0,0.8525949431876344,0.719785575048733,0.6306575576430401,0.6722803823395539,0.3157404065132141,0.0,0.0,0.3157404065132141,0.8525949431876344,0.0
adult,iid,20,9928,2,15,0.9809939604872556,0.0,0.8428571428571429,0.0,0.8040720504584353,0.0,0.8573425433027757,0.0,,0.8904228785021752,0.0,0.0,0.8525949431876344,0.719785575048733,0.6306575576430401,0.6722803823395539,0.3157404065132141,0.0004261682430903,0.0,0.3157404065132141,0.8525949431876344,0.0
adult,iid,20,9928,2,16,0.9809939604872556,0.0,0.8428571428571429,0.0,0.8040720504584353,0.0,0.8573425433027757,0.0055812710066915,,0.8904228785021752,0.0,0.0,0.8525949431876344,0.719785575048733,0.6306575576430401,0.6722803823395539,0.3157404065132141,-0.0012613416711489,0.0009467683070771,0.3157404065132141,0.8525949431876344,0.0009467683070771
adult,iid,20,9928,2,17,0.9809939604872556,0.0,0.8428571428571429,0.0,0.8040720504584353,0.0,0.8573425433027757,0.0,,0.8904228785021752,0.0,0.0,0.8525949431876344,0.719785575048733,0.6306575576430401,0.6722803823395539,0.3157404065132141,0.0,0.0,0.3157404065132141,0.8525949431876344,0.0
adult,iid,20,9928,2,18,0.9809939604872556,0.0,0.8428571428571429,0.0,0.8040720504584353,0.0,0.8573425433027757,0.0,,0.8904228785021752,0.0,0.0,0.8525949431876344,0.719785575048733,0.6306575576430401,0.6722803823395539,0.3157404065132141,-0.0007542471090952,0.0,0.3157404065132141,0.8525949431876344,0.0
adult,iid,20,9928,2,19,0.9809939604872556,0.0,0.8428571428571429,0.0,0.8040720504584353,0.0,0.8573425433027757,0.0,,0.8904228785021752,0.0,0.0,0.8525949431876344,0.719785575048733,0.6306575576430401,0.6722803823395539,0.3157404065132141,0.0,0.0,0.3157404065132141,0.8525949431876344,0.0
adult,iid,20,9928,3,0,0.9809990787183948,0.0,0.865301724137931,0.0164394273060359,0.813635579527715,0.0,0.8154608673368355,0.0,,0.916200462192938,0.0087048963669558,0.0087048963669558,0.8546422356433616,0.7255381604696673,0.6332194705380018,0.6762425900592796,0.3111468851566314,-0.0002511447563962,0.0,0.3111468851566314,0.8546422356433616,0.0
adult,iid,20,9928,3,1,0.9809990787183948,0.0,0.865301724137931,0.0,0.813635579527715,0.0,0.8154608673368355,0.0,,0.916200462192938,0.0,0.0,0.8546422356433616,0.7255381604696673,0.6332194705380018,0.6762425900592796,0.3111468851566314,0.0,0.0,0.3111468851566314,0.8546422356433616,0.0
adult,iid,20,9928,3,2,0.9809990787183948,0.0,0.865301724137931,0.0,0.813635579527715,0.0,0.8154608673368355,0.0,,0.916200462192938,0.0,0.0,0.8546422356433616,0.7255381604696673,0.6332194705380018,0.6762425900592796,0.3111468851566314,0.0,0.0,0.3111468851566314,0.8546422356433616,0.0
adult,iid,20,9928,3,3,0.9809990787183948,0.0,0.865301724137931,0.0,0.813635579527715,0.0,0.8154608673368355,0.0,,0.916200462192938,0.0,0.0,0.8546422356433616,0.7255381604696673,0.6332194705380018,0.6762425900592796,0.3111468851566314,0.0,0.0003596320025706,0.3111468851566314,0.8546422356433616,0.0003596320025706
adult,iid,20,9928,3,4,0.9809990787183948,0.0,0.865301724137931,0.0,0.813635579527715,0.0,0.8154608673368355,0.0,,0.916200462192938,0.0,0.0,0.8546422356433616,0.7255381604696673,0.6332194705380018,0.6762425900592796,0.3111468851566314,8.748250496960103e-05,0.0,0.3111468851566314,0.8546422356433616,0.0
adult,iid,20,9928,3,5,0.9809990787183948,0.0,0.865301724137931,0.0,0.813635579527715,0.0,0.8154608673368355,0.0,,0.916200462192938,0.0,0.0,0.8546422356433616,0.7255381604696673,0.6332194705380018,0.6762425900592796,0.3111468851566314,0.0,0.0,0.3111468851566314,0.8546422356433616,0.0
adult,iid,20,9928,3,6,0.9809990787183948,0.0,0.865301724137931,0.0,0.813635579527715,0.0,0.8154608673368355,0.0,,0.916200462192938,0.0,0.0,0.8546422356433616,0.7255381604696673,0.6332194705380018,0.6762425900592796,0.3111468851566314,0.0,0.0,0.3111468851566314,0.8546422356433616,0.0
adult,iid,20,9928,3,7,0.9809990787183948,0.0,0.865301724137931,0.0,0.813635579527715,0.0,0.8154608673368355,0.0,,0.916200462192938,0.0,0.0,0.8546422356433616,0.7255381604696673,0.6332194705380018,0.6762425900592796,0.3111468851566314,0.0,0.0,0.3111468851566314,0.8546422356433616,0.0
adult,iid,20,9928,3,8,0.9809990787183948,0.0,0.865301724137931,0.0,0.813635579527715,0.0096895569315873,0.8154608673368355,0.0,,0.916200462192938,0.0,0.0,0.8546422356433616,0.7255381604696673,0.6332194705380018,0.6762425900592796,0.3111468851566314,0.0,0.0,0.3111468851566314,0.8546422356433616,0.0
adult,iid,20,9928,3,9,0.9809990787183948,0.0,0.865301724137931,0.0,0.813635579527715,0.0,0.8154608673368355,0.0,,0.916200462192938,0.0,0.0,0.8546422356433616,0.7255381604696673,0.6332194705380018,0.6762425900592796,0.3111468851566314,0.0,0.0,0.3111468851566314,0.8546422356433616,0.0
adult,iid,20,9928,3,10,0.9809990787183948,0.0,0.865301724137931,0.0,0.813635579527715,0.0,0.8154608673368355,0.0094901016988053,,0.916200462192938,0.0,0.0,0.8546422356433616,0.7255381604696673,0.6332194705380018,0.6762425900592796,0.3111468851566314,0.0,0.0,0.3111468851566314,0.8546422356433616,0.0
adult,iid,20,9928,3,11,0.9809990787183948,0.0,0.865301724137931,0.0,0.813635579527715,0.0,0.8154608673368355,0.0,,0.916200462192938,0.0,0.0,0.8546422356433616,0.7255381604696673,0.6332194705380018,0.6762425900592796,0.3111468851566314,-0.0013787784821081,0.0004704705179717,0.3111468851566314,0.8546422356433616,0.0004704705179717
adult,iid,20,9928,3,12,0.9809990787183948,0.0,0.865301724137931,0.0,0.813635579527715,0.0,0.8154608673368355,0.0,,0.916200462192938,0.0,0.0,0.8546422356433616,0.7255381604696673,0.6332194705380018,0.6762425900592796,0.3111468851566314,0.0,0.0,0.3111468851566314,0.8546422356433616,0.0
adult,iid,20,9928,3,13,0.9809990787183948,0.0,0.865301724137931,0.0,0.813635579527715,0.0,0.8154608673368355,0.0,,0.916200462192938,0.0,0.0,0.8546422356433616,0.7255381604696673,0.6332194705380018,0.6762425900592796,0.3111468851566314,0.0,0.0,0.3111468851566314,0.8546422356433616,0.0
adult,iid,20,9928,3,14,0.9809990787183948,0.0,0.865301724137931,0.0,0.813635579527715,0.0,0.8154608673368355,0.0,,0.916200462192938,0.0,0.0,0.8546422356433616,0.7255381604696673,0.6332194705380018,0.6762425900592796,0.3111468851566314,0.0,0.0,0.3111468851566314,0.8546422356433616,0.0
adult,iid,20,9928,3,15,0.9809990787183948,0.0,0.865301724137931,0.0,0.813635579527715,0.0,0.8154608673368355,0.0,,0.916200462192938,0.0,0.0,0.8546422356433616,0.7255381604696673,0.6332194705380018,0.6762425900592796,0.3111468851566314,0.0,0.0,0.3111468851566314,0.8546422356433616,0.0
adult,iid,20,9928,3,16,0.9809990787183948,0.0,0.865301724137931,0.0,0.813635579527715,0.0,0.8154608673368355,0.0,,0.916200462192938,0.0137583812009348,0.0137583812009348,0.8546422356433616,0.7255381604696673,0.6332194705380018,0.6762425900592796,0.3111468851566314,-0.0014617202974302,0.0,0.3111468851566314,0.8546422356433616,0.0
adult,iid,20,9928,3,17,0.9809990787183948,0.0,0.865301724137931,0.0,0.813635579527715,0.0,0.8154608673368355,0.0,,0.916200462192938,0.0,0.0,0.8546422356433616,0.7255381604696673,0.6332194705380018,0.6762425900592796,0.3111468851566314,0.0,0.000856880021205,0.3111468851566314,0.8546422356433616,0.000856880021205
adult,iid,20,9928,3,18,0.9809990787183948,0.0,0.865301724137931,0.0,0.813635579527715,0.0,0.8154608673368355,0.0,,0.916200462192938,0.0,0.0,0.8546422356433616,0.7255381604696673,0.6332194705380018,0.6762425900592796,0.3111468851566314,0.0,0.0,0.3111468851566314,0.8546422356433616,0.0
adult,iid,20,9928,3,19,0.9809990787183948,0.0,0.865301724137931,0.0,0.813635579527715,0.0,0.8154608673368355,0.0,,0.916200462192938,0.0,0.0,0.8546422356433616,0.7255381604696673,0.6332194705380018,0.6762425900592796,0.3111468851566314,0.0,0.0007006214413887,0.3111468851566314,0.8546422356433616,0.0007006214413887
adult,iid,20,9928,4,0,0.9820616235029174,0.0,0.8843944471038775,0.0148830424173844,0.8140934549855905,0.0,0.8466085801814813,0.0,,0.9200881857601002,0.0067888177793834,0.0067888177793834,0.8557682464940116,0.7285644292013719,0.6349274124679761,0.6785306867442391,0.3085366785526275,-0.000236399192363,0.0,0.3085366785526275,0.8557682464940116,0.0
adult,iid,20,9928,4,1,0.9820616235029174,0.0002675068946464,0.8843944471038775,0.0,0.8140934549855905,0.0,0.8466085801814813,0.0,,0.9200881857601002,0.0,0.0,0.8557682464940116,0.7285644292013719,0.6349274124679761,0.6785306867442391,0.3085366785526275,-0.0001304823905229,0.000195593730038,0.3085366785526275,0.8557682464940116,0.000195593730038
adult,iid,20,9928,4,2,0.9820616235029174,0.0,0.8843944471038775,0.0,0.8140934549855905,0.0,0.8466085801814813,0.0,,0.9200881857601002,0.0,0.0,0.8557682464940116,0.7285644292013719,0.6349274124679761,0.6785306867442391,0.3085366785526275,7.346142083406449e-05,0.0,0.3085366785526275,0.8557682464940116,0.0
adult,iid,20,9928,4,3,0.9820616235029174,0.0,0.8843944471038775,0.0,0.8140934549855905,0.0,0.8466085801814813,0.0,,0.9200881857601002,0.0,0.0,0.8557682464940116,0.7285644292013719,0.6349274124679761,0.6785306867442391,0.3085366785526275,-0.00053725047037,0.0,0.3085366785526275,0.8557682464940116,0.0
adult,iid,20,9928,4,4,0.9820616235029174,0.0,0.8843944471038775,0.0,0.8140934549855905,0.0,0.8466085801814813,0.0,,0.9200881857601002,0.0,0.0,0.8557682464940116,0.7285644292013719,0.6349274124679761,0.6785306867442391,0.3085366785526275,0.0005449210293591,0.0,0.3085366785526275,0.8557682464940116,0.0
adult,iid,20,9928,4,5,0.9820616235029174,0.0,0.8843944471038775,0.0,0.8140934549855905,0.0,0.8466085801814813,0.003772163521595,,0.9200881857601002,0.0,0.0,0.8557682464940116,0.7285644292013719,0.6349274124679761,0.6785306867442391,0.3085366785526275,0.0001272486522793,0.0,0.3085366785526275,0.8557682464940116,0.0
adult,iid,20,9928,4,6,0.9820616235029174,0.0,0.8843944471038775,0.0,0.8140934549855905,0.0,0.8466085801814813,0.0,,0.9200881857601002,0.0,0.0,0.8557682464940116,0.7285644292013719,0.6349274124679761,0.6785306867442391,0.3085366785526275,0.0005146143957972,0.0,0.3085366785526275,0.8557682464940116,0.0
adult,iid,20,9928,4,7,0.9820616235029174,0.0,0.8843944471038775,0.0,0.8140934549855905,0.0,0.8466085801814813,0.0,,0.9200881857601002,0.0,0.0,0.8557682464940116,0.7285644292013719,0.6349274124679761,0.6785306867442391,0.3085366785526275,0.001046235859394,0.0,0.3085366785526275,0.8557682464940116,0.0
adult,iid,20,9928,4,8,0.9820616235029174,0.0,0.8843944471038775,0.0,0.8140934549855905,0.0,0.8466085801814813,0.0,,0.9200881857601002,0.0148946330138795,0.0148946330138795,0.8557682464940116,0.7285644292013719,0.6349274124679761,0.6785306867442391,0.3085366785526275,-0.0001412018202245,0.0,0.3085366785526275,0.8557682464940116,0.0
adult,iid,20,9928,4,9,0.9820616235029174,0.0,0.8843944471038775,0.0,0.8140934549855905,0.0,0.8466085801814813,0.0,,0.9200881857601002,0.0,0.0,0.8557682464940116,0.7285644292013719,0.6349274124679761,0.6785306867442391,0.3085366785526275,-0.0005247981287539,0.0,0.3085366785526275,0.8557682464940116,0.0
adult,iid,20,9928,4,10,0.9820616235029174,0.0,0.8843944471038775,0.0,0.8140934549855905,0.0,0.8466085801814813,0.0,,0.9200881857601002,0.0,0.0,0.8557682464940116,0.7285644292013719,0.6349274124679761,0.6785306867442391,0.3085366785526275,0.0013964679092168,0.0,0.3085366785526275,0.8557682464940116,0.0
adult,iid,20,9928,4,11,0.9820616235029174,0.0,0.8843944471038775,0.0,0.8140934549855905,0.0,0.8466085801814813,0.0,,0.9200881857601002,0.0,0.0,0.8557682464940116,0.7285644292013719,0.6349274124679761,0.6785306867442391,0.3085366785526275,-0.0006466672755777,0.0,0.3085366785526275,0.8557682464940116,0.0
adult,iid,20,9928,4,12,0.9820616235029174,0.0,0.8843944471038775,0.0,0.8140934549855905,0.0,0.8466085801814813,0.0,,0.9200881857601002,0.0,0.0,0.8557682464940116,0.7285644292013719,0.6349274124679761,0.6785306867442391,0.3085366785526275,0.0006734961643815,-0.0005090121860749,0.3085366785526275,0.8557682464940116,-0.0005090121860749
adult,iid,20,9928,4,13,0.9820616235029174,0.0,0.8843944471038775,0.0,0.8140934549855905,0.0,0.8466085801814813,0.0,,0.9200881857601002,0.0,0.0,0.8557682464940116,0.7285644292013719,0.6349274124679761,0.6785306867442391,0.3085366785526275,-0.0006946979090571,0.0,0.3085366785526275,0.8557682464940116,0.0
adult,iid,20,9928,4,14,0.9820616235029174,0.0,0.8843944471038775,0.0,0.8140934549855905,0.0,0.8466085801814813,0.0,,0.9200881857601002,0.0,0.0,0.8557682464940116,0.7285644292013719,0.6349274124679761,0.6785306867442391,0.3085366785526275,-0.0007877318188548,0.0,0.3085366785526275,0.8557682464940116,0.0
adult,iid,20,9928,4,15,0.9820616235029174,0.0,0.8843944471038775,0.0,0.8140934549855905,0.0,0.8466085801814813,0.0063899133265726,,0.9200881857601002,0.0,0.0,0.8557682464940116,0.7285644292013719,0.6349274124679761,0.6785306867442391,0.3085366785526275,0.0006932009942829,0.0,0.3085366785526275,0.8557682464940116,0.0
adult,iid,20,9928,4,16,0.9820616235029174,0.0,0.8843944471038775,0.0,0.8140934549855905,0.0,0.8466085801814813,0.0,,0.9200881857601002,0.0,0.0,0.8557682464940116,0.7285644292013719,0.6349274124679761,0.6785306867442391,0.3085366785526275,-0.0012103422544896,0.0005811593344003,0.3085366785526275,0.8557682464940116,0.0005811593344003
adult,iid,20,9928,4,17,0.9820616235029174,0.0,0.8843944471038775,0.0,0.8140934549855905,0.0,0.8466085801814813,0.0,,0.9200881857601002,0.0,0.0,0.8557682464940116,0.7285644292013719,0.6349274124679761,0.6785306867442391,0.3085366785526275,-0.0006533490493893,0.0,0.3085366785526275,0.8557682464940116,0.0
adult,iid,20,9928,4,18,0.9820616235029174,0.0,0.8843944471038775,0.0,0.8140934549855905,0.0,0.8466085801814813,0.0,,0.9200881857601002,0.0,0.0,0.8557682464940116,0.7285644292013719,0.6349274124679761,0.6785306867442391,0.3085366785526275,-0.0005822617560625,0.0,0.3085366785526275,0.8557682464940116,0.0
adult,iid,20,9928,4,19,0.9820616235029174,0.0,0.8843944471038775,0.0,0.8140934549855905,0.0,0.8466085801814813,0.0,,0.9200881857601002,0.0,0.0,0.8557682464940116,0.7285644292013719,0.6349274124679761,0.6785306867442391,0.3085366785526275,-0.0008029729127883,0.0,0.3085366785526275,0.8557682464940116,0.0
adult,iid,20,9928,5,0,0.982364622786365,0.0,0.8929510155316607,0.0,0.814867777371663,0.0,0.8801179978799984,0.0,,0.9217808684944088,0.0063446535812945,0.0063446535812945,0.8558706111167981,0.7286973555337904,0.6353543979504697,0.6788321167883211,0.3067212402820587,-8.549862608963531e-05,0.0,0.3067212402820587,0.8558706111167981,0.0
adult,iid,20,9928,5,1,0.982364622786365,0.0,0.8929510155316607,0.0,0.814867777371663,0.0,0.8801179978799984,0.0,,0.9217808684944088,0.0,0.0,0.8558706111167981,0.7286973555337904,0.6353543979504697,0.6788321167883211,0.3067212402820587,0.0,0.0,0.3067212402820587,0.8558706111167981,0.0
adult,iid,20,9928,5,2,0.982364622786365,0.0,0.8929510155316607,0.0,0.814867777371663,0.0,0.8801179978799984,0.0,,0.9217808684944088,0.0,0.0,0.8558706111167981,0.7286973555337904,0.6353543979504697,0.6788321167883211,0.3067212402820587,0.0,0.0,0.3067212402820587,0.8558706111167981,0.0
adult,iid,20,9928,5,3,0.982364622786365,0.0,0.8929510155316607,0.0,0.814867777371663,0.0,0.8801179978799984,0.0,,0.9217808684944088,0.0,0.0,0.8558706111167981,0.7286973555337904,0.6353543979504697,0.6788321167883211,0.3067212402820587,-0.0006984380316079,0.0,0.3067212402820587,0.8558706111167981,0.0
adult,iid,20,9928,5,4,0.982364622786365,0.0,0.8929510155316607,0.0,0.814867777371663,0.0,0.8801179978799984,0.0,,0.9217808684944088,0.0,0.0,0.8558706111167981,0.7286973555337904,0.6353543979504697,0.6788321167883211,0.3067212402820587,0.0,0.0,0.3067212402820587,0.8558706111167981,0.0
adult,iid,20,9928,5,5,0.982364622786365,0.0,0.8929510155316607,0.0,0.814867777371663,0.0,0.8801179978799984,0.0,,0.9217808684944088,0.0,0.0,0.8558706111167981,0.7286973555337904,0.6353543979504697,0.6788321167883211,0.3067212402820587,0.0,0.0,0.3067212402820587,0.8558706111167981,0.0
adult,iid,20,9928,5,6,0.982364622786365,0.0,0.8929510155316607,0.0037599929781929,0.814867777371663,0.0,0.8801179978799984,0.0,,0.9217808684944088,0.0,0.0,0.8558706111167981,0.7286973555337904,0.6353543979504697,0.6788321167883211,0.3067212402820587,0.0,0.0,0.3067212402820587,0.8558706111167981,0.0
adult,iid,20,9928,5,7,0.982364622786365,0.0,0.8929510155316607,0.0,0.814867777371663,0.0,0.8801179978799984,0.0,,0.9217808684944088,0.0,0.0,0.8558706111167981,0.7286973555337904,0.6353543979504697,0.6788321167883211,0.3067212402820587,0.0,0.0,0.3067212402820587,0.8558706111167981,0.0
adult,iid,20,9928,5,8,0.982364622786365,0.0,0.8929510155316607,0.0,0.814867777371663,0.0,0.8801179978799984,0.0,,0.9217808684944088,0.0121695081944868,0.0121695081944868,0.8558706111167981,0.7286973555337904,0.6353543979504697,0.6788321167883211,0.3067212402820587,0.0,0.0,0.3067212402820587,0.8558706111167981,0.0
adult,iid,20,9928,5,9,0.982364622786365,0.0,0.8929510155316607,0.0064744364945109,0.814867777371663,0.0,0.8801179978799984,0.0,,0.9217808684944088,0.0079496448908501,0.0079496448908501,0.8558706111167981,0.7286973555337904,0.6353543979504697,0.6788321167883211,0.3067212402820587,0.0,0.0,0.3067212402820587,0.8558706111167981,0.0
adult,iid,20,9928,5,10,0.982364622786365,0.0,0.8929510155316607,0.0,0.814867777371663,0.0,0.8801179978799984,0.0079132875873563,,0.9217808684944088,0.0,0.0,0.8558706111167981,0.7286973555337904,0.6353543979504697,0.6788321167883211,0.3067212402820587,0.0,0.0,0.3067212402820587,0.8558706111167981,0.0
adult,iid,20,9928,5,11,0.982364622786365,0.0,0.8929510155316607,0.0,0.814867777371663,0.0,0.8801179978799984,0.0,,0.9217808684944088,0.0,0.0,0.8558706111167981,0.7286973555337904,0.6353543979504697,0.6788321167883211,0.3067212402820587,-0.0008822651113562,0.0,0.3067212402820587,0.8558706111167981,0.0
adult,iid,20,9928,5,12,0.982364622786365,0.0,0.8929510155316607,0.0,0.814867777371663,0.0,0.8801179978799984,0.0,,0.9217808684944088,0.0,0.0,0.8558706111167981,0.7286973555337904,0.6353543979504697,0.6788321167883211,0.3067212402820587,0.0,0.0,0.3067212402820587,0.8558706111167981,0.0
adult,iid,20,9928,5,13,0.982364622786365,0.0,0.8929510155316607,0.0,0.814867777371663,0.0,0.8801179978799984,0.0,,0.9217808684944088,0.0011951056294939,0.0011951056294939,0.8558706111167981,0.7286973555337904,0.6353543979504697,0.6788321167883211,0.3067212402820587,0.0,0.0,0.3067212402820587,0.8558706111167981,0.0
adult,iid,20,9928,5,14,0.982364622786365,0.0,0.8929510155316607,0.0073881477793333,0.814867777371663,0.0,0.8801179978799984,0.0,,0.9217808684944088,0.0,0.0,0.8558706111167981,0.7286973555337904,0.6353543979504697,0.6788321167883211,0.3067212402820587,-0.0001459007598279,0.0,0.3067212402820587,0.8558706111167981,0.0
adult,iid,20,9928,5,15,0.982364622786365,0.0,0.8929510155316607,0.0,0.814867777371663,0.0,0.8801179978799984,0.0,,0.9217808684944088,0.0,0.0,0.8558706111167981,0.7286973555337904,0.6353543979504697,0.6788321167883211,0.3067212402820587,0.0,0.0,0.3067212402820587,0.8558706111167981,0.0
adult,iid,20,9928,5,16,0.982364622786365,0.0,0.8929510155316607,0.0,0.814867777371663,0.0,0.8801179978799984,0.0,,0.9217808684944088,0.0,0.0,0.8558706111167981,0.7286973555337904,0.6353543979504697,0.6788321167883211,0.3067212402820587,-0.0008946057282665,0.0,0.3067212402820587,0.8558706111167981,0.0
adult,iid,20,9928,5,17,0.982364622786365,0.0,0.8929510155316607,0.0,0.814867777371663,0.0,0.8801179978799984,0.0,,0.9217808684944088,0.0,0.0,0.8558706111167981,0.7286973555337904,0.6353543979504697,0.6788321167883211,0.3067212402820587,0.0,0.0,0.3067212402820587,0.8558706111167981,0.0
adult,iid,20,9928,5,18,0.982364622786365,0.0,0.8929510155316607,0.0,0.814867777371663,0.0,0.8801179978799984,0.0,,0.9217808684944088,0.0,0.0,0.8558706111167981,0.7286973555337904,0.6353543979504697,0.6788321167883211,0.3067212402820587,0.0,0.0,0.3067212402820587,0.8558706111167981,0.0
adult,iid,20,9928,5,19,0.982364622786365,0.0,0.8929510155316607,0.0,0.814867777371663,0.0,0.8801179978799984,0.0,,0.9217808684944088,0.0,0.0,0.8558706111167981,0.7286973555337904,0.6353543979504697,0.6788321167883211,0.3067212402820587,-0.0006602392057995,0.0,0.3067212402820587,0.8558706111167981,0.0
adult,iid,20,9928,6,0,0.9828488074521444,0.0,0.8979348215351558,0.0076348775965013,0.8153200545180651,0.0,0.8602895782129087,0.0,,0.9246213060141428,0.00608383575393,0.00608383575393,0.8568942573446617,0.731827111984283,0.6362083689154568,0.6806761078117862,0.3052607476711273,0.0,0.0,0.3052607476711273,0.8568942573446617,0.0
adult,iid,20,9928,6,1,0.9828488074521444,0.0,0.8979348215351558,0.0,0.8153200545180651,0.0,0.8602895782129087,0.0,,0.9246213060141428,0.0,0.0,0.8568942573446617,0.731827111984283,0.6362083689154568,0.6806761078117862,0.3052607476711273,0.0,0.0,0.3052607476711273,0.8568942573446617,0.0
adult,iid,20,9928,6,2,0.9828488074521444,0.0,0.8979348215351558,0.0,0.8153200545180651,0.0,0.8602895782129087,0.0,,0.9246213060141428,0.0,0.0,0.8568942573446617,0.731827111984283,0.6362083689154568,0.6806761078117862,0.3052607476711273,0.0,0.0,0.3052607476711273,0.8568942573446617,0.0
adult,iid,20,9928,6,3,0.9828488074521444,0.0,0.8979348215351558,0.0,0.8153200545180651,0.0,0.8602895782129087,0.0,,0.9246213060141428,0.0,0.0,0.8568942573446617,0.731827111984283,0.6362083689154568,0.6806761078117862,0.3052607476711273,-0.0003696075302393,0.0,0.3052607476711273,0.8568942573446617,0.0
adult,iid,20,9928,6,4,0.9828488074521444,0.0,0.8979348215351558,0.0,0.8153200545180651,0.0,0.8602895782129087,0.0,,0.9246213060141428,0.0,0.0,0.8568942573446617,0.731827111984283,0.6362083689154568,0.6806761078117862,0.3052607476711273,0.0,0.0,0.3052607476711273,0.8568942573446617,0.0
adult,iid,20,9928,6,5,0.9828488074521444,0.0,0.8979348215351558,0.0,0.8153200545180651,0.0,0.8602895782129087,0.0,,0.9246213060141428,0.0,0.0,0.8568942573446617,0.731827111984283,0.6362083689154568,0.6806761078117862,0.3052607476711273,0.0,0.0,0.3052607476711273,0.8568942573446617,0.0
adult,iid,20,9928,6,6,0.9828488074521444,0.0,0.8979348215351558,0.0,0.8153200545180651,0.0,0.8602895782129087,0.0,,0.9246213060141428,0.0,0.0,0.8568942573446617,0.731827111984283,0.6362083689154568,0.6806761078117862,0.3052607476711273,0.0,0.0001325428724285,0.3052607476711273,0.8568942573446617,0.0001325428724285
adult,iid,20,9928,6,7,0.9828488074521444,0.0,0.8979348215351558,0.0,0.8153200545180651,0.0,0.8602895782129087,0.0,,0.9246213060141428,0.0,0.0,0.8568942573446617,0.731827111984283,0.6362083689154568,0.6806761078117862,0.3052607476711273,0.0,0.0,0.3052607476711273,0.8568942573446617,0.0
adult,iid,20,9928,6,8,0.9828488074521444,0.0,0.8979348215351558,0.0,0.8153200545180651,0.0,0.8602895782129087,0.0,,0.9246213060141428,0.0134088183315099,0.0134088183315099,0.8568942573446617,0.731827111984283,0.6362083689154568,0.6806761078117862,0.3052607476711273,0.0,-9.705325084933736e-05,0.3052607476711273,0.8568942573446617,-9.705325084933736e-05
adult,iid,20,9928,6,9,0.9828488074521444,0.0,0.8979348215351558,0.0,0.8153200545180651,0.0,0.8602895782129087,0.0,,0.9246213060141428,0.0,0.0,0.8568942573446617,0.731827111984283,0.6362083689154568,0.6806761078117862,0.3052607476711273,-0.0001631360661347,0.0,0.3052607476711273,0.8568942573446617,0.0
adult,iid,20,9928,6,10,0.9828488074521444,0.0,0.8979348215351558,0.0,0.8153200545180651,0.0,0.8602895782129087,0.0,,0.9246213060141428,0.0,0.0,0.8568942573446617,0.731827111984283,0.6362083689154568,0.6806761078117862,0.3052607476711273,0.0,0.0,0.3052607476711273,0.8568942573446617,0.0
adult,iid,20,9928,6,11,0.9828488074521444,0.0,0.8979348215351558,0.0,0.8153200545180651,0.0,0.8602895782129087,0.0,,0.9246213060141428,0.0,0.0,0.8568942573446617,0.731827111984283,0.6362083689154568,0.6806761078117862,0.3052607476711273,-0.0008696705974933,0.0,0.3052607476711273,0.8568942573446617,0.0
adult,iid,20,9928,6,12,0.9828488074521444,0.0,0.8979348215351558,0.0,0.8153200545180651,0.0,0.8602895782129087,0.0066380538272882,,0.9246213060141428,0.0,0.0,0.8568942573446617,0.731827111984283,0.6362083689154568,0.6806761078117862,0.3052607476711273,0.0,-0.0008968975793663,0.3052607476711273,0.8568942573446617,-0.0008968975793663
adult,iid,20,9928,6,13,0.9828488074521444,0.0,0.8979348215351558,0.0,0.8153200545180651,0.0,0.8602895782129087,0.0,,0.9246213060141428,0.0027025463228362,0.0027025463228362,0.8568942573446617,0.731827111984283,0.6362083689154568,0.6806761078117862,0.3052607476711273,0.0,0.0,0.3052607476711273,0.8568942573446617,0.0
adult,iid,20,9928,6,14,0.9828488074521444,0.0,0.8979348215351558,0.0,0.8153200545180651,0.0,0.8602895782129087,0.0,,0.9246213060141428,0.0,0.0,0.8568942573446617,0.731827111984283,0.6362083689154568,0.6806761078117862,0.3052607476711273,0.0,0.0,0.3052607476711273,0.8568942573446617,0.0
adult,iid,20,9928,6,15,0.9828488074521444,0.0,0.8979348215351558,0.0,0.8153200545180651,0.0,0.8602895782129087,0.0,,0.9246213060141428,0.0,0.0,0.8568942573446617,0.731827111984283,0.6362083689154568,0.6806761078117862,0.3052607476711273,0.0,0.0,0.3052607476711273,0.8568942573446617,0.0
adult,iid,20,9928,6,16,0.9828488074521444,0.0,0.8979348215351558,0.0,0.8153200545180651,0.0,0.8602895782129087,0.0,,0.9246213060141428,0.0,0.0,0.8568942573446617,0.731827111984283,0.6362083689154568,0.6806761078117862,0.3052607476711273,0.0,0.0004628136365128,0.3052607476711273,0.8568942573446617,0.0004628136365128
adult,iid,20,9928,6,17,0.9828488074521444,0.0,0.8979348215351558,0.0,0.8153200545180651,0.0,0.8602895782129087,0.0,,0.9246213060141428,0.0,0.0,0.8568942573446617,0.731827111984283,0.6362083689154568,0.6806761078117862,0.3052607476711273,0.0,0.0,0.3052607476711273,0.8568942573446617,0.0
adult,iid,20,9928,6,18,0.9828488074521444,0.0,0.8979348215351558,0.0,0.8153200545180651,0.0,0.8602895782129087,0.0,,0.9246213060141428,0.0,0.0,0.8568942573446617,0.731827111984283,0.6362083689154568,0.6806761078117862,0.3052607476711273,0.0,0.0,0.3052607476711273,0.8568942573446617,0.0
adult,iid,20,9928,6,19,0.9828488074521444,0.0,0.8979348215351558,0.0,0.8153200545180651,0.0,0.8602895782129087,0.0,,0.9246213060141428,0.0,0.0,0.8568942573446617,0.731827111984283,0.6362083689154568,0.6806761078117862,0.3052607476711273,-0.0003870135227702,0.0,0.3052607476711273,0.8568942573446617,0.0
adult,iid,20,9928,7,0,0.9831712560139216,0.0,0.9016569316962688,0.0,0.8165634489849597,0.0,0.8288157113070624,0.0,,0.9287371479188832,0.0060230414858026,0.0060230414858026,0.8575084450813799,0.7328431372549019,0.6383432963279249,0.682336832496577,0.3042223751544952,0.0,0.0,0.3042223751544952,0.8575084450813799,0.0
adult,iid,20,9928,7,1,0.9831712560139216,0.0,0.9016569316962688,0.0055642714383054,0.8165634489849597,0.0,0.8288157113070624,0.0,,0.9287371479188832,0.0,0.0,0.8575084450813799,0.7328431372549019,0.6383432963279249,0.682336832496577,0.3042223751544952,0.0,0.0,0.3042223751544952,0.8575084450813799,0.0
adult,iid,20,9928,7,2,0.9831712560139216,0.0,0.9016569316962688,0.0,0.8165634489849597,0.0,0.8288157113070624,0.0,,0.9287371479188832,0.0,0.0,0.8575084450813799,0.7328431372549019,0.6383432963279249,0.682336832496577,0.3042223751544952,0.0,0.0,0.3042223751544952,0.8575084450813799,0.0
adult,iid,20,9928,7,3,0.9831712560139216,0.0,0.9016569316962688,0.0,0.8165634489849597,0.0,0.8288157113070624,0.0,,0.9287371479188832,0.0,0.0,0.8575084450813799,0.7328431372549019,0.6383432963279249,0.682336832496577,0.3042223751544952,-0.0006655266204426,0.0,0.3042223751544952,0.8575084450813799,0.0
adult,iid,20,9928,7,4,0.9831712560139216,0.0,0.9016569316962688,0.0,0.8165634489849597,0.0,0.8288157113070624,0.0,,0.9287371479188832,0.0,0.0,0.8575084450813799,0.7328431372549019,0.6383432963279249,0.682336832496577,0.3042223751544952,0.0,0.0,0.3042223751544952,0.8575084450813799,0.0
adult,iid,20,9928,7,5,0.9831712560139216,0.0,0.9016569316962688,0.0,0.8165634489849597,0.0,0.8288157113070624,0.0,,0.9287371479188832,0.0,0.0,0.8575084450813799,0.7328431372549019,0.6383432963279249,0.682336832496577,0.3042223751544952,0.0,0.0,0.3042223751544952,0.8575084450813799,0.0
adult,iid,20,9928,7,6,0.9831712560139216,0.0,0.9016569316962688,0.0,0.8165634489849597,0.0,0.8288157113070624,0.0,,0.9287371479188832,0.0,0.0,0.8575084450813799,0.7328431372549019,0.6383432963279249,0.682336832496577,0.3042223751544952,0.0,0.0,0.3042223751544952,0.8575084450813799,0.0
adult,iid,20,9928,7,7,0.9831712560139216,0.0,0.9016569316962688,0.0,0.8165634489849597,0.0,0.8288157113070624,0.0,,0.9287371479188832,0.0,0.0,0.8575084450813799,0.7328431372549019,0.6383432963279249,0.682336832496577,0.3042223751544952,0.0,0.0,0.3042223751544952,0.8575084450813799,0.0
adult,iid,20,9928,7,8,0.9831712560139216,0.0,0.9016569316962688,0.0,0.8165634489849597,0.010254999063109,0.8288157113070624,0.0,,0.9287371479188832,0.0144383958790314,0.0144383958790314,0.8575084450813799,0.7328431372549019,0.6383432963279249,0.682336832496577,0.3042223751544952,0.0,0.0,0.3042223751544952,0.8575084450813799,0.0
adult,iid,20,9928,7,9,0.9831712560139216,0.0,0.9016569316962688,0.0,0.8165634489849597,0.0,0.8288157113070624,0.0,,0.9287371479188832,0.0,0.0,0.8575084450813799,0.7328431372549019,0.6383432963279249,0.682336832496577,0.3042223751544952,0.0,0.0,0.3042223751544952,0.8575084450813799,0.0
adult,iid,20,9928,7,10,0.9831712560139216,0.0,0.9016569316962688,0.0,0.8165634489849597,0.0,0.8288157113070624,0.0,,0.9287371479188832,0.0,0.0,0.8575084450813799,0.7328431372549019,0.6383432963279249,0.682336832496577,0.3042223751544952,0.0,0.0,0.3042223751544952,0.8575084450813799,0.0
adult,iid,20,9928,7,11,0.9831712560139216,0.0,0.9016569316962688,0.0,0.8165634489849597,0.0,0.8288157113070624,0.0,,0.9287371479188832,0.0,0.0,0.8575084450813799,0.7328431372549019,0.6383432963279249,0.682336832496577,0.3042223751544952,-0.0005719810444686,0.0,0.3042223751544952,0.8575084450813799,0.0
adult,iid,20,9928,7,12,0.9831712560139216,0.0,0.9016569316962688,0.0,0.8165634489849597,0.0,0.8288157113070624,0.0070320345379353,,0.9287371479188832,0.0,0.0,0.8575084450813799,0.7328431372549019,0.6383432963279249,0.682336832496577,0.3042223751544952,0.0,0.0,0.3042223751544952,0.8575084450813799,0.0
adult,iid,20,9928,7,13,0.9831712560139216,0.0,0.9016569316962688,0.0,0.8165634489849597,0.0,0.8288157113070624,0.0,,0.9287371479188832,0.00225296415099,0.00225296415099,0.8575084450813799,0.7328431372549019,0.6383432963279249,0.682336832496577,0.3042223751544952,0.0,0.0,0.3042223751544952,0.8575084450813799,0.0
adult,iid,20,9928,7,14,0.9831712560139216,0.0,0.9016569316962688,0.0,0.8165634489849597,0.0,0.8288157113070624,0.0,,0.9287371479188832,0.0,0.0,0.8575084450813799,0.7328431372549019,0.6383432963279249,0.682336832496577,0.3042223751544952,4.22307854521789e-05,0.0,0.3042223751544952,0.8575084450813799,0.0
adult,iid,20,9928,7,15,0.9831712560139216,0.0,0.9016569316962688,0.0,0.8165634489849597,0.0,0.8288157113070624,0.0,,0.9287371479188832,0.0,0.0,0.8575084450813799,0.7328431372549019,0.6383432963279249,0.682336832496577,0.3042223751544952,0.0,0.0,0.3042223751544952,0.8575084450813799,0.0
adult,iid,20,9928,7,16,0.9831712560139216,0.0,0.9016569316962688,0.0,0.8165634489849597,0.0,0.8288157113070624,0.0,,0.9287371479188832,0.0,0.0,0.8575084450813799,0.7328431372549019,0.6383432963279249,0.682336832496577,0.3042223751544952,0.0,0.0,0.3042223751544952,0.8575084450813799,0.0
adult,iid,20,9928,7,17,0.9831712560139216,0.0,0.9016569316962688,0.0,0.8165634489849597,0.0,0.8288157113070624,0.0,,0.9287371479188832,0.0,0.0,0.8575084450813799,0.7328431372549019,0.6383432963279249,0.682336832496577,0.3042223751544952,0.0,0.0,0.3042223751544952,0.8575084450813799,0.0
adult,iid,20,9928,7,18,0.9831712560139216,0.0,0.9016569316962688,0.0,0.8165634489849597,0.0,0.8288157113070624,0.0,,0.9287371479188832,0.0,0.0,0.8575084450813799,0.7328431372549019,0.6383432963279249,0.682336832496577,0.3042223751544952,-0.0008217422309109,0.0,0.3042223751544952,0.8575084450813799,0.0
adult,iid,20,9928,7,19,0.9831712560139216,0.0,0.9016569316962688,0.0,0.8165634489849597,0.0,0.8288157113070624,0.0,,0.9287371479188832,0.0,0.0,0.8575084450813799,0.7328431372549019,0.6383432963279249,0.682336832496577,0.3042223751544952,0.0,0.0,0.3042223751544952,0.8575084450813799,0.0
adult,iid,20,9928,8,0,0.9836144948305864,0.0,0.9045974273463554,0.0,0.8194745235077843,0.0,0.834884506517257,0.0,,0.933765411130864,0.0,0.0,0.8584297266864571,0.7365564874198323,0.6374893253629377,0.6834515907530327,0.3033725321292877,0.0,0.0,0.3033725321292877,0.8584297266864571,0.0
adult,iid,20,9928,8,1,0.9836144948305864,0.0,0.9045974273463554,0.0054652190078027,0.8194745235077843,0.0,0.834884506517257,0.0,,0.933765411130864,0.0,0.0,0.8584297266864571,0.7365564874198323,0.6374893253629377,0.6834515907530327,0.3033725321292877,0.0,0.0,0.3033725321292877,0.8584297266864571,0.0
adult,iid,20,9928,8,2,0.9836144948305864,0.0,0.9045974273463554,0.0,0.8194745235077843,0.0,0.834884506517257,0.0,,0.933765411130864,0.0,0.0,0.8584297266864571,0.7365564874198323,0.6374893253629377,0.6834515907530327,0.3033725321292877,0.0,0.0,0.3033725321292877,0.8584297266864571,0.0
adult,iid,20,9928,8,3,0.9836144948305864,0.0,0.9045974273463554,0.0,0.8194745235077843,0.0,0.834884506517257,0.0,,0.933765411130864,0.0,0.0,0.8584297266864571,0.7365564874198323,0.6374893253629377,0.6834515907530327,0.3033725321292877,0.0,0.0,0.3033725321292877,0.8584297266864571,0.0
adult,iid,20,9928,8,4,0.9836144948305864,0.0,0.9045974273463554,0.0,0.8194745235077843,0.0,0.834884506517257,0.0,,0.933765411130864,0.0,0.0,0.8584297266864571,0.7365564874198323,0.6374893253629377,0.6834515907530327,0.3033725321292877,0.0,0.0,0.3033725321292877,0.8584297266864571,0.0
adult,iid,20,9928,8,5,0.9836144948305864,0.0,0.9045974273463554,0.0,0.8194745235077843,0.0,0.834884506517257,0.0,,0.933765411130864,0.0,0.0,0.8584297266864571,0.7365564874198323,0.6374893253629377,0.6834515907530327,0.3033725321292877,0.0,0.0,0.3033725321292877,0.8584297266864571,0.0
adult,iid,20,9928,8,6,0.9836144948305864,0.0,0.9045974273463554,0.0,0.8194745235077843,0.0,0.834884506517257,0.0,,0.933765411130864,0.0,0.0,0.8584297266864571,0.7365564874198323,0.6374893253629377,0.6834515907530327,0.3033725321292877,0.0,0.0,0.3033725321292877,0.8584297266864571,0.0
adult,iid,20,9928,8,7,0.9836144948305864,0.0,0.9045974273463554,0.0,0.8194745235077843,0.0,0.834884506517257,0.0041415275658423,,0.933765411130864,0.0,0.0,0.8584297266864571,0.7365564874198323,0.6374893253629377,0.6834515907530327,0.3033725321292877,0.0,0.0,0.3033725321292877,0.8584297266864571,0.0
adult,iid,20,9928,8,8,0.9836144948305864,0.0,0.9045974273463554,0.0,0.8194745235077843,0.0100694449761367,0.834884506517257,0.0,,0.933765411130864,0.0,0.0,0.8584297266864571,0.7365564874198323,0.6374893253629377,0.6834515907530327,0.3033725321292877,0.0,0.0,0.3033725321292877,0.8584297266864571,0.0
adult,iid,20,9928,8,9,0.9836144948305864,0.0,0.9045974273463554,0.0,0.8194745235077843,0.0,0.834884506517257,0.0,,0.933765411130864,0.0,0.0,0.8584297266864571,0.7365564874198323,0.6374893253629377,0.6834515907530327,0.3033725321292877,0.0,0.0,0.3033725321292877,0.8584297266864571,0.0
adult,iid,20,9928,8,10,0.9836144948305864,0.0,0.9045974273463554,0.0,0.8194745235077843,0.0,0.834884506517257,0.0,,0.933765411130864,0.0,0.0,0.8584297266864571,0.7365564874198323,0.6374893253629377,0.6834515907530327,0.3033725321292877,0.0,0.0,0.3033725321292877,0.8584297266864571,0.0
adult,iid,20,9928,8,11,0.9836144948305864,0.0,0.9045974273463554,0.0,0.8194745235077843,0.0,0.834884506517257,0.0,,0.933765411130864,0.0,0.0,0.8584297266864571,0.7365564874198323,0.6374893253629377,0.6834515907530327,0.3033725321292877,0.0,0.0,0.3033725321292877,0.8584297266864571,0.0
adult,iid,20,9928,8,12,0.9836144948305864,0.0,0.9045974273463554,0.0,0.8194745235077843,0.0,0.834884506517257,0.0,,0.933765411130864,0.0,0.0,0.8584297266864571,0.7365564874198323,0.6374893253629377,0.6834515907530327,0.3033725321292877,0.0,0.0,0.3033725321292877,0.8584297266864571,0.0
adult,iid,20,9928,8,13,0.9836144948305864,0.0,0.9045974273463554,0.0,0.8194745235077843,0.0,0.834884506517257,0.0,,0.933765411130864,0.0,0.0,0.8584297266864571,0.7365564874198323,0.6374893253629377,0.6834515907530327,0.3033725321292877,0.0,0.0,0.3033725321292877,0.8584297266864571,0.0
adult,iid,20,9928,8,14,0.9836144948305864,0.0,0.9045974273463554,0.0,0.8194745235077843,0.0,0.834884506517257,0.0,,0.933765411130864,0.0,0.0,0.8584297266864571,0.7365564874198323,0.6374893253629377,0.6834515907530327,0.3033725321292877,0.0,0.0,0.3033725321292877,0.8584297266864571,0.0
adult,iid,20,9928,8,15,0.9836144948305864,0.0,0.9045974273463554,0.0,0.8194745235077843,0.0,0.834884506517257,0.0,,0.933765411130864,0.0,0.0,0.8584297266864571,0.7365564874198323,0.6374893253629377,0.6834515907530327,0.3033725321292877,0.0,0.0,0.3033725321292877,0.8584297266864571,0.0
adult,iid,20,9928,8,16,0.9836144948305864,0.0,0.9045974273463554,0.0,0.8194745235077843,0.0,0.834884506517257,0.0,,0.933765411130864,0.0059472340030035,0.0059472340030035,0.8584297266864571,0.7365564874198323,0.6374893253629377,0.6834515907530327,0.3033725321292877,0.0,0.0,0.3033725321292877,0.8584297266864571,0.0
adult,iid,20,9928,8,17,0.9836144948305864,0.0,0.9045974273463554,0.0,0.8194745235077843,0.0,0.834884506517257,0.0,,0.933765411130864,0.0,0.0,0.8584297266864571,0.7365564874198323,0.6374893253629377,0.6834515907530327,0.3033725321292877,0.0,0.0,0.3033725321292877,0.8584297266864571,0.0
adult,iid,20,9928,8,18,0.9836144948305864,0.0,0.9045974273463554,0.0,0.8194745235077843,0.0,0.834884506517257,0.0,,0.933765411130864,0.0,0.0,0.8584297266864571,0.7365564874198323,0.6374893253629377,0.6834515907530327,0.3033725321292877,0.0,0.0,0.3033725321292877,0.8584297266864571,0.0
adult,iid,20,9928,8,19,0.9836144948305864,0.0,0.9045974273463554,0.0,0.8194745235077843,0.0,0.834884506517257,0.0,,0.933765411130864,0.0,0.0,0.8584297266864571,0.7365564874198323,0.6374893253629377,0.6834515907530327,0.3033725321292877,0.0,0.0,0.3033725321292877,0.8584297266864571,0.0
adult,iid,20,9928,9,0,0.9840372607226944,0.0,0.9082350137051602,0.0,0.817185146218407,0.0,0.8450477000314507,0.0,,0.9304171964760236,0.0,0.0,0.8593510082915344,0.7370225269343781,0.6426131511528608,0.6865875912408759,0.302440345287323,0.0,0.0,0.302440345287323,0.8593510082915344,0.0
adult,iid,20,9928,9,1,0.9840372607226944,0.0,0.9082350137051602,0.0055367512618158,0.817185146218407,0.0,0.8450477000314507,0.0,,0.9304171964760236,0.0,0.0,0.8593510082915344,0.7370225269343781,0.6426131511528608,0.6865875912408759,0.302440345287323,0.0,0.0,0.302440345287323,0.8593510082915344,0.0
adult,iid,20,9928,9,2,0.9840372607226944,0.0,0.9082350137051602,0.0,0.817185146218407,0.0,0.8450477000314507,0.0,,0.9304171964760236,0.0,0.0,0.8593510082915344,0.7370225269343781,0.6426131511528608,0.6865875912408759,0.302440345287323,0.0,0.0,0.302440345287323,0.8593510082915344,0.0
adult,iid,20,9928,9,3,0.9840372607226944,0.0,0.9082350137051602,0.0,0.817185146218407,0.0,0.8450477000314507,0.0,,0.9304171964760236,0.0,0.0,0.8593510082915344,0.7370225269343781,0.6426131511528608,0.6865875912408759,0.302440345287323,0.0,0.0,0.302440345287323,0.8593510082915344,0.0
adult,iid,20,9928,9,4,0.9840372607226944,0.0,0.9082350137051602,0.0,0.817185146218407,0.0,0.8450477000314507,0.0,,0.9304171964760236,0.0,0.0,0.8593510082915344,0.7370225269343781,0.6426131511528608,0.6865875912408759,0.302440345287323,0.0,0.0,0.302440345287323,0.8593510082915344,0.0
adult,iid,20,9928,9,5,0.9840372607226944,0.0,0.9082350137051602,0.0,0.817185146218407,0.0,0.8450477000314507,0.0,,0.9304171964760236,0.0,0.0,0.8593510082915344,0.7370225269343781,0.6426131511528608,0.6865875912408759,0.302440345287323,0.0,0.0,0.302440345287323,0.8593510082915344,0.0
adult,iid,20,9928,9,6,0.9840372607226944,0.0,0.9082350137051602,0.0010861695966632,0.817185146218407,0.0,0.8450477000314507,0.0,,0.9304171964760236,0.0,0.0,0.8593510082915344,0.7370225269343781,0.6426131511528608,0.6865875912408759,0.302440345287323,0.0,0.0,0.302440345287323,0.8593510082915344,0.0
adult,iid,20,9928,9,7,0.9840372607226944,0.0,0.9082350137051602,0.0,0.817185146218407,0.0,0.8450477000314507,0.0,,0.9304171964760236,0.0,0.0,0.8593510082915344,0.7370225269343781,0.6426131511528608,0.6865875912408759,0.302440345287323,0.0,0.0,0.302440345287323,0.8593510082915344,0.0
adult,iid,20,9928,9,8,0.9840372607226944,0.0,0.9082350137051602,0.0,0.817185146218407,0.0087401670109605,0.8450477000314507,0.0,,0.9304171964760236,0.0,0.0,0.8593510082915344,0.7370225269343781,0.6426131511528608,0.6865875912408759,0.302440345287323,0.0,0.0,0.302440345287323,0.8593510082915344,0.0
adult,iid,20,9928,9,9,0.9840372607226944,0.0,0.9082350137051602,0.0,0.817185146218407,0.0,0.8450477000314507,0.0,,0.9304171964760236,0.0,0.0,0.8593510082915344,0.7370225269343781,0.6426131511528608,0.6865875912408759,0.302440345287323,0.0,0.0,0.302440345287323,0.8593510082915344,0.0
adult,iid,20,9928,9,10,0.9840372607226944,0.0,0.9082350137051602,0.0,0.817185146218407,0.0,0.8450477000314507,0.0055472777244203,,0.9304171964760236,0.0,0.0,0.8593510082915344,0.7370225269343781,0.6426131511528608,0.6865875912408759,0.302440345287323,0.0,0.0,0.302440345287323,0.8593510082915344,0.0
adult,iid,20,9928,9,11,0.9840372607226944,0.0,0.9082350137051602,0.0,0.817185146218407,0.0,0.8450477000314507,0.0,,0.9304171964760236,0.0,0.0,0.8593510082915344,0.7370225269343781,0.6426131511528608,0.6865875912408759,0.302440345287323,0.0,0.0,0.302440345287323,0.8593510082915344,0.0
adult,iid,20,9928,9,12,0.9840372607226944,0.0,0.9082350137051602,0.0,0.817185146218407,0.0,0.8450477000314507,0.0,,0.9304171964760236,0.0,0.0,0.8593510082915344,0.7370225269343781,0.6426131511528608,0.6865875912408759,0.302440345287323,0.0,0.0,0.302440345287323,0.8593510082915344,0.0
adult,iid,20,9928,9,13,0.9840372607226944,0.0,0.9082350137051602,0.0,0.817185146218407,0.0,0.8450477000314507,0.0,,0.9304171964760236,0.0,0.0,0.8593510082915344,0.7370225269343781,0.6426131511528608,0.6865875912408759,0.302440345287323,0.0,0.0,0.302440345287323,0.8593510082915344,0.0
adult,iid,20,9928,9,14,0.9840372607226944,0.0,0.9082350137051602,0.0,0.817185146218407,0.0,0.8450477000314507,0.0,,0.9304171964760236,0.0,0.0,0.8593510082915344,0.7370225269343781,0.6426131511528608,0.6865875912408759,0.302440345287323,0.0,0.0,0.302440345287323,0.8593510082915344,0.0
adult,iid,20,9928,9,15,0.9840372607226944,0.0,0.9082350137051602,0.0,0.817185146218407,0.0,0.8450477000314507,0.0,,0.9304171964760236,0.0,0.0,0.8593510082915344,0.7370225269343781,0.6426131511528608,0.6865875912408759,0.302440345287323,0.0,0.0,0.302440345287323,0.8593510082915344,0.0
adult,iid,20,9928,9,16,0.9840372607226944,0.0,0.9082350137051602,0.0,0.817185146218407,0.0,0.8450477000314507,0.0,,0.9304171964760236,0.0055660200212191,0.0055660200212191,0.8593510082915344,0.7370225269343781,0.6426131511528608,0.6865875912408759,0.302440345287323,0.0,0.0,0.302440345287323,0.8593510082915344,0.0
adult,iid,20,9928,9,17,0.9840372607226944,0.0,0.9082350137051602,0.0,0.817185146218407,0.0,0.8450477000314507,0.0,,0.9304171964760236,0.0,0.0,0.8593510082915344,0.7370225269343781,0.6426131511528608,0.6865875912408759,0.302440345287323,0.0,0.0,0.302440345287323,0.8593510082915344,0.0
adult,iid,20,9928,9,18,0.9840372607226944,0.0,0.9082350137051602,0.0,0.817185146218407,0.0,0.8450477000314507,0.0,,0.9304171964760236,0.0,0.0,0.8593510082915344,0.7370225269343781,0.6426131511528608,0.6865875912408759,0.302440345287323,0.0,0.0,0.302440345287323,0.8593510082915344,0.0
adult,iid,20,9928,9,19,0.9840372607226944,0.0,0.9082350137051602,0.0,0.817185146218407,0.0,0.8450477000314507,0.0,,0.9304171964760236,0.0,0.0,0.8593510082915344,0.7370225269343781,0.6426131511528608,0.6865875912408759,0.302440345287323,0.0,0.0,0.302440345287323,0.8593510082915344,0.0
adult,iid,20,9928,10,0,0.9844201044119152,0.0,,,0.8187169960561319,0.0,0.8592121049750143,0.0,,0.93298609259461,0.0,0.0,0.8598628314054663,0.7390663390663391,0.6421861656703672,0.687228695453507,0.3016612529754638,0.0,0.0,0.3016612529754638,0.8598628314054663,0.0
adult,iid,20,9928,10,1,0.9844201044119152,0.0,,,0.8187169960561319,0.0,0.8592121049750143,0.0,,0.93298609259461,0.0,0.0,0.8598628314054663,0.7390663390663391,0.6421861656703672,0.687228695453507,0.3016612529754638,0.0,0.0,0.3016612529754638,0.8598628314054663,0.0
adult,iid,20,9928,10,2,0.9844201044119152,0.0,,,0.8187169960561319,0.0,0.8592121049750143,0.0,,0.93298609259461,0.0,0.0,0.8598628314054663,0.7390663390663391,0.6421861656703672,0.687228695453507,0.3016612529754638,0.0,0.0,0.3016612529754638,0.8598628314054663,0.0
adult,iid,20,9928,10,3,0.9844201044119152,0.0,,,0.8187169960561319,0.0,0.8592121049750143,0.0,,0.93298609259461,0.0,0.0,0.8598628314054663,0.7390663390663391,0.6421861656703672,0.687228695453507,0.3016612529754638,0.0,0.0,0.3016612529754638,0.8598628314054663,0.0
adult,iid,20,9928,10,4,0.9844201044119152,0.0,,,0.8187169960561319,0.0,0.8592121049750143,0.0,,0.93298609259461,0.0,0.0,0.8598628314054663,0.7390663390663391,0.6421861656703672,0.687228695453507,0.3016612529754638,0.0,0.0,0.3016612529754638,0.8598628314054663,0.0
adult,iid,20,9928,10,5,0.9844201044119152,0.0,,,0.8187169960561319,0.0,0.8592121049750143,0.0,,0.93298609259461,0.0,0.0,0.8598628314054663,0.7390663390663391,0.6421861656703672,0.687228695453507,0.3016612529754638,0.0,0.0,0.3016612529754638,0.8598628314054663,0.0
adult,iid,20,9928,10,6,0.9844201044119152,0.0,,,0.8187169960561319,0.0,0.8592121049750143,0.0,,0.93298609259461,0.0,0.0,0.8598628314054663,0.7390663390663391,0.6421861656703672,0.687228695453507,0.3016612529754638,0.0,0.0,0.3016612529754638,0.8598628314054663,0.0
adult,iid,20,9928,10,7,0.9844201044119152,0.0,,,0.8187169960561319,0.0,0.8592121049750143,0.0,,0.93298609259461,0.0,0.0,0.8598628314054663,0.7390663390663391,0.6421861656703672,0.687228695453507,0.3016612529754638,0.0,0.0,0.3016612529754638,0.8598628314054663,0.0
adult,iid,20,9928,10,8,0.9844201044119152,0.0,,,0.8187169960561319,0.0,0.8592121049750143,0.0,,0.93298609259461,0.0,0.0,0.8598628314054663,0.7390663390663391,0.6421861656703672,0.687228695453507,0.3016612529754638,0.0,0.0,0.3016612529754638,0.8598628314054663,0.0
adult,iid,20,9928,10,9,0.9844201044119152,0.0,,,0.8187169960561319,0.0,0.8592121049750143,0.0,,0.93298609259461,0.0,0.0,0.8598628314054663,0.7390663390663391,0.6421861656703672,0.687228695453507,0.3016612529754638,0.0,0.0,0.3016612529754638,0.8598628314054663,0.0
adult,iid,20,9928,10,10,0.9844201044119152,0.0,,,0.8187169960561319,0.0,0.8592121049750143,0.0098051929263352,,0.93298609259461,0.0,0.0,0.8598628314054663,0.7390663390663391,0.6421861656703672,0.687228695453507,0.3016612529754638,0.0,0.0,0.3016612529754638,0.8598628314054663,0.0
adult,iid,20,9928,10,11,0.9844201044119152,0.0,,,0.8187169960561319,0.0,0.8592121049750143,0.0,,0.93298609259461,0.0,0.0,0.8598628314054663,0.7390663390663391,0.6421861656703672,0.687228695453507,0.3016612529754638,0.0,0.0,0.3016612529754638,0.8598628314054663,0.0
adult,iid,20,9928,10,12,0.9844201044119152,0.0,,,0.8187169960561319,0.0,0.8592121049750143,0.0,,0.93298609259461,0.0,0.0,0.8598628314054663,0.7390663390663391,0.6421861656703672,0.687228695453507,0.3016612529754638,0.0,0.0,0.3016612529754638,0.8598628314054663,0.0
adult,iid,20,9928,10,13,0.9844201044119152,0.0,,,0.8187169960561319,0.0,0.8592121049750143,0.0,,0.93298609259461,0.0,0.0,0.8598628314054663,0.7390663390663391,0.6421861656703672,0.687228695453507,0.3016612529754638,0.0,0.0,0.3016612529754638,0.8598628314054663,0.0
adult,iid,20,9928,10,14,0.9844201044119152,0.0,,,0.8187169960561319,0.0,0.8592121049750143,0.0,,0.93298609259461,0.0,0.0,0.8598628314054663,0.7390663390663391,0.6421861656703672,0.687228695453507,0.3016612529754638,0.0,0.0,0.3016612529754638,0.8598628314054663,0.0
adult,iid,20,9928,10,15,0.9844201044119152,0.0,,,0.8187169960561319,0.0,0.8592121049750143,0.0,,0.93298609259461,0.0,0.0,0.8598628314054663,0.7390663390663391,0.6421861656703672,0.687228695453507,0.3016612529754638,0.0,0.0,0.3016612529754638,0.8598628314054663,0.0
adult,iid,20,9928,10,16,0.9844201044119152,0.0,,,0.8187169960561319,0.0065097305882864,0.8592121049750143,0.0,,0.93298609259461,0.0063097420480276,0.0063097420480276,0.8598628314054663,0.7390663390663391,0.6421861656703672,0.687228695453507,0.3016612529754638,0.0,0.0,0.3016612529754638,0.8598628314054663,0.0
adult,iid,20,9928,10,17,0.9844201044119152,0.0,,,0.8187169960561319,0.0,0.8592121049750143,0.0,,0.93298609259461,0.0,0.0,0.8598628314054663,0.7390663390663391,0.6421861656703672,0.687228695453507,0.3016612529754638,0.0,0.0,0.3016612529754638,0.8598628314054663,0.0
adult,iid,20,9928,10,18,0.9844201044119152,0.0,,,0.8187169960561319,0.0,0.8592121049750143,0.0,,0.93298609259461,0.0,0.0,0.8598628314054663,0.7390663390663391,0.6421861656703672,0.687228695453507,0.3016612529754638,0.0,0.0,0.3016612529754638,0.8598628314054663,0.0
adult,iid,20,9928,10,19,0.9844201044119152,0.0,,,0.8187169960561319,0.0,0.8592121049750143,0.0,,0.93298609259461,0.0,0.0,0.8598628314054663,0.7390663390663391,0.6421861656703672,0.687228695453507,0.3016612529754638,0.0,0.0,0.3016612529754638,0.8598628314054663,0.0
adult,iid,4,9928,1,0,0.9822663527484902,0.0,0.8783735156531126,0.0,0.8399725511941862,-0.0007608295065553,0.8784318978671855,0.0,,0.936036466832876,0.0391721199065819,0.0391721199065819,0.8537209540382844,0.7487738419618528,0.5866780529461998,0.6578884366770409,0.3113709986209869,0.0,0.0,0.3113709986209869,0.8537209540382844,0.0
adult,iid,4,9928,1,1,0.9822663527484902,0.0,0.8783735156531126,0.0,0.8399725511941862,0.0,0.8784318978671855,-0.0018930525302178,,0.936036466832876,0.0,0.0,0.8537209540382844,0.7487738419618528,0.5866780529461998,0.6578884366770409,0.3113709986209869,-0.1500515609979629,0.0861603029992834,0.3113709986209869,0.8537209540382844,0.0861603029992834
adult,iid,4,9928,1,2,0.9822663527484902,0.0,0.8783735156531126,0.0,0.8399725511941862,0.0,0.8784318978671855,-0.0146264565302644,,0.936036466832876,0.0,0.0,0.8537209540382844,0.7487738419618528,0.5866780529461998,0.6578884366770409,0.3113709986209869,-0.132791593670845,0.0765516770737366,0.3113709986209869,0.8537209540382844,0.0765516770737366
adult,iid,4,9928,1,3,0.9822663527484902,0.0059201555942266,0.8783735156531126,0.1326956000769384,0.8399725511941862,-0.0107986763061366,0.8784318978671855,0.0,,0.936036466832876,0.0,0.0,0.8537209540382844,0.7487738419618528,0.5866780529461998,0.6578884366770409,0.3113709986209869,-0.1268391013145446,0.0746954652472105,0.3113709986209869,0.8537209540382844,0.0746954652472105
adult,iid,4,9928,2,0,0.9826604565462176,0.0,0.8999760994263862,0.0262910910344008,0.8348799380428227,0.02283371439806,0.8386993441973698,0.0,,0.930210745692996,0.0198333378324633,0.0198333378324633,0.8552564233800799,0.7524483133841132,0.5905209222886422,0.6617224880382775,0.3044557869434356,-0.0010146061579386,0.0,0.3044557869434356,0.8552564233800799,0.0
adult,iid,4,9928,2,1,0.9826604565462176,0.0,0.8999760994263862,0.0,0.8348799380428227,0.0,0.8386993441973698,0.0,,0.930210745692996,0.0,0.0,0.8552564233800799,0.7524483133841132,0.5905209222886422,0.6617224880382775,0.3044557869434356,-0.0018556098143259,0.0003343911011021,0.3044557869434356,0.8552564233800799,0.0003343911011021
adult,iid,4,9928,2,2,0.9826604565462176,0.0,0.8999760994263862,0.0,0.8348799380428227,0.0,0.8386993441973698,0.0,,0.930210745692996,0.0,0.0,0.8552564233800799,0.7524483133841132,0.5905209222886422,0.6617224880382775,0.3044557869434356,-0.0056018521388371,0.0,0.3044557869434356,0.8552564233800799,0.0
adult,iid,4,9928,2,3,0.9826604565462176,0.0,0.8999760994263862,0.0151817396554259,0.8348799380428227,0.0,0.8386993441973698,-0.0005502879086147,,0.930210745692996,0.0,0.0,0.8552564233800799,0.7524483133841132,0.5905209222886422,0.6617224880382775,0.3044557869434356,0.0020844250917434,0.0001603712423652,0.3044557869434356,0.8552564233800799,0.0001603712423652
adult,iid,4,9928,3,0,0.9849462585730372,0.0021092571740539,0.9083303454045656,0.0177468361754733,0.8415898464468561,0.0229904845151969,0.8166257032696944,0.0,,0.9356880160309666,0.0272489512859068,0.0272489512859068,0.8572013512130208,0.7643774427694026,0.5845431255337319,0.6624727800629083,0.3022526800632477,-0.0020167966683705,0.0008905722182413,0.3022526800632477,0.8572013512130208,0.0008905722182413
adult,iid,4,9928,3,1,0.9849462585730372,-0.0004463097553485,0.9083303454045656,0.0,0.8415898464468561,0.0,0.8166257032696944,0.0437315324969811,,0.9356880160309666,0.0,0.0,0.8572013512130208,0.7643774427694026,0.5845431255337319,0.6624727800629083,0.3022526800632477,-0.0011241644620895,0.0004947623434674,0.3022526800632477,0.8572013512130208,0.0004947623434674
adult,iid,4,9928,3,2,0.9849462585730372,0.0,0.9083303454045656,0.0,0.8415898464468561,0.0,0.8166257032696944,0.0,,0.9356880160309666,0.0,0.0,0.8572013512130208,0.7643774427694026,0.5845431255337319,0.6624727800629083,0.3022526800632477,-0.0023652344942092,0.0,0.3022526800632477,0.8572013512130208,0.0
adult,iid,4,9928,3,3,0.9849462585730372,0.0,0.9083303454045656,0.0,0.8415898464468561,0.0,0.8166257032696944,0.0,,0.9356880160309666,0.0,0.0,0.8572013512130208,0.7643774427694026,0.5845431255337319,0.6624727800629083,0.3022526800632477,0.003403749068578,-0.0002934452519875,0.3022526800632477,0.8572013512130208,-0.0002934452519875
adult,iid,4,9928,4,0,0.985360835295322,0.0,0.9107505070993916,0.0178297675361058,0.8359651090456188,0.0204883951114911,0.8469842397698284,0.0,,0.9339319886468184,0.0279611814289466,0.0279611814289466,0.8585320913092436,0.7608695652173914,0.5977796754910333,0.6695361071257772,0.2991190254688263,-0.0029867668946584,0.0016856041218821,0.2991190254688263,0.8585320913092436,0.0016856041218821
adult,iid,4,9928,4,1,0.985360835295322,0.0,0.9107505070993916,0.0,0.8359651090456188,0.0,0.8469842397698284,0.00489347575394,,0.9339319886468184,0.0,0.0,0.8585320913092436,0.7608695652173914,0.5977796754910333,0.6695361071257772,0.2991190254688263,-0.0015484601259231,9.212816050774656e-05,0.2991190254688263,0.8585320913092436,9.212816050774656e-05
adult,iid,4,9928,4,2,0.985360835295322,0.0,0.9107505070993916,0.0,0.8359651090456188,0.0,0.8469842397698284,0.0,,0.9339319886468184,0.0,0.0,0.8585320913092436,0.7608695652173914,0.5977796754910333,0.6695361071257772,0.2991190254688263,-0.0026648332675298,0.0,0.2991190254688263,0.8585320913092436,0.0
adult,iid,4,9928,4,3,0.985360835295322,0.0,0.9107505070993916,0.0087223402403642,0.8359651090456188,0.0134835537423351,0.8469842397698284,0.0,,0.9339319886468184,0.0,0.0,0.8585320913092436,0.7608695652173914,0.5977796754910333,0.6695361071257772,0.2991190254688263,0.0040664056936899,0.0,0.2991190254688263,0.8585320913092436,0.0
adult,iid,4,9928,5,0,0.9863486539052104,0.0,0.9142075202284626,0.012373189686868,0.836536421475806,0.0,0.8458922060827732,0.0,,0.9303140256943472,0.0231885959133999,0.0231885959133999,0.8594533729143208,0.7669421487603306,0.5943637916310845,0.669713735867212,0.2975969612598419,-0.0020838310321172,0.0,0.2975969612598419,0.8594533729143208,0.0
adult,iid,4,9928,5,1,0.9863486539052104,0.0,0.9142075202284626,0.0,0.836536421475806,0.0,0.8458922060827732,0.0131093547973768,,0.9303140256943472,0.0,0.0,0.8594533729143208,0.7669421487603306,0.5943637916310845,0.669713735867212,0.2975969612598419,-0.0007010430097579,0.0,0.2975969612598419,0.8594533729143208,0.0
adult,iid,4,9928,5,2,0.9863486539052104,0.0,0.9142075202284626,0.0,0.836536421475806,0.0,0.8458922060827732,0.0,,0.9303140256943472,0.0,0.0,0.8594533729143208,0.7669421487603306,0.5943637916310845,0.669713735867212,0.2975969612598419,-0.003473021586736,0.0,0.2975969612598419,0.8594533729143208,0.0
adult,iid,4,9928,5,3,0.9863486539052104,0.0,0.9142075202284626,0.0060595095079247,0.836536421475806,0.0,0.8458922060827732,0.0,,0.9303140256943472,0.0,0.0,0.8594533729143208,0.7669421487603306,0.5943637916310845,0.669713735867212,0.2975969612598419,0.0049239128828048,0.0,0.2975969612598419,0.8594533729143208,0.0
adult,iid,4,9928,6,0,0.9872955266659842,0.0,0.9114014251781472,0.0111218689692892,0.8326745354255457,0.0207438220260725,0.8590548521240782,0.0,,0.9368810861617858,0.0290074081945476,0.0290074081945476,0.8599651960282526,0.7565858798735511,0.6131511528608027,0.6773584905660377,0.295469731092453,-0.0039790352185567,0.0,0.295469731092453,0.8599651960282526,0.0
adult,iid,4,9928,6,1,0.9872955266659842,0.0,0.9114014251781472,0.0,0.8326745354255457,0.0,0.8590548521240782,0.0039650044457904,,0.9368810861617858,0.0,0.0,0.8599651960282526,0.7565858798735511,0.6131511528608027,0.6773584905660377,0.295469731092453,0.0014397750298182,0.0,0.295469731092453,0.8599651960282526,0.0
adult,iid,4,9928,6,2,0.9872955266659842,0.0,0.9114014251781472,0.0,0.8326745354255457,0.0,0.8590548521240782,0.0,,0.9368810861617858,0.0,0.0,0.8599651960282526,0.7565858798735511,0.6131511528608027,0.6773584905660377,0.295469731092453,-0.0036345561345418,0.0,0.295469731092453,0.8599651960282526,0.0
adult,iid,4,9928,6,3,0.9872955266659842,0.0,0.9114014251781472,0.0051884946566765,0.8326745354255457,0.0,0.8590548521240782,0.0,,0.9368810861617858,0.0,0.0,0.8599651960282526,0.7565858798735511,0.6131511528608027,0.6773584905660377,0.295469731092453,0.0040465861558914,0.0,0.295469731092453,0.8599651960282526,0.0
adult,iid,4,9928,7,0,0.9875606510390008,0.0,0.9107841974136908,0.0,0.8305041934199535,0.0,0.8004228354436278,0.0,,0.9318673552256612,0.0239002547066776,0.0239002547066776,0.8618077592384072,0.7618796198521647,0.6161400512382579,0.6813031161473088,0.2940674722194671,-0.0022690484921137,0.0013478008666871,0.2940674722194671,0.8618077592384072,0.0013478008666871
adult,iid,4,9928,7,1,0.9875606510390008,0.0,0.9107841974136908,0.0,0.8305041934199535,0.0,0.8004228354436278,0.0156420963940561,,0.9318673552256612,0.0,0.0,0.8618077592384072,0.7618796198521647,0.6161400512382579,0.6813031161473088,0.2940674722194671,-3.073414166768392e-05,-0.0004606408025386,0.2940674722194671,0.8618077592384072,-0.0004606408025386
adult,iid,4,9928,7,2,0.9875606510390008,0.0,0.9107841974136908,0.0,0.8305041934199535,0.0,0.8004228354436278,0.0,,0.9318673552256612,0.0,0.0,0.8618077592384072,0.7618796198521647,0.6161400512382579,0.6813031161473088,0.2940674722194671,-0.0026647388935089,0.0,0.2940674722194671,0.8618077592384072,0.0
adult,iid,4,9928,7,3,0.9875606510390008,0.0,0.9107841974136908,0.0,0.8305041934199535,0.0121198382777494,0.8004228354436278,0.0,,0.9318673552256612,0.0,0.0,0.8618077592384072,0.7618796198521647,0.6161400512382579,0.6813031161473088,0.2940674722194671,0.0038490533828735,0.0,0.2940674722194671,0.8618077592384072,0.0
adult,iid,4,9928,8,0,0.9876486846145972,0.0,0.9175759013282732,0.0128373335988623,0.8331044193260544,0.0271683984110157,0.8623921070717189,0.0,,0.9383809829513252,0.0293561627703676,0.0293561627703676,0.8624219469751254,0.7654255319148936,0.6144321093082835,0.6816674561819043,0.2931253910064697,0.0,0.0,0.2931253910064697,0.8624219469751254,0.0
adult,iid,4,9928,8,1,0.9876486846145972,0.0,0.9175759013282732,0.0,0.8331044193260544,0.0,0.8623921070717189,0.0066712095268048,,0.9383809829513252,0.0,0.0,0.8624219469751254,0.7654255319148936,0.6144321093082835,0.6816674561819043,0.2931253910064697,0.0,0.0,0.2931253910064697,0.8624219469751254,0.0
adult,iid,4,9928,8,2,0.9876486846145972,0.0,0.9175759013282732,0.0,0.8331044193260544,0.0,0.8623921070717189,0.0007303521299025,,0.9383809829513252,0.0,0.0,0.8624219469751254,0.7654255319148936,0.6144321093082835,0.6816674561819043,0.2931253910064697,0.0,0.0,0.2931253910064697,0.8624219469751254,0.0
adult,iid,4,9928,8,3,0.9876486846145972,0.0,0.9175759013282732,0.008033086383526,0.8331044193260544,0.0,0.8623921070717189,0.0,,0.9383809829513252,-0.0055650777726213,0.0055650777726213,0.8624219469751254,0.7654255319148936,0.6144321093082835,0.6816674561819043,0.2931253910064697,0.0,0.0,0.2931253910064697,0.8624219469751254,0.0
adult,iid,4,9928,9,0,0.987793018732726,0.0,0.9141910285240856,0.0060229130973338,0.8274684853018704,0.0240127899593239,0.8276799962725252,0.0,,0.9379474133574942,0.0,0.0,0.8645716040536391,0.764950598023921,0.6280956447480786,0.6898007033997655,0.2914865016937256,-0.0037878185510635,0.0019449278329409,0.2914865016937256,0.8645716040536391,0.0019449278329409
adult,iid,4,9928,9,1,0.987793018732726,0.0,0.9141910285240856,0.0,0.8274684853018704,0.0,0.8276799962725252,0.0,,0.9379474133574942,0.0,0.0,0.8645716040536391,0.764950598023921,0.6280956447480786,0.6898007033997655,0.2914865016937256,0.0003586828708648,-0.0005254717303033,0.2914865016937256,0.8645716040536391,-0.0005254717303033
adult,iid,4,9928,9,2,0.987793018732726,0.0,0.9141910285240856,0.0025597902420641,0.8274684853018704,0.0,0.8276799962725252,0.0,,0.9379474133574942,0.0,0.0,0.8645716040536391,0.764950598023921,0.6280956447480786,0.6898007033997655,0.2914865016937256,-0.0017351587613423,0.0004333435697956,0.2914865016937256,0.8645716040536391,0.0004333435697956
adult,iid,4,9928,9,3,0.987793018732726,0.0,0.9141910285240856,0.0050629952217377,0.8274684853018704,0.0,0.8276799962725252,0.0342642313830097,,0.9379474133574942,0.0,0.0,0.8645716040536391,0.764950598023921,0.6280956447480786,0.6898007033997655,0.2914865016937256,0.0038068761428197,-3.7533695021674254e-05,0.2914865016937256,0.8645716040536391,-3.7533695021674254e-05
adult,iid,4,9928,10,0,0.9880059371481216,0.0,0.9199905314238372,0.0056851851872975,0.8314647308274912,0.0197442941187112,0.7890423883795967,0.0,,0.9430860999420768,0.0209888752307458,0.0209888752307458,0.8640597809397073,0.7651673640167364,0.6246797608881298,0.687823225199812,0.290850818157196,0.0,0.0,0.290850818157196,0.8640597809397073,0.0
adult,iid,4,9928,10,1,0.9880059371481216,0.0,0.9199905314238372,0.0,0.8314647308274912,0.0,0.7890423883795967,0.0,,0.9430860999420768,0.0,0.0,0.8640597809397073,0.7651673640167364,0.6246797608881298,0.687823225199812,0.290850818157196,0.0,0.0,0.290850818157196,0.8640597809397073,0.0
adult,iid,4,9928,10,2,0.9880059371481216,0.0,0.9199905314238372,0.0,0.8314647308274912,0.0,0.7890423883795967,0.0,,0.9430860999420768,0.0,0.0,0.8640597809397073,0.7651673640167364,0.6246797608881298,0.687823225199812,0.290850818157196,0.0,0.0,0.290850818157196,0.8640597809397073,0.0
adult,iid,4,9928,10,3,0.9880059371481216,0.0,0.9199905314238372,0.0074885711155128,0.8314647308274912,0.0117636638968625,0.7890423883795967,-0.0117676579420456,,0.9430860999420768,-0.0058738084564604,0.0058738084564604,0.8640597809397073,0.7651673640167364,0.6246797608881298,0.687823225199812,0.290850818157196,0.0,0.0,0.290850818157196,0.8640597809397073,0.0
