dataset,partition,num_clients,seed,round,client_id,global_gtg_rob,gtg_rob_contribution,global_gtg_adv,gtg_adv_contribution,global_gtg_priv,gtg_priv_contribution,gtg_priv_abs_contribution,accuracy,precision,recall,f1,loss,gtg_loss_contribution,gtg_acc_contribution,global_gtg_loss,global_gtg_acc,acc_contribution
imdb,noniid,20,42,1,0,0.635514,0.0,0.5713237990465714,0.0,0.9441555555555556,0.0,,0.5128,0.5758865248226951,0.1596539520251671,0.25,0.6919850707054138,0.0,0.0059786885245901,0.6919850707054138,0.5128,0.0059786885245901
imdb,noniid,20,42,1,1,0.635514,0.0,0.5713237990465714,0.0,0.9441555555555556,0.0,,0.5128,0.5758865248226951,0.1596539520251671,0.25,0.6919850707054138,0.0,0.0,0.6919850707054138,0.5128,0.0
imdb,noniid,20,42,1,2,0.635514,0.0,0.5713237990465714,0.0,0.9441555555555556,0.0,,0.5128,0.5758865248226951,0.1596539520251671,0.25,0.6919850707054138,0.0,0.0,0.6919850707054138,0.5128,0.0
imdb,noniid,20,42,1,3,0.635514,0.0,0.5713237990465714,0.0,0.9441555555555556,0.0,,0.5128,0.5758865248226951,0.1596539520251671,0.25,0.6919850707054138,0.0,0.0,0.6919850707054138,0.5128,0.0
imdb,noniid,20,42,1,4,0.635514,0.0,0.5713237990465714,0.0,0.9441555555555556,0.0,,0.5128,0.5758865248226951,0.1596539520251671,0.25,0.6919850707054138,0.0,0.0,0.6919850707054138,0.5128,0.0
imdb,noniid,20,42,1,5,0.635514,0.0,0.5713237990465714,0.0,0.9441555555555556,0.0,,0.5128,0.5758865248226951,0.1596539520251671,0.25,0.6919850707054138,0.0,0.0,0.6919850707054138,0.5128,0.0
imdb,noniid,20,42,1,6,0.635514,0.0,0.5713237990465714,0.0,0.9441555555555556,0.0,,0.5128,0.5758865248226951,0.1596539520251671,0.25,0.6919850707054138,0.0,0.0,0.6919850707054138,0.5128,0.0
imdb,noniid,20,42,1,7,0.635514,0.0,0.5713237990465714,0.0,0.9441555555555556,0.0,,0.5128,0.5758865248226951,0.1596539520251671,0.25,0.6919850707054138,0.0,0.0,0.6919850707054138,0.5128,0.0
imdb,noniid,20,42,1,8,0.635514,0.0,0.5713237990465714,0.0,0.9441555555555556,0.0,,0.5128,0.5758865248226951,0.1596539520251671,0.25,0.6919850707054138,0.0,0.0,0.6919850707054138,0.5128,0.0
imdb,noniid,20,42,1,9,0.635514,0.0,0.5713237990465714,0.0,0.9441555555555556,0.0,,0.5128,0.5758865248226951,0.1596539520251671,0.25,0.6919850707054138,0.0,0.0,0.6919850707054138,0.5128,0.0
imdb,noniid,20,42,1,10,0.635514,0.0472267333333333,0.5713237990465714,0.1324480924311641,0.9441555555555556,0.0001107407407407,,0.5128,0.5758865248226951,0.1596539520251671,0.25,0.6919850707054138,0.0,0.0,0.6919850707054138,0.5128,0.0
imdb,noniid,20,42,1,11,0.635514,0.0,0.5713237990465714,0.0,0.9441555555555556,0.0,,0.5128,0.5758865248226951,0.1596539520251671,0.25,0.6919850707054138,0.0,0.0,0.6919850707054138,0.5128,0.0
imdb,noniid,20,42,1,12,0.635514,0.0,0.5713237990465714,0.0,0.9441555555555556,0.0,,0.5128,0.5758865248226951,0.1596539520251671,0.25,0.6919850707054138,0.0,0.0,0.6919850707054138,0.5128,0.0
imdb,noniid,20,42,1,13,0.635514,0.0,0.5713237990465714,0.0,0.9441555555555556,0.0,,0.5128,0.5758865248226951,0.1596539520251671,0.25,0.6919850707054138,0.0,0.0,0.6919850707054138,0.5128,0.0
imdb,noniid,20,42,1,14,0.635514,0.0,0.5713237990465714,0.0,0.9441555555555556,0.0,,0.5128,0.5758865248226951,0.1596539520251671,0.25,0.6919850707054138,0.0,0.0,0.6919850707054138,0.5128,0.0
imdb,noniid,20,42,1,15,0.635514,0.0,0.5713237990465714,0.0,0.9441555555555556,0.0001611111111111,,0.5128,0.5758865248226951,0.1596539520251671,0.25,0.6919850707054138,0.0,0.0,0.6919850707054138,0.5128,0.0
imdb,noniid,20,42,1,16,0.635514,0.0,0.5713237990465714,0.0,0.9441555555555556,0.0,,0.5128,0.5758865248226951,0.1596539520251671,0.25,0.6919850707054138,0.0,0.0,0.6919850707054138,0.5128,0.0
imdb,noniid,20,42,1,17,0.635514,0.0,0.5713237990465714,0.0,0.9441555555555556,0.0,,0.5128,0.5758865248226951,0.1596539520251671,0.25,0.6919850707054138,0.0,0.0,0.6919850707054138,0.5128,0.0
imdb,noniid,20,42,1,18,0.635514,0.0,0.5713237990465714,0.0,0.9441555555555556,0.0,,0.5128,0.5758865248226951,0.1596539520251671,0.25,0.6919850707054138,0.0,0.0,0.6919850707054138,0.5128,0.0
imdb,noniid,20,42,1,19,0.635514,0.0,0.5713237990465714,0.0,0.9441555555555556,0.0,,0.5128,0.5758865248226951,0.1596539520251671,0.25,0.6919850707054138,0.0,0.0,0.6919850707054138,0.5128,0.0
imdb,noniid,20,42,2,0,0.6614439999999999,0.0,0.6472503617945007,0.0,0.852311111111111,-0.0027611111111111,,0.5076,0.6708860759493671,0.0625245772709398,0.114388489208633,0.6910521388053894,0.0,0.0,0.6910521388053894,0.5076,0.0
imdb,noniid,20,42,2,1,0.6614439999999999,0.0,0.6472503617945007,0.0,0.852311111111111,-0.0039092592592592,,0.5076,0.6708860759493671,0.0625245772709398,0.114388489208633,0.6910521388053894,0.0,0.0,0.6910521388053894,0.5076,0.0
imdb,noniid,20,42,2,2,0.6614439999999999,0.0,0.6472503617945007,0.0,0.852311111111111,-0.0022107407407407,,0.5076,0.6708860759493671,0.0625245772709398,0.114388489208633,0.6910521388053894,0.0,0.0,0.6910521388053894,0.5076,0.0
imdb,noniid,20,42,2,3,0.6614439999999999,0.0,0.6472503617945007,0.0,0.852311111111111,0.0,,0.5076,0.6708860759493671,0.0625245772709398,0.114388489208633,0.6910521388053894,0.0,0.0,0.6910521388053894,0.5076,0.0
imdb,noniid,20,42,2,4,0.6614439999999999,0.0,0.6472503617945007,0.0,0.852311111111111,-0.0157455555555555,,0.5076,0.6708860759493671,0.0625245772709398,0.114388489208633,0.6910521388053894,0.0,0.0,0.6910521388053894,0.5076,0.0
imdb,noniid,20,42,2,5,0.6614439999999999,0.0,0.6472503617945007,0.0,0.852311111111111,0.0,,0.5076,0.6708860759493671,0.0625245772709398,0.114388489208633,0.6910521388053894,0.0,0.0,0.6910521388053894,0.5076,0.0
imdb,noniid,20,42,2,6,0.6614439999999999,0.0,0.6472503617945007,0.0,0.852311111111111,0.0,,0.5076,0.6708860759493671,0.0625245772709398,0.114388489208633,0.6910521388053894,0.0,0.0,0.6910521388053894,0.5076,0.0
imdb,noniid,20,42,2,7,0.6614439999999999,0.0,0.6472503617945007,0.0,0.852311111111111,0.0,,0.5076,0.6708860759493671,0.0625245772709398,0.114388489208633,0.6910521388053894,0.0,0.0,0.6910521388053894,0.5076,0.0
imdb,noniid,20,42,2,8,0.6614439999999999,0.0,0.6472503617945007,0.0,0.852311111111111,0.0020125925925926,,0.5076,0.6708860759493671,0.0625245772709398,0.114388489208633,0.6910521388053894,0.0,0.0,0.6910521388053894,0.5076,0.0
imdb,noniid,20,42,2,9,0.6614439999999999,0.0,0.6472503617945007,0.0,0.852311111111111,0.0,,0.5076,0.6708860759493671,0.0625245772709398,0.114388489208633,0.6910521388053894,0.0,0.0,0.6910521388053894,0.5076,0.0
imdb,noniid,20,42,2,10,0.6614439999999999,0.0778099999999999,0.6472503617945007,0.185149448970036,0.852311111111111,0.0,,0.5076,0.6708860759493671,0.0625245772709398,0.114388489208633,0.6910521388053894,0.0,0.0,0.6910521388053894,0.5076,0.0
imdb,noniid,20,42,2,11,0.6614439999999999,0.0,0.6472503617945007,0.0,0.852311111111111,0.0013399999999999,,0.5076,0.6708860759493671,0.0625245772709398,0.114388489208633,0.6910521388053894,0.0,0.0,0.6910521388053894,0.5076,0.0
imdb,noniid,20,42,2,12,0.6614439999999999,0.0,0.6472503617945007,0.0,0.852311111111111,0.0,,0.5076,0.6708860759493671,0.0625245772709398,0.114388489208633,0.6910521388053894,0.0,0.0,0.6910521388053894,0.5076,0.0
imdb,noniid,20,42,2,13,0.6614439999999999,0.0,0.6472503617945007,0.0,0.852311111111111,-0.0116403703703703,,0.5076,0.6708860759493671,0.0625245772709398,0.114388489208633,0.6910521388053894,0.0,0.0038721311475409,0.6910521388053894,0.5076,0.0038721311475409
imdb,noniid,20,42,2,14,0.6614439999999999,0.0,0.6472503617945007,0.0,0.852311111111111,0.0,,0.5076,0.6708860759493671,0.0625245772709398,0.114388489208633,0.6910521388053894,0.0,0.0,0.6910521388053894,0.5076,0.0
imdb,noniid,20,42,2,15,0.6614439999999999,0.0,0.6472503617945007,0.0,0.852311111111111,0.0,,0.5076,0.6708860759493671,0.0625245772709398,0.114388489208633,0.6910521388053894,0.0,0.0,0.6910521388053894,0.5076,0.0
imdb,noniid,20,42,2,16,0.6614439999999999,0.0,0.6472503617945007,0.0,0.852311111111111,0.0,,0.5076,0.6708860759493671,0.0625245772709398,0.114388489208633,0.6910521388053894,0.0,0.0,0.6910521388053894,0.5076,0.0
imdb,noniid,20,42,2,17,0.6614439999999999,0.0,0.6472503617945007,0.0,0.852311111111111,0.0034748148148147,,0.5076,0.6708860759493671,0.0625245772709398,0.114388489208633,0.6910521388053894,0.0,0.0,0.6910521388053894,0.5076,0.0
imdb,noniid,20,42,2,18,0.6614439999999999,0.0,0.6472503617945007,0.0,0.852311111111111,0.0044651851851851,,0.5076,0.6708860759493671,0.0625245772709398,0.114388489208633,0.6910521388053894,0.0,0.0,0.6910521388053894,0.5076,0.0
imdb,noniid,20,42,2,19,0.6614439999999999,0.0,0.6472503617945007,0.0,0.852311111111111,0.0013096296296296,,0.5076,0.6708860759493671,0.0625245772709398,0.114388489208633,0.6910521388053894,0.0,0.0,0.6910521388053894,0.5076,0.0
imdb,noniid,20,42,3,0,0.683662,0.0,0.7065761258041459,0.0,0.8507555555555555,0.0,,0.5098,0.7613636363636364,0.0526936688950059,0.0985656491357116,0.6891971230506897,-0.000401121290291,0.0,0.6891971230506897,0.5098,0.0
imdb,noniid,20,42,3,1,0.683662,0.0,0.7065761258041459,0.0,0.8507555555555555,0.0,,0.5098,0.7613636363636364,0.0526936688950059,0.0985656491357116,0.6891971230506897,0.0,0.0,0.6891971230506897,0.5098,0.0
imdb,noniid,20,42,3,2,0.683662,0.0,0.7065761258041459,0.0,0.8507555555555555,0.0,,0.5098,0.7613636363636364,0.0526936688950059,0.0985656491357116,0.6891971230506897,0.0,0.0,0.6891971230506897,0.5098,0.0
imdb,noniid,20,42,3,3,0.683662,0.0,0.7065761258041459,0.0,0.8507555555555555,0.0,,0.5098,0.7613636363636364,0.0526936688950059,0.0985656491357116,0.6891971230506897,0.0,0.0,0.6891971230506897,0.5098,0.0
imdb,noniid,20,42,3,4,0.683662,0.0,0.7065761258041459,0.0,0.8507555555555555,0.0,,0.5098,0.7613636363636364,0.0526936688950059,0.0985656491357116,0.6891971230506897,0.0,0.0,0.6891971230506897,0.5098,0.0
imdb,noniid,20,42,3,5,0.683662,0.0,0.7065761258041459,0.0,0.8507555555555555,0.0,,0.5098,0.7613636363636364,0.0526936688950059,0.0985656491357116,0.6891971230506897,0.0,0.0,0.6891971230506897,0.5098,0.0
imdb,noniid,20,42,3,6,0.683662,0.0,0.7065761258041459,0.0,0.8507555555555555,0.0,,0.5098,0.7613636363636364,0.0526936688950059,0.0985656491357116,0.6891971230506897,0.0,0.0,0.6891971230506897,0.5098,0.0
imdb,noniid,20,42,3,7,0.683662,0.0,0.7065761258041459,0.0,0.8507555555555555,0.0,,0.5098,0.7613636363636364,0.0526936688950059,0.0985656491357116,0.6891971230506897,0.0,0.0,0.6891971230506897,0.5098,0.0
imdb,noniid,20,42,3,8,0.683662,0.0,0.7065761258041459,0.0,0.8507555555555555,0.0,,0.5098,0.7613636363636364,0.0526936688950059,0.0985656491357116,0.6891971230506897,0.0,0.0,0.6891971230506897,0.5098,0.0
imdb,noniid,20,42,3,9,0.683662,0.0,0.7065761258041459,0.0,0.8507555555555555,0.0,,0.5098,0.7613636363636364,0.0526936688950059,0.0985656491357116,0.6891971230506897,0.0,0.0,0.6891971230506897,0.5098,0.0
imdb,noniid,20,42,3,10,0.683662,0.0692683333333333,0.7065761258041459,0.1592862872713058,0.8507555555555555,0.0,,0.5098,0.7613636363636364,0.0526936688950059,0.0985656491357116,0.6891971230506897,0.0,0.0,0.6891971230506897,0.5098,0.0
imdb,noniid,20,42,3,11,0.683662,0.0,0.7065761258041459,0.0,0.8507555555555555,0.0,,0.5098,0.7613636363636364,0.0526936688950059,0.0985656491357116,0.6891971230506897,0.0,0.0,0.6891971230506897,0.5098,0.0
imdb,noniid,20,42,3,12,0.683662,0.0,0.7065761258041459,0.0,0.8507555555555555,0.0,,0.5098,0.7613636363636364,0.0526936688950059,0.0985656491357116,0.6891971230506897,0.0,0.0,0.6891971230506897,0.5098,0.0
imdb,noniid,20,42,3,13,0.683662,0.0,0.7065761258041459,0.0,0.8507555555555555,0.0002659259259259,,0.5098,0.7613636363636364,0.0526936688950059,0.0985656491357116,0.6891971230506897,0.0,0.0043238938053097,0.6891971230506897,0.5098,0.0043238938053097
imdb,noniid,20,42,3,14,0.683662,0.0,0.7065761258041459,0.0,0.8507555555555555,0.0,,0.5098,0.7613636363636364,0.0526936688950059,0.0985656491357116,0.6891971230506897,0.0,0.0,0.6891971230506897,0.5098,0.0
imdb,noniid,20,42,3,15,0.683662,0.0,0.7065761258041459,0.0,0.8507555555555555,0.0,,0.5098,0.7613636363636364,0.0526936688950059,0.0985656491357116,0.6891971230506897,0.0,0.0,0.6891971230506897,0.5098,0.0
imdb,noniid,20,42,3,16,0.683662,0.0,0.7065761258041459,0.0,0.8507555555555555,0.0,,0.5098,0.7613636363636364,0.0526936688950059,0.0985656491357116,0.6891971230506897,0.0,0.0,0.6891971230506897,0.5098,0.0
imdb,noniid,20,42,3,17,0.683662,0.0,0.7065761258041459,0.0,0.8507555555555555,0.0,,0.5098,0.7613636363636364,0.0526936688950059,0.0985656491357116,0.6891971230506897,0.0,0.0,0.6891971230506897,0.5098,0.0
imdb,noniid,20,42,3,18,0.683662,0.0,0.7065761258041459,0.0,0.8507555555555555,0.0,,0.5098,0.7613636363636364,0.0526936688950059,0.0985656491357116,0.6891971230506897,0.0,0.0,0.6891971230506897,0.5098,0.0
imdb,noniid,20,42,3,19,0.683662,0.0,0.7065761258041459,0.0,0.8507555555555555,0.0,,0.5098,0.7613636363636364,0.0526936688950059,0.0985656491357116,0.6891971230506897,0.0,0.0,0.6891971230506897,0.5098,0.0
imdb,noniid,20,42,4,0,0.705476,0.0,0.7496448863636364,0.0,0.8900444444444444,0.0,,0.5158,0.7990196078431373,0.0640975226110892,0.1186749180924645,0.685746967792511,-0.0007359030504305,0.0,0.685746967792511,0.5158,0.0
imdb,noniid,20,42,4,1,0.705476,0.0,0.7496448863636364,0.0,0.8900444444444444,0.0,,0.5158,0.7990196078431373,0.0640975226110892,0.1186749180924645,0.685746967792511,0.0,0.0,0.685746967792511,0.5158,0.0
imdb,noniid,20,42,4,2,0.705476,0.0,0.7496448863636364,0.0,0.8900444444444444,0.0,,0.5158,0.7990196078431373,0.0640975226110892,0.1186749180924645,0.685746967792511,0.0,0.0,0.685746967792511,0.5158,0.0
imdb,noniid,20,42,4,3,0.705476,0.0,0.7496448863636364,0.0,0.8900444444444444,0.0,,0.5158,0.7990196078431373,0.0640975226110892,0.1186749180924645,0.685746967792511,0.0,0.0,0.685746967792511,0.5158,0.0
imdb,noniid,20,42,4,4,0.705476,0.0,0.7496448863636364,0.0,0.8900444444444444,0.0,,0.5158,0.7990196078431373,0.0640975226110892,0.1186749180924645,0.685746967792511,0.0,0.0,0.685746967792511,0.5158,0.0
imdb,noniid,20,42,4,5,0.705476,0.0,0.7496448863636364,0.0,0.8900444444444444,0.0,,0.5158,0.7990196078431373,0.0640975226110892,0.1186749180924645,0.685746967792511,0.0,0.0,0.685746967792511,0.5158,0.0
imdb,noniid,20,42,4,6,0.705476,0.0,0.7496448863636364,0.0,0.8900444444444444,0.0,,0.5158,0.7990196078431373,0.0640975226110892,0.1186749180924645,0.685746967792511,0.0,0.0,0.685746967792511,0.5158,0.0
imdb,noniid,20,42,4,7,0.705476,0.0,0.7496448863636364,0.0,0.8900444444444444,0.0,,0.5158,0.7990196078431373,0.0640975226110892,0.1186749180924645,0.685746967792511,0.0,0.0,0.685746967792511,0.5158,0.0
imdb,noniid,20,42,4,8,0.705476,0.0,0.7496448863636364,0.0,0.8900444444444444,0.0,,0.5158,0.7990196078431373,0.0640975226110892,0.1186749180924645,0.685746967792511,0.0,0.0,0.685746967792511,0.5158,0.0
imdb,noniid,20,42,4,9,0.705476,0.0,0.7496448863636364,0.0,0.8900444444444444,0.0,,0.5158,0.7990196078431373,0.0640975226110892,0.1186749180924645,0.685746967792511,0.0,0.0,0.685746967792511,0.5158,0.0
imdb,noniid,20,42,4,10,0.705476,0.0848959333333333,0.7496448863636364,0.1581708229939065,0.8900444444444444,0.0,,0.5158,0.7990196078431373,0.0640975226110892,0.1186749180924645,0.685746967792511,0.0,0.0,0.685746967792511,0.5158,0.0
imdb,noniid,20,42,4,11,0.705476,0.0,0.7496448863636364,0.0,0.8900444444444444,0.0,,0.5158,0.7990196078431373,0.0640975226110892,0.1186749180924645,0.685746967792511,0.0,0.0,0.685746967792511,0.5158,0.0
imdb,noniid,20,42,4,12,0.705476,0.0,0.7496448863636364,0.0,0.8900444444444444,0.0,,0.5158,0.7990196078431373,0.0640975226110892,0.1186749180924645,0.685746967792511,0.0,0.0,0.685746967792511,0.5158,0.0
imdb,noniid,20,42,4,13,0.705476,0.0,0.7496448863636364,0.0,0.8900444444444444,0.0,,0.5158,0.7990196078431373,0.0640975226110892,0.1186749180924645,0.685746967792511,0.0,0.0062479999999999,0.685746967792511,0.5158,0.0062479999999999
imdb,noniid,20,42,4,14,0.705476,0.0,0.7496448863636364,0.0,0.8900444444444444,0.0,,0.5158,0.7990196078431373,0.0640975226110892,0.1186749180924645,0.685746967792511,0.0,0.0,0.685746967792511,0.5158,0.0
imdb,noniid,20,42,4,15,0.705476,0.0,0.7496448863636364,0.0,0.8900444444444444,0.0,,0.5158,0.7990196078431373,0.0640975226110892,0.1186749180924645,0.685746967792511,0.0,0.0,0.685746967792511,0.5158,0.0
imdb,noniid,20,42,4,16,0.705476,0.0,0.7496448863636364,0.0,0.8900444444444444,-1.0370370370364292e-05,,0.5158,0.7990196078431373,0.0640975226110892,0.1186749180924645,0.685746967792511,0.0,0.0,0.685746967792511,0.5158,0.0
imdb,noniid,20,42,4,17,0.705476,0.0,0.7496448863636364,0.0,0.8900444444444444,0.0,,0.5158,0.7990196078431373,0.0640975226110892,0.1186749180924645,0.685746967792511,0.0,0.0,0.685746967792511,0.5158,0.0
imdb,noniid,20,42,4,18,0.705476,0.0,0.7496448863636364,0.0,0.8900444444444444,0.0,,0.5158,0.7990196078431373,0.0640975226110892,0.1186749180924645,0.685746967792511,0.0,0.0,0.685746967792511,0.5158,0.0
imdb,noniid,20,42,4,19,0.705476,0.0,0.7496448863636364,0.0,0.8900444444444444,0.0,,0.5158,0.7990196078431373,0.0640975226110892,0.1186749180924645,0.685746967792511,0.0,0.0,0.685746967792511,0.5158,0.0
imdb,noniid,20,42,5,0,0.7230719999999999,0.0,0.7881895332390382,0.0,0.9387111111111112,0.0037559259259259,,0.5378,0.8258426966292135,0.115611482500983,0.2028285615729562,0.6799123287200928,-0.0010448996391561,0.0,0.6799123287200928,0.5378,0.0
imdb,noniid,20,42,5,1,0.7230719999999999,0.0,0.7881895332390382,0.0,0.9387111111111112,0.0,,0.5378,0.8258426966292135,0.115611482500983,0.2028285615729562,0.6799123287200928,0.0,0.0,0.6799123287200928,0.5378,0.0
imdb,noniid,20,42,5,2,0.7230719999999999,0.0,0.7881895332390382,0.0,0.9387111111111112,0.0057429629629629,,0.5378,0.8258426966292135,0.115611482500983,0.2028285615729562,0.6799123287200928,0.0,0.0,0.6799123287200928,0.5378,0.0
imdb,noniid,20,42,5,3,0.7230719999999999,0.0,0.7881895332390382,0.0,0.9387111111111112,0.0,,0.5378,0.8258426966292135,0.115611482500983,0.2028285615729562,0.6799123287200928,0.0,0.0,0.6799123287200928,0.5378,0.0
imdb,noniid,20,42,5,4,0.7230719999999999,0.0,0.7881895332390382,0.0,0.9387111111111112,0.0,,0.5378,0.8258426966292135,0.115611482500983,0.2028285615729562,0.6799123287200928,0.0,0.0,0.6799123287200928,0.5378,0.0
imdb,noniid,20,42,5,5,0.7230719999999999,0.0,0.7881895332390382,0.0,0.9387111111111112,0.0,,0.5378,0.8258426966292135,0.115611482500983,0.2028285615729562,0.6799123287200928,0.0,0.0,0.6799123287200928,0.5378,0.0
imdb,noniid,20,42,5,6,0.7230719999999999,0.0,0.7881895332390382,0.0,0.9387111111111112,0.0,,0.5378,0.8258426966292135,0.115611482500983,0.2028285615729562,0.6799123287200928,0.0,0.0,0.6799123287200928,0.5378,0.0
imdb,noniid,20,42,5,7,0.7230719999999999,0.0,0.7881895332390382,0.0,0.9387111111111112,0.0,,0.5378,0.8258426966292135,0.115611482500983,0.2028285615729562,0.6799123287200928,0.0,0.0,0.6799123287200928,0.5378,0.0
imdb,noniid,20,42,5,8,0.7230719999999999,0.0,0.7881895332390382,0.0,0.9387111111111112,-0.0080337037037037,,0.5378,0.8258426966292135,0.115611482500983,0.2028285615729562,0.6799123287200928,0.0,0.0,0.6799123287200928,0.5378,0.0
imdb,noniid,20,42,5,9,0.7230719999999999,0.0,0.7881895332390382,0.0,0.9387111111111112,0.0,,0.5378,0.8258426966292135,0.115611482500983,0.2028285615729562,0.6799123287200928,0.0,0.0,0.6799123287200928,0.5378,0.0
imdb,noniid,20,42,5,10,0.7230719999999999,0.0660064666666666,0.7881895332390382,0.1178887438934298,0.9387111111111112,0.0,,0.5378,0.8258426966292135,0.115611482500983,0.2028285615729562,0.6799123287200928,0.0,0.0,0.6799123287200928,0.5378,0.0
imdb,noniid,20,42,5,11,0.7230719999999999,0.0,0.7881895332390382,0.0,0.9387111111111112,0.0,,0.5378,0.8258426966292135,0.115611482500983,0.2028285615729562,0.6799123287200928,0.0,0.0,0.6799123287200928,0.5378,0.0
imdb,noniid,20,42,5,12,0.7230719999999999,0.0,0.7881895332390382,0.0,0.9387111111111112,0.0,,0.5378,0.8258426966292135,0.115611482500983,0.2028285615729562,0.6799123287200928,0.0,0.0,0.6799123287200928,0.5378,0.0
imdb,noniid,20,42,5,13,0.7230719999999999,0.0,0.7881895332390382,0.0,0.9387111111111112,0.0,,0.5378,0.8258426966292135,0.115611482500983,0.2028285615729562,0.6799123287200928,0.0,0.0088183050847457,0.6799123287200928,0.5378,0.0088183050847457
imdb,noniid,20,42,5,14,0.7230719999999999,0.0,0.7881895332390382,0.0,0.9387111111111112,0.0,,0.5378,0.8258426966292135,0.115611482500983,0.2028285615729562,0.6799123287200928,0.0,0.0,0.6799123287200928,0.5378,0.0
imdb,noniid,20,42,5,15,0.7230719999999999,0.0,0.7881895332390382,0.0,0.9387111111111112,0.0,,0.5378,0.8258426966292135,0.115611482500983,0.2028285615729562,0.6799123287200928,0.0,0.0,0.6799123287200928,0.5378,0.0
imdb,noniid,20,42,5,16,0.7230719999999999,0.0,0.7881895332390382,0.0,0.9387111111111112,-0.0027477777777777,,0.5378,0.8258426966292135,0.115611482500983,0.2028285615729562,0.6799123287200928,0.0,0.0,0.6799123287200928,0.5378,0.0
imdb,noniid,20,42,5,17,0.7230719999999999,0.0,0.7881895332390382,0.0,0.9387111111111112,0.0,,0.5378,0.8258426966292135,0.115611482500983,0.2028285615729562,0.6799123287200928,0.0,0.0,0.6799123287200928,0.5378,0.0
imdb,noniid,20,42,5,18,0.7230719999999999,0.0,0.7881895332390382,0.0,0.9387111111111112,0.0,,0.5378,0.8258426966292135,0.115611482500983,0.2028285615729562,0.6799123287200928,0.0,0.0,0.6799123287200928,0.5378,0.0
imdb,noniid,20,42,5,19,0.7230719999999999,0.0,0.7881895332390382,0.0,0.9387111111111112,0.0,,0.5378,0.8258426966292135,0.115611482500983,0.2028285615729562,0.6799123287200928,0.0,0.0,0.6799123287200928,0.5378,0.0
imdb,noniid,20,42,6,0,0.739574,0.0,0.8136908962597036,0.0,0.8884555555555553,0.0,,0.569,0.8099041533546326,0.1993708218639402,0.3199747554433575,0.6708791255950928,0.0,0.0,0.6708791255950928,0.569,0.0
imdb,noniid,20,42,6,1,0.739574,0.0,0.8136908962597036,0.0,0.8884555555555553,0.0,,0.569,0.8099041533546326,0.1993708218639402,0.3199747554433575,0.6708791255950928,0.0,0.0,0.6708791255950928,0.569,0.0
imdb,noniid,20,42,6,2,0.739574,0.0,0.8136908962597036,0.0,0.8884555555555553,0.0111348148148148,,0.569,0.8099041533546326,0.1993708218639402,0.3199747554433575,0.6708791255950928,0.0,0.0,0.6708791255950928,0.569,0.0
imdb,noniid,20,42,6,3,0.739574,0.0,0.8136908962597036,0.0,0.8884555555555553,0.0,,0.569,0.8099041533546326,0.1993708218639402,0.3199747554433575,0.6708791255950928,0.0,0.0,0.6708791255950928,0.569,0.0
imdb,noniid,20,42,6,4,0.739574,0.0,0.8136908962597036,0.0,0.8884555555555553,0.0090374074074074,,0.569,0.8099041533546326,0.1993708218639402,0.3199747554433575,0.6708791255950928,0.0,0.0,0.6708791255950928,0.569,0.0
imdb,noniid,20,42,6,5,0.739574,0.0,0.8136908962597036,0.0,0.8884555555555553,0.0,,0.569,0.8099041533546326,0.1993708218639402,0.3199747554433575,0.6708791255950928,0.0,0.0,0.6708791255950928,0.569,0.0
imdb,noniid,20,42,6,6,0.739574,0.0,0.8136908962597036,0.0,0.8884555555555553,0.0,,0.569,0.8099041533546326,0.1993708218639402,0.3199747554433575,0.6708791255950928,0.0,0.0,0.6708791255950928,0.569,0.0
imdb,noniid,20,42,6,7,0.739574,0.0,0.8136908962597036,0.0,0.8884555555555553,0.0,,0.569,0.8099041533546326,0.1993708218639402,0.3199747554433575,0.6708791255950928,0.0,0.0,0.6708791255950928,0.569,0.0
imdb,noniid,20,42,6,8,0.739574,0.0,0.8136908962597036,0.0,0.8884555555555553,0.0,,0.569,0.8099041533546326,0.1993708218639402,0.3199747554433575,0.6708791255950928,0.0,0.0,0.6708791255950928,0.569,0.0
imdb,noniid,20,42,6,9,0.739574,0.0,0.8136908962597036,0.0,0.8884555555555553,0.0,,0.569,0.8099041533546326,0.1993708218639402,0.3199747554433575,0.6708791255950928,0.0,0.0,0.6708791255950928,0.569,0.0
imdb,noniid,20,42,6,10,0.739574,0.0800713333333333,0.8136908962597036,0.1152669181688912,0.8884555555555553,0.0,,0.569,0.8099041533546326,0.1993708218639402,0.3199747554433575,0.6708791255950928,-0.0012567676030672,0.0,0.6708791255950928,0.569,0.0
imdb,noniid,20,42,6,11,0.739574,0.0,0.8136908962597036,0.0,0.8884555555555553,0.0,,0.569,0.8099041533546326,0.1993708218639402,0.3199747554433575,0.6708791255950928,0.0,0.0,0.6708791255950928,0.569,0.0
imdb,noniid,20,42,6,12,0.739574,0.0,0.8136908962597036,0.0,0.8884555555555553,0.0,,0.569,0.8099041533546326,0.1993708218639402,0.3199747554433575,0.6708791255950928,0.0,0.0,0.6708791255950928,0.569,0.0
imdb,noniid,20,42,6,13,0.739574,0.0,0.8136908962597036,0.0,0.8884555555555553,0.0,,0.569,0.8099041533546326,0.1993708218639402,0.3199747554433575,0.6708791255950928,0.0,0.0103946524064171,0.6708791255950928,0.569,0.0103946524064171
imdb,noniid,20,42,6,14,0.739574,0.0,0.8136908962597036,0.0,0.8884555555555553,0.0,,0.569,0.8099041533546326,0.1993708218639402,0.3199747554433575,0.6708791255950928,0.0,0.0,0.6708791255950928,0.569,0.0
imdb,noniid,20,42,6,15,0.739574,0.0,0.8136908962597036,0.0,0.8884555555555553,0.0,,0.569,0.8099041533546326,0.1993708218639402,0.3199747554433575,0.6708791255950928,0.0,0.0,0.6708791255950928,0.569,0.0
imdb,noniid,20,42,6,16,0.739574,0.0,0.8136908962597036,0.0,0.8884555555555553,0.0,,0.569,0.8099041533546326,0.1993708218639402,0.3199747554433575,0.6708791255950928,0.0,0.0,0.6708791255950928,0.569,0.0
imdb,noniid,20,42,6,17,0.739574,0.0,0.8136908962597036,0.0,0.8884555555555553,0.0105237037037037,,0.569,0.8099041533546326,0.1993708218639402,0.3199747554433575,0.6708791255950928,0.0,0.0,0.6708791255950928,0.569,0.0
imdb,noniid,20,42,6,18,0.739574,0.0,0.8136908962597036,0.0,0.8884555555555553,0.0,,0.569,0.8099041533546326,0.1993708218639402,0.3199747554433575,0.6708791255950928,0.0,0.0,0.6708791255950928,0.569,0.0
imdb,noniid,20,42,6,19,0.739574,0.0,0.8136908962597036,0.0,0.8884555555555553,0.0,,0.569,0.8099041533546326,0.1993708218639402,0.3199747554433575,0.6708791255950928,0.0,0.0,0.6708791255950928,0.569,0.0
imdb,noniid,20,42,7,0,0.7527619999999999,0.0,0.8254189944134078,0.0,0.8968,0.0,,0.6142,0.8088531187122736,0.3161620133700354,0.4546225614927905,0.6578196287155151,0.0,0.0,0.6578196287155151,0.6142,0.0
imdb,noniid,20,42,7,1,0.7527619999999999,0.0,0.8254189944134078,0.0,0.8968,0.0,,0.6142,0.8088531187122736,0.3161620133700354,0.4546225614927905,0.6578196287155151,0.0,0.0,0.6578196287155151,0.6142,0.0
imdb,noniid,20,42,7,2,0.7527619999999999,0.0,0.8254189944134078,0.0,0.8968,0.0,,0.6142,0.8088531187122736,0.3161620133700354,0.4546225614927905,0.6578196287155151,0.0,0.0,0.6578196287155151,0.6142,0.0
imdb,noniid,20,42,7,3,0.7527619999999999,0.0,0.8254189944134078,0.0,0.8968,0.0,,0.6142,0.8088531187122736,0.3161620133700354,0.4546225614927905,0.6578196287155151,0.0,0.0,0.6578196287155151,0.6142,0.0
imdb,noniid,20,42,7,4,0.7527619999999999,0.0,0.8254189944134078,0.0,0.8968,0.0,,0.6142,0.8088531187122736,0.3161620133700354,0.4546225614927905,0.6578196287155151,0.0,0.0,0.6578196287155151,0.6142,0.0
imdb,noniid,20,42,7,5,0.7527619999999999,0.0,0.8254189944134078,0.0,0.8968,0.0,,0.6142,0.8088531187122736,0.3161620133700354,0.4546225614927905,0.6578196287155151,0.0,0.0,0.6578196287155151,0.6142,0.0
imdb,noniid,20,42,7,6,0.7527619999999999,0.0,0.8254189944134078,0.0,0.8968,0.0,,0.6142,0.8088531187122736,0.3161620133700354,0.4546225614927905,0.6578196287155151,0.0,0.0,0.6578196287155151,0.6142,0.0
imdb,noniid,20,42,7,7,0.7527619999999999,0.0,0.8254189944134078,0.0,0.8968,0.0,,0.6142,0.8088531187122736,0.3161620133700354,0.4546225614927905,0.6578196287155151,0.0,0.0,0.6578196287155151,0.6142,0.0
imdb,noniid,20,42,7,8,0.7527619999999999,0.0,0.8254189944134078,0.0,0.8968,0.0,,0.6142,0.8088531187122736,0.3161620133700354,0.4546225614927905,0.6578196287155151,0.0,0.0,0.6578196287155151,0.6142,0.0
imdb,noniid,20,42,7,9,0.7527619999999999,0.0,0.8254189944134078,0.0,0.8968,0.0,,0.6142,0.8088531187122736,0.3161620133700354,0.4546225614927905,0.6578196287155151,0.0,0.0,0.6578196287155151,0.6142,0.0
imdb,noniid,20,42,7,10,0.7527619999999999,0.0769080666666666,0.8254189944134078,0.1087235910080722,0.8968,0.0,,0.6142,0.8088531187122736,0.3161620133700354,0.4546225614927905,0.6578196287155151,-0.0022695870092599,0.0,0.6578196287155151,0.6142,0.0
imdb,noniid,20,42,7,11,0.7527619999999999,0.0,0.8254189944134078,0.0,0.8968,0.0,,0.6142,0.8088531187122736,0.3161620133700354,0.4546225614927905,0.6578196287155151,0.0,0.0,0.6578196287155151,0.6142,0.0
imdb,noniid,20,42,7,12,0.7527619999999999,0.0,0.8254189944134078,0.0,0.8968,0.0,,0.6142,0.8088531187122736,0.3161620133700354,0.4546225614927905,0.6578196287155151,0.0,0.0,0.6578196287155151,0.6142,0.0
imdb,noniid,20,42,7,13,0.7527619999999999,0.0,0.8254189944134078,0.0,0.8968,0.0,,0.6142,0.8088531187122736,0.3161620133700354,0.4546225614927905,0.6578196287155151,0.0,0.011220814479638,0.6578196287155151,0.6142,0.011220814479638
imdb,noniid,20,42,7,14,0.7527619999999999,0.0,0.8254189944134078,0.0,0.8968,0.0,,0.6142,0.8088531187122736,0.3161620133700354,0.4546225614927905,0.6578196287155151,0.0,0.0,0.6578196287155151,0.6142,0.0
imdb,noniid,20,42,7,15,0.7527619999999999,0.0,0.8254189944134078,0.0,0.8968,0.0,,0.6142,0.8088531187122736,0.3161620133700354,0.4546225614927905,0.6578196287155151,0.0,0.0,0.6578196287155151,0.6142,0.0
imdb,noniid,20,42,7,16,0.7527619999999999,0.0,0.8254189944134078,0.0,0.8968,0.0,,0.6142,0.8088531187122736,0.3161620133700354,0.4546225614927905,0.6578196287155151,0.0,0.0,0.6578196287155151,0.6142,0.0
imdb,noniid,20,42,7,17,0.7527619999999999,0.0,0.8254189944134078,0.0,0.8968,0.0,,0.6142,0.8088531187122736,0.3161620133700354,0.4546225614927905,0.6578196287155151,0.0,0.0,0.6578196287155151,0.6142,0.0
imdb,noniid,20,42,7,18,0.7527619999999999,0.0,0.8254189944134078,0.0,0.8968,0.0,,0.6142,0.8088531187122736,0.3161620133700354,0.4546225614927905,0.6578196287155151,0.0,0.0,0.6578196287155151,0.6142,0.0
imdb,noniid,20,42,7,19,0.7527619999999999,0.0,0.8254189944134078,0.0,0.8968,0.0,,0.6142,0.8088531187122736,0.3161620133700354,0.4546225614927905,0.6578196287155151,0.0,0.0,0.6578196287155151,0.6142,0.0
imdb,noniid,20,42,8,0,0.762792,0.0,0.8369337979094077,0.0,0.9191333333333334,0.0,,0.6678,0.7963709677419355,0.4659850570192685,0.5879434383527661,0.6404348611831665,0.0,0.0,0.6404348611831665,0.6678,0.0
imdb,noniid,20,42,8,1,0.762792,0.0,0.8369337979094077,0.0,0.9191333333333334,0.0,,0.6678,0.7963709677419355,0.4659850570192685,0.5879434383527661,0.6404348611831665,0.0,0.0,0.6404348611831665,0.6678,0.0
imdb,noniid,20,42,8,2,0.762792,0.0,0.8369337979094077,0.0,0.9191333333333334,0.0,,0.6678,0.7963709677419355,0.4659850570192685,0.5879434383527661,0.6404348611831665,0.0,0.0,0.6404348611831665,0.6678,0.0
imdb,noniid,20,42,8,3,0.762792,0.0,0.8369337979094077,0.0,0.9191333333333334,0.0,,0.6678,0.7963709677419355,0.4659850570192685,0.5879434383527661,0.6404348611831665,0.0,0.0,0.6404348611831665,0.6678,0.0
imdb,noniid,20,42,8,4,0.762792,0.0,0.8369337979094077,0.0,0.9191333333333334,0.0,,0.6678,0.7963709677419355,0.4659850570192685,0.5879434383527661,0.6404348611831665,0.0,0.0,0.6404348611831665,0.6678,0.0
imdb,noniid,20,42,8,5,0.762792,0.0,0.8369337979094077,0.0,0.9191333333333334,0.0,,0.6678,0.7963709677419355,0.4659850570192685,0.5879434383527661,0.6404348611831665,0.0,0.0,0.6404348611831665,0.6678,0.0
imdb,noniid,20,42,8,6,0.762792,0.0,0.8369337979094077,0.0,0.9191333333333334,0.0,,0.6678,0.7963709677419355,0.4659850570192685,0.5879434383527661,0.6404348611831665,0.0,0.0,0.6404348611831665,0.6678,0.0
imdb,noniid,20,42,8,7,0.762792,0.0,0.8369337979094077,0.0,0.9191333333333334,0.0,,0.6678,0.7963709677419355,0.4659850570192685,0.5879434383527661,0.6404348611831665,0.0,0.0,0.6404348611831665,0.6678,0.0
imdb,noniid,20,42,8,8,0.762792,0.0,0.8369337979094077,0.0,0.9191333333333334,0.0,,0.6678,0.7963709677419355,0.4659850570192685,0.5879434383527661,0.6404348611831665,0.0,0.0,0.6404348611831665,0.6678,0.0
imdb,noniid,20,42,8,9,0.762792,0.0,0.8369337979094077,0.0,0.9191333333333334,0.0,,0.6678,0.7963709677419355,0.4659850570192685,0.5879434383527661,0.6404348611831665,0.0,0.0,0.6404348611831665,0.6678,0.0
imdb,noniid,20,42,8,10,0.762792,0.0637818666666666,0.8369337979094077,0.0767670130480312,0.9191333333333334,0.0,,0.6678,0.7963709677419355,0.4659850570192685,0.5879434383527661,0.6404348611831665,-0.0033326910443283,0.008393388429752,0.6404348611831665,0.6678,0.008393388429752
imdb,noniid,20,42,8,11,0.762792,0.0,0.8369337979094077,0.0,0.9191333333333334,0.0,,0.6678,0.7963709677419355,0.4659850570192685,0.5879434383527661,0.6404348611831665,0.0,0.0,0.6404348611831665,0.6678,0.0
imdb,noniid,20,42,8,12,0.762792,0.0,0.8369337979094077,0.0,0.9191333333333334,0.0,,0.6678,0.7963709677419355,0.4659850570192685,0.5879434383527661,0.6404348611831665,0.0,0.0,0.6404348611831665,0.6678,0.0
imdb,noniid,20,42,8,13,0.762792,0.0,0.8369337979094077,0.0,0.9191333333333334,0.0,,0.6678,0.7963709677419355,0.4659850570192685,0.5879434383527661,0.6404348611831665,0.0,0.0,0.6404348611831665,0.6678,0.0
imdb,noniid,20,42,8,14,0.762792,0.0,0.8369337979094077,0.0,0.9191333333333334,0.0,,0.6678,0.7963709677419355,0.4659850570192685,0.5879434383527661,0.6404348611831665,0.0,0.0,0.6404348611831665,0.6678,0.0
imdb,noniid,20,42,8,15,0.762792,0.0,0.8369337979094077,0.0,0.9191333333333334,0.0,,0.6678,0.7963709677419355,0.4659850570192685,0.5879434383527661,0.6404348611831665,0.0,0.0,0.6404348611831665,0.6678,0.0
imdb,noniid,20,42,8,16,0.762792,0.0,0.8369337979094077,0.0,0.9191333333333334,0.0,,0.6678,0.7963709677419355,0.4659850570192685,0.5879434383527661,0.6404348611831665,0.0,0.0,0.6404348611831665,0.6678,0.0
imdb,noniid,20,42,8,17,0.762792,0.0,0.8369337979094077,0.0,0.9191333333333334,0.0,,0.6678,0.7963709677419355,0.4659850570192685,0.5879434383527661,0.6404348611831665,0.0,0.0,0.6404348611831665,0.6678,0.0
imdb,noniid,20,42,8,18,0.762792,0.0,0.8369337979094077,0.0,0.9191333333333334,0.0,,0.6678,0.7963709677419355,0.4659850570192685,0.5879434383527661,0.6404348611831665,0.0,0.0,0.6404348611831665,0.6678,0.0
imdb,noniid,20,42,8,19,0.762792,0.0,0.8369337979094077,0.0,0.9191333333333334,0.0,,0.6678,0.7963709677419355,0.4659850570192685,0.5879434383527661,0.6404348611831665,0.0,0.0,0.6404348611831665,0.6678,0.0
imdb,noniid,20,42,9,0,0.7719860000000001,0.0,0.8422506040731792,0.0,0.9666,0.0011544444444444,,0.7082,0.7828810020876826,0.5898545025560362,0.6727965911639381,0.6196726560592651,0.0,0.0,0.6196726560592651,0.7082,0.0
imdb,noniid,20,42,9,1,0.7719860000000001,0.0,0.8422506040731792,0.0,0.9666,0.0,,0.7082,0.7828810020876826,0.5898545025560362,0.6727965911639381,0.6196726560592651,0.0,0.0,0.6196726560592651,0.7082,0.0
imdb,noniid,20,42,9,2,0.7719860000000001,0.0,0.8422506040731792,0.0,0.9666,0.0005688888888888,,0.7082,0.7828810020876826,0.5898545025560362,0.6727965911639381,0.6196726560592651,0.0,0.0,0.6196726560592651,0.7082,0.0
imdb,noniid,20,42,9,3,0.7719860000000001,0.0,0.8422506040731792,0.0,0.9666,0.0,,0.7082,0.7828810020876826,0.5898545025560362,0.6727965911639381,0.6196726560592651,0.0,0.0,0.6196726560592651,0.7082,0.0
imdb,noniid,20,42,9,4,0.7719860000000001,0.0,0.8422506040731792,0.0,0.9666,0.0,,0.7082,0.7828810020876826,0.5898545025560362,0.6727965911639381,0.6196726560592651,0.0,0.0,0.6196726560592651,0.7082,0.0
imdb,noniid,20,42,9,5,0.7719860000000001,0.0,0.8422506040731792,0.0,0.9666,0.0,,0.7082,0.7828810020876826,0.5898545025560362,0.6727965911639381,0.6196726560592651,0.0,0.0,0.6196726560592651,0.7082,0.0
imdb,noniid,20,42,9,6,0.7719860000000001,0.0,0.8422506040731792,0.0,0.9666,0.0,,0.7082,0.7828810020876826,0.5898545025560362,0.6727965911639381,0.6196726560592651,0.0,0.0,0.6196726560592651,0.7082,0.0
imdb,noniid,20,42,9,7,0.7719860000000001,0.0,0.8422506040731792,0.0,0.9666,0.0,,0.7082,0.7828810020876826,0.5898545025560362,0.6727965911639381,0.6196726560592651,0.0,0.0,0.6196726560592651,0.7082,0.0
imdb,noniid,20,42,9,8,0.7719860000000001,0.0,0.8422506040731792,0.0,0.9666,0.0,,0.7082,0.7828810020876826,0.5898545025560362,0.6727965911639381,0.6196726560592651,0.0,0.0,0.6196726560592651,0.7082,0.0
imdb,noniid,20,42,9,9,0.7719860000000001,0.0,0.8422506040731792,0.0,0.9666,0.0,,0.7082,0.7828810020876826,0.5898545025560362,0.6727965911639381,0.6196726560592651,0.0,0.0,0.6196726560592651,0.7082,0.0
imdb,noniid,20,42,9,10,0.7719860000000001,0.062736,0.8422506040731792,0.0846942589332875,0.9666,0.0,,0.7082,0.7828810020876826,0.5898545025560362,0.6727965911639381,0.6196726560592651,-0.0041796775852761,0.0061020771513353,0.6196726560592651,0.7082,0.0061020771513353
imdb,noniid,20,42,9,11,0.7719860000000001,0.0,0.8422506040731792,0.0,0.9666,0.0,,0.7082,0.7828810020876826,0.5898545025560362,0.6727965911639381,0.6196726560592651,0.0,0.0,0.6196726560592651,0.7082,0.0
imdb,noniid,20,42,9,12,0.7719860000000001,0.0,0.8422506040731792,0.0,0.9666,0.0,,0.7082,0.7828810020876826,0.5898545025560362,0.6727965911639381,0.6196726560592651,0.0,0.0,0.6196726560592651,0.7082,0.0
imdb,noniid,20,42,9,13,0.7719860000000001,0.0,0.8422506040731792,0.0,0.9666,0.0,,0.7082,0.7828810020876826,0.5898545025560362,0.6727965911639381,0.6196726560592651,0.0,0.0,0.6196726560592651,0.7082,0.0
imdb,noniid,20,42,9,14,0.7719860000000001,0.0,0.8422506040731792,0.0,0.9666,0.0,,0.7082,0.7828810020876826,0.5898545025560362,0.6727965911639381,0.6196726560592651,0.0,0.0,0.6196726560592651,0.7082,0.0
imdb,noniid,20,42,9,15,0.7719860000000001,0.0,0.8422506040731792,0.0,0.9666,0.0,,0.7082,0.7828810020876826,0.5898545025560362,0.6727965911639381,0.6196726560592651,0.0,0.0,0.6196726560592651,0.7082,0.0
imdb,noniid,20,42,9,16,0.7719860000000001,0.0,0.8422506040731792,0.0,0.9666,0.0,,0.7082,0.7828810020876826,0.5898545025560362,0.6727965911639381,0.6196726560592651,0.0,0.0,0.6196726560592651,0.7082,0.0
imdb,noniid,20,42,9,17,0.7719860000000001,0.0,0.8422506040731792,0.0,0.9666,0.0,,0.7082,0.7828810020876826,0.5898545025560362,0.6727965911639381,0.6196726560592651,0.0,0.0,0.6196726560592651,0.7082,0.0
imdb,noniid,20,42,9,18,0.7719860000000001,0.0,0.8422506040731792,0.0,0.9666,0.0,,0.7082,0.7828810020876826,0.5898545025560362,0.6727965911639381,0.6196726560592651,0.0,0.0,0.6196726560592651,0.7082,0.0
imdb,noniid,20,42,9,19,0.7719860000000001,0.0,0.8422506040731792,0.0,0.9666,0.0,,0.7082,0.7828810020876826,0.5898545025560362,0.6727965911639381,0.6196726560592651,0.0,0.0,0.6196726560592651,0.7082,0.0
imdb,noniid,20,42,10,0,0.779188,0.0,0.8465753424657534,0.0,0.8631888888888888,0.0,,0.7352,0.769809650287738,0.6838379866299646,0.7242815493544357,0.5971591472625732,0.0,0.0,0.5971591472625732,0.7352,0.0
imdb,noniid,20,42,10,1,0.779188,0.0,0.8465753424657534,0.0,0.8631888888888888,-0.0019562962962963,,0.7352,0.769809650287738,0.6838379866299646,0.7242815493544357,0.5971591472625732,0.0,0.0,0.5971591472625732,0.7352,0.0
imdb,noniid,20,42,10,2,0.779188,0.0,0.8465753424657534,0.0,0.8631888888888888,0.0,,0.7352,0.769809650287738,0.6838379866299646,0.7242815493544357,0.5971591472625732,0.0,0.0,0.5971591472625732,0.7352,0.0
imdb,noniid,20,42,10,3,0.779188,0.0,0.8465753424657534,0.0,0.8631888888888888,0.0,,0.7352,0.769809650287738,0.6838379866299646,0.7242815493544357,0.5971591472625732,0.0,0.0030810126582278,0.5971591472625732,0.7352,0.0030810126582278
imdb,noniid,20,42,10,4,0.779188,0.0,0.8465753424657534,0.0,0.8631888888888888,0.0,,0.7352,0.769809650287738,0.6838379866299646,0.7242815493544357,0.5971591472625732,0.0,0.0,0.5971591472625732,0.7352,0.0
imdb,noniid,20,42,10,5,0.779188,0.0,0.8465753424657534,0.0,0.8631888888888888,0.0,,0.7352,0.769809650287738,0.6838379866299646,0.7242815493544357,0.5971591472625732,0.0,0.0,0.5971591472625732,0.7352,0.0
imdb,noniid,20,42,10,6,0.779188,0.0,0.8465753424657534,0.0,0.8631888888888888,0.0,,0.7352,0.769809650287738,0.6838379866299646,0.7242815493544357,0.5971591472625732,0.0,0.0,0.5971591472625732,0.7352,0.0
imdb,noniid,20,42,10,7,0.779188,0.0,0.8465753424657534,0.0,0.8631888888888888,0.0,,0.7352,0.769809650287738,0.6838379866299646,0.7242815493544357,0.5971591472625732,0.0,0.0,0.5971591472625732,0.7352,0.0
imdb,noniid,20,42,10,8,0.779188,0.0,0.8465753424657534,0.0,0.8631888888888888,0.0,,0.7352,0.769809650287738,0.6838379866299646,0.7242815493544357,0.5971591472625732,0.0,0.0,0.5971591472625732,0.7352,0.0
imdb,noniid,20,42,10,9,0.779188,0.0,0.8465753424657534,0.0,0.8631888888888888,0.0,,0.7352,0.769809650287738,0.6838379866299646,0.7242815493544357,0.5971591472625732,0.0,0.0,0.5971591472625732,0.7352,0.0
imdb,noniid,20,42,10,10,0.779188,0.0551446666666666,0.8465753424657534,0.0654217838973634,0.8631888888888888,0.0,,0.7352,0.769809650287738,0.6838379866299646,0.7242815493544357,0.5971591472625732,-0.003708414183367,0.0047341772151898,0.5971591472625732,0.7352,0.0047341772151898
imdb,noniid,20,42,10,11,0.779188,0.0,0.8465753424657534,0.0,0.8631888888888888,0.00293,,0.7352,0.769809650287738,0.6838379866299646,0.7242815493544357,0.5971591472625732,0.0,0.0,0.5971591472625732,0.7352,0.0
imdb,noniid,20,42,10,12,0.779188,0.0,0.8465753424657534,0.0,0.8631888888888888,0.0,,0.7352,0.769809650287738,0.6838379866299646,0.7242815493544357,0.5971591472625732,0.0,0.0,0.5971591472625732,0.7352,0.0
imdb,noniid,20,42,10,13,0.779188,0.0,0.8465753424657534,0.0,0.8631888888888888,0.0,,0.7352,0.769809650287738,0.6838379866299646,0.7242815493544357,0.5971591472625732,0.0,0.0,0.5971591472625732,0.7352,0.0
imdb,noniid,20,42,10,14,0.779188,0.0,0.8465753424657534,0.0,0.8631888888888888,0.0,,0.7352,0.769809650287738,0.6838379866299646,0.7242815493544357,0.5971591472625732,0.0,0.0,0.5971591472625732,0.7352,0.0
imdb,noniid,20,42,10,15,0.779188,0.0,0.8465753424657534,0.0,0.8631888888888888,0.0,,0.7352,0.769809650287738,0.6838379866299646,0.7242815493544357,0.5971591472625732,0.0,0.0,0.5971591472625732,0.7352,0.0
imdb,noniid,20,42,10,16,0.779188,0.0,0.8465753424657534,0.0,0.8631888888888888,0.0,,0.7352,0.769809650287738,0.6838379866299646,0.7242815493544357,0.5971591472625732,0.0,0.0,0.5971591472625732,0.7352,0.0
imdb,noniid,20,42,10,17,0.779188,0.0,0.8465753424657534,0.0,0.8631888888888888,0.0,,0.7352,0.769809650287738,0.6838379866299646,0.7242815493544357,0.5971591472625732,0.0,0.0,0.5971591472625732,0.7352,0.0
imdb,noniid,20,42,10,18,0.779188,0.0,0.8465753424657534,0.0,0.8631888888888888,0.0,,0.7352,0.769809650287738,0.6838379866299646,0.7242815493544357,0.5971591472625732,0.0,0.0,0.5971591472625732,0.7352,0.0
imdb,noniid,20,42,10,19,0.779188,0.0,0.8465753424657534,0.0,0.8631888888888888,0.0,,0.7352,0.769809650287738,0.6838379866299646,0.7242815493544357,0.5971591472625732,0.0,0.0,0.5971591472625732,0.7352,0.0
imdb,noniid,4,42,1,0,0.612982,0.0,0.5480335267569311,0.0,0.9072444444444444,0.0003062962962962,,0.5178,0.7171052631578947,0.0857255210381439,0.153143659992975,0.6879933476448059,0.0,0.0,0.6879933476448059,0.5178,0.0
imdb,noniid,4,42,1,1,0.612982,0.0,0.5480335267569311,0.1033588271209391,0.9072444444444444,0.0,,0.5178,0.7171052631578947,0.0857255210381439,0.153143659992975,0.6879933476448059,0.0,0.0,0.6879933476448059,0.5178,0.0
imdb,noniid,4,42,1,2,0.612982,-0.0932988666666666,0.5480335267569311,0.0,0.9072444444444444,0.0,,0.5178,0.7171052631578947,0.0857255210381439,0.153143659992975,0.6879933476448059,0.0,0.0213866666666666,0.6879933476448059,0.5178,0.0213866666666666
imdb,noniid,4,42,1,3,0.612982,0.0,0.5480335267569311,0.0,0.9072444444444444,0.0,,0.5178,0.7171052631578947,0.0857255210381439,0.153143659992975,0.6879933476448059,-0.0068152666091918,0.0264533333333333,0.6879933476448059,0.5178,0.0264533333333333
imdb,noniid,4,42,2,0,0.632458,0.0,0.6404720782959125,0.0,0.857488888888889,0.0,,0.6078,0.7669724770642202,0.3287455760912308,0.4602257087806221,0.6633167266845703,0.0,0.0,0.6633167266845703,0.6078,0.0
imdb,noniid,4,42,2,1,0.632458,0.0,0.6404720782959125,0.0998030771239712,0.857488888888889,0.012047037037037,,0.6078,0.7669724770642202,0.3287455760912308,0.4602257087806221,0.6633167266845703,0.0,0.0,0.6633167266845703,0.6078,0.0
imdb,noniid,4,42,2,2,0.632458,-0.0655004,0.6404720782959125,0.0,0.857488888888889,0.0,,0.6078,0.7669724770642202,0.3287455760912308,0.4602257087806221,0.6633167266845703,0.0,0.0,0.6633167266845703,0.6078,0.0
imdb,noniid,4,42,2,3,0.632458,0.0,0.6404720782959125,0.0,0.857488888888889,0.0,,0.6078,0.7669724770642202,0.3287455760912308,0.4602257087806221,0.6633167266845703,-0.0206462542215983,0.0672199999999999,0.6633167266845703,0.6078,0.0672199999999999
imdb,noniid,4,42,3,0,0.65533,0.0,0.7192131500943142,0.0,0.8401111111111113,0.0,,0.7264,0.7428689541132699,0.7066456940621313,0.7243047158403869,0.6023836731910706,0.0,0.0,0.6023836731910706,0.7264,0.0
imdb,noniid,4,42,3,1,0.65533,0.0,0.7192131500943142,0.0875833793900981,0.8401111111111113,0.0,,0.7264,0.7428689541132699,0.7066456940621313,0.7243047158403869,0.6023836731910706,0.0,0.0,0.6023836731910706,0.7264,0.0
imdb,noniid,4,42,3,2,0.65533,-0.0771286666666666,0.7192131500943142,0.0,0.8401111111111113,-0.0054896296296297,,0.7264,0.7428689541132699,0.7066456940621313,0.7243047158403869,0.6023836731910706,0.0,0.0,0.6023836731910706,0.7264,0.0
imdb,noniid,4,42,3,3,0.65533,0.0,0.7192131500943142,0.0,0.8401111111111113,0.0,,0.7264,0.7428689541132699,0.7066456940621313,0.7243047158403869,0.6023836731910706,-0.0341215113798777,0.0565533333333333,0.6023836731910706,0.7264,0.0565533333333333
imdb,noniid,4,42,4,0,0.6778040000000001,0.0,0.7660621761658031,0.0,0.8886444444444443,0.0,,0.7532,0.7373957199854915,0.7994494691309477,0.7671698113207547,0.537057101726532,0.0,0.0,0.537057101726532,0.7532,0.0
imdb,noniid,4,42,4,1,0.6778040000000001,0.0,0.7660621761658031,0.0,0.8886444444444443,0.0,,0.7532,0.7373957199854915,0.7994494691309477,0.7671698113207547,0.537057101726532,0.0,0.0,0.537057101726532,0.7532,0.0
imdb,noniid,4,42,4,2,0.6778040000000001,-0.0255943333333333,0.7660621761658031,-0.0289538487894153,0.8886444444444443,-0.0001348148148148,,0.7532,0.7373957199854915,0.7994494691309477,0.7671698113207547,0.537057101726532,0.0,0.0,0.537057101726532,0.7532,0.0
imdb,noniid,4,42,4,3,0.6778040000000001,0.0,0.7660621761658031,0.0,0.8886444444444443,0.0,,0.7532,0.7373957199854915,0.7994494691309477,0.7671698113207547,0.537057101726532,-0.0409857630729675,0.0253866666666666,0.537057101726532,0.7532,0.0253866666666666
imdb,noniid,4,42,5,0,0.6978800000000001,0.0,0.8029381965552178,0.0,0.9052222222222222,0.0,,0.7734,0.7569241982507289,0.8167518678725915,0.7857007754870436,0.4966579973697662,0.0,0.0,0.4966579973697662,0.7734,0.0
imdb,noniid,4,42,5,1,0.6978800000000001,0.0,0.8029381965552178,0.0,0.9052222222222222,-0.0201614814814814,,0.7734,0.7569241982507289,0.8167518678725915,0.7857007754870436,0.4966579973697662,0.0,0.0,0.4966579973697662,0.7734,0.0
imdb,noniid,4,42,5,2,0.6978800000000001,-0.0408856,0.8029381965552178,-0.036930982933554,0.9052222222222222,0.0431325925925925,,0.7734,0.7569241982507289,0.8167518678725915,0.7857007754870436,0.4966579973697662,0.0,0.0,0.4966579973697662,0.7734,0.0
imdb,noniid,4,42,5,3,0.6978800000000001,0.0,0.8029381965552178,0.0,0.9052222222222222,0.0,,0.7734,0.7569241982507289,0.8167518678725915,0.7857007754870436,0.4966579973697662,-0.0273205916086832,0.0189333333333333,0.4966579973697662,0.7734,0.0189333333333333
imdb,noniid,4,42,6,0,0.7158260000000001,0.0,0.8245395719263315,0.0,0.9676666666666668,0.0,,0.787,0.774721189591078,0.819504522217853,0.7964838524746799,0.4730770885944366,0.0,0.0,0.4730770885944366,0.787,0.0
imdb,noniid,4,42,6,1,0.7158260000000001,0.0,0.8245395719263315,0.0,0.9676666666666668,-0.0178485185185185,,0.787,0.774721189591078,0.819504522217853,0.7964838524746799,0.4730770885944366,0.0,0.0,0.4730770885944366,0.787,0.0
imdb,noniid,4,42,6,2,0.7158260000000001,0.0141105333333333,0.8245395719263315,0.0107669862670954,0.9676666666666668,0.0139162962962963,,0.787,0.774721189591078,0.819504522217853,0.7964838524746799,0.4730770885944366,0.0,0.0,0.4730770885944366,0.787,0.0
imdb,noniid,4,42,6,3,0.7158260000000001,0.0,0.8245395719263315,0.0,0.9676666666666668,0.0107807407407408,,0.787,0.774721189591078,0.819504522217853,0.7964838524746799,0.4730770885944366,-0.0187076965967814,0.0124933333333333,0.4730770885944366,0.787,0.0124933333333333
imdb,noniid,4,42,7,0,0.7309060000000001,0.0,0.8421052631578947,0.0,0.8694999999999999,0.0,,0.7938,0.7865807429871114,0.8159653952025168,0.8010036672457055,0.456631064414978,0.0,0.0,0.456631064414978,0.7938,0.0
imdb,noniid,4,42,7,1,0.7309060000000001,0.0,0.8421052631578947,0.0,0.8694999999999999,0.0,,0.7938,0.7865807429871114,0.8159653952025168,0.8010036672457055,0.456631064414978,0.0,0.0,0.456631064414978,0.7938,0.0
imdb,noniid,4,42,7,2,0.7309060000000001,0.0019958666666666,0.8421052631578947,0.0051398584778442,0.8694999999999999,0.0006992592592592,,0.7938,0.7865807429871114,0.8159653952025168,0.8010036672457055,0.456631064414978,0.0,0.0,0.456631064414978,0.7938,0.0
imdb,noniid,4,42,7,3,0.7309060000000001,0.0,0.8421052631578947,0.0,0.8694999999999999,0.0,,0.7938,0.7865807429871114,0.8159653952025168,0.8010036672457055,0.456631064414978,-0.0173367877801259,0.0115466666666666,0.456631064414978,0.7938,0.0115466666666666
imdb,noniid,4,42,8,0,0.742532,0.0,0.8614665354330708,0.0,0.8716666666666666,0.0,,0.8062,0.8050387596899224,0.8167518678725915,0.8108530158110482,0.4438442885875702,0.0,0.0,0.4438442885875702,0.8062,0.0
imdb,noniid,4,42,8,1,0.742532,0.0,0.8614665354330708,0.0,0.8716666666666666,0.0,,0.8062,0.8050387596899224,0.8167518678725915,0.8108530158110482,0.4438442885875702,0.0,0.0059266666666666,0.4438442885875702,0.8062,0.0059266666666666
imdb,noniid,4,42,8,2,0.742532,0.0214345333333333,0.8614665354330708,0.0181923213940469,0.8716666666666666,0.0116651851851851,,0.8062,0.8050387596899224,0.8167518678725915,0.8108530158110482,0.4438442885875702,0.0,0.0,0.4438442885875702,0.8062,0.0
imdb,noniid,4,42,8,3,0.742532,0.0,0.8614665354330708,0.0,0.8716666666666666,0.0,,0.8062,0.8050387596899224,0.8167518678725915,0.8108530158110482,0.4438442885875702,-0.0146788964668909,0.0102866666666666,0.4438442885875702,0.8062,0.0102866666666666
imdb,noniid,4,42,9,0,0.751448,0.0,0.871606749816581,0.0,0.8823777777777779,0.0070044444444445,,0.8138,0.8165750196386489,0.8175383405426662,0.8170563961485557,0.433458000421524,0.0,0.0,0.433458000421524,0.8138,0.0
imdb,noniid,4,42,9,1,0.751448,0.0,0.871606749816581,0.0,0.8823777777777779,0.0077018518518518,,0.8138,0.8165750196386489,0.8175383405426662,0.8170563961485557,0.433458000421524,0.0,0.0,0.433458000421524,0.8138,0.0
imdb,noniid,4,42,9,2,0.751448,0.0144542666666666,0.871606749816581,0.0126434376403573,0.8823777777777779,0.0,,0.8138,0.8165750196386489,0.8175383405426662,0.8170563961485557,0.433458000421524,0.0,0.0,0.433458000421524,0.8138,0.0
imdb,noniid,4,42,9,3,0.751448,0.0,0.871606749816581,0.0,0.8823777777777779,0.0,,0.8138,0.8165750196386489,0.8175383405426662,0.8170563961485557,0.433458000421524,-0.0142807771762212,0.0092533333333333,0.433458000421524,0.8138,0.0092533333333333
imdb,noniid,4,42,10,0,0.758562,0.0,0.8778942237387277,0.0,0.8247777777777778,0.0199174074074074,,0.819,0.8244849445324881,0.8183248132127409,0.8213933293862246,0.4247528314590454,0.0,0.0,0.4247528314590454,0.819,0.0
imdb,noniid,4,42,10,1,0.758562,0.0,0.8778942237387277,0.0,0.8247777777777778,0.0,,0.819,0.8244849445324881,0.8183248132127409,0.8213933293862246,0.4247528314590454,0.0,0.0,0.4247528314590454,0.819,0.0
imdb,noniid,4,42,10,2,0.758562,0.0202123333333333,0.8778942237387277,0.0235693073647328,0.8247777777777778,0.0,,0.819,0.8244849445324881,0.8183248132127409,0.8213933293862246,0.4247528314590454,0.0,0.0,0.4247528314590454,0.819,0.0
imdb,noniid,4,42,10,3,0.758562,0.0,0.8778942237387277,0.0,0.8247777777777778,0.0,,0.819,0.8244849445324881,0.8183248132127409,0.8213933293862246,0.4247528314590454,-0.0145955731471379,0.0066466666666666,0.4247528314590454,0.819,0.0066466666666666
imdb,noniid,20,107,1,0,0.684536,0.0,0.617096018735363,0.0,0.9395333333333332,0.0,,0.5086,0.5086,1.0,0.6742675328118786,0.6974303722381592,0.0,0.0,0.6974303722381592,0.5086,0.0
imdb,noniid,20,107,1,1,0.684536,0.0,0.617096018735363,0.0,0.9395333333333332,0.0,,0.5086,0.5086,1.0,0.6742675328118786,0.6974303722381592,0.0,0.0,0.6974303722381592,0.5086,0.0
imdb,noniid,20,107,1,2,0.684536,0.0,0.617096018735363,0.0,0.9395333333333332,0.0,,0.5086,0.5086,1.0,0.6742675328118786,0.6974303722381592,0.0,0.0,0.6974303722381592,0.5086,0.0
imdb,noniid,20,107,1,3,0.684536,0.0,0.617096018735363,0.0,0.9395333333333332,0.0,,0.5086,0.5086,1.0,0.6742675328118786,0.6974303722381592,0.0,0.0,0.6974303722381592,0.5086,0.0
imdb,noniid,20,107,1,4,0.684536,0.0,0.617096018735363,0.0,0.9395333333333332,0.0,,0.5086,0.5086,1.0,0.6742675328118786,0.6974303722381592,0.0,0.0,0.6974303722381592,0.5086,0.0
imdb,noniid,20,107,1,5,0.684536,0.0,0.617096018735363,0.0,0.9395333333333332,0.0038833333333333,,0.5086,0.5086,1.0,0.6742675328118786,0.6974303722381592,0.0,0.0,0.6974303722381592,0.5086,0.0
imdb,noniid,20,107,1,6,0.684536,0.0,0.617096018735363,0.0,0.9395333333333332,0.0,,0.5086,0.5086,1.0,0.6742675328118786,0.6974303722381592,0.0,0.0,0.6974303722381592,0.5086,0.0
imdb,noniid,20,107,1,7,0.684536,0.0,0.617096018735363,0.0,0.9395333333333332,0.0,,0.5086,0.5086,1.0,0.6742675328118786,0.6974303722381592,0.0,0.0,0.6974303722381592,0.5086,0.0
imdb,noniid,20,107,1,8,0.684536,0.0,0.617096018735363,0.0,0.9395333333333332,0.0,,0.5086,0.5086,1.0,0.6742675328118786,0.6974303722381592,0.0,0.0,0.6974303722381592,0.5086,0.0
imdb,noniid,20,107,1,9,0.684536,0.0,0.617096018735363,0.0,0.9395333333333332,0.0,,0.5086,0.5086,1.0,0.6742675328118786,0.6974303722381592,0.0,0.0,0.6974303722381592,0.5086,0.0
imdb,noniid,20,107,1,10,0.684536,0.0,0.617096018735363,0.0,0.9395333333333332,0.0,,0.5086,0.5086,1.0,0.6742675328118786,0.6974303722381592,0.0,0.0,0.6974303722381592,0.5086,0.0
imdb,noniid,20,107,1,11,0.684536,0.0671358,0.617096018735363,0.1273941531363134,0.9395333333333332,0.0,,0.5086,0.5086,1.0,0.6742675328118786,0.6974303722381592,0.0,0.0,0.6974303722381592,0.5086,0.0
imdb,noniid,20,107,1,12,0.684536,0.0,0.617096018735363,0.0,0.9395333333333332,0.0,,0.5086,0.5086,1.0,0.6742675328118786,0.6974303722381592,0.0,0.0,0.6974303722381592,0.5086,0.0
imdb,noniid,20,107,1,13,0.684536,0.0,0.617096018735363,0.0,0.9395333333333332,0.0,,0.5086,0.5086,1.0,0.6742675328118786,0.6974303722381592,0.0,0.0,0.6974303722381592,0.5086,0.0
imdb,noniid,20,107,1,14,0.684536,0.0,0.617096018735363,0.0,0.9395333333333332,0.0,,0.5086,0.5086,1.0,0.6742675328118786,0.6974303722381592,0.0,0.0,0.6974303722381592,0.5086,0.0
imdb,noniid,20,107,1,15,0.684536,0.0,0.617096018735363,0.0,0.9395333333333332,0.0,,0.5086,0.5086,1.0,0.6742675328118786,0.6974303722381592,0.0,0.0,0.6974303722381592,0.5086,0.0
imdb,noniid,20,107,1,16,0.684536,0.0,0.617096018735363,0.0,0.9395333333333332,0.0,,0.5086,0.5086,1.0,0.6742675328118786,0.6974303722381592,0.0,0.0,0.6974303722381592,0.5086,0.0
imdb,noniid,20,107,1,17,0.684536,0.0,0.617096018735363,0.0,0.9395333333333332,0.0,,0.5086,0.5086,1.0,0.6742675328118786,0.6974303722381592,0.0,0.0,0.6974303722381592,0.5086,0.0
imdb,noniid,20,107,1,18,0.684536,0.0,0.617096018735363,0.0,0.9395333333333332,0.0,,0.5086,0.5086,1.0,0.6742675328118786,0.6974303722381592,0.0,0.0,0.6974303722381592,0.5086,0.0
imdb,noniid,20,107,1,19,0.684536,0.0,0.617096018735363,0.0,0.9395333333333332,0.0,,0.5086,0.5086,1.0,0.6742675328118786,0.6974303722381592,0.0,0.0015927710843373,0.6974303722381592,0.5086,0.0015927710843373
imdb,noniid,20,107,2,0,0.641804,0.0,0.5320996978851964,0.0,0.8816000000000002,0.0,,0.5086,0.5086,1.0,0.6742675328118786,0.7155075669288635,0.0,0.0,0.7155075669288635,0.5086,0.0
imdb,noniid,20,107,2,1,0.641804,0.0,0.5320996978851964,0.0,0.8816000000000002,0.0,,0.5086,0.5086,1.0,0.6742675328118786,0.7155075669288635,0.0,0.0,0.7155075669288635,0.5086,0.0
imdb,noniid,20,107,2,2,0.641804,0.0,0.5320996978851964,0.0,0.8816000000000002,0.0,,0.5086,0.5086,1.0,0.6742675328118786,0.7155075669288635,0.0,0.0,0.7155075669288635,0.5086,0.0
imdb,noniid,20,107,2,3,0.641804,0.0,0.5320996978851964,0.0,0.8816000000000002,0.0,,0.5086,0.5086,1.0,0.6742675328118786,0.7155075669288635,0.0,0.0,0.7155075669288635,0.5086,0.0
imdb,noniid,20,107,2,4,0.641804,0.0,0.5320996978851964,0.0,0.8816000000000002,0.0,,0.5086,0.5086,1.0,0.6742675328118786,0.7155075669288635,0.0,0.0,0.7155075669288635,0.5086,0.0
imdb,noniid,20,107,2,5,0.641804,0.0,0.5320996978851964,0.0,0.8816000000000002,0.0,,0.5086,0.5086,1.0,0.6742675328118786,0.7155075669288635,0.0,0.0,0.7155075669288635,0.5086,0.0
imdb,noniid,20,107,2,6,0.641804,0.0,0.5320996978851964,0.0,0.8816000000000002,0.0,,0.5086,0.5086,1.0,0.6742675328118786,0.7155075669288635,0.0,0.0,0.7155075669288635,0.5086,0.0
imdb,noniid,20,107,2,7,0.641804,0.0,0.5320996978851964,0.0,0.8816000000000002,0.0,,0.5086,0.5086,1.0,0.6742675328118786,0.7155075669288635,0.0,0.0,0.7155075669288635,0.5086,0.0
imdb,noniid,20,107,2,8,0.641804,0.0,0.5320996978851964,0.0,0.8816000000000002,0.0,,0.5086,0.5086,1.0,0.6742675328118786,0.7155075669288635,0.0,0.0,0.7155075669288635,0.5086,0.0
imdb,noniid,20,107,2,9,0.641804,0.0,0.5320996978851964,0.0,0.8816000000000002,0.0,,0.5086,0.5086,1.0,0.6742675328118786,0.7155075669288635,0.0,0.0,0.7155075669288635,0.5086,0.0
imdb,noniid,20,107,2,10,0.641804,0.0,0.5320996978851964,0.0,0.8816000000000002,0.0,,0.5086,0.5086,1.0,0.6742675328118786,0.7155075669288635,0.0,0.0,0.7155075669288635,0.5086,0.0
imdb,noniid,20,107,2,11,0.641804,0.0422177999999999,0.5320996978851964,0.0892457648134283,0.8816000000000002,0.0,,0.5086,0.5086,1.0,0.6742675328118786,0.7155075669288635,0.0,0.0,0.7155075669288635,0.5086,0.0
imdb,noniid,20,107,2,12,0.641804,0.0,0.5320996978851964,0.0,0.8816000000000002,0.0,,0.5086,0.5086,1.0,0.6742675328118786,0.7155075669288635,0.0,0.0,0.7155075669288635,0.5086,0.0
imdb,noniid,20,107,2,13,0.641804,0.0,0.5320996978851964,0.0,0.8816000000000002,0.0,,0.5086,0.5086,1.0,0.6742675328118786,0.7155075669288635,0.0,0.0,0.7155075669288635,0.5086,0.0
imdb,noniid,20,107,2,14,0.641804,0.0,0.5320996978851964,0.0,0.8816000000000002,0.0,,0.5086,0.5086,1.0,0.6742675328118786,0.7155075669288635,-0.0008316189050674,0.0,0.7155075669288635,0.5086,0.0
imdb,noniid,20,107,2,15,0.641804,0.0,0.5320996978851964,0.0,0.8816000000000002,0.0,,0.5086,0.5086,1.0,0.6742675328118786,0.7155075669288635,0.0,0.0,0.7155075669288635,0.5086,0.0
imdb,noniid,20,107,2,16,0.641804,0.0,0.5320996978851964,0.0,0.8816000000000002,0.0,,0.5086,0.5086,1.0,0.6742675328118786,0.7155075669288635,0.0,0.0,0.7155075669288635,0.5086,0.0
imdb,noniid,20,107,2,17,0.641804,0.0,0.5320996978851964,0.0,0.8816000000000002,0.0,,0.5086,0.5086,1.0,0.6742675328118786,0.7155075669288635,0.0,0.0,0.7155075669288635,0.5086,0.0
imdb,noniid,20,107,2,18,0.641804,0.0,0.5320996978851964,0.0,0.8816000000000002,0.0,,0.5086,0.5086,1.0,0.6742675328118786,0.7155075669288635,0.0,0.0,0.7155075669288635,0.5086,0.0
imdb,noniid,20,107,2,19,0.641804,0.0,0.5320996978851964,0.0,0.8816000000000002,0.0,,0.5086,0.5086,1.0,0.6742675328118786,0.7155075669288635,0.0,0.0,0.7155075669288635,0.5086,0.0
imdb,noniid,20,107,3,0,0.607094,0.0,0.4708650018096272,0.0,0.9117777777777776,0.0,,0.5086,0.5086,1.0,0.6742675328118786,0.7287713885307312,0.0,0.0,0.7287713885307312,0.5086,0.0
imdb,noniid,20,107,3,1,0.607094,0.0,0.4708650018096272,0.0,0.9117777777777776,0.0,,0.5086,0.5086,1.0,0.6742675328118786,0.7287713885307312,0.0,0.0,0.7287713885307312,0.5086,0.0
imdb,noniid,20,107,3,2,0.607094,0.0,0.4708650018096272,0.0,0.9117777777777776,0.0,,0.5086,0.5086,1.0,0.6742675328118786,0.7287713885307312,0.0,0.0,0.7287713885307312,0.5086,0.0
imdb,noniid,20,107,3,3,0.607094,0.0,0.4708650018096272,0.0,0.9117777777777776,0.0,,0.5086,0.5086,1.0,0.6742675328118786,0.7287713885307312,0.0,0.0,0.7287713885307312,0.5086,0.0
imdb,noniid,20,107,3,4,0.607094,0.0,0.4708650018096272,0.0,0.9117777777777776,0.0,,0.5086,0.5086,1.0,0.6742675328118786,0.7287713885307312,0.0,0.0,0.7287713885307312,0.5086,0.0
imdb,noniid,20,107,3,5,0.607094,0.0,0.4708650018096272,0.0,0.9117777777777776,0.0,,0.5086,0.5086,1.0,0.6742675328118786,0.7287713885307312,0.0,0.0,0.7287713885307312,0.5086,0.0
imdb,noniid,20,107,3,6,0.607094,0.0,0.4708650018096272,0.0,0.9117777777777776,0.0,,0.5086,0.5086,1.0,0.6742675328118786,0.7287713885307312,0.0,0.0,0.7287713885307312,0.5086,0.0
imdb,noniid,20,107,3,7,0.607094,0.0,0.4708650018096272,0.0,0.9117777777777776,0.0,,0.5086,0.5086,1.0,0.6742675328118786,0.7287713885307312,0.0,0.0,0.7287713885307312,0.5086,0.0
imdb,noniid,20,107,3,8,0.607094,0.0,0.4708650018096272,0.0,0.9117777777777776,0.0,,0.5086,0.5086,1.0,0.6742675328118786,0.7287713885307312,0.0,0.0,0.7287713885307312,0.5086,0.0
imdb,noniid,20,107,3,9,0.607094,0.0,0.4708650018096272,0.0,0.9117777777777776,0.0,,0.5086,0.5086,1.0,0.6742675328118786,0.7287713885307312,0.0,0.0,0.7287713885307312,0.5086,0.0
imdb,noniid,20,107,3,10,0.607094,0.0,0.4708650018096272,0.0,0.9117777777777776,0.0,,0.5086,0.5086,1.0,0.6742675328118786,0.7287713885307312,0.0,0.0,0.7287713885307312,0.5086,0.0
imdb,noniid,20,107,3,11,0.607094,0.0457533333333333,0.4708650018096272,0.0,0.9117777777777776,0.0,,0.5086,0.5086,1.0,0.6742675328118786,0.7287713885307312,0.0,0.0,0.7287713885307312,0.5086,0.0
imdb,noniid,20,107,3,12,0.607094,0.0,0.4708650018096272,0.0,0.9117777777777776,0.0,,0.5086,0.5086,1.0,0.6742675328118786,0.7287713885307312,0.0,0.0,0.7287713885307312,0.5086,0.0
imdb,noniid,20,107,3,13,0.607094,0.0,0.4708650018096272,0.0,0.9117777777777776,0.0,,0.5086,0.5086,1.0,0.6742675328118786,0.7287713885307312,0.0,0.0,0.7287713885307312,0.5086,0.0
imdb,noniid,20,107,3,14,0.607094,0.0,0.4708650018096272,0.0,0.9117777777777776,0.0,,0.5086,0.5086,1.0,0.6742675328118786,0.7287713885307312,-0.0005590635030258,0.0,0.7287713885307312,0.5086,0.0
imdb,noniid,20,107,3,15,0.607094,0.0,0.4708650018096272,0.0,0.9117777777777776,0.0,,0.5086,0.5086,1.0,0.6742675328118786,0.7287713885307312,0.0,0.0,0.7287713885307312,0.5086,0.0
imdb,noniid,20,107,3,16,0.607094,0.0,0.4708650018096272,0.0,0.9117777777777776,0.0,,0.5086,0.5086,1.0,0.6742675328118786,0.7287713885307312,0.0,0.0,0.7287713885307312,0.5086,0.0
imdb,noniid,20,107,3,17,0.607094,0.0,0.4708650018096272,0.0,0.9117777777777776,0.0,,0.5086,0.5086,1.0,0.6742675328118786,0.7287713885307312,0.0,0.0,0.7287713885307312,0.5086,0.0
imdb,noniid,20,107,3,18,0.607094,0.0,0.4708650018096272,0.0,0.9117777777777776,0.0,,0.5086,0.5086,1.0,0.6742675328118786,0.7287713885307312,0.0,0.0,0.7287713885307312,0.5086,0.0
imdb,noniid,20,107,3,19,0.607094,0.0,0.4708650018096272,0.0,0.9117777777777776,0.0,,0.5086,0.5086,1.0,0.6742675328118786,0.7287713885307312,0.0,0.0,0.7287713885307312,0.5086,0.0
imdb,noniid,20,107,4,0,0.5911139999999999,0.0,0.4337792642140468,0.0,0.8660444444444444,0.0,,0.5086,0.5086,1.0,0.6742675328118786,0.7319552898406982,0.0,0.0,0.7319552898406982,0.5086,0.0
imdb,noniid,20,107,4,1,0.5911139999999999,0.0,0.4337792642140468,0.0,0.8660444444444444,0.0,,0.5086,0.5086,1.0,0.6742675328118786,0.7319552898406982,0.0,0.0,0.7319552898406982,0.5086,0.0
imdb,noniid,20,107,4,2,0.5911139999999999,0.0,0.4337792642140468,0.0,0.8660444444444444,0.0,,0.5086,0.5086,1.0,0.6742675328118786,0.7319552898406982,0.0,0.0,0.7319552898406982,0.5086,0.0
imdb,noniid,20,107,4,3,0.5911139999999999,0.0,0.4337792642140468,0.0,0.8660444444444444,0.0,,0.5086,0.5086,1.0,0.6742675328118786,0.7319552898406982,0.0,0.0,0.7319552898406982,0.5086,0.0
imdb,noniid,20,107,4,4,0.5911139999999999,0.0,0.4337792642140468,0.0,0.8660444444444444,0.0,,0.5086,0.5086,1.0,0.6742675328118786,0.7319552898406982,0.0,0.0,0.7319552898406982,0.5086,0.0
imdb,noniid,20,107,4,5,0.5911139999999999,0.0,0.4337792642140468,0.0,0.8660444444444444,0.0,,0.5086,0.5086,1.0,0.6742675328118786,0.7319552898406982,0.0,0.0,0.7319552898406982,0.5086,0.0
imdb,noniid,20,107,4,6,0.5911139999999999,0.0,0.4337792642140468,0.0,0.8660444444444444,0.0,,0.5086,0.5086,1.0,0.6742675328118786,0.7319552898406982,0.0,0.0,0.7319552898406982,0.5086,0.0
imdb,noniid,20,107,4,7,0.5911139999999999,0.0,0.4337792642140468,0.0,0.8660444444444444,0.0,,0.5086,0.5086,1.0,0.6742675328118786,0.7319552898406982,0.0,0.0,0.7319552898406982,0.5086,0.0
imdb,noniid,20,107,4,8,0.5911139999999999,0.0,0.4337792642140468,0.0,0.8660444444444444,0.0,,0.5086,0.5086,1.0,0.6742675328118786,0.7319552898406982,0.0,0.0,0.7319552898406982,0.5086,0.0
imdb,noniid,20,107,4,9,0.5911139999999999,0.0,0.4337792642140468,0.0,0.8660444444444444,0.0,,0.5086,0.5086,1.0,0.6742675328118786,0.7319552898406982,0.0,0.0,0.7319552898406982,0.5086,0.0
imdb,noniid,20,107,4,10,0.5911139999999999,0.0,0.4337792642140468,0.0,0.8660444444444444,0.0,,0.5086,0.5086,1.0,0.6742675328118786,0.7319552898406982,-0.001631386407459,0.0,0.7319552898406982,0.5086,0.0
imdb,noniid,20,107,4,11,0.5911139999999999,0.0152853333333333,0.4337792642140468,0.054433685022587,0.8660444444444444,0.0,,0.5086,0.5086,1.0,0.6742675328118786,0.7319552898406982,0.0,0.0,0.7319552898406982,0.5086,0.0
imdb,noniid,20,107,4,12,0.5911139999999999,0.0,0.4337792642140468,0.0,0.8660444444444444,0.0,,0.5086,0.5086,1.0,0.6742675328118786,0.7319552898406982,0.0,0.0,0.7319552898406982,0.5086,0.0
imdb,noniid,20,107,4,13,0.5911139999999999,0.0,0.4337792642140468,0.0,0.8660444444444444,0.0,,0.5086,0.5086,1.0,0.6742675328118786,0.7319552898406982,0.0,0.0,0.7319552898406982,0.5086,0.0
imdb,noniid,20,107,4,14,0.5911139999999999,0.0,0.4337792642140468,0.0,0.8660444444444444,0.0,,0.5086,0.5086,1.0,0.6742675328118786,0.7319552898406982,0.0,0.0,0.7319552898406982,0.5086,0.0
imdb,noniid,20,107,4,15,0.5911139999999999,0.0,0.4337792642140468,0.0,0.8660444444444444,0.0,,0.5086,0.5086,1.0,0.6742675328118786,0.7319552898406982,0.0,0.0,0.7319552898406982,0.5086,0.0
imdb,noniid,20,107,4,16,0.5911139999999999,0.0,0.4337792642140468,0.0,0.8660444444444444,0.0,,0.5086,0.5086,1.0,0.6742675328118786,0.7319552898406982,0.0,0.0,0.7319552898406982,0.5086,0.0
imdb,noniid,20,107,4,17,0.5911139999999999,0.0,0.4337792642140468,0.0,0.8660444444444444,0.0,,0.5086,0.5086,1.0,0.6742675328118786,0.7319552898406982,0.0,0.0,0.7319552898406982,0.5086,0.0
imdb,noniid,20,107,4,18,0.5911139999999999,0.0,0.4337792642140468,0.0,0.8660444444444444,0.0,,0.5086,0.5086,1.0,0.6742675328118786,0.7319552898406982,0.0,0.0,0.7319552898406982,0.5086,0.0
imdb,noniid,20,107,4,19,0.5911139999999999,0.0,0.4337792642140468,0.0,0.8660444444444444,0.0,,0.5086,0.5086,1.0,0.6742675328118786,0.7319552898406982,0.0,0.0,0.7319552898406982,0.5086,0.0
imdb,noniid,20,107,5,0,0.591294,0.0,0.4352529430480433,0.0,0.8574777777777778,0.0,,0.5086,0.5086,1.0,0.6742675328118786,0.7250475287437439,0.0,0.0,0.7250475287437439,0.5086,0.0
imdb,noniid,20,107,5,1,0.591294,0.0,0.4352529430480433,0.0,0.8574777777777778,0.0,,0.5086,0.5086,1.0,0.6742675328118786,0.7250475287437439,0.0,0.0,0.7250475287437439,0.5086,0.0
imdb,noniid,20,107,5,2,0.591294,0.0,0.4352529430480433,0.0,0.8574777777777778,0.0,,0.5086,0.5086,1.0,0.6742675328118786,0.7250475287437439,0.0,0.0,0.7250475287437439,0.5086,0.0
imdb,noniid,20,107,5,3,0.591294,0.0,0.4352529430480433,0.0,0.8574777777777778,0.0,,0.5086,0.5086,1.0,0.6742675328118786,0.7250475287437439,0.0,0.0,0.7250475287437439,0.5086,0.0
imdb,noniid,20,107,5,4,0.591294,0.0,0.4352529430480433,0.0,0.8574777777777778,0.0,,0.5086,0.5086,1.0,0.6742675328118786,0.7250475287437439,0.0,0.0,0.7250475287437439,0.5086,0.0
imdb,noniid,20,107,5,5,0.591294,0.0,0.4352529430480433,0.0,0.8574777777777778,0.0,,0.5086,0.5086,1.0,0.6742675328118786,0.7250475287437439,0.0,0.0,0.7250475287437439,0.5086,0.0
imdb,noniid,20,107,5,6,0.591294,0.0,0.4352529430480433,0.0,0.8574777777777778,0.0,,0.5086,0.5086,1.0,0.6742675328118786,0.7250475287437439,0.0,0.0,0.7250475287437439,0.5086,0.0
imdb,noniid,20,107,5,7,0.591294,0.0158525333333333,0.4352529430480433,0.0375894753299307,0.8574777777777778,0.0002518518518518,,0.5086,0.5086,1.0,0.6742675328118786,0.7250475287437439,0.0,0.0,0.7250475287437439,0.5086,0.0
imdb,noniid,20,107,5,8,0.591294,0.0,0.4352529430480433,0.0,0.8574777777777778,0.0,,0.5086,0.5086,1.0,0.6742675328118786,0.7250475287437439,0.0,0.0,0.7250475287437439,0.5086,0.0
imdb,noniid,20,107,5,9,0.591294,0.0,0.4352529430480433,0.0,0.8574777777777778,0.0,,0.5086,0.5086,1.0,0.6742675328118786,0.7250475287437439,0.0,0.0,0.7250475287437439,0.5086,0.0
imdb,noniid,20,107,5,10,0.591294,0.0,0.4352529430480433,0.0,0.8574777777777778,0.0,,0.5086,0.5086,1.0,0.6742675328118786,0.7250475287437439,-0.0032186911219642,0.0,0.7250475287437439,0.5086,0.0
imdb,noniid,20,107,5,11,0.591294,0.0,0.4352529430480433,0.0,0.8574777777777778,0.0,,0.5086,0.5086,1.0,0.6742675328118786,0.7250475287437439,0.0,0.0,0.7250475287437439,0.5086,0.0
imdb,noniid,20,107,5,12,0.591294,0.0,0.4352529430480433,0.0,0.8574777777777778,0.0,,0.5086,0.5086,1.0,0.6742675328118786,0.7250475287437439,0.0,0.0,0.7250475287437439,0.5086,0.0
imdb,noniid,20,107,5,13,0.591294,0.0,0.4352529430480433,0.0,0.8574777777777778,0.0,,0.5086,0.5086,1.0,0.6742675328118786,0.7250475287437439,0.0,0.0,0.7250475287437439,0.5086,0.0
imdb,noniid,20,107,5,14,0.591294,0.0,0.4352529430480433,0.0,0.8574777777777778,0.0,,0.5086,0.5086,1.0,0.6742675328118786,0.7250475287437439,0.0,0.0,0.7250475287437439,0.5086,0.0
imdb,noniid,20,107,5,15,0.591294,0.0,0.4352529430480433,0.0,0.8574777777777778,0.0,,0.5086,0.5086,1.0,0.6742675328118786,0.7250475287437439,0.0,0.0,0.7250475287437439,0.5086,0.0
imdb,noniid,20,107,5,16,0.591294,0.0,0.4352529430480433,0.0,0.8574777777777778,0.0,,0.5086,0.5086,1.0,0.6742675328118786,0.7250475287437439,0.0,0.0,0.7250475287437439,0.5086,0.0
imdb,noniid,20,107,5,17,0.591294,0.0,0.4352529430480433,0.0,0.8574777777777778,0.0,,0.5086,0.5086,1.0,0.6742675328118786,0.7250475287437439,0.0,0.0,0.7250475287437439,0.5086,0.0
imdb,noniid,20,107,5,18,0.591294,0.0,0.4352529430480433,0.0,0.8574777777777778,0.0,,0.5086,0.5086,1.0,0.6742675328118786,0.7250475287437439,0.0,0.0,0.7250475287437439,0.5086,0.0
imdb,noniid,20,107,5,19,0.591294,0.0,0.4352529430480433,0.0,0.8574777777777778,0.0,,0.5086,0.5086,1.0,0.6742675328118786,0.7250475287437439,0.0,0.0,0.7250475287437439,0.5086,0.0
imdb,noniid,20,107,6,0,0.60485,0.0,0.4972101673899566,0.0,0.9690777777777776,0.0,,0.509,0.5088035214085634,1.0,0.6744463598992176,0.7094141840934753,0.0,0.0,0.7094141840934753,0.509,0.0
imdb,noniid,20,107,6,1,0.60485,0.0,0.4972101673899566,0.0,0.9690777777777776,0.0,,0.509,0.5088035214085634,1.0,0.6744463598992176,0.7094141840934753,0.0,0.0,0.7094141840934753,0.509,0.0
imdb,noniid,20,107,6,2,0.60485,0.0,0.4972101673899566,0.0,0.9690777777777776,-0.009937037037037,,0.509,0.5088035214085634,1.0,0.6744463598992176,0.7094141840934753,0.0,0.0,0.7094141840934753,0.509,0.0
imdb,noniid,20,107,6,3,0.60485,0.0,0.4972101673899566,0.0,0.9690777777777776,0.0,,0.509,0.5088035214085634,1.0,0.6744463598992176,0.7094141840934753,0.0,0.0,0.7094141840934753,0.509,0.0
imdb,noniid,20,107,6,4,0.60485,0.0,0.4972101673899566,0.0,0.9690777777777776,0.008407037037037,,0.509,0.5088035214085634,1.0,0.6744463598992176,0.7094141840934753,0.0,0.0,0.7094141840934753,0.509,0.0
imdb,noniid,20,107,6,5,0.60485,0.0,0.4972101673899566,0.0,0.9690777777777776,0.0,,0.509,0.5088035214085634,1.0,0.6744463598992176,0.7094141840934753,0.0,0.0,0.7094141840934753,0.509,0.0
imdb,noniid,20,107,6,6,0.60485,0.0,0.4972101673899566,0.0,0.9690777777777776,0.0,,0.509,0.5088035214085634,1.0,0.6744463598992176,0.7094141840934753,0.0,0.0,0.7094141840934753,0.509,0.0
imdb,noniid,20,107,6,7,0.60485,0.0199179333333333,0.4972101673899566,0.0320138864088005,0.9690777777777776,0.0,,0.509,0.5088035214085634,1.0,0.6744463598992176,0.7094141840934753,0.0,0.0,0.7094141840934753,0.509,0.0
imdb,noniid,20,107,6,8,0.60485,0.0,0.4972101673899566,0.0,0.9690777777777776,0.0,,0.509,0.5088035214085634,1.0,0.6744463598992176,0.7094141840934753,0.0,0.0,0.7094141840934753,0.509,0.0
imdb,noniid,20,107,6,9,0.60485,0.0,0.4972101673899566,0.0,0.9690777777777776,0.0,,0.509,0.5088035214085634,1.0,0.6744463598992176,0.7094141840934753,0.0,0.0,0.7094141840934753,0.509,0.0
imdb,noniid,20,107,6,10,0.60485,0.0,0.4972101673899566,0.0,0.9690777777777776,0.0,,0.509,0.5088035214085634,1.0,0.6744463598992176,0.7094141840934753,-0.0044049234493919,0.0,0.7094141840934753,0.509,0.0
imdb,noniid,20,107,6,11,0.60485,0.0,0.4972101673899566,0.0,0.9690777777777776,0.0,,0.509,0.5088035214085634,1.0,0.6744463598992176,0.7094141840934753,0.0,0.0,0.7094141840934753,0.509,0.0
imdb,noniid,20,107,6,12,0.60485,0.0,0.4972101673899566,0.0,0.9690777777777776,0.0,,0.509,0.5088035214085634,1.0,0.6744463598992176,0.7094141840934753,0.0,0.0,0.7094141840934753,0.509,0.0
imdb,noniid,20,107,6,13,0.60485,0.0,0.4972101673899566,0.0,0.9690777777777776,0.0,,0.509,0.5088035214085634,1.0,0.6744463598992176,0.7094141840934753,0.0,0.0,0.7094141840934753,0.509,0.0
imdb,noniid,20,107,6,14,0.60485,0.0,0.4972101673899566,0.0,0.9690777777777776,0.0,,0.509,0.5088035214085634,1.0,0.6744463598992176,0.7094141840934753,0.0,0.0,0.7094141840934753,0.509,0.0
imdb,noniid,20,107,6,15,0.60485,0.0,0.4972101673899566,0.0,0.9690777777777776,0.0,,0.509,0.5088035214085634,1.0,0.6744463598992176,0.7094141840934753,0.0,0.0,0.7094141840934753,0.509,0.0
imdb,noniid,20,107,6,16,0.60485,0.0,0.4972101673899566,0.0,0.9690777777777776,0.0,,0.509,0.5088035214085634,1.0,0.6744463598992176,0.7094141840934753,0.0,0.0,0.7094141840934753,0.509,0.0
imdb,noniid,20,107,6,17,0.60485,0.0,0.4972101673899566,0.0,0.9690777777777776,0.0,,0.509,0.5088035214085634,1.0,0.6744463598992176,0.7094141840934753,0.0,0.0,0.7094141840934753,0.509,0.0
imdb,noniid,20,107,6,18,0.60485,0.0,0.4972101673899566,0.0,0.9690777777777776,0.0,,0.509,0.5088035214085634,1.0,0.6744463598992176,0.7094141840934753,0.0,0.0,0.7094141840934753,0.509,0.0
imdb,noniid,20,107,6,19,0.60485,0.0,0.4972101673899566,0.0,0.9690777777777776,0.0,,0.509,0.5088035214085634,1.0,0.6744463598992176,0.7094141840934753,0.0,0.0,0.7094141840934753,0.509,0.0
imdb,noniid,20,107,7,0,0.629778,0.0,0.5582255083179297,0.0,0.9106444444444444,0.0,,0.514,0.5113750754982888,0.998820290994888,0.6764314247669774,0.6867436766624451,0.0,0.0,0.6867436766624451,0.514,0.0
imdb,noniid,20,107,7,1,0.629778,0.0,0.5582255083179297,0.0,0.9106444444444444,0.0,,0.514,0.5113750754982888,0.998820290994888,0.6764314247669774,0.6867436766624451,0.0,0.0,0.6867436766624451,0.514,0.0
imdb,noniid,20,107,7,2,0.629778,0.0,0.5582255083179297,0.0,0.9106444444444444,0.0,,0.514,0.5113750754982888,0.998820290994888,0.6764314247669774,0.6867436766624451,0.0,0.0,0.6867436766624451,0.514,0.0
imdb,noniid,20,107,7,3,0.629778,0.0,0.5582255083179297,0.0,0.9106444444444444,-0.00183,,0.514,0.5113750754982888,0.998820290994888,0.6764314247669774,0.6867436766624451,0.0,0.0,0.6867436766624451,0.514,0.0
imdb,noniid,20,107,7,4,0.629778,0.0,0.5582255083179297,0.0,0.9106444444444444,-0.0026181481481481,,0.514,0.5113750754982888,0.998820290994888,0.6764314247669774,0.6867436766624451,0.0,0.0,0.6867436766624451,0.514,0.0
imdb,noniid,20,107,7,5,0.629778,0.0,0.5582255083179297,0.0,0.9106444444444444,0.0,,0.514,0.5113750754982888,0.998820290994888,0.6764314247669774,0.6867436766624451,0.0,0.0,0.6867436766624451,0.514,0.0
imdb,noniid,20,107,7,6,0.629778,0.0,0.5582255083179297,0.0,0.9106444444444444,0.0,,0.514,0.5113750754982888,0.998820290994888,0.6764314247669774,0.6867436766624451,0.0,0.0,0.6867436766624451,0.514,0.0
imdb,noniid,20,107,7,7,0.629778,0.0323472666666666,0.5582255083179297,0.0989997442076863,0.9106444444444444,0.0,,0.514,0.5113750754982888,0.998820290994888,0.6764314247669774,0.6867436766624451,0.0,0.0,0.6867436766624451,0.514,0.0
imdb,noniid,20,107,7,8,0.629778,0.0,0.5582255083179297,0.0,0.9106444444444444,0.0,,0.514,0.5113750754982888,0.998820290994888,0.6764314247669774,0.6867436766624451,0.0,0.0,0.6867436766624451,0.514,0.0
imdb,noniid,20,107,7,9,0.629778,0.0,0.5582255083179297,0.0,0.9106444444444444,0.000547037037037,,0.514,0.5113750754982888,0.998820290994888,0.6764314247669774,0.6867436766624451,0.0,0.0,0.6867436766624451,0.514,0.0
imdb,noniid,20,107,7,10,0.629778,0.0,0.5582255083179297,0.0,0.9106444444444444,0.0,,0.514,0.5113750754982888,0.998820290994888,0.6764314247669774,0.6867436766624451,-0.0056268774327777,0.0035639575971731,0.6867436766624451,0.514,0.0035639575971731
imdb,noniid,20,107,7,11,0.629778,0.0,0.5582255083179297,0.0,0.9106444444444444,0.0,,0.514,0.5113750754982888,0.998820290994888,0.6764314247669774,0.6867436766624451,0.0,0.0,0.6867436766624451,0.514,0.0
imdb,noniid,20,107,7,12,0.629778,0.0,0.5582255083179297,0.0,0.9106444444444444,0.0,,0.514,0.5113750754982888,0.998820290994888,0.6764314247669774,0.6867436766624451,0.0,0.0,0.6867436766624451,0.514,0.0
imdb,noniid,20,107,7,13,0.629778,0.0,0.5582255083179297,0.0,0.9106444444444444,0.0002748148148147,,0.514,0.5113750754982888,0.998820290994888,0.6764314247669774,0.6867436766624451,0.0,0.0,0.6867436766624451,0.514,0.0
imdb,noniid,20,107,7,14,0.629778,0.0,0.5582255083179297,0.0,0.9106444444444444,0.0,,0.514,0.5113750754982888,0.998820290994888,0.6764314247669774,0.6867436766624451,0.0,0.0,0.6867436766624451,0.514,0.0
imdb,noniid,20,107,7,15,0.629778,0.0,0.5582255083179297,0.0,0.9106444444444444,-0.002601111111111,,0.514,0.5113750754982888,0.998820290994888,0.6764314247669774,0.6867436766624451,0.0,0.0,0.6867436766624451,0.514,0.0
imdb,noniid,20,107,7,16,0.629778,0.0,0.5582255083179297,0.0,0.9106444444444444,0.0,,0.514,0.5113750754982888,0.998820290994888,0.6764314247669774,0.6867436766624451,0.0,0.0,0.6867436766624451,0.514,0.0
imdb,noniid,20,107,7,17,0.629778,0.0,0.5582255083179297,0.0,0.9106444444444444,0.0,,0.514,0.5113750754982888,0.998820290994888,0.6764314247669774,0.6867436766624451,0.0,0.0,0.6867436766624451,0.514,0.0
imdb,noniid,20,107,7,18,0.629778,0.0,0.5582255083179297,0.0,0.9106444444444444,0.0,,0.514,0.5113750754982888,0.998820290994888,0.6764314247669774,0.6867436766624451,0.0,0.0,0.6867436766624451,0.514,0.0
imdb,noniid,20,107,7,19,0.629778,0.0,0.5582255083179297,0.0,0.9106444444444444,-0.0029844444444444,,0.514,0.5113750754982888,0.998820290994888,0.6764314247669774,0.6867436766624451,0.0,0.0,0.6867436766624451,0.514,0.0
imdb,noniid,20,107,8,0,0.656756,0.0,0.6325320012488292,0.0,0.859977777777778,0.0,,0.5496,0.5306897279055052,0.9893826189539914,0.6908292147171884,0.659218430519104,0.0,0.0,0.659218430519104,0.5496,0.0
imdb,noniid,20,107,8,1,0.656756,0.0,0.6325320012488292,0.0,0.859977777777778,0.0,,0.5496,0.5306897279055052,0.9893826189539914,0.6908292147171884,0.659218430519104,0.0,0.0,0.659218430519104,0.5496,0.0
imdb,noniid,20,107,8,2,0.656756,0.0,0.6325320012488292,0.0,0.859977777777778,0.0,,0.5496,0.5306897279055052,0.9893826189539914,0.6908292147171884,0.659218430519104,0.0,0.0,0.659218430519104,0.5496,0.0
imdb,noniid,20,107,8,3,0.656756,0.0,0.6325320012488292,0.0,0.859977777777778,0.0,,0.5496,0.5306897279055052,0.9893826189539914,0.6908292147171884,0.659218430519104,0.0,0.0,0.659218430519104,0.5496,0.0
imdb,noniid,20,107,8,4,0.656756,0.0,0.6325320012488292,0.0,0.859977777777778,0.0,,0.5496,0.5306897279055052,0.9893826189539914,0.6908292147171884,0.659218430519104,0.0,0.0,0.659218430519104,0.5496,0.0
imdb,noniid,20,107,8,5,0.656756,0.0,0.6325320012488292,0.0,0.859977777777778,0.0,,0.5496,0.5306897279055052,0.9893826189539914,0.6908292147171884,0.659218430519104,0.0,0.0,0.659218430519104,0.5496,0.0
imdb,noniid,20,107,8,6,0.656756,0.0,0.6325320012488292,0.0,0.859977777777778,0.0,,0.5496,0.5306897279055052,0.9893826189539914,0.6908292147171884,0.659218430519104,0.0,0.0,0.659218430519104,0.5496,0.0
imdb,noniid,20,107,8,7,0.656756,0.0582944,0.6325320012488292,0.1026550849569104,0.859977777777778,0.0,,0.5496,0.5306897279055052,0.9893826189539914,0.6908292147171884,0.659218430519104,0.0,0.0,0.659218430519104,0.5496,0.0
imdb,noniid,20,107,8,8,0.656756,0.0,0.6325320012488292,0.0,0.859977777777778,0.0,,0.5496,0.5306897279055052,0.9893826189539914,0.6908292147171884,0.659218430519104,0.0,0.0,0.659218430519104,0.5496,0.0
imdb,noniid,20,107,8,9,0.656756,0.0,0.6325320012488292,0.0,0.859977777777778,0.0,,0.5496,0.5306897279055052,0.9893826189539914,0.6908292147171884,0.659218430519104,0.0,0.0,0.659218430519104,0.5496,0.0
imdb,noniid,20,107,8,10,0.656756,0.0,0.6325320012488292,0.0,0.859977777777778,0.0,,0.5496,0.5306897279055052,0.9893826189539914,0.6908292147171884,0.659218430519104,-0.006212295952791,0.0101415841584158,0.659218430519104,0.5496,0.0101415841584158
imdb,noniid,20,107,8,11,0.656756,0.0,0.6325320012488292,0.0,0.859977777777778,0.0065099999999999,,0.5496,0.5306897279055052,0.9893826189539914,0.6908292147171884,0.659218430519104,0.0,0.0,0.659218430519104,0.5496,0.0
imdb,noniid,20,107,8,12,0.656756,0.0,0.6325320012488292,0.0,0.859977777777778,0.0,,0.5496,0.5306897279055052,0.9893826189539914,0.6908292147171884,0.659218430519104,0.0,0.0,0.659218430519104,0.5496,0.0
imdb,noniid,20,107,8,13,0.656756,0.0,0.6325320012488292,0.0,0.859977777777778,0.0,,0.5496,0.5306897279055052,0.9893826189539914,0.6908292147171884,0.659218430519104,0.0,0.0,0.659218430519104,0.5496,0.0
imdb,noniid,20,107,8,14,0.656756,0.0,0.6325320012488292,0.0,0.859977777777778,0.0,,0.5496,0.5306897279055052,0.9893826189539914,0.6908292147171884,0.659218430519104,0.0,0.0,0.659218430519104,0.5496,0.0
imdb,noniid,20,107,8,15,0.656756,0.0,0.6325320012488292,0.0,0.859977777777778,0.0,,0.5496,0.5306897279055052,0.9893826189539914,0.6908292147171884,0.659218430519104,0.0,0.0,0.659218430519104,0.5496,0.0
imdb,noniid,20,107,8,16,0.656756,0.0,0.6325320012488292,0.0,0.859977777777778,0.0,,0.5496,0.5306897279055052,0.9893826189539914,0.6908292147171884,0.659218430519104,0.0,0.0,0.659218430519104,0.5496,0.0
imdb,noniid,20,107,8,17,0.656756,0.0,0.6325320012488292,0.0,0.859977777777778,0.0,,0.5496,0.5306897279055052,0.9893826189539914,0.6908292147171884,0.659218430519104,0.0,0.0,0.659218430519104,0.5496,0.0
imdb,noniid,20,107,8,18,0.656756,0.0,0.6325320012488292,0.0,0.859977777777778,0.0,,0.5496,0.5306897279055052,0.9893826189539914,0.6908292147171884,0.659218430519104,0.0,0.0,0.659218430519104,0.5496,0.0
imdb,noniid,20,107,8,19,0.656756,0.0,0.6325320012488292,0.0,0.859977777777778,0.0,,0.5496,0.5306897279055052,0.9893826189539914,0.6908292147171884,0.659218430519104,0.0,0.0,0.659218430519104,0.5496,0.0
imdb,noniid,20,107,9,0,0.684574,0.0,0.6987874920229739,0.0,0.8807777777777779,0.0,,0.6176,0.5742527653565545,0.9594966574911522,0.71849234393404,0.6298459768295288,0.0,0.0,0.6298459768295288,0.6176,0.0
imdb,noniid,20,107,9,1,0.684574,0.0,0.6987874920229739,0.0,0.8807777777777779,0.0,,0.6176,0.5742527653565545,0.9594966574911522,0.71849234393404,0.6298459768295288,0.0,0.0,0.6298459768295288,0.6176,0.0
imdb,noniid,20,107,9,2,0.684574,0.0,0.6987874920229739,0.0,0.8807777777777779,0.0,,0.6176,0.5742527653565545,0.9594966574911522,0.71849234393404,0.6298459768295288,0.0,0.0,0.6298459768295288,0.6176,0.0
imdb,noniid,20,107,9,3,0.684574,0.0,0.6987874920229739,0.0,0.8807777777777779,0.0,,0.6176,0.5742527653565545,0.9594966574911522,0.71849234393404,0.6298459768295288,0.0,0.0,0.6298459768295288,0.6176,0.0
imdb,noniid,20,107,9,4,0.684574,0.0,0.6987874920229739,0.0,0.8807777777777779,0.0,,0.6176,0.5742527653565545,0.9594966574911522,0.71849234393404,0.6298459768295288,0.0,0.0,0.6298459768295288,0.6176,0.0
imdb,noniid,20,107,9,5,0.684574,0.0,0.6987874920229739,0.0,0.8807777777777779,0.0,,0.6176,0.5742527653565545,0.9594966574911522,0.71849234393404,0.6298459768295288,0.0,0.0,0.6298459768295288,0.6176,0.0
imdb,noniid,20,107,9,6,0.684574,0.0,0.6987874920229739,0.0,0.8807777777777779,0.0,,0.6176,0.5742527653565545,0.9594966574911522,0.71849234393404,0.6298459768295288,0.0,0.0,0.6298459768295288,0.6176,0.0
imdb,noniid,20,107,9,7,0.684574,0.0363212666666666,0.6987874920229739,0.0785004329795039,0.8807777777777779,0.0,,0.6176,0.5742527653565545,0.9594966574911522,0.71849234393404,0.6298459768295288,0.0,0.0,0.6298459768295288,0.6176,0.0
imdb,noniid,20,107,9,8,0.684574,0.0,0.6987874920229739,0.0,0.8807777777777779,0.0,,0.6176,0.5742527653565545,0.9594966574911522,0.71849234393404,0.6298459768295288,0.0,0.0,0.6298459768295288,0.6176,0.0
imdb,noniid,20,107,9,9,0.684574,0.0,0.6987874920229739,0.0,0.8807777777777779,0.0,,0.6176,0.5742527653565545,0.9594966574911522,0.71849234393404,0.6298459768295288,0.0,0.0,0.6298459768295288,0.6176,0.0
imdb,noniid,20,107,9,10,0.684574,0.0,0.6987874920229739,0.0,0.8807777777777779,0.0,,0.6176,0.5742527653565545,0.9594966574911522,0.71849234393404,0.6298459768295288,-0.0059736062498653,0.0162787878787878,0.6298459768295288,0.6176,0.0162787878787878
imdb,noniid,20,107,9,11,0.684574,0.0,0.6987874920229739,0.0,0.8807777777777779,0.0,,0.6176,0.5742527653565545,0.9594966574911522,0.71849234393404,0.6298459768295288,0.0,0.0,0.6298459768295288,0.6176,0.0
imdb,noniid,20,107,9,12,0.684574,0.0,0.6987874920229739,0.0,0.8807777777777779,0.0,,0.6176,0.5742527653565545,0.9594966574911522,0.71849234393404,0.6298459768295288,0.0,0.0,0.6298459768295288,0.6176,0.0
imdb,noniid,20,107,9,13,0.684574,0.0,0.6987874920229739,0.0,0.8807777777777779,0.0,,0.6176,0.5742527653565545,0.9594966574911522,0.71849234393404,0.6298459768295288,0.0,0.0,0.6298459768295288,0.6176,0.0
imdb,noniid,20,107,9,14,0.684574,0.0,0.6987874920229739,0.0,0.8807777777777779,0.0,,0.6176,0.5742527653565545,0.9594966574911522,0.71849234393404,0.6298459768295288,0.0,0.0,0.6298459768295288,0.6176,0.0
imdb,noniid,20,107,9,15,0.684574,0.0,0.6987874920229739,0.0,0.8807777777777779,0.0,,0.6176,0.5742527653565545,0.9594966574911522,0.71849234393404,0.6298459768295288,0.0,0.0,0.6298459768295288,0.6176,0.0
imdb,noniid,20,107,9,16,0.684574,0.0,0.6987874920229739,0.0,0.8807777777777779,0.0,,0.6176,0.5742527653565545,0.9594966574911522,0.71849234393404,0.6298459768295288,0.0,0.0,0.6298459768295288,0.6176,0.0
imdb,noniid,20,107,9,17,0.684574,0.0,0.6987874920229739,0.0,0.8807777777777779,0.0,,0.6176,0.5742527653565545,0.9594966574911522,0.71849234393404,0.6298459768295288,0.0,0.0,0.6298459768295288,0.6176,0.0
imdb,noniid,20,107,9,18,0.684574,0.0,0.6987874920229739,0.0,0.8807777777777779,0.0,,0.6176,0.5742527653565545,0.9594966574911522,0.71849234393404,0.6298459768295288,0.0,0.0,0.6298459768295288,0.6176,0.0
imdb,noniid,20,107,9,19,0.684574,0.0,0.6987874920229739,0.0,0.8807777777777779,0.0,,0.6176,0.5742527653565545,0.9594966574911522,0.71849234393404,0.6298459768295288,0.0,0.0,0.6298459768295288,0.6176,0.0
imdb,noniid,20,107,10,0,0.711044,0.0,0.7575360419397117,0.0,0.8984111111111113,0.0,,0.6844,0.6317226317226318,0.9099488792764452,0.7457299387689333,0.6012293100357056,0.0,0.0,0.6012293100357056,0.6844,0.0
imdb,noniid,20,107,10,1,0.711044,0.0,0.7575360419397117,0.0,0.8984111111111113,0.0,,0.6844,0.6317226317226318,0.9099488792764452,0.7457299387689333,0.6012293100357056,0.0,0.0,0.6012293100357056,0.6844,0.0
imdb,noniid,20,107,10,2,0.711044,0.0,0.7575360419397117,0.0,0.8984111111111113,0.0039599999999999,,0.6844,0.6317226317226318,0.9099488792764452,0.7457299387689333,0.6012293100357056,0.0,0.0,0.6012293100357056,0.6844,0.0
imdb,noniid,20,107,10,3,0.711044,0.0,0.7575360419397117,0.0,0.8984111111111113,0.0,,0.6844,0.6317226317226318,0.9099488792764452,0.7457299387689333,0.6012293100357056,0.0,0.0,0.6012293100357056,0.6844,0.0
imdb,noniid,20,107,10,4,0.711044,0.0,0.7575360419397117,0.0,0.8984111111111113,0.0,,0.6844,0.6317226317226318,0.9099488792764452,0.7457299387689333,0.6012293100357056,0.0,0.0,0.6012293100357056,0.6844,0.0
imdb,noniid,20,107,10,5,0.711044,0.0,0.7575360419397117,0.0,0.8984111111111113,0.0,,0.6844,0.6317226317226318,0.9099488792764452,0.7457299387689333,0.6012293100357056,0.0,0.0,0.6012293100357056,0.6844,0.0
imdb,noniid,20,107,10,6,0.711044,0.0,0.7575360419397117,0.0,0.8984111111111113,0.0,,0.6844,0.6317226317226318,0.9099488792764452,0.7457299387689333,0.6012293100357056,0.0,0.0,0.6012293100357056,0.6844,0.0
imdb,noniid,20,107,10,7,0.711044,0.0299065333333333,0.7575360419397117,0.0,0.8984111111111113,0.0,,0.6844,0.6317226317226318,0.9099488792764452,0.7457299387689333,0.6012293100357056,0.0,0.0,0.6012293100357056,0.6844,0.0
imdb,noniid,20,107,10,8,0.711044,0.0,0.7575360419397117,0.0,0.8984111111111113,0.0,,0.6844,0.6317226317226318,0.9099488792764452,0.7457299387689333,0.6012293100357056,0.0,0.0,0.6012293100357056,0.6844,0.0
imdb,noniid,20,107,10,9,0.711044,0.0,0.7575360419397117,0.0,0.8984111111111113,0.0,,0.6844,0.6317226317226318,0.9099488792764452,0.7457299387689333,0.6012293100357056,0.0,0.0,0.6012293100357056,0.6844,0.0
imdb,noniid,20,107,10,10,0.711044,0.0,0.7575360419397117,0.0,0.8984111111111113,0.0,,0.6844,0.6317226317226318,0.9099488792764452,0.7457299387689333,0.6012293100357056,-0.0049381771683692,0.0124965909090909,0.6012293100357056,0.6844,0.0124965909090909
imdb,noniid,20,107,10,11,0.711044,0.0,0.7575360419397117,0.0,0.8984111111111113,0.0022903703703703,,0.6844,0.6317226317226318,0.9099488792764452,0.7457299387689333,0.6012293100357056,0.0,0.0,0.6012293100357056,0.6844,0.0
imdb,noniid,20,107,10,12,0.711044,0.0,0.7575360419397117,0.0,0.8984111111111113,0.0,,0.6844,0.6317226317226318,0.9099488792764452,0.7457299387689333,0.6012293100357056,0.0,0.0,0.6012293100357056,0.6844,0.0
imdb,noniid,20,107,10,13,0.711044,0.0,0.7575360419397117,0.0,0.8984111111111113,0.0,,0.6844,0.6317226317226318,0.9099488792764452,0.7457299387689333,0.6012293100357056,0.0,0.0,0.6012293100357056,0.6844,0.0
imdb,noniid,20,107,10,14,0.711044,0.0,0.7575360419397117,0.0,0.8984111111111113,0.0,,0.6844,0.6317226317226318,0.9099488792764452,0.7457299387689333,0.6012293100357056,0.0,0.0,0.6012293100357056,0.6844,0.0
imdb,noniid,20,107,10,15,0.711044,0.0,0.7575360419397117,0.0,0.8984111111111113,0.0,,0.6844,0.6317226317226318,0.9099488792764452,0.7457299387689333,0.6012293100357056,0.0,0.0,0.6012293100357056,0.6844,0.0
imdb,noniid,20,107,10,16,0.711044,0.0,0.7575360419397117,0.0,0.8984111111111113,0.0,,0.6844,0.6317226317226318,0.9099488792764452,0.7457299387689333,0.6012293100357056,0.0,0.0,0.6012293100357056,0.6844,0.0
imdb,noniid,20,107,10,17,0.711044,0.0,0.7575360419397117,0.0,0.8984111111111113,0.0,,0.6844,0.6317226317226318,0.9099488792764452,0.7457299387689333,0.6012293100357056,0.0,0.0,0.6012293100357056,0.6844,0.0
imdb,noniid,20,107,10,18,0.711044,0.0,0.7575360419397117,0.0,0.8984111111111113,0.0,,0.6844,0.6317226317226318,0.9099488792764452,0.7457299387689333,0.6012293100357056,0.0,0.0,0.6012293100357056,0.6844,0.0
imdb,noniid,20,107,10,19,0.711044,0.0,0.7575360419397117,0.0,0.8984111111111113,0.0,,0.6844,0.6317226317226318,0.9099488792764452,0.7457299387689333,0.6012293100357056,0.0,0.0,0.6012293100357056,0.6844,0.0
imdb,noniid,4,107,1,0,0.651562,0.0,0.5669374779229954,0.0,0.933111111111111,0.0020062962962962,,0.5086,0.5086,1.0,0.6742675328118786,0.7359949350357056,0.0,0.00224,0.7359949350357056,0.5086,0.00224
imdb,noniid,4,107,1,1,0.651562,0.0,0.5669374779229954,-0.1008538840672245,0.933111111111111,0.0,,0.5086,0.5086,1.0,0.6742675328118786,0.7359949350357056,-0.0019239842891693,0.0,0.7359949350357056,0.5086,0.0
imdb,noniid,4,107,1,2,0.651562,0.0341169999999999,0.5669374779229954,0.0,0.933111111111111,-0.0058192592592593,,0.5086,0.5086,1.0,0.6742675328118786,0.7359949350357056,0.0,0.0,0.7359949350357056,0.5086,0.0
imdb,noniid,4,107,1,3,0.651562,0.0,0.5669374779229954,0.0,0.933111111111111,0.0,,0.5086,0.5086,1.0,0.6742675328118786,0.7359949350357056,0.0,0.0,0.7359949350357056,0.5086,0.0
imdb,noniid,4,107,2,0,0.615652,0.0,0.5438049333711369,0.0,0.8780444444444444,0.0,,0.5094,0.5090072057646117,1.0,0.6746252818676217,0.7046129107475281,0.0,0.0,0.7046129107475281,0.5094,0.0
imdb,noniid,4,107,2,1,0.615652,0.0,0.5438049333711369,-0.0057526521844728,0.8780444444444444,-0.0001414814814814,,0.5094,0.5090072057646117,1.0,0.6746252818676217,0.7046129107475281,-0.0325105766455332,0.0,0.7046129107475281,0.5094,0.0
imdb,noniid,4,107,2,2,0.615652,-0.0145348666666666,0.5438049333711369,0.0,0.8780444444444444,0.0,,0.5094,0.5090072057646117,1.0,0.6746252818676217,0.7046129107475281,0.0,0.0,0.7046129107475281,0.5094,0.0
imdb,noniid,4,107,2,3,0.615652,0.0,0.5438049333711369,0.0,0.8780444444444444,0.0,,0.5094,0.5090072057646117,1.0,0.6746252818676217,0.7046129107475281,0.0,0.0,0.7046129107475281,0.5094,0.0
imdb,noniid,4,107,3,0,0.63807,0.0,0.6617257808364214,0.0,0.8993555555555557,0.0,,0.66,0.6087741935483871,0.9276445143531262,0.7351199750701153,0.610419750213623,0.0,0.0,0.610419750213623,0.66,0.0
imdb,noniid,4,107,3,1,0.63807,0.0,0.6617257808364214,0.0757136255002378,0.8993555555555557,0.0,,0.66,0.6087741935483871,0.9276445143531262,0.7351199750701153,0.610419750213623,0.0,0.0863733333333333,0.610419750213623,0.66,0.0863733333333333
imdb,noniid,4,107,3,2,0.63807,-0.0414881333333333,0.6617257808364214,0.0,0.8993555555555557,0.0,,0.66,0.6087741935483871,0.9276445143531262,0.7351199750701153,0.610419750213623,0.0,0.0,0.610419750213623,0.66,0.0
imdb,noniid,4,107,3,3,0.63807,0.0,0.6617257808364214,0.0,0.8993555555555557,0.0,,0.66,0.6087741935483871,0.9276445143531262,0.7351199750701153,0.610419750213623,-0.0474972665309906,0.07676,0.610419750213623,0.66,0.07676
imdb,noniid,4,107,4,0,0.6683319999999999,0.0,0.7403846153846154,0.0,0.8264888888888888,0.0,,0.7568,0.7394442439552508,0.8057412504915454,0.77117049303726,0.5348606705665588,0.0,0.0,0.5348606705665588,0.7568,0.0
imdb,noniid,4,107,4,1,0.6683319999999999,0.0,0.7403846153846154,0.0,0.8264888888888888,0.0,,0.7568,0.7394442439552508,0.8057412504915454,0.77117049303726,0.5348606705665588,0.0,0.0,0.5348606705665588,0.7568,0.0
imdb,noniid,4,107,4,2,0.6683319999999999,-0.0125887333333333,0.7403846153846154,-0.0162162386671105,0.8264888888888888,0.017812962962963,,0.7568,0.7394442439552508,0.8057412504915454,0.77117049303726,0.5348606705665588,0.0,0.0,0.5348606705665588,0.7568,0.0
imdb,noniid,4,107,4,3,0.6683319999999999,0.0,0.7403846153846154,0.0,0.8264888888888888,0.0,,0.7568,0.7394442439552508,0.8057412504915454,0.77117049303726,0.5348606705665588,-0.0429769029219945,0.0449133333333333,0.5348606705665588,0.7568,0.0449133333333333
imdb,noniid,4,107,5,0,0.69293,0.0,0.7873754152823921,0.0,0.8986222222222222,0.0,,0.78,0.7815060476004682,0.787652379079827,0.7845671758715237,0.4943351149559021,0.0,0.0,0.4943351149559021,0.78,0.0
imdb,noniid,4,107,5,1,0.69293,0.0,0.7873754152823921,0.0,0.8986222222222222,0.0049511111111111,,0.78,0.7815060476004682,0.787652379079827,0.7845671758715237,0.4943351149559021,0.0,0.0,0.4943351149559021,0.78,0.0
imdb,noniid,4,107,5,2,0.69293,-0.0200045999999999,0.7873754152823921,-0.0251848172672555,0.8986222222222222,-0.004834074074074,,0.78,0.7815060476004682,0.787652379079827,0.7845671758715237,0.4943351149559021,0.0,0.0,0.4943351149559021,0.78,0.0
imdb,noniid,4,107,5,3,0.69293,0.0,0.7873754152823921,0.0,0.8986222222222222,0.0002081481481481,,0.78,0.7815060476004682,0.787652379079827,0.7845671758715237,0.4943351149559021,-0.0309449483950932,0.0173066666666666,0.4943351149559021,0.78,0.0173066666666666
imdb,noniid,4,107,6,0,0.711796,0.0,0.8191005558362809,0.0,0.890277777777778,0.0,,0.796,0.8018232263178755,0.7955171057805741,0.7986577181208053,0.4709214866161346,0.0,0.0,0.4709214866161346,0.796,0.0
imdb,noniid,4,107,6,1,0.711796,0.0,0.8191005558362809,0.0,0.890277777777778,0.013794074074074,,0.796,0.8018232263178755,0.7955171057805741,0.7986577181208053,0.4709214866161346,0.0,0.0,0.4709214866161346,0.796,0.0
imdb,noniid,4,107,6,2,0.711796,9.733333333336036e-05,0.8191005558362809,-0.0098105393727424,0.890277777777778,0.0038248148148148,,0.796,0.8018232263178755,0.7955171057805741,0.7986577181208053,0.4709214866161346,0.0,0.0,0.4709214866161346,0.796,0.0
imdb,noniid,4,107,6,3,0.711796,0.0,0.8191005558362809,0.0,0.890277777777778,0.0,,0.796,0.8018232263178755,0.7955171057805741,0.7986577181208053,0.4709214866161346,-0.0227485487858454,0.0149133333333333,0.4709214866161346,0.796,0.0149133333333333
imdb,noniid,4,107,7,0,0.7259439999999999,0.0,0.8357089272318079,0.0,0.8552666666666666,0.0,,0.8078,0.8141382049245433,0.8061344868265827,0.8101165777514325,0.45439413189888,0.0,0.0,0.45439413189888,0.8078,0.0
imdb,noniid,4,107,7,1,0.7259439999999999,0.0,0.8357089272318079,0.0,0.8552666666666666,0.0,,0.8078,0.8141382049245433,0.8061344868265827,0.8101165777514325,0.45439413189888,0.0,0.0,0.45439413189888,0.8078,0.0
imdb,noniid,4,107,7,2,0.7259439999999999,-0.0123677333333333,0.8357089272318079,-0.0129946580390416,0.8552666666666666,0.0018781481481481,,0.8078,0.8141382049245433,0.8061344868265827,0.8101165777514325,0.45439413189888,0.0,0.0,0.45439413189888,0.8078,0.0
imdb,noniid,4,107,7,3,0.7259439999999999,0.0,0.8357089272318079,0.0,0.8552666666666666,0.0,,0.8078,0.8141382049245433,0.8061344868265827,0.8101165777514325,0.45439413189888,-0.020562669634819,0.0101666666666666,0.45439413189888,0.8078,0.0101666666666666
imdb,noniid,4,107,8,0,0.737174,0.0,0.853495290034705,0.0,0.8184222222222222,0.0,,0.8156,0.8225228810187027,0.8128195045222179,0.8176424050632911,0.4413149952888489,0.0,0.0,0.4413149952888489,0.8156,0.0
imdb,noniid,4,107,8,1,0.737174,0.0,0.853495290034705,0.0,0.8184222222222222,0.0,,0.8156,0.8225228810187027,0.8128195045222179,0.8176424050632911,0.4413149952888489,0.0,0.0,0.4413149952888489,0.8156,0.0
imdb,noniid,4,107,8,2,0.737174,-0.0138331333333333,0.853495290034705,-0.0104166913498193,0.8184222222222222,0.0326192592592592,,0.8156,0.8225228810187027,0.8128195045222179,0.8176424050632911,0.4413149952888489,0.0,0.0,0.4413149952888489,0.8156,0.0
imdb,noniid,4,107,8,3,0.737174,0.0,0.853495290034705,0.0,0.8184222222222222,0.0056874074074073,,0.8156,0.8225228810187027,0.8128195045222179,0.8176424050632911,0.4413149952888489,-0.017850316564242,0.0074199999999999,0.4413149952888489,0.8156,0.0074199999999999
imdb,noniid,4,107,9,0,0.745626,0.0,0.8618065783014237,0.0,0.8655111111111111,0.0,,0.8224,0.8292877039395146,0.819504522217853,0.8243670886075949,0.4305519163608551,0.0,0.0,0.4305519163608551,0.8224,0.0
imdb,noniid,4,107,9,1,0.745626,0.0,0.8618065783014237,0.0,0.8655111111111111,0.0,,0.8224,0.8292877039395146,0.819504522217853,0.8243670886075949,0.4305519163608551,0.0,0.0059599999999999,0.4305519163608551,0.8224,0.0059599999999999
imdb,noniid,4,107,9,2,0.745626,0.0121441333333333,0.8618065783014237,0.0087861102824772,0.8655111111111111,0.0,,0.8224,0.8292877039395146,0.819504522217853,0.8243670886075949,0.4305519163608551,0.0,0.0,0.4305519163608551,0.8224,0.0
imdb,noniid,4,107,9,3,0.745626,0.0,0.8618065783014237,0.0,0.8655111111111111,0.0,,0.8224,0.8292877039395146,0.819504522217853,0.8243670886075949,0.4305519163608551,-0.0179332355658213,0.0091399999999999,0.4305519163608551,0.8224,0.0091399999999999
imdb,noniid,4,107,10,0,0.753784,0.0,0.8748169838945827,0.0,0.8512,0.0,,0.8296,0.8367184388689765,0.826189539913488,0.8314206569054214,0.4215094745159149,0.0,0.0,0.4215094745159149,0.8296,0.0
imdb,noniid,4,107,10,1,0.753784,0.0,0.8748169838945827,0.0,0.8512,0.0,,0.8296,0.8367184388689765,0.826189539913488,0.8314206569054214,0.4215094745159149,0.0,0.0,0.4215094745159149,0.8296,0.0
imdb,noniid,4,107,10,2,0.753784,0.0163620666666667,0.8748169838945827,0.0,0.8512,0.026237037037037,,0.8296,0.8367184388689765,0.826189539913488,0.8314206569054214,0.4215094745159149,0.0,0.0,0.4215094745159149,0.8296,0.0
imdb,noniid,4,107,10,3,0.753784,0.0,0.8748169838945827,0.0,0.8512,0.0,,0.8296,0.8367184388689765,0.826189539913488,0.8314206569054214,0.4215094745159149,-0.0151365001996358,0.0086666666666666,0.4215094745159149,0.8296,0.0086666666666666
imdb,noniid,20,123,1,0,0.960638,0.0,0.8819826907946499,0.0,0.9466444444444444,0.0,,0.4918,1.0,0.0007864726700747,0.0015717092337917,0.6970120072364807,0.0,0.0,0.6970120072364807,0.4918,0.0
imdb,noniid,20,123,1,1,0.960638,0.0,0.8819826907946499,0.0,0.9466444444444444,0.0,,0.4918,1.0,0.0007864726700747,0.0015717092337917,0.6970120072364807,0.0,0.0,0.6970120072364807,0.4918,0.0
imdb,noniid,20,123,1,2,0.960638,0.0,0.8819826907946499,0.0,0.9466444444444444,0.0,,0.4918,1.0,0.0007864726700747,0.0015717092337917,0.6970120072364807,0.0,0.0,0.6970120072364807,0.4918,0.0
imdb,noniid,20,123,1,3,0.960638,0.0,0.8819826907946499,0.0,0.9466444444444444,0.0,,0.4918,1.0,0.0007864726700747,0.0015717092337917,0.6970120072364807,0.0,0.0,0.6970120072364807,0.4918,0.0
imdb,noniid,20,123,1,4,0.960638,0.0,0.8819826907946499,0.0,0.9466444444444444,0.0,,0.4918,1.0,0.0007864726700747,0.0015717092337917,0.6970120072364807,0.0,0.0,0.6970120072364807,0.4918,0.0
imdb,noniid,20,123,1,5,0.960638,0.0,0.8819826907946499,0.0,0.9466444444444444,0.0,,0.4918,1.0,0.0007864726700747,0.0015717092337917,0.6970120072364807,0.0,0.0,0.6970120072364807,0.4918,0.0
imdb,noniid,20,123,1,6,0.960638,0.0,0.8819826907946499,0.0,0.9466444444444444,0.0,,0.4918,1.0,0.0007864726700747,0.0015717092337917,0.6970120072364807,0.0,0.0,0.6970120072364807,0.4918,0.0
imdb,noniid,20,123,1,7,0.960638,0.0,0.8819826907946499,0.0,0.9466444444444444,0.0,,0.4918,1.0,0.0007864726700747,0.0015717092337917,0.6970120072364807,0.0,0.0,0.6970120072364807,0.4918,0.0
imdb,noniid,20,123,1,8,0.960638,0.0,0.8819826907946499,0.0,0.9466444444444444,0.0,,0.4918,1.0,0.0007864726700747,0.0015717092337917,0.6970120072364807,0.0,0.0,0.6970120072364807,0.4918,0.0
imdb,noniid,20,123,1,9,0.960638,0.0,0.8819826907946499,0.0,0.9466444444444444,0.0,,0.4918,1.0,0.0007864726700747,0.0015717092337917,0.6970120072364807,0.0,0.0,0.6970120072364807,0.4918,0.0
imdb,noniid,20,123,1,10,0.960638,0.0,0.8819826907946499,0.195842668687391,0.9466444444444444,0.0,,0.4918,1.0,0.0007864726700747,0.0015717092337917,0.6970120072364807,0.0,0.0,0.6970120072364807,0.4918,0.0
imdb,noniid,20,123,1,11,0.960638,0.0,0.8819826907946499,0.0,0.9466444444444444,0.0,,0.4918,1.0,0.0007864726700747,0.0015717092337917,0.6970120072364807,0.0,0.0,0.6970120072364807,0.4918,0.0
imdb,noniid,20,123,1,12,0.960638,0.0,0.8819826907946499,0.0,0.9466444444444444,0.0,,0.4918,1.0,0.0007864726700747,0.0015717092337917,0.6970120072364807,-0.0001569005864611,0.0,0.6970120072364807,0.4918,0.0
imdb,noniid,20,123,1,13,0.960638,0.0,0.8819826907946499,0.0,0.9466444444444444,0.0,,0.4918,1.0,0.0007864726700747,0.0015717092337917,0.6970120072364807,0.0,0.0,0.6970120072364807,0.4918,0.0
imdb,noniid,20,123,1,14,0.960638,0.0,0.8819826907946499,0.0,0.9466444444444444,0.0,,0.4918,1.0,0.0007864726700747,0.0015717092337917,0.6970120072364807,0.0,0.0,0.6970120072364807,0.4918,0.0
imdb,noniid,20,123,1,15,0.960638,0.0,0.8819826907946499,0.0,0.9466444444444444,0.0,,0.4918,1.0,0.0007864726700747,0.0015717092337917,0.6970120072364807,-8.723545356615055e-05,0.0,0.6970120072364807,0.4918,0.0
imdb,noniid,20,123,1,16,0.960638,0.0,0.8819826907946499,0.0,0.9466444444444444,0.0,,0.4918,1.0,0.0007864726700747,0.0015717092337917,0.6970120072364807,0.0,0.0,0.6970120072364807,0.4918,0.0
imdb,noniid,20,123,1,17,0.960638,0.0,0.8819826907946499,0.0,0.9466444444444444,0.0,,0.4918,1.0,0.0007864726700747,0.0015717092337917,0.6970120072364807,0.0,0.0,0.6970120072364807,0.4918,0.0
imdb,noniid,20,123,1,18,0.960638,0.0,0.8819826907946499,0.0,0.9466444444444444,0.0,,0.4918,1.0,0.0007864726700747,0.0015717092337917,0.6970120072364807,0.0,0.0,0.6970120072364807,0.4918,0.0
imdb,noniid,20,123,1,19,0.960638,0.0584171333333333,0.8819826907946499,0.0,0.9466444444444444,0.0024825925925925,,0.4918,1.0,0.0007864726700747,0.0015717092337917,0.6970120072364807,0.0,0.0,0.6970120072364807,0.4918,0.0
imdb,noniid,20,123,2,0,0.984362,0.0,0.963808025177026,0.0,0.9075555555555554,0.0,,0.4914,0.0,0.0,0.0,0.7003120183944702,0.0,0.0,0.7003120183944702,0.4914,0.0
imdb,noniid,20,123,2,1,0.984362,0.0,0.963808025177026,0.0,0.9075555555555554,0.0,,0.4914,0.0,0.0,0.0,0.7003120183944702,0.0,0.0,0.7003120183944702,0.4914,0.0
imdb,noniid,20,123,2,2,0.984362,0.0,0.963808025177026,0.0,0.9075555555555554,-0.0034933333333333,,0.4914,0.0,0.0,0.0,0.7003120183944702,0.0,0.0,0.7003120183944702,0.4914,0.0
imdb,noniid,20,123,2,3,0.984362,0.0,0.963808025177026,0.0,0.9075555555555554,0.0,,0.4914,0.0,0.0,0.0,0.7003120183944702,0.0,0.0,0.7003120183944702,0.4914,0.0
imdb,noniid,20,123,2,4,0.984362,0.0,0.963808025177026,0.0,0.9075555555555554,0.0,,0.4914,0.0,0.0,0.0,0.7003120183944702,0.0,0.0,0.7003120183944702,0.4914,0.0
imdb,noniid,20,123,2,5,0.984362,0.0,0.963808025177026,0.0,0.9075555555555554,0.0,,0.4914,0.0,0.0,0.0,0.7003120183944702,0.0,0.0,0.7003120183944702,0.4914,0.0
imdb,noniid,20,123,2,6,0.984362,0.0,0.963808025177026,0.0,0.9075555555555554,0.0,,0.4914,0.0,0.0,0.0,0.7003120183944702,0.0,0.0,0.7003120183944702,0.4914,0.0
imdb,noniid,20,123,2,7,0.984362,0.0,0.963808025177026,0.0,0.9075555555555554,0.0,,0.4914,0.0,0.0,0.0,0.7003120183944702,0.0,0.0,0.7003120183944702,0.4914,0.0
imdb,noniid,20,123,2,8,0.984362,0.0,0.963808025177026,0.0,0.9075555555555554,0.0,,0.4914,0.0,0.0,0.0,0.7003120183944702,0.0,0.0,0.7003120183944702,0.4914,0.0
imdb,noniid,20,123,2,9,0.984362,0.0,0.963808025177026,0.0,0.9075555555555554,0.0,,0.4914,0.0,0.0,0.0,0.7003120183944702,0.0,0.0,0.7003120183944702,0.4914,0.0
imdb,noniid,20,123,2,10,0.984362,0.0,0.963808025177026,0.1398564815308045,0.9075555555555554,0.0,,0.4914,0.0,0.0,0.0,0.7003120183944702,0.0,0.0,0.7003120183944702,0.4914,0.0
imdb,noniid,20,123,2,11,0.984362,0.0,0.963808025177026,0.0,0.9075555555555554,0.0,,0.4914,0.0,0.0,0.0,0.7003120183944702,0.0,0.0,0.7003120183944702,0.4914,0.0
imdb,noniid,20,123,2,12,0.984362,0.0,0.963808025177026,0.0,0.9075555555555554,0.0,,0.4914,0.0,0.0,0.0,0.7003120183944702,-0.0001180016209559,0.0,0.7003120183944702,0.4914,0.0
imdb,noniid,20,123,2,13,0.984362,0.0,0.963808025177026,0.0,0.9075555555555554,0.0,,0.4914,0.0,0.0,0.0,0.7003120183944702,0.0,0.0,0.7003120183944702,0.4914,0.0
imdb,noniid,20,123,2,14,0.984362,0.0,0.963808025177026,0.0,0.9075555555555554,0.0,,0.4914,0.0,0.0,0.0,0.7003120183944702,0.0,0.0,0.7003120183944702,0.4914,0.0
imdb,noniid,20,123,2,15,0.984362,0.0,0.963808025177026,0.0,0.9075555555555554,0.0,,0.4914,0.0,0.0,0.0,0.7003120183944702,0.0,0.0,0.7003120183944702,0.4914,0.0
imdb,noniid,20,123,2,16,0.984362,0.0,0.963808025177026,0.0,0.9075555555555554,0.0,,0.4914,0.0,0.0,0.0,0.7003120183944702,0.0,0.0,0.7003120183944702,0.4914,0.0
imdb,noniid,20,123,2,17,0.984362,0.0,0.963808025177026,0.0,0.9075555555555554,0.0,,0.4914,0.0,0.0,0.0,0.7003120183944702,0.0,0.0,0.7003120183944702,0.4914,0.0
imdb,noniid,20,123,2,18,0.984362,0.0,0.963808025177026,0.0,0.9075555555555554,0.0,,0.4914,0.0,0.0,0.0,0.7003120183944702,0.0,0.0,0.7003120183944702,0.4914,0.0
imdb,noniid,20,123,2,19,0.984362,0.0649539333333333,0.963808025177026,0.0,0.9075555555555554,0.0,,0.4914,0.0,0.0,0.0,0.7003120183944702,0.0,0.0,0.7003120183944702,0.4914,0.0
imdb,noniid,20,123,3,0,0.99296,0.0,0.9905660377358492,0.0,0.9026222222222224,0.0,,0.4918,1.0,0.0007864726700747,0.0015717092337917,0.70169997215271,0.0,0.0,0.70169997215271,0.4918,0.0
imdb,noniid,20,123,3,1,0.99296,0.0,0.9905660377358492,0.0,0.9026222222222224,0.0,,0.4918,1.0,0.0007864726700747,0.0015717092337917,0.70169997215271,0.0,0.0,0.70169997215271,0.4918,0.0
imdb,noniid,20,123,3,2,0.99296,0.0,0.9905660377358492,0.0,0.9026222222222224,0.0,,0.4918,1.0,0.0007864726700747,0.0015717092337917,0.70169997215271,0.0,0.0,0.70169997215271,0.4918,0.0
imdb,noniid,20,123,3,3,0.99296,0.0,0.9905660377358492,0.0,0.9026222222222224,0.0,,0.4918,1.0,0.0007864726700747,0.0015717092337917,0.70169997215271,0.0,0.0,0.70169997215271,0.4918,0.0
imdb,noniid,20,123,3,4,0.99296,0.0,0.9905660377358492,0.0,0.9026222222222224,0.0,,0.4918,1.0,0.0007864726700747,0.0015717092337917,0.70169997215271,0.0,0.0,0.70169997215271,0.4918,0.0
imdb,noniid,20,123,3,5,0.99296,0.0,0.9905660377358492,0.0,0.9026222222222224,0.0,,0.4918,1.0,0.0007864726700747,0.0015717092337917,0.70169997215271,0.0,0.0,0.70169997215271,0.4918,0.0
imdb,noniid,20,123,3,6,0.99296,0.0,0.9905660377358492,0.0,0.9026222222222224,0.0,,0.4918,1.0,0.0007864726700747,0.0015717092337917,0.70169997215271,0.0,0.0,0.70169997215271,0.4918,0.0
imdb,noniid,20,123,3,7,0.99296,0.0,0.9905660377358492,0.0,0.9026222222222224,0.0,,0.4918,1.0,0.0007864726700747,0.0015717092337917,0.70169997215271,0.0,0.0,0.70169997215271,0.4918,0.0
imdb,noniid,20,123,3,8,0.99296,0.0,0.9905660377358492,0.0,0.9026222222222224,0.0,,0.4918,1.0,0.0007864726700747,0.0015717092337917,0.70169997215271,0.0,0.0,0.70169997215271,0.4918,0.0
imdb,noniid,20,123,3,9,0.99296,0.0,0.9905660377358492,0.0,0.9026222222222224,0.0,,0.4918,1.0,0.0007864726700747,0.0015717092337917,0.70169997215271,0.0,0.0,0.70169997215271,0.4918,0.0
imdb,noniid,20,123,3,10,0.99296,0.0,0.9905660377358492,0.0498780087773665,0.9026222222222224,0.0,,0.4918,1.0,0.0007864726700747,0.0015717092337917,0.70169997215271,0.0,0.0,0.70169997215271,0.4918,0.0
imdb,noniid,20,123,3,11,0.99296,0.0,0.9905660377358492,0.0,0.9026222222222224,0.0,,0.4918,1.0,0.0007864726700747,0.0015717092337917,0.70169997215271,0.0,0.0,0.70169997215271,0.4918,0.0
imdb,noniid,20,123,3,12,0.99296,0.0,0.9905660377358492,0.0,0.9026222222222224,0.0,,0.4918,1.0,0.0007864726700747,0.0015717092337917,0.70169997215271,0.0,0.0,0.70169997215271,0.4918,0.0
imdb,noniid,20,123,3,13,0.99296,0.0,0.9905660377358492,0.0,0.9026222222222224,0.0,,0.4918,1.0,0.0007864726700747,0.0015717092337917,0.70169997215271,0.0,0.0,0.70169997215271,0.4918,0.0
imdb,noniid,20,123,3,14,0.99296,0.0,0.9905660377358492,0.0,0.9026222222222224,0.0,,0.4918,1.0,0.0007864726700747,0.0015717092337917,0.70169997215271,0.0,0.0,0.70169997215271,0.4918,0.0
imdb,noniid,20,123,3,15,0.99296,0.0,0.9905660377358492,0.0,0.9026222222222224,0.0,,0.4918,1.0,0.0007864726700747,0.0015717092337917,0.70169997215271,0.0,0.0,0.70169997215271,0.4918,0.0
imdb,noniid,20,123,3,16,0.99296,0.0,0.9905660377358492,0.0,0.9026222222222224,0.0,,0.4918,1.0,0.0007864726700747,0.0015717092337917,0.70169997215271,0.0,0.0,0.70169997215271,0.4918,0.0
imdb,noniid,20,123,3,17,0.99296,0.0,0.9905660377358492,0.0,0.9026222222222224,0.0,,0.4918,1.0,0.0007864726700747,0.0015717092337917,0.70169997215271,0.0,0.0,0.70169997215271,0.4918,0.0
imdb,noniid,20,123,3,18,0.99296,0.0,0.9905660377358492,0.0,0.9026222222222224,0.0,,0.4918,1.0,0.0007864726700747,0.0015717092337917,0.70169997215271,0.0,0.0,0.70169997215271,0.4918,0.0
imdb,noniid,20,123,3,19,0.99296,0.0084181999999999,0.9905660377358492,0.0,0.9026222222222224,0.0,,0.4918,1.0,0.0007864726700747,0.0015717092337917,0.70169997215271,0.0,0.0,0.70169997215271,0.4918,0.0
imdb,noniid,20,123,4,0,0.996836,0.0,0.9980338183248132,0.0,0.9004888888888889,0.0,,0.4922,1.0,0.0015729453401494,0.0031409501374165,0.7004125714302063,0.0,0.0,0.7004125714302063,0.4922,0.0
imdb,noniid,20,123,4,1,0.996836,0.0,0.9980338183248132,0.0,0.9004888888888889,0.0,,0.4922,1.0,0.0015729453401494,0.0031409501374165,0.7004125714302063,0.0,0.0,0.7004125714302063,0.4922,0.0
imdb,noniid,20,123,4,2,0.996836,0.0,0.9980338183248132,0.0,0.9004888888888889,0.0,,0.4922,1.0,0.0015729453401494,0.0031409501374165,0.7004125714302063,0.0,0.0,0.7004125714302063,0.4922,0.0
imdb,noniid,20,123,4,3,0.996836,0.0,0.9980338183248132,0.0,0.9004888888888889,0.0,,0.4922,1.0,0.0015729453401494,0.0031409501374165,0.7004125714302063,0.0,0.0,0.7004125714302063,0.4922,0.0
imdb,noniid,20,123,4,4,0.996836,0.0,0.9980338183248132,0.0,0.9004888888888889,0.0,,0.4922,1.0,0.0015729453401494,0.0031409501374165,0.7004125714302063,0.0,0.0,0.7004125714302063,0.4922,0.0
imdb,noniid,20,123,4,5,0.996836,0.0,0.9980338183248132,0.0,0.9004888888888889,0.0,,0.4922,1.0,0.0015729453401494,0.0031409501374165,0.7004125714302063,0.0,0.0,0.7004125714302063,0.4922,0.0
imdb,noniid,20,123,4,6,0.996836,0.0,0.9980338183248132,0.0,0.9004888888888889,0.0,,0.4922,1.0,0.0015729453401494,0.0031409501374165,0.7004125714302063,0.0,0.0,0.7004125714302063,0.4922,0.0
imdb,noniid,20,123,4,7,0.996836,0.0,0.9980338183248132,0.0,0.9004888888888889,0.0,,0.4922,1.0,0.0015729453401494,0.0031409501374165,0.7004125714302063,0.0,0.0,0.7004125714302063,0.4922,0.0
imdb,noniid,20,123,4,8,0.996836,0.0,0.9980338183248132,0.0,0.9004888888888889,0.0,,0.4922,1.0,0.0015729453401494,0.0031409501374165,0.7004125714302063,0.0,0.0,0.7004125714302063,0.4922,0.0
imdb,noniid,20,123,4,9,0.996836,0.0,0.9980338183248132,0.0,0.9004888888888889,0.0,,0.4922,1.0,0.0015729453401494,0.0031409501374165,0.7004125714302063,0.0,0.0,0.7004125714302063,0.4922,0.0
imdb,noniid,20,123,4,10,0.996836,0.0053542666666666,0.9980338183248132,0.0160265697237566,0.9004888888888889,0.0,,0.4922,1.0,0.0015729453401494,0.0031409501374165,0.7004125714302063,0.0,0.0,0.7004125714302063,0.4922,0.0
imdb,noniid,20,123,4,11,0.996836,0.0,0.9980338183248132,0.0,0.9004888888888889,0.0,,0.4922,1.0,0.0015729453401494,0.0031409501374165,0.7004125714302063,0.0,0.0,0.7004125714302063,0.4922,0.0
imdb,noniid,20,123,4,12,0.996836,0.0,0.9980338183248132,0.0,0.9004888888888889,0.0,,0.4922,1.0,0.0015729453401494,0.0031409501374165,0.7004125714302063,0.0,0.0,0.7004125714302063,0.4922,0.0
imdb,noniid,20,123,4,13,0.996836,0.0,0.9980338183248132,0.0,0.9004888888888889,0.0,,0.4922,1.0,0.0015729453401494,0.0031409501374165,0.7004125714302063,0.0,0.0,0.7004125714302063,0.4922,0.0
imdb,noniid,20,123,4,14,0.996836,0.0,0.9980338183248132,0.0,0.9004888888888889,0.0,,0.4922,1.0,0.0015729453401494,0.0031409501374165,0.7004125714302063,0.0,0.0,0.7004125714302063,0.4922,0.0
imdb,noniid,20,123,4,15,0.996836,0.0,0.9980338183248132,0.0,0.9004888888888889,0.0,,0.4922,1.0,0.0015729453401494,0.0031409501374165,0.7004125714302063,0.0,0.0,0.7004125714302063,0.4922,0.0
imdb,noniid,20,123,4,16,0.996836,0.0,0.9980338183248132,0.0,0.9004888888888889,0.0,,0.4922,1.0,0.0015729453401494,0.0031409501374165,0.7004125714302063,0.0,0.0,0.7004125714302063,0.4922,0.0
imdb,noniid,20,123,4,17,0.996836,0.0,0.9980338183248132,0.0,0.9004888888888889,0.0,,0.4922,1.0,0.0015729453401494,0.0031409501374165,0.7004125714302063,0.0,0.0,0.7004125714302063,0.4922,0.0
imdb,noniid,20,123,4,18,0.996836,0.0,0.9980338183248132,0.0,0.9004888888888889,0.0,,0.4922,1.0,0.0015729453401494,0.0031409501374165,0.7004125714302063,0.0,0.0,0.7004125714302063,0.4922,0.0
imdb,noniid,20,123,4,19,0.996836,0.0,0.9980338183248132,0.0,0.9004888888888889,0.0,,0.4922,1.0,0.0015729453401494,0.0031409501374165,0.7004125714302063,0.0,0.0,0.7004125714302063,0.4922,0.0
imdb,noniid,20,123,5,0,0.99829,0.0,1.0,0.0,0.939077777777778,0.0,,0.4944,0.8260869565217391,0.0074714903657097,0.014809041309431,0.6961344480514526,0.0,0.0,0.6961344480514526,0.4944,0.0
imdb,noniid,20,123,5,1,0.99829,0.0,1.0,0.0,0.939077777777778,0.0,,0.4944,0.8260869565217391,0.0074714903657097,0.014809041309431,0.6961344480514526,0.0,0.0,0.6961344480514526,0.4944,0.0
imdb,noniid,20,123,5,2,0.99829,0.0,1.0,0.0,0.939077777777778,0.0,,0.4944,0.8260869565217391,0.0074714903657097,0.014809041309431,0.6961344480514526,0.0,0.0,0.6961344480514526,0.4944,0.0
imdb,noniid,20,123,5,3,0.99829,0.0,1.0,0.0,0.939077777777778,0.0041507407407407,,0.4944,0.8260869565217391,0.0074714903657097,0.014809041309431,0.6961344480514526,0.0,0.0,0.6961344480514526,0.4944,0.0
imdb,noniid,20,123,5,4,0.99829,0.0,1.0,0.0,0.939077777777778,0.0,,0.4944,0.8260869565217391,0.0074714903657097,0.014809041309431,0.6961344480514526,0.0,0.0,0.6961344480514526,0.4944,0.0
imdb,noniid,20,123,5,5,0.99829,0.0,1.0,0.0,0.939077777777778,-0.0013507407407407,,0.4944,0.8260869565217391,0.0074714903657097,0.014809041309431,0.6961344480514526,0.0,0.0,0.6961344480514526,0.4944,0.0
imdb,noniid,20,123,5,6,0.99829,0.0,1.0,0.0,0.939077777777778,0.0,,0.4944,0.8260869565217391,0.0074714903657097,0.014809041309431,0.6961344480514526,0.0,0.0,0.6961344480514526,0.4944,0.0
imdb,noniid,20,123,5,7,0.99829,0.0,1.0,0.0,0.939077777777778,0.0034833333333333,,0.4944,0.8260869565217391,0.0074714903657097,0.014809041309431,0.6961344480514526,0.0,0.0,0.6961344480514526,0.4944,0.0
imdb,noniid,20,123,5,8,0.99829,0.0,1.0,0.0,0.939077777777778,0.0,,0.4944,0.8260869565217391,0.0074714903657097,0.014809041309431,0.6961344480514526,0.0,0.0,0.6961344480514526,0.4944,0.0
imdb,noniid,20,123,5,9,0.99829,0.0,1.0,0.0,0.939077777777778,0.0034318518518518,,0.4944,0.8260869565217391,0.0074714903657097,0.014809041309431,0.6961344480514526,0.0,0.0,0.6961344480514526,0.4944,0.0
imdb,noniid,20,123,5,10,0.99829,0.0,1.0,0.0,0.939077777777778,0.0,,0.4944,0.8260869565217391,0.0074714903657097,0.014809041309431,0.6961344480514526,0.0,0.0,0.6961344480514526,0.4944,0.0
imdb,noniid,20,123,5,11,0.99829,0.0,1.0,0.0,0.939077777777778,0.0,,0.4944,0.8260869565217391,0.0074714903657097,0.014809041309431,0.6961344480514526,0.0,0.0,0.6961344480514526,0.4944,0.0
imdb,noniid,20,123,5,12,0.99829,0.0,1.0,0.0,0.939077777777778,-0.0054877777777777,,0.4944,0.8260869565217391,0.0074714903657097,0.014809041309431,0.6961344480514526,0.0,0.0,0.6961344480514526,0.4944,0.0
imdb,noniid,20,123,5,13,0.99829,0.0,1.0,0.0,0.939077777777778,0.0,,0.4944,0.8260869565217391,0.0074714903657097,0.014809041309431,0.6961344480514526,-0.000975681115865,0.000574074074074,0.6961344480514526,0.4944,0.000574074074074
imdb,noniid,20,123,5,14,0.99829,0.0,1.0,0.0,0.939077777777778,0.0,,0.4944,0.8260869565217391,0.0074714903657097,0.014809041309431,0.6961344480514526,0.0,0.0,0.6961344480514526,0.4944,0.0
imdb,noniid,20,123,5,15,0.99829,0.0,1.0,0.0,0.939077777777778,0.003844074074074,,0.4944,0.8260869565217391,0.0074714903657097,0.014809041309431,0.6961344480514526,0.0,0.0,0.6961344480514526,0.4944,0.0
imdb,noniid,20,123,5,16,0.99829,0.0,1.0,0.0,0.939077777777778,0.0079437037037036,,0.4944,0.8260869565217391,0.0074714903657097,0.014809041309431,0.6961344480514526,0.0,0.0,0.6961344480514526,0.4944,0.0
imdb,noniid,20,123,5,17,0.99829,0.0,1.0,0.0,0.939077777777778,0.0,,0.4944,0.8260869565217391,0.0074714903657097,0.014809041309431,0.6961344480514526,0.0,0.0,0.6961344480514526,0.4944,0.0
imdb,noniid,20,123,5,18,0.99829,0.0,1.0,0.0,0.939077777777778,0.0,,0.4944,0.8260869565217391,0.0074714903657097,0.014809041309431,0.6961344480514526,0.0,0.0,0.6961344480514526,0.4944,0.0
imdb,noniid,20,123,5,19,0.99829,0.0,1.0,0.0,0.939077777777778,0.0,,0.4944,0.8260869565217391,0.0074714903657097,0.014809041309431,0.6961344480514526,0.0,0.0,0.6961344480514526,0.4944,0.0
imdb,noniid,20,123,6,0,0.999234,0.0,1.0,0.0,0.8506444444444445,0.0,,0.5042,0.8333333333333334,0.0314589068029885,0.0606290261462675,0.6882926821708679,0.0,0.0,0.6882926821708679,0.5042,0.0
imdb,noniid,20,123,6,1,0.999234,0.0,1.0,0.0,0.8506444444444445,0.0,,0.5042,0.8333333333333334,0.0314589068029885,0.0606290261462675,0.6882926821708679,0.0,0.0,0.6882926821708679,0.5042,0.0
imdb,noniid,20,123,6,2,0.999234,0.0,1.0,0.0,0.8506444444444445,0.0,,0.5042,0.8333333333333334,0.0314589068029885,0.0606290261462675,0.6882926821708679,0.0,0.0,0.6882926821708679,0.5042,0.0
imdb,noniid,20,123,6,3,0.999234,0.0,1.0,0.0,0.8506444444444445,0.0,,0.5042,0.8333333333333334,0.0314589068029885,0.0606290261462675,0.6882926821708679,0.0,0.0,0.6882926821708679,0.5042,0.0
imdb,noniid,20,123,6,4,0.999234,0.0,1.0,0.0,0.8506444444444445,0.0,,0.5042,0.8333333333333334,0.0314589068029885,0.0606290261462675,0.6882926821708679,0.0,0.0,0.6882926821708679,0.5042,0.0
imdb,noniid,20,123,6,5,0.999234,0.0,1.0,0.0,0.8506444444444445,0.0,,0.5042,0.8333333333333334,0.0314589068029885,0.0606290261462675,0.6882926821708679,0.0,0.0,0.6882926821708679,0.5042,0.0
imdb,noniid,20,123,6,6,0.999234,0.0,1.0,0.0,0.8506444444444445,0.0,,0.5042,0.8333333333333334,0.0314589068029885,0.0606290261462675,0.6882926821708679,0.0,0.0,0.6882926821708679,0.5042,0.0
imdb,noniid,20,123,6,7,0.999234,0.0,1.0,0.0,0.8506444444444445,0.0,,0.5042,0.8333333333333334,0.0314589068029885,0.0606290261462675,0.6882926821708679,0.0,0.0,0.6882926821708679,0.5042,0.0
imdb,noniid,20,123,6,8,0.999234,0.0,1.0,0.0,0.8506444444444445,0.0,,0.5042,0.8333333333333334,0.0314589068029885,0.0606290261462675,0.6882926821708679,0.0,0.0,0.6882926821708679,0.5042,0.0
imdb,noniid,20,123,6,9,0.999234,0.0,1.0,0.0,0.8506444444444445,0.0,,0.5042,0.8333333333333334,0.0314589068029885,0.0606290261462675,0.6882926821708679,0.0,0.0,0.6882926821708679,0.5042,0.0
imdb,noniid,20,123,6,10,0.999234,0.0,1.0,0.0,0.8506444444444445,0.0,,0.5042,0.8333333333333334,0.0314589068029885,0.0606290261462675,0.6882926821708679,0.0,0.0,0.6882926821708679,0.5042,0.0
imdb,noniid,20,123,6,11,0.999234,0.0,1.0,0.0,0.8506444444444445,0.0,,0.5042,0.8333333333333334,0.0314589068029885,0.0606290261462675,0.6882926821708679,0.0,0.0,0.6882926821708679,0.5042,0.0
imdb,noniid,20,123,6,12,0.999234,0.0,1.0,0.0,0.8506444444444445,0.0,,0.5042,0.8333333333333334,0.0314589068029885,0.0606290261462675,0.6882926821708679,0.0,0.0,0.6882926821708679,0.5042,0.0
imdb,noniid,20,123,6,13,0.999234,0.0,1.0,0.0,0.8506444444444445,0.0,,0.5042,0.8333333333333334,0.0314589068029885,0.0606290261462675,0.6882926821708679,-0.0014719800515608,0.0016213333333333,0.6882926821708679,0.5042,0.0016213333333333
imdb,noniid,20,123,6,14,0.999234,0.0,1.0,0.0,0.8506444444444445,0.0,,0.5042,0.8333333333333334,0.0314589068029885,0.0606290261462675,0.6882926821708679,0.0,0.0,0.6882926821708679,0.5042,0.0
imdb,noniid,20,123,6,15,0.999234,0.0,1.0,0.0,0.8506444444444445,0.0,,0.5042,0.8333333333333334,0.0314589068029885,0.0606290261462675,0.6882926821708679,0.0,0.0,0.6882926821708679,0.5042,0.0
imdb,noniid,20,123,6,16,0.999234,0.0,1.0,0.0,0.8506444444444445,0.0,,0.5042,0.8333333333333334,0.0314589068029885,0.0606290261462675,0.6882926821708679,0.0,0.0,0.6882926821708679,0.5042,0.0
imdb,noniid,20,123,6,17,0.999234,0.0,1.0,0.0,0.8506444444444445,0.0,,0.5042,0.8333333333333334,0.0314589068029885,0.0606290261462675,0.6882926821708679,0.0,0.0,0.6882926821708679,0.5042,0.0
imdb,noniid,20,123,6,18,0.999234,0.0,1.0,0.0,0.8506444444444445,0.0,,0.5042,0.8333333333333334,0.0314589068029885,0.0606290261462675,0.6882926821708679,0.0,0.0,0.6882926821708679,0.5042,0.0
imdb,noniid,20,123,6,19,0.999234,0.0,1.0,0.0,0.8506444444444445,0.00012,,0.5042,0.8333333333333334,0.0314589068029885,0.0606290261462675,0.6882926821708679,0.0,0.0,0.6882926821708679,0.5042,0.0
imdb,noniid,20,123,7,0,0.999564,0.0,1.0,0.0,0.9374666666666668,0.0,,0.5234,0.8125,0.0817931576877703,0.1486245087531261,0.6761419177055359,0.0,0.0,0.6761419177055359,0.5234,0.0
imdb,noniid,20,123,7,1,0.999564,0.0,1.0,0.0,0.9374666666666668,0.0,,0.5234,0.8125,0.0817931576877703,0.1486245087531261,0.6761419177055359,0.0,0.0,0.6761419177055359,0.5234,0.0
imdb,noniid,20,123,7,2,0.999564,0.0,1.0,0.0,0.9374666666666668,0.0,,0.5234,0.8125,0.0817931576877703,0.1486245087531261,0.6761419177055359,0.0,0.0,0.6761419177055359,0.5234,0.0
imdb,noniid,20,123,7,3,0.999564,0.0,1.0,0.0,0.9374666666666668,0.0,,0.5234,0.8125,0.0817931576877703,0.1486245087531261,0.6761419177055359,0.0,0.0,0.6761419177055359,0.5234,0.0
imdb,noniid,20,123,7,4,0.999564,0.0,1.0,0.0,0.9374666666666668,0.0,,0.5234,0.8125,0.0817931576877703,0.1486245087531261,0.6761419177055359,0.0,0.0,0.6761419177055359,0.5234,0.0
imdb,noniid,20,123,7,5,0.999564,0.0,1.0,0.0,0.9374666666666668,0.0,,0.5234,0.8125,0.0817931576877703,0.1486245087531261,0.6761419177055359,0.0,0.0,0.6761419177055359,0.5234,0.0
imdb,noniid,20,123,7,6,0.999564,0.0,1.0,0.0,0.9374666666666668,0.0,,0.5234,0.8125,0.0817931576877703,0.1486245087531261,0.6761419177055359,0.0,0.0,0.6761419177055359,0.5234,0.0
imdb,noniid,20,123,7,7,0.999564,0.0,1.0,0.0,0.9374666666666668,0.0,,0.5234,0.8125,0.0817931576877703,0.1486245087531261,0.6761419177055359,0.0,0.0,0.6761419177055359,0.5234,0.0
imdb,noniid,20,123,7,8,0.999564,0.0,1.0,0.0,0.9374666666666668,0.0,,0.5234,0.8125,0.0817931576877703,0.1486245087531261,0.6761419177055359,0.0,0.0,0.6761419177055359,0.5234,0.0
imdb,noniid,20,123,7,9,0.999564,0.0,1.0,0.0,0.9374666666666668,0.0,,0.5234,0.8125,0.0817931576877703,0.1486245087531261,0.6761419177055359,0.0,0.0,0.6761419177055359,0.5234,0.0
imdb,noniid,20,123,7,10,0.999564,0.0,1.0,0.0,0.9374666666666668,0.0,,0.5234,0.8125,0.0817931576877703,0.1486245087531261,0.6761419177055359,-0.0017330798837873,0.0035169642857142,0.6761419177055359,0.5234,0.0035169642857142
imdb,noniid,20,123,7,11,0.999564,0.0,1.0,0.0,0.9374666666666668,0.0,,0.5234,0.8125,0.0817931576877703,0.1486245087531261,0.6761419177055359,0.0,0.0,0.6761419177055359,0.5234,0.0
imdb,noniid,20,123,7,12,0.999564,0.0,1.0,0.0,0.9374666666666668,0.0,,0.5234,0.8125,0.0817931576877703,0.1486245087531261,0.6761419177055359,0.0,0.0,0.6761419177055359,0.5234,0.0
imdb,noniid,20,123,7,13,0.999564,0.0,1.0,0.0,0.9374666666666668,0.0,,0.5234,0.8125,0.0817931576877703,0.1486245087531261,0.6761419177055359,0.0,0.0,0.6761419177055359,0.5234,0.0
imdb,noniid,20,123,7,14,0.999564,0.0,1.0,0.0,0.9374666666666668,0.0,,0.5234,0.8125,0.0817931576877703,0.1486245087531261,0.6761419177055359,0.0,0.0,0.6761419177055359,0.5234,0.0
imdb,noniid,20,123,7,15,0.999564,0.0,1.0,0.0,0.9374666666666668,0.0,,0.5234,0.8125,0.0817931576877703,0.1486245087531261,0.6761419177055359,0.0,0.0,0.6761419177055359,0.5234,0.0
imdb,noniid,20,123,7,16,0.999564,0.0,1.0,0.0,0.9374666666666668,0.0,,0.5234,0.8125,0.0817931576877703,0.1486245087531261,0.6761419177055359,0.0,0.0,0.6761419177055359,0.5234,0.0
imdb,noniid,20,123,7,17,0.999564,0.0,1.0,0.0,0.9374666666666668,0.0,,0.5234,0.8125,0.0817931576877703,0.1486245087531261,0.6761419177055359,0.0,0.0,0.6761419177055359,0.5234,0.0
imdb,noniid,20,123,7,18,0.999564,0.0,1.0,0.0,0.9374666666666668,0.0,,0.5234,0.8125,0.0817931576877703,0.1486245087531261,0.6761419177055359,0.0,0.0,0.6761419177055359,0.5234,0.0
imdb,noniid,20,123,7,19,0.999564,0.0,1.0,0.0,0.9374666666666668,0.0003337037037036,,0.5234,0.8125,0.0817931576877703,0.1486245087531261,0.6761419177055359,0.0,0.0,0.6761419177055359,0.5234,0.0
imdb,noniid,20,123,8,0,0.99974,0.0,1.0,0.0,0.8845333333333332,0.0,,0.5626,0.8358490566037736,0.1742036964215493,0.2883176049463065,0.659016489982605,0.0,0.0,0.659016489982605,0.5626,0.0
imdb,noniid,20,123,8,1,0.99974,0.0,1.0,0.0,0.8845333333333332,0.0,,0.5626,0.8358490566037736,0.1742036964215493,0.2883176049463065,0.659016489982605,0.0,0.0,0.659016489982605,0.5626,0.0
imdb,noniid,20,123,8,2,0.99974,0.0,1.0,0.0,0.8845333333333332,0.0,,0.5626,0.8358490566037736,0.1742036964215493,0.2883176049463065,0.659016489982605,0.0,0.0,0.659016489982605,0.5626,0.0
imdb,noniid,20,123,8,3,0.99974,0.0,1.0,0.0,0.8845333333333332,0.0,,0.5626,0.8358490566037736,0.1742036964215493,0.2883176049463065,0.659016489982605,0.0,0.0,0.659016489982605,0.5626,0.0
imdb,noniid,20,123,8,4,0.99974,0.0,1.0,0.0,0.8845333333333332,0.0,,0.5626,0.8358490566037736,0.1742036964215493,0.2883176049463065,0.659016489982605,0.0,0.0,0.659016489982605,0.5626,0.0
imdb,noniid,20,123,8,5,0.99974,0.0,1.0,0.0,0.8845333333333332,0.0,,0.5626,0.8358490566037736,0.1742036964215493,0.2883176049463065,0.659016489982605,0.0,0.0,0.659016489982605,0.5626,0.0
imdb,noniid,20,123,8,6,0.99974,0.0,1.0,0.0,0.8845333333333332,0.0,,0.5626,0.8358490566037736,0.1742036964215493,0.2883176049463065,0.659016489982605,0.0,0.0,0.659016489982605,0.5626,0.0
imdb,noniid,20,123,8,7,0.99974,0.0,1.0,0.0,0.8845333333333332,0.0,,0.5626,0.8358490566037736,0.1742036964215493,0.2883176049463065,0.659016489982605,0.0,0.0,0.659016489982605,0.5626,0.0
imdb,noniid,20,123,8,8,0.99974,0.0,1.0,0.0,0.8845333333333332,0.0,,0.5626,0.8358490566037736,0.1742036964215493,0.2883176049463065,0.659016489982605,0.0,0.0,0.659016489982605,0.5626,0.0
imdb,noniid,20,123,8,9,0.99974,0.0,1.0,0.0,0.8845333333333332,0.0,,0.5626,0.8358490566037736,0.1742036964215493,0.2883176049463065,0.659016489982605,0.0,0.0,0.659016489982605,0.5626,0.0
imdb,noniid,20,123,8,10,0.99974,0.0,1.0,0.0,0.8845333333333332,0.0021688888888888,,0.5626,0.8358490566037736,0.1742036964215493,0.2883176049463065,0.659016489982605,-0.0032015976152921,0.0077608391608391,0.659016489982605,0.5626,0.0077608391608391
imdb,noniid,20,123,8,11,0.99974,0.0,1.0,0.0,0.8845333333333332,0.0,,0.5626,0.8358490566037736,0.1742036964215493,0.2883176049463065,0.659016489982605,0.0,0.0,0.659016489982605,0.5626,0.0
imdb,noniid,20,123,8,12,0.99974,0.0,1.0,0.0,0.8845333333333332,0.0,,0.5626,0.8358490566037736,0.1742036964215493,0.2883176049463065,0.659016489982605,0.0,0.0,0.659016489982605,0.5626,0.0
imdb,noniid,20,123,8,13,0.99974,0.0,1.0,0.0,0.8845333333333332,0.0,,0.5626,0.8358490566037736,0.1742036964215493,0.2883176049463065,0.659016489982605,0.0,0.0,0.659016489982605,0.5626,0.0
imdb,noniid,20,123,8,14,0.99974,0.0,1.0,0.0,0.8845333333333332,0.0,,0.5626,0.8358490566037736,0.1742036964215493,0.2883176049463065,0.659016489982605,0.0,0.0,0.659016489982605,0.5626,0.0
imdb,noniid,20,123,8,15,0.99974,0.0,1.0,0.0,0.8845333333333332,0.0,,0.5626,0.8358490566037736,0.1742036964215493,0.2883176049463065,0.659016489982605,0.0,0.0,0.659016489982605,0.5626,0.0
imdb,noniid,20,123,8,16,0.99974,0.0,1.0,0.0,0.8845333333333332,0.0,,0.5626,0.8358490566037736,0.1742036964215493,0.2883176049463065,0.659016489982605,0.0,0.0,0.659016489982605,0.5626,0.0
imdb,noniid,20,123,8,17,0.99974,0.0,1.0,0.0,0.8845333333333332,0.0,,0.5626,0.8358490566037736,0.1742036964215493,0.2883176049463065,0.659016489982605,0.0,0.0,0.659016489982605,0.5626,0.0
imdb,noniid,20,123,8,18,0.99974,0.0,1.0,0.0,0.8845333333333332,0.0,,0.5626,0.8358490566037736,0.1742036964215493,0.2883176049463065,0.659016489982605,0.0,0.0,0.659016489982605,0.5626,0.0
imdb,noniid,20,123,8,19,0.99974,0.0,1.0,0.0,0.8845333333333332,0.0,,0.5626,0.8358490566037736,0.1742036964215493,0.2883176049463065,0.659016489982605,0.0,0.0,0.659016489982605,0.5626,0.0
imdb,noniid,20,123,9,0,0.999852,0.0,1.0,0.0,0.937377777777778,0.0,,0.6102,0.8285398230088495,0.2945340149429807,0.4345807948941108,0.6373043656349182,0.0,0.0,0.6373043656349182,0.6102,0.0
imdb,noniid,20,123,9,1,0.999852,0.0,1.0,0.0,0.937377777777778,-0.0003674074074074,,0.6102,0.8285398230088495,0.2945340149429807,0.4345807948941108,0.6373043656349182,0.0,0.0,0.6373043656349182,0.6102,0.0
imdb,noniid,20,123,9,2,0.999852,0.0,1.0,0.0,0.937377777777778,0.0,,0.6102,0.8285398230088495,0.2945340149429807,0.4345807948941108,0.6373043656349182,0.0,0.0,0.6373043656349182,0.6102,0.0
imdb,noniid,20,123,9,3,0.999852,0.0,1.0,0.0,0.937377777777778,0.0005003703703703,,0.6102,0.8285398230088495,0.2945340149429807,0.4345807948941108,0.6373043656349182,0.0,0.0,0.6373043656349182,0.6102,0.0
imdb,noniid,20,123,9,4,0.999852,0.0,1.0,0.0,0.937377777777778,0.0,,0.6102,0.8285398230088495,0.2945340149429807,0.4345807948941108,0.6373043656349182,0.0,0.0,0.6373043656349182,0.6102,0.0
imdb,noniid,20,123,9,5,0.999852,0.0,1.0,0.0,0.937377777777778,0.0,,0.6102,0.8285398230088495,0.2945340149429807,0.4345807948941108,0.6373043656349182,0.0,0.0,0.6373043656349182,0.6102,0.0
imdb,noniid,20,123,9,6,0.999852,0.0,1.0,0.0,0.937377777777778,0.0,,0.6102,0.8285398230088495,0.2945340149429807,0.4345807948941108,0.6373043656349182,0.0,0.0,0.6373043656349182,0.6102,0.0
imdb,noniid,20,123,9,7,0.999852,0.0,1.0,0.0,0.937377777777778,0.0005792592592592,,0.6102,0.8285398230088495,0.2945340149429807,0.4345807948941108,0.6373043656349182,0.0,0.0,0.6373043656349182,0.6102,0.0
imdb,noniid,20,123,9,8,0.999852,0.0,1.0,0.0,0.937377777777778,0.0,,0.6102,0.8285398230088495,0.2945340149429807,0.4345807948941108,0.6373043656349182,0.0,0.0,0.6373043656349182,0.6102,0.0
imdb,noniid,20,123,9,9,0.999852,0.0,1.0,0.0,0.937377777777778,0.0,,0.6102,0.8285398230088495,0.2945340149429807,0.4345807948941108,0.6373043656349182,0.0,0.0,0.6373043656349182,0.6102,0.0
imdb,noniid,20,123,9,10,0.999852,0.0,1.0,0.0,0.937377777777778,0.0,,0.6102,0.8285398230088495,0.2945340149429807,0.4345807948941108,0.6373043656349182,-0.0039456179065089,0.0097118881118881,0.6373043656349182,0.6102,0.0097118881118881
imdb,noniid,20,123,9,11,0.999852,0.0,1.0,0.0,0.937377777777778,0.0021822222222221,,0.6102,0.8285398230088495,0.2945340149429807,0.4345807948941108,0.6373043656349182,0.0,0.0,0.6373043656349182,0.6102,0.0
imdb,noniid,20,123,9,12,0.999852,0.0,1.0,0.0,0.937377777777778,0.0004911111111111,,0.6102,0.8285398230088495,0.2945340149429807,0.4345807948941108,0.6373043656349182,0.0,0.0,0.6373043656349182,0.6102,0.0
imdb,noniid,20,123,9,13,0.999852,0.0,1.0,0.0,0.937377777777778,0.0,,0.6102,0.8285398230088495,0.2945340149429807,0.4345807948941108,0.6373043656349182,0.0,0.0,0.6373043656349182,0.6102,0.0
imdb,noniid,20,123,9,14,0.999852,0.0,1.0,0.0,0.937377777777778,0.0015544444444444,,0.6102,0.8285398230088495,0.2945340149429807,0.4345807948941108,0.6373043656349182,0.0,0.0,0.6373043656349182,0.6102,0.0
imdb,noniid,20,123,9,15,0.999852,0.0,1.0,0.0,0.937377777777778,0.0008729629629629,,0.6102,0.8285398230088495,0.2945340149429807,0.4345807948941108,0.6373043656349182,0.0,0.0,0.6373043656349182,0.6102,0.0
imdb,noniid,20,123,9,16,0.999852,0.0,1.0,0.0,0.937377777777778,0.0002696296296296,,0.6102,0.8285398230088495,0.2945340149429807,0.4345807948941108,0.6373043656349182,0.0,0.0,0.6373043656349182,0.6102,0.0
imdb,noniid,20,123,9,17,0.999852,0.0,1.0,0.0,0.937377777777778,0.0,,0.6102,0.8285398230088495,0.2945340149429807,0.4345807948941108,0.6373043656349182,0.0,0.0,0.6373043656349182,0.6102,0.0
imdb,noniid,20,123,9,18,0.999852,0.0,1.0,0.0,0.937377777777778,0.0,,0.6102,0.8285398230088495,0.2945340149429807,0.4345807948941108,0.6373043656349182,0.0,0.0,0.6373043656349182,0.6102,0.0
imdb,noniid,20,123,9,19,0.999852,0.0,1.0,0.0,0.937377777777778,0.0,,0.6102,0.8285398230088495,0.2945340149429807,0.4345807948941108,0.6373043656349182,0.0,0.0,0.6373043656349182,0.6102,0.0
imdb,noniid,20,123,10,0,0.99988,0.0,1.0,0.0,0.8521555555555556,0.0,,0.6584,0.8184591914569032,0.4219425874950845,0.5568240788790867,0.6127939224243164,0.0,0.0,0.6127939224243164,0.6584,0.0
imdb,noniid,20,123,10,1,0.99988,0.0,1.0,0.0,0.8521555555555556,0.0,,0.6584,0.8184591914569032,0.4219425874950845,0.5568240788790867,0.6127939224243164,0.0,0.0,0.6127939224243164,0.6584,0.0
imdb,noniid,20,123,10,2,0.99988,0.0,1.0,0.0,0.8521555555555556,0.0,,0.6584,0.8184591914569032,0.4219425874950845,0.5568240788790867,0.6127939224243164,0.0,0.0,0.6127939224243164,0.6584,0.0
imdb,noniid,20,123,10,3,0.99988,0.0,1.0,0.0,0.8521555555555556,0.0,,0.6584,0.8184591914569032,0.4219425874950845,0.5568240788790867,0.6127939224243164,0.0,0.0,0.6127939224243164,0.6584,0.0
imdb,noniid,20,123,10,4,0.99988,0.0,1.0,0.0,0.8521555555555556,0.0,,0.6584,0.8184591914569032,0.4219425874950845,0.5568240788790867,0.6127939224243164,0.0,0.0,0.6127939224243164,0.6584,0.0
imdb,noniid,20,123,10,5,0.99988,0.0,1.0,0.0,0.8521555555555556,0.0,,0.6584,0.8184591914569032,0.4219425874950845,0.5568240788790867,0.6127939224243164,0.0,0.0,0.6127939224243164,0.6584,0.0
imdb,noniid,20,123,10,6,0.99988,0.0,1.0,0.0,0.8521555555555556,0.0,,0.6584,0.8184591914569032,0.4219425874950845,0.5568240788790867,0.6127939224243164,0.0,0.0,0.6127939224243164,0.6584,0.0
imdb,noniid,20,123,10,7,0.99988,0.0,1.0,0.0,0.8521555555555556,0.0,,0.6584,0.8184591914569032,0.4219425874950845,0.5568240788790867,0.6127939224243164,0.0,0.0,0.6127939224243164,0.6584,0.0
imdb,noniid,20,123,10,8,0.99988,0.0,1.0,0.0,0.8521555555555556,0.0,,0.6584,0.8184591914569032,0.4219425874950845,0.5568240788790867,0.6127939224243164,0.0,0.0,0.6127939224243164,0.6584,0.0
imdb,noniid,20,123,10,9,0.99988,0.0,1.0,0.0,0.8521555555555556,0.0,,0.6584,0.8184591914569032,0.4219425874950845,0.5568240788790867,0.6127939224243164,0.0,0.0,0.6127939224243164,0.6584,0.0
imdb,noniid,20,123,10,10,0.99988,0.0,1.0,0.0,0.8521555555555556,0.0,,0.6584,0.8184591914569032,0.4219425874950845,0.5568240788790867,0.6127939224243164,-0.0044575999982608,0.0114936170212765,0.6127939224243164,0.6584,0.0114936170212765
imdb,noniid,20,123,10,11,0.99988,0.0,1.0,0.0,0.8521555555555556,0.0,,0.6584,0.8184591914569032,0.4219425874950845,0.5568240788790867,0.6127939224243164,0.0,0.0,0.6127939224243164,0.6584,0.0
imdb,noniid,20,123,10,12,0.99988,0.0,1.0,0.0,0.8521555555555556,0.0,,0.6584,0.8184591914569032,0.4219425874950845,0.5568240788790867,0.6127939224243164,0.0,0.0,0.6127939224243164,0.6584,0.0
imdb,noniid,20,123,10,13,0.99988,0.0,1.0,0.0,0.8521555555555556,0.0,,0.6584,0.8184591914569032,0.4219425874950845,0.5568240788790867,0.6127939224243164,0.0,0.0,0.6127939224243164,0.6584,0.0
imdb,noniid,20,123,10,14,0.99988,0.0,1.0,0.0,0.8521555555555556,0.0,,0.6584,0.8184591914569032,0.4219425874950845,0.5568240788790867,0.6127939224243164,0.0,0.0,0.6127939224243164,0.6584,0.0
imdb,noniid,20,123,10,15,0.99988,0.0,1.0,0.0,0.8521555555555556,0.0,,0.6584,0.8184591914569032,0.4219425874950845,0.5568240788790867,0.6127939224243164,0.0,0.0,0.6127939224243164,0.6584,0.0
imdb,noniid,20,123,10,16,0.99988,0.0,1.0,0.0,0.8521555555555556,0.0,,0.6584,0.8184591914569032,0.4219425874950845,0.5568240788790867,0.6127939224243164,0.0,0.0,0.6127939224243164,0.6584,0.0
imdb,noniid,20,123,10,17,0.99988,0.0,1.0,0.0,0.8521555555555556,0.0,,0.6584,0.8184591914569032,0.4219425874950845,0.5568240788790867,0.6127939224243164,0.0,0.0,0.6127939224243164,0.6584,0.0
imdb,noniid,20,123,10,18,0.99988,0.0,1.0,0.0,0.8521555555555556,0.0,,0.6584,0.8184591914569032,0.4219425874950845,0.5568240788790867,0.6127939224243164,0.0,0.0,0.6127939224243164,0.6584,0.0
imdb,noniid,20,123,10,19,0.99988,0.0,1.0,0.0,0.8521555555555556,0.0,,0.6584,0.8184591914569032,0.4219425874950845,0.5568240788790867,0.6127939224243164,0.0,0.0,0.6127939224243164,0.6584,0.0
imdb,noniid,4,123,1,0,0.85598,0.0,0.6710526315789473,0.0,0.8854333333333333,0.0,,0.4914,0.0,0.0,0.0,0.722693920135498,0.0,0.0,0.722693920135498,0.4914,0.0
imdb,noniid,4,123,1,1,0.85598,0.0,0.6710526315789473,0.0,0.8854333333333333,0.0,,0.4914,0.0,0.0,0.0,0.722693920135498,0.0,0.0,0.722693920135498,0.4914,0.0
imdb,noniid,4,123,1,2,0.85598,0.2666346666666667,0.6710526315789473,0.067713368987266,0.8854333333333333,0.0127492592592592,,0.4914,0.0,0.0,0.0,0.722693920135498,0.0,-0.0001866666666666,0.722693920135498,0.4914,-0.0001866666666666
imdb,noniid,4,123,1,3,0.85598,0.0,0.6710526315789473,0.0,0.8854333333333333,0.0,,0.4914,0.0,0.0,0.0,0.722693920135498,0.0019517759482065,0.0,0.722693920135498,0.4914,0.0
imdb,noniid,4,123,2,0,0.7576160000000001,0.0,0.6441048034934498,0.0,0.8653777777777778,-0.0120648148148148,,0.4976,1.0,0.012190326386158,0.024087024087024,0.7012493014335632,0.0,0.0,0.7012493014335632,0.4976,0.0
imdb,noniid,4,123,2,1,0.7576160000000001,0.0,0.6441048034934498,0.0,0.8653777777777778,0.0,,0.4976,1.0,0.012190326386158,0.024087024087024,0.7012493014335632,0.0,0.0,0.7012493014335632,0.4976,0.0
imdb,noniid,4,123,2,2,0.7576160000000001,0.1834703333333332,0.6441048034934498,-0.0062309655718317,0.8653777777777778,0.0,,0.4976,1.0,0.012190326386158,0.024087024087024,0.7012493014335632,0.0,0.0,0.7012493014335632,0.4976,0.0
imdb,noniid,4,123,2,3,0.7576160000000001,0.0,0.6441048034934498,0.0,0.8653777777777778,-0.0112633333333333,,0.4976,1.0,0.012190326386158,0.024087024087024,0.7012493014335632,-0.0191579937934875,0.0113333333333333,0.7012493014335632,0.4976,0.0113333333333333
imdb,noniid,4,123,3,0,0.68496,0.0,0.678391959798995,0.0,0.8980888888888889,0.0016062962962962,,0.6464,0.8679962013295347,0.3594180102241447,0.5083426028921023,0.61786288022995,0.0,0.0,0.61786288022995,0.6464,0.0
imdb,noniid,4,123,3,1,0.68496,0.0,0.678391959798995,0.0,0.8980888888888889,-0.0040818518518518,,0.6464,0.8679962013295347,0.3594180102241447,0.5083426028921023,0.61786288022995,0.0,0.0,0.61786288022995,0.6464,0.0
imdb,noniid,4,123,3,2,0.68496,0.1624758666666666,0.678391959798995,-0.0060976353233335,0.8980888888888889,0.0,,0.6464,0.8679962013295347,0.3594180102241447,0.5083426028921023,0.61786288022995,0.0,0.0,0.61786288022995,0.6464,0.0
imdb,noniid,4,123,3,3,0.68496,0.0,0.678391959798995,0.0,0.8980888888888889,0.0,,0.6464,0.8679962013295347,0.3594180102241447,0.5083426028921023,0.61786288022995,-0.0441906809806823,0.08326,0.61786288022995,0.6464,0.08326
imdb,noniid,4,123,4,0,0.65246,0.0,0.7280126017327383,0.0,0.8870444444444443,0.0,,0.7556,0.8300849575212393,0.6531655524970508,0.7310739436619719,0.5358425974845886,0.0,0.0,0.5358425974845886,0.7556,0.0
imdb,noniid,4,123,4,1,0.65246,0.0,0.7280126017327383,0.0,0.8870444444444443,0.0,,0.7556,0.8300849575212393,0.6531655524970508,0.7310739436619719,0.5358425974845886,0.0,0.0,0.5358425974845886,0.7556,0.0
imdb,noniid,4,123,4,2,0.65246,0.0944571333333333,0.7280126017327383,-0.0273260084893648,0.8870444444444443,-0.0002444444444444,,0.7556,0.8300849575212393,0.6531655524970508,0.7310739436619719,0.5358425974845886,0.0,0.0,0.5358425974845886,0.7556,0.0
imdb,noniid,4,123,4,3,0.65246,0.0,0.7280126017327383,0.0,0.8870444444444443,0.0,,0.7556,0.8300849575212393,0.6531655524970508,0.7310739436619719,0.5358425974845886,-0.0428481489419937,0.04694,0.5358425974845886,0.7556,0.04694
imdb,noniid,4,123,5,0,0.650874,0.0,0.7699974444160491,0.0,0.8750444444444445,0.0,,0.779,0.8224215246636771,0.7211954384585135,0.7684894196522104,0.4921304583549499,0.0,0.0,0.4921304583549499,0.779,0.0
imdb,noniid,4,123,5,1,0.650874,0.0,0.7699974444160491,0.0,0.8750444444444445,-0.0176029629629629,,0.779,0.8224215246636771,0.7211954384585135,0.7684894196522104,0.4921304583549499,0.0,0.0,0.4921304583549499,0.779,0.0
imdb,noniid,4,123,5,2,0.650874,0.1422935333333333,0.7699974444160491,0.0220934281476142,0.8750444444444445,0.0154374074074072,,0.779,0.8224215246636771,0.7211954384585135,0.7684894196522104,0.4921304583549499,0.0,0.0,0.4921304583549499,0.779,0.0
imdb,noniid,4,123,5,3,0.650874,0.0,0.7699974444160491,0.0,0.8750444444444445,-0.0301262962962962,,0.779,0.8224215246636771,0.7211954384585135,0.7684894196522104,0.4921304583549499,-0.0263419240713119,0.0164666666666666,0.4921304583549499,0.779,0.0164666666666666
imdb,noniid,4,123,6,0,0.656636,0.0,0.8024629303845188,0.0,0.8561333333333334,0.0,,0.7922,0.8269565217391305,0.7479355092410539,0.7854635556473261,0.4683224260807037,0.0,0.0,0.4683224260807037,0.7922,0.0
imdb,noniid,4,123,6,1,0.656636,0.0,0.8024629303845188,0.0,0.8561333333333334,0.0,,0.7922,0.8269565217391305,0.7479355092410539,0.7854635556473261,0.4683224260807037,0.0,0.0,0.4683224260807037,0.7922,0.0
imdb,noniid,4,123,6,2,0.656636,0.0961291333333333,0.8024629303845188,0.0107462588801958,0.8561333333333334,0.0,,0.7922,0.8269565217391305,0.7479355092410539,0.7854635556473261,0.4683224260807037,0.0,0.0,0.4683224260807037,0.7922,0.0
imdb,noniid,4,123,6,3,0.656636,0.0,0.8024629303845188,0.0,0.8561333333333334,0.0,,0.7922,0.8269565217391305,0.7479355092410539,0.7854635556473261,0.4683224260807037,-0.0224693814913431,0.0116933333333332,0.4683224260807037,0.7922,0.0116933333333332
imdb,noniid,4,123,7,0,0.667584,0.0,0.8261194029850746,0.0,0.8936000000000002,0.0,,0.8024,0.832123024348569,0.7660243806527723,0.7977067977067978,0.4520861208438873,0.0,0.0,0.4520861208438873,0.8024,0.0
imdb,noniid,4,123,7,1,0.667584,0.0,0.8261194029850746,0.0,0.8936000000000002,0.0,,0.8024,0.832123024348569,0.7660243806527723,0.7977067977067978,0.4520861208438873,0.0,0.0,0.4520861208438873,0.8024,0.0
imdb,noniid,4,123,7,2,0.667584,0.0,0.8261194029850746,-0.0059542557005046,0.8936000000000002,0.0431625925925926,,0.8024,0.832123024348569,0.7660243806527723,0.7977067977067978,0.4520861208438873,0.0,0.0,0.4520861208438873,0.8024,0.0
imdb,noniid,4,123,7,3,0.667584,0.0038410666666666,0.8261194029850746,0.0,0.8936000000000002,0.0,,0.8024,0.832123024348569,0.7660243806527723,0.7977067977067978,0.4520861208438873,-0.0216675211985905,0.0102466666666666,0.4520861208438873,0.8024,0.0102466666666666
imdb,noniid,4,123,8,0,0.68309,0.0,0.847675568743818,0.0,0.8784888888888889,-0.0017907407407407,,0.8098,0.8381478334749363,0.7758552890287063,0.8057994690626914,0.439562976360321,0.0,0.0,0.439562976360321,0.8098,0.0
imdb,noniid,4,123,8,1,0.68309,0.0,0.847675568743818,0.0,0.8784888888888889,0.0062718518518518,,0.8098,0.8381478334749363,0.7758552890287063,0.8057994690626914,0.439562976360321,0.0,0.0,0.439562976360321,0.8098,0.0
imdb,noniid,4,123,8,2,0.68309,0.0801130666666666,0.847675568743818,0.014016803939217,0.8784888888888889,0.0,,0.8098,0.8381478334749363,0.7758552890287063,0.8057994690626914,0.439562976360321,0.0,0.0,0.439562976360321,0.8098,0.0
imdb,noniid,4,123,8,3,0.68309,0.0,0.847675568743818,0.0,0.8784888888888889,0.002894074074074,,0.8098,0.8381478334749363,0.7758552890287063,0.8057994690626914,0.439562976360321,-0.0191467742125193,0.0087533333333333,0.439562976360321,0.8098,0.0087533333333333
imdb,noniid,4,123,9,0,0.700342,0.0,0.8580201424711373,0.0,0.9532666666666668,0.0117277777777777,,0.8164,0.8421052631578947,0.7864726700747149,0.813338755591704,0.4293169975280761,0.0,0.0,0.4293169975280761,0.8164,0.0
imdb,noniid,4,123,9,1,0.700342,0.0,0.8580201424711373,0.0,0.9532666666666668,0.0,,0.8164,0.8421052631578947,0.7864726700747149,0.813338755591704,0.4293169975280761,0.0,0.0,0.4293169975280761,0.8164,0.0
imdb,noniid,4,123,9,2,0.700342,0.0797970666666666,0.8580201424711373,0.0149856489033089,0.9532666666666668,0.0,,0.8164,0.8421052631578947,0.7864726700747149,0.813338755591704,0.4293169975280761,0.0,0.0,0.4293169975280761,0.8164,0.0
imdb,noniid,4,123,9,3,0.700342,0.0,0.8580201424711373,0.0,0.9532666666666668,0.0,,0.8164,0.8421052631578947,0.7864726700747149,0.813338755591704,0.4293169975280761,-0.0169072767098744,0.0066733333333333,0.4293169975280761,0.8164,0.0066733333333333
imdb,noniid,4,123,10,0,0.7131620000000001,0.0,0.869671729544341,0.0,0.841288888888889,0.0,,0.8214,0.845766974015088,0.7935509241053873,0.8188273483465206,0.4207954108715057,0.0,0.0,0.4207954108715057,0.8214,0.0
imdb,noniid,4,123,10,1,0.7131620000000001,0.0,0.869671729544341,0.0,0.841288888888889,0.0,,0.8214,0.845766974015088,0.7935509241053873,0.8188273483465206,0.4207954108715057,0.0,0.0064533333333332,0.4207954108715057,0.8214,0.0064533333333332
imdb,noniid,4,123,10,2,0.7131620000000001,0.0788378666666667,0.869671729544341,0.0229632348953989,0.841288888888889,0.0040707407407407,,0.8214,0.845766974015088,0.7935509241053873,0.8188273483465206,0.4207954108715057,0.0,0.0,0.4207954108715057,0.8214,0.0
imdb,noniid,4,123,10,3,0.7131620000000001,0.0,0.869671729544341,0.0,0.841288888888889,0.0038655555555556,,0.8214,0.845766974015088,0.7935509241053873,0.8188273483465206,0.4207954108715057,-0.0150115489959716,0.0,0.4207954108715057,0.8214,0.0
imdb,noniid,20,2025,1,0,0.633802,0.0,0.4054160125588697,0.0,0.947511111111111,-0.0016688888888888,,0.4914,0.0,0.0,0.0,0.7020772099494934,0.0,0.0,0.7020772099494934,0.4914,0.0
imdb,noniid,20,2025,1,1,0.633802,0.0,0.4054160125588697,0.0,0.947511111111111,0.0004392592592592,,0.4914,0.0,0.0,0.0,0.7020772099494934,0.0,0.0,0.7020772099494934,0.4914,0.0
imdb,noniid,20,2025,1,2,0.633802,0.0,0.4054160125588697,0.0,0.947511111111111,0.0,,0.4914,0.0,0.0,0.0,0.7020772099494934,0.0,0.0,0.7020772099494934,0.4914,0.0
imdb,noniid,20,2025,1,3,0.633802,0.0,0.4054160125588697,0.0,0.947511111111111,0.0,,0.4914,0.0,0.0,0.0,0.7020772099494934,0.0,-7.272727272727033e-05,0.7020772099494934,0.4914,-7.272727272727033e-05
imdb,noniid,20,2025,1,4,0.633802,0.0,0.4054160125588697,0.0,0.947511111111111,0.001304074074074,,0.4914,0.0,0.0,0.0,0.7020772099494934,0.0,0.0,0.7020772099494934,0.4914,0.0
imdb,noniid,20,2025,1,5,0.633802,0.0,0.4054160125588697,0.0,0.947511111111111,0.0,,0.4914,0.0,0.0,0.0,0.7020772099494934,0.0,-0.0027668686868686,0.7020772099494934,0.4914,-0.0027668686868686
imdb,noniid,20,2025,1,6,0.633802,0.0,0.4054160125588697,0.0,0.947511111111111,0.0,,0.4914,0.0,0.0,0.0,0.7020772099494934,0.0,0.0,0.7020772099494934,0.4914,0.0
imdb,noniid,20,2025,1,7,0.633802,0.0,0.4054160125588697,0.0,0.947511111111111,0.0,,0.4914,0.0,0.0,0.0,0.7020772099494934,-3.895354720781434e-05,0.0,0.7020772099494934,0.4914,0.0
imdb,noniid,20,2025,1,8,0.633802,0.0,0.4054160125588697,0.0,0.947511111111111,-0.0023351851851851,,0.4914,0.0,0.0,0.0,0.7020772099494934,0.0,0.0,0.7020772099494934,0.4914,0.0
imdb,noniid,20,2025,1,9,0.633802,0.0,0.4054160125588697,0.0,0.947511111111111,0.0,,0.4914,0.0,0.0,0.0,0.7020772099494934,0.0,-0.0004157575757575,0.7020772099494934,0.4914,-0.0004157575757575
imdb,noniid,20,2025,1,10,0.633802,0.0,0.4054160125588697,0.0,0.947511111111111,0.0012737037037036,,0.4914,0.0,0.0,0.0,0.7020772099494934,0.0,0.0,0.7020772099494934,0.4914,0.0
imdb,noniid,20,2025,1,11,0.633802,0.0,0.4054160125588697,0.0,0.947511111111111,0.0007537037037036,,0.4914,0.0,0.0,0.0,0.7020772099494934,0.0,0.0,0.7020772099494934,0.4914,0.0
imdb,noniid,20,2025,1,12,0.633802,0.0492045999999999,0.4054160125588697,0.0783031676381976,0.947511111111111,0.0,,0.4914,0.0,0.0,0.0,0.7020772099494934,-0.0001315787153423,0.0,0.7020772099494934,0.4914,0.0
imdb,noniid,20,2025,1,13,0.633802,0.0,0.4054160125588697,0.0,0.947511111111111,0.0,,0.4914,0.0,0.0,0.0,0.7020772099494934,0.0,0.0,0.7020772099494934,0.4914,0.0
imdb,noniid,20,2025,1,14,0.633802,0.0,0.4054160125588697,0.0,0.947511111111111,0.0,,0.4914,0.0,0.0,0.0,0.7020772099494934,-0.0001881011252133,0.0,0.7020772099494934,0.4914,0.0
imdb,noniid,20,2025,1,15,0.633802,0.0,0.4054160125588697,0.0,0.947511111111111,0.0,,0.4914,0.0,0.0,0.0,0.7020772099494934,0.0,-0.0029062626262626,0.7020772099494934,0.4914,-0.0029062626262626
imdb,noniid,20,2025,1,16,0.633802,0.0,0.4054160125588697,0.0,0.947511111111111,0.0,,0.4914,0.0,0.0,0.0,0.7020772099494934,0.0,0.0,0.7020772099494934,0.4914,0.0
imdb,noniid,20,2025,1,17,0.633802,0.0,0.4054160125588697,0.0,0.947511111111111,0.0,,0.4914,0.0,0.0,0.0,0.7020772099494934,0.0,0.0,0.7020772099494934,0.4914,0.0
imdb,noniid,20,2025,1,18,0.633802,0.0,0.4054160125588697,0.0,0.947511111111111,0.0,,0.4914,0.0,0.0,0.0,0.7020772099494934,0.0,0.0,0.7020772099494934,0.4914,0.0
imdb,noniid,20,2025,1,19,0.633802,0.0,0.4054160125588697,0.0,0.947511111111111,0.0001833333333333,,0.4914,0.0,0.0,0.0,0.7020772099494934,0.0,0.0,0.7020772099494934,0.4914,0.0
imdb,noniid,20,2025,2,0,0.65783,0.0,0.4688501245995016,0.0,0.8890222222222222,0.0,,0.4914,0.0,0.0,0.0,0.7157780528068542,0.0,0.0,0.7157780528068542,0.4914,0.0
imdb,noniid,20,2025,2,1,0.65783,0.0,0.4688501245995016,0.0,0.8890222222222222,0.0,,0.4914,0.0,0.0,0.0,0.7157780528068542,0.0,0.0,0.7157780528068542,0.4914,0.0
imdb,noniid,20,2025,2,2,0.65783,0.0,0.4688501245995016,0.0,0.8890222222222222,0.0,,0.4914,0.0,0.0,0.0,0.7157780528068542,0.0,0.0,0.7157780528068542,0.4914,0.0
imdb,noniid,20,2025,2,3,0.65783,0.0,0.4688501245995016,0.0,0.8890222222222222,0.0,,0.4914,0.0,0.0,0.0,0.7157780528068542,0.0,0.0,0.7157780528068542,0.4914,0.0
imdb,noniid,20,2025,2,4,0.65783,0.0,0.4688501245995016,0.0,0.8890222222222222,0.0,,0.4914,0.0,0.0,0.0,0.7157780528068542,0.0,0.0,0.7157780528068542,0.4914,0.0
imdb,noniid,20,2025,2,5,0.65783,0.0,0.4688501245995016,0.0,0.8890222222222222,0.0029937037037037,,0.4914,0.0,0.0,0.0,0.7157780528068542,0.0,0.0,0.7157780528068542,0.4914,0.0
imdb,noniid,20,2025,2,6,0.65783,0.0,0.4688501245995016,0.0,0.8890222222222222,0.0,,0.4914,0.0,0.0,0.0,0.7157780528068542,0.0,0.0,0.7157780528068542,0.4914,0.0
imdb,noniid,20,2025,2,7,0.65783,0.0,0.4688501245995016,0.0,0.8890222222222222,0.0,,0.4914,0.0,0.0,0.0,0.7157780528068542,0.0,0.0,0.7157780528068542,0.4914,0.0
imdb,noniid,20,2025,2,8,0.65783,0.0,0.4688501245995016,0.0,0.8890222222222222,0.0,,0.4914,0.0,0.0,0.0,0.7157780528068542,0.0,0.0,0.7157780528068542,0.4914,0.0
imdb,noniid,20,2025,2,9,0.65783,0.0,0.4688501245995016,0.0,0.8890222222222222,0.0,,0.4914,0.0,0.0,0.0,0.7157780528068542,0.0,0.0,0.7157780528068542,0.4914,0.0
imdb,noniid,20,2025,2,10,0.65783,0.0,0.4688501245995016,0.0,0.8890222222222222,0.0,,0.4914,0.0,0.0,0.0,0.7157780528068542,0.0,0.0,0.7157780528068542,0.4914,0.0
imdb,noniid,20,2025,2,11,0.65783,0.0,0.4688501245995016,0.0,0.8890222222222222,0.0,,0.4914,0.0,0.0,0.0,0.7157780528068542,0.0,0.0,0.7157780528068542,0.4914,0.0
imdb,noniid,20,2025,2,12,0.65783,0.0796060666666666,0.4688501245995016,0.1210489980913362,0.8890222222222222,0.0,,0.4914,0.0,0.0,0.0,0.7157780528068542,-0.000612543343721,0.0,0.7157780528068542,0.4914,0.0
imdb,noniid,20,2025,2,13,0.65783,0.0,0.4688501245995016,0.0,0.8890222222222222,0.0,,0.4914,0.0,0.0,0.0,0.7157780528068542,0.0,0.0,0.7157780528068542,0.4914,0.0
imdb,noniid,20,2025,2,14,0.65783,0.0,0.4688501245995016,0.0,0.8890222222222222,0.0,,0.4914,0.0,0.0,0.0,0.7157780528068542,0.0,0.0,0.7157780528068542,0.4914,0.0
imdb,noniid,20,2025,2,15,0.65783,0.0,0.4688501245995016,0.0,0.8890222222222222,0.0,,0.4914,0.0,0.0,0.0,0.7157780528068542,0.0,0.0,0.7157780528068542,0.4914,0.0
imdb,noniid,20,2025,2,16,0.65783,0.0,0.4688501245995016,0.0,0.8890222222222222,0.0,,0.4914,0.0,0.0,0.0,0.7157780528068542,0.0,0.0,0.7157780528068542,0.4914,0.0
imdb,noniid,20,2025,2,17,0.65783,0.0,0.4688501245995016,0.0,0.8890222222222222,0.0,,0.4914,0.0,0.0,0.0,0.7157780528068542,0.0,0.0,0.7157780528068542,0.4914,0.0
imdb,noniid,20,2025,2,18,0.65783,0.0,0.4688501245995016,0.0,0.8890222222222222,0.0,,0.4914,0.0,0.0,0.0,0.7157780528068542,0.0,0.0,0.7157780528068542,0.4914,0.0
imdb,noniid,20,2025,2,19,0.65783,0.0,0.4688501245995016,0.0,0.8890222222222222,0.0,,0.4914,0.0,0.0,0.0,0.7157780528068542,0.0,0.0,0.7157780528068542,0.4914,0.0
imdb,noniid,20,2025,3,0,0.674562,0.0,0.5486041035990582,0.0,0.8999333333333335,0.0,,0.4914,0.0,0.0,0.0,0.7257811427116394,0.0,0.0,0.7257811427116394,0.4914,0.0
imdb,noniid,20,2025,3,1,0.674562,0.0,0.5486041035990582,0.0,0.8999333333333335,0.0,,0.4914,0.0,0.0,0.0,0.7257811427116394,0.0,0.0,0.7257811427116394,0.4914,0.0
imdb,noniid,20,2025,3,2,0.674562,0.0,0.5486041035990582,0.0,0.8999333333333335,0.0,,0.4914,0.0,0.0,0.0,0.7257811427116394,0.0,0.0,0.7257811427116394,0.4914,0.0
imdb,noniid,20,2025,3,3,0.674562,0.0,0.5486041035990582,0.0,0.8999333333333335,0.0,,0.4914,0.0,0.0,0.0,0.7257811427116394,0.0,0.0,0.7257811427116394,0.4914,0.0
imdb,noniid,20,2025,3,4,0.674562,0.0,0.5486041035990582,0.0,0.8999333333333335,0.0,,0.4914,0.0,0.0,0.0,0.7257811427116394,0.0,0.0,0.7257811427116394,0.4914,0.0
imdb,noniid,20,2025,3,5,0.674562,0.0,0.5486041035990582,0.0,0.8999333333333335,0.0,,0.4914,0.0,0.0,0.0,0.7257811427116394,0.0,0.0,0.7257811427116394,0.4914,0.0
imdb,noniid,20,2025,3,6,0.674562,0.0,0.5486041035990582,0.0,0.8999333333333335,0.0,,0.4914,0.0,0.0,0.0,0.7257811427116394,0.0,0.0,0.7257811427116394,0.4914,0.0
imdb,noniid,20,2025,3,7,0.674562,0.0,0.5486041035990582,0.0,0.8999333333333335,0.0,,0.4914,0.0,0.0,0.0,0.7257811427116394,0.0,0.0,0.7257811427116394,0.4914,0.0
imdb,noniid,20,2025,3,8,0.674562,0.0,0.5486041035990582,0.0,0.8999333333333335,0.0,,0.4914,0.0,0.0,0.0,0.7257811427116394,0.0,0.0,0.7257811427116394,0.4914,0.0
imdb,noniid,20,2025,3,9,0.674562,0.0,0.5486041035990582,0.0,0.8999333333333335,0.0,,0.4914,0.0,0.0,0.0,0.7257811427116394,0.0,0.0,0.7257811427116394,0.4914,0.0
imdb,noniid,20,2025,3,10,0.674562,0.0,0.5486041035990582,0.0,0.8999333333333335,0.0,,0.4914,0.0,0.0,0.0,0.7257811427116394,0.0,0.0,0.7257811427116394,0.4914,0.0
imdb,noniid,20,2025,3,11,0.674562,0.0,0.5486041035990582,0.0,0.8999333333333335,0.0,,0.4914,0.0,0.0,0.0,0.7257811427116394,0.0,0.0,0.7257811427116394,0.4914,0.0
imdb,noniid,20,2025,3,12,0.674562,0.0685965333333333,0.5486041035990582,0.1057428123479394,0.8999333333333335,0.0,,0.4914,0.0,0.0,0.0,0.7257811427116394,-0.00029452782832,0.0,0.7257811427116394,0.4914,0.0
imdb,noniid,20,2025,3,13,0.674562,0.0,0.5486041035990582,0.0,0.8999333333333335,0.0,,0.4914,0.0,0.0,0.0,0.7257811427116394,0.0,0.0,0.7257811427116394,0.4914,0.0
imdb,noniid,20,2025,3,14,0.674562,0.0,0.5486041035990582,0.0,0.8999333333333335,0.0,,0.4914,0.0,0.0,0.0,0.7257811427116394,0.0,0.0,0.7257811427116394,0.4914,0.0
imdb,noniid,20,2025,3,15,0.674562,0.0,0.5486041035990582,0.0,0.8999333333333335,0.0,,0.4914,0.0,0.0,0.0,0.7257811427116394,0.0,0.0,0.7257811427116394,0.4914,0.0
imdb,noniid,20,2025,3,16,0.674562,0.0,0.5486041035990582,0.0,0.8999333333333335,0.0,,0.4914,0.0,0.0,0.0,0.7257811427116394,0.0,0.0,0.7257811427116394,0.4914,0.0
imdb,noniid,20,2025,3,17,0.674562,0.0,0.5486041035990582,0.0,0.8999333333333335,0.0,,0.4914,0.0,0.0,0.0,0.7257811427116394,0.0,0.0,0.7257811427116394,0.4914,0.0
imdb,noniid,20,2025,3,18,0.674562,0.0,0.5486041035990582,0.0,0.8999333333333335,0.0,,0.4914,0.0,0.0,0.0,0.7257811427116394,0.0,0.0,0.7257811427116394,0.4914,0.0
imdb,noniid,20,2025,3,19,0.674562,0.0,0.5486041035990582,0.0,0.8999333333333335,0.0,,0.4914,0.0,0.0,0.0,0.7257811427116394,0.0,0.0,0.7257811427116394,0.4914,0.0
imdb,noniid,20,2025,4,0,0.684106,0.0,0.6048795944233206,0.0,0.8679333333333334,0.0023911111111111,,0.4914,0.0,0.0,0.0,0.7287353277206421,0.0,0.0,0.7287353277206421,0.4914,0.0
imdb,noniid,20,2025,4,1,0.684106,0.0,0.6048795944233206,0.0,0.8679333333333334,0.0023625925925925,,0.4914,0.0,0.0,0.0,0.7287353277206421,0.0,0.0,0.7287353277206421,0.4914,0.0
imdb,noniid,20,2025,4,2,0.684106,0.0,0.6048795944233206,0.0,0.8679333333333334,0.0,,0.4914,0.0,0.0,0.0,0.7287353277206421,0.0,0.0,0.7287353277206421,0.4914,0.0
imdb,noniid,20,2025,4,3,0.684106,0.0,0.6048795944233206,0.0,0.8679333333333334,0.0,,0.4914,0.0,0.0,0.0,0.7287353277206421,0.0,0.0,0.7287353277206421,0.4914,0.0
imdb,noniid,20,2025,4,4,0.684106,0.0,0.6048795944233206,0.0,0.8679333333333334,0.0,,0.4914,0.0,0.0,0.0,0.7287353277206421,0.0,0.0,0.7287353277206421,0.4914,0.0
imdb,noniid,20,2025,4,5,0.684106,0.0,0.6048795944233206,0.0,0.8679333333333334,0.0,,0.4914,0.0,0.0,0.0,0.7287353277206421,0.0,0.0,0.7287353277206421,0.4914,0.0
imdb,noniid,20,2025,4,6,0.684106,0.0,0.6048795944233206,0.0,0.8679333333333334,0.0,,0.4914,0.0,0.0,0.0,0.7287353277206421,0.0,0.0,0.7287353277206421,0.4914,0.0
imdb,noniid,20,2025,4,7,0.684106,0.0,0.6048795944233206,0.0,0.8679333333333334,0.0,,0.4914,0.0,0.0,0.0,0.7287353277206421,0.0,0.0,0.7287353277206421,0.4914,0.0
imdb,noniid,20,2025,4,8,0.684106,0.0,0.6048795944233206,0.0,0.8679333333333334,0.0,,0.4914,0.0,0.0,0.0,0.7287353277206421,0.0,0.0,0.7287353277206421,0.4914,0.0
imdb,noniid,20,2025,4,9,0.684106,0.0,0.6048795944233206,0.0,0.8679333333333334,0.0,,0.4914,0.0,0.0,0.0,0.7287353277206421,0.0,0.0,0.7287353277206421,0.4914,0.0
imdb,noniid,20,2025,4,10,0.684106,0.0,0.6048795944233206,0.0,0.8679333333333334,0.0003925925925925,,0.4914,0.0,0.0,0.0,0.7287353277206421,0.0,0.0,0.7287353277206421,0.4914,0.0
imdb,noniid,20,2025,4,11,0.684106,0.0,0.6048795944233206,0.0,0.8679333333333334,0.0,,0.4914,0.0,0.0,0.0,0.7287353277206421,0.0,0.0,0.7287353277206421,0.4914,0.0
imdb,noniid,20,2025,4,12,0.684106,0.0697964666666666,0.6048795944233206,0.1067627296691673,0.8679333333333334,0.0,,0.4914,0.0,0.0,0.0,0.7287353277206421,0.0,0.0,0.7287353277206421,0.4914,0.0
imdb,noniid,20,2025,4,13,0.684106,0.0,0.6048795944233206,0.0,0.8679333333333334,0.0,,0.4914,0.0,0.0,0.0,0.7287353277206421,-0.0005053376450258,0.0,0.7287353277206421,0.4914,0.0
imdb,noniid,20,2025,4,14,0.684106,0.0,0.6048795944233206,0.0,0.8679333333333334,0.0,,0.4914,0.0,0.0,0.0,0.7287353277206421,0.0,0.0,0.7287353277206421,0.4914,0.0
imdb,noniid,20,2025,4,15,0.684106,0.0,0.6048795944233206,0.0,0.8679333333333334,0.0,,0.4914,0.0,0.0,0.0,0.7287353277206421,0.0,0.0,0.7287353277206421,0.4914,0.0
imdb,noniid,20,2025,4,16,0.684106,0.0,0.6048795944233206,0.0,0.8679333333333334,0.0,,0.4914,0.0,0.0,0.0,0.7287353277206421,0.0,0.0,0.7287353277206421,0.4914,0.0
imdb,noniid,20,2025,4,17,0.684106,0.0,0.6048795944233206,0.0,0.8679333333333334,0.0,,0.4914,0.0,0.0,0.0,0.7287353277206421,0.0,0.0,0.7287353277206421,0.4914,0.0
imdb,noniid,20,2025,4,18,0.684106,0.0,0.6048795944233206,0.0,0.8679333333333334,0.0,,0.4914,0.0,0.0,0.0,0.7287353277206421,0.0,0.0,0.7287353277206421,0.4914,0.0
imdb,noniid,20,2025,4,19,0.684106,0.0,0.6048795944233206,0.0,0.8679333333333334,0.0049222222222222,,0.4914,0.0,0.0,0.0,0.7287353277206421,0.0,0.0,0.7287353277206421,0.4914,0.0
imdb,noniid,20,2025,5,0,0.691776,0.0,0.6408089345004527,0.0,0.929788888888889,0.0,,0.4914,0.0,0.0,0.0,0.7245618104934692,0.0,0.0,0.7245618104934692,0.4914,0.0
imdb,noniid,20,2025,5,1,0.691776,0.0,0.6408089345004527,0.0,0.929788888888889,0.0,,0.4914,0.0,0.0,0.0,0.7245618104934692,0.0,0.0,0.7245618104934692,0.4914,0.0
imdb,noniid,20,2025,5,2,0.691776,0.0,0.6408089345004527,0.0,0.929788888888889,0.0,,0.4914,0.0,0.0,0.0,0.7245618104934692,0.0,0.0,0.7245618104934692,0.4914,0.0
imdb,noniid,20,2025,5,3,0.691776,0.0,0.6408089345004527,0.0,0.929788888888889,0.0,,0.4914,0.0,0.0,0.0,0.7245618104934692,0.0,0.0,0.7245618104934692,0.4914,0.0
imdb,noniid,20,2025,5,4,0.691776,0.0,0.6408089345004527,0.0,0.929788888888889,0.0,,0.4914,0.0,0.0,0.0,0.7245618104934692,0.0,0.0,0.7245618104934692,0.4914,0.0
imdb,noniid,20,2025,5,5,0.691776,0.0,0.6408089345004527,0.0,0.929788888888889,0.0,,0.4914,0.0,0.0,0.0,0.7245618104934692,0.0,0.0,0.7245618104934692,0.4914,0.0
imdb,noniid,20,2025,5,6,0.691776,0.0,0.6408089345004527,0.0,0.929788888888889,0.0,,0.4914,0.0,0.0,0.0,0.7245618104934692,0.0,0.0,0.7245618104934692,0.4914,0.0
imdb,noniid,20,2025,5,7,0.691776,0.0,0.6408089345004527,0.0,0.929788888888889,0.0,,0.4914,0.0,0.0,0.0,0.7245618104934692,0.0,0.0,0.7245618104934692,0.4914,0.0
imdb,noniid,20,2025,5,8,0.691776,0.0,0.6408089345004527,0.0,0.929788888888889,0.0,,0.4914,0.0,0.0,0.0,0.7245618104934692,0.0,0.0,0.7245618104934692,0.4914,0.0
imdb,noniid,20,2025,5,9,0.691776,0.0,0.6408089345004527,0.0,0.929788888888889,0.0,,0.4914,0.0,0.0,0.0,0.7245618104934692,0.0,0.0,0.7245618104934692,0.4914,0.0
imdb,noniid,20,2025,5,10,0.691776,0.0,0.6408089345004527,0.0,0.929788888888889,0.0,,0.4914,0.0,0.0,0.0,0.7245618104934692,0.0,0.0,0.7245618104934692,0.4914,0.0
imdb,noniid,20,2025,5,11,0.691776,0.0,0.6408089345004527,0.0,0.929788888888889,0.0,,0.4914,0.0,0.0,0.0,0.7245618104934692,0.0,0.0,0.7245618104934692,0.4914,0.0
imdb,noniid,20,2025,5,12,0.691776,0.0845225333333333,0.6408089345004527,0.1248764449595726,0.929788888888889,0.0007325925925926,,0.4914,0.0,0.0,0.0,0.7245618104934692,0.0,0.0,0.7245618104934692,0.4914,0.0
imdb,noniid,20,2025,5,13,0.691776,0.0,0.6408089345004527,0.0,0.929788888888889,0.0,,0.4914,0.0,0.0,0.0,0.7245618104934692,-0.0013986531056855,0.0,0.7245618104934692,0.4914,0.0
imdb,noniid,20,2025,5,14,0.691776,0.0,0.6408089345004527,0.0,0.929788888888889,0.0,,0.4914,0.0,0.0,0.0,0.7245618104934692,0.0,0.0,0.7245618104934692,0.4914,0.0
imdb,noniid,20,2025,5,15,0.691776,0.0,0.6408089345004527,0.0,0.929788888888889,0.0,,0.4914,0.0,0.0,0.0,0.7245618104934692,0.0,0.0,0.7245618104934692,0.4914,0.0
imdb,noniid,20,2025,5,16,0.691776,0.0,0.6408089345004527,0.0,0.929788888888889,-9.925925925926928e-05,,0.4914,0.0,0.0,0.0,0.7245618104934692,0.0,0.0,0.7245618104934692,0.4914,0.0
imdb,noniid,20,2025,5,17,0.691776,0.0,0.6408089345004527,0.0,0.929788888888889,0.0,,0.4914,0.0,0.0,0.0,0.7245618104934692,0.0,0.0,0.7245618104934692,0.4914,0.0
imdb,noniid,20,2025,5,18,0.691776,0.0,0.6408089345004527,0.0,0.929788888888889,-0.0008125925925926,,0.4914,0.0,0.0,0.0,0.7245618104934692,0.0,0.0,0.7245618104934692,0.4914,0.0
imdb,noniid,20,2025,5,19,0.691776,0.0,0.6408089345004527,0.0,0.929788888888889,0.0,,0.4914,0.0,0.0,0.0,0.7245618104934692,0.0,0.0,0.7245618104934692,0.4914,0.0
imdb,noniid,20,2025,6,0,0.6945319999999999,0.0,0.6766589057043073,0.0,0.9406666666666668,0.0049429629629629,,0.4916,0.6666666666666666,0.0007864726700747,0.0015710919088766,0.7143082022666931,-0.0021627532808404,0.0,0.7143082022666931,0.4916,0.0
imdb,noniid,20,2025,6,1,0.6945319999999999,0.0,0.6766589057043073,0.0,0.9406666666666668,0.0,,0.4916,0.6666666666666666,0.0007864726700747,0.0015710919088766,0.7143082022666931,0.0,0.0,0.7143082022666931,0.4916,0.0
imdb,noniid,20,2025,6,2,0.6945319999999999,0.0,0.6766589057043073,0.0,0.9406666666666668,0.0,,0.4916,0.6666666666666666,0.0007864726700747,0.0015710919088766,0.7143082022666931,0.0,0.0,0.7143082022666931,0.4916,0.0
imdb,noniid,20,2025,6,3,0.6945319999999999,0.0,0.6766589057043073,0.0,0.9406666666666668,0.0,,0.4916,0.6666666666666666,0.0007864726700747,0.0015710919088766,0.7143082022666931,0.0,0.0,0.7143082022666931,0.4916,0.0
imdb,noniid,20,2025,6,4,0.6945319999999999,0.0,0.6766589057043073,0.0,0.9406666666666668,0.0,,0.4916,0.6666666666666666,0.0007864726700747,0.0015710919088766,0.7143082022666931,0.0,0.0,0.7143082022666931,0.4916,0.0
imdb,noniid,20,2025,6,5,0.6945319999999999,0.0,0.6766589057043073,0.0,0.9406666666666668,0.0,,0.4916,0.6666666666666666,0.0007864726700747,0.0015710919088766,0.7143082022666931,0.0,0.0,0.7143082022666931,0.4916,0.0
imdb,noniid,20,2025,6,6,0.6945319999999999,0.0,0.6766589057043073,0.0,0.9406666666666668,0.0,,0.4916,0.6666666666666666,0.0007864726700747,0.0015710919088766,0.7143082022666931,0.0,0.0,0.7143082022666931,0.4916,0.0
imdb,noniid,20,2025,6,7,0.6945319999999999,0.0,0.6766589057043073,0.0,0.9406666666666668,0.0,,0.4916,0.6666666666666666,0.0007864726700747,0.0015710919088766,0.7143082022666931,0.0,0.0,0.7143082022666931,0.4916,0.0
imdb,noniid,20,2025,6,8,0.6945319999999999,0.0,0.6766589057043073,0.0,0.9406666666666668,0.0,,0.4916,0.6666666666666666,0.0007864726700747,0.0015710919088766,0.7143082022666931,0.0,0.0,0.7143082022666931,0.4916,0.0
imdb,noniid,20,2025,6,9,0.6945319999999999,0.0,0.6766589057043073,0.0,0.9406666666666668,0.0,,0.4916,0.6666666666666666,0.0007864726700747,0.0015710919088766,0.7143082022666931,0.0,0.0,0.7143082022666931,0.4916,0.0
imdb,noniid,20,2025,6,10,0.6945319999999999,0.0,0.6766589057043073,0.0,0.9406666666666668,0.0,,0.4916,0.6666666666666666,0.0007864726700747,0.0015710919088766,0.7143082022666931,0.0,0.0,0.7143082022666931,0.4916,0.0
imdb,noniid,20,2025,6,11,0.6945319999999999,0.0,0.6766589057043073,0.0,0.9406666666666668,0.0,,0.4916,0.6666666666666666,0.0007864726700747,0.0015710919088766,0.7143082022666931,0.0,0.0,0.7143082022666931,0.4916,0.0
imdb,noniid,20,2025,6,12,0.6945319999999999,0.0668536666666666,0.6766589057043073,0.0853722030590029,0.9406666666666668,0.0,,0.4916,0.6666666666666666,0.0007864726700747,0.0015710919088766,0.7143082022666931,0.0,0.0,0.7143082022666931,0.4916,0.0
imdb,noniid,20,2025,6,13,0.6945319999999999,0.0,0.6766589057043073,0.0,0.9406666666666668,0.0,,0.4916,0.6666666666666666,0.0007864726700747,0.0015710919088766,0.7143082022666931,0.0,0.0,0.7143082022666931,0.4916,0.0
imdb,noniid,20,2025,6,14,0.6945319999999999,0.0,0.6766589057043073,0.0,0.9406666666666668,0.0,,0.4916,0.6666666666666666,0.0007864726700747,0.0015710919088766,0.7143082022666931,0.0,0.0,0.7143082022666931,0.4916,0.0
imdb,noniid,20,2025,6,15,0.6945319999999999,0.0,0.6766589057043073,0.0,0.9406666666666668,0.0,,0.4916,0.6666666666666666,0.0007864726700747,0.0015710919088766,0.7143082022666931,0.0,0.0,0.7143082022666931,0.4916,0.0
imdb,noniid,20,2025,6,16,0.6945319999999999,0.0,0.6766589057043073,0.0,0.9406666666666668,0.0,,0.4916,0.6666666666666666,0.0007864726700747,0.0015710919088766,0.7143082022666931,0.0,0.0,0.7143082022666931,0.4916,0.0
imdb,noniid,20,2025,6,17,0.6945319999999999,0.0,0.6766589057043073,0.0,0.9406666666666668,0.0042459259259259,,0.4916,0.6666666666666666,0.0007864726700747,0.0015710919088766,0.7143082022666931,0.0,0.0,0.7143082022666931,0.4916,0.0
imdb,noniid,20,2025,6,18,0.6945319999999999,0.0,0.6766589057043073,0.0,0.9406666666666668,0.0,,0.4916,0.6666666666666666,0.0007864726700747,0.0015710919088766,0.7143082022666931,0.0,0.0,0.7143082022666931,0.4916,0.0
imdb,noniid,20,2025,6,19,0.6945319999999999,0.0,0.6766589057043073,0.0,0.9406666666666668,0.0,,0.4916,0.6666666666666666,0.0007864726700747,0.0015710919088766,0.7143082022666931,0.0,0.0,0.7143082022666931,0.4916,0.0
imdb,noniid,20,2025,7,0,0.700312,0.0,0.7147717607031472,0.0,0.8906222222222222,0.0,,0.4952,0.7714285714285715,0.0106173810460086,0.0209464701318851,0.6995964646339417,-0.0029769000328576,0.0,0.6995964646339417,0.4952,0.0
imdb,noniid,20,2025,7,1,0.700312,0.0,0.7147717607031472,0.0,0.8906222222222222,0.0,,0.4952,0.7714285714285715,0.0106173810460086,0.0209464701318851,0.6995964646339417,0.0,0.0,0.6995964646339417,0.4952,0.0
imdb,noniid,20,2025,7,2,0.700312,0.0,0.7147717607031472,0.0,0.8906222222222222,0.0,,0.4952,0.7714285714285715,0.0106173810460086,0.0209464701318851,0.6995964646339417,0.0,0.0,0.6995964646339417,0.4952,0.0
imdb,noniid,20,2025,7,3,0.700312,0.0,0.7147717607031472,0.0,0.8906222222222222,0.0,,0.4952,0.7714285714285715,0.0106173810460086,0.0209464701318851,0.6995964646339417,0.0,0.0,0.6995964646339417,0.4952,0.0
imdb,noniid,20,2025,7,4,0.700312,0.0,0.7147717607031472,0.0,0.8906222222222222,0.0,,0.4952,0.7714285714285715,0.0106173810460086,0.0209464701318851,0.6995964646339417,0.0,0.0,0.6995964646339417,0.4952,0.0
imdb,noniid,20,2025,7,5,0.700312,0.0,0.7147717607031472,0.0,0.8906222222222222,0.0,,0.4952,0.7714285714285715,0.0106173810460086,0.0209464701318851,0.6995964646339417,0.0,0.0,0.6995964646339417,0.4952,0.0
imdb,noniid,20,2025,7,6,0.700312,0.0,0.7147717607031472,0.0,0.8906222222222222,0.0,,0.4952,0.7714285714285715,0.0106173810460086,0.0209464701318851,0.6995964646339417,0.0,0.0,0.6995964646339417,0.4952,0.0
imdb,noniid,20,2025,7,7,0.700312,0.0,0.7147717607031472,0.0,0.8906222222222222,0.0,,0.4952,0.7714285714285715,0.0106173810460086,0.0209464701318851,0.6995964646339417,0.0,0.0,0.6995964646339417,0.4952,0.0
imdb,noniid,20,2025,7,8,0.700312,0.0,0.7147717607031472,0.0,0.8906222222222222,0.0,,0.4952,0.7714285714285715,0.0106173810460086,0.0209464701318851,0.6995964646339417,0.0,0.0,0.6995964646339417,0.4952,0.0
imdb,noniid,20,2025,7,9,0.700312,0.0,0.7147717607031472,0.0,0.8906222222222222,0.0,,0.4952,0.7714285714285715,0.0106173810460086,0.0209464701318851,0.6995964646339417,0.0,0.0,0.6995964646339417,0.4952,0.0
imdb,noniid,20,2025,7,10,0.700312,0.0,0.7147717607031472,0.0,0.8906222222222222,0.0,,0.4952,0.7714285714285715,0.0106173810460086,0.0209464701318851,0.6995964646339417,0.0,0.0008923076923076,0.6995964646339417,0.4952,0.0008923076923076
imdb,noniid,20,2025,7,11,0.700312,0.0,0.7147717607031472,0.0,0.8906222222222222,0.0,,0.4952,0.7714285714285715,0.0106173810460086,0.0209464701318851,0.6995964646339417,0.0,0.0,0.6995964646339417,0.4952,0.0
imdb,noniid,20,2025,7,12,0.700312,0.0609494666666666,0.7147717607031472,0.0621057292635675,0.8906222222222222,0.0,,0.4952,0.7714285714285715,0.0106173810460086,0.0209464701318851,0.6995964646339417,0.0,0.0,0.6995964646339417,0.4952,0.0
imdb,noniid,20,2025,7,13,0.700312,0.0,0.7147717607031472,0.0,0.8906222222222222,0.0,,0.4952,0.7714285714285715,0.0106173810460086,0.0209464701318851,0.6995964646339417,0.0,0.0,0.6995964646339417,0.4952,0.0
imdb,noniid,20,2025,7,14,0.700312,0.0,0.7147717607031472,0.0,0.8906222222222222,0.0,,0.4952,0.7714285714285715,0.0106173810460086,0.0209464701318851,0.6995964646339417,0.0,0.0,0.6995964646339417,0.4952,0.0
imdb,noniid,20,2025,7,15,0.700312,0.0,0.7147717607031472,0.0,0.8906222222222222,0.0,,0.4952,0.7714285714285715,0.0106173810460086,0.0209464701318851,0.6995964646339417,0.0,0.0,0.6995964646339417,0.4952,0.0
imdb,noniid,20,2025,7,16,0.700312,0.0,0.7147717607031472,0.0,0.8906222222222222,0.0,,0.4952,0.7714285714285715,0.0106173810460086,0.0209464701318851,0.6995964646339417,0.0,0.0,0.6995964646339417,0.4952,0.0
imdb,noniid,20,2025,7,17,0.700312,0.0,0.7147717607031472,0.0,0.8906222222222222,0.0,,0.4952,0.7714285714285715,0.0106173810460086,0.0209464701318851,0.6995964646339417,0.0,0.0,0.6995964646339417,0.4952,0.0
imdb,noniid,20,2025,7,18,0.700312,0.0,0.7147717607031472,0.0,0.8906222222222222,0.0,,0.4952,0.7714285714285715,0.0106173810460086,0.0209464701318851,0.6995964646339417,0.0,0.0,0.6995964646339417,0.4952,0.0
imdb,noniid,20,2025,7,19,0.700312,0.0,0.7147717607031472,0.0,0.8906222222222222,0.0,,0.4952,0.7714285714285715,0.0106173810460086,0.0209464701318851,0.6995964646339417,0.0,0.0,0.6995964646339417,0.4952,0.0
imdb,noniid,20,2025,8,0,0.703632,0.0,0.737161789066814,0.0119814869670948,0.8881555555555556,0.0,,0.512,0.832258064516129,0.0507274872198191,0.0956263899184581,0.6820533275604248,0.0,0.0,0.6820533275604248,0.512,0.0
imdb,noniid,20,2025,8,1,0.703632,0.0,0.737161789066814,0.0,0.8881555555555556,-0.0021033333333333,,0.512,0.832258064516129,0.0507274872198191,0.0956263899184581,0.6820533275604248,0.0,0.0,0.6820533275604248,0.512,0.0
imdb,noniid,20,2025,8,2,0.703632,0.0,0.737161789066814,0.0,0.8881555555555556,0.0,,0.512,0.832258064516129,0.0507274872198191,0.0956263899184581,0.6820533275604248,0.0,0.0,0.6820533275604248,0.512,0.0
imdb,noniid,20,2025,8,3,0.703632,0.0,0.737161789066814,0.0,0.8881555555555556,0.0,,0.512,0.832258064516129,0.0507274872198191,0.0956263899184581,0.6820533275604248,0.0,0.0,0.6820533275604248,0.512,0.0
imdb,noniid,20,2025,8,4,0.703632,0.0,0.737161789066814,0.0,0.8881555555555556,0.0,,0.512,0.832258064516129,0.0507274872198191,0.0956263899184581,0.6820533275604248,0.0,0.0,0.6820533275604248,0.512,0.0
imdb,noniid,20,2025,8,5,0.703632,0.0185434666666666,0.737161789066814,0.0,0.8881555555555556,0.0,,0.512,0.832258064516129,0.0507274872198191,0.0956263899184581,0.6820533275604248,0.0,0.0,0.6820533275604248,0.512,0.0
imdb,noniid,20,2025,8,6,0.703632,0.0,0.737161789066814,0.0,0.8881555555555556,0.0,,0.512,0.832258064516129,0.0507274872198191,0.0956263899184581,0.6820533275604248,0.0,0.0,0.6820533275604248,0.512,0.0
imdb,noniid,20,2025,8,7,0.703632,0.0,0.737161789066814,0.0,0.8881555555555556,0.0,,0.512,0.832258064516129,0.0507274872198191,0.0956263899184581,0.6820533275604248,0.0,0.0,0.6820533275604248,0.512,0.0
imdb,noniid,20,2025,8,8,0.703632,0.0,0.737161789066814,0.0,0.8881555555555556,0.0,,0.512,0.832258064516129,0.0507274872198191,0.0956263899184581,0.6820533275604248,0.0,0.0,0.6820533275604248,0.512,0.0
imdb,noniid,20,2025,8,9,0.703632,0.0,0.737161789066814,0.0,0.8881555555555556,0.0,,0.512,0.832258064516129,0.0507274872198191,0.0956263899184581,0.6820533275604248,0.0,0.0,0.6820533275604248,0.512,0.0
imdb,noniid,20,2025,8,10,0.703632,0.0,0.737161789066814,0.0,0.8881555555555556,0.0,,0.512,0.832258064516129,0.0507274872198191,0.0956263899184581,0.6820533275604248,-0.0026391372921761,0.003577358490566,0.6820533275604248,0.512,0.003577358490566
imdb,noniid,20,2025,8,11,0.703632,0.0,0.737161789066814,0.0,0.8881555555555556,0.0,,0.512,0.832258064516129,0.0507274872198191,0.0956263899184581,0.6820533275604248,0.0,0.0,0.6820533275604248,0.512,0.0
imdb,noniid,20,2025,8,12,0.703632,0.0,0.737161789066814,0.0,0.8881555555555556,0.0013892592592592,,0.512,0.832258064516129,0.0507274872198191,0.0956263899184581,0.6820533275604248,0.0,0.0,0.6820533275604248,0.512,0.0
imdb,noniid,20,2025,8,13,0.703632,0.0,0.737161789066814,0.0,0.8881555555555556,0.0,,0.512,0.832258064516129,0.0507274872198191,0.0956263899184581,0.6820533275604248,0.0,0.0,0.6820533275604248,0.512,0.0
imdb,noniid,20,2025,8,14,0.703632,0.0,0.737161789066814,0.0,0.8881555555555556,0.0,,0.512,0.832258064516129,0.0507274872198191,0.0956263899184581,0.6820533275604248,0.0,0.0,0.6820533275604248,0.512,0.0
imdb,noniid,20,2025,8,15,0.703632,0.0,0.737161789066814,0.0,0.8881555555555556,0.0,,0.512,0.832258064516129,0.0507274872198191,0.0956263899184581,0.6820533275604248,0.0,0.0,0.6820533275604248,0.512,0.0
imdb,noniid,20,2025,8,16,0.703632,0.0,0.737161789066814,0.0,0.8881555555555556,-0.0018262962962962,,0.512,0.832258064516129,0.0507274872198191,0.0956263899184581,0.6820533275604248,0.0,0.0,0.6820533275604248,0.512,0.0
imdb,noniid,20,2025,8,17,0.703632,0.0,0.737161789066814,0.0,0.8881555555555556,0.0,,0.512,0.832258064516129,0.0507274872198191,0.0956263899184581,0.6820533275604248,0.0,0.0,0.6820533275604248,0.512,0.0
imdb,noniid,20,2025,8,18,0.703632,0.0,0.737161789066814,0.0,0.8881555555555556,0.0,,0.512,0.832258064516129,0.0507274872198191,0.0956263899184581,0.6820533275604248,0.0,0.0,0.6820533275604248,0.512,0.0
imdb,noniid,20,2025,8,19,0.703632,0.0,0.737161789066814,0.0,0.8881555555555556,0.0,,0.512,0.832258064516129,0.0507274872198191,0.0956263899184581,0.6820533275604248,0.0,0.0,0.6820533275604248,0.512,0.0
imdb,noniid,20,2025,9,0,0.7060660000000001,0.0,0.7617758527341635,-0.0034730665137079,0.8338444444444446,0.0,,0.5424,0.8571428571428571,0.1203303185214313,0.2110344827586207,0.6632370948791504,0.0,0.0,0.6632370948791504,0.5424,0.0
imdb,noniid,20,2025,9,1,0.7060660000000001,0.0,0.7617758527341635,0.0,0.8338444444444446,0.0,,0.5424,0.8571428571428571,0.1203303185214313,0.2110344827586207,0.6632370948791504,0.0,0.0,0.6632370948791504,0.5424,0.0
imdb,noniid,20,2025,9,2,0.7060660000000001,0.0,0.7617758527341635,0.0,0.8338444444444446,0.0,,0.5424,0.8571428571428571,0.1203303185214313,0.2110344827586207,0.6632370948791504,0.0,0.0,0.6632370948791504,0.5424,0.0
imdb,noniid,20,2025,9,3,0.7060660000000001,0.0,0.7617758527341635,0.0,0.8338444444444446,0.0,,0.5424,0.8571428571428571,0.1203303185214313,0.2110344827586207,0.6632370948791504,0.0,0.0,0.6632370948791504,0.5424,0.0
imdb,noniid,20,2025,9,4,0.7060660000000001,0.0,0.7617758527341635,0.0,0.8338444444444446,0.0,,0.5424,0.8571428571428571,0.1203303185214313,0.2110344827586207,0.6632370948791504,0.0,0.0,0.6632370948791504,0.5424,0.0
imdb,noniid,20,2025,9,5,0.7060660000000001,0.0337005333333333,0.7617758527341635,0.0,0.8338444444444446,0.0,,0.5424,0.8571428571428571,0.1203303185214313,0.2110344827586207,0.6632370948791504,0.0,0.0,0.6632370948791504,0.5424,0.0
imdb,noniid,20,2025,9,6,0.7060660000000001,0.0,0.7617758527341635,0.0,0.8338444444444446,0.0,,0.5424,0.8571428571428571,0.1203303185214313,0.2110344827586207,0.6632370948791504,0.0,0.0,0.6632370948791504,0.5424,0.0
imdb,noniid,20,2025,9,7,0.7060660000000001,0.0,0.7617758527341635,0.0,0.8338444444444446,0.0,,0.5424,0.8571428571428571,0.1203303185214313,0.2110344827586207,0.6632370948791504,0.0,0.0,0.6632370948791504,0.5424,0.0
imdb,noniid,20,2025,9,8,0.7060660000000001,0.0,0.7617758527341635,0.0,0.8338444444444446,0.0,,0.5424,0.8571428571428571,0.1203303185214313,0.2110344827586207,0.6632370948791504,0.0,0.0,0.6632370948791504,0.5424,0.0
imdb,noniid,20,2025,9,9,0.7060660000000001,0.0,0.7617758527341635,0.0,0.8338444444444446,0.0,,0.5424,0.8571428571428571,0.1203303185214313,0.2110344827586207,0.6632370948791504,0.0,0.0,0.6632370948791504,0.5424,0.0
imdb,noniid,20,2025,9,10,0.7060660000000001,0.0,0.7617758527341635,0.0,0.8338444444444446,0.0,,0.5424,0.8571428571428571,0.1203303185214313,0.2110344827586207,0.6632370948791504,-0.0029770985978548,0.0061811764705882,0.6632370948791504,0.5424,0.0061811764705882
imdb,noniid,20,2025,9,11,0.7060660000000001,0.0,0.7617758527341635,0.0,0.8338444444444446,0.0,,0.5424,0.8571428571428571,0.1203303185214313,0.2110344827586207,0.6632370948791504,0.0,0.0,0.6632370948791504,0.5424,0.0
imdb,noniid,20,2025,9,12,0.7060660000000001,0.0284244,0.7617758527341635,0.0,0.8338444444444446,0.0,,0.5424,0.8571428571428571,0.1203303185214313,0.2110344827586207,0.6632370948791504,0.0,0.0,0.6632370948791504,0.5424,0.0
imdb,noniid,20,2025,9,13,0.7060660000000001,0.0,0.7617758527341635,0.0,0.8338444444444446,0.0,,0.5424,0.8571428571428571,0.1203303185214313,0.2110344827586207,0.6632370948791504,0.0,0.0,0.6632370948791504,0.5424,0.0
imdb,noniid,20,2025,9,14,0.7060660000000001,0.0,0.7617758527341635,0.0,0.8338444444444446,0.0,,0.5424,0.8571428571428571,0.1203303185214313,0.2110344827586207,0.6632370948791504,0.0,0.0,0.6632370948791504,0.5424,0.0
imdb,noniid,20,2025,9,15,0.7060660000000001,0.0,0.7617758527341635,0.0,0.8338444444444446,0.0,,0.5424,0.8571428571428571,0.1203303185214313,0.2110344827586207,0.6632370948791504,0.0,0.0,0.6632370948791504,0.5424,0.0
imdb,noniid,20,2025,9,16,0.7060660000000001,0.0,0.7617758527341635,0.0,0.8338444444444446,0.0,,0.5424,0.8571428571428571,0.1203303185214313,0.2110344827586207,0.6632370948791504,0.0,0.0,0.6632370948791504,0.5424,0.0
imdb,noniid,20,2025,9,17,0.7060660000000001,0.0,0.7617758527341635,0.0,0.8338444444444446,0.0,,0.5424,0.8571428571428571,0.1203303185214313,0.2110344827586207,0.6632370948791504,0.0,0.0,0.6632370948791504,0.5424,0.0
imdb,noniid,20,2025,9,18,0.7060660000000001,0.0,0.7617758527341635,0.0,0.8338444444444446,0.0,,0.5424,0.8571428571428571,0.1203303185214313,0.2110344827586207,0.6632370948791504,0.0,0.0,0.6632370948791504,0.5424,0.0
imdb,noniid,20,2025,9,19,0.7060660000000001,0.0,0.7617758527341635,0.0,0.8338444444444446,0.0,,0.5424,0.8571428571428571,0.1203303185214313,0.2110344827586207,0.6632370948791504,0.0,0.0,0.6632370948791504,0.5424,0.0
imdb,noniid,20,2025,10,0,0.708616,0.0,0.7785163520340335,0.003611133100561,0.940977777777778,0.0,,0.5808,0.8682042833607908,0.2072355485646873,0.3346031746031746,0.6442230343818665,0.0,0.0,0.6442230343818665,0.5808,0.0
imdb,noniid,20,2025,10,1,0.708616,0.0,0.7785163520340335,0.0,0.940977777777778,0.0,,0.5808,0.8682042833607908,0.2072355485646873,0.3346031746031746,0.6442230343818665,0.0,0.0,0.6442230343818665,0.5808,0.0
imdb,noniid,20,2025,10,2,0.708616,0.0,0.7785163520340335,0.0,0.940977777777778,0.0,,0.5808,0.8682042833607908,0.2072355485646873,0.3346031746031746,0.6442230343818665,0.0,0.0,0.6442230343818665,0.5808,0.0
imdb,noniid,20,2025,10,3,0.708616,0.0,0.7785163520340335,0.0,0.940977777777778,0.0,,0.5808,0.8682042833607908,0.2072355485646873,0.3346031746031746,0.6442230343818665,0.0,0.0,0.6442230343818665,0.5808,0.0
imdb,noniid,20,2025,10,4,0.708616,0.0,0.7785163520340335,0.0,0.940977777777778,0.0,,0.5808,0.8682042833607908,0.2072355485646873,0.3346031746031746,0.6442230343818665,0.0,0.0,0.6442230343818665,0.5808,0.0
imdb,noniid,20,2025,10,5,0.708616,0.0169610666666666,0.7785163520340335,0.0,0.940977777777778,0.0019859259259259,,0.5808,0.8682042833607908,0.2072355485646873,0.3346031746031746,0.6442230343818665,0.0,0.0,0.6442230343818665,0.5808,0.0
imdb,noniid,20,2025,10,6,0.708616,0.0,0.7785163520340335,0.0,0.940977777777778,0.0,,0.5808,0.8682042833607908,0.2072355485646873,0.3346031746031746,0.6442230343818665,0.0,0.0,0.6442230343818665,0.5808,0.0
imdb,noniid,20,2025,10,7,0.708616,0.0,0.7785163520340335,0.0,0.940977777777778,0.0,,0.5808,0.8682042833607908,0.2072355485646873,0.3346031746031746,0.6442230343818665,0.0,0.0,0.6442230343818665,0.5808,0.0
imdb,noniid,20,2025,10,8,0.708616,0.0,0.7785163520340335,0.0,0.940977777777778,0.0,,0.5808,0.8682042833607908,0.2072355485646873,0.3346031746031746,0.6442230343818665,0.0,0.0,0.6442230343818665,0.5808,0.0
imdb,noniid,20,2025,10,9,0.708616,0.0,0.7785163520340335,0.0,0.940977777777778,0.0,,0.5808,0.8682042833607908,0.2072355485646873,0.3346031746031746,0.6442230343818665,0.0,0.0,0.6442230343818665,0.5808,0.0
imdb,noniid,20,2025,10,10,0.708616,0.0,0.7785163520340335,0.0,0.940977777777778,0.0,,0.5808,0.8682042833607908,0.2072355485646873,0.3346031746031746,0.6442230343818665,-0.0032261124123697,0.007878453038674,0.6442230343818665,0.5808,0.007878453038674
imdb,noniid,20,2025,10,11,0.708616,0.0,0.7785163520340335,0.0,0.940977777777778,0.0,,0.5808,0.8682042833607908,0.2072355485646873,0.3346031746031746,0.6442230343818665,0.0,0.0,0.6442230343818665,0.5808,0.0
imdb,noniid,20,2025,10,12,0.708616,0.0,0.7785163520340335,0.0,0.940977777777778,0.0,,0.5808,0.8682042833607908,0.2072355485646873,0.3346031746031746,0.6442230343818665,0.0,0.0,0.6442230343818665,0.5808,0.0
imdb,noniid,20,2025,10,13,0.708616,0.0,0.7785163520340335,0.0,0.940977777777778,0.0,,0.5808,0.8682042833607908,0.2072355485646873,0.3346031746031746,0.6442230343818665,0.0,0.0,0.6442230343818665,0.5808,0.0
imdb,noniid,20,2025,10,14,0.708616,0.0,0.7785163520340335,0.0,0.940977777777778,0.0,,0.5808,0.8682042833607908,0.2072355485646873,0.3346031746031746,0.6442230343818665,0.0,0.0,0.6442230343818665,0.5808,0.0
imdb,noniid,20,2025,10,15,0.708616,0.0,0.7785163520340335,0.0,0.940977777777778,0.0,,0.5808,0.8682042833607908,0.2072355485646873,0.3346031746031746,0.6442230343818665,0.0,0.0,0.6442230343818665,0.5808,0.0
imdb,noniid,20,2025,10,16,0.708616,0.0,0.7785163520340335,0.0,0.940977777777778,0.0,,0.5808,0.8682042833607908,0.2072355485646873,0.3346031746031746,0.6442230343818665,0.0,0.0,0.6442230343818665,0.5808,0.0
imdb,noniid,20,2025,10,17,0.708616,0.0,0.7785163520340335,0.0,0.940977777777778,0.0,,0.5808,0.8682042833607908,0.2072355485646873,0.3346031746031746,0.6442230343818665,0.0,0.0,0.6442230343818665,0.5808,0.0
imdb,noniid,20,2025,10,18,0.708616,0.0,0.7785163520340335,0.0,0.940977777777778,0.0,,0.5808,0.8682042833607908,0.2072355485646873,0.3346031746031746,0.6442230343818665,0.0,0.0,0.6442230343818665,0.5808,0.0
imdb,noniid,20,2025,10,19,0.708616,0.0,0.7785163520340335,0.0,0.940977777777778,0.0,,0.5808,0.8682042833607908,0.2072355485646873,0.3346031746031746,0.6442230343818665,0.0,0.0,0.6442230343818665,0.5808,0.0
imdb,noniid,4,2025,1,0,0.586706,0.0,0.4109777015437393,0.0,0.9446,0.0,,0.4914,0.0,0.0,0.0,0.7217580080032349,0.0,0.00064,0.7217580080032349,0.4914,0.00064
imdb,noniid,4,2025,1,1,0.586706,0.0,0.4109777015437393,0.0216377672197067,0.9446,0.0,,0.4914,0.0,0.0,0.0,0.7217580080032349,0.0,0.0,0.7217580080032349,0.4914,0.0
imdb,noniid,4,2025,1,2,0.586706,0.0330524666666667,0.4109777015437393,0.0,0.9446,0.0,,0.4914,0.0,0.0,0.0,0.7217580080032349,0.0,0.0,0.7217580080032349,0.4914,0.0
imdb,noniid,4,2025,1,3,0.586706,0.0,0.4109777015437393,0.0,0.9446,0.0041674074074073,,0.4914,0.0,0.0,0.0,0.7217580080032349,-0.0014782309532165,0.0,0.7217580080032349,0.4914,0.0
imdb,noniid,4,2025,2,0,0.590344,0.0,0.5447562776957164,0.0,0.8738666666666666,0.0,,0.4972,0.7636363636363637,0.016515926071569,0.0323325635103926,0.6955268383026123,0.0,0.0,0.6955268383026123,0.4972,0.0
imdb,noniid,4,2025,2,1,0.590344,0.0,0.5447562776957164,0.0444058096799113,0.8738666666666666,0.0,,0.4972,0.7636363636363637,0.016515926071569,0.0323325635103926,0.6955268383026123,0.0,0.0,0.6955268383026123,0.4972,0.0
imdb,noniid,4,2025,2,2,0.590344,-0.0289058666666666,0.5447562776957164,0.0,0.8738666666666666,-0.0031051851851851,,0.4972,0.7636363636363637,0.016515926071569,0.0323325635103926,0.6955268383026123,0.0,0.0,0.6955268383026123,0.4972,0.0
imdb,noniid,4,2025,2,3,0.590344,0.0,0.5447562776957164,0.0,0.8738666666666666,0.0,,0.4972,0.7636363636363637,0.016515926071569,0.0323325635103926,0.6955268383026123,-0.0246390124162038,0.01432,0.6955268383026123,0.4972,0.01432
imdb,noniid,4,2025,3,0,0.613958,0.0,0.6589722451222864,0.0,0.9218888888888888,-0.0052588888888888,,0.6156,0.8237747653806048,0.3106567046795124,0.4511707595659623,0.6344008445739746,0.0,0.0,0.6344008445739746,0.6156,0.0
imdb,noniid,4,2025,3,1,0.613958,0.0,0.6589722451222864,0.0,0.9218888888888888,0.0,,0.6156,0.8237747653806048,0.3106567046795124,0.4511707595659623,0.6344008445739746,0.0,0.0,0.6344008445739746,0.6156,0.0
imdb,noniid,4,2025,3,2,0.613958,0.0369439999999999,0.6589722451222864,-0.0169366898314663,0.9218888888888888,0.003011111111111,,0.6156,0.8237747653806048,0.3106567046795124,0.4511707595659623,0.6344008445739746,0.0,0.0,0.6344008445739746,0.6156,0.0
imdb,noniid,4,2025,3,3,0.613958,0.0,0.6589722451222864,0.0,0.9218888888888888,-0.0086874074074074,,0.6156,0.8237747653806048,0.3106567046795124,0.4511707595659623,0.6344008445739746,-0.040828130642573,0.0688933333333333,0.6344008445739746,0.6156,0.0688933333333333
imdb,noniid,4,2025,4,0,0.63818,0.0,0.7190363969625556,0.0,0.8603555555555555,0.0,,0.7002,0.8484646194926568,0.4998033818324813,0.6290522147983173,0.5722679495811462,0.0,0.0,0.5722679495811462,0.7002,0.0
imdb,noniid,4,2025,4,1,0.63818,0.0,0.7190363969625556,0.0,0.8603555555555555,0.0,,0.7002,0.8484646194926568,0.4998033818324813,0.6290522147983173,0.5722679495811462,0.0,0.0,0.5722679495811462,0.7002,0.0
imdb,noniid,4,2025,4,2,0.63818,0.0076254666666666,0.7190363969625556,-0.0326873674935107,0.8603555555555555,0.0,,0.7002,0.8484646194926568,0.4998033818324813,0.6290522147983173,0.5722679495811462,0.0,0.0,0.5722679495811462,0.7002,0.0
imdb,noniid,4,2025,4,3,0.63818,0.0,0.7190363969625556,0.0,0.8603555555555555,0.0,,0.7002,0.8484646194926568,0.4998033818324813,0.6290522147983173,0.5722679495811462,-0.045521334807078,0.0562533333333333,0.5722679495811462,0.7002,0.0562533333333333
imdb,noniid,4,2025,5,0,0.662744,0.0,0.7637249871729092,0.0,0.8455777777777778,-0.0186299999999999,,0.7418,0.8605990783410138,0.587495084545812,0.698293993923814,0.5272558331489563,0.0,0.0,0.5272558331489563,0.7418,0.0
imdb,noniid,4,2025,5,1,0.662744,0.0,0.7637249871729092,0.0,0.8455777777777778,-0.0123488888888889,,0.7418,0.8605990783410138,0.587495084545812,0.698293993923814,0.5272558331489563,0.0,0.0,0.5272558331489563,0.7418,0.0
imdb,noniid,4,2025,5,2,0.662744,-0.0036704666666666,0.7637249871729092,-0.0229371247460872,0.8455777777777778,0.0,,0.7418,0.8605990783410138,0.587495084545812,0.698293993923814,0.5272558331489563,0.0,0.0,0.5272558331489563,0.7418,0.0
imdb,noniid,4,2025,5,3,0.662744,0.0,0.7637249871729092,0.0,0.8455777777777778,-0.0106137037037036,,0.7418,0.8605990783410138,0.587495084545812,0.698293993923814,0.5272558331489563,-0.0330737342437108,0.0339333333333333,0.5272558331489563,0.7418,0.0339333333333333
imdb,noniid,4,2025,6,0,0.685368,0.0,0.7992433795712485,0.0,0.9339444444444444,0.0,,0.7674,0.8582554517133957,0.6500196618167519,0.7397628104721414,0.4956873655319214,0.0,0.0,0.4956873655319214,0.7674,0.0
imdb,noniid,4,2025,6,1,0.685368,0.0,0.7992433795712485,0.0,0.9339444444444444,-0.0043696296296295,,0.7674,0.8582554517133957,0.6500196618167519,0.7397628104721414,0.4956873655319214,0.0,0.0,0.4956873655319214,0.7674,0.0
imdb,noniid,4,2025,6,2,0.685368,0.0047889999999999,0.7992433795712485,-0.0152020965070204,0.9339444444444444,0.0,,0.7674,0.8582554517133957,0.6500196618167519,0.7397628104721414,0.4956873655319214,0.0,0.0,0.4956873655319214,0.7674,0.0
imdb,noniid,4,2025,6,3,0.685368,0.0,0.7992433795712485,0.0,0.9339444444444444,0.0090281481481481,,0.7674,0.8582554517133957,0.6500196618167519,0.7397628104721414,0.4956873655319214,-0.0307502259810765,0.0233266666666666,0.4956873655319214,0.7674,0.0233266666666666
imdb,noniid,4,2025,7,0,0.703306,0.0,0.8161434977578476,0.0,0.8506444444444445,0.0,,0.7844,0.8578407425500733,0.6905230043255997,0.7651416122004358,0.4728082418441772,0.0,0.0,0.4728082418441772,0.7844,0.0
imdb,noniid,4,2025,7,1,0.703306,0.0,0.8161434977578476,0.0,0.8506444444444445,0.0079429629629629,,0.7844,0.8578407425500733,0.6905230043255997,0.7651416122004358,0.4728082418441772,0.0,0.0,0.4728082418441772,0.7844,0.0
imdb,noniid,4,2025,7,2,0.703306,0.0658383333333333,0.8161434977578476,0.028016103927476,0.8506444444444445,0.0,,0.7844,0.8578407425500733,0.6905230043255997,0.7651416122004358,0.4728082418441772,0.0,0.0,0.4728082418441772,0.7844,0.0
imdb,noniid,4,2025,7,3,0.703306,0.0,0.8161434977578476,0.0,0.8506444444444445,0.0,,0.7844,0.8578407425500733,0.6905230043255997,0.7651416122004358,0.4728082418441772,-0.0245414892832438,0.0177333333333333,0.4728082418441772,0.7844,0.0177333333333333
imdb,noniid,4,2025,8,0,0.7172959999999999,0.0,0.8349826818406729,0.0,0.8932666666666669,0.0,,0.7964,0.8568086102012167,0.7200157294534015,0.7824786324786325,0.4554720818996429,0.0,0.0,0.4554720818996429,0.7964,0.0
imdb,noniid,4,2025,8,1,0.7172959999999999,0.0,0.8349826818406729,0.0,0.8932666666666669,0.0,,0.7964,0.8568086102012167,0.7200157294534015,0.7824786324786325,0.4554720818996429,0.0,0.01058,0.4554720818996429,0.7964,0.01058
imdb,noniid,4,2025,8,2,0.7172959999999999,0.0338529999999999,0.8349826818406729,0.0098210134863127,0.8932666666666669,0.0,,0.7964,0.8568086102012167,0.7200157294534015,0.7824786324786325,0.4554720818996429,0.0,0.0,0.4554720818996429,0.7964,0.0
imdb,noniid,4,2025,8,3,0.7172959999999999,0.0,0.8349826818406729,0.0,0.8932666666666669,0.0034933333333333,,0.7964,0.8568086102012167,0.7200157294534015,0.7824786324786325,0.4554720818996429,-0.0200675586859385,0.0116066666666666,0.4554720818996429,0.7964,0.0116066666666666
imdb,noniid,4,2025,9,0,0.72923,0.0,0.8473826492995822,0.0,0.8159555555555555,0.0,,0.8052,0.8551380715255772,0.7428234368855682,0.79503367003367,0.4418713748455047,0.0,0.0,0.4418713748455047,0.8052,0.0
imdb,noniid,4,2025,9,1,0.72923,0.0,0.8473826492995822,0.0,0.8159555555555555,0.0,,0.8052,0.8551380715255772,0.7428234368855682,0.79503367003367,0.4418713748455047,0.0,0.0,0.4418713748455047,0.8052,0.0
imdb,noniid,4,2025,9,2,0.72923,0.0338256666666666,0.8473826492995822,0.0102682742624103,0.8159555555555555,-0.0001311111111112,,0.8052,0.8551380715255772,0.7428234368855682,0.79503367003367,0.4418713748455047,0.0,0.0,0.4418713748455047,0.8052,0.0
imdb,noniid,4,2025,9,3,0.72923,0.0,0.8473826492995822,0.0,0.8159555555555555,0.0,,0.8052,0.8551380715255772,0.7428234368855682,0.79503367003367,0.4418713748455047,-0.0180434207121531,0.0088133333333333,0.4418713748455047,0.8052,0.0088133333333333
imdb,noniid,4,2025,10,0,0.738478,0.0,0.8550122249388753,0.0,0.904977777777778,0.0,,0.8138,0.855379188712522,0.7628784899724734,0.8064851382249013,0.4309009909629822,0.0,0.0,0.4309009909629822,0.8138,0.0
imdb,noniid,4,2025,10,1,0.738478,0.0,0.8550122249388753,0.0,0.904977777777778,0.0,,0.8138,0.855379188712522,0.7628784899724734,0.8064851382249013,0.4309009909629822,0.0,0.0094599999999999,0.4309009909629822,0.8138,0.0094599999999999
imdb,noniid,4,2025,10,2,0.738478,0.0428535333333333,0.8550122249388753,0.0196119073860949,0.904977777777778,0.027374074074074,,0.8138,0.855379188712522,0.7628784899724734,0.8064851382249013,0.4309009909629822,0.0,0.0,0.4309009909629822,0.8138,0.0
imdb,noniid,4,2025,10,3,0.738478,0.0,0.8550122249388753,0.0,0.904977777777778,0.0,,0.8138,0.855379188712522,0.7628784899724734,0.8064851382249013,0.4309009909629822,-0.0150487671295801,0.0,0.4309009909629822,0.8138,0.0
imdb,noniid,20,9928,1,0,0.637954,0.0,0.5087585681645087,0.0,0.8335777777777778,0.0,,0.5086,0.5086,1.0,0.6742675328118786,0.6988914012908936,0.0,0.0,0.6988914012908936,0.5086,0.0
imdb,noniid,20,9928,1,1,0.637954,0.0,0.5087585681645087,0.0,0.8335777777777778,0.0,,0.5086,0.5086,1.0,0.6742675328118786,0.6988914012908936,0.0,0.0,0.6988914012908936,0.5086,0.0
imdb,noniid,20,9928,1,2,0.637954,0.0,0.5087585681645087,0.0,0.8335777777777778,0.0,,0.5086,0.5086,1.0,0.6742675328118786,0.6988914012908936,0.0,0.0,0.6988914012908936,0.5086,0.0
imdb,noniid,20,9928,1,3,0.637954,0.0,0.5087585681645087,0.0,0.8335777777777778,-0.0012607407407407,,0.5086,0.5086,1.0,0.6742675328118786,0.6988914012908936,0.0,0.0011677419354838,0.6988914012908936,0.5086,0.0011677419354838
imdb,noniid,20,9928,1,4,0.637954,0.0,0.5087585681645087,0.0,0.8335777777777778,0.0,,0.5086,0.5086,1.0,0.6742675328118786,0.6988914012908936,0.0,0.0,0.6988914012908936,0.5086,0.0
imdb,noniid,20,9928,1,5,0.637954,0.0,0.5087585681645087,0.0,0.8335777777777778,0.0,,0.5086,0.5086,1.0,0.6742675328118786,0.6988914012908936,0.0,0.0,0.6988914012908936,0.5086,0.0
imdb,noniid,20,9928,1,6,0.637954,0.0,0.5087585681645087,0.0,0.8335777777777778,0.0001881481481481,,0.5086,0.5086,1.0,0.6742675328118786,0.6988914012908936,0.0,0.0011645161290322,0.6988914012908936,0.5086,0.0011645161290322
imdb,noniid,20,9928,1,7,0.637954,0.0,0.5087585681645087,0.0,0.8335777777777778,0.0,,0.5086,0.5086,1.0,0.6742675328118786,0.6988914012908936,0.0,0.0,0.6988914012908936,0.5086,0.0
imdb,noniid,20,9928,1,8,0.637954,0.0534252,0.5087585681645087,0.1224303789209541,0.8335777777777778,0.0010014814814814,,0.5086,0.5086,1.0,0.6742675328118786,0.6988914012908936,0.0,0.0,0.6988914012908936,0.5086,0.0
imdb,noniid,20,9928,1,9,0.637954,0.0,0.5087585681645087,0.0,0.8335777777777778,0.0,,0.5086,0.5086,1.0,0.6742675328118786,0.6988914012908936,0.0,0.0,0.6988914012908936,0.5086,0.0
imdb,noniid,20,9928,1,10,0.637954,0.0,0.5087585681645087,0.0,0.8335777777777778,0.0,,0.5086,0.5086,1.0,0.6742675328118786,0.6988914012908936,0.0,0.0,0.6988914012908936,0.5086,0.0
imdb,noniid,20,9928,1,11,0.637954,0.0,0.5087585681645087,0.0,0.8335777777777778,0.0,,0.5086,0.5086,1.0,0.6742675328118786,0.6988914012908936,0.0,0.0,0.6988914012908936,0.5086,0.0
imdb,noniid,20,9928,1,12,0.637954,0.0,0.5087585681645087,0.0,0.8335777777777778,0.0,,0.5086,0.5086,1.0,0.6742675328118786,0.6988914012908936,0.0,-5.591397849462317e-05,0.6988914012908936,0.5086,-5.591397849462317e-05
imdb,noniid,20,9928,1,13,0.637954,0.0,0.5087585681645087,0.0,0.8335777777777778,0.0,,0.5086,0.5086,1.0,0.6742675328118786,0.6988914012908936,0.0,0.0,0.6988914012908936,0.5086,0.0
imdb,noniid,20,9928,1,14,0.637954,0.0,0.5087585681645087,0.0,0.8335777777777778,0.0,,0.5086,0.5086,1.0,0.6742675328118786,0.6988914012908936,0.0,5.9139784946235713e-05,0.6988914012908936,0.5086,5.9139784946235713e-05
imdb,noniid,20,9928,1,15,0.637954,0.0,0.5087585681645087,0.0,0.8335777777777778,0.0,,0.5086,0.5086,1.0,0.6742675328118786,0.6988914012908936,0.0,0.0,0.6988914012908936,0.5086,0.0
imdb,noniid,20,9928,1,16,0.637954,0.0,0.5087585681645087,0.0,0.8335777777777778,0.0,,0.5086,0.5086,1.0,0.6742675328118786,0.6988914012908936,0.0,0.0010064516129032,0.6988914012908936,0.5086,0.0010064516129032
imdb,noniid,20,9928,1,17,0.637954,0.0,0.5087585681645087,0.0,0.8335777777777778,0.0,,0.5086,0.5086,1.0,0.6742675328118786,0.6988914012908936,0.0,0.0,0.6988914012908936,0.5086,0.0
imdb,noniid,20,9928,1,18,0.637954,0.0,0.5087585681645087,0.0,0.8335777777777778,0.0,,0.5086,0.5086,1.0,0.6742675328118786,0.6988914012908936,0.0,0.0,0.6988914012908936,0.5086,0.0
imdb,noniid,20,9928,1,19,0.637954,0.0,0.5087585681645087,0.0,0.8335777777777778,0.0001596296296296,,0.5086,0.5086,1.0,0.6742675328118786,0.6988914012908936,0.0,0.0,0.6988914012908936,0.5086,0.0
imdb,noniid,20,9928,2,0,0.6427160000000001,0.0,0.5509242479159115,0.0,0.9302444444444444,0.0,,0.5086,0.5086,1.0,0.6742675328118786,0.7101798057556152,0.0,0.0,0.7101798057556152,0.5086,0.0
imdb,noniid,20,9928,2,1,0.6427160000000001,0.0,0.5509242479159115,0.0,0.9302444444444444,0.0,,0.5086,0.5086,1.0,0.6742675328118786,0.7101798057556152,0.0,0.0,0.7101798057556152,0.5086,0.0
imdb,noniid,20,9928,2,2,0.6427160000000001,0.0,0.5509242479159115,0.0,0.9302444444444444,0.0,,0.5086,0.5086,1.0,0.6742675328118786,0.7101798057556152,0.0,0.0,0.7101798057556152,0.5086,0.0
imdb,noniid,20,9928,2,3,0.6427160000000001,0.0,0.5509242479159115,0.0,0.9302444444444444,0.0,,0.5086,0.5086,1.0,0.6742675328118786,0.7101798057556152,0.0,0.0,0.7101798057556152,0.5086,0.0
imdb,noniid,20,9928,2,4,0.6427160000000001,0.0,0.5509242479159115,0.0,0.9302444444444444,0.0,,0.5086,0.5086,1.0,0.6742675328118786,0.7101798057556152,0.0,0.0,0.7101798057556152,0.5086,0.0
imdb,noniid,20,9928,2,5,0.6427160000000001,0.0,0.5509242479159115,0.0,0.9302444444444444,0.0,,0.5086,0.5086,1.0,0.6742675328118786,0.7101798057556152,0.0,0.0,0.7101798057556152,0.5086,0.0
imdb,noniid,20,9928,2,6,0.6427160000000001,0.0,0.5509242479159115,0.0,0.9302444444444444,0.0,,0.5086,0.5086,1.0,0.6742675328118786,0.7101798057556152,0.0,0.0,0.7101798057556152,0.5086,0.0
imdb,noniid,20,9928,2,7,0.6427160000000001,0.0,0.5509242479159115,0.0,0.9302444444444444,0.0,,0.5086,0.5086,1.0,0.6742675328118786,0.7101798057556152,0.0,0.0,0.7101798057556152,0.5086,0.0
imdb,noniid,20,9928,2,8,0.6427160000000001,0.0679202666666666,0.5509242479159115,0.1471831938631962,0.9302444444444444,0.0,,0.5086,0.5086,1.0,0.6742675328118786,0.7101798057556152,0.0,0.0,0.7101798057556152,0.5086,0.0
imdb,noniid,20,9928,2,9,0.6427160000000001,0.0,0.5509242479159115,0.0,0.9302444444444444,0.0,,0.5086,0.5086,1.0,0.6742675328118786,0.7101798057556152,0.0,0.0,0.7101798057556152,0.5086,0.0
imdb,noniid,20,9928,2,10,0.6427160000000001,0.0,0.5509242479159115,0.0,0.9302444444444444,0.0,,0.5086,0.5086,1.0,0.6742675328118786,0.7101798057556152,0.0,0.0,0.7101798057556152,0.5086,0.0
imdb,noniid,20,9928,2,11,0.6427160000000001,0.0,0.5509242479159115,0.0,0.9302444444444444,0.0,,0.5086,0.5086,1.0,0.6742675328118786,0.7101798057556152,0.0,0.0,0.7101798057556152,0.5086,0.0
imdb,noniid,20,9928,2,12,0.6427160000000001,0.0,0.5509242479159115,0.0,0.9302444444444444,0.0,,0.5086,0.5086,1.0,0.6742675328118786,0.7101798057556152,0.0,0.0,0.7101798057556152,0.5086,0.0
imdb,noniid,20,9928,2,13,0.6427160000000001,0.0,0.5509242479159115,0.0,0.9302444444444444,0.0,,0.5086,0.5086,1.0,0.6742675328118786,0.7101798057556152,0.0,0.0,0.7101798057556152,0.5086,0.0
imdb,noniid,20,9928,2,14,0.6427160000000001,0.0,0.5509242479159115,0.0,0.9302444444444444,0.0,,0.5086,0.5086,1.0,0.6742675328118786,0.7101798057556152,-0.000377827109652,0.0,0.7101798057556152,0.5086,0.0
imdb,noniid,20,9928,2,15,0.6427160000000001,0.0,0.5509242479159115,0.0,0.9302444444444444,0.0,,0.5086,0.5086,1.0,0.6742675328118786,0.7101798057556152,0.0,0.0,0.7101798057556152,0.5086,0.0
imdb,noniid,20,9928,2,16,0.6427160000000001,0.0,0.5509242479159115,0.0,0.9302444444444444,0.0,,0.5086,0.5086,1.0,0.6742675328118786,0.7101798057556152,0.0,0.0,0.7101798057556152,0.5086,0.0
imdb,noniid,20,9928,2,17,0.6427160000000001,0.0,0.5509242479159115,0.0,0.9302444444444444,0.0,,0.5086,0.5086,1.0,0.6742675328118786,0.7101798057556152,0.0,0.0,0.7101798057556152,0.5086,0.0
imdb,noniid,20,9928,2,18,0.6427160000000001,0.0,0.5509242479159115,0.0,0.9302444444444444,0.0,,0.5086,0.5086,1.0,0.6742675328118786,0.7101798057556152,0.0,0.0,0.7101798057556152,0.5086,0.0
imdb,noniid,20,9928,2,19,0.6427160000000001,0.0,0.5509242479159115,0.0,0.9302444444444444,0.0,,0.5086,0.5086,1.0,0.6742675328118786,0.7101798057556152,0.0,0.0,0.7101798057556152,0.5086,0.0
imdb,noniid,20,9928,3,0,0.645148,0.0,0.5728695652173913,0.0,0.8265333333333333,0.0,,0.5086,0.5086,1.0,0.6742675328118786,0.7153682708740234,0.0,0.0,0.7153682708740234,0.5086,0.0
imdb,noniid,20,9928,3,1,0.645148,0.0,0.5728695652173913,0.0,0.8265333333333333,0.0018333333333333,,0.5086,0.5086,1.0,0.6742675328118786,0.7153682708740234,0.0,0.0,0.7153682708740234,0.5086,0.0
imdb,noniid,20,9928,3,2,0.645148,0.0,0.5728695652173913,0.0,0.8265333333333333,0.0,,0.5086,0.5086,1.0,0.6742675328118786,0.7153682708740234,0.0,0.0,0.7153682708740234,0.5086,0.0
imdb,noniid,20,9928,3,3,0.645148,0.0,0.5728695652173913,0.0,0.8265333333333333,0.0,,0.5086,0.5086,1.0,0.6742675328118786,0.7153682708740234,0.0,0.0,0.7153682708740234,0.5086,0.0
imdb,noniid,20,9928,3,4,0.645148,0.0,0.5728695652173913,0.0,0.8265333333333333,0.0,,0.5086,0.5086,1.0,0.6742675328118786,0.7153682708740234,0.0,0.0,0.7153682708740234,0.5086,0.0
imdb,noniid,20,9928,3,5,0.645148,0.0,0.5728695652173913,0.0,0.8265333333333333,0.0,,0.5086,0.5086,1.0,0.6742675328118786,0.7153682708740234,0.0,0.0,0.7153682708740234,0.5086,0.0
imdb,noniid,20,9928,3,6,0.645148,0.0,0.5728695652173913,0.0,0.8265333333333333,0.0,,0.5086,0.5086,1.0,0.6742675328118786,0.7153682708740234,0.0,0.0,0.7153682708740234,0.5086,0.0
imdb,noniid,20,9928,3,7,0.645148,0.0,0.5728695652173913,0.0,0.8265333333333333,0.0,,0.5086,0.5086,1.0,0.6742675328118786,0.7153682708740234,0.0,0.0,0.7153682708740234,0.5086,0.0
imdb,noniid,20,9928,3,8,0.645148,0.0634170666666666,0.5728695652173913,0.1257228172844686,0.8265333333333333,0.0,,0.5086,0.5086,1.0,0.6742675328118786,0.7153682708740234,0.0,0.0,0.7153682708740234,0.5086,0.0
imdb,noniid,20,9928,3,9,0.645148,0.0,0.5728695652173913,0.0,0.8265333333333333,0.0,,0.5086,0.5086,1.0,0.6742675328118786,0.7153682708740234,0.0,0.0,0.7153682708740234,0.5086,0.0
imdb,noniid,20,9928,3,10,0.645148,0.0,0.5728695652173913,0.0,0.8265333333333333,0.0013666666666666,,0.5086,0.5086,1.0,0.6742675328118786,0.7153682708740234,-0.0002976193660643,0.0,0.7153682708740234,0.5086,0.0
imdb,noniid,20,9928,3,11,0.645148,0.0,0.5728695652173913,0.0,0.8265333333333333,0.0,,0.5086,0.5086,1.0,0.6742675328118786,0.7153682708740234,0.0,0.0,0.7153682708740234,0.5086,0.0
imdb,noniid,20,9928,3,12,0.645148,0.0,0.5728695652173913,0.0,0.8265333333333333,0.0016781481481481,,0.5086,0.5086,1.0,0.6742675328118786,0.7153682708740234,0.0,0.0,0.7153682708740234,0.5086,0.0
imdb,noniid,20,9928,3,13,0.645148,0.0,0.5728695652173913,0.0,0.8265333333333333,0.0,,0.5086,0.5086,1.0,0.6742675328118786,0.7153682708740234,0.0,0.0,0.7153682708740234,0.5086,0.0
imdb,noniid,20,9928,3,14,0.645148,0.0,0.5728695652173913,0.0,0.8265333333333333,0.0018055555555555,,0.5086,0.5086,1.0,0.6742675328118786,0.7153682708740234,0.0,0.0,0.7153682708740234,0.5086,0.0
imdb,noniid,20,9928,3,15,0.645148,0.0,0.5728695652173913,0.0,0.8265333333333333,0.0,,0.5086,0.5086,1.0,0.6742675328118786,0.7153682708740234,0.0,0.0,0.7153682708740234,0.5086,0.0
imdb,noniid,20,9928,3,16,0.645148,0.0,0.5728695652173913,0.0,0.8265333333333333,0.0,,0.5086,0.5086,1.0,0.6742675328118786,0.7153682708740234,0.0,0.0,0.7153682708740234,0.5086,0.0
imdb,noniid,20,9928,3,17,0.645148,0.0,0.5728695652173913,0.0,0.8265333333333333,0.0,,0.5086,0.5086,1.0,0.6742675328118786,0.7153682708740234,0.0,0.0,0.7153682708740234,0.5086,0.0
imdb,noniid,20,9928,3,18,0.645148,0.0,0.5728695652173913,0.0,0.8265333333333333,0.0,,0.5086,0.5086,1.0,0.6742675328118786,0.7153682708740234,0.0,0.0,0.7153682708740234,0.5086,0.0
imdb,noniid,20,9928,3,19,0.645148,0.0,0.5728695652173913,0.0,0.8265333333333333,0.0,,0.5086,0.5086,1.0,0.6742675328118786,0.7153682708740234,0.0,0.0,0.7153682708740234,0.5086,0.0
imdb,noniid,20,9928,4,0,0.648998,0.0,0.596661101836394,0.0,0.9228666666666668,0.0,,0.5086,0.5086,1.0,0.6742675328118786,0.7123544216156006,0.0,0.0,0.7123544216156006,0.5086,0.0
imdb,noniid,20,9928,4,1,0.648998,0.0,0.596661101836394,0.0,0.9228666666666668,0.0,,0.5086,0.5086,1.0,0.6742675328118786,0.7123544216156006,0.0,0.0,0.7123544216156006,0.5086,0.0
imdb,noniid,20,9928,4,2,0.648998,0.0,0.596661101836394,0.0,0.9228666666666668,0.0,,0.5086,0.5086,1.0,0.6742675328118786,0.7123544216156006,0.0,0.0,0.7123544216156006,0.5086,0.0
imdb,noniid,20,9928,4,3,0.648998,0.0,0.596661101836394,0.0,0.9228666666666668,0.0,,0.5086,0.5086,1.0,0.6742675328118786,0.7123544216156006,0.0,0.0,0.7123544216156006,0.5086,0.0
imdb,noniid,20,9928,4,4,0.648998,0.0,0.596661101836394,0.0,0.9228666666666668,0.0,,0.5086,0.5086,1.0,0.6742675328118786,0.7123544216156006,0.0,0.0,0.7123544216156006,0.5086,0.0
imdb,noniid,20,9928,4,5,0.648998,0.0,0.596661101836394,0.0,0.9228666666666668,0.0,,0.5086,0.5086,1.0,0.6742675328118786,0.7123544216156006,0.0,0.0,0.7123544216156006,0.5086,0.0
imdb,noniid,20,9928,4,6,0.648998,0.0,0.596661101836394,0.0,0.9228666666666668,0.0,,0.5086,0.5086,1.0,0.6742675328118786,0.7123544216156006,0.0,0.0,0.7123544216156006,0.5086,0.0
imdb,noniid,20,9928,4,7,0.648998,0.0,0.596661101836394,0.0,0.9228666666666668,0.0,,0.5086,0.5086,1.0,0.6742675328118786,0.7123544216156006,0.0,0.0,0.7123544216156006,0.5086,0.0
imdb,noniid,20,9928,4,8,0.648998,0.0647348666666666,0.596661101836394,0.1232236762041632,0.9228666666666668,0.0,,0.5086,0.5086,1.0,0.6742675328118786,0.7123544216156006,0.0,0.0,0.7123544216156006,0.5086,0.0
imdb,noniid,20,9928,4,9,0.648998,0.0,0.596661101836394,0.0,0.9228666666666668,0.0,,0.5086,0.5086,1.0,0.6742675328118786,0.7123544216156006,0.0,0.0,0.7123544216156006,0.5086,0.0
imdb,noniid,20,9928,4,10,0.648998,0.0,0.596661101836394,0.0,0.9228666666666668,0.0,,0.5086,0.5086,1.0,0.6742675328118786,0.7123544216156006,0.0,0.0,0.7123544216156006,0.5086,0.0
imdb,noniid,20,9928,4,11,0.648998,0.0,0.596661101836394,0.0,0.9228666666666668,0.0,,0.5086,0.5086,1.0,0.6742675328118786,0.7123544216156006,0.0,0.0,0.7123544216156006,0.5086,0.0
imdb,noniid,20,9928,4,12,0.648998,0.0,0.596661101836394,0.0,0.9228666666666668,0.0,,0.5086,0.5086,1.0,0.6742675328118786,0.7123544216156006,0.0,0.0,0.7123544216156006,0.5086,0.0
imdb,noniid,20,9928,4,13,0.648998,0.0,0.596661101836394,0.0,0.9228666666666668,0.0,,0.5086,0.5086,1.0,0.6742675328118786,0.7123544216156006,0.0,0.0,0.7123544216156006,0.5086,0.0
imdb,noniid,20,9928,4,14,0.648998,0.0,0.596661101836394,0.0,0.9228666666666668,0.0,,0.5086,0.5086,1.0,0.6742675328118786,0.7123544216156006,0.0,0.0,0.7123544216156006,0.5086,0.0
imdb,noniid,20,9928,4,15,0.648998,0.0,0.596661101836394,0.0,0.9228666666666668,0.0,,0.5086,0.5086,1.0,0.6742675328118786,0.7123544216156006,0.0,0.0,0.7123544216156006,0.5086,0.0
imdb,noniid,20,9928,4,16,0.648998,0.0,0.596661101836394,0.0,0.9228666666666668,0.0,,0.5086,0.5086,1.0,0.6742675328118786,0.7123544216156006,0.0,0.0,0.7123544216156006,0.5086,0.0
imdb,noniid,20,9928,4,17,0.648998,0.0,0.596661101836394,0.0,0.9228666666666668,0.0,,0.5086,0.5086,1.0,0.6742675328118786,0.7123544216156006,0.0,0.0,0.7123544216156006,0.5086,0.0
imdb,noniid,20,9928,4,18,0.648998,0.0,0.596661101836394,0.0,0.9228666666666668,0.0,,0.5086,0.5086,1.0,0.6742675328118786,0.7123544216156006,0.0,0.0,0.7123544216156006,0.5086,0.0
imdb,noniid,20,9928,4,19,0.648998,0.0,0.596661101836394,0.0,0.9228666666666668,0.0,,0.5086,0.5086,1.0,0.6742675328118786,0.7123544216156006,0.0,0.0,0.7123544216156006,0.5086,0.0
imdb,noniid,20,9928,5,0,0.65472,0.0,0.624031007751938,0.0,0.8691555555555557,0.0,,0.509,0.5088035214085634,1.0,0.6744463598992176,0.7023171782493591,0.0,0.0,0.7023171782493591,0.509,0.0
imdb,noniid,20,9928,5,1,0.65472,0.0,0.624031007751938,0.0,0.8691555555555557,0.0,,0.509,0.5088035214085634,1.0,0.6744463598992176,0.7023171782493591,0.0,0.0,0.7023171782493591,0.509,0.0
imdb,noniid,20,9928,5,2,0.65472,0.0,0.624031007751938,0.0,0.8691555555555557,0.0,,0.509,0.5088035214085634,1.0,0.6744463598992176,0.7023171782493591,0.0,0.0,0.7023171782493591,0.509,0.0
imdb,noniid,20,9928,5,3,0.65472,0.0,0.624031007751938,0.0,0.8691555555555557,0.0,,0.509,0.5088035214085634,1.0,0.6744463598992176,0.7023171782493591,0.0,0.0,0.7023171782493591,0.509,0.0
imdb,noniid,20,9928,5,4,0.65472,0.0,0.624031007751938,0.0,0.8691555555555557,0.0,,0.509,0.5088035214085634,1.0,0.6744463598992176,0.7023171782493591,0.0,0.0,0.7023171782493591,0.509,0.0
imdb,noniid,20,9928,5,5,0.65472,0.0,0.624031007751938,0.0,0.8691555555555557,0.0,,0.509,0.5088035214085634,1.0,0.6744463598992176,0.7023171782493591,0.0,0.0,0.7023171782493591,0.509,0.0
imdb,noniid,20,9928,5,6,0.65472,0.0,0.624031007751938,0.0,0.8691555555555557,0.0,,0.509,0.5088035214085634,1.0,0.6744463598992176,0.7023171782493591,0.0,0.0,0.7023171782493591,0.509,0.0
imdb,noniid,20,9928,5,7,0.65472,0.0,0.624031007751938,0.0,0.8691555555555557,0.0,,0.509,0.5088035214085634,1.0,0.6744463598992176,0.7023171782493591,0.0,0.0,0.7023171782493591,0.509,0.0
imdb,noniid,20,9928,5,8,0.65472,0.0731389333333333,0.624031007751938,0.1133966997095326,0.8691555555555557,0.0,,0.509,0.5088035214085634,1.0,0.6744463598992176,0.7023171782493591,0.0,0.0,0.7023171782493591,0.509,0.0
imdb,noniid,20,9928,5,9,0.65472,0.0,0.624031007751938,0.0,0.8691555555555557,0.0,,0.509,0.5088035214085634,1.0,0.6744463598992176,0.7023171782493591,0.0,0.0,0.7023171782493591,0.509,0.0
imdb,noniid,20,9928,5,10,0.65472,0.0,0.624031007751938,0.0,0.8691555555555557,0.0,,0.509,0.5088035214085634,1.0,0.6744463598992176,0.7023171782493591,-0.0026513442160591,0.0,0.7023171782493591,0.509,0.0
imdb,noniid,20,9928,5,11,0.65472,0.0,0.624031007751938,0.0,0.8691555555555557,0.0,,0.509,0.5088035214085634,1.0,0.6744463598992176,0.7023171782493591,0.0,0.0,0.7023171782493591,0.509,0.0
imdb,noniid,20,9928,5,12,0.65472,0.0,0.624031007751938,0.0,0.8691555555555557,0.0,,0.509,0.5088035214085634,1.0,0.6744463598992176,0.7023171782493591,0.0,0.0,0.7023171782493591,0.509,0.0
imdb,noniid,20,9928,5,13,0.65472,0.0,0.624031007751938,0.0,0.8691555555555557,0.0,,0.509,0.5088035214085634,1.0,0.6744463598992176,0.7023171782493591,0.0,0.0,0.7023171782493591,0.509,0.0
imdb,noniid,20,9928,5,14,0.65472,0.0,0.624031007751938,0.0,0.8691555555555557,0.0,,0.509,0.5088035214085634,1.0,0.6744463598992176,0.7023171782493591,0.0,0.0,0.7023171782493591,0.509,0.0
imdb,noniid,20,9928,5,15,0.65472,0.0,0.624031007751938,0.0,0.8691555555555557,0.0,,0.509,0.5088035214085634,1.0,0.6744463598992176,0.7023171782493591,0.0,0.0,0.7023171782493591,0.509,0.0
imdb,noniid,20,9928,5,16,0.65472,0.0,0.624031007751938,0.0,0.8691555555555557,0.0,,0.509,0.5088035214085634,1.0,0.6744463598992176,0.7023171782493591,0.0,0.0,0.7023171782493591,0.509,0.0
imdb,noniid,20,9928,5,17,0.65472,0.0,0.624031007751938,0.0,0.8691555555555557,0.0,,0.509,0.5088035214085634,1.0,0.6744463598992176,0.7023171782493591,0.0,0.0,0.7023171782493591,0.509,0.0
imdb,noniid,20,9928,5,18,0.65472,0.0,0.624031007751938,0.0,0.8691555555555557,0.0,,0.509,0.5088035214085634,1.0,0.6744463598992176,0.7023171782493591,0.0,0.0,0.7023171782493591,0.509,0.0
imdb,noniid,20,9928,5,19,0.65472,0.0,0.624031007751938,0.0,0.8691555555555557,0.0,,0.509,0.5088035214085634,1.0,0.6744463598992176,0.7023171782493591,0.0,0.0,0.7023171782493591,0.509,0.0
imdb,noniid,20,9928,6,0,0.659185,0.0,0.6472248353715898,0.0,0.8955333333333335,0.0,,0.5116,0.5101466747036367,0.9984270546598506,0.6752659574468085,0.6871339678764343,0.0,0.0,0.6871339678764343,0.5116,0.0
imdb,noniid,20,9928,6,1,0.659185,0.0,0.6472248353715898,0.0,0.8955333333333335,0.0,,0.5116,0.5101466747036367,0.9984270546598506,0.6752659574468085,0.6871339678764343,0.0,0.0,0.6871339678764343,0.5116,0.0
imdb,noniid,20,9928,6,2,0.659185,0.0,0.6472248353715898,0.0,0.8955333333333335,0.0,,0.5116,0.5101466747036367,0.9984270546598506,0.6752659574468085,0.6871339678764343,0.0,0.0,0.6871339678764343,0.5116,0.0
imdb,noniid,20,9928,6,3,0.659185,0.0,0.6472248353715898,0.0,0.8955333333333335,0.0,,0.5116,0.5101466747036367,0.9984270546598506,0.6752659574468085,0.6871339678764343,0.0,0.0,0.6871339678764343,0.5116,0.0
imdb,noniid,20,9928,6,4,0.659185,0.0,0.6472248353715898,0.0,0.8955333333333335,0.0,,0.5116,0.5101466747036367,0.9984270546598506,0.6752659574468085,0.6871339678764343,0.0,0.0,0.6871339678764343,0.5116,0.0
imdb,noniid,20,9928,6,5,0.659185,0.0,0.6472248353715898,0.0,0.8955333333333335,0.0,,0.5116,0.5101466747036367,0.9984270546598506,0.6752659574468085,0.6871339678764343,0.0,0.0,0.6871339678764343,0.5116,0.0
imdb,noniid,20,9928,6,6,0.659185,0.0,0.6472248353715898,0.0,0.8955333333333335,0.0,,0.5116,0.5101466747036367,0.9984270546598506,0.6752659574468085,0.6871339678764343,0.0,0.0,0.6871339678764343,0.5116,0.0
imdb,noniid,20,9928,6,7,0.659185,0.0,0.6472248353715898,0.0,0.8955333333333335,0.0,,0.5116,0.5101466747036367,0.9984270546598506,0.6752659574468085,0.6871339678764343,0.0,0.0,0.6871339678764343,0.5116,0.0
imdb,noniid,20,9928,6,8,0.659185,0.0607779333333333,0.6472248353715898,0.090815958386717,0.8955333333333335,0.0037651851851851,,0.5116,0.5101466747036367,0.9984270546598506,0.6752659574468085,0.6871339678764343,0.0,0.0,0.6871339678764343,0.5116,0.0
imdb,noniid,20,9928,6,9,0.659185,0.0,0.6472248353715898,0.0,0.8955333333333335,0.0,,0.5116,0.5101466747036367,0.9984270546598506,0.6752659574468085,0.6871339678764343,0.0,0.0,0.6871339678764343,0.5116,0.0
imdb,noniid,20,9928,6,10,0.659185,0.0,0.6472248353715898,0.0,0.8955333333333335,0.0,,0.5116,0.5101466747036367,0.9984270546598506,0.6752659574468085,0.6871339678764343,-0.0037565716990718,0.0,0.6871339678764343,0.5116,0.0
imdb,noniid,20,9928,6,11,0.659185,0.0,0.6472248353715898,0.0,0.8955333333333335,0.0,,0.5116,0.5101466747036367,0.9984270546598506,0.6752659574468085,0.6871339678764343,0.0,0.0,0.6871339678764343,0.5116,0.0
imdb,noniid,20,9928,6,12,0.659185,0.0,0.6472248353715898,0.0,0.8955333333333335,0.0,,0.5116,0.5101466747036367,0.9984270546598506,0.6752659574468085,0.6871339678764343,0.0,0.0,0.6871339678764343,0.5116,0.0
imdb,noniid,20,9928,6,13,0.659185,0.0,0.6472248353715898,0.0,0.8955333333333335,0.0,,0.5116,0.5101466747036367,0.9984270546598506,0.6752659574468085,0.6871339678764343,0.0,0.0,0.6871339678764343,0.5116,0.0
imdb,noniid,20,9928,6,14,0.659185,0.0,0.6472248353715898,0.0,0.8955333333333335,0.0,,0.5116,0.5101466747036367,0.9984270546598506,0.6752659574468085,0.6871339678764343,0.0,0.0,0.6871339678764343,0.5116,0.0
imdb,noniid,20,9928,6,15,0.659185,0.0,0.6472248353715898,0.0,0.8955333333333335,0.0,,0.5116,0.5101466747036367,0.9984270546598506,0.6752659574468085,0.6871339678764343,0.0,0.0,0.6871339678764343,0.5116,0.0
imdb,noniid,20,9928,6,16,0.659185,0.0,0.6472248353715898,0.0,0.8955333333333335,0.0,,0.5116,0.5101466747036367,0.9984270546598506,0.6752659574468085,0.6871339678764343,0.0,0.0,0.6871339678764343,0.5116,0.0
imdb,noniid,20,9928,6,17,0.659185,0.0,0.6472248353715898,0.0,0.8955333333333335,0.0,,0.5116,0.5101466747036367,0.9984270546598506,0.6752659574468085,0.6871339678764343,0.0,0.0,0.6871339678764343,0.5116,0.0
imdb,noniid,20,9928,6,18,0.659185,0.0,0.6472248353715898,0.0,0.8955333333333335,0.0,,0.5116,0.5101466747036367,0.9984270546598506,0.6752659574468085,0.6871339678764343,0.0,0.0,0.6871339678764343,0.5116,0.0
imdb,noniid,20,9928,6,19,0.659185,0.0,0.6472248353715898,0.0,0.8955333333333335,0.0,,0.5116,0.5101466747036367,0.9984270546598506,0.6752659574468085,0.6871339678764343,0.0,0.0,0.6871339678764343,0.5116,0.0
imdb,noniid,20,9928,7,0,0.662675,0.0,0.6630203585536311,0.0,0.881388888888889,-0.0043348148148148,,0.5322,0.5210830921868541,0.9913488006291782,0.6831052702885788,0.6682927012443542,0.0,0.0,0.6682927012443542,0.5322,0.0
imdb,noniid,20,9928,7,1,0.662675,0.0,0.6630203585536311,0.0,0.881388888888889,0.0020585185185185,,0.5322,0.5210830921868541,0.9913488006291782,0.6831052702885788,0.6682927012443542,0.0,0.0,0.6682927012443542,0.5322,0.0
imdb,noniid,20,9928,7,2,0.662675,0.0,0.6630203585536311,0.0,0.881388888888889,-0.0023733333333333,,0.5322,0.5210830921868541,0.9913488006291782,0.6831052702885788,0.6682927012443542,0.0,0.0,0.6682927012443542,0.5322,0.0
imdb,noniid,20,9928,7,3,0.662675,0.0,0.6630203585536311,0.0,0.881388888888889,0.00263,,0.5322,0.5210830921868541,0.9913488006291782,0.6831052702885788,0.6682927012443542,0.0,0.0,0.6682927012443542,0.5322,0.0
imdb,noniid,20,9928,7,4,0.662675,0.0,0.6630203585536311,0.0,0.881388888888889,-0.003494074074074,,0.5322,0.5210830921868541,0.9913488006291782,0.6831052702885788,0.6682927012443542,0.0,0.0,0.6682927012443542,0.5322,0.0
imdb,noniid,20,9928,7,5,0.662675,0.0,0.6630203585536311,0.0,0.881388888888889,-0.0086837037037037,,0.5322,0.5210830921868541,0.9913488006291782,0.6831052702885788,0.6682927012443542,0.0,0.0,0.6682927012443542,0.5322,0.0
imdb,noniid,20,9928,7,6,0.662675,0.0,0.6630203585536311,0.0,0.881388888888889,0.0029566666666666,,0.5322,0.5210830921868541,0.9913488006291782,0.6831052702885788,0.6682927012443542,0.0,0.0,0.6682927012443542,0.5322,0.0
imdb,noniid,20,9928,7,7,0.662675,0.0,0.6630203585536311,0.0,0.881388888888889,-0.0023362962962962,,0.5322,0.5210830921868541,0.9913488006291782,0.6831052702885788,0.6682927012443542,0.0,0.0,0.6682927012443542,0.5322,0.0
imdb,noniid,20,9928,7,8,0.662675,0.0618650999999999,0.6630203585536311,0.1031951373138351,0.881388888888889,0.0112159259259259,,0.5322,0.5210830921868541,0.9913488006291782,0.6831052702885788,0.6682927012443542,0.0,0.0,0.6682927012443542,0.5322,0.0
imdb,noniid,20,9928,7,9,0.662675,0.0,0.6630203585536311,0.0,0.881388888888889,-0.0024222222222222,,0.5322,0.5210830921868541,0.9913488006291782,0.6831052702885788,0.6682927012443542,0.0,0.0,0.6682927012443542,0.5322,0.0
imdb,noniid,20,9928,7,10,0.662675,0.0,0.6630203585536311,0.0,0.881388888888889,-0.003387037037037,,0.5322,0.5210830921868541,0.9913488006291782,0.6831052702885788,0.6682927012443542,-0.0036641120910644,0.0064412556053811,0.6682927012443542,0.5322,0.0064412556053811
imdb,noniid,20,9928,7,11,0.662675,0.0,0.6630203585536311,0.0,0.881388888888889,0.0,,0.5322,0.5210830921868541,0.9913488006291782,0.6831052702885788,0.6682927012443542,0.0,0.0,0.6682927012443542,0.5322,0.0
imdb,noniid,20,9928,7,12,0.662675,0.0,0.6630203585536311,0.0,0.881388888888889,-0.0028962962962962,,0.5322,0.5210830921868541,0.9913488006291782,0.6831052702885788,0.6682927012443542,0.0,0.0,0.6682927012443542,0.5322,0.0
imdb,noniid,20,9928,7,13,0.662675,0.0,0.6630203585536311,0.0,0.881388888888889,0.0,,0.5322,0.5210830921868541,0.9913488006291782,0.6831052702885788,0.6682927012443542,0.0,0.0,0.6682927012443542,0.5322,0.0
imdb,noniid,20,9928,7,14,0.662675,0.0,0.6630203585536311,0.0,0.881388888888889,0.0043492592592592,,0.5322,0.5210830921868541,0.9913488006291782,0.6831052702885788,0.6682927012443542,0.0,0.0,0.6682927012443542,0.5322,0.0
imdb,noniid,20,9928,7,15,0.662675,0.0,0.6630203585536311,0.0,0.881388888888889,0.0018837037037037,,0.5322,0.5210830921868541,0.9913488006291782,0.6831052702885788,0.6682927012443542,0.0,0.0,0.6682927012443542,0.5322,0.0
imdb,noniid,20,9928,7,16,0.662675,0.0,0.6630203585536311,0.0,0.881388888888889,-0.0015559259259259,,0.5322,0.5210830921868541,0.9913488006291782,0.6831052702885788,0.6682927012443542,0.0,0.0,0.6682927012443542,0.5322,0.0
imdb,noniid,20,9928,7,17,0.662675,0.0,0.6630203585536311,0.0,0.881388888888889,0.0047711111111111,,0.5322,0.5210830921868541,0.9913488006291782,0.6831052702885788,0.6682927012443542,0.0,0.0,0.6682927012443542,0.5322,0.0
imdb,noniid,20,9928,7,18,0.662675,0.0,0.6630203585536311,0.0,0.881388888888889,0.0,,0.5322,0.5210830921868541,0.9913488006291782,0.6831052702885788,0.6682927012443542,0.0,0.0,0.6682927012443542,0.5322,0.0
imdb,noniid,20,9928,7,19,0.662675,0.0,0.6630203585536311,0.0,0.881388888888889,0.0044222222222222,,0.5322,0.5210830921868541,0.9913488006291782,0.6831052702885788,0.6682927012443542,0.0,0.0,0.6682927012443542,0.5322,0.0
imdb,noniid,20,9928,8,0,0.666506,0.0,0.6895628902765388,0.0,0.8700666666666668,0.0,,0.5738,0.5451358457493427,0.9783720015729452,0.7001547769804418,0.6468303799629211,0.0,0.0,0.6468303799629211,0.5738,0.0
imdb,noniid,20,9928,8,1,0.666506,0.0,0.6895628902765388,0.0,0.8700666666666668,0.0,,0.5738,0.5451358457493427,0.9783720015729452,0.7001547769804418,0.6468303799629211,0.0,0.0,0.6468303799629211,0.5738,0.0
imdb,noniid,20,9928,8,2,0.666506,0.0,0.6895628902765388,0.0,0.8700666666666668,0.0,,0.5738,0.5451358457493427,0.9783720015729452,0.7001547769804418,0.6468303799629211,0.0,0.0,0.6468303799629211,0.5738,0.0
imdb,noniid,20,9928,8,3,0.666506,0.0,0.6895628902765388,0.0,0.8700666666666668,0.0,,0.5738,0.5451358457493427,0.9783720015729452,0.7001547769804418,0.6468303799629211,0.0,0.0,0.6468303799629211,0.5738,0.0
imdb,noniid,20,9928,8,4,0.666506,0.0,0.6895628902765388,0.0,0.8700666666666668,0.0,,0.5738,0.5451358457493427,0.9783720015729452,0.7001547769804418,0.6468303799629211,0.0,0.0,0.6468303799629211,0.5738,0.0
imdb,noniid,20,9928,8,5,0.666506,0.0,0.6895628902765388,0.0,0.8700666666666668,0.0,,0.5738,0.5451358457493427,0.9783720015729452,0.7001547769804418,0.6468303799629211,0.0,0.0,0.6468303799629211,0.5738,0.0
imdb,noniid,20,9928,8,6,0.666506,0.0,0.6895628902765388,0.0,0.8700666666666668,0.0,,0.5738,0.5451358457493427,0.9783720015729452,0.7001547769804418,0.6468303799629211,0.0,0.0,0.6468303799629211,0.5738,0.0
imdb,noniid,20,9928,8,7,0.666506,0.0,0.6895628902765388,0.0,0.8700666666666668,0.0,,0.5738,0.5451358457493427,0.9783720015729452,0.7001547769804418,0.6468303799629211,0.0,0.0,0.6468303799629211,0.5738,0.0
imdb,noniid,20,9928,8,8,0.666506,0.0554982999999999,0.6895628902765388,0.0830628419854729,0.8700666666666668,0.0069703703703703,,0.5738,0.5451358457493427,0.9783720015729452,0.7001547769804418,0.6468303799629211,0.0,0.0,0.6468303799629211,0.5738,0.0
imdb,noniid,20,9928,8,9,0.666506,0.0,0.6895628902765388,0.0,0.8700666666666668,0.0,,0.5738,0.5451358457493427,0.9783720015729452,0.7001547769804418,0.6468303799629211,0.0,0.0,0.6468303799629211,0.5738,0.0
imdb,noniid,20,9928,8,10,0.666506,0.0,0.6895628902765388,0.0,0.8700666666666668,0.0,,0.5738,0.5451358457493427,0.9783720015729452,0.7001547769804418,0.6468303799629211,-0.0040341067758406,0.0099167701863354,0.6468303799629211,0.5738,0.0099167701863354
imdb,noniid,20,9928,8,11,0.666506,0.0,0.6895628902765388,0.0,0.8700666666666668,0.0,,0.5738,0.5451358457493427,0.9783720015729452,0.7001547769804418,0.6468303799629211,0.0,0.0,0.6468303799629211,0.5738,0.0
imdb,noniid,20,9928,8,12,0.666506,0.0,0.6895628902765388,0.0,0.8700666666666668,0.0,,0.5738,0.5451358457493427,0.9783720015729452,0.7001547769804418,0.6468303799629211,0.0,0.0,0.6468303799629211,0.5738,0.0
imdb,noniid,20,9928,8,13,0.666506,0.0,0.6895628902765388,0.0,0.8700666666666668,0.0,,0.5738,0.5451358457493427,0.9783720015729452,0.7001547769804418,0.6468303799629211,0.0,0.0,0.6468303799629211,0.5738,0.0
imdb,noniid,20,9928,8,14,0.666506,0.0,0.6895628902765388,0.0,0.8700666666666668,0.0,,0.5738,0.5451358457493427,0.9783720015729452,0.7001547769804418,0.6468303799629211,0.0,0.0,0.6468303799629211,0.5738,0.0
imdb,noniid,20,9928,8,15,0.666506,0.0,0.6895628902765388,0.0,0.8700666666666668,0.0,,0.5738,0.5451358457493427,0.9783720015729452,0.7001547769804418,0.6468303799629211,0.0,0.0,0.6468303799629211,0.5738,0.0
imdb,noniid,20,9928,8,16,0.666506,0.0,0.6895628902765388,0.0,0.8700666666666668,0.0,,0.5738,0.5451358457493427,0.9783720015729452,0.7001547769804418,0.6468303799629211,0.0,0.0,0.6468303799629211,0.5738,0.0
imdb,noniid,20,9928,8,17,0.666506,0.0,0.6895628902765388,0.0,0.8700666666666668,0.0,,0.5738,0.5451358457493427,0.9783720015729452,0.7001547769804418,0.6468303799629211,0.0,0.0,0.6468303799629211,0.5738,0.0
imdb,noniid,20,9928,8,18,0.666506,0.0,0.6895628902765388,0.0,0.8700666666666668,0.0,,0.5738,0.5451358457493427,0.9783720015729452,0.7001547769804418,0.6468303799629211,0.0,0.0,0.6468303799629211,0.5738,0.0
imdb,noniid,20,9928,8,19,0.666506,0.0,0.6895628902765388,0.0,0.8700666666666668,0.0,,0.5738,0.5451358457493427,0.9783720015729452,0.7001547769804418,0.6468303799629211,0.0,0.0,0.6468303799629211,0.5738,0.0
imdb,noniid,20,9928,9,0,0.670701,0.0,0.7071178529754959,0.0,0.9028444444444444,0.0,,0.6346,0.5866408518877058,0.9532048761305544,0.7262921348314607,0.6238657236099243,0.0,0.0,0.6238657236099243,0.6346,0.0
imdb,noniid,20,9928,9,1,0.670701,0.0,0.7071178529754959,0.0,0.9028444444444444,0.0,,0.6346,0.5866408518877058,0.9532048761305544,0.7262921348314607,0.6238657236099243,0.0,0.0,0.6238657236099243,0.6346,0.0
imdb,noniid,20,9928,9,2,0.670701,0.0,0.7071178529754959,0.0,0.9028444444444444,0.0,,0.6346,0.5866408518877058,0.9532048761305544,0.7262921348314607,0.6238657236099243,0.0,0.0,0.6238657236099243,0.6346,0.0
imdb,noniid,20,9928,9,3,0.670701,0.0,0.7071178529754959,0.0,0.9028444444444444,0.0,,0.6346,0.5866408518877058,0.9532048761305544,0.7262921348314607,0.6238657236099243,0.0,0.0,0.6238657236099243,0.6346,0.0
imdb,noniid,20,9928,9,4,0.670701,0.0,0.7071178529754959,0.0,0.9028444444444444,0.0,,0.6346,0.5866408518877058,0.9532048761305544,0.7262921348314607,0.6238657236099243,0.0,0.0,0.6238657236099243,0.6346,0.0
imdb,noniid,20,9928,9,5,0.670701,0.0,0.7071178529754959,0.0,0.9028444444444444,0.0,,0.6346,0.5866408518877058,0.9532048761305544,0.7262921348314607,0.6238657236099243,0.0,0.0,0.6238657236099243,0.6346,0.0
imdb,noniid,20,9928,9,6,0.670701,0.0,0.7071178529754959,0.0,0.9028444444444444,0.0,,0.6346,0.5866408518877058,0.9532048761305544,0.7262921348314607,0.6238657236099243,0.0,0.0,0.6238657236099243,0.6346,0.0
imdb,noniid,20,9928,9,7,0.670701,0.0,0.7071178529754959,0.0,0.9028444444444444,0.0,,0.6346,0.5866408518877058,0.9532048761305544,0.7262921348314607,0.6238657236099243,0.0,0.0,0.6238657236099243,0.6346,0.0
imdb,noniid,20,9928,9,8,0.670701,0.0457462333333332,0.7071178529754959,0.0572456187231525,0.9028444444444444,0.0,,0.6346,0.5866408518877058,0.9532048761305544,0.7262921348314607,0.6238657236099243,0.0,0.0,0.6238657236099243,0.6346,0.0
imdb,noniid,20,9928,9,9,0.670701,0.0,0.7071178529754959,0.0,0.9028444444444444,0.0,,0.6346,0.5866408518877058,0.9532048761305544,0.7262921348314607,0.6238657236099243,0.0,0.0,0.6238657236099243,0.6346,0.0
imdb,noniid,20,9928,9,10,0.670701,0.0,0.7071178529754959,0.0,0.9028444444444444,0.0,,0.6346,0.5866408518877058,0.9532048761305544,0.7262921348314607,0.6238657236099243,-0.0042969696005882,0.0110804020100502,0.6238657236099243,0.6346,0.0110804020100502
imdb,noniid,20,9928,9,11,0.670701,0.0,0.7071178529754959,0.0,0.9028444444444444,0.0,,0.6346,0.5866408518877058,0.9532048761305544,0.7262921348314607,0.6238657236099243,0.0,0.0,0.6238657236099243,0.6346,0.0
imdb,noniid,20,9928,9,12,0.670701,0.0,0.7071178529754959,0.0,0.9028444444444444,0.0,,0.6346,0.5866408518877058,0.9532048761305544,0.7262921348314607,0.6238657236099243,0.0,0.0,0.6238657236099243,0.6346,0.0
imdb,noniid,20,9928,9,13,0.670701,0.0,0.7071178529754959,0.0,0.9028444444444444,0.0,,0.6346,0.5866408518877058,0.9532048761305544,0.7262921348314607,0.6238657236099243,0.0,0.0,0.6238657236099243,0.6346,0.0
imdb,noniid,20,9928,9,14,0.670701,0.0,0.7071178529754959,0.0,0.9028444444444444,0.0,,0.6346,0.5866408518877058,0.9532048761305544,0.7262921348314607,0.6238657236099243,0.0,0.0,0.6238657236099243,0.6346,0.0
imdb,noniid,20,9928,9,15,0.670701,0.0,0.7071178529754959,0.0,0.9028444444444444,0.0,,0.6346,0.5866408518877058,0.9532048761305544,0.7262921348314607,0.6238657236099243,0.0,0.0,0.6238657236099243,0.6346,0.0
imdb,noniid,20,9928,9,16,0.670701,0.0,0.7071178529754959,0.0,0.9028444444444444,0.0,,0.6346,0.5866408518877058,0.9532048761305544,0.7262921348314607,0.6238657236099243,0.0,0.0,0.6238657236099243,0.6346,0.0
imdb,noniid,20,9928,9,17,0.670701,0.0,0.7071178529754959,0.0,0.9028444444444444,0.0,,0.6346,0.5866408518877058,0.9532048761305544,0.7262921348314607,0.6238657236099243,0.0,0.0,0.6238657236099243,0.6346,0.0
imdb,noniid,20,9928,9,18,0.670701,0.0,0.7071178529754959,0.0,0.9028444444444444,0.0,,0.6346,0.5866408518877058,0.9532048761305544,0.7262921348314607,0.6238657236099243,0.0,0.0,0.6238657236099243,0.6346,0.0
imdb,noniid,20,9928,9,19,0.670701,0.0,0.7071178529754959,0.0,0.9028444444444444,0.0,,0.6346,0.5866408518877058,0.9532048761305544,0.7262921348314607,0.6238657236099243,0.0,0.0,0.6238657236099243,0.6346,0.0
imdb,noniid,20,9928,10,0,0.675316,0.0,0.7185800171772115,0.0,0.9339777777777778,0.0,,0.6804,0.6257652382219856,0.9244986236728274,0.7463492063492063,0.6000919938087463,0.0,0.0086845771144278,0.6000919938087463,0.6804,0.0086845771144278
imdb,noniid,20,9928,10,1,0.675316,0.0,0.7185800171772115,0.0,0.9339777777777778,0.0,,0.6804,0.6257652382219856,0.9244986236728274,0.7463492063492063,0.6000919938087463,0.0,0.0,0.6000919938087463,0.6804,0.0
imdb,noniid,20,9928,10,2,0.675316,0.0,0.7185800171772115,0.0,0.9339777777777778,0.0,,0.6804,0.6257652382219856,0.9244986236728274,0.7463492063492063,0.6000919938087463,0.0,0.0,0.6000919938087463,0.6804,0.0
imdb,noniid,20,9928,10,3,0.675316,0.0,0.7185800171772115,0.0,0.9339777777777778,0.0,,0.6804,0.6257652382219856,0.9244986236728274,0.7463492063492063,0.6000919938087463,0.0,0.0,0.6000919938087463,0.6804,0.0
imdb,noniid,20,9928,10,4,0.675316,0.0,0.7185800171772115,0.0,0.9339777777777778,0.0,,0.6804,0.6257652382219856,0.9244986236728274,0.7463492063492063,0.6000919938087463,0.0,0.0,0.6000919938087463,0.6804,0.0
imdb,noniid,20,9928,10,5,0.675316,0.0,0.7185800171772115,0.0,0.9339777777777778,0.0,,0.6804,0.6257652382219856,0.9244986236728274,0.7463492063492063,0.6000919938087463,0.0,0.0,0.6000919938087463,0.6804,0.0
imdb,noniid,20,9928,10,6,0.675316,0.0,0.7185800171772115,0.0,0.9339777777777778,0.0,,0.6804,0.6257652382219856,0.9244986236728274,0.7463492063492063,0.6000919938087463,0.0,0.0,0.6000919938087463,0.6804,0.0
imdb,noniid,20,9928,10,7,0.675316,0.0,0.7185800171772115,0.0,0.9339777777777778,0.0,,0.6804,0.6257652382219856,0.9244986236728274,0.7463492063492063,0.6000919938087463,0.0,0.0,0.6000919938087463,0.6804,0.0
imdb,noniid,20,9928,10,8,0.675316,0.0530537333333333,0.7185800171772115,0.0603725427291372,0.9339777777777778,0.0,,0.6804,0.6257652382219856,0.9244986236728274,0.7463492063492063,0.6000919938087463,0.0,0.0,0.6000919938087463,0.6804,0.0
imdb,noniid,20,9928,10,9,0.675316,0.0,0.7185800171772115,0.0,0.9339777777777778,0.0,,0.6804,0.6257652382219856,0.9244986236728274,0.7463492063492063,0.6000919938087463,0.0,0.0,0.6000919938087463,0.6804,0.0
imdb,noniid,20,9928,10,10,0.675316,0.0,0.7185800171772115,0.0,0.9339777777777778,0.0,,0.6804,0.6257652382219856,0.9244986236728274,0.7463492063492063,0.6000919938087463,-0.0045658987015485,0.0,0.6000919938087463,0.6804,0.0
imdb,noniid,20,9928,10,11,0.675316,0.0,0.7185800171772115,0.0,0.9339777777777778,0.0,,0.6804,0.6257652382219856,0.9244986236728274,0.7463492063492063,0.6000919938087463,0.0,0.0,0.6000919938087463,0.6804,0.0
imdb,noniid,20,9928,10,12,0.675316,0.0,0.7185800171772115,0.0,0.9339777777777778,0.0,,0.6804,0.6257652382219856,0.9244986236728274,0.7463492063492063,0.6000919938087463,0.0,0.0,0.6000919938087463,0.6804,0.0
imdb,noniid,20,9928,10,13,0.675316,0.0,0.7185800171772115,0.0,0.9339777777777778,0.0,,0.6804,0.6257652382219856,0.9244986236728274,0.7463492063492063,0.6000919938087463,0.0,0.0,0.6000919938087463,0.6804,0.0
imdb,noniid,20,9928,10,14,0.675316,0.0,0.7185800171772115,0.0,0.9339777777777778,0.0,,0.6804,0.6257652382219856,0.9244986236728274,0.7463492063492063,0.6000919938087463,0.0,0.0,0.6000919938087463,0.6804,0.0
imdb,noniid,20,9928,10,15,0.675316,0.0,0.7185800171772115,0.0,0.9339777777777778,0.0,,0.6804,0.6257652382219856,0.9244986236728274,0.7463492063492063,0.6000919938087463,0.0,0.0,0.6000919938087463,0.6804,0.0
imdb,noniid,20,9928,10,16,0.675316,0.0,0.7185800171772115,0.0,0.9339777777777778,0.0,,0.6804,0.6257652382219856,0.9244986236728274,0.7463492063492063,0.6000919938087463,0.0,0.0,0.6000919938087463,0.6804,0.0
imdb,noniid,20,9928,10,17,0.675316,0.0,0.7185800171772115,0.0,0.9339777777777778,0.0,,0.6804,0.6257652382219856,0.9244986236728274,0.7463492063492063,0.6000919938087463,0.0,0.0,0.6000919938087463,0.6804,0.0
imdb,noniid,20,9928,10,18,0.675316,0.0,0.7185800171772115,0.0,0.9339777777777778,0.0,,0.6804,0.6257652382219856,0.9244986236728274,0.7463492063492063,0.6000919938087463,0.0,0.0,0.6000919938087463,0.6804,0.0
imdb,noniid,20,9928,10,19,0.675316,0.0,0.7185800171772115,0.0,0.9339777777777778,0.0,,0.6804,0.6257652382219856,0.9244986236728274,0.7463492063492063,0.6000919938087463,0.0,0.0,0.6000919938087463,0.6804,0.0
imdb,noniid,4,9928,1,0,0.6244160000000001,0.0,0.5431506849315069,0.0,0.8346666666666667,0.0,,0.5086,0.5086,1.0,0.6742675328118786,0.721141517162323,0.0,0.0052266666666666,0.721141517162323,0.5086,0.0052266666666666
imdb,noniid,4,9928,1,1,0.6244160000000001,0.0339482,0.5431506849315069,0.0,0.8346666666666667,0.0008540740740741,,0.5086,0.5086,1.0,0.6742675328118786,0.721141517162323,-0.0047859172026316,0.0,0.721141517162323,0.5086,0.0
imdb,noniid,4,9928,1,2,0.6244160000000001,0.0,0.5431506849315069,-0.0952971417066863,0.8346666666666667,0.0,,0.5086,0.5086,1.0,0.6742675328118786,0.721141517162323,0.0,0.0,0.721141517162323,0.5086,0.0
imdb,noniid,4,9928,1,3,0.6244160000000001,0.0,0.5431506849315069,0.0,0.8346666666666667,0.0,,0.5086,0.5086,1.0,0.6742675328118786,0.721141517162323,0.0,0.0,0.721141517162323,0.5086,0.0
imdb,noniid,4,9928,2,0,0.631756,0.0,0.6203957382039574,0.0,0.9172222222222222,0.0,,0.5148,0.5118110236220472,0.9968541093197012,0.6763607257203842,0.6861936450004578,0.0,0.0,0.6861936450004578,0.5148,0.0
imdb,noniid,4,9928,2,1,0.631756,0.0593987333333333,0.6203957382039574,0.0,0.9172222222222222,0.0080555555555555,,0.5148,0.5118110236220472,0.9968541093197012,0.6763607257203842,0.6861936450004578,0.0,0.0143066666666666,0.6861936450004578,0.5148,0.0143066666666666
imdb,noniid,4,9928,2,2,0.631756,0.0,0.6203957382039574,-0.0722652887892529,0.9172222222222222,0.0,,0.5148,0.5118110236220472,0.9968541093197012,0.6763607257203842,0.6861936450004578,0.0,0.0,0.6861936450004578,0.5148,0.0
imdb,noniid,4,9928,2,3,0.631756,0.0,0.6203957382039574,0.0,0.9172222222222222,0.0,,0.5148,0.5118110236220472,0.9968541093197012,0.6763607257203842,0.6861936450004578,-0.0271920919418334,0.0,0.6861936450004578,0.5148,0.0
imdb,noniid,4,9928,3,0,0.6491720000000001,0.0,0.6815375982042648,0.0,0.8290222222222223,-0.0066103703703705,,0.6504,0.599649034845826,0.9406213134093592,0.7323943661971831,0.6144036650657654,0.0,0.0,0.6144036650657654,0.6504,0.0
imdb,noniid,4,9928,3,1,0.6491720000000001,0.0,0.6815375982042648,0.0,0.8290222222222223,0.0,,0.6504,0.599649034845826,0.9406213134093592,0.7323943661971831,0.6144036650657654,0.0,0.0,0.6144036650657654,0.6504,0.0
imdb,noniid,4,9928,3,2,0.6491720000000001,-0.0801544666666667,0.6815375982042648,-0.0882668180407558,0.8290222222222223,0.009584074074074,,0.6504,0.599649034845826,0.9406213134093592,0.7323943661971831,0.6144036650657654,0.0,0.0,0.6144036650657654,0.6504,0.0
imdb,noniid,4,9928,3,3,0.6491720000000001,0.0,0.6815375982042648,0.0,0.8290222222222223,0.0,,0.6504,0.599649034845826,0.9406213134093592,0.7323943661971831,0.6144036650657654,-0.0413183271884918,0.0765933333333333,0.6144036650657654,0.6504,0.0765933333333333
imdb,noniid,4,9928,4,0,0.6693,0.0,0.7460402684563758,0.0,0.8973777777777778,0.0,,0.7358,0.6896337678460583,0.8737711364530083,0.770858629661752,0.5476909875869751,0.0,0.0,0.5476909875869751,0.7358,0.0
imdb,noniid,4,9928,4,1,0.6693,0.0,0.7460402684563758,0.0,0.8973777777777778,0.0,,0.7358,0.6896337678460583,0.8737711364530083,0.770858629661752,0.5476909875869751,0.0,0.0,0.5476909875869751,0.7358,0.0
imdb,noniid,4,9928,4,2,0.6693,-0.0165220666666666,0.7460402684563758,-0.0199780538156867,0.8973777777777778,0.0143466666666666,,0.7358,0.6896337678460583,0.8737711364530083,0.770858629661752,0.5476909875869751,0.0,0.0,0.5476909875869751,0.7358,0.0
imdb,noniid,4,9928,4,3,0.6693,0.0,0.7460402684563758,0.0,0.8973777777777778,0.003737037037037,,0.7358,0.6896337678460583,0.8737711364530083,0.770858629661752,0.5476909875869751,-0.0406072994073232,0.0510266666666666,0.5476909875869751,0.7358,0.0510266666666666
imdb,noniid,4,9928,5,0,0.686222,0.0,0.7815762004175365,0.0,0.8488,0.020595185185185,,0.7712,0.7375212224108659,0.8541093197011403,0.7915451895043731,0.506536066532135,0.0,0.0,0.506536066532135,0.7712,0.0
imdb,noniid,4,9928,5,1,0.686222,0.0,0.7815762004175365,0.0,0.8488,0.0213959259259258,,0.7712,0.7375212224108659,0.8541093197011403,0.7915451895043731,0.506536066532135,0.0,0.0,0.506536066532135,0.7712,0.0
imdb,noniid,4,9928,5,2,0.686222,0.0001401333333333,0.7815762004175365,-0.0051170225662918,0.8488,0.0,,0.7712,0.7375212224108659,0.8541093197011403,0.7915451895043731,0.506536066532135,0.0,0.0,0.506536066532135,0.7712,0.0
imdb,noniid,4,9928,5,3,0.686222,0.0,0.7815762004175365,0.0,0.8488,-0.0077222222222222,,0.7712,0.7375212224108659,0.8541093197011403,0.7915451895043731,0.506536066532135,-0.0305694202582041,0.0261866666666666,0.506536066532135,0.7712,0.0261866666666666
imdb,noniid,4,9928,6,0,0.704968,0.0,0.8010697911360163,0.0,0.8976222222222223,0.0045044444444445,,0.7908,0.7655196878325647,0.8486040110106173,0.8049235359940321,0.4812478125095367,0.0,0.0,0.4812478125095367,0.7908,0.0
imdb,noniid,4,9928,6,1,0.704968,0.0,0.8010697911360163,0.0,0.8976222222222223,0.006074074074074,,0.7908,0.7655196878325647,0.8486040110106173,0.8049235359940321,0.4812478125095367,0.0,0.0,0.4812478125095367,0.7908,0.0
imdb,noniid,4,9928,6,2,0.704968,-0.0100521333333333,0.8010697911360163,-0.0142009235850597,0.8976222222222223,-0.0013859259259258,,0.7908,0.7655196878325647,0.8486040110106173,0.8049235359940321,0.4812478125095367,0.0,0.0,0.4812478125095367,0.7908,0.0
imdb,noniid,4,9928,6,3,0.704968,0.0,0.8010697911360163,0.0,0.8976222222222223,0.0,,0.7908,0.7655196878325647,0.8486040110106173,0.8049235359940321,0.4812478125095367,-0.0251990924278895,0.0204066666666667,0.4812478125095367,0.7908,0.0204066666666667
imdb,noniid,4,9928,7,0,0.719884,0.0,0.8222110299672627,0.0,0.8481999999999998,0.0,,0.8004,0.7826564215148188,0.8411325206449076,0.810841546626232,0.4632899761199951,0.0,0.0,0.4632899761199951,0.8004,0.0
imdb,noniid,4,9928,7,1,0.719884,0.0,0.8222110299672627,0.0,0.8481999999999998,0.0,,0.8004,0.7826564215148188,0.8411325206449076,0.810841546626232,0.4632899761199951,0.0,0.0,0.4632899761199951,0.8004,0.0
imdb,noniid,4,9928,7,2,0.719884,0.0116658666666666,0.8222110299672627,0.0082032444637468,0.8481999999999998,0.0056603703703704,,0.8004,0.7826564215148188,0.8411325206449076,0.810841546626232,0.4632899761199951,0.0,0.0,0.4632899761199951,0.8004,0.0
imdb,noniid,4,9928,7,3,0.719884,0.0,0.8222110299672627,0.0,0.8481999999999998,0.0,,0.8004,0.7826564215148188,0.8411325206449076,0.810841546626232,0.4632899761199951,-0.0224113186200459,0.01222,0.4632899761199951,0.8004,0.01222
imdb,noniid,4,9928,8,0,0.7311019999999999,0.0,0.8384039900249377,0.0,0.8120888888888889,0.0,,0.8098,0.7990232907588279,0.8364136846244593,0.8172910662824208,0.4494117200374603,0.0,0.0,0.4494117200374603,0.8098,0.0
imdb,noniid,4,9928,8,1,0.7311019999999999,0.0,0.8384039900249377,0.0,0.8120888888888889,0.0,,0.8098,0.7990232907588279,0.8364136846244593,0.8172910662824208,0.4494117200374603,0.0,0.0,0.4494117200374603,0.8098,0.0
imdb,noniid,4,9928,8,2,0.7311019999999999,0.0077316666666666,0.8384039900249377,0.0029656524453724,0.8120888888888889,0.0,,0.8098,0.7990232907588279,0.8364136846244593,0.8172910662824208,0.4494117200374603,0.0,0.0,0.4494117200374603,0.8098,0.0
imdb,noniid,4,9928,8,3,0.7311019999999999,0.0,0.8384039900249377,0.0,0.8120888888888889,0.0,,0.8098,0.7990232907588279,0.8364136846244593,0.8172910662824208,0.4494117200374603,-0.0199621190627415,0.0095,0.4494117200374603,0.8098,0.0095
imdb,noniid,4,9928,9,0,0.7395,0.0,0.8526576019777503,0.0,0.8720444444444444,0.009514074074074,,0.8166,0.8095963442498096,0.8360204482894219,0.8225962468562584,0.4382849633693695,0.0,0.0,0.4382849633693695,0.8166,0.0
imdb,noniid,4,9928,9,1,0.7395,0.0,0.8526576019777503,0.0,0.8720444444444444,0.012854074074074,,0.8166,0.8095963442498096,0.8360204482894219,0.8225962468562584,0.4382849633693695,0.0,0.0060266666666666,0.4382849633693695,0.8166,0.0060266666666666
imdb,noniid,4,9928,9,2,0.7395,0.0199896,0.8526576019777503,0.0125920488281889,0.8720444444444444,0.0,,0.8166,0.8095963442498096,0.8360204482894219,0.8225962468562584,0.4382849633693695,0.0,0.0,0.4382849633693695,0.8166,0.0
imdb,noniid,4,9928,9,3,0.7395,0.0,0.8526576019777503,0.0,0.8720444444444444,-0.0083685185185185,,0.8166,0.8095963442498096,0.8360204482894219,0.8225962468562584,0.4382849633693695,-0.0191567788521448,0.0067933333333333,0.4382849633693695,0.8166,0.0067933333333333
imdb,noniid,4,9928,10,0,0.7476039999999999,0.0,0.8612064737616478,0.0,0.9051777777777776,0.0,,0.8192,0.8157996146435453,0.8324813212740857,0.8240560529388867,0.4291597604751587,0.0,0.0,0.4291597604751587,0.8192,0.0
imdb,noniid,4,9928,10,1,0.7476039999999999,0.0,0.8612064737616478,0.0,0.9051777777777776,0.0,,0.8192,0.8157996146435453,0.8324813212740857,0.8240560529388867,0.4291597604751587,0.0,0.0,0.4291597604751587,0.8192,0.0
imdb,noniid,4,9928,10,2,0.7476039999999999,0.0261585999999999,0.8612064737616478,0.0160152331753319,0.9051777777777776,0.0127429629629629,,0.8192,0.8157996146435453,0.8324813212740857,0.8240560529388867,0.4291597604751587,0.0,0.0,0.4291597604751587,0.8192,0.0
imdb,noniid,4,9928,10,3,0.7476039999999999,0.0,0.8612064737616478,0.0,0.9051777777777776,0.0,,0.8192,0.8157996146435453,0.8324813212740857,0.8240560529388867,0.4291597604751587,-0.0163598408301671,0.0060866666666666,0.4291597604751587,0.8192,0.0060866666666666
