dataset,partition,num_clients,seed,round,client_id,global_gtg_acc,gtg_acc_contribution,global_gtg_adv,gtg_adv_contribution,global_gtg_fair_eo,gtg_fair_eo_contribution,global_gtg_fair,gtg_fair_contribution,global_gtg_loss,gtg_loss_contribution,global_gtg_priv,gtg_priv_contribution,global_gtg_rob,gtg_rob_contribution,acc_contribution
celeba,iid,4,42,1,0,,,0.6111634479510127,0.1039654546213053,,,,,,,0.8546888888888888,-0.0055085185185183,0.801118,0.0,
celeba,iid,4,42,1,1,,,0.6111634479510127,0.172708544578708,,,,,,,0.8546888888888888,0.0,0.801118,0.0,
celeba,iid,4,42,1,2,,,0.6111634479510127,0.1669270856862588,,,,,,,0.8546888888888888,0.0,0.801118,0.0254326666666666,
celeba,iid,4,42,1,3,,,0.6111634479510127,0.1662526872746761,,,,,,,0.8546888888888888,0.0,0.801118,0.0,
celeba,iid,4,42,2,0,,,0.5601224311324879,-0.0184942637592068,,,,,,,0.7726000000000002,-0.0179877777777777,0.7882899999999999,0.0353276666666666,
celeba,iid,4,42,2,1,,,0.5601224311324879,-0.0265727308751257,,,,,,,0.7726000000000002,-0.0159248148148149,0.7882899999999999,-0.0324491999999999,
celeba,iid,4,42,2,2,,,0.5601224311324879,-0.0302885488067807,,,,,,,0.7726000000000002,0.0,0.7882899999999999,-0.0082334,
celeba,iid,4,42,2,3,,,0.5601224311324879,0.0247517806671885,,,,,,,0.7726000000000002,-0.0140907407407407,0.7882899999999999,0.0,
celeba,iid,4,42,3,0,,,0.5587592835299258,0.0,,,,,,,0.7402111111111114,0.0,0.7906,0.0120583333333333,
celeba,iid,4,42,3,1,,,0.5587592835299258,0.0,,,,,,,0.7402111111111114,0.0,0.7906,0.0,
celeba,iid,4,42,3,2,,,0.5587592835299258,0.0,,,,,,,0.7402111111111114,0.0,0.7906,0.0176314666666666,
celeba,iid,4,42,3,3,,,0.5587592835299258,0.0,,,,,,,0.7402111111111114,0.0048092592592592,0.7906,0.0106246666666666,
celeba,iid,4,42,4,0,,,0.5897212543554007,0.0046297707404881,,,,,,,0.7768111111111109,0.0,0.787084,0.0367249333333333,
celeba,iid,4,42,4,1,,,0.5897212543554007,-0.038430854167498,,,,,,,0.7768111111111109,0.0390085185185184,0.787084,0.0,
celeba,iid,4,42,4,2,,,0.5897212543554007,0.045220397611544,,,,,,,0.7768111111111109,0.0650666666666666,0.787084,0.0779557333333333,
celeba,iid,4,42,4,3,,,0.5897212543554007,0.0195426566409407,,,,,,,0.7768111111111109,0.0,0.787084,0.0,
celeba,iid,4,42,5,0,,,0.492595818815331,-0.0400967265908562,,,,,,,0.7286222222222223,-0.0070807407407407,0.721468,0.0,
celeba,iid,4,42,5,1,,,0.492595818815331,0.0011177988751546,,,,,,,0.7286222222222223,0.0,0.721468,0.0,
celeba,iid,4,42,5,2,,,0.492595818815331,-0.0169601940493912,,,,,,,0.7286222222222223,0.0,0.721468,0.0292767999999999,
celeba,iid,4,42,5,3,,,0.492595818815331,-0.0414040838098199,,,,,,,0.7286222222222223,0.0,0.721468,0.0,
celeba,iid,4,42,6,0,,,0.5453559027777778,0.0027707894862654,,,,,,,0.7194222222222222,0.0,0.7966,0.0,
celeba,iid,4,42,6,1,,,0.5453559027777778,-0.0194822868051218,,,,,,,0.7194222222222222,0.0,0.7966,0.0,
celeba,iid,4,42,6,2,,,0.5453559027777778,0.0575267714499846,,,,,,,0.7194222222222222,0.0225207407407407,0.7966,0.0931689333333333,
celeba,iid,4,42,6,3,,,0.5453559027777778,0.0119448098313185,,,,,,,0.7194222222222222,0.0,0.7966,0.0,
celeba,iid,4,42,7,0,,,0.5516941789748044,-0.0271077298345984,,,,,,,0.7198666666666667,0.0,0.864214,0.0,
celeba,iid,4,42,7,1,,,0.5516941789748044,-0.0267810781246008,,,,,,,0.7198666666666667,-0.01002,0.864214,0.0,
celeba,iid,4,42,7,2,,,0.5516941789748044,0.0302150322344428,,,,,,,0.7198666666666667,0.0,0.864214,0.0608869999999999,
celeba,iid,4,42,7,3,,,0.5516941789748044,0.0303265591576191,,,,,,,0.7198666666666667,0.0,0.864214,0.0,
celeba,iid,4,42,8,0,,,0.4354452427607228,-0.0119923651114127,,,,,,,0.6938,0.0,0.718308,0.0196214,
celeba,iid,4,42,8,1,,,0.4354452427607228,0.0,,,,,,,0.6938,0.0,0.718308,0.0,
celeba,iid,4,42,8,2,,,0.4354452427607228,0.0035202123452964,,,,,,,0.6938,0.0307918518518518,0.718308,0.0,
celeba,iid,4,42,8,3,,,0.4354452427607228,-0.0333579411528,,,,,,,0.6938,0.0,0.718308,0.0,
celeba,iid,4,42,9,0,,,0.4250108365843086,0.0021040918035925,,,,,,,0.7568444444444444,0.0,0.768842,0.0621645333333333,
celeba,iid,4,42,9,1,,,0.4250108365843086,-0.0073346818524182,,,,,,,0.7568444444444444,0.0,0.768842,0.0,
celeba,iid,4,42,9,2,,,0.4250108365843086,-0.0059867734987944,,,,,,,0.7568444444444444,0.0242114814814814,0.768842,0.0,
celeba,iid,4,42,9,3,,,0.4250108365843086,0.0001327623126884,,,,,,,0.7568444444444444,0.0,0.768842,0.0,
celeba,iid,4,42,10,0,,,0.4765726681127983,0.0135977598668903,,,,,,,0.8200666666666667,0.0484388888888888,0.793196,0.0806166666666667,
celeba,iid,4,42,10,1,,,0.4765726681127983,-0.0447403255520702,,,,,,,0.8200666666666667,0.0287259259259259,0.793196,0.0,
celeba,iid,4,42,10,2,,,0.4765726681127983,0.0326597789681391,,,,,,,0.8200666666666667,0.0,0.793196,0.0,
celeba,iid,4,42,10,3,,,0.4765726681127983,0.0500446182455304,,,,,,,0.8200666666666667,-0.0443255555555556,0.793196,0.0,
celeba,iid,4,107,1,0,,,0.6321269211700545,0.1458214354727978,,,,,,,0.8291999999999999,0.0,0.833152,0.0,
celeba,iid,4,107,1,1,,,0.6321269211700545,0.1921822345731444,,,,,,,0.8291999999999999,0.0,0.833152,0.0,
celeba,iid,4,107,1,2,,,0.6321269211700545,0.0,,,,,,,0.8291999999999999,-0.0409462962962962,0.833152,0.0015185333333333,
celeba,iid,4,107,1,3,,,0.6321269211700545,0.1358676508166813,,,,,,,0.8291999999999999,0.0,0.833152,-0.0227091333333333,
celeba,iid,4,107,2,0,,,0.581634889327197,0.0,,,,,,,0.7631555555555556,0.0,0.904268,0.0398844666666666,
celeba,iid,4,107,2,1,,,0.581634889327197,0.0094433479327887,,,,,,,0.7631555555555556,0.037584074074074,0.904268,0.0,
celeba,iid,4,107,2,2,,,0.581634889327197,0.0070325397144257,,,,,,,0.7631555555555556,0.0,0.904268,0.0065588,
celeba,iid,4,107,2,3,,,0.581634889327197,-0.003252546624611,,,,,,,0.7631555555555556,0.0,0.904268,0.0210921333333333,
celeba,iid,4,107,3,0,,,0.5373759647188534,-0.039519841639702,,,,,,,0.8895777777777778,0.0518162962962963,0.85543,0.0,
celeba,iid,4,107,3,1,,,0.5373759647188534,-0.0272078378422499,,,,,,,0.8895777777777778,0.0,0.85543,0.0,
celeba,iid,4,107,3,2,,,0.5373759647188534,0.0245907004285468,,,,,,,0.8895777777777778,0.0,0.85543,0.0484623333333333,
celeba,iid,4,107,3,3,,,0.5373759647188534,-0.0019014383884554,,,,,,,0.8895777777777778,0.0,0.85543,0.0,
celeba,iid,4,107,4,0,,,0.5762859633827375,0.0068370721921807,,,,,,,0.8066888888888888,0.0700425925925926,0.840876,0.0203441333333333,
celeba,iid,4,107,4,1,,,0.5762859633827375,-0.0119542849133776,,,,,,,0.8066888888888888,0.0145381481481482,0.840876,0.0,
celeba,iid,4,107,4,2,,,0.5762859633827375,0.0320141327543419,,,,,,,0.8066888888888888,0.0,0.840876,0.0,
celeba,iid,4,107,4,3,,,0.5762859633827375,0.0122310385261183,,,,,,,0.8066888888888888,0.0,0.840876,0.0,
celeba,iid,4,107,5,0,,,0.5563517915309446,-0.0415080396855996,,,,,,,0.7653777777777779,0.0149292592592592,0.824872,-0.0048944666666666,
celeba,iid,4,107,5,1,,,0.5563517915309446,0.0149664869497656,,,,,,,0.7653777777777779,0.0,0.824872,0.0087282666666666,
celeba,iid,4,107,5,2,,,0.5563517915309446,-0.0239551421697509,,,,,,,0.7653777777777779,0.0,0.824872,-0.0140299999999999,
celeba,iid,4,107,5,3,,,0.5563517915309446,0.0301282125217616,,,,,,,0.7653777777777779,0.0,0.824872,0.0,
celeba,iid,4,107,6,0,,,0.5426776429809359,0.0,,,,,,,0.7519555555555555,0.0,0.876234,0.0,
celeba,iid,4,107,6,1,,,0.5426776429809359,0.0128401357146598,,,,,,,0.7519555555555555,-0.0257088888888889,0.876234,0.0331749999999999,
celeba,iid,4,107,6,2,,,0.5426776429809359,0.072267181404868,,,,,,,0.7519555555555555,0.0,0.876234,0.0940461333333333,
celeba,iid,4,107,6,3,,,0.5426776429809359,-0.0070883973972104,,,,,,,0.7519555555555555,0.0406962962962963,0.876234,0.0,
celeba,iid,4,107,7,0,,,0.5249674337820234,0.0,,,,,,,0.6899111111111109,0.0,0.855966,0.0,
celeba,iid,4,107,7,1,,,0.5249674337820234,0.0179761879627281,,,,,,,0.6899111111111109,0.0,0.855966,0.0,
celeba,iid,4,107,7,2,,,0.5249674337820234,0.0052192460973157,,,,,,,0.6899111111111109,0.0,0.855966,0.0355714666666666,
celeba,iid,4,107,7,3,,,0.5249674337820234,0.0352135998085169,,,,,,,0.6899111111111109,0.021582962962963,0.855966,0.0,
celeba,iid,4,107,8,0,,,0.5103418245155671,-0.0369889071030518,,,,,,,0.723022222222222,0.0346762962962962,0.866338,0.0,
celeba,iid,4,107,8,1,,,0.5103418245155671,-0.0079717129275534,,,,,,,0.723022222222222,0.0,0.866338,0.0063780666666666,
celeba,iid,4,107,8,2,,,0.5103418245155671,0.0269581283102888,,,,,,,0.723022222222222,0.0,0.866338,0.0492131333333333,
celeba,iid,4,107,8,3,,,0.5103418245155671,0.0033768824538601,,,,,,,0.723022222222222,0.0,0.866338,0.0,
celeba,iid,4,107,9,0,,,0.4605034722222222,-0.0421002613883162,,,,,,,0.7887777777777778,0.0,0.808502,0.0,
celeba,iid,4,107,9,1,,,0.4605034722222222,-0.0205070935676608,,,,,,,0.7887777777777778,0.0041385185185186,0.808502,0.0,
celeba,iid,4,107,9,2,,,0.4605034722222222,0.0364814864986637,,,,,,,0.7887777777777778,0.0,0.808502,0.0529768666666666,
celeba,iid,4,107,9,3,,,0.4605034722222222,-0.0232784560582537,,,,,,,0.7887777777777778,0.030371111111111,0.808502,0.0,
celeba,iid,4,107,10,0,,,0.4484703840312432,-0.0737819802627889,,,,,,,0.8895666666666666,0.0,0.794354,0.0,
celeba,iid,4,107,10,1,,,0.4484703840312432,0.0538641852952849,,,,,,,0.8895666666666666,0.0088122222222223,0.794354,0.0350192,
celeba,iid,4,107,10,2,,,0.4484703840312432,0.0503733601100548,,,,,,,0.8895666666666666,0.0155714814814815,0.794354,0.0293363333333333,
celeba,iid,4,107,10,3,,,0.4484703840312432,0.0,,,,,,,0.8895666666666666,0.0,0.794354,0.0,
celeba,iid,4,123,1,0,,,0.6108303249097473,0.0,,,,,,,0.8216555555555556,-0.0190466666666666,0.864754,0.0,
celeba,iid,4,123,1,1,,,0.6108303249097473,0.1264235806230578,,,,,,,0.8216555555555556,0.0,0.864754,0.0,
celeba,iid,4,123,1,2,,,0.6108303249097473,0.2064259606069662,,,,,,,0.8216555555555556,0.0,0.864754,0.0187844,
celeba,iid,4,123,1,3,,,0.6108303249097473,0.1169018403053581,,,,,,,0.8216555555555556,0.0,0.864754,0.0,
celeba,iid,4,123,2,0,,,0.553879781420765,-0.0065800119394155,,,,,,,0.7972888888888887,0.0,0.879866,0.0,
celeba,iid,4,123,2,1,,,0.553879781420765,-0.042497154485949,,,,,,,0.7972888888888887,0.0,0.879866,0.0,
celeba,iid,4,123,2,2,,,0.553879781420765,0.0077631516191721,,,,,,,0.7972888888888887,0.0,0.879866,0.0675546666666666,
celeba,iid,4,123,2,3,,,0.553879781420765,-0.0149807909778716,,,,,,,0.7972888888888887,0.0089422222222222,0.879866,0.0,
celeba,iid,4,123,3,0,,,0.5728324961782049,-0.0438498791597034,,,,,,,0.7456333333333334,0.0,0.924188,0.0,
celeba,iid,4,123,3,1,,,0.5728324961782049,0.0488916968945629,,,,,,,0.7456333333333334,0.0,0.924188,0.0306712666666666,
celeba,iid,4,123,3,2,,,0.5728324961782049,0.0264412575275741,,,,,,,0.7456333333333334,0.0,0.924188,0.0079920666666666,
celeba,iid,4,123,3,3,,,0.5728324961782049,-0.0131032296460684,,,,,,,0.7456333333333334,0.0295066666666666,0.924188,0.0,
celeba,iid,4,123,4,0,,,0.5642361111111112,-0.0111978894787849,,,,,,,0.7250888888888891,0.0,0.92105,0.0,
celeba,iid,4,123,4,1,,,0.5642361111111112,-0.0200006952559798,,,,,,,0.7250888888888891,0.0159396296296296,0.92105,0.0,
celeba,iid,4,123,4,2,,,0.5642361111111112,0.0524209267481324,,,,,,,0.7250888888888891,0.0,0.92105,0.0376001333333333,
celeba,iid,4,123,4,3,,,0.5642361111111112,0.0,,,,,,,0.7250888888888891,0.0,0.92105,0.0,
celeba,iid,4,123,5,0,,,0.5360645020701678,0.0116603942942667,,,,,,,0.7476999999999998,-0.0006292592592592,0.905228,0.0391714666666666,
celeba,iid,4,123,5,1,,,0.5360645020701678,-0.0178835653980564,,,,,,,0.7476999999999998,0.0,0.905228,0.0,
celeba,iid,4,123,5,2,,,0.5360645020701678,-0.0061402097789042,,,,,,,0.7476999999999998,0.0,0.905228,0.0,
celeba,iid,4,123,5,3,,,0.5360645020701678,-0.0158082281582494,,,,,,,0.7476999999999998,0.0,0.905228,0.0,
celeba,iid,4,123,6,0,,,0.5255601479225582,-0.0013461194844641,,,,,,,0.7214444444444446,-0.0189737037037037,0.883456,0.0599067333333332,
celeba,iid,4,123,6,1,,,0.5255601479225582,-0.0181969122895452,,,,,,,0.7214444444444446,0.0,0.883456,0.0,
celeba,iid,4,123,6,2,,,0.5255601479225582,-0.0184688373981361,,,,,,,0.7214444444444446,0.0,0.883456,0.0,
celeba,iid,4,123,6,3,,,0.5255601479225582,0.0275075150245359,,,,,,,0.7214444444444446,0.0278518518518518,0.883456,0.0,
celeba,iid,4,123,7,0,,,0.4970594641690263,-0.0047170283651416,,,,,,,0.8590666666666666,0.0,0.901588,0.0491162666666666,
celeba,iid,4,123,7,1,,,0.4970594641690263,-0.005608674862362,,,,,,,0.8590666666666666,0.0,0.901588,0.0,
celeba,iid,4,123,7,2,,,0.4970594641690263,0.0073741804312554,,,,,,,0.8590666666666666,0.0,0.901588,0.0,
celeba,iid,4,123,7,3,,,0.4970594641690263,-0.0255491609572835,,,,,,,0.8590666666666666,0.0811525925925926,0.901588,0.0,
celeba,iid,4,123,8,0,,,0.4886710239651416,0.0188403402659104,,,,,,,0.7552222222222222,0.0,0.904886,0.0519942666666666,
celeba,iid,4,123,8,1,,,0.4886710239651416,-0.0102494393377779,,,,,,,0.7552222222222222,0.0,0.904886,0.0,
celeba,iid,4,123,8,2,,,0.4886710239651416,0.0227766267634498,,,,,,,0.7552222222222222,-0.0126051851851851,0.904886,0.0,
celeba,iid,4,123,8,3,,,0.4886710239651416,0.0,,,,,,,0.7552222222222222,0.0082344444444444,0.904886,0.0,
celeba,iid,4,123,9,0,,,0.4500548847420417,-0.0533728560723979,,,,,,,0.8408666666666667,0.0309340740740741,0.892882,0.0113317333333333,
celeba,iid,4,123,9,1,,,0.4500548847420417,0.0446644994317972,,,,,,,0.8408666666666667,0.0,0.892882,0.0,
celeba,iid,4,123,9,2,,,0.4500548847420417,0.0239587366656068,,,,,,,0.8408666666666667,0.0,0.892882,0.0,
celeba,iid,4,123,9,3,,,0.4500548847420417,0.0,,,,,,,0.8408666666666667,0.0849918518518518,0.892882,0.0,
celeba,iid,4,123,10,0,,,0.4668694329784922,-0.017015989790637,,,,,,,0.8007777777777778,-0.0175203703703703,0.8979,0.0,
celeba,iid,4,123,10,1,,,0.4668694329784922,0.0039661807560965,,,,,,,0.8007777777777778,0.0,0.8979,0.0,
celeba,iid,4,123,10,2,,,0.4668694329784922,0.0032366169000905,,,,,,,0.8007777777777778,0.0179796296296296,0.8979,-0.0005323333333333,
celeba,iid,4,123,10,3,,,0.4668694329784922,0.0253242426520215,,,,,,,0.8007777777777778,-0.0345337037037037,0.8979,0.0057408,
celeba,iid,4,2025,1,0,,,0.6288095238095238,0.0126596229856888,,,,,,,0.8141666666666667,0.0,0.843358,-0.0097793333333333,
celeba,iid,4,2025,1,1,,,0.6288095238095238,0.045952447011217,,,,,,,0.8141666666666667,0.0,0.843358,0.0,
celeba,iid,4,2025,1,2,,,0.6288095238095238,0.0380027708656117,,,,,,,0.8141666666666667,-0.0249896296296296,0.843358,0.0,
celeba,iid,4,2025,1,3,,,0.6288095238095238,0.0469623949098402,,,,,,,0.8141666666666667,-0.0091844444444444,0.843358,0.0,
celeba,iid,4,2025,2,0,,,0.574989068648885,-0.0645165910022539,,,,,,,0.8154111111111111,0.0,0.8598,0.0,
celeba,iid,4,2025,2,1,,,0.574989068648885,0.0186160475097863,,,,,,,0.8154111111111111,-0.0021429629629629,0.8598,0.0511040666666666,
celeba,iid,4,2025,2,2,,,0.574989068648885,0.0070052939640583,,,,,,,0.8154111111111111,0.0057359259259259,0.8598,0.0153264666666666,
celeba,iid,4,2025,2,3,,,0.574989068648885,-0.0155810866991294,,,,,,,0.8154111111111111,0.0067274074074074,0.8598,0.0,
celeba,iid,4,2025,3,0,,,0.5907099035933392,-0.0116381618480205,,,,,,,0.8405777777777779,0.0113859259259258,0.875776,0.0476704666666666,
celeba,iid,4,2025,3,1,,,0.5907099035933392,-0.0301630423119754,,,,,,,0.8405777777777779,0.0397862962962962,0.875776,0.0079308666666666,
celeba,iid,4,2025,3,2,,,0.5907099035933392,0.0372081193777908,,,,,,,0.8405777777777779,0.0,0.875776,-0.0046678,
celeba,iid,4,2025,3,3,,,0.5907099035933392,0.0203139197266593,,,,,,,0.8405777777777779,0.0,0.875776,0.0,
celeba,iid,4,2025,4,0,,,0.6051829268292683,-0.034828260587279,,,,,,,0.8618222222222223,0.0355418518518518,0.9039,0.0150648666666666,
celeba,iid,4,2025,4,1,,,0.6051829268292683,-0.0117520686847412,,,,,,,0.8618222222222223,0.0470077777777777,0.9039,0.0181051333333333,
celeba,iid,4,2025,4,2,,,0.6051829268292683,0.0525283526971252,,,,,,,0.8618222222222223,0.0,0.9039,0.0291415333333333,
celeba,iid,4,2025,4,3,,,0.6051829268292683,0.0080894597411376,,,,,,,0.8618222222222223,0.0039337037037036,0.9039,0.0,
celeba,iid,4,2025,5,0,,,0.6032194909723733,-0.0310852821423479,,,,,,,0.8798999999999999,0.0226322222222222,0.941366,0.0204213333333333,
celeba,iid,4,2025,5,1,,,0.6032194909723733,0.0109183508794379,,,,,,,0.8798999999999999,-0.0190088888888888,0.941366,-0.0027469333333333,
celeba,iid,4,2025,5,2,,,0.6032194909723733,0.0207684754568727,,,,,,,0.8798999999999999,0.0,0.941366,0.0166642666666666,
celeba,iid,4,2025,5,3,,,0.6032194909723733,-0.0032175795722847,,,,,,,0.8798999999999999,0.0473251851851852,0.941366,0.0029412666666666,
celeba,iid,4,2025,6,0,,,0.5759219088937093,0.0,,,,,,,0.7281111111111112,0.0222874074074073,0.919614,0.0,
celeba,iid,4,2025,6,1,,,0.5759219088937093,0.0274258068473428,,,,,,,0.7281111111111112,0.0,0.919614,0.0,
celeba,iid,4,2025,6,2,,,0.5759219088937093,0.0336223051677792,,,,,,,0.7281111111111112,0.0,0.919614,0.0247290666666666,
celeba,iid,4,2025,6,3,,,0.5759219088937093,-0.003988759748635,,,,,,,0.7281111111111112,0.0,0.919614,0.0,
celeba,iid,4,2025,7,0,,,0.5534934497816594,-0.0391561932869812,,,,,,,0.8261555555555555,0.0332248148148148,0.9171,0.0,
celeba,iid,4,2025,7,1,,,0.5534934497816594,0.0119450266353213,,,,,,,0.8261555555555555,0.0,0.9171,0.0,
celeba,iid,4,2025,7,2,,,0.5534934497816594,0.0061686694377965,,,,,,,0.8261555555555555,0.0,0.9171,0.0374349333333333,
celeba,iid,4,2025,7,3,,,0.5534934497816594,-0.0013859618981866,,,,,,,0.8261555555555555,0.0,0.9171,0.0,
celeba,iid,4,2025,8,0,,,0.522939769515112,-0.0337098545347572,,,,,,,0.6742111111111111,0.0,0.908828,0.0,
celeba,iid,4,2025,8,1,,,0.522939769515112,-0.0307436911229764,,,,,,,0.6742111111111111,0.0056122222222222,0.908828,0.0,
celeba,iid,4,2025,8,2,,,0.522939769515112,0.0398825393330607,,,,,,,0.6742111111111111,0.0,0.908828,0.0332156,
celeba,iid,4,2025,8,3,,,0.522939769515112,-0.0062001125154774,,,,,,,0.6742111111111111,0.0,0.908828,0.0053939333333333,
celeba,iid,4,2025,9,0,,,0.5066318764948903,-0.0462034505788843,,,,,,,0.7218555555555555,0.03216,0.911412,0.0089568666666666,
celeba,iid,4,2025,9,1,,,0.5066318764948903,0.0118494137821498,,,,,,,0.7218555555555555,-0.0145603703703704,0.911412,-0.0138727999999999,
celeba,iid,4,2025,9,2,,,0.5066318764948903,0.0820895418541349,,,,,,,0.7218555555555555,0.0,0.911412,0.0198463999999999,
celeba,iid,4,2025,9,3,,,0.5066318764948903,0.0,,,,,,,0.7218555555555555,-0.0123129629629629,0.911412,0.0,
celeba,iid,4,2025,10,0,,,0.4778314310798947,-0.0073648602180121,,,,,,,0.8322444444444443,-0.0009614814814814,0.9212,0.0,
celeba,iid,4,2025,10,1,,,0.4778314310798947,0.0217902105621611,,,,,,,0.8322444444444443,0.0022137037037036,0.9212,0.0295988,
celeba,iid,4,2025,10,2,,,0.4778314310798947,0.062637334608075,,,,,,,0.8322444444444443,0.0,0.9212,0.0348828,
celeba,iid,4,2025,10,3,,,0.4778314310798947,0.0,,,,,,,0.8322444444444443,0.0380796296296295,0.9212,0.0,
celeba,iid,4,9928,1,0,0.747,0.0473399999999999,0.7215528781793842,0.2367650481033909,0.8598114183251329,0.0,0.8184594125566479,0.0,0.472822368144989,0.0345077236493428,0.8020444444444443,0.0,0.83177,0.0,0.0473399999999999
celeba,iid,4,9928,1,1,0.747,0.0,0.7215528781793842,0.1681570640643405,0.8598114183251329,-0.0205426681690822,0.8184594125566479,-0.0323559096345301,0.472822368144989,-0.0,0.8020444444444443,-0.0846262962962963,0.83177,-0.0178470666666666,0.0
celeba,iid,4,9928,1,2,0.747,0.0,0.7215528781793842,0.0,0.8598114183251329,0.0,0.8184594125566479,0.0,0.472822368144989,-0.0,0.8020444444444443,-0.0059340740740741,0.83177,0.0,0.0
celeba,iid,4,9928,1,3,0.747,0.0,0.7215528781793842,0.1863270840994849,0.8598114183251329,0.0,0.8184594125566479,0.0,0.472822368144989,0.0190293461084365,0.8020444444444443,0.0177822222222222,0.83177,0.0,0.0
celeba,iid,4,9928,2,0,0.9118,0.0467666666666666,0.591577100241281,-0.0463407724434559,0.9523087697575582,0.0310976507517512,0.8647223328991958,0.0176681336073864,0.2165284156799316,-0.0,0.6976333333333333,-0.0506307407407407,0.905772,0.0,0.0467666666666666
celeba,iid,4,9928,2,1,0.9118,0.0462733333333333,0.591577100241281,-0.0304398259919298,0.9523087697575582,0.0275672525886823,0.8647223328991958,0.0129972487150962,0.2165284156799316,-0.0,0.6976333333333333,0.0,0.905772,0.0,0.0462733333333333
celeba,iid,4,9928,2,2,0.9118,0.03556,0.591577100241281,-0.0326657480280026,0.9523087697575582,0.0,0.8647223328991958,0.014710648358539,0.2165284156799316,0.0519121939937273,0.6976333333333333,0.0,0.905772,0.0,0.03556
celeba,iid,4,9928,2,3,0.9118,0.0,0.591577100241281,-0.0200907387789482,0.9523087697575582,0.0,0.8647223328991958,0.0,0.2165284156799316,-0.0,0.6976333333333333,0.0074903703703703,0.905772,0.0383393333333333,0.0
celeba,iid,4,9928,3,0,0.9188,-0.0034933333333333,0.5629081410535481,-0.0240328087206044,0.9591083396756273,-0.0050181755492289,0.8639069533907194,0.0,0.1966773867607116,-0.0021641001105308,0.7733666666666665,0.0,0.88654,0.0,-0.0034933333333333
celeba,iid,4,9928,3,1,0.9188,0.0057733333333333,0.5629081410535481,-0.0174847879136686,0.9591083396756273,0.0060443705890701,0.8639069533907194,0.0,0.1966773867607116,-0.0,0.7733666666666665,0.0,0.88654,0.0,0.0057733333333333
celeba,iid,4,9928,3,2,0.9188,0.0,0.5629081410535481,0.0161108590670859,0.9591083396756273,0.0,0.8639069533907194,0.0,0.1966773867607116,-0.0,0.7733666666666665,0.0,0.88654,0.0,0.0
celeba,iid,4,9928,3,3,0.9188,-0.0001666666666666,0.5629081410535481,-0.0028268711634276,0.9591083396756273,0.0011175732623312,0.8639069533907194,0.0,0.1966773867607116,-0.0,0.7733666666666665,0.0154188888888888,0.88654,0.0347837333333333,-0.0001666666666666
celeba,iid,4,9928,4,0,0.9198,-0.0014333333333333,0.5736029571646011,0.0344064691591285,0.9553791964420754,0.0,0.8597878048113451,0.0,0.1913711428642273,-0.0,0.7550777777777777,0.0,0.879586,0.0584567333333333,-0.0014333333333333
celeba,iid,4,9928,4,1,0.9198,-0.0079999999999999,0.5736029571646011,-0.0248748297811554,0.9553791964420754,0.0,0.8597878048113451,0.0,0.1913711428642273,-0.0142419844865798,0.7550777777777777,0.0,0.879586,0.0,-0.0079999999999999
celeba,iid,4,9928,4,2,0.9198,0.0069199999999999,0.5736029571646011,0.0,0.9553791964420754,0.0173296011426285,0.8597878048113451,0.0177527939862909,0.1913711428642273,-0.0,0.7550777777777777,4.777777777774291e-05,0.879586,0.0,0.0069199999999999
celeba,iid,4,9928,4,3,0.9198,0.0,0.5736029571646011,0.0197981205518684,0.9553791964420754,0.0,0.8597878048113451,0.0,0.1913711428642273,-0.0,0.7550777777777777,0.0,0.879586,0.0,0.0
celeba,iid,4,9928,5,0,0.922,0.0102,0.5188720173535792,0.0324023964133111,0.964395424583674,0.0,0.8675569189430231,0.0,0.1918847411870956,-0.0,0.7821999999999998,0.0,0.85634,0.0444796666666666,0.0102
celeba,iid,4,9928,5,1,0.922,-0.0166266666666666,0.5188720173535792,0.0,0.964395424583674,0.0,0.8675569189430231,0.0,0.1918847411870956,-0.0,0.7821999999999998,0.0,0.85634,0.0,-0.0166266666666666
celeba,iid,4,9928,5,2,0.922,0.0061,0.5188720173535792,0.0014294074579014,0.964395424583674,0.0195176779236974,0.8675569189430231,0.0171798120614919,0.1918847411870956,-0.0,0.7821999999999998,0.0,0.85634,0.0,0.0061
celeba,iid,4,9928,5,3,0.922,0.0025266666666667,0.5188720173535792,0.0322919522176873,0.964395424583674,0.0,0.8675569189430231,0.0,0.1918847411870956,-0.0,0.7821999999999998,0.0184781481481482,0.85634,0.0,0.0025266666666667
celeba,iid,4,9928,6,0,0.9212,0.0,0.5147633521493704,0.0552032164716467,0.9641116272018524,0.0,0.8674327860513933,0.0,0.186856985092163,-0.0,0.7399555555555557,0.0,0.87507,0.0502988,0.0
celeba,iid,4,9928,6,1,0.9212,0.0,0.5147633521493704,-0.0123240125860198,0.9641116272018524,0.0,0.8674327860513933,0.0,0.186856985092163,-0.0,0.7399555555555557,-0.02977,0.87507,0.0,0.0
celeba,iid,4,9928,6,2,0.9212,0.0,0.5147633521493704,-0.0215650532796063,0.9641116272018524,0.0,0.8674327860513933,0.0,0.186856985092163,-0.0,0.7399555555555557,-0.0080218518518518,0.87507,0.0,0.0
celeba,iid,4,9928,6,3,0.9212,0.0,0.5147633521493704,-0.0252057076903856,0.9641116272018524,0.0,0.8674327860513933,0.0,0.186856985092163,-0.0124261433879534,0.7399555555555557,0.0226833333333332,0.87507,0.0,0.0
celeba,iid,4,9928,7,0,0.9212,0.0042199999999999,0.5147633521493704,0.0223599209271366,0.9641116272018524,0.0,0.8674327860513933,0.0,0.186856985092163,-0.0,0.7418,0.0,0.874656,0.0449301333333333,0.0042199999999999
celeba,iid,4,9928,7,1,0.9212,-0.00524,0.5147633521493704,-0.0571890843873017,0.9641116272018524,0.0,0.8674327860513933,0.0,0.186856985092163,-0.0136353323856989,0.7418,0.0524944444444445,0.874656,0.0,-0.00524
celeba,iid,4,9928,7,2,0.9212,0.0,0.5147633521493704,-0.0011288757595731,0.9641116272018524,0.0111794716405138,0.8674327860513933,0.0224878196647134,0.186856985092163,-0.0,0.7418,0.0,0.874656,0.0,0.0
celeba,iid,4,9928,7,3,0.9212,0.0,0.5147633521493704,0.0028700797405249,0.9641116272018524,0.0055930367997663,0.8674327860513933,0.0,0.186856985092163,-0.0,0.7418,0.0,0.874656,0.0,0.0
celeba,iid,4,9928,8,0,0.9198,-0.0122133333333333,0.5196781909110677,0.0629574302496277,0.9603024319115008,0.0,0.8652211571576451,0.0,0.1889337450265884,-0.0259471878409385,0.7816333333333334,0.0,0.8745080000000001,0.0,-0.0122133333333333
celeba,iid,4,9928,8,1,0.9198,0.0011333333333333,0.5196781909110677,-0.0684674025020812,0.9603024319115008,0.0,0.8652211571576451,0.0,0.1889337450265884,-0.0,0.7816333333333334,0.0,0.8745080000000001,0.0,0.0011333333333333
celeba,iid,4,9928,8,2,0.9198,0.0,0.5196781909110677,0.0444875308731391,0.9603024319115008,0.0138726725456786,0.8652211571576451,0.015821686867739,0.1889337450265884,-0.0,0.7816333333333334,0.0,0.8745080000000001,0.0,0.0
celeba,iid,4,9928,8,3,0.9198,0.0036799999999999,0.5196781909110677,-0.0338452812853853,0.9603024319115008,0.0047518233334702,0.8652211571576451,0.0,0.1889337450265884,-0.0,0.7816333333333334,0.0041537037037036,0.8745080000000001,0.0,0.0036799999999999
celeba,iid,4,9928,9,0,0.9198,0.0,0.4544466188301804,-0.0030930036964827,0.9602080152213172,0.0,0.8640823443233521,0.0,0.1860178411006927,-0.0,0.7441777777777778,0.0,0.856388,0.0488435333333333,0.0
celeba,iid,4,9928,9,1,0.9198,0.0,0.4544466188301804,-0.0548817423290999,0.9602080152213172,0.0,0.8640823443233521,0.0,0.1860178411006927,-0.0280127346515655,0.7441777777777778,-0.0122948148148147,0.856388,0.0,0.0
celeba,iid,4,9928,9,2,0.9198,0.0,0.4544466188301804,-0.0120228051546259,0.9602080152213172,0.0,0.8640823443233521,-0.0028299296956937,0.1860178411006927,-0.0,0.7441777777777778,0.0,0.856388,0.0,0.0
celeba,iid,4,9928,9,3,0.9198,0.0,0.4544466188301804,0.0047659790993213,0.9602080152213172,0.0,0.8640823443233521,0.0069153920800704,0.1860178411006927,-0.0,0.7441777777777778,0.0,0.856388,0.0,0.0
celeba,iid,4,9928,10,0,0.9204,0.0,0.4695784441547154,0.071578062279868,0.9591512498747642,0.0,0.8628660712545726,0.0,0.1834598928689956,-0.0,0.7095777777777776,0.0310877777777778,0.869648,0.0650083333333333,0.0
celeba,iid,4,9928,10,1,0.9204,0.0,0.4695784441547154,-0.0439886328980599,0.9591512498747642,0.0,0.8628660712545726,0.0,0.1834598928689956,-0.0188591241836547,0.7095777777777776,0.0,0.869648,0.0,0.0
celeba,iid,4,9928,10,2,0.9204,0.0,0.4695784441547154,-0.0359549679490482,0.9591512498747642,0.0074182055925002,0.8628660712545726,0.0124750389989626,0.1834598928689956,-0.0,0.7095777777777776,0.0654618518518517,0.869648,0.0,0.0
celeba,iid,4,9928,10,3,0.9204,0.0,0.4695784441547154,0.023497363891775,0.9591512498747642,0.0091010212452763,0.8628660712545726,0.0,0.1834598928689956,-0.0,0.7095777777777776,0.0,0.869648,0.0,0.0
celeba,iid,20,42,1,0,0.5332,0.0,0.9774943735933984,0.0,0.9894265134268438,0.0,0.988339532608548,0.0,0.6393712162971497,-0.0,0.8284222222222222,0.0,,,0.0
celeba,iid,20,42,1,1,0.5332,0.0,0.9774943735933984,0.0,0.9894265134268438,0.0,0.988339532608548,0.0,0.6393712162971497,-0.0,0.8284222222222222,0.0,,,0.0
celeba,iid,20,42,1,2,0.5332,0.0,0.9774943735933984,0.0,0.9894265134268438,0.0,0.988339532608548,0.0,0.6393712162971497,-0.0,0.8284222222222222,0.0,,,0.0
celeba,iid,20,42,1,3,0.5332,0.0,0.9774943735933984,0.0,0.9894265134268438,0.0,0.988339532608548,0.0,0.6393712162971497,-0.0,0.8284222222222222,0.0,,,0.0
celeba,iid,20,42,1,4,0.5332,0.0,0.9774943735933984,0.0,0.9894265134268438,0.0,0.988339532608548,0.0,0.6393712162971497,-0.0,0.8284222222222222,0.0,,,0.0
celeba,iid,20,42,1,5,0.5332,0.0,0.9774943735933984,0.0,0.9894265134268438,0.0,0.988339532608548,0.0,0.6393712162971497,-0.0,0.8284222222222222,0.0,,,0.0
celeba,iid,20,42,1,6,0.5332,0.0316533333333333,0.9774943735933984,0.0,0.9894265134268438,0.0,0.988339532608548,0.0,0.6393712162971497,-0.0,0.8284222222222222,0.0,,,0.0316533333333333
celeba,iid,20,42,1,7,0.5332,0.0,0.9774943735933984,0.0,0.9894265134268438,0.0,0.988339532608548,0.0,0.6393712162971497,-0.0,0.8284222222222222,0.0,,,0.0
celeba,iid,20,42,1,8,0.5332,0.0,0.9774943735933984,0.0,0.9894265134268438,0.0,0.988339532608548,0.0,0.6393712162971497,-0.0,0.8284222222222222,0.0,,,0.0
celeba,iid,20,42,1,9,0.5332,0.0,0.9774943735933984,0.1457975002845725,0.9894265134268438,0.0152541826315013,0.988339532608548,0.0200678560388168,0.6393712162971497,-0.0,0.8284222222222222,0.0,,,0.0
celeba,iid,20,42,1,10,0.5332,0.0,0.9774943735933984,0.0,0.9894265134268438,0.0,0.988339532608548,0.0,0.6393712162971497,-0.0,0.8284222222222222,0.0,,,0.0
celeba,iid,20,42,1,11,0.5332,0.0,0.9774943735933984,0.0,0.9894265134268438,0.0,0.988339532608548,0.0,0.6393712162971497,-0.0,0.8284222222222222,0.0,,,0.0
celeba,iid,20,42,1,12,0.5332,0.0,0.9774943735933984,0.0,0.9894265134268438,0.0,0.988339532608548,0.0,0.6393712162971497,-0.0,0.8284222222222222,0.0,,,0.0
celeba,iid,20,42,1,13,0.5332,0.0047133333333333,0.9774943735933984,0.0,0.9894265134268438,0.0,0.988339532608548,0.0,0.6393712162971497,-0.0,0.8284222222222222,0.0,,,0.0047133333333333
celeba,iid,20,42,1,14,0.5332,0.0,0.9774943735933984,0.0,0.9894265134268438,0.0,0.988339532608548,0.0,0.6393712162971497,-0.0,0.8284222222222222,0.0,,,0.0
celeba,iid,20,42,1,15,0.5332,0.0,0.9774943735933984,0.0,0.9894265134268438,0.0,0.988339532608548,0.0,0.6393712162971497,-0.0,0.8284222222222222,0.0,,,0.0
celeba,iid,20,42,1,16,0.5332,0.0,0.9774943735933984,0.0,0.9894265134268438,0.0,0.988339532608548,0.0,0.6393712162971497,-0.0,0.8284222222222222,0.0035081481481481,,,0.0
celeba,iid,20,42,1,17,0.5332,0.0030133333333333,0.9774943735933984,0.0,0.9894265134268438,0.0,0.988339532608548,0.0,0.6393712162971497,-0.0,0.8284222222222222,0.0,,,0.0030133333333333
celeba,iid,20,42,1,18,0.5332,0.0,0.9774943735933984,0.0,0.9894265134268438,0.0,0.988339532608548,0.0,0.6393712162971497,-0.021964031457901,0.8284222222222222,0.0,,,0.0
celeba,iid,20,42,1,19,0.5332,0.0,0.9774943735933984,0.0,0.9894265134268438,0.0,0.988339532608548,0.0,0.6393712162971497,-0.0,0.8284222222222222,0.0,,,0.0
celeba,iid,20,42,2,0,0.8616,0.0,0.5988857938718664,0.0,0.907203505493126,0.0,0.8408660545506741,0.0,0.3261660039424896,-0.0,0.8182444444444446,0.0,,,0.0
celeba,iid,20,42,2,1,0.8616,0.0,0.5988857938718664,0.0017563602713558,0.907203505493126,0.0,0.8408660545506741,0.0,0.3261660039424896,-0.0002571513255437,0.8182444444444446,0.0,,,0.0
celeba,iid,20,42,2,2,0.8616,0.0,0.5988857938718664,0.0,0.907203505493126,0.0,0.8408660545506741,0.0,0.3261660039424896,-0.0,0.8182444444444446,-0.0002803703703703,,,0.0
celeba,iid,20,42,2,3,0.8616,0.0153533333333333,0.5988857938718664,0.0,0.907203505493126,0.0,0.8408660545506741,0.0,0.3261660039424896,-0.0,0.8182444444444446,0.0,,,0.0153533333333333
celeba,iid,20,42,2,4,0.8616,0.0,0.5988857938718664,0.0,0.907203505493126,0.0,0.8408660545506741,0.0,0.3261660039424896,-0.0,0.8182444444444446,-0.0127866666666666,,,0.0
celeba,iid,20,42,2,5,0.8616,0.0,0.5988857938718664,0.0,0.907203505493126,0.0,0.8408660545506741,0.0,0.3261660039424896,-0.0,0.8182444444444446,0.0053762962962962,,,0.0
celeba,iid,20,42,2,6,0.8616,0.0,0.5988857938718664,0.0,0.907203505493126,0.0,0.8408660545506741,0.0,0.3261660039424896,-0.0,0.8182444444444446,0.0,,,0.0
celeba,iid,20,42,2,7,0.8616,0.0379,0.5988857938718664,0.0,0.907203505493126,0.0,0.8408660545506741,0.0,0.3261660039424896,-0.0,0.8182444444444446,0.0,,,0.0379
celeba,iid,20,42,2,8,0.8616,0.0,0.5988857938718664,0.0,0.907203505493126,0.0,0.8408660545506741,0.0,0.3261660039424896,-0.0,0.8182444444444446,0.0170399999999999,,,0.0
celeba,iid,20,42,2,9,0.8616,0.0,0.5988857938718664,0.0,0.907203505493126,0.0,0.8408660545506741,0.0,0.3261660039424896,-0.0,0.8182444444444446,-0.010397037037037,,,0.0
celeba,iid,20,42,2,10,0.8616,0.0,0.5988857938718664,0.0,0.907203505493126,0.0,0.8408660545506741,0.0,0.3261660039424896,-0.0,0.8182444444444446,-0.0029196296296296,,,0.0
celeba,iid,20,42,2,11,0.8616,0.0240399999999999,0.5988857938718664,0.0,0.907203505493126,0.0,0.8408660545506741,0.0,0.3261660039424896,-0.0,0.8182444444444446,0.0,,,0.0240399999999999
celeba,iid,20,42,2,12,0.8616,0.0,0.5988857938718664,0.0,0.907203505493126,0.0013581018975792,0.8408660545506741,0.0,0.3261660039424896,-0.0,0.8182444444444446,0.0,,,0.0
celeba,iid,20,42,2,13,0.8616,0.0,0.5988857938718664,0.0,0.907203505493126,0.0,0.8408660545506741,0.0,0.3261660039424896,-0.0,0.8182444444444446,-0.0008448148148148,,,0.0
celeba,iid,20,42,2,14,0.8616,0.0,0.5988857938718664,0.0,0.907203505493126,0.0,0.8408660545506741,-0.002553005263311,0.3261660039424896,-0.0,0.8182444444444446,0.0,,,0.0
celeba,iid,20,42,2,15,0.8616,0.0,0.5988857938718664,0.0,0.907203505493126,0.0,0.8408660545506741,0.0,0.3261660039424896,-0.0,0.8182444444444446,0.0,,,0.0
celeba,iid,20,42,2,16,0.8616,0.0,0.5988857938718664,0.0,0.907203505493126,0.0,0.8408660545506741,0.0,0.3261660039424896,-0.0,0.8182444444444446,-0.0165066666666666,,,0.0
celeba,iid,20,42,2,17,0.8616,0.01182,0.5988857938718664,0.0,0.907203505493126,0.0,0.8408660545506741,0.0,0.3261660039424896,-0.0,0.8182444444444446,0.0025125925925925,,,0.01182
celeba,iid,20,42,2,18,0.8616,0.0,0.5988857938718664,0.0,0.907203505493126,0.0,0.8408660545506741,0.0,0.3261660039424896,-0.0,0.8182444444444446,0.0,,,0.0
celeba,iid,20,42,2,19,0.8616,0.0,0.5988857938718664,0.0,0.907203505493126,0.0,0.8408660545506741,0.0,0.3261660039424896,-0.0,0.8182444444444446,0.0,,,0.0
celeba,iid,20,42,3,0,0.9024,0.0,0.5398936170212766,0.0,0.9556022768825224,0.0,0.8698892416905065,0.0,0.2325254082679748,-0.0080249508221944,0.8003,7.07407407407971e-05,,,0.0
celeba,iid,20,42,3,1,0.9024,0.0,0.5398936170212766,-0.0072043705938662,0.9556022768825224,0.0,0.8698892416905065,0.0,0.2325254082679748,-0.0,0.8003,0.0,,,0.0
celeba,iid,20,42,3,2,0.9024,0.0063733333333333,0.5398936170212766,0.0,0.9556022768825224,0.0050262009238176,0.8698892416905065,0.0,0.2325254082679748,-0.0,0.8003,0.0,,,0.0063733333333333
celeba,iid,20,42,3,3,0.9024,0.00342,0.5398936170212766,-0.0019101598270956,0.9556022768825224,0.0,0.8698892416905065,0.0,0.2325254082679748,-0.0,0.8003,0.0,,,0.00342
celeba,iid,20,42,3,4,0.9024,0.0,0.5398936170212766,0.0,0.9556022768825224,0.0,0.8698892416905065,0.0,0.2325254082679748,-0.0,0.8003,0.0,,,0.0
celeba,iid,20,42,3,5,0.9024,0.0,0.5398936170212766,0.0,0.9556022768825224,0.0,0.8698892416905065,0.0,0.2325254082679748,-0.0,0.8003,0.0,,,0.0
celeba,iid,20,42,3,6,0.9024,0.0,0.5398936170212766,0.0,0.9556022768825224,0.0,0.8698892416905065,0.0,0.2325254082679748,-0.0,0.8003,0.0,,,0.0
celeba,iid,20,42,3,7,0.9024,0.0,0.5398936170212766,0.0,0.9556022768825224,0.0,0.8698892416905065,0.0,0.2325254082679748,-0.0,0.8003,0.0,,,0.0
celeba,iid,20,42,3,8,0.9024,0.0,0.5398936170212766,0.0,0.9556022768825224,0.0,0.8698892416905065,0.0,0.2325254082679748,-0.0,0.8003,0.0,,,0.0
celeba,iid,20,42,3,9,0.9024,0.0,0.5398936170212766,0.0119554369488252,0.9556022768825224,0.0,0.8698892416905065,0.0,0.2325254082679748,-0.0,0.8003,0.0,,,0.0
celeba,iid,20,42,3,10,0.9024,0.0,0.5398936170212766,0.0113360180971544,0.9556022768825224,-0.0002911364478016,0.8698892416905065,0.0,0.2325254082679748,-0.0,0.8003,0.0,,,0.0
celeba,iid,20,42,3,11,0.9024,0.0077799999999999,0.5398936170212766,0.0,0.9556022768825224,0.0,0.8698892416905065,0.0,0.2325254082679748,-0.0,0.8003,0.0,,,0.0077799999999999
celeba,iid,20,42,3,12,0.9024,0.0,0.5398936170212766,0.0,0.9556022768825224,0.0,0.8698892416905065,0.0045144850911429,0.2325254082679748,-0.0,0.8003,0.0,,,0.0
celeba,iid,20,42,3,13,0.9024,0.0,0.5398936170212766,0.0104617389410438,0.9556022768825224,0.0,0.8698892416905065,0.0,0.2325254082679748,-0.0,0.8003,0.0,,,0.0
celeba,iid,20,42,3,14,0.9024,0.0,0.5398936170212766,0.0,0.9556022768825224,0.0031500407319593,0.8698892416905065,0.0,0.2325254082679748,-0.0,0.8003,0.0,,,0.0
celeba,iid,20,42,3,15,0.9024,0.0,0.5398936170212766,0.0057494091484056,0.9556022768825224,0.0,0.8698892416905065,0.0,0.2325254082679748,-0.0,0.8003,0.0,,,0.0
celeba,iid,20,42,3,16,0.9024,0.0,0.5398936170212766,0.0,0.9556022768825224,0.0077066663148267,0.8698892416905065,0.0,0.2325254082679748,-0.0,0.8003,0.0,,,0.0
celeba,iid,20,42,3,17,0.9024,0.0030733333333333,0.5398936170212766,0.0,0.9556022768825224,0.0,0.8698892416905065,0.0,0.2325254082679748,-0.0,0.8003,0.0,,,0.0030733333333333
celeba,iid,20,42,3,18,0.9024,0.0,0.5398936170212766,0.0,0.9556022768825224,0.0,0.8698892416905065,0.0,0.2325254082679748,-0.0,0.8003,0.0,,,0.0
celeba,iid,20,42,3,19,0.9024,0.0,0.5398936170212766,0.0,0.9556022768825224,0.0045455640180528,0.8698892416905065,0.0,0.2325254082679748,-0.0,0.8003,0.0,,,0.0
celeba,iid,20,42,4,0,0.9052,0.0,0.5190013256738842,0.0,0.9634028703189292,-0.0050260458219066,0.871108953797181,0.0,0.2249636054039001,-0.0061302403608957,0.8536222222222223,-0.0152592592592592,,,0.0
celeba,iid,20,42,4,1,0.9052,0.0,0.5190013256738842,0.0,0.9634028703189292,0.0,0.871108953797181,0.0,0.2249636054039001,-0.0,0.8536222222222223,-0.0016703703703703,,,0.0
celeba,iid,20,42,4,2,0.9052,0.0,0.5190013256738842,0.0,0.9634028703189292,0.0,0.871108953797181,0.0,0.2249636054039001,-0.0,0.8536222222222223,0.0021211111111111,,,0.0
celeba,iid,20,42,4,3,0.9052,-0.0061399999999999,0.5190013256738842,0.0,0.9634028703189292,0.0,0.871108953797181,0.0,0.2249636054039001,-0.0,0.8536222222222223,0.00409,,,-0.0061399999999999
celeba,iid,20,42,4,4,0.9052,0.0,0.5190013256738842,0.0,0.9634028703189292,-0.0024945926017317,0.871108953797181,0.0,0.2249636054039001,-0.0,0.8536222222222223,0.0,,,0.0
celeba,iid,20,42,4,5,0.9052,0.0,0.5190013256738842,0.0106998965817612,0.9634028703189292,0.0,0.871108953797181,0.0,0.2249636054039001,-0.0,0.8536222222222223,0.0,,,0.0
celeba,iid,20,42,4,6,0.9052,0.0004333333333333,0.5190013256738842,0.0,0.9634028703189292,0.0,0.871108953797181,0.0,0.2249636054039001,-0.0,0.8536222222222223,0.0118081481481481,,,0.0004333333333333
celeba,iid,20,42,4,7,0.9052,0.0018933333333333,0.5190013256738842,0.0086604183010116,0.9634028703189292,0.0022543797068862,0.871108953797181,0.0,0.2249636054039001,-0.0,0.8536222222222223,0.0,,,0.0018933333333333
celeba,iid,20,42,4,8,0.9052,0.0,0.5190013256738842,0.005848206477216,0.9634028703189292,0.0,0.871108953797181,0.0,0.2249636054039001,-0.0,0.8536222222222223,0.0,,,0.0
celeba,iid,20,42,4,9,0.9052,0.0,0.5190013256738842,0.0120371854884134,0.9634028703189292,0.0,0.871108953797181,0.0,0.2249636054039001,-0.0,0.8536222222222223,-0.0174333333333333,,,0.0
celeba,iid,20,42,4,10,0.9052,0.0029533333333333,0.5190013256738842,0.0,0.9634028703189292,0.0,0.871108953797181,0.0,0.2249636054039001,-0.0,0.8536222222222223,-0.0041548148148148,,,0.0029533333333333
celeba,iid,20,42,4,11,0.9052,0.0,0.5190013256738842,0.0,0.9634028703189292,0.0,0.871108953797181,0.0,0.2249636054039001,-0.0,0.8536222222222223,-0.0094288888888889,,,0.0
celeba,iid,20,42,4,12,0.9052,0.0,0.5190013256738842,0.0,0.9634028703189292,0.0,0.871108953797181,0.0,0.2249636054039001,-0.0,0.8536222222222223,0.0195844444444444,,,0.0
celeba,iid,20,42,4,13,0.9052,0.0,0.5190013256738842,0.0,0.9634028703189292,0.0,0.871108953797181,0.0,0.2249636054039001,-0.0,0.8536222222222223,-0.0048407407407407,,,0.0
celeba,iid,20,42,4,14,0.9052,0.0,0.5190013256738842,0.0126890329662065,0.9634028703189292,0.0,0.871108953797181,0.0,0.2249636054039001,-0.0,0.8536222222222223,-0.0233555555555555,,,0.0
celeba,iid,20,42,4,15,0.9052,0.00134,0.5190013256738842,0.0,0.9634028703189292,0.0,0.871108953797181,0.0,0.2249636054039001,-0.0,0.8536222222222223,0.0155055555555555,,,0.00134
celeba,iid,20,42,4,16,0.9052,0.0,0.5190013256738842,0.0,0.9634028703189292,0.0050310276898603,0.871108953797181,0.0,0.2249636054039001,-0.0,0.8536222222222223,0.0,,,0.0
celeba,iid,20,42,4,17,0.9052,0.0083666666666666,0.5190013256738842,0.0,0.9634028703189292,0.0,0.871108953797181,0.0,0.2249636054039001,-0.0,0.8536222222222223,0.0,,,0.0083666666666666
celeba,iid,20,42,4,18,0.9052,0.0,0.5190013256738842,0.0,0.9634028703189292,0.0044404415876882,0.871108953797181,0.0083612673280427,0.2249636054039001,-0.0,0.8536222222222223,0.0,,,0.0
celeba,iid,20,42,4,19,0.9052,0.0,0.5190013256738842,0.0,0.9634028703189292,0.0,0.871108953797181,0.0,0.2249636054039001,-0.0,0.8536222222222223,-0.0051218518518518,,,0.0
celeba,iid,20,42,5,0,0.909,-0.0031,0.4998899889988999,0.0,0.9621078696239886,0.0,0.8685534211139567,0.0,0.2210481762886047,-0.0,0.7926444444444445,0.0,,,-0.0031
celeba,iid,20,42,5,1,0.909,-0.0002399999999999,0.4998899889988999,0.0,0.9621078696239886,0.0,0.8685534211139567,0.0,0.2210481762886047,-0.0,0.7926444444444445,0.0103577777777777,,,-0.0002399999999999
celeba,iid,20,42,5,2,0.909,0.0005533333333333,0.4998899889988999,0.0,0.9621078696239886,0.0,0.8685534211139567,0.0,0.2210481762886047,-0.0,0.7926444444444445,0.0,,,0.0005533333333333
celeba,iid,20,42,5,3,0.909,0.0,0.4998899889988999,0.0,0.9621078696239886,0.0,0.8685534211139567,0.0,0.2210481762886047,-0.0,0.7926444444444445,0.0,,,0.0
celeba,iid,20,42,5,4,0.909,-0.0010199999999999,0.4998899889988999,0.0,0.9621078696239886,0.0,0.8685534211139567,0.0,0.2210481762886047,-0.0,0.7926444444444445,0.0,,,-0.0010199999999999
celeba,iid,20,42,5,5,0.909,0.0053799999999999,0.4998899889988999,0.0258250953985867,0.9621078696239886,0.0,0.8685534211139567,0.0,0.2210481762886047,-0.0,0.7926444444444445,0.0,,,0.0053799999999999
celeba,iid,20,42,5,6,0.909,-0.0017333333333333,0.4998899889988999,0.0,0.9621078696239886,0.0,0.8685534211139567,0.0,0.2210481762886047,-0.0,0.7926444444444445,0.0,,,-0.0017333333333333
celeba,iid,20,42,5,7,0.909,0.0019999999999999,0.4998899889988999,0.006484490557641,0.9621078696239886,0.0,0.8685534211139567,0.0,0.2210481762886047,-0.0,0.7926444444444445,0.0,,,0.0019999999999999
celeba,iid,20,42,5,8,0.909,0.00082,0.4998899889988999,0.0,0.9621078696239886,0.0,0.8685534211139567,0.0,0.2210481762886047,-0.0,0.7926444444444445,0.0,,,0.00082
celeba,iid,20,42,5,9,0.909,-0.0001066666666666,0.4998899889988999,0.0141698925700822,0.9621078696239886,0.0,0.8685534211139567,0.0,0.2210481762886047,-0.0,0.7926444444444445,0.0021592592592592,,,-0.0001066666666666
celeba,iid,20,42,5,10,0.909,0.0022133333333333,0.4998899889988999,-0.0011806071072877,0.9621078696239886,0.0,0.8685534211139567,0.0,0.2210481762886047,-0.0,0.7926444444444445,0.0,,,0.0022133333333333
celeba,iid,20,42,5,11,0.909,0.0,0.4998899889988999,0.0,0.9621078696239886,0.0,0.8685534211139567,0.0,0.2210481762886047,-0.0,0.7926444444444445,0.0,,,0.0
celeba,iid,20,42,5,12,0.909,0.0,0.4998899889988999,0.0,0.9621078696239886,0.006258213606346,0.8685534211139567,0.0051888039992407,0.2210481762886047,-0.0004803756872812,0.7926444444444445,0.0,,,0.0
celeba,iid,20,42,5,13,0.909,0.0,0.4998899889988999,0.0,0.9621078696239886,0.0,0.8685534211139567,0.0,0.2210481762886047,-0.0,0.7926444444444445,0.0,,,0.0
celeba,iid,20,42,5,14,0.909,0.0,0.4998899889988999,0.0181705363397124,0.9621078696239886,0.0,0.8685534211139567,0.0,0.2210481762886047,-0.0,0.7926444444444445,0.0,,,0.0
celeba,iid,20,42,5,15,0.909,-6.666666666666672e-05,0.4998899889988999,0.0023070120759535,0.9621078696239886,0.0,0.8685534211139567,0.0,0.2210481762886047,-0.0,0.7926444444444445,0.0,,,-6.666666666666672e-05
celeba,iid,20,42,5,16,0.909,0.0,0.4998899889988999,0.0,0.9621078696239886,0.0,0.8685534211139567,0.0,0.2210481762886047,-0.0,0.7926444444444445,0.0,,,0.0
celeba,iid,20,42,5,17,0.909,0.0,0.4998899889988999,-0.0055555035799588,0.9621078696239886,0.0,0.8685534211139567,0.0,0.2210481762886047,-0.0,0.7926444444444445,0.0,,,0.0
celeba,iid,20,42,5,18,0.909,-0.0019933333333333,0.4998899889988999,0.0,0.9621078696239886,0.0,0.8685534211139567,0.0,0.2210481762886047,-0.0,0.7926444444444445,0.0214822222222222,,,-0.0019933333333333
celeba,iid,20,42,5,19,0.909,0.0,0.4998899889988999,0.0,0.9621078696239886,0.0,0.8685534211139567,0.0,0.2210481762886047,-0.0,0.7926444444444445,0.0,,,0.0
celeba,iid,20,42,6,0,0.914,0.0,0.512910284463895,0.0,0.9588875067615156,0.0,0.8642338257544306,0.0,0.213928684592247,-0.0,0.6816222222222224,0.0,,,0.0
celeba,iid,20,42,6,1,0.914,0.0,0.512910284463895,0.000593670411603,0.9588875067615156,0.0,0.8642338257544306,0.0,0.213928684592247,-0.0,0.6816222222222224,0.0,,,0.0
celeba,iid,20,42,6,2,0.914,0.0,0.512910284463895,0.0,0.9588875067615156,0.0,0.8642338257544306,0.0,0.213928684592247,-0.0,0.6816222222222224,0.0,,,0.0
celeba,iid,20,42,6,3,0.914,0.0,0.512910284463895,0.0057939210921058,0.9588875067615156,0.0,0.8642338257544306,0.0,0.213928684592247,-0.0,0.6816222222222224,0.0,,,0.0
celeba,iid,20,42,6,4,0.914,0.0,0.512910284463895,-0.0264780117791976,0.9588875067615156,0.0,0.8642338257544306,0.0,0.213928684592247,-0.0,0.6816222222222224,0.0,,,0.0
celeba,iid,20,42,6,5,0.914,0.0,0.512910284463895,0.0539360250537872,0.9588875067615156,0.0,0.8642338257544306,0.0,0.213928684592247,-0.0154490316907564,0.6816222222222224,0.0,,,0.0
celeba,iid,20,42,6,6,0.914,0.0,0.512910284463895,0.0,0.9588875067615156,0.0,0.8642338257544306,0.0,0.213928684592247,-0.0,0.6816222222222224,0.0,,,0.0
celeba,iid,20,42,6,7,0.914,0.00136,0.512910284463895,0.0020573437263401,0.9588875067615156,0.0,0.8642338257544306,0.0,0.213928684592247,-0.0,0.6816222222222224,0.0,,,0.00136
celeba,iid,20,42,6,8,0.914,0.0058,0.512910284463895,-0.0010785041372126,0.9588875067615156,0.0,0.8642338257544306,0.0,0.213928684592247,-0.0,0.6816222222222224,0.0,,,0.0058
celeba,iid,20,42,6,9,0.914,0.0,0.512910284463895,-0.0007415112274737,0.9588875067615156,0.0,0.8642338257544306,0.0,0.213928684592247,-0.0,0.6816222222222224,0.0,,,0.0
celeba,iid,20,42,6,10,0.914,0.0051266666666666,0.512910284463895,0.0,0.9588875067615156,0.0,0.8642338257544306,0.0,0.213928684592247,-0.0,0.6816222222222224,0.0,,,0.0051266666666666
celeba,iid,20,42,6,11,0.914,0.0018133333333333,0.512910284463895,0.0085952844627592,0.9588875067615156,0.0,0.8642338257544306,0.0,0.213928684592247,-0.0,0.6816222222222224,0.0,,,0.0018133333333333
celeba,iid,20,42,6,12,0.914,0.0,0.512910284463895,0.0,0.9588875067615156,0.004183484602039,0.8642338257544306,0.0,0.213928684592247,-0.0,0.6816222222222224,0.0,,,0.0
celeba,iid,20,42,6,13,0.914,0.0052666666666666,0.512910284463895,-0.0049776777702789,0.9588875067615156,0.0020045378259944,0.8642338257544306,0.0,0.213928684592247,-0.0,0.6816222222222224,0.008617037037037,,,0.0052666666666666
celeba,iid,20,42,6,14,0.914,0.0,0.512910284463895,0.0091223988601373,0.9588875067615156,0.0,0.8642338257544306,0.0,0.213928684592247,-0.0,0.6816222222222224,0.0,,,0.0
celeba,iid,20,42,6,15,0.914,0.0003133333333333,0.512910284463895,0.0227412562312194,0.9588875067615156,0.0,0.8642338257544306,0.0,0.213928684592247,-0.0,0.6816222222222224,0.0,,,0.0003133333333333
celeba,iid,20,42,6,16,0.914,0.0,0.512910284463895,0.0088771866721253,0.9588875067615156,0.0,0.8642338257544306,0.0,0.213928684592247,-0.0,0.6816222222222224,0.0,,,0.0
celeba,iid,20,42,6,17,0.914,0.0,0.512910284463895,0.0030942460073383,0.9588875067615156,0.0,0.8642338257544306,0.0,0.213928684592247,-0.0,0.6816222222222224,0.0,,,0.0
celeba,iid,20,42,6,18,0.914,0.0,0.512910284463895,0.0007373017723814,0.9588875067615156,0.011413358406842,0.8642338257544306,0.0125057446944515,0.213928684592247,-0.0,0.6816222222222224,0.0,,,0.0
celeba,iid,20,42,6,19,0.914,0.0,0.512910284463895,0.0076769681957895,0.9588875067615156,0.0,0.8642338257544306,0.0,0.213928684592247,-0.0,0.6816222222222224,0.0,,,0.0
celeba,iid,20,42,7,0,0.916,-0.0016666666666666,0.4965065502183405,0.0,0.9510623643072592,0.0,0.8560695497922739,0.0,0.2106021791696548,-0.0,0.7776444444444444,0.0,,,-0.0016666666666666
celeba,iid,20,42,7,1,0.916,0.0,0.4965065502183405,0.0,0.9510623643072592,0.0,0.8560695497922739,0.0,0.2106021791696548,-0.0,0.7776444444444444,0.0,,,0.0
celeba,iid,20,42,7,2,0.916,0.0,0.4965065502183405,0.0,0.9510623643072592,0.0,0.8560695497922739,0.0,0.2106021791696548,-0.0,0.7776444444444444,0.0,,,0.0
celeba,iid,20,42,7,3,0.916,0.0,0.4965065502183405,0.0,0.9510623643072592,0.0,0.8560695497922739,0.0,0.2106021791696548,-0.0,0.7776444444444444,0.0,,,0.0
celeba,iid,20,42,7,4,0.916,0.0,0.4965065502183405,0.0,0.9510623643072592,0.0,0.8560695497922739,0.0,0.2106021791696548,-0.0,0.7776444444444444,0.0,,,0.0
celeba,iid,20,42,7,5,0.916,0.0,0.4965065502183405,0.0,0.9510623643072592,0.0,0.8560695497922739,0.0,0.2106021791696548,-0.0,0.7776444444444444,0.0,,,0.0
celeba,iid,20,42,7,6,0.916,0.0,0.4965065502183405,0.0,0.9510623643072592,0.0,0.8560695497922739,0.0,0.2106021791696548,-0.0,0.7776444444444444,0.0,,,0.0
celeba,iid,20,42,7,7,0.916,0.0,0.4965065502183405,0.0,0.9510623643072592,0.0,0.8560695497922739,0.0,0.2106021791696548,-0.0,0.7776444444444444,0.0,,,0.0
celeba,iid,20,42,7,8,0.916,0.0006399999999999,0.4965065502183405,0.0,0.9510623643072592,0.0,0.8560695497922739,0.0,0.2106021791696548,-0.0,0.7776444444444444,0.0,,,0.0006399999999999
celeba,iid,20,42,7,9,0.916,0.0,0.4965065502183405,0.0,0.9510623643072592,0.0,0.8560695497922739,0.0,0.2106021791696548,-0.0,0.7776444444444444,-0.0100751851851852,,,0.0
celeba,iid,20,42,7,10,0.916,0.0,0.4965065502183405,0.0,0.9510623643072592,0.0,0.8560695497922739,0.0,0.2106021791696548,-0.0,0.7776444444444444,0.0,,,0.0
celeba,iid,20,42,7,11,0.916,0.00506,0.4965065502183405,0.0,0.9510623643072592,0.0,0.8560695497922739,0.0,0.2106021791696548,-0.0,0.7776444444444444,0.0,,,0.00506
celeba,iid,20,42,7,12,0.916,0.0,0.4965065502183405,0.0,0.9510623643072592,0.0,0.8560695497922739,0.0,0.2106021791696548,-0.0,0.7776444444444444,0.0,,,0.0
celeba,iid,20,42,7,13,0.916,0.0,0.4965065502183405,0.0,0.9510623643072592,0.0,0.8560695497922739,0.0,0.2106021791696548,-0.0,0.7776444444444444,0.0,,,0.0
celeba,iid,20,42,7,14,0.916,-0.0004533333333333,0.4965065502183405,0.0,0.9510623643072592,0.0,0.8560695497922739,0.0,0.2106021791696548,-0.0,0.7776444444444444,0.0,,,-0.0004533333333333
celeba,iid,20,42,7,15,0.916,0.0,0.4965065502183405,0.0193635754515917,0.9510623643072592,0.0,0.8560695497922739,0.0,0.2106021791696548,-0.0059141471982002,0.7776444444444444,0.0,,,0.0
celeba,iid,20,42,7,16,0.916,-0.0014799999999999,0.4965065502183405,0.0,0.9510623643072592,0.003628802155627,0.8560695497922739,0.0036555771887415,0.2106021791696548,-0.0,0.7776444444444444,0.0,,,-0.0014799999999999
celeba,iid,20,42,7,17,0.916,0.0,0.4965065502183405,0.0,0.9510623643072592,0.0,0.8560695497922739,0.0,0.2106021791696548,-0.0,0.7776444444444444,0.0,,,0.0
celeba,iid,20,42,7,18,0.916,0.0,0.4965065502183405,0.0,0.9510623643072592,0.0,0.8560695497922739,0.0,0.2106021791696548,-0.0,0.7776444444444444,0.0,,,0.0
celeba,iid,20,42,7,19,0.916,0.0,0.4965065502183405,0.0,0.9510623643072592,0.0,0.8560695497922739,0.0,0.2106021791696548,-0.0,0.7776444444444444,0.0,,,0.0
celeba,iid,20,42,8,0,0.913,0.0035266666666666,0.4733844468784227,0.0,0.9535408542900892,0.0,0.8581570457943923,0.0,0.2206450700759887,-0.0,0.6997333333333333,-0.0088881481481481,,,0.0035266666666666
celeba,iid,20,42,8,1,0.913,0.0,0.4733844468784227,0.0,0.9535408542900892,0.0,0.8581570457943923,0.0,0.2206450700759887,-0.0,0.6997333333333333,0.0,,,0.0
celeba,iid,20,42,8,2,0.913,-0.0008266666666666,0.4733844468784227,0.0,0.9535408542900892,0.0,0.8581570457943923,0.0,0.2206450700759887,-0.0,0.6997333333333333,0.0221711111111111,,,-0.0008266666666666
celeba,iid,20,42,8,3,0.913,-0.00078,0.4733844468784227,0.0,0.9535408542900892,0.0,0.8581570457943923,0.0,0.2206450700759887,-0.0,0.6997333333333333,0.0,,,-0.00078
celeba,iid,20,42,8,4,0.913,0.0,0.4733844468784227,0.0,0.9535408542900892,0.0,0.8581570457943923,0.0,0.2206450700759887,-0.0,0.6997333333333333,-0.040727037037037,,,0.0
celeba,iid,20,42,8,5,0.913,0.0,0.4733844468784227,0.0158576265159926,0.9535408542900892,0.0,0.8581570457943923,0.0,0.2206450700759887,-0.0,0.6997333333333333,0.0,,,0.0
celeba,iid,20,42,8,6,0.913,0.0015866666666666,0.4733844468784227,0.0044907197498403,0.9535408542900892,0.0,0.8581570457943923,0.0,0.2206450700759887,-0.0,0.6997333333333333,0.0,,,0.0015866666666666
celeba,iid,20,42,8,7,0.913,-0.00562,0.4733844468784227,0.0274929035776424,0.9535408542900892,0.0,0.8581570457943923,0.0,0.2206450700759887,-0.0,0.6997333333333333,0.0,,,-0.00562
celeba,iid,20,42,8,8,0.913,0.0,0.4733844468784227,0.0,0.9535408542900892,0.0,0.8581570457943923,0.0,0.2206450700759887,-0.0,0.6997333333333333,0.0048937037037037,,,0.0
celeba,iid,20,42,8,9,0.913,0.0,0.4733844468784227,-0.0016952253571006,0.9535408542900892,0.0,0.8581570457943923,0.0,0.2206450700759887,-0.0,0.6997333333333333,-0.0143718518518518,,,0.0
celeba,iid,20,42,8,10,0.913,0.0,0.4733844468784227,0.0,0.9535408542900892,0.0,0.8581570457943923,0.0,0.2206450700759887,-0.0131290962298711,0.6997333333333333,0.0,,,0.0
celeba,iid,20,42,8,11,0.913,-0.00144,0.4733844468784227,0.0,0.9535408542900892,0.0,0.8581570457943923,0.0,0.2206450700759887,-0.0,0.6997333333333333,-0.0090170370370371,,,-0.00144
celeba,iid,20,42,8,12,0.913,0.0,0.4733844468784227,0.0,0.9535408542900892,0.0,0.8581570457943923,0.0,0.2206450700759887,-0.0,0.6997333333333333,-0.0025437037037037,,,0.0
celeba,iid,20,42,8,13,0.913,0.0,0.4733844468784227,0.0,0.9535408542900892,0.0,0.8581570457943923,0.0,0.2206450700759887,-0.0,0.6997333333333333,-0.0004577777777777,,,0.0
celeba,iid,20,42,8,14,0.913,0.0,0.4733844468784227,0.0,0.9535408542900892,0.0058423355018854,0.8581570457943923,0.0,0.2206450700759887,-0.0,0.6997333333333333,-0.0051318518518518,,,0.0
celeba,iid,20,42,8,15,0.913,3.333333333333336e-05,0.4733844468784227,0.0172340360240522,0.9535408542900892,0.0,0.8581570457943923,0.0,0.2206450700759887,-0.0,0.6997333333333333,0.0,,,3.333333333333336e-05
celeba,iid,20,42,8,16,0.913,0.0,0.4733844468784227,0.0115873769155632,0.9535408542900892,0.0055600221861715,0.8581570457943923,0.0,0.2206450700759887,-0.0,0.6997333333333333,0.0142118518518518,,,0.0
celeba,iid,20,42,8,17,0.913,0.0023266666666666,0.4733844468784227,0.0,0.9535408542900892,0.0,0.8581570457943923,0.0,0.2206450700759887,-0.0,0.6997333333333333,0.0,,,0.0023266666666666
celeba,iid,20,42,8,18,0.913,0.0,0.4733844468784227,0.0056416391156542,0.9535408542900892,0.0047132473590358,0.8581570457943923,0.005729458967829,0.2206450700759887,-0.0,0.6997333333333333,0.0168007407407407,,,0.0
celeba,iid,20,42,8,19,0.913,0.0,0.4733844468784227,0.0,0.9535408542900892,0.0,0.8581570457943923,0.0,0.2206450700759887,-0.0,0.6997333333333333,0.0396348148148148,,,0.0
celeba,iid,20,42,9,0,0.9152,0.0,0.4871066433566433,0.0008555131330653,0.9556162019138804,0.0,0.8600418023244294,0.0,0.2131984382867813,-0.0,0.8088888888888888,0.0049303703703703,,,0.0
celeba,iid,20,42,9,1,0.9152,-0.0011133333333333,0.4871066433566433,-0.0014057313026474,0.9556162019138804,0.0,0.8600418023244294,0.0,0.2131984382867813,-0.0,0.8088888888888888,0.0,,,-0.0011133333333333
celeba,iid,20,42,9,2,0.9152,0.0027533333333333,0.4871066433566433,0.0,0.9556162019138804,0.0,0.8600418023244294,0.0,0.2131984382867813,-0.0,0.8088888888888888,0.0,,,0.0027533333333333
celeba,iid,20,42,9,3,0.9152,0.0,0.4871066433566433,0.0,0.9556162019138804,0.0,0.8600418023244294,0.0,0.2131984382867813,-0.0,0.8088888888888888,0.0,,,0.0
celeba,iid,20,42,9,4,0.9152,0.0,0.4871066433566433,-0.0093735569298496,0.9556162019138804,0.0,0.8600418023244294,0.0,0.2131984382867813,-0.0,0.8088888888888888,0.0,,,0.0
celeba,iid,20,42,9,5,0.9152,-0.0038866666666666,0.4871066433566433,0.0039875737468823,0.9556162019138804,0.0,0.8600418023244294,0.0,0.2131984382867813,-0.0,0.8088888888888888,0.0,,,-0.0038866666666666
celeba,iid,20,42,9,6,0.9152,0.0,0.4871066433566433,-0.0010004175943556,0.9556162019138804,0.0,0.8600418023244294,0.0,0.2131984382867813,-0.0,0.8088888888888888,0.0,,,0.0
celeba,iid,20,42,9,7,0.9152,-0.00056,0.4871066433566433,0.0141721487034783,0.9556162019138804,0.0,0.8600418023244294,0.0,0.2131984382867813,-0.0,0.8088888888888888,0.0,,,-0.00056
celeba,iid,20,42,9,8,0.9152,0.0,0.4871066433566433,0.0,0.9556162019138804,0.0,0.8600418023244294,0.0,0.2131984382867813,-0.0,0.8088888888888888,0.0,,,0.0
celeba,iid,20,42,9,9,0.9152,0.0,0.4871066433566433,0.0314376331845291,0.9556162019138804,0.0,0.8600418023244294,0.0,0.2131984382867813,-0.0,0.8088888888888888,0.0,,,0.0
celeba,iid,20,42,9,10,0.9152,0.0,0.4871066433566433,0.0155983225659717,0.9556162019138804,0.0,0.8600418023244294,0.0,0.2131984382867813,-0.0,0.8088888888888888,0.0,,,0.0
celeba,iid,20,42,9,11,0.9152,0.0,0.4871066433566433,0.0,0.9556162019138804,0.0,0.8600418023244294,0.0,0.2131984382867813,-0.0,0.8088888888888888,0.0063837037037037,,,0.0
celeba,iid,20,42,9,12,0.9152,0.0,0.4871066433566433,-0.0110898051923408,0.9556162019138804,0.0,0.8600418023244294,0.0,0.2131984382867813,-0.0,0.8088888888888888,0.0,,,0.0
celeba,iid,20,42,9,13,0.9152,0.0,0.4871066433566433,-0.003299077763428,0.9556162019138804,0.0,0.8600418023244294,0.0,0.2131984382867813,-0.0,0.8088888888888888,-0.0060885185185185,,,0.0
celeba,iid,20,42,9,14,0.9152,0.0,0.4871066433566433,0.0170325341871305,0.9556162019138804,0.0,0.8600418023244294,0.0,0.2131984382867813,-0.0,0.8088888888888888,-0.0110318518518518,,,0.0
celeba,iid,20,42,9,15,0.9152,0.0064533333333333,0.4871066433566433,0.0131032540979362,0.9556162019138804,0.0,0.8600418023244294,0.0,0.2131984382867813,-0.0,0.8088888888888888,0.0004725925925926,,,0.0064533333333333
celeba,iid,20,42,9,16,0.9152,0.0,0.4871066433566433,0.0,0.9556162019138804,0.0055886302680974,0.8600418023244294,0.0059718128811839,0.2131984382867813,-0.0161181047558784,0.8088888888888888,0.0148492592592592,,,0.0
celeba,iid,20,42,9,17,0.9152,0.0,0.4871066433566433,0.0,0.9556162019138804,0.0,0.8600418023244294,0.0,0.2131984382867813,-0.0,0.8088888888888888,0.0121496296296296,,,0.0
celeba,iid,20,42,9,18,0.9152,0.0,0.4871066433566433,-0.0068745589026051,0.9556162019138804,0.0,0.8600418023244294,0.0,0.2131984382867813,-0.0,0.8088888888888888,0.0186259259259259,,,0.0
celeba,iid,20,42,9,19,0.9152,0.0048733333333333,0.4871066433566433,0.0109869709036044,0.9556162019138804,0.0,0.8600418023244294,0.0,0.2131984382867813,-0.0,0.8088888888888888,0.0,,,0.0048733333333333
celeba,iid,20,42,10,0,0.9172,0.0,0.4803750545137374,-0.0214817932980845,0.95384690126149,0.0,0.8580055643633138,0.0,0.2113529294729232,-0.0,0.7932777777777777,4.740740740740712e-05,,,0.0
celeba,iid,20,42,10,1,0.9172,0.0,0.4803750545137374,-0.004974684532971,0.95384690126149,0.0,0.8580055643633138,0.0,0.2113529294729232,-0.0,0.7932777777777777,-0.0245577777777778,,,0.0
celeba,iid,20,42,10,2,0.9172,0.0,0.4803750545137374,0.0,0.95384690126149,0.0,0.8580055643633138,0.0,0.2113529294729232,-0.0,0.7932777777777777,0.0,,,0.0
celeba,iid,20,42,10,3,0.9172,-0.0011666666666666,0.4803750545137374,0.0,0.95384690126149,0.0,0.8580055643633138,0.0,0.2113529294729232,-0.0,0.7932777777777777,-0.0095370370370369,,,-0.0011666666666666
celeba,iid,20,42,10,4,0.9172,0.0,0.4803750545137374,0.0,0.95384690126149,0.0,0.8580055643633138,0.0,0.2113529294729232,-0.0,0.7932777777777777,-0.0006385185185185,,,0.0
celeba,iid,20,42,10,5,0.9172,0.0,0.4803750545137374,0.02587573112591,0.95384690126149,0.0,0.8580055643633138,0.0,0.2113529294729232,-0.0,0.7932777777777777,-0.0026996296296296,,,0.0
celeba,iid,20,42,10,6,0.9172,0.0,0.4803750545137374,-0.017747136587152,0.95384690126149,0.0,0.8580055643633138,0.0,0.2113529294729232,-0.0,0.7932777777777777,0.0202529629629629,,,0.0
celeba,iid,20,42,10,7,0.9172,0.0,0.4803750545137374,0.0068150222093889,0.95384690126149,0.0,0.8580055643633138,0.0,0.2113529294729232,-0.0,0.7932777777777777,-0.0292977777777777,,,0.0
celeba,iid,20,42,10,8,0.9172,0.0004933333333333,0.4803750545137374,0.0,0.95384690126149,0.0069883520392437,0.8580055643633138,0.0,0.2113529294729232,-0.0,0.7932777777777777,0.0234722222222222,,,0.0004933333333333
celeba,iid,20,42,10,9,0.9172,-0.0011866666666666,0.4803750545137374,0.0261079600462379,0.95384690126149,0.0,0.8580055643633138,0.0,0.2113529294729232,-0.0,0.7932777777777777,0.004301111111111,,,-0.0011866666666666
celeba,iid,20,42,10,10,0.9172,0.0,0.4803750545137374,0.0,0.95384690126149,0.0,0.8580055643633138,0.0,0.2113529294729232,-0.0,0.7932777777777777,0.0,,,0.0
celeba,iid,20,42,10,11,0.9172,0.0,0.4803750545137374,0.0,0.95384690126149,0.0,0.8580055643633138,0.0,0.2113529294729232,-0.0,0.7932777777777777,0.0,,,0.0
celeba,iid,20,42,10,12,0.9172,0.0,0.4803750545137374,0.0,0.95384690126149,0.0,0.8580055643633138,0.0,0.2113529294729232,-0.0,0.7932777777777777,0.0,,,0.0
celeba,iid,20,42,10,13,0.9172,0.0,0.4803750545137374,-0.0074504703798682,0.95384690126149,0.0,0.8580055643633138,0.0,0.2113529294729232,-0.0,0.7932777777777777,-0.0109674074074073,,,0.0
celeba,iid,20,42,10,14,0.9172,0.0,0.4803750545137374,0.0162380351507061,0.95384690126149,0.0,0.8580055643633138,0.0,0.2113529294729232,-0.0,0.7932777777777777,0.0045762962962963,,,0.0
celeba,iid,20,42,10,15,0.9172,0.0005666666666666,0.4803750545137374,0.0162104217953892,0.95384690126149,0.0,0.8580055643633138,0.0,0.2113529294729232,-0.0,0.7932777777777777,-0.0342585185185185,,,0.0005666666666666
celeba,iid,20,42,10,16,0.9172,0.0,0.4803750545137374,0.0,0.95384690126149,0.0046700441527834,0.8580055643633138,0.0058969510308843,0.2113529294729232,-0.0183968484401702,0.7932777777777777,0.0014166666666666,,,0.0
celeba,iid,20,42,10,17,0.9172,0.0,0.4803750545137374,0.0,0.95384690126149,0.0,0.8580055643633138,0.0,0.2113529294729232,-0.0,0.7932777777777777,0.0077662962962963,,,0.0
celeba,iid,20,42,10,18,0.9172,-0.0025333333333333,0.4803750545137374,0.0,0.95384690126149,0.0,0.8580055643633138,0.0,0.2113529294729232,-0.0,0.7932777777777777,0.0,,,-0.0025333333333333
celeba,iid,20,42,10,19,0.9172,0.0013133333333333,0.4803750545137374,0.0081702623457295,0.95384690126149,0.0,0.8580055643633138,0.0,0.2113529294729232,-0.0,0.7932777777777777,-0.0153048148148147,,,0.0013133333333333
celeba,iid,20,107,1,0,0.5302,0.0,0.989060731799321,0.0,0.9952927253922792,0.0,0.9943684935654782,0.0,0.6505886912345886,-0.0,0.8723999999999998,0.0,0.994626,0.0,0.0
celeba,iid,20,107,1,1,0.5302,0.0,0.989060731799321,0.0,0.9952927253922792,0.0,0.9943684935654782,0.0,0.6505886912345886,-0.0,0.8723999999999998,0.0,0.994626,0.0,0.0
celeba,iid,20,107,1,2,0.5302,0.0,0.989060731799321,0.0,0.9952927253922792,0.0,0.9943684935654782,0.0,0.6505886912345886,-0.0,0.8723999999999998,0.0,0.994626,0.0,0.0
celeba,iid,20,107,1,3,0.5302,0.0248466666666666,0.989060731799321,0.0,0.9952927253922792,0.0,0.9943684935654782,0.0,0.6505886912345886,-0.0,0.8723999999999998,0.0,0.994626,0.0,0.0248466666666666
celeba,iid,20,107,1,4,0.5302,0.0,0.989060731799321,0.0,0.9952927253922792,0.0,0.9943684935654782,0.0,0.6505886912345886,-0.0,0.8723999999999998,0.0,0.994626,0.0,0.0
celeba,iid,20,107,1,5,0.5302,0.0,0.989060731799321,0.0,0.9952927253922792,0.0,0.9943684935654782,0.0,0.6505886912345886,-0.0,0.8723999999999998,0.005427037037037,0.994626,0.0,0.0
celeba,iid,20,107,1,6,0.5302,0.0,0.989060731799321,0.0,0.9952927253922792,0.0,0.9943684935654782,0.0,0.6505886912345886,-0.0,0.8723999999999998,0.0,0.994626,0.0,0.0
celeba,iid,20,107,1,7,0.5302,0.0,0.989060731799321,0.0,0.9952927253922792,0.0,0.9943684935654782,0.0,0.6505886912345886,-0.0,0.8723999999999998,0.0008455555555555,0.994626,0.0,0.0
celeba,iid,20,107,1,8,0.5302,0.0,0.989060731799321,0.0,0.9952927253922792,0.0,0.9943684935654782,0.0,0.6505886912345886,-0.0,0.8723999999999998,0.0,0.994626,0.0,0.0
celeba,iid,20,107,1,9,0.5302,0.0,0.989060731799321,0.0239119849492479,0.9952927253922792,0.0005549579084287,0.9943684935654782,0.0009050292217233,0.6505886912345886,-0.0035967985788981,0.8723999999999998,0.0,0.994626,-0.0007059333333333,0.0
celeba,iid,20,107,1,10,0.5302,0.0224533333333333,0.989060731799321,0.0,0.9952927253922792,0.0,0.9943684935654782,0.0,0.6505886912345886,-0.0,0.8723999999999998,0.0,0.994626,0.0,0.0224533333333333
celeba,iid,20,107,1,11,0.5302,0.0,0.989060731799321,0.0,0.9952927253922792,0.0,0.9943684935654782,0.0,0.6505886912345886,-0.0,0.8723999999999998,0.0,0.994626,0.0,0.0
celeba,iid,20,107,1,12,0.5302,0.0135799999999999,0.989060731799321,0.0,0.9952927253922792,0.0,0.9943684935654782,0.0,0.6505886912345886,-0.0,0.8723999999999998,0.0,0.994626,0.0,0.0135799999999999
celeba,iid,20,107,1,13,0.5302,0.0,0.989060731799321,0.0,0.9952927253922792,0.0,0.9943684935654782,0.0,0.6505886912345886,-0.0,0.8723999999999998,0.0,0.994626,0.0,0.0
celeba,iid,20,107,1,14,0.5302,0.0,0.989060731799321,0.0,0.9952927253922792,0.0,0.9943684935654782,0.0,0.6505886912345886,-0.0,0.8723999999999998,0.0,0.994626,0.0,0.0
celeba,iid,20,107,1,15,0.5302,0.0,0.989060731799321,0.0,0.9952927253922792,0.0,0.9943684935654782,0.0,0.6505886912345886,-0.0,0.8723999999999998,0.0,0.994626,0.0,0.0
celeba,iid,20,107,1,16,0.5302,0.0,0.989060731799321,0.0,0.9952927253922792,0.0,0.9943684935654782,0.0,0.6505886912345886,-0.0,0.8723999999999998,0.0,0.994626,0.0,0.0
celeba,iid,20,107,1,17,0.5302,0.0,0.989060731799321,0.0,0.9952927253922792,0.0,0.9943684935654782,0.0,0.6505886912345886,-0.0,0.8723999999999998,0.0,0.994626,0.0,0.0
celeba,iid,20,107,1,18,0.5302,0.0,0.989060731799321,0.0502003117194966,0.9952927253922792,0.0057995284085871,0.9943684935654782,0.0087417231774286,0.6505886912345886,-0.0115417420864105,0.8723999999999998,0.0,0.994626,5.2333333333335714e-05,0.0
celeba,iid,20,107,1,19,0.5302,0.0,0.989060731799321,0.0,0.9952927253922792,0.0,0.9943684935654782,0.0,0.6505886912345886,-0.0,0.8723999999999998,0.0,0.994626,0.0,0.0
celeba,iid,20,107,2,0,0.8324,0.0,0.6883709754925517,0.0,0.9043803008167344,0.0,0.8463426405162225,0.0,0.3734965324401855,-0.0,0.8481555555555556,0.0,0.967766,0.0,0.0
celeba,iid,20,107,2,1,0.8324,0.0,0.6883709754925517,0.0,0.9043803008167344,0.0,0.8463426405162225,0.0,0.3734965324401855,-0.0,0.8481555555555556,-0.002187037037037,0.967766,0.0,0.0
celeba,iid,20,107,2,2,0.8324,0.03008,0.6883709754925517,0.0,0.9043803008167344,0.0,0.8463426405162225,0.0,0.3734965324401855,-0.0,0.8481555555555556,0.0,0.967766,0.0,0.03008
celeba,iid,20,107,2,3,0.8324,0.0,0.6883709754925517,0.0,0.9043803008167344,0.0,0.8463426405162225,0.0,0.3734965324401855,-0.0,0.8481555555555556,0.0,0.967766,-0.0004492666666666,0.0
celeba,iid,20,107,2,4,0.8324,0.0,0.6883709754925517,0.0,0.9043803008167344,0.0,0.8463426405162225,0.0,0.3734965324401855,-0.0,0.8481555555555556,0.0017051851851852,0.967766,0.0,0.0
celeba,iid,20,107,2,5,0.8324,0.0,0.6883709754925517,0.0,0.9043803008167344,0.0,0.8463426405162225,0.0,0.3734965324401855,-0.0,0.8481555555555556,0.0,0.967766,0.0,0.0
celeba,iid,20,107,2,6,0.8324,0.0,0.6883709754925517,0.0,0.9043803008167344,0.0,0.8463426405162225,0.0,0.3734965324401855,-0.0,0.8481555555555556,0.0,0.967766,0.0,0.0
celeba,iid,20,107,2,7,0.8324,0.0,0.6883709754925517,0.0,0.9043803008167344,0.0,0.8463426405162225,0.0,0.3734965324401855,-0.0,0.8481555555555556,0.0,0.967766,0.0,0.0
celeba,iid,20,107,2,8,0.8324,0.0,0.6883709754925517,0.0,0.9043803008167344,0.0,0.8463426405162225,0.0,0.3734965324401855,-0.0,0.8481555555555556,0.0040885185185185,0.967766,0.0,0.0
celeba,iid,20,107,2,9,0.8324,0.02056,0.6883709754925517,0.0,0.9043803008167344,0.0,0.8463426405162225,0.0,0.3734965324401855,-0.0,0.8481555555555556,0.0034588888888888,0.967766,0.0,0.02056
celeba,iid,20,107,2,10,0.8324,0.0,0.6883709754925517,0.0,0.9043803008167344,0.0,0.8463426405162225,0.0,0.3734965324401855,-0.0,0.8481555555555556,0.0,0.967766,0.0,0.0
celeba,iid,20,107,2,11,0.8324,0.0,0.6883709754925517,0.0,0.9043803008167344,0.0,0.8463426405162225,0.0,0.3734965324401855,-0.0,0.8481555555555556,0.0,0.967766,0.0023377333333333,0.0
celeba,iid,20,107,2,12,0.8324,0.0,0.6883709754925517,0.0,0.9043803008167344,0.006298700315598,0.8463426405162225,6.685926370634255e-05,0.3734965324401855,-0.0,0.8481555555555556,0.0,0.967766,0.0,0.0
celeba,iid,20,107,2,13,0.8324,0.0,0.6883709754925517,0.0275591940227433,0.9043803008167344,0.0,0.8463426405162225,0.0,0.3734965324401855,-0.0026336789131164,0.8481555555555556,0.0,0.967766,0.0045285333333333,0.0
celeba,iid,20,107,2,14,0.8324,0.0,0.6883709754925517,0.0,0.9043803008167344,0.0,0.8463426405162225,0.0,0.3734965324401855,-0.0,0.8481555555555556,0.0,0.967766,0.0,0.0
celeba,iid,20,107,2,15,0.8324,0.0,0.6883709754925517,0.0,0.9043803008167344,0.0,0.8463426405162225,0.0,0.3734965324401855,-0.0,0.8481555555555556,0.0,0.967766,0.0,0.0
celeba,iid,20,107,2,16,0.8324,0.0,0.6883709754925517,0.0,0.9043803008167344,0.0,0.8463426405162225,0.0,0.3734965324401855,-0.0,0.8481555555555556,0.0,0.967766,0.0,0.0
celeba,iid,20,107,2,17,0.8324,0.0,0.6883709754925517,0.0,0.9043803008167344,0.0,0.8463426405162225,0.0,0.3734965324401855,-0.0,0.8481555555555556,0.0,0.967766,0.0,0.0
celeba,iid,20,107,2,18,0.8324,0.0,0.6883709754925517,0.0,0.9043803008167344,0.0,0.8463426405162225,0.0,0.3734965324401855,-0.0,0.8481555555555556,0.0,0.967766,0.0,0.0
celeba,iid,20,107,2,19,0.8324,0.0,0.6883709754925517,0.0,0.9043803008167344,0.0,0.8463426405162225,0.0,0.3734965324401855,-0.0,0.8481555555555556,0.0,0.967766,0.0009125333333333,0.0
celeba,iid,20,107,3,0,0.9012,0.0,0.570572569906791,0.0,0.9643791751119986,0.0,0.8737851803341402,0.0,0.249219924211502,-0.0,0.7800444444444445,-0.0030625925925926,0.944104,0.0,0.0
celeba,iid,20,107,3,1,0.9012,0.0,0.570572569906791,0.0159628788808294,0.9643791751119986,0.0,0.8737851803341402,0.0,0.249219924211502,-0.0,0.7800444444444445,0.0018540740740741,0.944104,-0.0006502666666666,0.0
celeba,iid,20,107,3,2,0.9012,0.0,0.570572569906791,0.0,0.9643791751119986,0.0,0.8737851803341402,0.0,0.249219924211502,-0.0,0.7800444444444445,0.0008062962962963,0.944104,0.0,0.0
celeba,iid,20,107,3,3,0.9012,0.0114799999999999,0.570572569906791,0.0,0.9643791751119986,0.0,0.8737851803341402,0.0,0.249219924211502,-0.0,0.7800444444444445,0.0,0.944104,0.0,0.0114799999999999
celeba,iid,20,107,3,4,0.9012,0.0091599999999999,0.570572569906791,-0.0004958673632184,0.9643791751119986,0.0,0.8737851803341402,0.0,0.249219924211502,-0.0,0.7800444444444445,-0.0061203703703703,0.944104,0.0010925333333333,0.0091599999999999
celeba,iid,20,107,3,5,0.9012,0.00172,0.570572569906791,0.0014562927678554,0.9643791751119986,0.0,0.8737851803341402,0.0,0.249219924211502,-0.0,0.7800444444444445,0.0,0.944104,0.004037,0.00172
celeba,iid,20,107,3,6,0.9012,0.0037599999999999,0.570572569906791,0.0,0.9643791751119986,0.0,0.8737851803341402,0.0,0.249219924211502,-0.0,0.7800444444444445,0.0,0.944104,0.0,0.0037599999999999
celeba,iid,20,107,3,7,0.9012,0.00326,0.570572569906791,0.0,0.9643791751119986,0.0,0.8737851803341402,0.0,0.249219924211502,-0.0,0.7800444444444445,-0.0139696296296296,0.944104,0.0,0.00326
celeba,iid,20,107,3,8,0.9012,0.0,0.570572569906791,0.0063868489253003,0.9643791751119986,0.0,0.8737851803341402,0.0,0.249219924211502,-0.0,0.7800444444444445,-0.0148899999999999,0.944104,0.0047923333333333,0.0
celeba,iid,20,107,3,9,0.9012,0.0,0.570572569906791,-0.0200346182595581,0.9643791751119986,0.0,0.8737851803341402,0.0,0.249219924211502,-0.0,0.7800444444444445,0.0002859259259259,0.944104,0.0015701333333333,0.0
celeba,iid,20,107,3,10,0.9012,0.0,0.570572569906791,0.0,0.9643791751119986,0.0,0.8737851803341402,0.0,0.249219924211502,-0.0,0.7800444444444445,-0.0151229629629629,0.944104,0.0,0.0
celeba,iid,20,107,3,11,0.9012,0.0,0.570572569906791,0.0,0.9643791751119986,0.0,0.8737851803341402,0.0,0.249219924211502,-0.0,0.7800444444444445,0.0104533333333333,0.944104,0.0,0.0
celeba,iid,20,107,3,12,0.9012,0.0,0.570572569906791,0.0,0.9643791751119986,0.0079466154325964,0.8737851803341402,0.0056315337284733,0.249219924211502,-0.0,0.7800444444444445,0.0,0.944104,0.0,0.0
celeba,iid,20,107,3,13,0.9012,0.0,0.570572569906791,0.0,0.9643791751119986,0.0,0.8737851803341402,0.0,0.249219924211502,-0.0,0.7800444444444445,-0.0045840740740741,0.944104,0.0,0.0
celeba,iid,20,107,3,14,0.9012,0.0,0.570572569906791,0.0,0.9643791751119986,0.0,0.8737851803341402,0.0,0.249219924211502,-0.0,0.7800444444444445,-0.0060099999999999,0.944104,0.0,0.0
celeba,iid,20,107,3,15,0.9012,0.0067266666666666,0.570572569906791,0.0,0.9643791751119986,0.0,0.8737851803341402,0.0,0.249219924211502,-0.0,0.7800444444444445,0.0015125925925925,0.944104,0.0,0.0067266666666666
celeba,iid,20,107,3,16,0.9012,0.0,0.570572569906791,0.0,0.9643791751119986,0.0,0.8737851803341402,0.0,0.249219924211502,-0.0189393212397893,0.7800444444444445,0.0172744444444444,0.944104,0.0,0.0
celeba,iid,20,107,3,17,0.9012,0.0042866666666666,0.570572569906791,0.0,0.9643791751119986,0.0,0.8737851803341402,0.0,0.249219924211502,-0.0,0.7800444444444445,0.000814074074074,0.944104,0.0,0.0042866666666666
celeba,iid,20,107,3,18,0.9012,0.0075133333333333,0.570572569906791,0.0,0.9643791751119986,0.0,0.8737851803341402,0.0,0.249219924211502,-0.0,0.7800444444444445,0.0011592592592592,0.944104,0.0,0.0075133333333333
celeba,iid,20,107,3,19,0.9012,0.0,0.570572569906791,0.0,0.9643791751119986,0.0,0.8737851803341402,0.0,0.249219924211502,-0.0,0.7800444444444445,-0.0198848148148148,0.944104,0.0,0.0
celeba,iid,20,107,4,0,0.9024,0.0,0.5407801418439716,0.0,0.9663790196998904,0.0,0.8738398774130378,0.0,0.2395713627338409,-0.0,0.8670333333333333,0.0,0.9068,0.0,0.0
celeba,iid,20,107,4,1,0.9024,0.0,0.5407801418439716,0.0,0.9663790196998904,0.0,0.8738398774130378,0.0,0.2395713627338409,-0.0,0.8670333333333333,-0.0016029629629629,0.9068,0.0,0.0
celeba,iid,20,107,4,2,0.9024,0.0,0.5407801418439716,-0.0066397408997295,0.9663790196998904,0.0,0.8738398774130378,0.0,0.2395713627338409,-0.0,0.8670333333333333,0.0,0.9068,0.0,0.0
celeba,iid,20,107,4,3,0.9024,0.0,0.5407801418439716,0.0,0.9663790196998904,-0.0030370793661487,0.8738398774130378,0.0,0.2395713627338409,-0.0,0.8670333333333333,0.0200651851851852,0.9068,0.0,0.0
celeba,iid,20,107,4,4,0.9024,0.0,0.5407801418439716,0.0,0.9663790196998904,0.0,0.8738398774130378,0.0,0.2395713627338409,-0.0,0.8670333333333333,0.0,0.9068,0.0,0.0
celeba,iid,20,107,4,5,0.9024,0.0,0.5407801418439716,0.0,0.9663790196998904,0.0,0.8738398774130378,0.0,0.2395713627338409,-0.0,0.8670333333333333,0.0,0.9068,0.0042234,0.0
celeba,iid,20,107,4,6,0.9024,0.0,0.5407801418439716,0.0,0.9663790196998904,-0.0049261068608608,0.8738398774130378,0.0,0.2395713627338409,-0.0,0.8670333333333333,0.0006648148148148,0.9068,0.0,0.0
celeba,iid,20,107,4,7,0.9024,0.0041933333333333,0.5407801418439716,0.0,0.9663790196998904,0.0,0.8738398774130378,0.0,0.2395713627338409,-0.0,0.8670333333333333,0.0,0.9068,0.0,0.0041933333333333
celeba,iid,20,107,4,8,0.9024,0.0,0.5407801418439716,0.0048772303758137,0.9663790196998904,0.0,0.8738398774130378,0.0,0.2395713627338409,-0.0,0.8670333333333333,0.0,0.9068,0.0,0.0
celeba,iid,20,107,4,9,0.9024,0.0005466666666666,0.5407801418439716,0.0,0.9663790196998904,0.0,0.8738398774130378,0.0,0.2395713627338409,-0.0,0.8670333333333333,-0.0169781481481481,0.9068,0.0,0.0005466666666666
celeba,iid,20,107,4,10,0.9024,0.0,0.5407801418439716,0.018530573135413,0.9663790196998904,0.0,0.8738398774130378,0.0,0.2395713627338409,-0.0,0.8670333333333333,-0.0127574074074073,0.9068,0.0,0.0
celeba,iid,20,107,4,11,0.9024,0.0001933333333333,0.5407801418439716,-0.0045519120218288,0.9663790196998904,0.0,0.8738398774130378,0.0,0.2395713627338409,-0.0,0.8670333333333333,0.0186955555555555,0.9068,0.0,0.0001933333333333
celeba,iid,20,107,4,12,0.9024,0.0,0.5407801418439716,0.0,0.9663790196998904,0.0017284457887272,0.8738398774130378,0.0,0.2395713627338409,-0.0,0.8670333333333333,0.0,0.9068,0.0,0.0
celeba,iid,20,107,4,13,0.9024,0.0,0.5407801418439716,0.0152380027618028,0.9663790196998904,-0.0002504049246435,0.8738398774130378,0.0,0.2395713627338409,-0.0,0.8670333333333333,0.0,0.9068,0.0,0.0
celeba,iid,20,107,4,14,0.9024,0.0025733333333333,0.5407801418439716,0.0229227431524678,0.9663790196998904,0.0,0.8738398774130378,0.0,0.2395713627338409,-0.0,0.8670333333333333,0.0,0.9068,0.0089069333333333,0.0025733333333333
celeba,iid,20,107,4,15,0.9024,0.0016866666666666,0.5407801418439716,0.0149934290468864,0.9663790196998904,0.0,0.8738398774130378,0.0,0.2395713627338409,-0.0,0.8670333333333333,0.0,0.9068,0.0112143999999999,0.0016866666666666
celeba,iid,20,107,4,16,0.9024,0.0,0.5407801418439716,0.0,0.9663790196998904,0.0059352850540226,0.8738398774130378,0.0,0.2395713627338409,-0.014279057085514,0.8670333333333333,0.0374637037037037,0.9068,0.0,0.0
celeba,iid,20,107,4,17,0.9024,0.0,0.5407801418439716,0.0,0.9663790196998904,0.0,0.8738398774130378,0.0,0.2395713627338409,-0.0,0.8670333333333333,0.0,0.9068,0.0,0.0
celeba,iid,20,107,4,18,0.9024,0.0,0.5407801418439716,0.0,0.9663790196998904,0.0043508590492785,0.8738398774130378,0.0,0.2395713627338409,-0.0,0.8670333333333333,0.0,0.9068,0.0053227333333333,0.0
celeba,iid,20,107,4,19,0.9024,0.0,0.5407801418439716,0.0,0.9663790196998904,0.0,0.8738398774130378,0.0,0.2395713627338409,-0.0,0.8670333333333333,0.0,0.9068,0.0,0.0
celeba,iid,20,107,5,0,0.9028,0.0,0.5327868852459017,0.0,0.9667726224223184,0.0,0.8739640103046675,0.0,0.2312413603067398,-0.0,0.8480222222222222,0.0,0.909358,0.0,0.0
celeba,iid,20,107,5,1,0.9028,0.0,0.5327868852459017,-0.0109158540147575,0.9667726224223184,0.0,0.8739640103046675,0.0,0.2312413603067398,-0.0,0.8480222222222222,-0.0107951851851851,0.909358,0.0,0.0
celeba,iid,20,107,5,2,0.9028,0.0,0.5327868852459017,0.0,0.9667726224223184,0.0,0.8739640103046675,0.0,0.2312413603067398,-0.0,0.8480222222222222,0.0082903703703703,0.909358,0.0,0.0
celeba,iid,20,107,5,3,0.9028,0.0,0.5327868852459017,0.0,0.9667726224223184,0.0,0.8739640103046675,0.0,0.2312413603067398,-0.0,0.8480222222222222,0.0083566666666666,0.909358,0.0,0.0
celeba,iid,20,107,5,4,0.9028,0.0,0.5327868852459017,0.0016930339482184,0.9667726224223184,0.0,0.8739640103046675,0.0,0.2312413603067398,-0.0,0.8480222222222222,0.0,0.909358,0.0137864,0.0
celeba,iid,20,107,5,5,0.9028,0.0,0.5327868852459017,-0.0013505375601919,0.9667726224223184,0.0,0.8739640103046675,0.0,0.2312413603067398,-0.0,0.8480222222222222,0.0128014814814814,0.909358,0.0,0.0
celeba,iid,20,107,5,6,0.9028,0.0,0.5327868852459017,0.0,0.9667726224223184,0.0,0.8739640103046675,0.0,0.2312413603067398,-0.0,0.8480222222222222,0.0,0.909358,0.0,0.0
celeba,iid,20,107,5,7,0.9028,0.0,0.5327868852459017,0.0,0.9667726224223184,0.0,0.8739640103046675,0.0,0.2312413603067398,-0.0,0.8480222222222222,-0.0111711111111111,0.909358,0.0,0.0
celeba,iid,20,107,5,8,0.9028,0.0,0.5327868852459017,0.0093127105705018,0.9667726224223184,0.0,0.8739640103046675,0.0,0.2312413603067398,-0.0,0.8480222222222222,0.0,0.909358,0.0087986666666666,0.0
celeba,iid,20,107,5,9,0.9028,0.0,0.5327868852459017,-0.0153462838539824,0.9667726224223184,0.0,0.8739640103046675,0.0,0.2312413603067398,-0.0,0.8480222222222222,-0.0187351851851851,0.909358,0.0,0.0
celeba,iid,20,107,5,10,0.9028,0.0,0.5327868852459017,0.0022562801580241,0.9667726224223184,0.0,0.8739640103046675,0.0,0.2312413603067398,-0.0,0.8480222222222222,0.0019159259259259,0.909358,0.0,0.0
celeba,iid,20,107,5,11,0.9028,0.0,0.5327868852459017,0.0,0.9667726224223184,0.0,0.8739640103046675,0.0,0.2312413603067398,-0.0,0.8480222222222222,-0.0186018518518518,0.909358,0.0,0.0
celeba,iid,20,107,5,12,0.9028,0.0,0.5327868852459017,0.0,0.9667726224223184,0.0,0.8739640103046675,0.0,0.2312413603067398,-0.0,0.8480222222222222,-0.0165411111111111,0.909358,0.0,0.0
celeba,iid,20,107,5,13,0.9028,0.0,0.5327868852459017,0.0,0.9667726224223184,0.0,0.8739640103046675,0.0,0.2312413603067398,-0.0,0.8480222222222222,0.0,0.909358,0.0,0.0
celeba,iid,20,107,5,14,0.9028,0.0,0.5327868852459017,0.0148426276432785,0.9667726224223184,0.0,0.8739640103046675,0.0,0.2312413603067398,-0.0,0.8480222222222222,-0.0048014814814814,0.909358,0.0,0.0
celeba,iid,20,107,5,15,0.9028,0.0,0.5327868852459017,0.0172706483205759,0.9667726224223184,0.0,0.8739640103046675,0.0,0.2312413603067398,-0.0,0.8480222222222222,-0.0163088888888888,0.909358,0.0103463333333333,0.0
celeba,iid,20,107,5,16,0.9028,0.0,0.5327868852459017,0.0030126074288915,0.9667726224223184,0.0,0.8739640103046675,0.0,0.2312413603067398,-0.0,0.8480222222222222,0.0,0.909358,0.0,0.0
celeba,iid,20,107,5,17,0.9028,0.0,0.5327868852459017,-0.0010304844287115,0.9667726224223184,0.0,0.8739640103046675,0.0,0.2312413603067398,-0.0,0.8480222222222222,-0.0023466666666666,0.909358,0.0,0.0
celeba,iid,20,107,5,18,0.9028,0.0,0.5327868852459017,-0.0011072026741014,0.9667726224223184,0.0,0.8739640103046675,0.0,0.2312413603067398,-0.0,0.8480222222222222,0.0,0.909358,0.0,0.0
celeba,iid,20,107,5,19,0.9028,0.0,0.5327868852459017,-0.0006828583549922,0.9667726224223184,0.0,0.8739640103046675,0.0,0.2312413603067398,0.0023059288660685,0.8480222222222222,0.0,0.909358,0.0,0.0
celeba,iid,20,107,6,0,0.9094,0.0,0.5399164284143392,0.0037264680590834,0.9599924619100249,0.0,0.8661948961729895,0.0,0.2188625931739807,-0.0,0.8367333333333333,-0.0366833333333333,0.910004,0.0,0.0
celeba,iid,20,107,6,1,0.9094,0.0,0.5399164284143392,0.0016422773140936,0.9599924619100249,0.0,0.8661948961729895,0.0,0.2188625931739807,-0.0,0.8367333333333333,-0.0199414814814814,0.910004,0.0,0.0
celeba,iid,20,107,6,2,0.9094,0.00014,0.5399164284143392,0.0,0.9599924619100249,0.0,0.8661948961729895,0.0,0.2188625931739807,-0.0,0.8367333333333333,-0.0167751851851851,0.910004,0.0,0.00014
celeba,iid,20,107,6,3,0.9094,0.0,0.5399164284143392,-0.0147481034848274,0.9599924619100249,0.0,0.8661948961729895,0.0,0.2188625931739807,-0.0,0.8367333333333333,0.0024696296296296,0.910004,0.0,0.0
celeba,iid,20,107,6,4,0.9094,0.0021066666666666,0.5399164284143392,0.0,0.9599924619100249,0.0023441212043334,0.8661948961729895,0.0,0.2188625931739807,-0.0,0.8367333333333333,-0.0105388888888888,0.910004,0.0,0.0021066666666666
celeba,iid,20,107,6,5,0.9094,0.0,0.5399164284143392,-0.000752902640185,0.9599924619100249,0.0,0.8661948961729895,0.0,0.2188625931739807,-0.0,0.8367333333333333,-0.0015355555555556,0.910004,0.0,0.0
celeba,iid,20,107,6,6,0.9094,-0.00136,0.5399164284143392,0.0,0.9599924619100249,0.0,0.8661948961729895,0.0,0.2188625931739807,-0.0,0.8367333333333333,0.0071025925925925,0.910004,0.0,-0.00136
celeba,iid,20,107,6,7,0.9094,0.0,0.5399164284143392,0.0023641110064152,0.9599924619100249,0.0,0.8661948961729895,0.0,0.2188625931739807,-0.0,0.8367333333333333,0.0165807407407407,0.910004,0.0,0.0
celeba,iid,20,107,6,8,0.9094,0.0022666666666666,0.5399164284143392,0.0,0.9599924619100249,0.0042852971580737,0.8661948961729895,0.0060565060128302,0.2188625931739807,-0.0,0.8367333333333333,-0.0114214814814814,0.910004,0.0,0.0022666666666666
celeba,iid,20,107,6,9,0.9094,-0.0084866666666666,0.5399164284143392,0.0,0.9599924619100249,0.0,0.8661948961729895,0.0,0.2188625931739807,-0.0,0.8367333333333333,0.0154762962962962,0.910004,0.0,-0.0084866666666666
celeba,iid,20,107,6,10,0.9094,0.0,0.5399164284143392,0.0064193703081258,0.9599924619100249,0.0,0.8661948961729895,0.0,0.2188625931739807,-0.0,0.8367333333333333,0.0003429629629629,0.910004,0.0,0.0
celeba,iid,20,107,6,11,0.9094,0.0,0.5399164284143392,-0.0045714460028913,0.9599924619100249,0.0,0.8661948961729895,0.0,0.2188625931739807,-0.0,0.8367333333333333,0.0,0.910004,0.0,0.0
celeba,iid,20,107,6,12,0.9094,0.0,0.5399164284143392,0.0,0.9599924619100249,0.0018887781781743,0.8661948961729895,0.0,0.2188625931739807,-0.0,0.8367333333333333,0.0,0.910004,0.0,0.0
celeba,iid,20,107,6,13,0.9094,-0.0032599999999999,0.5399164284143392,0.0,0.9599924619100249,0.0,0.8661948961729895,0.0,0.2188625931739807,-0.0070495670040448,0.8367333333333333,0.0037285185185185,0.910004,0.0,-0.0032599999999999
celeba,iid,20,107,6,14,0.9094,0.0027933333333333,0.5399164284143392,0.0330698443936795,0.9599924619100249,0.0,0.8661948961729895,0.0,0.2188625931739807,-0.0,0.8367333333333333,0.0139344444444444,0.910004,0.0,0.0027933333333333
celeba,iid,20,107,6,15,0.9094,0.0016733333333333,0.5399164284143392,0.013632513775179,0.9599924619100249,0.0001058443166074,0.8661948961729895,0.0,0.2188625931739807,-0.0,0.8367333333333333,0.00551,0.910004,0.0,0.0016733333333333
celeba,iid,20,107,6,16,0.9094,0.0,0.5399164284143392,0.0,0.9599924619100249,0.0,0.8661948961729895,0.0,0.2188625931739807,-0.0,0.8367333333333333,-0.001987037037037,0.910004,0.0,0.0
celeba,iid,20,107,6,17,0.9094,0.0,0.5399164284143392,0.0,0.9599924619100249,0.0,0.8661948961729895,0.0,0.2188625931739807,-0.0,0.8367333333333333,0.019047037037037,0.910004,0.0,0.0
celeba,iid,20,107,6,18,0.9094,0.0,0.5399164284143392,0.0,0.9599924619100249,0.0038656389122618,0.8661948961729895,0.0,0.2188625931739807,-0.0,0.8367333333333333,-0.0321925925925926,0.910004,0.0,0.0
celeba,iid,20,107,6,19,0.9094,-0.0007,0.5399164284143392,0.0,0.9599924619100249,0.0,0.8661948961729895,0.0,0.2188625931739807,-0.0,0.8367333333333333,0.0115940740740741,0.910004,0.0,-0.0007
celeba,iid,20,107,7,0,0.9124,0.00056,0.5300306882946076,-0.003781001963166,0.9574976203143072,0.0,0.8628444544449483,0.0,0.2180784940719604,-0.0,0.6353222222222223,0.0,0.910444,0.0,0.00056
celeba,iid,20,107,7,1,0.9124,0.0,0.5300306882946076,0.0105604333056797,0.9574976203143072,0.0,0.8628444544449483,0.0,0.2180784940719604,-0.0,0.6353222222222223,0.0,0.910444,0.0,0.0
celeba,iid,20,107,7,2,0.9124,6.666666666666672e-05,0.5300306882946076,-0.0059474487403948,0.9574976203143072,0.0,0.8628444544449483,0.0,0.2180784940719604,-0.0,0.6353222222222223,0.0,0.910444,0.0,6.666666666666672e-05
celeba,iid,20,107,7,3,0.9124,0.0,0.5300306882946076,0.0,0.9574976203143072,-0.0011767455799496,0.8628444544449483,-0.0009417723392941,0.2180784940719604,-0.0,0.6353222222222223,0.0,0.910444,0.0,0.0
celeba,iid,20,107,7,4,0.9124,0.0,0.5300306882946076,0.0233765020398432,0.9574976203143072,0.0,0.8628444544449483,0.0,0.2180784940719604,-0.0,0.6353222222222223,0.0,0.910444,0.0,0.0
celeba,iid,20,107,7,5,0.9124,0.0,0.5300306882946076,0.0019700302517842,0.9574976203143072,0.0,0.8628444544449483,0.0,0.2180784940719604,-0.0,0.6353222222222223,0.0,0.910444,0.0,0.0
celeba,iid,20,107,7,6,0.9124,0.0008066666666666,0.5300306882946076,0.0,0.9574976203143072,0.0,0.8628444544449483,0.0,0.2180784940719604,-0.0,0.6353222222222223,0.0,0.910444,0.0,0.0008066666666666
celeba,iid,20,107,7,7,0.9124,0.0,0.5300306882946076,0.0,0.9574976203143072,0.0,0.8628444544449483,0.0,0.2180784940719604,-0.0,0.6353222222222223,0.0,0.910444,0.0,0.0
celeba,iid,20,107,7,8,0.9124,0.0,0.5300306882946076,0.0,0.9574976203143072,0.0,0.8628444544449483,0.0,0.2180784940719604,-0.0,0.6353222222222223,0.0,0.910444,0.0,0.0
celeba,iid,20,107,7,9,0.9124,0.0,0.5300306882946076,0.0,0.9574976203143072,0.0,0.8628444544449483,0.0,0.2180784940719604,-0.0,0.6353222222222223,0.0119255555555555,0.910444,0.0,0.0
celeba,iid,20,107,7,10,0.9124,0.0,0.5300306882946076,0.0094187400440698,0.9574976203143072,0.0,0.8628444544449483,0.0,0.2180784940719604,-0.0,0.6353222222222223,0.0,0.910444,0.0,0.0
celeba,iid,20,107,7,11,0.9124,0.0,0.5300306882946076,0.0093369827001137,0.9574976203143072,0.0,0.8628444544449483,0.0,0.2180784940719604,-0.0,0.6353222222222223,0.0,0.910444,0.0,0.0
celeba,iid,20,107,7,12,0.9124,0.0,0.5300306882946076,-0.00828556678606,0.9574976203143072,0.0043152009949149,0.8628444544449483,0.0054135314786875,0.2180784940719604,-0.0,0.6353222222222223,0.0,0.910444,0.0,0.0
celeba,iid,20,107,7,13,0.9124,-0.0037,0.5300306882946076,0.0,0.9574976203143072,0.0,0.8628444544449483,0.0,0.2180784940719604,-0.0,0.6353222222222223,0.0,0.910444,0.0,-0.0037
celeba,iid,20,107,7,14,0.9124,0.0,0.5300306882946076,0.0,0.9574976203143072,0.0,0.8628444544449483,0.0,0.2180784940719604,-0.0,0.6353222222222223,0.0,0.910444,0.0,0.0
celeba,iid,20,107,7,15,0.9124,0.0,0.5300306882946076,0.0126906146488647,0.9574976203143072,0.0,0.8628444544449483,0.0,0.2180784940719604,-0.0,0.6353222222222223,0.0,0.910444,0.0,0.0
celeba,iid,20,107,7,16,0.9124,0.0,0.5300306882946076,0.0,0.9574976203143072,0.0,0.8628444544449483,0.0,0.2180784940719604,-0.0,0.6353222222222223,0.0,0.910444,0.0,0.0
celeba,iid,20,107,7,17,0.9124,0.0,0.5300306882946076,0.0,0.9574976203143072,0.0,0.8628444544449483,0.0,0.2180784940719604,-0.0,0.6353222222222223,0.0,0.910444,0.0,0.0
celeba,iid,20,107,7,18,0.9124,0.0,0.5300306882946076,0.0,0.9574976203143072,0.0,0.8628444544449483,0.0,0.2180784940719604,-0.0,0.6353222222222223,0.0,0.910444,0.0,0.0
celeba,iid,20,107,7,19,0.9124,0.0,0.5300306882946076,-0.001688626916497,0.9574976203143072,0.0,0.8628444544449483,0.0,0.2180784940719604,-0.0,0.6353222222222223,0.0,0.910444,0.0,0.0
celeba,iid,20,107,8,0,0.9148,0.0,0.534543069523393,-0.0007937468177578,0.9596570797879692,0.0,0.864878399714134,0.0,0.213399663567543,-0.0,0.7825333333333333,0.0058803703703703,0.912836,0.0,0.0
celeba,iid,20,107,8,1,0.9148,0.0,0.534543069523393,0.0086327904508352,0.9596570797879692,0.0,0.864878399714134,0.0,0.213399663567543,-0.0,0.7825333333333333,0.0,0.912836,0.0,0.0
celeba,iid,20,107,8,2,0.9148,0.0,0.534543069523393,-0.0121149517575458,0.9596570797879692,0.0,0.864878399714134,0.0,0.213399663567543,-0.0,0.7825333333333333,0.0006133333333333,0.912836,0.0,0.0
celeba,iid,20,107,8,3,0.9148,0.0,0.534543069523393,-0.0209901685464604,0.9596570797879692,0.0,0.864878399714134,0.0,0.213399663567543,-0.0,0.7825333333333333,0.0002455555555555,0.912836,0.0,0.0
celeba,iid,20,107,8,4,0.9148,0.0,0.534543069523393,-0.0010665243835915,0.9596570797879692,0.0,0.864878399714134,0.0,0.213399663567543,-0.0,0.7825333333333333,0.0272474074074074,0.912836,0.0,0.0
celeba,iid,20,107,8,5,0.9148,0.0,0.534543069523393,-0.0058029224746375,0.9596570797879692,0.0,0.864878399714134,0.0,0.213399663567543,-0.0,0.7825333333333333,-0.0108314814814814,0.912836,0.0075885333333333,0.0
celeba,iid,20,107,8,6,0.9148,0.0,0.534543069523393,-0.0001097653166868,0.9596570797879692,0.0,0.864878399714134,0.0,0.213399663567543,-0.0,0.7825333333333333,0.0,0.912836,0.0,0.0
celeba,iid,20,107,8,7,0.9148,0.0,0.534543069523393,9.075558224180084e-05,0.9596570797879692,0.0003103773778703,0.864878399714134,0.0,0.213399663567543,-0.0,0.7825333333333333,0.0,0.912836,0.0,0.0
celeba,iid,20,107,8,8,0.9148,0.0,0.534543069523393,0.0,0.9596570797879692,0.0,0.864878399714134,0.0,0.213399663567543,-0.0,0.7825333333333333,0.0,0.912836,0.0,0.0
celeba,iid,20,107,8,9,0.9148,-0.0014999999999999,0.534543069523393,-0.0246743873950772,0.9596570797879692,0.0,0.864878399714134,0.0046527617084638,0.213399663567543,-0.0,0.7825333333333333,0.0079177777777777,0.912836,0.0,-0.0014999999999999
celeba,iid,20,107,8,10,0.9148,0.0061066666666666,0.534543069523393,0.019330191477782,0.9596570797879692,0.0,0.864878399714134,0.0,0.213399663567543,-0.0,0.7825333333333333,-0.0011722222222222,0.912836,0.0,0.0061066666666666
celeba,iid,20,107,8,11,0.9148,0.0,0.534543069523393,0.0,0.9596570797879692,0.0,0.864878399714134,0.0,0.213399663567543,-0.0,0.7825333333333333,0.0,0.912836,0.0,0.0
celeba,iid,20,107,8,12,0.9148,0.0011799999999999,0.534543069523393,0.0,0.9596570797879692,0.0,0.864878399714134,0.0,0.213399663567543,-0.0,0.7825333333333333,0.0,0.912836,0.0,0.0011799999999999
celeba,iid,20,107,8,13,0.9148,0.0,0.534543069523393,0.0,0.9596570797879692,0.0,0.864878399714134,0.0,0.213399663567543,-0.0010376801093419,0.7825333333333333,0.0,0.912836,0.0,0.0
celeba,iid,20,107,8,14,0.9148,0.0,0.534543069523393,0.0294095045716531,0.9596570797879692,0.0,0.864878399714134,0.0,0.213399663567543,-0.0,0.7825333333333333,0.0,0.912836,0.0,0.0
celeba,iid,20,107,8,15,0.9148,0.0,0.534543069523393,0.0346528556355065,0.9596570797879692,0.0,0.864878399714134,0.0,0.213399663567543,-0.0,0.7825333333333333,0.0,0.912836,0.0,0.0
celeba,iid,20,107,8,16,0.9148,0.0,0.534543069523393,0.0,0.9596570797879692,0.0021595762281784,0.864878399714134,0.0,0.213399663567543,-0.0,0.7825333333333333,0.0,0.912836,0.0,0.0
celeba,iid,20,107,8,17,0.9148,0.0,0.534543069523393,-0.0003163196731699,0.9596570797879692,0.0,0.864878399714134,0.0,0.213399663567543,-0.0,0.7825333333333333,0.0,0.912836,0.0,0.0
celeba,iid,20,107,8,18,0.9148,0.0,0.534543069523393,0.0,0.9596570797879692,0.0,0.864878399714134,0.0,0.213399663567543,-0.0,0.7825333333333333,-0.0045855555555555,0.912836,0.0,0.0
celeba,iid,20,107,8,19,0.9148,0.0,0.534543069523393,0.0,0.9596570797879692,0.0,0.864878399714134,0.0,0.213399663567543,-0.0,0.7825333333333333,-0.0001825925925926,0.912836,0.0,0.0
celeba,iid,20,107,9,0,0.9102,0.0,0.5161502966381015,0.0403247260989096,0.9575167020106792,0.0,0.862945824180989,0.0,0.2232324779033661,-0.0,0.7910222222222223,0.0,0.915122,0.0180103999999999,0.0
celeba,iid,20,107,9,1,0.9102,0.0,0.5161502966381015,0.0,0.9575167020106792,0.0,0.862945824180989,0.0,0.2232324779033661,-0.0,0.7910222222222223,0.0,0.915122,0.0,0.0
celeba,iid,20,107,9,2,0.9102,0.0,0.5161502966381015,0.0,0.9575167020106792,0.005197035923745,0.862945824180989,0.0,0.2232324779033661,-0.0,0.7910222222222223,0.0,0.915122,0.0,0.0
celeba,iid,20,107,9,3,0.9102,0.0,0.5161502966381015,0.0,0.9575167020106792,0.0,0.862945824180989,0.0,0.2232324779033661,-0.0,0.7910222222222223,0.0,0.915122,0.0,0.0
celeba,iid,20,107,9,4,0.9102,0.0,0.5161502966381015,0.0,0.9575167020106792,0.0,0.862945824180989,0.0043628289787744,0.2232324779033661,-0.0,0.7910222222222223,0.0,0.915122,0.0092578666666666,0.0
celeba,iid,20,107,9,5,0.9102,0.0,0.5161502966381015,0.0027851227224872,0.9575167020106792,0.0,0.862945824180989,0.0,0.2232324779033661,-0.0,0.7910222222222223,0.0,0.915122,0.0,0.0
celeba,iid,20,107,9,6,0.9102,-0.0027266666666666,0.5161502966381015,-0.0018448442840221,0.9575167020106792,0.0,0.862945824180989,0.0,0.2232324779033661,-0.0,0.7910222222222223,0.0,0.915122,0.0024561333333333,-0.0027266666666666
celeba,iid,20,107,9,7,0.9102,0.0,0.5161502966381015,-0.0098037247724169,0.9575167020106792,0.0,0.862945824180989,0.0,0.2232324779033661,-0.0,0.7910222222222223,0.0,0.915122,0.0,0.0
celeba,iid,20,107,9,8,0.9102,0.0,0.5161502966381015,-0.0030327217433802,0.9575167020106792,0.0,0.862945824180989,0.0,0.2232324779033661,-0.0,0.7910222222222223,0.0,0.915122,0.0,0.0
celeba,iid,20,107,9,9,0.9102,-0.0033733333333333,0.5161502966381015,-0.0231177550734118,0.9575167020106792,0.0,0.862945824180989,0.0,0.2232324779033661,-0.0,0.7910222222222223,0.0,0.915122,0.0,-0.0033733333333333
celeba,iid,20,107,9,10,0.9102,0.0,0.5161502966381015,0.0,0.9575167020106792,0.0,0.862945824180989,0.0,0.2232324779033661,-0.0,0.7910222222222223,0.0,0.915122,0.0,0.0
celeba,iid,20,107,9,11,0.9102,0.00084,0.5161502966381015,0.0,0.9575167020106792,0.0,0.862945824180989,0.0,0.2232324779033661,-0.0,0.7910222222222223,0.0,0.915122,0.0,0.00084
celeba,iid,20,107,9,12,0.9102,0.0,0.5161502966381015,0.0,0.9575167020106792,0.0,0.862945824180989,0.0,0.2232324779033661,-0.0121078709761301,0.7910222222222223,0.0155422222222222,0.915122,0.0,0.0
celeba,iid,20,107,9,13,0.9102,0.0,0.5161502966381015,0.0,0.9575167020106792,0.0,0.862945824180989,0.0,0.2232324779033661,-0.0,0.7910222222222223,0.0,0.915122,0.0,0.0
celeba,iid,20,107,9,14,0.9102,0.0012066666666666,0.5161502966381015,0.0076022718964379,0.9575167020106792,0.0,0.862945824180989,0.0,0.2232324779033661,-0.0,0.7910222222222223,0.0,0.915122,0.0,0.0012066666666666
celeba,iid,20,107,9,15,0.9102,0.0013,0.5161502966381015,0.0248578552650553,0.9575167020106792,0.0,0.862945824180989,0.0,0.2232324779033661,-0.0,0.7910222222222223,0.0,0.915122,0.0,0.0013
celeba,iid,20,107,9,16,0.9102,0.0,0.5161502966381015,0.0,0.9575167020106792,0.0,0.862945824180989,0.0,0.2232324779033661,-0.0,0.7910222222222223,0.0,0.915122,0.0,0.0
celeba,iid,20,107,9,17,0.9102,-0.0003199999999999,0.5161502966381015,0.0,0.9575167020106792,0.0,0.862945824180989,0.0,0.2232324779033661,-0.0,0.7910222222222223,0.0,0.915122,0.0,-0.0003199999999999
celeba,iid,20,107,9,18,0.9102,0.0,0.5161502966381015,0.0,0.9575167020106792,0.0,0.862945824180989,0.0,0.2232324779033661,-0.0,0.7910222222222223,0.0,0.915122,0.0079988666666666,0.0
celeba,iid,20,107,9,19,0.9102,0.0,0.5161502966381015,0.0,0.9575167020106792,0.0,0.862945824180989,0.0,0.2232324779033661,-0.0,0.7910222222222223,0.0,0.915122,0.0,0.0
celeba,iid,20,107,10,0,0.9122,0.0,0.5184210526315789,0.0084258818293529,0.9598968940495434,0.0,0.8648795460600989,0.0,0.2167723625898361,-0.0,0.7976555555555558,0.0,0.936632,0.0,0.0
celeba,iid,20,107,10,1,0.9122,0.0,0.5184210526315789,-0.0008178236596852,0.9598968940495434,0.0,0.8648795460600989,0.0,0.2167723625898361,-0.0,0.7976555555555558,0.0,0.936632,0.0,0.0
celeba,iid,20,107,10,2,0.9122,0.0031066666666666,0.5184210526315789,0.0009023199478252,0.9598968940495434,0.0,0.8648795460600989,0.0,0.2167723625898361,-0.0,0.7976555555555558,0.0,0.936632,0.0,0.0031066666666666
celeba,iid,20,107,10,3,0.9122,0.0,0.5184210526315789,0.0,0.9598968940495434,0.0,0.8648795460600989,0.0,0.2167723625898361,-0.0,0.7976555555555558,0.0150248148148148,0.936632,0.0,0.0
celeba,iid,20,107,10,4,0.9122,0.0,0.5184210526315789,0.0070559426444827,0.9598968940495434,0.0026621103053778,0.8648795460600989,0.0,0.2167723625898361,-0.0,0.7976555555555558,0.0,0.936632,0.0,0.0
celeba,iid,20,107,10,5,0.9122,0.0,0.5184210526315789,0.0,0.9598968940495434,0.0,0.8648795460600989,0.0,0.2167723625898361,-0.0,0.7976555555555558,0.0,0.936632,0.0158434666666666,0.0
celeba,iid,20,107,10,6,0.9122,0.0,0.5184210526315789,0.0,0.9598968940495434,0.0,0.8648795460600989,0.0,0.2167723625898361,-0.0,0.7976555555555558,0.0,0.936632,0.0,0.0
celeba,iid,20,107,10,7,0.9122,0.0,0.5184210526315789,0.0,0.9598968940495434,0.0,0.8648795460600989,0.0,0.2167723625898361,-0.0,0.7976555555555558,0.0,0.936632,0.0,0.0
celeba,iid,20,107,10,8,0.9122,0.0,0.5184210526315789,0.0,0.9598968940495434,0.0,0.8648795460600989,0.0,0.2167723625898361,-0.0,0.7976555555555558,0.0173944444444443,0.936632,0.0,0.0
celeba,iid,20,107,10,9,0.9122,0.0,0.5184210526315789,0.0,0.9598968940495434,0.0,0.8648795460600989,0.0055581730455088,0.2167723625898361,-0.0,0.7976555555555558,0.0,0.936632,0.0,0.0
celeba,iid,20,107,10,10,0.9122,0.0,0.5184210526315789,0.0188011459189475,0.9598968940495434,0.0,0.8648795460600989,0.0,0.2167723625898361,-0.0,0.7976555555555558,0.0,0.936632,0.0,0.0
celeba,iid,20,107,10,11,0.9122,0.0,0.5184210526315789,0.0,0.9598968940495434,0.0,0.8648795460600989,0.0,0.2167723625898361,-0.0,0.7976555555555558,0.0,0.936632,0.0,0.0
celeba,iid,20,107,10,12,0.9122,0.0,0.5184210526315789,0.0,0.9598968940495434,0.0,0.8648795460600989,0.0,0.2167723625898361,-0.0,0.7976555555555558,0.0040096296296296,0.936632,0.0,0.0
celeba,iid,20,107,10,13,0.9122,7.333333333334377e-05,0.5184210526315789,0.0,0.9598968940495434,0.0,0.8648795460600989,0.0,0.2167723625898361,0.0026136755943298,0.7976555555555558,0.0181918518518518,0.936632,0.0,7.333333333334377e-05
celeba,iid,20,107,10,14,0.9122,0.0,0.5184210526315789,0.0,0.9598968940495434,0.0,0.8648795460600989,0.0,0.2167723625898361,-0.0,0.7976555555555558,0.0,0.936632,0.0082888,0.0
celeba,iid,20,107,10,15,0.9122,0.0,0.5184210526315789,0.0,0.9598968940495434,0.0,0.8648795460600989,0.0,0.2167723625898361,-0.0,0.7976555555555558,0.0,0.936632,0.0,0.0
celeba,iid,20,107,10,16,0.9122,0.0,0.5184210526315789,0.0064731230366597,0.9598968940495434,0.0,0.8648795460600989,0.0,0.2167723625898361,-0.0,0.7976555555555558,0.0,0.936632,0.0,0.0
celeba,iid,20,107,10,17,0.9122,0.0,0.5184210526315789,0.0,0.9598968940495434,0.0,0.8648795460600989,0.0,0.2167723625898361,-0.0,0.7976555555555558,0.0,0.936632,0.0,0.0
celeba,iid,20,107,10,18,0.9122,0.0,0.5184210526315789,0.0,0.9598968940495434,0.0,0.8648795460600989,0.0,0.2167723625898361,-0.0,0.7976555555555558,0.0,0.936632,0.0,0.0
celeba,iid,20,107,10,19,0.9122,0.0,0.5184210526315789,0.0,0.9598968940495434,0.0,0.8648795460600989,0.0,0.2167723625898361,-0.0,0.7976555555555558,0.0,0.936632,0.0,0.0
celeba,iid,20,123,1,0,0.5258,0.0297533333333333,0.99695701787752,0.0,0.9989263573719126,0.0,0.9987347615821474,0.0,0.6583477258682251,-0.0,0.8563333333333332,0.0,0.992016,0.0,0.0297533333333333
celeba,iid,20,123,1,1,0.5258,0.0,0.99695701787752,0.0664760416683631,0.9989263573719126,0.0048094685076532,0.9987347615821474,0.0042802374813971,0.6583477258682251,-0.0068237125873565,0.8563333333333332,0.0,0.992016,0.0085938666666666,0.0
celeba,iid,20,123,1,2,0.5258,0.0,0.99695701787752,0.0,0.9989263573719126,0.0,0.9987347615821474,0.0,0.6583477258682251,-0.0,0.8563333333333332,0.0060281481481481,0.992016,0.0,0.0
celeba,iid,20,123,1,3,0.5258,0.0,0.99695701787752,0.0,0.9989263573719126,0.0,0.9987347615821474,0.0,0.6583477258682251,-0.0,0.8563333333333332,0.0017537037037036,0.992016,0.0,0.0
celeba,iid,20,123,1,4,0.5258,0.0,0.99695701787752,0.0,0.9989263573719126,0.0,0.9987347615821474,0.0,0.6583477258682251,-0.0,0.8563333333333332,-0.0016633333333333,0.992016,0.0,0.0
celeba,iid,20,123,1,5,0.5258,0.03504,0.99695701787752,0.0,0.9989263573719126,0.0,0.9987347615821474,0.0,0.6583477258682251,-0.0,0.8563333333333332,0.0,0.992016,0.0,0.03504
celeba,iid,20,123,1,6,0.5258,0.0436,0.99695701787752,0.0,0.9989263573719126,0.0,0.9987347615821474,0.0,0.6583477258682251,-0.0,0.8563333333333332,0.0,0.992016,0.0,0.0436
celeba,iid,20,123,1,7,0.5258,0.0,0.99695701787752,0.0,0.9989263573719126,0.0,0.9987347615821474,0.0,0.6583477258682251,-0.0,0.8563333333333332,-0.0028399999999999,0.992016,0.0,0.0
celeba,iid,20,123,1,8,0.5258,0.0057666666666666,0.99695701787752,0.0,0.9989263573719126,0.0,0.9987347615821474,0.0,0.6583477258682251,-0.0,0.8563333333333332,-0.0053685185185185,0.992016,0.0,0.0057666666666666
celeba,iid,20,123,1,9,0.5258,0.0,0.99695701787752,0.1081320651001282,0.9989263573719126,0.0088131405633724,0.9987347615821474,0.0117118673610029,0.6583477258682251,-0.0,0.8563333333333332,0.0,0.992016,0.0173647333333333,0.0
celeba,iid,20,123,1,10,0.5258,0.0,0.99695701787752,0.0,0.9989263573719126,0.0,0.9987347615821474,0.0,0.6583477258682251,-0.0,0.8563333333333332,0.0,0.992016,0.0,0.0
celeba,iid,20,123,1,11,0.5258,0.0,0.99695701787752,0.0,0.9989263573719126,0.0,0.9987347615821474,0.0,0.6583477258682251,-0.0039810299873352,0.8563333333333332,0.0037259259259259,0.992016,0.0,0.0
celeba,iid,20,123,1,12,0.5258,0.0,0.99695701787752,0.0,0.9989263573719126,0.0,0.9987347615821474,0.0,0.6583477258682251,-0.0,0.8563333333333332,-0.0045159259259259,0.992016,0.0,0.0
celeba,iid,20,123,1,13,0.5258,0.0,0.99695701787752,0.0,0.9989263573719126,0.0,0.9987347615821474,0.0,0.6583477258682251,-0.0,0.8563333333333332,0.0,0.992016,0.0,0.0
celeba,iid,20,123,1,14,0.5258,0.0,0.99695701787752,0.0,0.9989263573719126,0.0,0.9987347615821474,0.0,0.6583477258682251,-0.0,0.8563333333333332,0.0,0.992016,0.0,0.0
celeba,iid,20,123,1,15,0.5258,0.0,0.99695701787752,0.0,0.9989263573719126,0.0,0.9987347615821474,0.0,0.6583477258682251,-0.0,0.8563333333333332,0.0,0.992016,0.0,0.0
celeba,iid,20,123,1,16,0.5258,0.0,0.99695701787752,0.0,0.9989263573719126,0.0,0.9987347615821474,0.0,0.6583477258682251,-0.0,0.8563333333333332,0.0,0.992016,0.0,0.0
celeba,iid,20,123,1,17,0.5258,0.0,0.99695701787752,0.0,0.9989263573719126,0.0,0.9987347615821474,0.0,0.6583477258682251,-0.0,0.8563333333333332,0.00344,0.992016,0.0,0.0
celeba,iid,20,123,1,18,0.5258,0.0,0.99695701787752,0.0,0.9989263573719126,0.0,0.9987347615821474,0.0,0.6583477258682251,-0.0,0.8563333333333332,0.0,0.992016,0.0,0.0
celeba,iid,20,123,1,19,0.5258,-0.0111399999999999,0.99695701787752,0.0,0.9989263573719126,0.0,0.9987347615821474,0.0,0.6583477258682251,-0.0,0.8563333333333332,0.0,0.992016,0.0,-0.0111399999999999
celeba,iid,20,123,2,0,0.8538,0.02774,0.6165378308737409,0.0,0.911562654350311,0.0,0.8461980371609334,0.0,0.3479762077331543,-0.0,0.8716444444444444,-0.0006514814814815,0.958552,0.0,0.02774
celeba,iid,20,123,2,1,0.8538,0.02672,0.6165378308737409,0.0,0.911562654350311,0.0,0.8461980371609334,0.0,0.3479762077331543,-0.0,0.8716444444444444,0.0221159259259258,0.958552,0.0,0.02672
celeba,iid,20,123,2,2,0.8538,0.0,0.6165378308737409,0.0,0.911562654350311,0.0,0.8461980371609334,0.0,0.3479762077331543,-0.0,0.8716444444444444,0.0,0.958552,-0.0023693999999999,0.0
celeba,iid,20,123,2,3,0.8538,0.0290399999999999,0.6165378308737409,0.0,0.911562654350311,0.0,0.8461980371609334,0.0,0.3479762077331543,-0.0,0.8716444444444444,-0.0028785185185184,0.958552,0.0,0.0290399999999999
celeba,iid,20,123,2,4,0.8538,0.0,0.6165378308737409,0.0,0.911562654350311,0.0,0.8461980371609334,0.0,0.3479762077331543,-0.0,0.8716444444444444,-0.0019822222222222,0.958552,0.0,0.0
celeba,iid,20,123,2,5,0.8538,0.0,0.6165378308737409,0.0,0.911562654350311,0.0,0.8461980371609334,0.0,0.3479762077331543,-0.0,0.8716444444444444,-0.0098911111111111,0.958552,-0.0038328666666666,0.0
celeba,iid,20,123,2,6,0.8538,0.0,0.6165378308737409,0.0,0.911562654350311,0.0,0.8461980371609334,0.0,0.3479762077331543,-0.0,0.8716444444444444,0.0,0.958552,0.0,0.0
celeba,iid,20,123,2,7,0.8538,0.0,0.6165378308737409,0.0,0.911562654350311,0.0,0.8461980371609334,0.0,0.3479762077331543,-0.0,0.8716444444444444,0.0,0.958552,-0.0017023333333333,0.0
celeba,iid,20,123,2,8,0.8538,0.0,0.6165378308737409,0.0,0.911562654350311,0.0,0.8461980371609334,0.0,0.3479762077331543,-0.0,0.8716444444444444,-0.006474074074074,0.958552,0.0,0.0
celeba,iid,20,123,2,9,0.8538,0.0,0.6165378308737409,0.0219168592094791,0.911562654350311,0.0,0.8461980371609334,0.0,0.3479762077331543,-0.0,0.8716444444444444,0.0,0.958552,0.0,0.0
celeba,iid,20,123,2,10,0.8538,0.0,0.6165378308737409,0.0,0.911562654350311,0.0,0.8461980371609334,0.0,0.3479762077331543,-0.0,0.8716444444444444,0.0078966666666667,0.958552,0.000675,0.0
celeba,iid,20,123,2,11,0.8538,0.0,0.6165378308737409,0.0,0.911562654350311,0.0,0.8461980371609334,0.0,0.3479762077331543,-0.0,0.8716444444444444,-0.0033196296296296,0.958552,0.0,0.0
celeba,iid,20,123,2,12,0.8538,0.0157333333333333,0.6165378308737409,0.0,0.911562654350311,0.0,0.8461980371609334,0.0,0.3479762077331543,-0.0,0.8716444444444444,0.0,0.958552,0.0,0.0157333333333333
celeba,iid,20,123,2,13,0.8538,0.0,0.6165378308737409,0.035036691715837,0.911562654350311,0.0,0.8461980371609334,0.0,0.3479762077331543,-0.013107348481814,0.8716444444444444,-0.0171066666666666,0.958552,0.0,0.0
celeba,iid,20,123,2,14,0.8538,0.0132599999999999,0.6165378308737409,0.0,0.911562654350311,0.0,0.8461980371609334,0.0,0.3479762077331543,-0.0,0.8716444444444444,0.0,0.958552,-0.0002499333333333,0.0132599999999999
celeba,iid,20,123,2,15,0.8538,0.0251666666666666,0.6165378308737409,0.0,0.911562654350311,0.0,0.8461980371609334,0.0,0.3479762077331543,-0.0,0.8716444444444444,0.0,0.958552,0.0,0.0251666666666666
celeba,iid,20,123,2,16,0.8538,0.0,0.6165378308737409,0.0,0.911562654350311,0.0,0.8461980371609334,0.0,0.3479762077331543,-0.0,0.8716444444444444,0.0144596296296296,0.958552,0.0,0.0
celeba,iid,20,123,2,17,0.8538,0.0,0.6165378308737409,0.0,0.911562654350311,-0.0001454401000676,0.8461980371609334,-0.0010979974591514,0.3479762077331543,-0.0,0.8716444444444444,0.0,0.958552,0.0,0.0
celeba,iid,20,123,2,18,0.8538,0.0,0.6165378308737409,0.0,0.911562654350311,0.0,0.8461980371609334,0.0,0.3479762077331543,-0.0,0.8716444444444444,-0.0080125925925926,0.958552,0.0,0.0
celeba,iid,20,123,2,19,0.8538,0.0155933333333333,0.6165378308737409,0.0,0.911562654350311,0.0,0.8461980371609334,0.0,0.3479762077331543,-0.0,0.8716444444444444,0.0,0.958552,0.0,0.0155933333333333
celeba,iid,20,123,3,0,0.9038,0.0,0.5264439035184776,-0.0020434361595307,0.9574131311613064,0.0,0.8771117125606274,0.0,0.2383829057216644,-0.0,0.840011111111111,0.0,0.95046,0.0,0.0
celeba,iid,20,123,3,1,0.9038,0.0,0.5264439035184776,-0.0067909355107615,0.9574131311613064,0.0,0.8771117125606274,0.0,0.2383829057216644,-0.0,0.840011111111111,0.0,0.95046,0.0,0.0
celeba,iid,20,123,3,2,0.9038,0.0,0.5264439035184776,0.0,0.9574131311613064,0.0,0.8771117125606274,0.0,0.2383829057216644,-0.0,0.840011111111111,0.0,0.95046,0.0,0.0
celeba,iid,20,123,3,3,0.9038,0.0,0.5264439035184776,0.0,0.9574131311613064,0.0,0.8771117125606274,0.0,0.2383829057216644,-0.0,0.840011111111111,-0.0170477777777777,0.95046,0.0,0.0
celeba,iid,20,123,3,4,0.9038,0.0025133333333333,0.5264439035184776,0.0,0.9574131311613064,0.0,0.8771117125606274,0.0,0.2383829057216644,-0.0,0.840011111111111,0.0,0.95046,-0.0009501333333333,0.0025133333333333
celeba,iid,20,123,3,5,0.9038,0.0,0.5264439035184776,0.0,0.9574131311613064,0.0065829449838491,0.8771117125606274,0.0,0.2383829057216644,-0.0,0.840011111111111,0.0,0.95046,0.0,0.0
celeba,iid,20,123,3,6,0.9038,0.0062933333333333,0.5264439035184776,-0.0199206473991939,0.9574131311613064,0.0035708362536458,0.8771117125606274,0.0,0.2383829057216644,-0.0,0.840011111111111,-0.0106037037037037,0.95046,0.0,0.0062933333333333
celeba,iid,20,123,3,7,0.9038,0.0031466666666666,0.5264439035184776,-0.0098832399416076,0.9574131311613064,0.0,0.8771117125606274,0.0,0.2383829057216644,-0.0,0.840011111111111,0.0,0.95046,0.0,0.0031466666666666
celeba,iid,20,123,3,8,0.9038,0.0,0.5264439035184776,-0.0083338033678557,0.9574131311613064,0.0,0.8771117125606274,0.0,0.2383829057216644,-0.0,0.840011111111111,0.0111581481481481,0.95046,0.0,0.0
celeba,iid,20,123,3,9,0.9038,0.0,0.5264439035184776,-0.0059870759251756,0.9574131311613064,0.0,0.8771117125606274,0.0,0.2383829057216644,-0.0,0.840011111111111,0.0,0.95046,0.0,0.0
celeba,iid,20,123,3,10,0.9038,0.0,0.5264439035184776,0.0151921141542753,0.9574131311613064,0.0,0.8771117125606274,0.0,0.2383829057216644,-0.0,0.840011111111111,0.0009214814814814,0.95046,0.0,0.0
celeba,iid,20,123,3,11,0.9038,0.0,0.5264439035184776,0.0,0.9574131311613064,0.0,0.8771117125606274,0.0,0.2383829057216644,-0.0,0.840011111111111,0.0,0.95046,0.0,0.0
celeba,iid,20,123,3,12,0.9038,0.0,0.5264439035184776,0.0,0.9574131311613064,0.0,0.8771117125606274,0.0,0.2383829057216644,-0.0,0.840011111111111,0.0,0.95046,0.0,0.0
celeba,iid,20,123,3,13,0.9038,0.0,0.5264439035184776,0.031613054509366,0.9574131311613064,0.0,0.8771117125606274,0.0,0.2383829057216644,0.0045616353551546,0.840011111111111,0.0,0.95046,0.0040478666666666,0.0
celeba,iid,20,123,3,14,0.9038,0.0049999999999999,0.5264439035184776,0.026485688378471,0.9574131311613064,0.0,0.8771117125606274,0.0,0.2383829057216644,-0.0,0.840011111111111,0.0,0.95046,0.0,0.0049999999999999
celeba,iid,20,123,3,15,0.9038,0.0,0.5264439035184776,0.0,0.9574131311613064,0.0,0.8771117125606274,0.0,0.2383829057216644,-0.0,0.840011111111111,0.0,0.95046,0.0,0.0
celeba,iid,20,123,3,16,0.9038,0.0,0.5264439035184776,0.0058651899873005,0.9574131311613064,0.0,0.8771117125606274,0.0,0.2383829057216644,-0.0,0.840011111111111,0.0,0.95046,0.0,0.0
celeba,iid,20,123,3,17,0.9038,-0.0005333333333333,0.5264439035184776,-0.0027966838041184,0.9574131311613064,0.0,0.8771117125606274,0.0045396610320487,0.2383829057216644,-0.0,0.840011111111111,-0.0092044444444444,0.95046,0.0,-0.0005333333333333
celeba,iid,20,123,3,18,0.9038,0.0,0.5264439035184776,0.0,0.9574131311613064,0.0,0.8771117125606274,0.0,0.2383829057216644,-0.0,0.840011111111111,-0.0104451851851851,0.95046,0.0,0.0
celeba,iid,20,123,3,19,0.9038,0.00466,0.5264439035184776,0.0,0.9574131311613064,0.0,0.8771117125606274,0.0,0.2383829057216644,-0.0,0.840011111111111,0.0,0.95046,0.0,0.00466
celeba,iid,20,123,4,0,0.8998,0.0,0.4935555555555555,-0.019608151415079,0.9687566023851084,0.0,0.8769921650528572,0.0,0.2375414818525314,-0.0,0.7979000000000003,0.0,0.933772,0.0,0.0
celeba,iid,20,123,4,1,0.8998,0.0,0.4935555555555555,0.0064201683282503,0.9687566023851084,0.0,0.8769921650528572,0.0,0.2375414818525314,-0.0,0.7979000000000003,0.0015351851851851,0.933772,0.0,0.0
celeba,iid,20,123,4,2,0.8998,0.0,0.4935555555555555,-0.0087329410830458,0.9687566023851084,0.0,0.8769921650528572,0.0,0.2375414818525314,-0.0,0.7979000000000003,-0.0095292592592592,0.933772,0.0,0.0
celeba,iid,20,123,4,3,0.8998,0.0,0.4935555555555555,-0.0258387440258984,0.9687566023851084,0.0,0.8769921650528572,0.0,0.2375414818525314,-0.0,0.7979000000000003,0.0096018518518518,0.933772,0.0,0.0
celeba,iid,20,123,4,4,0.8998,0.0,0.4935555555555555,-0.0030643460472343,0.9687566023851084,0.0047320233457972,0.8769921650528572,0.0,0.2375414818525314,-0.0,0.7979000000000003,0.0,0.933772,0.0,0.0
celeba,iid,20,123,4,5,0.8998,0.0,0.4935555555555555,-0.0052701091640143,0.9687566023851084,0.0,0.8769921650528572,0.0,0.2375414818525314,-0.0,0.7979000000000003,-0.011497037037037,0.933772,0.0,0.0
celeba,iid,20,123,4,6,0.8998,0.0,0.4935555555555555,0.0,0.9687566023851084,0.0037010897333293,0.8769921650528572,0.0,0.2375414818525314,-0.0,0.7979000000000003,-0.0104977777777778,0.933772,0.0,0.0
celeba,iid,20,123,4,7,0.8998,0.0,0.4935555555555555,-0.010692605027628,0.9687566023851084,-0.0032608828536698,0.8769921650528572,0.0,0.2375414818525314,-0.0,0.7979000000000003,0.0,0.933772,0.0,0.0
celeba,iid,20,123,4,8,0.8998,0.0,0.4935555555555555,0.0,0.9687566023851084,0.0,0.8769921650528572,0.0,0.2375414818525314,-0.0,0.7979000000000003,0.0016466666666666,0.933772,0.0,0.0
celeba,iid,20,123,4,9,0.8998,0.0031333333333333,0.4935555555555555,-0.0159999208305993,0.9687566023851084,0.0,0.8769921650528572,0.0,0.2375414818525314,-0.0,0.7979000000000003,-0.018897037037037,0.933772,0.0,0.0031333333333333
celeba,iid,20,123,4,10,0.8998,0.0027799999999999,0.4935555555555555,0.0079701426979798,0.9687566023851084,0.0,0.8769921650528572,0.0,0.2375414818525314,-0.0,0.7979000000000003,-0.0046703703703703,0.933772,0.0,0.0027799999999999
celeba,iid,20,123,4,11,0.8998,0.0,0.4935555555555555,0.0056972615534311,0.9687566023851084,0.0018724543810423,0.8769921650528572,0.0,0.2375414818525314,-0.0,0.7979000000000003,-0.0153340740740741,0.933772,0.0027952666666666,0.0
celeba,iid,20,123,4,12,0.8998,0.0,0.4935555555555555,0.0,0.9687566023851084,0.0,0.8769921650528572,0.0,0.2375414818525314,-0.0,0.7979000000000003,0.0,0.933772,0.0024658,0.0
celeba,iid,20,123,4,13,0.8998,-0.00028,0.4935555555555555,0.0092259059172316,0.9687566023851084,0.0,0.8769921650528572,0.0,0.2375414818525314,-0.0,0.7979000000000003,-0.0079833333333333,0.933772,0.0,-0.00028
celeba,iid,20,123,4,14,0.8998,0.0106599999999999,0.4935555555555555,0.0070648677576354,0.9687566023851084,0.0,0.8769921650528572,0.0,0.2375414818525314,-0.0,0.7979000000000003,-0.0035925925925925,0.933772,0.0016536666666666,0.0106599999999999
celeba,iid,20,123,4,15,0.8998,0.0,0.4935555555555555,0.0074176605731706,0.9687566023851084,0.0,0.8769921650528572,0.0,0.2375414818525314,-0.0,0.7979000000000003,0.0106411111111111,0.933772,0.0027081333333333,0.0
celeba,iid,20,123,4,16,0.8998,0.0,0.4935555555555555,0.0226731625574177,0.9687566023851084,0.0,0.8769921650528572,0.0,0.2375414818525314,-0.0,0.7979000000000003,0.0061244444444445,0.933772,0.0,0.0
celeba,iid,20,123,4,17,0.8998,-0.0001799999999999,0.4935555555555555,0.0,0.9687566023851084,0.0004987750955354,0.8769921650528572,0.0,0.2375414818525314,-0.0,0.7979000000000003,-0.0046437037037037,0.933772,0.0,-0.0001799999999999
celeba,iid,20,123,4,18,0.8998,0.0,0.4935555555555555,0.0133753173748095,0.9687566023851084,0.0,0.8769921650528572,0.0,0.2375414818525314,-0.0,0.7979000000000003,0.0110688888888888,0.933772,0.0091101333333333,0.0
celeba,iid,20,123,4,19,0.8998,0.0,0.4935555555555555,0.0,0.9687566023851084,0.0,0.8769921650528572,0.0,0.2375414818525314,-0.0,0.7979000000000003,-0.0390122222222222,0.933772,0.0,0.0
celeba,iid,20,123,5,0,0.9004,0.0,0.495779653487339,-0.0143533571971393,0.9700251532909904,0.0,0.8778360394467473,0.0,0.2316842824220657,-0.0,0.7441,0.0,0.92368,0.0,0.0
celeba,iid,20,123,5,1,0.9004,0.0,0.495779653487339,0.0081634114840309,0.9700251532909904,0.0,0.8778360394467473,0.0,0.2316842824220657,-0.0,0.7441,-0.000477037037037,0.92368,0.0,0.0
celeba,iid,20,123,5,2,0.9004,0.0,0.495779653487339,-0.0015266049415151,0.9700251532909904,0.0012307295952689,0.8778360394467473,0.0,0.2316842824220657,-0.0,0.7441,9.81481481481398e-05,0.92368,0.0,0.0
celeba,iid,20,123,5,3,0.9004,0.0,0.495779653487339,0.0,0.9700251532909904,-0.0048023841735229,0.8778360394467473,0.0,0.2316842824220657,-0.0,0.7441,0.0,0.92368,0.0,0.0
celeba,iid,20,123,5,4,0.9004,0.0,0.495779653487339,0.005899619712504,0.9700251532909904,0.0037937196375943,0.8778360394467473,0.0,0.2316842824220657,-0.0,0.7441,0.0106751851851851,0.92368,0.0018705333333333,0.0
celeba,iid,20,123,5,5,0.9004,0.0,0.495779653487339,-0.011820513160237,0.9700251532909904,-0.0005026002828068,0.8778360394467473,0.0,0.2316842824220657,-0.0,0.7441,0.0037796296296295,0.92368,0.008997,0.0
celeba,iid,20,123,5,6,0.9004,0.0,0.495779653487339,0.0,0.9700251532909904,-0.0010784860351917,0.8778360394467473,0.0,0.2316842824220657,-0.0,0.7441,0.0063818518518518,0.92368,0.0,0.0
celeba,iid,20,123,5,7,0.9004,0.0,0.495779653487339,0.0,0.9700251532909904,-0.0039836289798385,0.8778360394467473,0.0,0.2316842824220657,-0.0,0.7441,-0.0066351851851852,0.92368,0.0054605333333333,0.0
celeba,iid,20,123,5,8,0.9004,0.0,0.495779653487339,0.0,0.9700251532909904,0.0,0.8778360394467473,0.0,0.2316842824220657,-0.0,0.7441,0.0,0.92368,-0.0038777333333333,0.0
celeba,iid,20,123,5,9,0.9004,0.0,0.495779653487339,-0.0185897620640204,0.9700251532909904,-0.0004588047518407,0.8778360394467473,0.0,0.2316842824220657,-0.0,0.7441,0.006697037037037,0.92368,0.0,0.0
celeba,iid,20,123,5,10,0.9004,0.0,0.495779653487339,0.0232489369652709,0.9700251532909904,0.0,0.8778360394467473,0.0,0.2316842824220657,-0.0,0.7441,-0.0046051851851851,0.92368,0.0084535333333333,0.0
celeba,iid,20,123,5,11,0.9004,0.0,0.495779653487339,-0.0018742030983624,0.9700251532909904,0.0,0.8778360394467473,0.0,0.2316842824220657,-0.0,0.7441,0.0102162962962963,0.92368,0.0,0.0
celeba,iid,20,123,5,12,0.9004,0.0,0.495779653487339,0.0,0.9700251532909904,0.0023080017221689,0.8778360394467473,0.0,0.2316842824220657,-0.0,0.7441,0.0027644444444444,0.92368,0.0,0.0
celeba,iid,20,123,5,13,0.9004,0.0,0.495779653487339,0.0222270722786933,0.9700251532909904,0.0007376130256163,0.8778360394467473,0.0,0.2316842824220657,-0.0,0.7441,0.0,0.92368,0.0092553333333333,0.0
celeba,iid,20,123,5,14,0.9004,0.0,0.495779653487339,0.0064387563943665,0.9700251532909904,0.0010979195567286,0.8778360394467473,0.0,0.2316842824220657,-0.0,0.7441,0.0,0.92368,0.0,0.0
celeba,iid,20,123,5,15,0.9004,0.0,0.495779653487339,0.0007514164277978,0.9700251532909904,0.0,0.8778360394467473,0.0,0.2316842824220657,-0.0,0.7441,0.0072755555555555,0.92368,0.0,0.0
celeba,iid,20,123,5,16,0.9004,0.0,0.495779653487339,0.0,0.9700251532909904,0.0025006406703064,0.8778360394467473,0.0,0.2316842824220657,-0.0138231848676999,0.7441,0.0,0.92368,0.0,0.0
celeba,iid,20,123,5,17,0.9004,0.0,0.495779653487339,0.0037907934101682,0.9700251532909904,0.000880059835471,0.8778360394467473,0.0,0.2316842824220657,-0.0,0.7441,0.0,0.92368,0.0,0.0
celeba,iid,20,123,5,18,0.9004,0.0,0.495779653487339,-0.0001943935820095,0.9700251532909904,0.0037418373956774,0.8778360394467473,0.0,0.2316842824220657,-0.0,0.7441,0.0,0.92368,0.0,0.0
celeba,iid,20,123,5,19,0.9004,0.0,0.495779653487339,0.0006618274866199,0.9700251532909904,0.0,0.8778360394467473,0.0,0.2316842824220657,-0.0,0.7441,0.00998,0.92368,-0.0034213333333333,0.0
celeba,iid,20,123,6,0,0.9,0.0,0.4748888888888889,-0.0030175762417212,0.9669412421554896,-0.0004937797234733,0.874412722868079,0.0,0.232632964849472,-0.0,0.8566,0.0,0.916576,0.0,0.0
celeba,iid,20,123,6,1,0.9,0.0,0.4748888888888889,0.005689532090011,0.9669412421554896,0.0,0.874412722868079,0.0,0.232632964849472,-0.0,0.8566,0.0,0.916576,0.0036958,0.0
celeba,iid,20,123,6,2,0.9,0.0,0.4748888888888889,0.0,0.9669412421554896,0.0068788742280977,0.874412722868079,0.0,0.232632964849472,-0.0,0.8566,0.0181651851851851,0.916576,0.0,0.0
celeba,iid,20,123,6,3,0.9,0.0,0.4748888888888889,0.0,0.9669412421554896,0.0,0.874412722868079,0.0,0.232632964849472,-0.0,0.8566,0.0,0.916576,0.0,0.0
celeba,iid,20,123,6,4,0.9,0.0,0.4748888888888889,0.0018546215321578,0.9669412421554896,0.0045419627036139,0.874412722868079,0.0055029137112093,0.232632964849472,-0.0,0.8566,0.0,0.916576,0.0,0.0
celeba,iid,20,123,6,5,0.9,0.0,0.4748888888888889,0.0028716258678123,0.9669412421554896,0.0,0.874412722868079,0.0,0.232632964849472,-0.0,0.8566,0.0,0.916576,0.0124115333333333,0.0
celeba,iid,20,123,6,6,0.9,0.0,0.4748888888888889,0.0,0.9669412421554896,0.0,0.874412722868079,0.0,0.232632964849472,-0.0,0.8566,0.0,0.916576,0.0,0.0
celeba,iid,20,123,6,7,0.9,0.0,0.4748888888888889,-0.003141066748095,0.9669412421554896,0.0,0.874412722868079,0.0,0.232632964849472,-0.0,0.8566,0.0040855555555555,0.916576,0.0,0.0
celeba,iid,20,123,6,8,0.9,0.0,0.4748888888888889,-0.0231748042279991,0.9669412421554896,0.0,0.874412722868079,0.0,0.232632964849472,-0.0,0.8566,0.0,0.916576,0.0,0.0
celeba,iid,20,123,6,9,0.9,0.0,0.4748888888888889,0.0,0.9669412421554896,0.0,0.874412722868079,0.0,0.232632964849472,-0.0,0.8566,0.0,0.916576,0.0,0.0
celeba,iid,20,123,6,10,0.9,0.0,0.4748888888888889,0.0141695676180493,0.9669412421554896,0.0,0.874412722868079,0.0,0.232632964849472,-0.0,0.8566,0.0,0.916576,0.0,0.0
celeba,iid,20,123,6,11,0.9,0.0,0.4748888888888889,-0.0085652035752694,0.9669412421554896,0.0,0.874412722868079,0.0,0.232632964849472,-0.0,0.8566,0.0,0.916576,0.0,0.0
celeba,iid,20,123,6,12,0.9,0.0,0.4748888888888889,0.0036363513934185,0.9669412421554896,0.0,0.874412722868079,0.0,0.232632964849472,-0.0,0.8566,0.0,0.916576,0.0,0.0
celeba,iid,20,123,6,13,0.9,0.0,0.4748888888888889,0.0126942935514531,0.9669412421554896,0.0,0.874412722868079,0.0,0.232632964849472,-0.0,0.8566,0.0,0.916576,0.0096456666666666,0.0
celeba,iid,20,123,6,14,0.9,0.0,0.4748888888888889,0.0205814653608838,0.9669412421554896,0.0,0.874412722868079,0.0,0.232632964849472,-0.0,0.8566,0.0,0.916576,0.0,0.0
celeba,iid,20,123,6,15,0.9,0.0,0.4748888888888889,0.0003788793960361,0.9669412421554896,0.0,0.874412722868079,0.0,0.232632964849472,-0.0,0.8566,0.0,0.916576,0.0,0.0
celeba,iid,20,123,6,16,0.9,0.0,0.4748888888888889,0.0013394864429729,0.9669412421554896,0.0,0.874412722868079,0.0,0.232632964849472,-0.0,0.8566,-0.0154859259259259,0.916576,0.0,0.0
celeba,iid,20,123,6,17,0.9,0.0,0.4748888888888889,-0.0076929830926893,0.9669412421554896,0.0,0.874412722868079,0.0,0.232632964849472,-0.0,0.8566,-0.0070555555555555,0.916576,0.0,0.0
celeba,iid,20,123,6,18,0.9,0.0,0.4748888888888889,0.0183569372233214,0.9669412421554896,0.0,0.874412722868079,0.0,0.232632964849472,-0.0,0.8566,-0.0113825925925925,0.916576,0.0,0.0
celeba,iid,20,123,6,19,0.9,0.0,0.4748888888888889,0.0097363440266614,0.9669412421554896,0.0,0.874412722868079,0.0,0.232632964849472,-0.0,0.8566,0.0,0.916576,0.0,0.0
celeba,iid,20,123,7,0,0.9024,0.0,0.4762854609929078,0.0,0.9629902641493168,0.0,0.8698961197662961,0.0,0.2297892570495605,-0.0,0.7528888888888892,0.0190811111111111,0.917262,0.0,0.0
celeba,iid,20,123,7,1,0.9024,0.0,0.4762854609929078,-0.0025820841340008,0.9629902641493168,0.0,0.8698961197662961,0.0,0.2297892570495605,-0.0,0.7528888888888892,-0.0045733333333333,0.917262,-0.0013727333333333,0.0
celeba,iid,20,123,7,2,0.9024,0.0,0.4762854609929078,0.0,0.9629902641493168,0.0051669684507267,0.8698961197662961,0.0,0.2297892570495605,-0.0,0.7528888888888892,0.0240892592592592,0.917262,0.0001542,0.0
celeba,iid,20,123,7,3,0.9024,0.0,0.4762854609929078,0.0,0.9629902641493168,0.0,0.8698961197662961,0.0,0.2297892570495605,-0.0,0.7528888888888892,0.0071885185185185,0.917262,0.0002224,0.0
celeba,iid,20,123,7,4,0.9024,0.0,0.4762854609929078,0.0,0.9629902641493168,0.0022202916465189,0.8698961197662961,0.0,0.2297892570495605,-0.0,0.7528888888888892,0.0083325925925925,0.917262,0.0,0.0
celeba,iid,20,123,7,5,0.9024,0.00194,0.4762854609929078,-0.0132459986594829,0.9629902641493168,0.0,0.8698961197662961,0.0,0.2297892570495605,-0.0,0.7528888888888892,0.0114337037037037,0.917262,0.0008292,0.00194
celeba,iid,20,123,7,6,0.9024,0.0005933333333333,0.4762854609929078,0.0,0.9629902641493168,0.0,0.8698961197662961,0.0,0.2297892570495605,-0.0,0.7528888888888892,0.0151111111111111,0.917262,0.0,0.0005933333333333
celeba,iid,20,123,7,7,0.9024,-0.0030933333333333,0.4762854609929078,0.0,0.9629902641493168,0.0,0.8698961197662961,0.0,0.2297892570495605,-0.0021467829744021,0.7528888888888892,0.0002692592592592,0.917262,0.0,-0.0030933333333333
celeba,iid,20,123,7,8,0.9024,0.0,0.4762854609929078,0.0,0.9629902641493168,0.0014701239356209,0.8698961197662961,0.000419977491224,0.2297892570495605,-0.0,0.7528888888888892,0.0,0.917262,0.0,0.0
celeba,iid,20,123,7,9,0.9024,0.0023333333333333,0.4762854609929078,-0.0013081129644866,0.9629902641493168,0.0,0.8698961197662961,0.0,0.2297892570495605,-0.0,0.7528888888888892,-0.0096385185185184,0.917262,0.0,0.0023333333333333
celeba,iid,20,123,7,10,0.9024,0.0,0.4762854609929078,0.0175739665860301,0.9629902641493168,0.0,0.8698961197662961,0.0,0.2297892570495605,-0.0,0.7528888888888892,0.0,0.917262,0.0,0.0
celeba,iid,20,123,7,11,0.9024,0.0,0.4762854609929078,0.0,0.9629902641493168,0.0006149686322878,0.8698961197662961,0.0,0.2297892570495605,-0.0,0.7528888888888892,0.0044359259259259,0.917262,0.0,0.0
celeba,iid,20,123,7,12,0.9024,0.0,0.4762854609929078,0.0,0.9629902641493168,0.0,0.8698961197662961,0.0,0.2297892570495605,-0.0,0.7528888888888892,-0.0003474074074074,0.917262,0.0,0.0
celeba,iid,20,123,7,13,0.9024,0.0,0.4762854609929078,0.0,0.9629902641493168,-4.792445765131233e-05,0.8698961197662961,0.0010297571214968,0.2297892570495605,-0.0,0.7528888888888892,-0.0369133333333332,0.917262,0.0,0.0
celeba,iid,20,123,7,14,0.9024,0.0,0.4762854609929078,0.0128662518696319,0.9629902641493168,0.0012065283914881,0.8698961197662961,0.002702587035362,0.2297892570495605,-0.0,0.7528888888888892,0.0,0.917262,0.0,0.0
celeba,iid,20,123,7,15,0.9024,0.0,0.4762854609929078,0.0123766128497979,0.9629902641493168,0.0,0.8698961197662961,0.0,0.2297892570495605,-0.0,0.7528888888888892,0.0,0.917262,0.0,0.0
celeba,iid,20,123,7,16,0.9024,0.0,0.4762854609929078,0.0073823301278846,0.9629902641493168,0.0,0.8698961197662961,0.0,0.2297892570495605,-0.0,0.7528888888888892,0.0081014814814814,0.917262,0.0003049999999999,0.0
celeba,iid,20,123,7,17,0.9024,0.0,0.4762854609929078,0.0,0.9629902641493168,0.0,0.8698961197662961,0.0,0.2297892570495605,-0.0,0.7528888888888892,0.0094544444444443,0.917262,0.0,0.0
celeba,iid,20,123,7,18,0.9024,0.0,0.4762854609929078,0.0,0.9629902641493168,0.0,0.8698961197662961,0.0,0.2297892570495605,-0.0,0.7528888888888892,-0.0025896296296296,0.917262,0.0,0.0
celeba,iid,20,123,7,19,0.9024,0.0,0.4762854609929078,0.0107155565503254,0.9629902641493168,0.0,0.8698961197662961,0.0,0.2297892570495605,-0.0,0.7528888888888892,0.0071796296296296,0.917262,0.0,0.0
celeba,iid,20,123,8,0,0.9072,0.0,0.4672546857772878,-0.0030435489157221,0.9653766325959728,0.0,0.870862980705851,0.0,0.2241937071084976,-0.0,0.7365666666666666,0.0,0.910288,0.0,0.0
celeba,iid,20,123,8,1,0.9072,-0.0004199999999999,0.4672546857772878,0.0102513404353869,0.9653766325959728,0.0,0.870862980705851,0.0,0.2241937071084976,-0.0,0.7365666666666666,0.0,0.910288,0.0,-0.0004199999999999
celeba,iid,20,123,8,2,0.9072,0.0,0.4672546857772878,-0.0054415103620337,0.9653766325959728,0.0,0.870862980705851,0.0,0.2241937071084976,-0.0,0.7365666666666666,0.0,0.910288,0.0,0.0
celeba,iid,20,123,8,3,0.9072,0.0,0.4672546857772878,0.0,0.9653766325959728,0.0,0.870862980705851,0.0,0.2241937071084976,-0.0,0.7365666666666666,0.0,0.910288,0.0,0.0
celeba,iid,20,123,8,4,0.9072,0.0,0.4672546857772878,0.0,0.9653766325959728,0.0,0.870862980705851,0.0,0.2241937071084976,-0.0,0.7365666666666666,0.0,0.910288,0.0,0.0
celeba,iid,20,123,8,5,0.9072,0.0029599999999999,0.4672546857772878,-0.0093512404535372,0.9653766325959728,0.0,0.870862980705851,0.0,0.2241937071084976,-0.0,0.7365666666666666,0.0,0.910288,0.0067678,0.0029599999999999
celeba,iid,20,123,8,6,0.9072,0.0,0.4672546857772878,0.0,0.9653766325959728,0.0,0.870862980705851,0.0,0.2241937071084976,-0.0,0.7365666666666666,0.0,0.910288,0.0,0.0
celeba,iid,20,123,8,7,0.9072,0.0,0.4672546857772878,0.0,0.9653766325959728,0.0,0.870862980705851,0.0,0.2241937071084976,-0.0,0.7365666666666666,0.0,0.910288,0.0,0.0
celeba,iid,20,123,8,8,0.9072,0.0,0.4672546857772878,0.0,0.9653766325959728,0.0,0.870862980705851,0.0,0.2241937071084976,-0.0,0.7365666666666666,0.0,0.910288,0.0,0.0
celeba,iid,20,123,8,9,0.9072,-0.0025599999999999,0.4672546857772878,-0.0045058496426133,0.9653766325959728,0.0,0.870862980705851,0.0,0.2241937071084976,-0.0,0.7365666666666666,0.0,0.910288,0.0,-0.0025599999999999
celeba,iid,20,123,8,10,0.9072,0.0004266666666666,0.4672546857772878,0.0098703850739409,0.9653766325959728,0.0,0.870862980705851,0.0,0.2241937071084976,-0.0,0.7365666666666666,0.0,0.910288,0.0,0.0004266666666666
celeba,iid,20,123,8,11,0.9072,0.0,0.4672546857772878,0.0,0.9653766325959728,0.0,0.870862980705851,0.0,0.2241937071084976,-0.0,0.7365666666666666,0.0,0.910288,0.0,0.0
celeba,iid,20,123,8,12,0.9072,0.0,0.4672546857772878,0.0,0.9653766325959728,0.0,0.870862980705851,0.0,0.2241937071084976,-0.0,0.7365666666666666,0.0,0.910288,0.0,0.0
celeba,iid,20,123,8,13,0.9072,0.0,0.4672546857772878,0.005082526621442,0.9653766325959728,0.0,0.870862980705851,0.0,0.2241937071084976,-0.0025294045607248,0.7365666666666666,0.0,0.910288,0.0,0.0
celeba,iid,20,123,8,14,0.9072,0.0,0.4672546857772878,0.0084233756158898,0.9653766325959728,0.0,0.870862980705851,0.0,0.2241937071084976,-0.0,0.7365666666666666,0.0,0.910288,0.0082636666666666,0.0
celeba,iid,20,123,8,15,0.9072,0.0028066666666666,0.4672546857772878,0.0137883676566113,0.9653766325959728,0.0,0.870862980705851,0.0,0.2241937071084976,-0.0,0.7365666666666666,0.0034555555555555,0.910288,0.0,0.0028066666666666
celeba,iid,20,123,8,16,0.9072,0.0,0.4672546857772878,0.005028766574115,0.9653766325959728,0.0037876896071239,0.870862980705851,0.0,0.2241937071084976,-0.0,0.7365666666666666,0.0,0.910288,0.0,0.0
celeba,iid,20,123,8,17,0.9072,0.0,0.4672546857772878,0.0,0.9653766325959728,0.0,0.870862980705851,0.0,0.2241937071084976,-0.0,0.7365666666666666,0.0,0.910288,0.0,0.0
celeba,iid,20,123,8,18,0.9072,0.0,0.4672546857772878,0.0,0.9653766325959728,0.0,0.870862980705851,0.0,0.2241937071084976,-0.0,0.7365666666666666,0.0,0.910288,0.0,0.0
celeba,iid,20,123,8,19,0.9072,0.0,0.4672546857772878,0.0,0.9653766325959728,0.0,0.870862980705851,0.0,0.2241937071084976,-0.0,0.7365666666666666,0.0,0.910288,0.0,0.0
celeba,iid,20,123,9,0,0.9036,0.0,0.4555112881806109,-0.0039241475780351,0.9616719116573784,0.0,0.8675899992122966,0.0,0.2310128211975097,-0.0,0.7196444444444445,0.0,0.91088,0.0,0.0
celeba,iid,20,123,9,1,0.9036,0.0,0.4555112881806109,0.003242421968034,0.9616719116573784,-0.0028666611839928,0.8675899992122966,0.0,0.2310128211975097,-0.0,0.7196444444444445,0.0,0.91088,0.0,0.0
celeba,iid,20,123,9,2,0.9036,0.0,0.4555112881806109,0.0,0.9616719116573784,0.0044134552963295,0.8675899992122966,0.0,0.2310128211975097,-0.0176112527648607,0.7196444444444445,0.0099055555555555,0.91088,0.0,0.0
celeba,iid,20,123,9,3,0.9036,0.0,0.4555112881806109,-0.0028273517080101,0.9616719116573784,0.0,0.8675899992122966,0.0,0.2310128211975097,-0.0,0.7196444444444445,0.0,0.91088,0.0,0.0
celeba,iid,20,123,9,4,0.9036,0.0,0.4555112881806109,0.0013699898855216,0.9616719116573784,0.0,0.8675899992122966,0.004614430082913,0.2310128211975097,-0.0,0.7196444444444445,0.0,0.91088,0.0,0.0
celeba,iid,20,123,9,5,0.9036,0.0,0.4555112881806109,-0.0021853147798337,0.9616719116573784,0.0,0.8675899992122966,0.0,0.2310128211975097,-0.0,0.7196444444444445,0.0,0.91088,0.0,0.0
celeba,iid,20,123,9,6,0.9036,0.0,0.4555112881806109,-0.0129853785240242,0.9616719116573784,0.0,0.8675899992122966,0.0,0.2310128211975097,-0.0,0.7196444444444445,0.0,0.91088,0.0,0.0
celeba,iid,20,123,9,7,0.9036,0.0,0.4555112881806109,0.0010072620006807,0.9616719116573784,0.0,0.8675899992122966,0.0,0.2310128211975097,-0.0,0.7196444444444445,0.0,0.91088,0.0,0.0
celeba,iid,20,123,9,8,0.9036,0.0004666666666666,0.4555112881806109,0.0016470232692774,0.9616719116573784,0.0,0.8675899992122966,0.0,0.2310128211975097,-0.0,0.7196444444444445,0.0,0.91088,0.0,0.0004666666666666
celeba,iid,20,123,9,9,0.9036,0.0041866666666666,0.4555112881806109,-0.0132128161146883,0.9616719116573784,0.0,0.8675899992122966,0.0,0.2310128211975097,-0.0,0.7196444444444445,0.0,0.91088,0.0,0.0041866666666666
celeba,iid,20,123,9,10,0.9036,0.0,0.4555112881806109,0.0022804326894582,0.9616719116573784,0.0,0.8675899992122966,0.0,0.2310128211975097,-0.0,0.7196444444444445,0.0,0.91088,0.0,0.0
celeba,iid,20,123,9,11,0.9036,0.0,0.4555112881806109,0.0,0.9616719116573784,-0.0009281763754571,0.8675899992122966,0.0,0.2310128211975097,-0.0,0.7196444444444445,0.0,0.91088,0.0,0.0
celeba,iid,20,123,9,12,0.9036,0.0,0.4555112881806109,-0.0011779112973495,0.9616719116573784,0.0,0.8675899992122966,0.0,0.2310128211975097,-0.0,0.7196444444444445,0.0,0.91088,0.0,0.0
celeba,iid,20,123,9,13,0.9036,0.00096,0.4555112881806109,0.0162772711329297,0.9616719116573784,0.0011955331685637,0.8675899992122966,0.0,0.2310128211975097,-0.0,0.7196444444444445,0.0,0.91088,0.0,0.00096
celeba,iid,20,123,9,14,0.9036,0.0,0.4555112881806109,0.0103298197148257,0.9616719116573784,0.0,0.8675899992122966,0.0,0.2310128211975097,-0.0,0.7196444444444445,0.0,0.91088,0.0,0.0
celeba,iid,20,123,9,15,0.9036,0.0,0.4555112881806109,0.0016560144796275,0.9616719116573784,0.0,0.8675899992122966,0.0,0.2310128211975097,-0.0,0.7196444444444445,0.0,0.91088,0.0,0.0
celeba,iid,20,123,9,16,0.9036,0.0,0.4555112881806109,0.0,0.9616719116573784,0.0,0.8675899992122966,0.0,0.2310128211975097,-0.0,0.7196444444444445,0.0,0.91088,0.0,0.0
celeba,iid,20,123,9,17,0.9036,0.0,0.4555112881806109,0.0,0.9616719116573784,0.0,0.8675899992122966,0.0,0.2310128211975097,-0.0,0.7196444444444445,0.0,0.91088,0.0,0.0
celeba,iid,20,123,9,18,0.9036,0.0,0.4555112881806109,0.0,0.9616719116573784,0.0012070797482049,0.8675899992122966,0.0,0.2310128211975097,-0.0,0.7196444444444445,0.0,0.91088,0.0,0.0
celeba,iid,20,123,9,19,0.9036,0.0,0.4555112881806109,-0.0063372190340651,0.9616719116573784,0.0,0.8675899992122966,0.0,0.2310128211975097,-0.0,0.7196444444444445,0.0,0.91088,0.0,0.0
celeba,iid,20,123,10,0,0.9054,0.0,0.4395847139385906,0.0,0.9610602968434956,0.0,0.8669442789066284,0.0,0.2305650562047958,-0.0,0.7463888888888888,-0.0013051851851851,0.901788,0.0,0.0
celeba,iid,20,123,10,1,0.9054,0.0,0.4395847139385906,0.0016294175457626,0.9610602968434956,0.0,0.8669442789066284,0.0,0.2305650562047958,-0.0,0.7463888888888888,-0.0080796296296296,0.901788,0.0,0.0
celeba,iid,20,123,10,2,0.9054,0.0,0.4395847139385906,0.012336371900788,0.9610602968434956,0.0,0.8669442789066284,0.0,0.2305650562047958,-0.0,0.7463888888888888,-0.0164025925925925,0.901788,0.0080422,0.0
celeba,iid,20,123,10,3,0.9054,0.0,0.4395847139385906,0.0,0.9610602968434956,0.0,0.8669442789066284,0.0,0.2305650562047958,-0.0,0.7463888888888888,-0.0122937037037037,0.901788,0.0,0.0
celeba,iid,20,123,10,4,0.9054,0.0,0.4395847139385906,0.0,0.9610602968434956,0.0,0.8669442789066284,0.0,0.2305650562047958,-0.0,0.7463888888888888,0.0,0.901788,0.0,0.0
celeba,iid,20,123,10,5,0.9054,0.0,0.4395847139385906,0.0,0.9610602968434956,0.0,0.8669442789066284,0.0,0.2305650562047958,-0.0,0.7463888888888888,-0.0059651851851851,0.901788,0.0,0.0
celeba,iid,20,123,10,6,0.9054,0.0,0.4395847139385906,-0.0147895454357197,0.9610602968434956,0.0,0.8669442789066284,0.0,0.2305650562047958,-0.0,0.7463888888888888,0.0,0.901788,0.0,0.0
celeba,iid,20,123,10,7,0.9054,0.0,0.4395847139385906,0.0,0.9610602968434956,0.0,0.8669442789066284,0.0,0.2305650562047958,-0.0,0.7463888888888888,0.0093388888888888,0.901788,0.0,0.0
celeba,iid,20,123,10,8,0.9054,0.0,0.4395847139385906,0.0,0.9610602968434956,0.0,0.8669442789066284,0.0,0.2305650562047958,-0.0,0.7463888888888888,-0.0055722222222222,0.901788,0.0,0.0
celeba,iid,20,123,10,9,0.9054,0.0,0.4395847139385906,0.0,0.9610602968434956,0.0,0.8669442789066284,0.0,0.2305650562047958,-0.0,0.7463888888888888,0.0,0.901788,0.0,0.0
celeba,iid,20,123,10,10,0.9054,0.0,0.4395847139385906,0.0068765093615246,0.9610602968434956,0.0,0.8669442789066284,0.0,0.2305650562047958,-0.0,0.7463888888888888,0.0,0.901788,0.0,0.0
celeba,iid,20,123,10,11,0.9054,0.0,0.4395847139385906,0.0,0.9610602968434956,0.0,0.8669442789066284,0.0,0.2305650562047958,-0.0,0.7463888888888888,0.004864074074074,0.901788,0.0,0.0
celeba,iid,20,123,10,12,0.9054,0.0,0.4395847139385906,0.0,0.9610602968434956,0.0,0.8669442789066284,0.0,0.2305650562047958,-0.0,0.7463888888888888,-0.0014244444444444,0.901788,0.0,0.0
celeba,iid,20,123,10,13,0.9054,0.0015,0.4395847139385906,0.0161863670988238,0.9610602968434956,0.0,0.8669442789066284,0.0,0.2305650562047958,-0.0,0.7463888888888888,0.0,0.901788,0.0,0.0015
celeba,iid,20,123,10,14,0.9054,0.0,0.4395847139385906,0.0289209450862122,0.9610602968434956,0.0,0.8669442789066284,0.0,0.2305650562047958,-0.0,0.7463888888888888,0.0077788888888889,0.901788,0.0150569333333333,0.0
celeba,iid,20,123,10,15,0.9054,0.0,0.4395847139385906,0.0113813623125965,0.9610602968434956,0.0,0.8669442789066284,0.0,0.2305650562047958,-0.0,0.7463888888888888,0.0,0.901788,0.0,0.0
celeba,iid,20,123,10,16,0.9054,0.0,0.4395847139385906,0.0,0.9610602968434956,0.0,0.8669442789066284,0.0,0.2305650562047958,-0.0,0.7463888888888888,0.0,0.901788,0.0,0.0
celeba,iid,20,123,10,17,0.9054,0.00324,0.4395847139385906,0.0,0.9610602968434956,0.0,0.8669442789066284,0.0,0.2305650562047958,-0.0,0.7463888888888888,0.0,0.901788,0.0,0.00324
celeba,iid,20,123,10,18,0.9054,0.0027533333333333,0.4395847139385906,0.0083465523560597,0.9610602968434956,0.0,0.8669442789066284,0.0,0.2305650562047958,-0.0,0.7463888888888888,0.0,0.901788,0.0,0.0027533333333333
celeba,iid,20,123,10,19,0.9054,0.0,0.4395847139385906,0.0,0.9610602968434956,0.0,0.8669442789066284,0.0,0.2305650562047958,-0.0,0.7463888888888888,-0.0247133333333333,0.901788,0.0,0.0
celeba,iid,20,2025,1,0,0.5246,0.0,1.0,0.0,1.0,0.0,1.0,0.0,0.6950746774673462,-0.0,0.9427333333333334,0.0,0.999822,0.0,0.0
celeba,iid,20,2025,1,1,0.5246,0.0,1.0,0.0,1.0,0.0,1.0,0.0,0.6950746774673462,-0.0,0.9427333333333334,0.0,0.999822,0.0,0.0
celeba,iid,20,2025,1,2,0.5246,0.0,1.0,0.0,1.0,0.0,1.0,0.0,0.6950746774673462,-0.0,0.9427333333333334,0.0,0.999822,0.0015483333333333,0.0
celeba,iid,20,2025,1,3,0.5246,0.0,1.0,0.0,1.0,0.0,1.0,0.0,0.6950746774673462,-0.0,0.9427333333333334,0.0,0.999822,0.0,0.0
celeba,iid,20,2025,1,4,0.5246,0.0,1.0,0.0,1.0,0.0,1.0,0.0,0.6950746774673462,-0.0253189245859781,0.9427333333333334,-0.0030392592592592,0.999822,0.0080676,0.0
celeba,iid,20,2025,1,5,0.5246,0.0075599999999999,1.0,0.0,1.0,0.0,1.0,0.0,0.6950746774673462,-0.0,0.9427333333333334,0.0,0.999822,0.0,0.0075599999999999
celeba,iid,20,2025,1,6,0.5246,0.0,1.0,0.0,1.0,0.0,1.0,0.0,0.6950746774673462,-0.0,0.9427333333333334,0.0,0.999822,0.0,0.0
celeba,iid,20,2025,1,7,0.5246,0.0,1.0,0.0,1.0,0.0,1.0,0.0,0.6950746774673462,-0.0,0.9427333333333334,0.0,0.999822,0.0,0.0
celeba,iid,20,2025,1,8,0.5246,0.0,1.0,0.0,1.0,0.0,1.0,0.0,0.6950746774673462,-0.0,0.9427333333333334,0.0,0.999822,0.0,0.0
celeba,iid,20,2025,1,9,0.5246,0.0,1.0,0.0,1.0,0.0,1.0,0.0,0.6950746774673462,-0.0,0.9427333333333334,0.0,0.999822,0.0,0.0
celeba,iid,20,2025,1,10,0.5246,0.0,1.0,0.0,1.0,0.0,1.0,0.0,0.6950746774673462,-0.0,0.9427333333333334,0.0,0.999822,0.0,0.0
celeba,iid,20,2025,1,11,0.5246,0.0,1.0,0.0,1.0,0.0,1.0,0.0,0.6950746774673462,-0.0,0.9427333333333334,0.0,0.999822,0.0,0.0
celeba,iid,20,2025,1,12,0.5246,0.0,1.0,0.0,1.0,0.0,1.0,0.0,0.6950746774673462,-0.0,0.9427333333333334,0.0,0.999822,0.0,0.0
celeba,iid,20,2025,1,13,0.5246,0.0115066666666666,1.0,0.0,1.0,0.0,1.0,0.0,0.6950746774673462,-0.0,0.9427333333333334,0.0,0.999822,0.0,0.0115066666666666
celeba,iid,20,2025,1,14,0.5246,0.0073799999999999,1.0,0.0,1.0,0.0,1.0,0.0,0.6950746774673462,-0.0,0.9427333333333334,0.0,0.999822,0.0,0.0073799999999999
celeba,iid,20,2025,1,15,0.5246,0.0,1.0,0.0377754992193855,1.0,0.0023215817928415,1.0,0.0027006491648023,0.6950746774673462,-0.0,0.9427333333333334,0.0,0.999822,0.0,0.0
celeba,iid,20,2025,1,16,0.5246,0.00096,1.0,0.0,1.0,0.0,1.0,0.0,0.6950746774673462,-0.0,0.9427333333333334,0.0,0.999822,0.0,0.00096
celeba,iid,20,2025,1,17,0.5246,0.0,1.0,0.0,1.0,0.0,1.0,0.0,0.6950746774673462,-0.0293871382872263,0.9427333333333334,0.0010407407407407,0.999822,0.0,0.0
celeba,iid,20,2025,1,18,0.5246,0.0,1.0,0.0,1.0,0.0,1.0,0.0,0.6950746774673462,-0.0,0.9427333333333334,0.0,0.999822,0.0,0.0
celeba,iid,20,2025,1,19,0.5246,0.0,1.0,0.0,1.0,0.0,1.0,0.0,0.6950746774673462,-0.0,0.9427333333333334,0.0,0.999822,0.0,0.0
celeba,iid,20,2025,2,0,0.8254,0.0,0.6745820208383814,0.0,0.898936645978319,0.0,0.8391201696461017,0.0,0.3774634003639221,-0.0,0.7876888888888889,-0.0108659259259259,0.959624,0.0,0.0
celeba,iid,20,2025,2,1,0.8254,0.0,0.6745820208383814,0.0,0.898936645978319,0.0,0.8391201696461017,0.0,0.3774634003639221,-0.0,0.7876888888888889,0.0,0.959624,0.0,0.0
celeba,iid,20,2025,2,2,0.8254,0.0,0.6745820208383814,0.0,0.898936645978319,0.0,0.8391201696461017,0.0,0.3774634003639221,-0.0,0.7876888888888889,-0.0198577777777777,0.959624,0.0,0.0
celeba,iid,20,2025,2,3,0.8254,0.0,0.6745820208383814,0.0,0.898936645978319,0.0,0.8391201696461017,0.0,0.3774634003639221,-0.0,0.7876888888888889,0.0,0.959624,-0.0014199333333333,0.0
celeba,iid,20,2025,2,4,0.8254,0.0,0.6745820208383814,-0.002575462737309,0.898936645978319,0.0,0.8391201696461017,0.0,0.3774634003639221,-0.0,0.7876888888888889,0.0,0.959624,0.0,0.0
celeba,iid,20,2025,2,5,0.8254,0.0088599999999999,0.6745820208383814,-0.0011102512699926,0.898936645978319,0.0,0.8391201696461017,0.0,0.3774634003639221,-0.0,0.7876888888888889,0.0,0.959624,0.0,0.0088599999999999
celeba,iid,20,2025,2,6,0.8254,0.0,0.6745820208383814,0.0,0.898936645978319,0.0007176202079469,0.8391201696461017,-0.003486545746819,0.3774634003639221,-0.0,0.7876888888888889,0.0,0.959624,0.0,0.0
celeba,iid,20,2025,2,7,0.8254,0.0,0.6745820208383814,0.0,0.898936645978319,0.0,0.8391201696461017,0.0,0.3774634003639221,-0.0,0.7876888888888889,0.0,0.959624,0.0,0.0
celeba,iid,20,2025,2,8,0.8254,0.0326533333333333,0.6745820208383814,0.0,0.898936645978319,0.0,0.8391201696461017,0.0,0.3774634003639221,-0.0,0.7876888888888889,-0.0003885185185184,0.959624,-0.0023562666666666,0.0326533333333333
celeba,iid,20,2025,2,9,0.8254,0.0,0.6745820208383814,0.0,0.898936645978319,0.0,0.8391201696461017,0.0,0.3774634003639221,-0.0,0.7876888888888889,0.0,0.959624,0.0,0.0
celeba,iid,20,2025,2,10,0.8254,0.0,0.6745820208383814,-0.0011781187660548,0.898936645978319,0.0,0.8391201696461017,0.0,0.3774634003639221,-0.0013577580451965,0.7876888888888889,0.0,0.959624,0.0,0.0
celeba,iid,20,2025,2,11,0.8254,0.0,0.6745820208383814,0.0,0.898936645978319,0.0,0.8391201696461017,0.0,0.3774634003639221,-0.0,0.7876888888888889,0.0,0.959624,-0.0029430666666666,0.0
celeba,iid,20,2025,2,12,0.8254,0.0212666666666666,0.6745820208383814,0.0,0.898936645978319,0.0,0.8391201696461017,0.0,0.3774634003639221,-0.0,0.7876888888888889,-0.0085766666666666,0.959624,0.0005118,0.0212666666666666
celeba,iid,20,2025,2,13,0.8254,0.0,0.6745820208383814,0.0,0.898936645978319,0.0,0.8391201696461017,0.0,0.3774634003639221,-0.0,0.7876888888888889,0.0,0.959624,0.0003389333333333,0.0
celeba,iid,20,2025,2,14,0.8254,0.0,0.6745820208383814,0.0,0.898936645978319,0.0,0.8391201696461017,0.0,0.3774634003639221,-0.0,0.7876888888888889,-0.0169348148148148,0.959624,0.0,0.0
celeba,iid,20,2025,2,15,0.8254,0.0,0.6745820208383814,0.0021982514090179,0.898936645978319,0.0,0.8391201696461017,0.0,0.3774634003639221,-0.0,0.7876888888888889,0.0,0.959624,-0.0017541333333333,0.0
celeba,iid,20,2025,2,16,0.8254,0.0405,0.6745820208383814,0.0,0.898936645978319,0.0,0.8391201696461017,0.0,0.3774634003639221,-0.0,0.7876888888888889,0.0,0.959624,0.0,0.0405
celeba,iid,20,2025,2,17,0.8254,0.0142133333333333,0.6745820208383814,0.0,0.898936645978319,0.0,0.8391201696461017,0.0,0.3774634003639221,-0.0,0.7876888888888889,0.0,0.959624,0.0,0.0142133333333333
celeba,iid,20,2025,2,18,0.8254,0.0,0.6745820208383814,0.0055706769049337,0.898936645978319,0.0,0.8391201696461017,0.0,0.3774634003639221,-0.0,0.7876888888888889,0.0,0.959624,0.0,0.0
celeba,iid,20,2025,2,19,0.8254,0.0,0.6745820208383814,-0.0053505809550304,0.898936645978319,0.0,0.8391201696461017,0.0,0.3774634003639221,-0.0,0.7876888888888889,0.0,0.959624,1.266666666666083e-05,0.0
celeba,iid,20,2025,3,0,0.9008,0.0,0.5576026637069922,0.0,0.9497784302869112,0.0,0.8782778739343691,0.0,0.2393207550048828,-0.0,0.7578666666666667,-0.0001948148148148,0.93775,0.0,0.0
celeba,iid,20,2025,3,1,0.9008,0.0,0.5576026637069922,-0.0079297299715565,0.9497784302869112,0.0,0.8782778739343691,0.0,0.2393207550048828,-0.0,0.7578666666666667,0.0011629629629629,0.93775,0.0,0.0
celeba,iid,20,2025,3,2,0.9008,0.0050333333333333,0.5576026637069922,0.0,0.9497784302869112,0.0,0.8782778739343691,0.0,0.2393207550048828,-0.0,0.7578666666666667,-0.0138937037037037,0.93775,0.0,0.0050333333333333
celeba,iid,20,2025,3,3,0.9008,0.0,0.5576026637069922,0.0,0.9497784302869112,0.0,0.8782778739343691,0.0,0.2393207550048828,-0.0,0.7578666666666667,-0.0308077777777777,0.93775,0.0,0.0
celeba,iid,20,2025,3,4,0.9008,0.0,0.5576026637069922,0.0,0.9497784302869112,0.0,0.8782778739343691,0.0,0.2393207550048828,-0.0,0.7578666666666667,-0.0001829629629629,0.93775,0.0,0.0
celeba,iid,20,2025,3,5,0.9008,0.0,0.5576026637069922,0.0057235061012328,0.9497784302869112,0.0,0.8782778739343691,0.0,0.2393207550048828,-0.0,0.7578666666666667,0.003034074074074,0.93775,0.0120847333333333,0.0
celeba,iid,20,2025,3,6,0.9008,0.0,0.5576026637069922,0.0,0.9497784302869112,0.0,0.8782778739343691,0.0,0.2393207550048828,-0.0,0.7578666666666667,0.0002048148148148,0.93775,0.0,0.0
celeba,iid,20,2025,3,7,0.9008,0.0,0.5576026637069922,-0.0018892790245162,0.9497784302869112,0.0,0.8782778739343691,0.0,0.2393207550048828,-0.0,0.7578666666666667,0.0003233333333332,0.93775,0.0,0.0
celeba,iid,20,2025,3,8,0.9008,0.0,0.5576026637069922,0.0,0.9497784302869112,0.0,0.8782778739343691,0.0,0.2393207550048828,-0.0,0.7578666666666667,-0.0167011111111111,0.93775,0.0,0.0
celeba,iid,20,2025,3,9,0.9008,0.0070533333333333,0.5576026637069922,0.0,0.9497784302869112,0.0,0.8782778739343691,0.0114828438135829,0.2393207550048828,-0.0,0.7578666666666667,-0.0197974074074074,0.93775,0.0,0.0070533333333333
celeba,iid,20,2025,3,10,0.9008,0.0,0.5576026637069922,0.0156217569759352,0.9497784302869112,0.0,0.8782778739343691,0.0,0.2393207550048828,-0.0,0.7578666666666667,0.0,0.93775,0.0,0.0
celeba,iid,20,2025,3,11,0.9008,0.0,0.5576026637069922,0.0,0.9497784302869112,0.0,0.8782778739343691,0.0,0.2393207550048828,-0.0,0.7578666666666667,-0.0092233333333332,0.93775,0.0,0.0
celeba,iid,20,2025,3,12,0.9008,0.0,0.5576026637069922,0.0,0.9497784302869112,0.0054216978898281,0.8782778739343691,0.0,0.2393207550048828,-0.0005202154318491,0.7578666666666667,0.0059422222222222,0.93775,0.0,0.0
celeba,iid,20,2025,3,13,0.9008,0.0,0.5576026637069922,0.0,0.9497784302869112,0.0,0.8782778739343691,0.0,0.2393207550048828,-0.0,0.7578666666666667,0.0172914814814814,0.93775,0.0008225333333333,0.0
celeba,iid,20,2025,3,14,0.9008,0.0033866666666666,0.5576026637069922,0.0057903880283321,0.9497784302869112,0.0,0.8782778739343691,0.0,0.2393207550048828,-0.0,0.7578666666666667,0.0,0.93775,0.0052029333333333,0.0033866666666666
celeba,iid,20,2025,3,15,0.9008,0.0,0.5576026637069922,0.0011308296487298,0.9497784302869112,0.0,0.8782778739343691,0.0,0.2393207550048828,-0.0,0.7578666666666667,0.0128714814814815,0.93775,0.0,0.0
celeba,iid,20,2025,3,16,0.9008,0.0,0.5576026637069922,0.0,0.9497784302869112,0.0,0.8782778739343691,0.0,0.2393207550048828,-0.0,0.7578666666666667,0.0005637037037036,0.93775,0.0,0.0
celeba,iid,20,2025,3,17,0.9008,0.0,0.5576026637069922,0.0,0.9497784302869112,0.0,0.8782778739343691,0.0,0.2393207550048828,-0.0,0.7578666666666667,0.0058555555555555,0.93775,0.0,0.0
celeba,iid,20,2025,3,18,0.9008,0.0053,0.5576026637069922,0.0,0.9497784302869112,0.0,0.8782778739343691,0.0,0.2393207550048828,-0.0,0.7578666666666667,0.0012966666666666,0.93775,0.0,0.0053
celeba,iid,20,2025,3,19,0.9008,0.0,0.5576026637069922,0.0,0.9497784302869112,0.0,0.8782778739343691,0.0,0.2393207550048828,-0.0,0.7578666666666667,0.0046596296296296,0.93775,0.005489,0.0
celeba,iid,20,2025,4,0,0.8998,-0.0003333333333333,0.5252278284063125,-0.0202592927709941,0.9680234967517872,0.0,0.8831464052473823,0.0,0.2371642142534256,-0.0,0.8229555555555557,-0.0013792592592592,0.895392,0.0,-0.0003333333333333
celeba,iid,20,2025,4,1,0.8998,0.0,0.5252278284063125,-0.000405770997747,0.9680234967517872,0.0,0.8831464052473823,0.0,0.2371642142534256,-0.0,0.8229555555555557,0.0,0.895392,0.0061892666666666,0.0
celeba,iid,20,2025,4,2,0.8998,0.0,0.5252278284063125,0.0,0.9680234967517872,0.0016698711823539,0.8831464052473823,0.0,0.2371642142534256,-0.0,0.8229555555555557,-0.0067903703703703,0.895392,0.0,0.0
celeba,iid,20,2025,4,3,0.8998,0.0,0.5252278284063125,0.0,0.9680234967517872,0.0,0.8831464052473823,0.0,0.2371642142534256,-0.0,0.8229555555555557,0.0,0.895392,0.0,0.0
celeba,iid,20,2025,4,4,0.8998,0.0,0.5252278284063125,0.0,0.9680234967517872,0.0059483394049922,0.8831464052473823,0.0,0.2371642142534256,-0.0,0.8229555555555557,0.0,0.895392,0.0,0.0
celeba,iid,20,2025,4,5,0.8998,-0.00166,0.5252278284063125,0.0239267110334225,0.9680234967517872,0.0,0.8831464052473823,0.0,0.2371642142534256,-0.0017579764127731,0.8229555555555557,-0.00802,0.895392,0.017323,-0.00166
celeba,iid,20,2025,4,6,0.8998,0.0,0.5252278284063125,0.0,0.9680234967517872,0.0063466691282218,0.8831464052473823,0.0,0.2371642142534256,-0.0,0.8229555555555557,0.0,0.895392,0.0,0.0
celeba,iid,20,2025,4,7,0.8998,0.0,0.5252278284063125,-0.0058841380167114,0.9680234967517872,0.0,0.8831464052473823,0.0,0.2371642142534256,-0.0,0.8229555555555557,-1.4074074074107064e-05,0.895392,0.0,0.0
celeba,iid,20,2025,4,8,0.8998,0.0,0.5252278284063125,0.0,0.9680234967517872,0.005253637885651,0.8831464052473823,0.0,0.2371642142534256,-0.0,0.8229555555555557,0.0055392592592592,0.895392,0.0,0.0
celeba,iid,20,2025,4,9,0.8998,0.0,0.5252278284063125,0.0,0.9680234967517872,0.0,0.8831464052473823,0.0059188080272821,0.2371642142534256,-0.0,0.8229555555555557,0.0,0.895392,0.0,0.0
celeba,iid,20,2025,4,10,0.8998,0.0002933333333333,0.5252278284063125,-0.0051900519390001,0.9680234967517872,0.0,0.8831464052473823,0.0,0.2371642142534256,-0.0,0.8229555555555557,0.0,0.895392,0.0,0.0002933333333333
celeba,iid,20,2025,4,11,0.8998,0.0,0.5252278284063125,0.0196572364667602,0.9680234967517872,0.0,0.8831464052473823,0.0,0.2371642142534256,-0.0,0.8229555555555557,-0.0010562962962963,0.895392,0.0,0.0
celeba,iid,20,2025,4,12,0.8998,-0.0021266666666666,0.5252278284063125,0.0,0.9680234967517872,0.0,0.8831464052473823,0.0,0.2371642142534256,-0.0,0.8229555555555557,0.0,0.895392,0.0,-0.0021266666666666
celeba,iid,20,2025,4,13,0.8998,0.0,0.5252278284063125,-0.0051782551191495,0.9680234967517872,0.0,0.8831464052473823,0.0,0.2371642142534256,-0.0,0.8229555555555557,0.0,0.895392,0.0,0.0
celeba,iid,20,2025,4,14,0.8998,0.0,0.5252278284063125,0.0048242611157497,0.9680234967517872,0.0,0.8831464052473823,0.0,0.2371642142534256,-0.0,0.8229555555555557,0.0004714814814814,0.895392,0.0,0.0
celeba,iid,20,2025,4,15,0.8998,0.0,0.5252278284063125,0.0047434239679792,0.9680234967517872,-0.0005870589213513,0.8831464052473823,0.0,0.2371642142534256,-0.0,0.8229555555555557,0.0,0.895392,0.0,0.0
celeba,iid,20,2025,4,16,0.8998,0.0,0.5252278284063125,0.0,0.9680234967517872,0.0,0.8831464052473823,0.0,0.2371642142534256,-0.0,0.8229555555555557,0.0,0.895392,0.0,0.0
celeba,iid,20,2025,4,17,0.8998,0.0017599999999999,0.5252278284063125,0.0,0.9680234967517872,0.0,0.8831464052473823,0.0,0.2371642142534256,-0.0,0.8229555555555557,0.0049329629629629,0.895392,0.0,0.0017599999999999
celeba,iid,20,2025,4,18,0.8998,0.0,0.5252278284063125,0.0102456350399989,0.9680234967517872,0.0021875425142245,0.8831464052473823,0.0,0.2371642142534256,-0.0,0.8229555555555557,0.0003988888888888,0.895392,0.0,0.0
celeba,iid,20,2025,4,19,0.8998,0.0,0.5252278284063125,0.0083321517723384,0.9680234967517872,-0.0009099414688302,0.8831464052473823,0.0,0.2371642142534256,-0.0,0.8229555555555557,-0.0087185185185185,0.895392,0.0,0.0
celeba,iid,20,2025,5,0,0.9098,0.0,0.5335238513959112,0.0,0.964833715654067,-0.0014603199151,0.8759227880312965,0.0,0.220551386475563,-0.0,0.7307000000000001,-0.0182351851851851,0.896434,0.0,0.0
celeba,iid,20,2025,5,1,0.9098,0.0008599999999999,0.5335238513959112,0.0,0.964833715654067,0.0029640116735688,0.8759227880312965,0.0,0.220551386475563,-0.0,0.7307000000000001,0.0,0.896434,0.0,0.0008599999999999
celeba,iid,20,2025,5,2,0.9098,0.00442,0.5335238513959112,0.0,0.964833715654067,0.0054323585439929,0.8759227880312965,0.0,0.220551386475563,-0.0,0.7307000000000001,-0.0251507407407407,0.896434,0.0,0.00442
celeba,iid,20,2025,5,3,0.9098,0.0,0.5335238513959112,-0.0129764448261839,0.964833715654067,0.0,0.8759227880312965,0.0,0.220551386475563,-0.0,0.7307000000000001,0.0111492592592593,0.896434,0.0,0.0
celeba,iid,20,2025,5,4,0.9098,-0.0004666666666666,0.5335238513959112,0.0,0.964833715654067,-0.0018800752849234,0.8759227880312965,0.0,0.220551386475563,-0.0,0.7307000000000001,0.0067444444444444,0.896434,0.0,-0.0004666666666666
celeba,iid,20,2025,5,5,0.9098,-0.00188,0.5335238513959112,0.005209983067785,0.964833715654067,0.0,0.8759227880312965,0.0,0.220551386475563,-0.0,0.7307000000000001,-0.012944074074074,0.896434,0.0020731999999999,-0.00188
celeba,iid,20,2025,5,6,0.9098,0.0002199999999999,0.5335238513959112,-0.011852736952669,0.964833715654067,0.0,0.8759227880312965,0.0,0.220551386475563,-0.0,0.7307000000000001,0.0,0.896434,0.0,0.0002199999999999
celeba,iid,20,2025,5,7,0.9098,0.0,0.5335238513959112,0.0,0.964833715654067,0.0,0.8759227880312965,0.0,0.220551386475563,-0.0,0.7307000000000001,-0.0082211111111111,0.896434,0.0,0.0
celeba,iid,20,2025,5,8,0.9098,0.0,0.5335238513959112,0.0,0.964833715654067,0.0060176225259851,0.8759227880312965,0.0059863114282449,0.220551386475563,-0.0,0.7307000000000001,-0.0132525925925925,0.896434,0.0,0.0
celeba,iid,20,2025,5,9,0.9098,0.00258,0.5335238513959112,0.0,0.964833715654067,0.0,0.8759227880312965,0.0050490043794237,0.220551386475563,-0.0,0.7307000000000001,0.0115911111111111,0.896434,0.0,0.00258
celeba,iid,20,2025,5,10,0.9098,0.0013466666666666,0.5335238513959112,0.0098057165727999,0.964833715654067,0.0,0.8759227880312965,0.0,0.220551386475563,-0.0,0.7307000000000001,0.0122018518518518,0.896434,0.0,0.0013466666666666
celeba,iid,20,2025,5,11,0.9098,0.0,0.5335238513959112,0.0161970504967396,0.964833715654067,0.0,0.8759227880312965,0.0,0.220551386475563,-0.0,0.7307000000000001,-0.015584074074074,0.896434,0.0,0.0
celeba,iid,20,2025,5,12,0.9098,-0.0013533333333333,0.5335238513959112,0.0,0.964833715654067,0.0,0.8759227880312965,0.0,0.220551386475563,-0.0,0.7307000000000001,0.0077566666666666,0.896434,0.0,-0.0013533333333333
celeba,iid,20,2025,5,13,0.9098,0.0023333333333333,0.5335238513959112,0.0001274099206505,0.964833715654067,0.0038810008463686,0.8759227880312965,0.0,0.220551386475563,-0.0,0.7307000000000001,-0.001804074074074,0.896434,0.0110289333333333,0.0023333333333333
celeba,iid,20,2025,5,14,0.9098,-5.333333333333486e-05,0.5335238513959112,0.0152679519803276,0.964833715654067,0.0,0.8759227880312965,0.0,0.220551386475563,-0.0,0.7307000000000001,-0.01017,0.896434,0.0,-5.333333333333486e-05
celeba,iid,20,2025,5,15,0.9098,0.0009799999999999,0.5335238513959112,0.0068047900693728,0.964833715654067,0.0,0.8759227880312965,0.0,0.220551386475563,-0.0,0.7307000000000001,0.0180088888888889,0.896434,0.0079453333333333,0.0009799999999999
celeba,iid,20,2025,5,16,0.9098,0.0030866666666666,0.5335238513959112,0.0,0.964833715654067,0.0,0.8759227880312965,0.0,0.220551386475563,-0.0,0.7307000000000001,-0.0018955555555555,0.896434,0.0,0.0030866666666666
celeba,iid,20,2025,5,17,0.9098,0.0,0.5335238513959112,0.0,0.964833715654067,0.0,0.8759227880312965,0.0,0.220551386475563,-0.0,0.7307000000000001,-0.0023414814814814,0.896434,0.0,0.0
celeba,iid,20,2025,5,18,0.9098,1.3333333333335566e-05,0.5335238513959112,0.0,0.964833715654067,0.0017929498552859,0.8759227880312965,0.0,0.220551386475563,-0.0,0.7307000000000001,0.0241988888888888,0.896434,0.0,1.3333333333335566e-05
celeba,iid,20,2025,5,19,0.9098,0.0,0.5335238513959112,0.0,0.964833715654067,0.0,0.8759227880312965,0.0,0.220551386475563,-0.001925112803777,0.7307000000000001,-0.000637037037037,0.896434,0.0,0.0
celeba,iid,20,2025,6,0,0.9128,0.0033466666666666,0.5289219982471516,0.0,0.9695854677715902,0.0,0.8748306478541469,0.0,0.2189471870660781,-0.0,0.8136222222222222,0.0,0.915332,0.0079476666666666,0.0033466666666666
celeba,iid,20,2025,6,1,0.9128,0.0,0.5289219982471516,0.0,0.9695854677715902,0.0014490171173764,0.8748306478541469,0.0,0.2189471870660781,-0.0,0.8136222222222222,-0.0026929629629629,0.915332,0.0,0.0
celeba,iid,20,2025,6,2,0.9128,0.0,0.5289219982471516,0.0019613070771381,0.9695854677715902,0.0,0.8748306478541469,0.0,0.2189471870660781,-0.0,0.8136222222222222,0.0007237037037036,0.915332,0.0,0.0
celeba,iid,20,2025,6,3,0.9128,0.0,0.5289219982471516,0.0,0.9695854677715902,0.0,0.8748306478541469,0.0,0.2189471870660781,-0.0,0.8136222222222222,0.0,0.915332,0.0,0.0
celeba,iid,20,2025,6,4,0.9128,0.0,0.5289219982471516,0.0,0.9695854677715902,0.0,0.8748306478541469,0.0,0.2189471870660781,-0.0,0.8136222222222222,0.0,0.915332,0.0,0.0
celeba,iid,20,2025,6,5,0.9128,-0.0034333333333333,0.5289219982471516,0.0,0.9695854677715902,0.0,0.8748306478541469,0.0,0.2189471870660781,-0.0050108099977175,0.8136222222222222,-0.0075788888888889,0.915332,0.0,-0.0034333333333333
celeba,iid,20,2025,6,6,0.9128,0.0,0.5289219982471516,0.0,0.9695854677715902,0.0,0.8748306478541469,0.0,0.2189471870660781,-0.0,0.8136222222222222,0.0,0.915332,0.0,0.0
celeba,iid,20,2025,6,7,0.9128,-0.0003533333333333,0.5289219982471516,0.0,0.9695854677715902,0.0,0.8748306478541469,0.0,0.2189471870660781,-0.0,0.8136222222222222,0.0,0.915332,0.0,-0.0003533333333333
celeba,iid,20,2025,6,8,0.9128,0.0,0.5289219982471516,0.0,0.9695854677715902,0.0,0.8748306478541469,0.0,0.2189471870660781,-0.0,0.8136222222222222,-0.0019581481481481,0.915332,0.0,0.0
celeba,iid,20,2025,6,9,0.9128,0.0031999999999999,0.5289219982471516,0.002255069169919,0.9695854677715902,0.0,0.8748306478541469,0.0060479466296255,0.2189471870660781,-0.0,0.8136222222222222,0.0034177777777777,0.915332,0.0,0.0031999999999999
celeba,iid,20,2025,6,10,0.9128,0.0,0.5289219982471516,0.0,0.9695854677715902,0.0,0.8748306478541469,0.0,0.2189471870660781,-0.0,0.8136222222222222,-0.0048933333333333,0.915332,0.0,0.0
celeba,iid,20,2025,6,11,0.9128,0.0,0.5289219982471516,0.0168357064693502,0.9695854677715902,0.0,0.8748306478541469,0.0,0.2189471870660781,-0.0,0.8136222222222222,0.0150744444444444,0.915332,0.0108344666666666,0.0
celeba,iid,20,2025,6,12,0.9128,0.0,0.5289219982471516,0.0,0.9695854677715902,0.0027883890250195,0.8748306478541469,0.0,0.2189471870660781,-0.0,0.8136222222222222,-0.0027122222222222,0.915332,0.0,0.0
celeba,iid,20,2025,6,13,0.9128,0.0,0.5289219982471516,0.0088859909519686,0.9695854677715902,0.0,0.8748306478541469,0.0,0.2189471870660781,-0.0,0.8136222222222222,-0.003967037037037,0.915332,0.0084581333333333,0.0
celeba,iid,20,2025,6,14,0.9128,0.0,0.5289219982471516,0.0093042611407274,0.9695854677715902,0.0,0.8748306478541469,0.0,0.2189471870660781,-0.0,0.8136222222222222,-0.0122707407407407,0.915332,0.0,0.0
celeba,iid,20,2025,6,15,0.9128,0.0,0.5289219982471516,0.005409880011323,0.9695854677715902,0.0,0.8748306478541469,0.0,0.2189471870660781,-0.0,0.8136222222222222,0.013937037037037,0.915332,0.0,0.0
celeba,iid,20,2025,6,16,0.9128,0.0,0.5289219982471516,0.0128085902129706,0.9695854677715902,0.0016784944451459,0.8748306478541469,0.0,0.2189471870660781,-0.0,0.8136222222222222,-0.011084074074074,0.915332,0.0,0.0
celeba,iid,20,2025,6,17,0.9128,0.0037066666666666,0.5289219982471516,0.0,0.9695854677715902,0.0,0.8748306478541469,0.0,0.2189471870660781,-0.0,0.8136222222222222,0.0,0.915332,-0.0068137999999999,0.0037066666666666
celeba,iid,20,2025,6,18,0.9128,0.0,0.5289219982471516,0.0073564653340714,0.9695854677715902,0.0,0.8748306478541469,0.0,0.2189471870660781,-0.0,0.8136222222222222,0.0124825925925925,0.915332,0.0088957999999999,0.0
celeba,iid,20,2025,6,19,0.9128,0.0,0.5289219982471516,0.0,0.9695854677715902,0.0,0.8748306478541469,0.0,0.2189471870660781,-0.0,0.8136222222222222,0.0235837037037036,0.915332,0.0,0.0
celeba,iid,20,2025,7,0,0.9122,0.0,0.5268581451436088,0.0,0.9714841028804184,0.0,0.8767416065776676,0.0,0.2202845513820648,-0.0,0.8107111111111109,0.0,0.920974,0.0,0.0
celeba,iid,20,2025,7,1,0.9122,0.0,0.5268581451436088,0.0,0.9714841028804184,0.0,0.8767416065776676,0.0,0.2202845513820648,-0.0,0.8107111111111109,0.0,0.920974,0.0,0.0
celeba,iid,20,2025,7,2,0.9122,0.0,0.5268581451436088,-0.0120985032754511,0.9714841028804184,0.0013261051156855,0.8767416065776676,0.0,0.2202845513820648,-0.0,0.8107111111111109,0.0006155555555555,0.920974,0.0,0.0
celeba,iid,20,2025,7,3,0.9122,0.0,0.5268581451436088,0.0,0.9714841028804184,0.0,0.8767416065776676,0.0,0.2202845513820648,-0.0,0.8107111111111109,0.0,0.920974,0.0,0.0
celeba,iid,20,2025,7,4,0.9122,0.0,0.5268581451436088,0.0,0.9714841028804184,0.0,0.8767416065776676,0.0,0.2202845513820648,-0.0,0.8107111111111109,0.0,0.920974,0.0,0.0
celeba,iid,20,2025,7,5,0.9122,0.0,0.5268581451436088,0.0262720549199668,0.9714841028804184,0.0,0.8767416065776676,0.0,0.2202845513820648,-0.0060088430841763,0.8107111111111109,0.0,0.920974,-0.0001721333333333,0.0
celeba,iid,20,2025,7,6,0.9122,0.0,0.5268581451436088,0.0,0.9714841028804184,0.0023743293610932,0.8767416065776676,0.0,0.2202845513820648,-0.0,0.8107111111111109,0.0,0.920974,0.0,0.0
celeba,iid,20,2025,7,7,0.9122,0.0,0.5268581451436088,0.0,0.9714841028804184,0.0027487109427388,0.8767416065776676,0.0,0.2202845513820648,-0.0,0.8107111111111109,0.0,0.920974,0.0,0.0
celeba,iid,20,2025,7,8,0.9122,0.0,0.5268581451436088,0.0,0.9714841028804184,0.0,0.8767416065776676,0.0,0.2202845513820648,-0.0,0.8107111111111109,0.0069199999999999,0.920974,0.0,0.0
celeba,iid,20,2025,7,9,0.9122,0.0,0.5268581451436088,-0.0064410487719178,0.9714841028804184,0.0034094670273161,0.8767416065776676,0.0054243289659189,0.2202845513820648,-0.0,0.8107111111111109,0.0,0.920974,0.0,0.0
celeba,iid,20,2025,7,10,0.9122,0.0,0.5268581451436088,0.0189088949871613,0.9714841028804184,0.0,0.8767416065776676,0.0,0.2202845513820648,-0.0,0.8107111111111109,0.00522,0.920974,0.0167849333333333,0.0
celeba,iid,20,2025,7,11,0.9122,0.0,0.5268581451436088,0.0096917719586957,0.9714841028804184,0.0,0.8767416065776676,0.0,0.2202845513820648,-0.0,0.8107111111111109,0.0176051851851851,0.920974,0.0,0.0
celeba,iid,20,2025,7,12,0.9122,0.0,0.5268581451436088,0.0,0.9714841028804184,0.0,0.8767416065776676,0.0,0.2202845513820648,-0.0,0.8107111111111109,0.0,0.920974,0.0,0.0
celeba,iid,20,2025,7,13,0.9122,0.0,0.5268581451436088,0.0116988782864244,0.9714841028804184,0.0,0.8767416065776676,0.0,0.2202845513820648,-0.0,0.8107111111111109,0.0,0.920974,0.0,0.0
celeba,iid,20,2025,7,14,0.9122,0.0,0.5268581451436088,0.0134760300519729,0.9714841028804184,0.0,0.8767416065776676,0.0,0.2202845513820648,-0.0,0.8107111111111109,0.0,0.920974,0.0100306666666666,0.0
celeba,iid,20,2025,7,15,0.9122,0.0,0.5268581451436088,0.0067236307228213,0.9714841028804184,0.0,0.8767416065776676,0.0,0.2202845513820648,-0.0,0.8107111111111109,0.0,0.920974,0.0,0.0
celeba,iid,20,2025,7,16,0.9122,0.0,0.5268581451436088,0.0,0.9714841028804184,0.0,0.8767416065776676,0.0,0.2202845513820648,-0.0,0.8107111111111109,0.0,0.920974,0.0,0.0
celeba,iid,20,2025,7,17,0.9122,0.0,0.5268581451436088,0.0,0.9714841028804184,0.0,0.8767416065776676,0.0,0.2202845513820648,-0.0,0.8107111111111109,0.0,0.920974,0.0,0.0
celeba,iid,20,2025,7,18,0.9122,0.0,0.5268581451436088,0.0145610825320811,0.9714841028804184,0.0,0.8767416065776676,0.0,0.2202845513820648,-0.0,0.8107111111111109,0.0,0.920974,0.008332,0.0
celeba,iid,20,2025,7,19,0.9122,0.0,0.5268581451436088,0.0017135876153271,0.9714841028804184,0.0,0.8767416065776676,0.0,0.2202845513820648,-0.0,0.8107111111111109,0.0,0.920974,0.0,0.0
celeba,iid,20,2025,8,0,0.914,0.0005333333333333,0.5111597374179431,0.0042773455837325,0.9591051031429696,0.002946903492065,0.8642600279479147,0.001285446859577,0.2159202098846435,-0.0,0.7639333333333334,0.0,0.905422,0.0,0.0005333333333333
celeba,iid,20,2025,8,1,0.914,0.0,0.5111597374179431,0.0178759837263765,0.9591051031429696,0.0,0.8642600279479147,0.0,0.2159202098846435,-0.0,0.7639333333333334,0.0,0.905422,0.0095250666666666,0.0
celeba,iid,20,2025,8,2,0.914,0.0,0.5111597374179431,0.0,0.9591051031429696,0.0,0.8642600279479147,0.0,0.2159202098846435,-0.0,0.7639333333333334,0.0,0.905422,0.0,0.0
celeba,iid,20,2025,8,3,0.914,-0.0012999999999999,0.5111597374179431,0.0,0.9591051031429696,0.0,0.8642600279479147,0.0,0.2159202098846435,-0.0,0.7639333333333334,0.0,0.905422,0.0,-0.0012999999999999
celeba,iid,20,2025,8,4,0.914,0.0,0.5111597374179431,0.0,0.9591051031429696,0.0,0.8642600279479147,0.0,0.2159202098846435,-0.0,0.7639333333333334,0.0,0.905422,0.0,0.0
celeba,iid,20,2025,8,5,0.914,-0.0041133333333333,0.5111597374179431,-0.0015953885978654,0.9591051031429696,0.0,0.8642600279479147,0.0,0.2159202098846435,-0.0056663249929746,0.7639333333333334,0.0,0.905422,0.0,-0.0041133333333333
celeba,iid,20,2025,8,6,0.914,-0.00424,0.5111597374179431,0.0,0.9591051031429696,0.0,0.8642600279479147,0.0,0.2159202098846435,-0.0,0.7639333333333334,0.0047211111111111,0.905422,0.0,-0.00424
celeba,iid,20,2025,8,7,0.914,-0.0006933333333333,0.5111597374179431,0.0,0.9591051031429696,0.0,0.8642600279479147,0.0,0.2159202098846435,-0.0,0.7639333333333334,0.0,0.905422,0.0,-0.0006933333333333
celeba,iid,20,2025,8,8,0.914,0.0,0.5111597374179431,0.0,0.9591051031429696,-0.0003043311470852,0.8642600279479147,0.0005295954594218,0.2159202098846435,-0.0,0.7639333333333334,0.0,0.905422,0.0,0.0
celeba,iid,20,2025,8,9,0.914,0.0,0.5111597374179431,-0.0022700067494858,0.9591051031429696,0.0,0.8642600279479147,0.0,0.2159202098846435,-0.0,0.7639333333333334,0.0,0.905422,0.0012041999999999,0.0
celeba,iid,20,2025,8,10,0.914,0.0021066666666666,0.5111597374179431,0.0206298318926348,0.9591051031429696,0.0,0.8642600279479147,0.0,0.2159202098846435,-0.0,0.7639333333333334,0.0,0.905422,0.0,0.0021066666666666
celeba,iid,20,2025,8,11,0.914,0.0,0.5111597374179431,0.0,0.9591051031429696,0.0,0.8642600279479147,0.0,0.2159202098846435,-0.0,0.7639333333333334,0.0,0.905422,0.0,0.0
celeba,iid,20,2025,8,12,0.914,0.0,0.5111597374179431,0.0,0.9591051031429696,0.0,0.8642600279479147,0.0,0.2159202098846435,-0.0,0.7639333333333334,0.0,0.905422,0.0,0.0
celeba,iid,20,2025,8,13,0.914,0.0,0.5111597374179431,0.0023164570399189,0.9591051031429696,0.0,0.8642600279479147,0.0,0.2159202098846435,-0.0,0.7639333333333334,0.0,0.905422,0.0,0.0
celeba,iid,20,2025,8,14,0.914,0.0,0.5111597374179431,0.0,0.9591051031429696,0.0,0.8642600279479147,0.0,0.2159202098846435,-0.0,0.7639333333333334,0.0,0.905422,0.0,0.0
celeba,iid,20,2025,8,15,0.914,0.0007533333333333,0.5111597374179431,0.0005921902363896,0.9591051031429696,0.0,0.8642600279479147,0.0,0.2159202098846435,-0.0,0.7639333333333334,0.0,0.905422,0.0093499999999999,0.0007533333333333
celeba,iid,20,2025,8,16,0.914,0.0,0.5111597374179431,0.0240214488745084,0.9591051031429696,0.0,0.8642600279479147,0.0,0.2159202098846435,-0.0,0.7639333333333334,0.0,0.905422,0.0250314,0.0
celeba,iid,20,2025,8,17,0.914,0.0,0.5111597374179431,0.0,0.9591051031429696,0.0,0.8642600279479147,0.0,0.2159202098846435,-0.0,0.7639333333333334,0.0,0.905422,0.0,0.0
celeba,iid,20,2025,8,18,0.914,-0.0009533333333333,0.5111597374179431,0.0,0.9591051031429696,0.0,0.8642600279479147,0.0,0.2159202098846435,-0.0,0.7639333333333334,0.0,0.905422,0.0,-0.0009533333333333
celeba,iid,20,2025,8,19,0.914,0.0032066666666666,0.5111597374179431,0.0,0.9591051031429696,0.0,0.8642600279479147,0.0,0.2159202098846435,-0.0,0.7639333333333334,0.0,0.905422,0.0,0.0032066666666666
celeba,iid,20,2025,9,0,0.917,0.0037866666666666,0.5038167938931297,0.0,0.9663145906668436,0.0,0.870066925315069,0.0,0.2206111401319503,-0.0,0.7549777777777777,0.0093059259259259,0.916656,0.0,0.0037866666666666
celeba,iid,20,2025,9,1,0.917,0.0,0.5038167938931297,-0.004560600422089,0.9663145906668436,0.0,0.870066925315069,0.0,0.2206111401319503,-0.0,0.7549777777777777,0.0,0.916656,0.0,0.0
celeba,iid,20,2025,9,2,0.917,0.0,0.5038167938931297,0.0,0.9663145906668436,0.0,0.870066925315069,0.0,0.2206111401319503,-0.0,0.7549777777777777,0.0310311111111111,0.916656,0.0106444,0.0
celeba,iid,20,2025,9,3,0.917,0.0013599999999999,0.5038167938931297,0.0,0.9663145906668436,0.0,0.870066925315069,0.0,0.2206111401319503,-0.0,0.7549777777777777,0.0028622222222222,0.916656,0.0,0.0013599999999999
celeba,iid,20,2025,9,4,0.917,0.0,0.5038167938931297,0.0,0.9663145906668436,0.0,0.870066925315069,0.0,0.2206111401319503,-0.0,0.7549777777777777,0.0,0.916656,0.0,0.0
celeba,iid,20,2025,9,5,0.917,0.0,0.5038167938931297,0.0,0.9663145906668436,0.0,0.870066925315069,0.0,0.2206111401319503,-0.0,0.7549777777777777,0.0,0.916656,0.0,0.0
celeba,iid,20,2025,9,6,0.917,0.0,0.5038167938931297,0.0,0.9663145906668436,0.0053502567392222,0.870066925315069,0.0064315303658584,0.2206111401319503,-0.0297207444906234,0.7549777777777777,0.0,0.916656,0.0,0.0
celeba,iid,20,2025,9,7,0.917,-2.666666666666743e-05,0.5038167938931297,0.0,0.9663145906668436,0.0,0.870066925315069,0.0,0.2206111401319503,-0.0,0.7549777777777777,-0.0097003703703703,0.916656,0.0,-2.666666666666743e-05
celeba,iid,20,2025,9,8,0.917,0.0,0.5038167938931297,0.0,0.9663145906668436,0.0,0.870066925315069,0.0,0.2206111401319503,-0.0,0.7549777777777777,0.0,0.916656,0.0,0.0
celeba,iid,20,2025,9,9,0.917,0.0,0.5038167938931297,0.014487519859818,0.9663145906668436,0.0,0.870066925315069,0.0,0.2206111401319503,-0.0,0.7549777777777777,0.0,0.916656,0.0,0.0
celeba,iid,20,2025,9,10,0.917,0.0043199999999999,0.5038167938931297,0.0359096199059946,0.9663145906668436,0.0,0.870066925315069,0.0,0.2206111401319503,-0.0,0.7549777777777777,-0.0063914814814814,0.916656,0.0126398666666666,0.0043199999999999
celeba,iid,20,2025,9,11,0.917,0.0,0.5038167938931297,0.0,0.9663145906668436,0.0,0.870066925315069,0.0,0.2206111401319503,-0.0,0.7549777777777777,-0.0174937037037036,0.916656,0.0,0.0
celeba,iid,20,2025,9,12,0.917,0.0084999999999999,0.5038167938931297,0.0,0.9663145906668436,0.0,0.870066925315069,0.0,0.2206111401319503,-0.0,0.7549777777777777,0.0,0.916656,0.0,0.0084999999999999
celeba,iid,20,2025,9,13,0.917,0.0,0.5038167938931297,0.0,0.9663145906668436,0.0,0.870066925315069,0.0,0.2206111401319503,-0.0,0.7549777777777777,0.0,0.916656,0.0,0.0
celeba,iid,20,2025,9,14,0.917,0.0,0.5038167938931297,0.0,0.9663145906668436,0.0,0.870066925315069,0.0,0.2206111401319503,-0.0,0.7549777777777777,-0.0107203703703703,0.916656,0.0155829333333333,0.0
celeba,iid,20,2025,9,15,0.917,2.666666666667113e-05,0.5038167938931297,-0.000792585584815,0.9663145906668436,0.0,0.870066925315069,0.0,0.2206111401319503,-0.0,0.7549777777777777,0.0026118518518518,0.916656,0.0069782666666666,2.666666666667113e-05
celeba,iid,20,2025,9,16,0.917,0.0,0.5038167938931297,0.0,0.9663145906668436,0.0,0.870066925315069,0.0,0.2206111401319503,-0.0,0.7549777777777777,0.0183466666666666,0.916656,0.0,0.0
celeba,iid,20,2025,9,17,0.917,0.0019066666666666,0.5038167938931297,0.0,0.9663145906668436,0.0,0.870066925315069,0.0,0.2206111401319503,-0.0,0.7549777777777777,0.0,0.916656,0.0,0.0019066666666666
celeba,iid,20,2025,9,18,0.917,0.0,0.5038167938931297,0.0,0.9663145906668436,0.0,0.870066925315069,0.0,0.2206111401319503,-0.0,0.7549777777777777,0.0,0.916656,0.0,0.0
celeba,iid,20,2025,9,19,0.917,0.0,0.5038167938931297,0.0,0.9663145906668436,0.0,0.870066925315069,0.0,0.2206111401319503,-0.0,0.7549777777777777,0.0,0.916656,0.0,0.0
celeba,iid,20,2025,10,0,0.9186,0.0,0.5107772697583279,0.0,0.9475251436409968,0.0,0.852470842280973,0.0,0.2104042023420334,-0.0,0.7526000000000002,0.0,0.916354,0.0,0.0
celeba,iid,20,2025,10,1,0.9186,0.0,0.5107772697583279,0.0115517711928433,0.9475251436409968,0.0,0.852470842280973,0.0,0.2104042023420334,-0.0,0.7526000000000002,0.0,0.916354,0.0,0.0
celeba,iid,20,2025,10,2,0.9186,0.0,0.5107772697583279,0.0,0.9475251436409968,0.0,0.852470842280973,0.0,0.2104042023420334,-0.0,0.7526000000000002,0.0,0.916354,0.0,0.0
celeba,iid,20,2025,10,3,0.9186,-0.0016199999999999,0.5107772697583279,-0.0110943320425178,0.9475251436409968,0.0,0.852470842280973,0.0,0.2104042023420334,-0.0,0.7526000000000002,0.0186585185185184,0.916354,0.0,-0.0016199999999999
celeba,iid,20,2025,10,4,0.9186,-0.0094866666666666,0.5107772697583279,0.0,0.9475251436409968,0.001313308253317,0.852470842280973,0.0031271335340748,0.2104042023420334,-0.0,0.7526000000000002,0.0095355555555555,0.916354,0.0,-0.0094866666666666
celeba,iid,20,2025,10,5,0.9186,-0.0068133333333333,0.5107772697583279,0.0067684627540358,0.9475251436409968,0.0,0.852470842280973,0.0,0.2104042023420334,-0.0,0.7526000000000002,-0.0064518518518518,0.916354,0.0,-0.0068133333333333
celeba,iid,20,2025,10,6,0.9186,0.0018466666666666,0.5107772697583279,0.0,0.9475251436409968,0.0,0.852470842280973,0.0,0.2104042023420334,-0.0,0.7526000000000002,0.0,0.916354,0.0,0.0018466666666666
celeba,iid,20,2025,10,7,0.9186,-0.002,0.5107772697583279,0.0,0.9475251436409968,0.0,0.852470842280973,0.0,0.2104042023420334,-0.0,0.7526000000000002,0.0,0.916354,0.0,-0.002
celeba,iid,20,2025,10,8,0.9186,0.0007066666666666,0.5107772697583279,-0.012501851157253,0.9475251436409968,0.0,0.852470842280973,0.0,0.2104042023420334,-0.0,0.7526000000000002,-0.0074722222222222,0.916354,0.0,0.0007066666666666
celeba,iid,20,2025,10,9,0.9186,0.0,0.5107772697583279,-0.0068250233332369,0.9475251436409968,0.0,0.852470842280973,0.0,0.2104042023420334,-0.0,0.7526000000000002,-0.0021674074074074,0.916354,0.0,0.0
celeba,iid,20,2025,10,10,0.9186,0.0042533333333333,0.5107772697583279,0.018075167541622,0.9475251436409968,0.0,0.852470842280973,0.0,0.2104042023420334,-0.0,0.7526000000000002,0.0093559259259259,0.916354,0.0,0.0042533333333333
celeba,iid,20,2025,10,11,0.9186,0.0084666666666666,0.5107772697583279,0.0277251659041267,0.9475251436409968,0.0,0.852470842280973,0.0,0.2104042023420334,-0.0,0.7526000000000002,0.0,0.916354,0.0,0.0084666666666666
celeba,iid,20,2025,10,12,0.9186,-0.0010866666666666,0.5107772697583279,0.0,0.9475251436409968,0.0,0.852470842280973,0.0,0.2104042023420334,-0.0,0.7526000000000002,0.0,0.916354,0.0,-0.0010866666666666
celeba,iid,20,2025,10,13,0.9186,0.0,0.5107772697583279,-0.0002221155980505,0.9475251436409968,0.0,0.852470842280973,0.0,0.2104042023420334,-0.0124135722716649,0.7526000000000002,0.0,0.916354,0.0,0.0
celeba,iid,20,2025,10,14,0.9186,0.0,0.5107772697583279,0.0041503770644331,0.9475251436409968,0.0,0.852470842280973,0.0,0.2104042023420334,-0.0,0.7526000000000002,-0.01122,0.916354,0.0,0.0
celeba,iid,20,2025,10,15,0.9186,0.0010066666666666,0.5107772697583279,0.0003534069833904,0.9475251436409968,0.0,0.852470842280973,0.0,0.2104042023420334,-0.0,0.7526000000000002,-0.01481,0.916354,0.0,0.0010066666666666
celeba,iid,20,2025,10,16,0.9186,0.0010733333333333,0.5107772697583279,0.0,0.9475251436409968,0.0006764727480657,0.852470842280973,0.0,0.2104042023420334,-0.0,0.7526000000000002,0.0,0.916354,0.0,0.0010733333333333
celeba,iid,20,2025,10,17,0.9186,0.00248,0.5107772697583279,0.0050506532821944,0.9475251436409968,0.0,0.852470842280973,0.0,0.2104042023420334,-0.0,0.7526000000000002,0.0042396296296296,0.916354,0.0,0.00248
celeba,iid,20,2025,10,18,0.9186,0.0,0.5107772697583279,0.019535073751163,0.9475251436409968,0.0,0.852470842280973,0.0,0.2104042023420334,-0.0,0.7526000000000002,-0.0068044444444444,0.916354,0.0,0.0
celeba,iid,20,2025,10,19,0.9186,-6.666666666669633e-06,0.5107772697583279,0.0,0.9475251436409968,0.0,0.852470842280973,0.0,0.2104042023420334,-0.0,0.7526000000000002,0.0,0.916354,0.0,-6.666666666669633e-06
celeba,iid,20,9928,1,0,0.5406,0.0,0.9670736219015909,0.0,0.9781083235416514,0.0,0.9763066665422062,0.0,0.6443820595741272,-0.0,0.8117555555555556,0.0,,,0.0
celeba,iid,20,9928,1,1,0.5406,0.0,0.9670736219015909,0.1698424790999774,0.9781083235416514,0.008343763987957,0.9763066665422062,0.0252896321550479,0.6443820595741272,-0.0,0.8117555555555556,0.0,,,0.0
celeba,iid,20,9928,1,2,0.5406,0.0,0.9670736219015909,0.0,0.9781083235416514,0.0,0.9763066665422062,0.0,0.6443820595741272,-0.0,0.8117555555555556,0.0,,,0.0
celeba,iid,20,9928,1,3,0.5406,0.0,0.9670736219015909,0.0,0.9781083235416514,0.0,0.9763066665422062,0.0,0.6443820595741272,-0.0,0.8117555555555556,0.0,,,0.0
celeba,iid,20,9928,1,4,0.5406,0.0,0.9670736219015909,0.0,0.9781083235416514,0.0,0.9763066665422062,0.0,0.6443820595741272,-0.0,0.8117555555555556,0.0,,,0.0
celeba,iid,20,9928,1,5,0.5406,0.0,0.9670736219015909,0.0,0.9781083235416514,0.0,0.9763066665422062,0.0,0.6443820595741272,-0.0,0.8117555555555556,0.0,,,0.0
celeba,iid,20,9928,1,6,0.5406,0.0,0.9670736219015909,0.0,0.9781083235416514,0.0,0.9763066665422062,0.0,0.6443820595741272,-0.0,0.8117555555555556,0.0,,,0.0
celeba,iid,20,9928,1,7,0.5406,0.0,0.9670736219015909,0.0,0.9781083235416514,0.0,0.9763066665422062,0.0,0.6443820595741272,-0.0,0.8117555555555556,0.0,,,0.0
celeba,iid,20,9928,1,8,0.5406,0.0,0.9670736219015909,0.0,0.9781083235416514,0.0,0.9763066665422062,0.0,0.6443820595741272,-0.0,0.8117555555555556,0.0,,,0.0
celeba,iid,20,9928,1,9,0.5406,-0.0158099999999999,0.9670736219015909,0.0,0.9781083235416514,0.0,0.9763066665422062,0.0,0.6443820595741272,-0.0,0.8117555555555556,0.0,,,-0.0158099999999999
celeba,iid,20,9928,1,10,0.5406,0.0,0.9670736219015909,0.0,0.9781083235416514,0.0,0.9763066665422062,0.0,0.6443820595741272,-0.0,0.8117555555555556,0.0,,,0.0
celeba,iid,20,9928,1,11,0.5406,0.0,0.9670736219015909,0.0,0.9781083235416514,0.0,0.9763066665422062,0.0,0.6443820595741272,-0.0,0.8117555555555556,0.0,,,0.0
celeba,iid,20,9928,1,12,0.5406,0.0,0.9670736219015909,0.0,0.9781083235416514,0.0,0.9763066665422062,0.0,0.6443820595741272,-0.0,0.8117555555555556,0.0,,,0.0
celeba,iid,20,9928,1,13,0.5406,0.0,0.9670736219015909,0.0,0.9781083235416514,0.0,0.9763066665422062,0.0,0.6443820595741272,-0.0,0.8117555555555556,0.0,,,0.0
celeba,iid,20,9928,1,14,0.5406,0.0,0.9670736219015909,0.0,0.9781083235416514,0.0,0.9763066665422062,0.0,0.6443820595741272,-0.0,0.8117555555555556,0.0,,,0.0
celeba,iid,20,9928,1,15,0.5406,0.0,0.9670736219015909,0.1874869260839667,0.9781083235416514,0.039388518241652,0.9763066665422062,0.0444838476987677,0.6443820595741272,-0.0296636561552683,0.8117555555555556,0.0,,,0.0
celeba,iid,20,9928,1,16,0.5406,0.0,0.9670736219015909,0.0,0.9781083235416514,0.0,0.9763066665422062,0.0,0.6443820595741272,0.0020646313826243,0.8117555555555556,0.0,,,0.0
celeba,iid,20,9928,1,17,0.5406,0.042398,0.9670736219015909,0.0,0.9781083235416514,0.0,0.9763066665422062,0.0,0.6443820595741272,-0.0,0.8117555555555556,0.0029166666666666,,,0.042398
celeba,iid,20,9928,1,18,0.5406,0.0,0.9670736219015909,0.0,0.9781083235416514,0.0,0.9763066665422062,0.0,0.6443820595741272,-0.0,0.8117555555555556,0.0,,,0.0
celeba,iid,20,9928,1,19,0.5406,0.0,0.9670736219015909,0.0,0.9781083235416514,0.0,0.9763066665422062,0.0,0.6443820595741272,-0.0172501027584075,0.8117555555555556,0.0,,,0.0
celeba,iid,20,9928,2,0,0.8854,0.022366,0.5753331827422634,0.0,0.9393617868667196,0.0,0.8628364300231939,0.0,0.3282512724399566,-0.0,0.7055777777777779,0.0,,,0.022366
celeba,iid,20,9928,2,1,0.8854,0.0,0.5753331827422634,0.0,0.9393617868667196,0.0,0.8628364300231939,0.0,0.3282512724399566,-0.0,0.7055777777777779,0.0,,,0.0
celeba,iid,20,9928,2,2,0.8854,0.0,0.5753331827422634,0.0,0.9393617868667196,0.0,0.8628364300231939,0.0,0.3282512724399566,-0.0,0.7055777777777779,0.0,,,0.0
celeba,iid,20,9928,2,3,0.8854,0.013726,0.5753331827422634,0.0,0.9393617868667196,0.0,0.8628364300231939,0.0,0.3282512724399566,-0.0,0.7055777777777779,0.0,,,0.013726
celeba,iid,20,9928,2,4,0.8854,0.0174919999999999,0.5753331827422634,0.0,0.9393617868667196,-0.0005203929838688,0.8628364300231939,0.0,0.3282512724399566,-0.0,0.7055777777777779,0.0,,,0.0174919999999999
celeba,iid,20,9928,2,5,0.8854,0.01284,0.5753331827422634,0.0,0.9393617868667196,0.0,0.8628364300231939,0.0,0.3282512724399566,-0.0,0.7055777777777779,0.0,,,0.01284
celeba,iid,20,9928,2,6,0.8854,0.021138,0.5753331827422634,0.0,0.9393617868667196,0.0,0.8628364300231939,0.0,0.3282512724399566,-0.0,0.7055777777777779,0.0,,,0.021138
celeba,iid,20,9928,2,7,0.8854,0.0,0.5753331827422634,0.0,0.9393617868667196,-0.0016439717583423,0.8628364300231939,0.0,0.3282512724399566,-0.0,0.7055777777777779,0.0,,,0.0
celeba,iid,20,9928,2,8,0.8854,0.0,0.5753331827422634,0.0,0.9393617868667196,0.0,0.8628364300231939,0.0,0.3282512724399566,-0.0,0.7055777777777779,0.0,,,0.0
celeba,iid,20,9928,2,9,0.8854,0.0,0.5753331827422634,0.0,0.9393617868667196,0.0,0.8628364300231939,0.0,0.3282512724399566,-0.0,0.7055777777777779,0.0,,,0.0
celeba,iid,20,9928,2,10,0.8854,0.0,0.5753331827422634,0.0,0.9393617868667196,0.0,0.8628364300231939,0.0,0.3282512724399566,-0.0,0.7055777777777779,0.0,,,0.0
celeba,iid,20,9928,2,11,0.8854,0.0,0.5753331827422634,0.0,0.9393617868667196,0.0030969108967938,0.8628364300231939,0.0,0.3282512724399566,-0.0,0.7055777777777779,0.0,,,0.0
celeba,iid,20,9928,2,12,0.8854,0.009522,0.5753331827422634,0.0,0.9393617868667196,0.0,0.8628364300231939,0.0051904760267124,0.3282512724399566,-0.0,0.7055777777777779,0.0,,,0.009522
celeba,iid,20,9928,2,13,0.8854,0.003864,0.5753331827422634,0.0271607573218151,0.9393617868667196,0.0,0.8628364300231939,0.0,0.3282512724399566,-0.0024447341759999,0.7055777777777779,0.0054003703703703,,,0.003864
celeba,iid,20,9928,2,14,0.8854,0.0,0.5753331827422634,0.0,0.9393617868667196,-0.0012770812716993,0.8628364300231939,0.0,0.3282512724399566,-0.0,0.7055777777777779,0.0,,,0.0
celeba,iid,20,9928,2,15,0.8854,0.0,0.5753331827422634,0.0,0.9393617868667196,0.0,0.8628364300231939,0.0,0.3282512724399566,-0.0,0.7055777777777779,0.0,,,0.0
celeba,iid,20,9928,2,16,0.8854,0.020516,0.5753331827422634,0.0,0.9393617868667196,0.0,0.8628364300231939,0.0,0.3282512724399566,-0.0,0.7055777777777779,0.0,,,0.020516
celeba,iid,20,9928,2,17,0.8854,0.0,0.5753331827422634,0.0,0.9393617868667196,0.0,0.8628364300231939,0.0,0.3282512724399566,-0.0,0.7055777777777779,0.0,,,0.0
celeba,iid,20,9928,2,18,0.8854,0.017692,0.5753331827422634,0.0,0.9393617868667196,0.0,0.8628364300231939,-0.0036109570367546,0.3282512724399566,-0.0,0.7055777777777779,0.0,,,0.017692
celeba,iid,20,9928,2,19,0.8854,0.0224499999999999,0.5753331827422634,0.0,0.9393617868667196,0.0007203624614925,0.8628364300231939,0.0,0.3282512724399566,-0.0,0.7055777777777779,0.0,,,0.0224499999999999
celeba,iid,20,9928,3,0,0.895,0.0,0.5423463687150838,-0.0036277890727542,0.9684338350876452,0.0,0.8814825659611563,0.0,0.2518230378627777,-0.0,0.7890666666666666,-0.0120829629629629,,,0.0
celeba,iid,20,9928,3,1,0.895,0.00389375,0.5423463687150838,-0.0138688717944101,0.9684338350876452,0.0,0.8814825659611563,0.0,0.2518230378627777,-0.0,0.7890666666666666,0.0104851851851852,,,0.00389375
celeba,iid,20,9928,3,2,0.895,0.0,0.5423463687150838,0.0061238555632603,0.9684338350876452,0.0,0.8814825659611563,0.0,0.2518230378627777,-0.0,0.7890666666666666,0.0267503703703703,,,0.0
celeba,iid,20,9928,3,3,0.895,0.0,0.5423463687150838,0.0,0.9684338350876452,0.0,0.8814825659611563,0.0,0.2518230378627777,-0.0,0.7890666666666666,0.0197681481481481,,,0.0
celeba,iid,20,9928,3,4,0.895,0.0,0.5423463687150838,-0.0103895402516015,0.9684338350876452,0.0027548021285591,0.8814825659611563,0.0,0.2518230378627777,-0.0,0.7890666666666666,0.0024829629629629,,,0.0
celeba,iid,20,9928,3,5,0.895,0.0,0.5423463687150838,-0.0174700333941944,0.9684338350876452,0.0,0.8814825659611563,0.0,0.2518230378627777,-0.0,0.7890666666666666,0.005587037037037,,,0.0
celeba,iid,20,9928,3,6,0.895,0.0,0.5423463687150838,0.0,0.9684338350876452,0.0,0.8814825659611563,0.0,0.2518230378627777,-0.0,0.7890666666666666,-0.0072059259259259,,,0.0
celeba,iid,20,9928,3,7,0.895,0.0,0.5423463687150838,-0.003913728661657,0.9684338350876452,0.0,0.8814825659611563,0.0,0.2518230378627777,-0.0,0.7890666666666666,-0.005374074074074,,,0.0
celeba,iid,20,9928,3,8,0.895,-0.0012343749999999,0.5423463687150838,-0.0029116742337635,0.9684338350876452,0.0,0.8814825659611563,0.0,0.2518230378627777,-0.0,0.7890666666666666,0.0,,,-0.0012343749999999
celeba,iid,20,9928,3,9,0.895,0.0,0.5423463687150838,-0.0094829126186728,0.9684338350876452,0.0,0.8814825659611563,0.0074762692111262,0.2518230378627777,-0.0,0.7890666666666666,0.0,,,0.0
celeba,iid,20,9928,3,10,0.895,0.0,0.5423463687150838,0.0239358889004682,0.9684338350876452,0.0,0.8814825659611563,0.0,0.2518230378627777,-0.0,0.7890666666666666,0.0,,,0.0
celeba,iid,20,9928,3,11,0.895,0.0,0.5423463687150838,0.0022979738005685,0.9684338350876452,0.0015860124612844,0.8814825659611563,0.0,0.2518230378627777,-0.0,0.7890666666666666,-0.002467037037037,,,0.0
celeba,iid,20,9928,3,12,0.895,0.0,0.5423463687150838,0.0,0.9684338350876452,0.004626593048287,0.8814825659611563,0.0,0.2518230378627777,-0.0,0.7890666666666666,-0.0116081481481481,,,0.0
celeba,iid,20,9928,3,13,0.895,0.0,0.5423463687150838,0.0058782335645909,0.9684338350876452,0.0,0.8814825659611563,0.0,0.2518230378627777,-0.0,0.7890666666666666,-0.0008081481481481,,,0.0
celeba,iid,20,9928,3,14,0.895,0.0038531249999999,0.5423463687150838,0.0301183477040958,0.9684338350876452,0.0,0.8814825659611563,0.0,0.2518230378627777,-0.0,0.7890666666666666,0.0,,,0.0038531249999999
celeba,iid,20,9928,3,15,0.895,0.0,0.5423463687150838,0.0112397360509824,0.9684338350876452,0.0,0.8814825659611563,0.0,0.2518230378627777,-0.0,0.7890666666666666,0.0035659259259259,,,0.0
celeba,iid,20,9928,3,16,0.895,0.0,0.5423463687150838,-0.0078501682605043,0.9684338350876452,0.0036865289440536,0.8814825659611563,0.0071367383552926,0.2518230378627777,-0.0023108000556627,0.7890666666666666,0.0151174074074074,,,0.0
celeba,iid,20,9928,3,17,0.895,0.0,0.5423463687150838,0.0004978799045415,0.9684338350876452,0.0,0.8814825659611563,0.0,0.2518230378627777,-0.0,0.7890666666666666,0.0180085185185185,,,0.0
celeba,iid,20,9928,3,18,0.895,0.00554375,0.5423463687150838,0.0124780385321582,0.9684338350876452,0.0,0.8814825659611563,0.0,0.2518230378627777,-0.0,0.7890666666666666,-0.0111959259259259,,,0.00554375
celeba,iid,20,9928,3,19,0.895,0.002059375,0.5423463687150838,-0.0068547551449135,0.9684338350876452,0.0,0.8814825659611563,0.0,0.2518230378627777,-0.0,0.7890666666666666,0.0001718518518518,,,0.002059375
celeba,iid,20,9928,4,0,0.8944,0.0,0.5105098389982111,-0.0037198162351965,0.9748589535653798,0.0,0.8831236420917932,0.0,0.2516350150108337,-0.0,0.7796222222222222,0.0245388888888888,,,0.0
celeba,iid,20,9928,4,1,0.8944,0.0,0.5105098389982111,0.0,0.9748589535653798,0.0,0.8831236420917932,0.0,0.2516350150108337,-0.0,0.7796222222222222,0.0,,,0.0
celeba,iid,20,9928,4,2,0.8944,0.0,0.5105098389982111,0.0,0.9748589535653798,0.0,0.8831236420917932,0.0,0.2516350150108337,-0.0,0.7796222222222222,-0.0129555555555555,,,0.0
celeba,iid,20,9928,4,3,0.8944,0.0,0.5105098389982111,0.0,0.9748589535653798,0.0,0.8831236420917932,0.0,0.2516350150108337,-0.0,0.7796222222222222,0.0004848148148147,,,0.0
celeba,iid,20,9928,4,4,0.8944,0.0,0.5105098389982111,-0.0064391680360674,0.9748589535653798,0.0,0.8831236420917932,0.0,0.2516350150108337,-0.0,0.7796222222222222,0.0,,,0.0
celeba,iid,20,9928,4,5,0.8944,0.0,0.5105098389982111,0.0,0.9748589535653798,0.0,0.8831236420917932,0.0,0.2516350150108337,-0.0,0.7796222222222222,0.0,,,0.0
celeba,iid,20,9928,4,6,0.8944,0.0,0.5105098389982111,0.0,0.9748589535653798,0.0,0.8831236420917932,0.0,0.2516350150108337,-0.0,0.7796222222222222,0.0,,,0.0
celeba,iid,20,9928,4,7,0.8944,0.0,0.5105098389982111,0.0,0.9748589535653798,0.0,0.8831236420917932,0.0,0.2516350150108337,-0.0,0.7796222222222222,0.0,,,0.0
celeba,iid,20,9928,4,8,0.8944,0.0,0.5105098389982111,0.0090663094727813,0.9748589535653798,0.0,0.8831236420917932,0.0,0.2516350150108337,-0.0,0.7796222222222222,0.0,,,0.0
celeba,iid,20,9928,4,9,0.8944,0.0,0.5105098389982111,0.0,0.9748589535653798,0.0055762449859488,0.8831236420917932,0.0086608418048014,0.2516350150108337,-0.0,0.7796222222222222,0.0,,,0.0
celeba,iid,20,9928,4,10,0.8944,0.0,0.5105098389982111,0.0,0.9748589535653798,0.0,0.8831236420917932,0.0,0.2516350150108337,-0.0,0.7796222222222222,-0.0065581481481481,,,0.0
celeba,iid,20,9928,4,11,0.8944,0.0,0.5105098389982111,0.0,0.9748589535653798,0.0,0.8831236420917932,0.0,0.2516350150108337,-0.0,0.7796222222222222,0.0,,,0.0
celeba,iid,20,9928,4,12,0.8944,0.0,0.5105098389982111,0.0,0.9748589535653798,0.0,0.8831236420917932,0.0,0.2516350150108337,-0.0,0.7796222222222222,0.0,,,0.0
celeba,iid,20,9928,4,13,0.8944,0.0,0.5105098389982111,0.0018660878564211,0.9748589535653798,0.0,0.8831236420917932,0.0,0.2516350150108337,-0.0,0.7796222222222222,0.0,,,0.0
celeba,iid,20,9928,4,14,0.8944,0.0,0.5105098389982111,0.0122397244827284,0.9748589535653798,0.0,0.8831236420917932,0.0,0.2516350150108337,-0.0,0.7796222222222222,0.0,,,0.0
celeba,iid,20,9928,4,15,0.8944,0.0,0.5105098389982111,0.0,0.9748589535653798,0.0,0.8831236420917932,0.0,0.2516350150108337,-0.0,0.7796222222222222,0.0,,,0.0
celeba,iid,20,9928,4,16,0.8944,0.0,0.5105098389982111,0.0,0.9748589535653798,0.0,0.8831236420917932,0.0,0.2516350150108337,-0.0,0.7796222222222222,0.0198722222222221,,,0.0
celeba,iid,20,9928,4,17,0.8944,0.0,0.5105098389982111,0.0045154148141516,0.9748589535653798,0.0,0.8831236420917932,0.0,0.2516350150108337,-0.0,0.7796222222222222,-0.0031333333333333,,,0.0
celeba,iid,20,9928,4,18,0.8944,0.0,0.5105098389982111,0.0,0.9748589535653798,0.0,0.8831236420917932,0.0,0.2516350150108337,-0.0,0.7796222222222222,0.0,,,0.0
celeba,iid,20,9928,4,19,0.8944,0.0,0.5105098389982111,0.0,0.9748589535653798,0.0021292408794893,0.8831236420917932,0.0,0.2516350150108337,-0.0,0.7796222222222222,0.0251992592592592,,,0.0
celeba,iid,20,9928,5,0,0.8962,0.0025393939393939,0.5052443650970766,0.0,0.9694675259068458,0.0,0.8770946811348629,0.0,0.2452327609062194,-0.0,0.8018222222222222,0.0,,,0.0025393939393939
celeba,iid,20,9928,5,1,0.8962,0.0,0.5052443650970766,0.0,0.9694675259068458,0.0,0.8770946811348629,0.0,0.2452327609062194,-0.0,0.8018222222222222,-0.0183996296296296,,,0.0
celeba,iid,20,9928,5,2,0.8962,0.0,0.5052443650970766,-0.0088124900248261,0.9694675259068458,0.0,0.8770946811348629,0.0,0.2452327609062194,-0.0,0.8018222222222222,0.0,,,0.0
celeba,iid,20,9928,5,3,0.8962,0.0,0.5052443650970766,-0.0086107742602479,0.9694675259068458,-0.0005321391241536,0.8770946811348629,0.0,0.2452327609062194,-0.0,0.8018222222222222,0.0,,,0.0
celeba,iid,20,9928,5,4,0.8962,0.0,0.5052443650970766,0.0027643342602949,0.9694675259068458,0.0,0.8770946811348629,0.0,0.2452327609062194,-0.0,0.8018222222222222,0.0,,,0.0
celeba,iid,20,9928,5,5,0.8962,0.0,0.5052443650970766,0.0032011265389163,0.9694675259068458,0.0,0.8770946811348629,0.0,0.2452327609062194,-0.0,0.8018222222222222,0.0,,,0.0
celeba,iid,20,9928,5,6,0.8962,0.0,0.5052443650970766,0.0,0.9694675259068458,0.0,0.8770946811348629,0.0,0.2452327609062194,-0.0,0.8018222222222222,0.0203325925925926,,,0.0
celeba,iid,20,9928,5,7,0.8962,0.0,0.5052443650970766,0.0,0.9694675259068458,0.0,0.8770946811348629,0.0,0.2452327609062194,-0.0,0.8018222222222222,0.0,,,0.0
celeba,iid,20,9928,5,8,0.8962,0.0,0.5052443650970766,0.0059578582355439,0.9694675259068458,0.0,0.8770946811348629,0.0,0.2452327609062194,-0.0,0.8018222222222222,0.0,,,0.0
celeba,iid,20,9928,5,9,0.8962,0.0,0.5052443650970766,0.0113953816379116,0.9694675259068458,0.0064863707202144,0.8770946811348629,0.0068254725466166,0.2452327609062194,-0.0,0.8018222222222222,0.0083255555555555,,,0.0
celeba,iid,20,9928,5,10,0.8962,0.0043272727272727,0.5052443650970766,0.0210178768022577,0.9694675259068458,0.0,0.8770946811348629,0.0,0.2452327609062194,-0.0,0.8018222222222222,0.0,,,0.0043272727272727
celeba,iid,20,9928,5,11,0.8962,0.0,0.5052443650970766,0.0,0.9694675259068458,0.0,0.8770946811348629,0.0,0.2452327609062194,-0.0,0.8018222222222222,0.0,,,0.0
celeba,iid,20,9928,5,12,0.8962,0.0,0.5052443650970766,0.0,0.9694675259068458,0.0,0.8770946811348629,0.0,0.2452327609062194,-0.0,0.8018222222222222,0.0,,,0.0
celeba,iid,20,9928,5,13,0.8962,0.002290909090909,0.5052443650970766,0.0040901556974111,0.9694675259068458,0.0,0.8770946811348629,0.0,0.2452327609062194,-0.0,0.8018222222222222,0.0,,,0.002290909090909
celeba,iid,20,9928,5,14,0.8962,0.0014424242424242,0.5052443650970766,0.0052672170300217,0.9694675259068458,0.0,0.8770946811348629,0.0,0.2452327609062194,-0.0,0.8018222222222222,0.0,,,0.0014424242424242
celeba,iid,20,9928,5,15,0.8962,0.0,0.5052443650970766,0.0098217607649297,0.9694675259068458,0.0,0.8770946811348629,0.0,0.2452327609062194,-0.0,0.8018222222222222,0.0,,,0.0
celeba,iid,20,9928,5,16,0.8962,0.0,0.5052443650970766,0.0,0.9694675259068458,0.0,0.8770946811348629,0.0,0.2452327609062194,-0.0085736950238545,0.8018222222222222,0.0,,,0.0
celeba,iid,20,9928,5,17,0.8962,0.0,0.5052443650970766,0.0,0.9694675259068458,0.0,0.8770946811348629,0.0,0.2452327609062194,-0.0,0.8018222222222222,-0.0104759259259259,,,0.0
celeba,iid,20,9928,5,18,0.8962,0.0011454545454545,0.5052443650970766,0.0,0.9694675259068458,0.0,0.8770946811348629,0.0,0.2452327609062194,-0.0,0.8018222222222222,-0.027864074074074,,,0.0011454545454545
celeba,iid,20,9928,5,19,0.8962,0.0,0.5052443650970766,0.0,0.9694675259068458,-0.0001679913897646,0.8770946811348629,0.0,0.2452327609062194,-0.0,0.8018222222222222,0.0,,,0.0
celeba,iid,20,9928,6,0,0.9018,0.0,0.5120869372366379,0.0,0.9594906500135976,0.0,0.8656050192921838,0.0,0.2371135205030441,-0.0,0.8263555555555555,0.0,,,0.0
celeba,iid,20,9928,6,1,0.9018,0.0,0.5120869372366379,0.0,0.9594906500135976,0.0,0.8656050192921838,0.0,0.2371135205030441,-0.0,0.8263555555555555,0.0012437037037037,,,0.0
celeba,iid,20,9928,6,2,0.9018,0.0015673469387755,0.5120869372366379,0.0034171662229155,0.9594906500135976,0.0,0.8656050192921838,0.0,0.2371135205030441,-0.0,0.8263555555555555,0.0091740740740741,,,0.0015673469387755
celeba,iid,20,9928,6,3,0.9018,0.0,0.5120869372366379,0.0026895927688396,0.9594906500135976,0.0,0.8656050192921838,0.0,0.2371135205030441,-0.0,0.8263555555555555,0.0,,,0.0
celeba,iid,20,9928,6,4,0.9018,0.0,0.5120869372366379,-0.0074242956908212,0.9594906500135976,0.0,0.8656050192921838,0.0,0.2371135205030441,-0.0,0.8263555555555555,-0.0075262962962962,,,0.0
celeba,iid,20,9928,6,5,0.9018,-0.0006408163265306,0.5120869372366379,0.0,0.9594906500135976,0.0,0.8656050192921838,0.0,0.2371135205030441,-0.0,0.8263555555555555,0.0,,,-0.0006408163265306
celeba,iid,20,9928,6,6,0.9018,0.0,0.5120869372366379,0.0,0.9594906500135976,0.0,0.8656050192921838,0.0,0.2371135205030441,-0.0,0.8263555555555555,0.0,,,0.0
celeba,iid,20,9928,6,7,0.9018,0.0,0.5120869372366379,-0.0100250169788879,0.9594906500135976,0.0,0.8656050192921838,0.0,0.2371135205030441,-0.0,0.8263555555555555,0.0074855555555555,,,0.0
celeba,iid,20,9928,6,8,0.9018,0.0,0.5120869372366379,-0.000472721241784,0.9594906500135976,0.0,0.8656050192921838,0.0,0.2371135205030441,-0.0,0.8263555555555555,0.0084937037037037,,,0.0
celeba,iid,20,9928,6,9,0.9018,0.0,0.5120869372366379,-0.0074889830672379,0.9594906500135976,0.0,0.8656050192921838,0.0,0.2371135205030441,-0.0,0.8263555555555555,-0.0022633333333333,,,0.0
celeba,iid,20,9928,6,10,0.9018,0.0,0.5120869372366379,0.0175788455634271,0.9594906500135976,0.0,0.8656050192921838,0.0,0.2371135205030441,-0.0,0.8263555555555555,0.0103362962962963,,,0.0
celeba,iid,20,9928,6,11,0.9018,0.0,0.5120869372366379,0.0,0.9594906500135976,0.0,0.8656050192921838,0.0,0.2371135205030441,-0.0,0.8263555555555555,0.0093051851851852,,,0.0
celeba,iid,20,9928,6,12,0.9018,0.0,0.5120869372366379,-0.0089781562495028,0.9594906500135976,0.0,0.8656050192921838,0.0,0.2371135205030441,-0.0,0.8263555555555555,-0.0108411111111111,,,0.0
celeba,iid,20,9928,6,13,0.9018,0.0,0.5120869372366379,0.0,0.9594906500135976,0.0,0.8656050192921838,0.0,0.2371135205030441,0.0009999270240465,0.8263555555555555,0.0051725925925925,,,0.0
celeba,iid,20,9928,6,14,0.9018,0.0053142857142857,0.5120869372366379,0.0092200860500878,0.9594906500135976,0.0,0.8656050192921838,0.0,0.2371135205030441,-0.0,0.8263555555555555,-0.0038422222222222,,,0.0053142857142857
celeba,iid,20,9928,6,15,0.9018,0.0,0.5120869372366379,0.0,0.9594906500135976,0.0,0.8656050192921838,0.0,0.2371135205030441,-0.0,0.8263555555555555,0.0089055555555555,,,0.0
celeba,iid,20,9928,6,16,0.9018,0.0,0.5120869372366379,0.0,0.9594906500135976,0.0026799327383065,0.8656050192921838,0.0023852407569938,0.2371135205030441,-0.0,0.8263555555555555,0.0058044444444444,,,0.0
celeba,iid,20,9928,6,17,0.9018,0.0,0.5120869372366379,0.0068371381274301,0.9594906500135976,0.0,0.8656050192921838,0.0,0.2371135205030441,-0.0,0.8263555555555555,-0.0132881481481482,,,0.0
celeba,iid,20,9928,6,18,0.9018,0.0,0.5120869372366379,0.0,0.9594906500135976,0.0,0.8656050192921838,0.0,0.2371135205030441,-0.0,0.8263555555555555,-0.018627037037037,,,0.0
celeba,iid,20,9928,6,19,0.9018,0.0,0.5120869372366379,0.0163028434381545,0.9594906500135976,0.0,0.8656050192921838,0.0,0.2371135205030441,-0.0,0.8263555555555555,0.0007692592592592,,,0.0
celeba,iid,20,9928,7,0,0.9064,0.0044984615384615,0.5055163283318623,0.0,0.9580296007474448,0.0019075632960568,0.8634697042869572,0.0,0.2336825728416443,-0.0,0.8305111111111112,0.023377037037037,,,0.0044984615384615
celeba,iid,20,9928,7,1,0.9064,0.0,0.5055163283318623,0.0,0.9580296007474448,0.0,0.8634697042869572,0.0,0.2336825728416443,-0.0,0.8305111111111112,-0.0030733333333333,,,0.0
celeba,iid,20,9928,7,2,0.9064,0.0,0.5055163283318623,0.0,0.9580296007474448,0.0,0.8634697042869572,0.0,0.2336825728416443,-0.0,0.8305111111111112,-0.0049403703703703,,,0.0
celeba,iid,20,9928,7,3,0.9064,0.0013384615384615,0.5055163283318623,-0.0002459069273988,0.9580296007474448,0.0,0.8634697042869572,0.0,0.2336825728416443,-0.0,0.8305111111111112,0.0,,,0.0013384615384615
celeba,iid,20,9928,7,4,0.9064,0.0,0.5055163283318623,0.0,0.9580296007474448,0.0026977412608179,0.8634697042869572,0.0,0.2336825728416443,-0.0,0.8305111111111112,0.0,,,0.0
celeba,iid,20,9928,7,5,0.9064,0.0,0.5055163283318623,0.0,0.9580296007474448,-1.1490751658516096e-05,0.8634697042869572,0.0,0.2336825728416443,-0.0,0.8305111111111112,0.0,,,0.0
celeba,iid,20,9928,7,6,0.9064,0.0,0.5055163283318623,0.0,0.9580296007474448,0.0,0.8634697042869572,0.0,0.2336825728416443,-0.0,0.8305111111111112,0.0,,,0.0
celeba,iid,20,9928,7,7,0.9064,0.0,0.5055163283318623,0.0,0.9580296007474448,0.0,0.8634697042869572,0.0,0.2336825728416443,-0.0,0.8305111111111112,0.0,,,0.0
celeba,iid,20,9928,7,8,0.9064,0.0,0.5055163283318623,0.0,0.9580296007474448,0.006459973783283,0.8634697042869572,0.006301333598009,0.2336825728416443,-0.0,0.8305111111111112,0.0199599999999999,,,0.0
celeba,iid,20,9928,7,9,0.9064,0.0,0.5055163283318623,0.0088573954570569,0.9580296007474448,0.0049470326878859,0.8634697042869572,0.0,0.2336825728416443,-0.0,0.8305111111111112,0.0,,,0.0
celeba,iid,20,9928,7,10,0.9064,0.0017015384615384,0.5055163283318623,0.0158805001147285,0.9580296007474448,0.0,0.8634697042869572,0.0,0.2336825728416443,-0.0,0.8305111111111112,0.0,,,0.0017015384615384
celeba,iid,20,9928,7,11,0.9064,0.0,0.5055163283318623,0.0,0.9580296007474448,0.0,0.8634697042869572,0.0,0.2336825728416443,-0.0,0.8305111111111112,0.0100948148148148,,,0.0
celeba,iid,20,9928,7,12,0.9064,0.0,0.5055163283318623,0.0,0.9580296007474448,0.0,0.8634697042869572,0.0,0.2336825728416443,-0.0,0.8305111111111112,0.0,,,0.0
celeba,iid,20,9928,7,13,0.9064,0.0,0.5055163283318623,0.0,0.9580296007474448,0.0,0.8634697042869572,0.0,0.2336825728416443,-0.0,0.8305111111111112,0.0,,,0.0
celeba,iid,20,9928,7,14,0.9064,0.0011630769230769,0.5055163283318623,0.0142606895387627,0.9580296007474448,0.0,0.8634697042869572,0.0,0.2336825728416443,-0.0,0.8305111111111112,-0.0283248148148148,,,0.0011630769230769
celeba,iid,20,9928,7,15,0.9064,0.0,0.5055163283318623,0.0,0.9580296007474448,0.0,0.8634697042869572,0.0,0.2336825728416443,-0.0199768553177515,0.8305111111111112,0.0249618518518518,,,0.0
celeba,iid,20,9928,7,16,0.9064,0.0,0.5055163283318623,0.0,0.9580296007474448,0.0,0.8634697042869572,0.0,0.2336825728416443,-0.0,0.8305111111111112,0.0,,,0.0
celeba,iid,20,9928,7,17,0.9064,0.0001230769230769,0.5055163283318623,0.0,0.9580296007474448,0.0,0.8634697042869572,0.0,0.2336825728416443,-0.0,0.8305111111111112,-0.0034222222222222,,,0.0001230769230769
celeba,iid,20,9928,7,18,0.9064,0.0033723076923076,0.5055163283318623,0.0,0.9580296007474448,0.0,0.8634697042869572,0.0,0.2336825728416443,-0.0,0.8305111111111112,0.0,,,0.0033723076923076
celeba,iid,20,9928,7,19,0.9064,0.0,0.5055163283318623,0.0,0.9580296007474448,0.0,0.8634697042869572,0.0,0.2336825728416443,-0.0,0.8305111111111112,0.0,,,0.0
celeba,iid,20,9928,8,0,0.9048,0.0,0.5064102564102564,0.0,0.9586668404126132,0.0,0.8639423263519226,0.0,0.2358811348676681,-0.0,0.8146222222222221,0.0,,,0.0
celeba,iid,20,9928,8,1,0.9048,0.0,0.5064102564102564,0.0,0.9586668404126132,0.0,0.8639423263519226,0.0,0.2358811348676681,-0.0,0.8146222222222221,0.0,,,0.0
celeba,iid,20,9928,8,2,0.9048,0.0,0.5064102564102564,0.0,0.9586668404126132,0.0,0.8639423263519226,0.0,0.2358811348676681,-0.0,0.8146222222222221,0.0086781481481481,,,0.0
celeba,iid,20,9928,8,3,0.9048,0.0,0.5064102564102564,0.0,0.9586668404126132,0.0,0.8639423263519226,0.0,0.2358811348676681,-0.0,0.8146222222222221,0.0028951851851851,,,0.0
celeba,iid,20,9928,8,4,0.9048,0.0,0.5064102564102564,0.0,0.9586668404126132,0.0,0.8639423263519226,0.0,0.2358811348676681,-0.0,0.8146222222222221,0.0,,,0.0
celeba,iid,20,9928,8,5,0.9048,0.0022367346938775,0.5064102564102564,0.0,0.9586668404126132,0.0,0.8639423263519226,0.0,0.2358811348676681,-0.0,0.8146222222222221,0.0,,,0.0022367346938775
celeba,iid,20,9928,8,6,0.9048,0.0,0.5064102564102564,0.0,0.9586668404126132,0.0,0.8639423263519226,0.0,0.2358811348676681,-0.0,0.8146222222222221,0.0,,,0.0
celeba,iid,20,9928,8,7,0.9048,0.0,0.5064102564102564,0.0,0.9586668404126132,0.0,0.8639423263519226,0.0,0.2358811348676681,-0.0,0.8146222222222221,0.0,,,0.0
celeba,iid,20,9928,8,8,0.9048,0.0,0.5064102564102564,0.0,0.9586668404126132,0.0,0.8639423263519226,0.0,0.2358811348676681,-0.0,0.8146222222222221,0.0,,,0.0
celeba,iid,20,9928,8,9,0.9048,0.0033918367346938,0.5064102564102564,0.0,0.9586668404126132,0.0,0.8639423263519226,0.0,0.2358811348676681,-0.0,0.8146222222222221,0.0,,,0.0033918367346938
celeba,iid,20,9928,8,10,0.9048,0.0024897959183673,0.5064102564102564,0.0,0.9586668404126132,0.0,0.8639423263519226,0.0,0.2358811348676681,-0.0,0.8146222222222221,0.0,,,0.0024897959183673
celeba,iid,20,9928,8,11,0.9048,0.0040530612244897,0.5064102564102564,0.0,0.9586668404126132,0.0,0.8639423263519226,0.0,0.2358811348676681,-0.0,0.8146222222222221,0.0,,,0.0040530612244897
celeba,iid,20,9928,8,12,0.9048,0.0,0.5064102564102564,0.0,0.9586668404126132,0.0,0.8639423263519226,0.0,0.2358811348676681,-0.0,0.8146222222222221,0.0,,,0.0
celeba,iid,20,9928,8,13,0.9048,0.0021224489795918,0.5064102564102564,0.0,0.9586668404126132,0.0,0.8639423263519226,0.0,0.2358811348676681,-0.0,0.8146222222222221,0.0,,,0.0021224489795918
celeba,iid,20,9928,8,14,0.9048,0.0,0.5064102564102564,0.0,0.9586668404126132,0.0,0.8639423263519226,0.0,0.2358811348676681,-0.0,0.8146222222222221,0.0,,,0.0
celeba,iid,20,9928,8,15,0.9048,0.0,0.5064102564102564,0.0,0.9586668404126132,0.0,0.8639423263519226,0.0,0.2358811348676681,-0.0,0.8146222222222221,0.0,,,0.0
celeba,iid,20,9928,8,16,0.9048,0.0,0.5064102564102564,0.0,0.9586668404126132,0.0,0.8639423263519226,0.0,0.2358811348676681,-0.0198878099521001,0.8146222222222221,0.0,,,0.0
celeba,iid,20,9928,8,17,0.9048,0.0024,0.5064102564102564,0.0,0.9586668404126132,0.0,0.8639423263519226,0.0,0.2358811348676681,-0.0,0.8146222222222221,0.0,,,0.0024
celeba,iid,20,9928,8,18,0.9048,0.0,0.5064102564102564,0.0,0.9586668404126132,0.0,0.8639423263519226,0.0,0.2358811348676681,-0.0,0.8146222222222221,-0.0164177777777778,,,0.0
celeba,iid,20,9928,8,19,0.9048,0.0,0.5064102564102564,0.0,0.9586668404126132,0.0,0.8639423263519226,0.0,0.2358811348676681,-0.0,0.8146222222222221,0.0,,,0.0
celeba,iid,20,9928,9,0,0.9098,0.0,0.5056056276104639,0.0,0.9545762134999528,0.0,0.8595726192973587,0.0,0.2264845520257949,-0.0,0.7522222222222221,0.0,,,0.0
celeba,iid,20,9928,9,1,0.9098,0.0,0.5056056276104639,0.0,0.9545762134999528,0.0,0.8595726192973587,0.0,0.2264845520257949,-0.0,0.7522222222222221,0.0,,,0.0
celeba,iid,20,9928,9,2,0.9098,0.0008298507462686,0.5056056276104639,0.0,0.9545762134999528,0.0,0.8595726192973587,0.0,0.2264845520257949,-0.0,0.7522222222222221,0.0,,,0.0008298507462686
celeba,iid,20,9928,9,3,0.9098,0.0016477611940298,0.5056056276104639,0.0,0.9545762134999528,0.0,0.8595726192973587,0.0,0.2264845520257949,-0.0,0.7522222222222221,0.0,,,0.0016477611940298
celeba,iid,20,9928,9,4,0.9098,0.0,0.5056056276104639,0.0,0.9545762134999528,0.0,0.8595726192973587,0.0,0.2264845520257949,-0.0,0.7522222222222221,0.0,,,0.0
celeba,iid,20,9928,9,5,0.9098,0.0,0.5056056276104639,0.0,0.9545762134999528,0.0,0.8595726192973587,0.0,0.2264845520257949,-0.0,0.7522222222222221,-0.0168848148148147,,,0.0
celeba,iid,20,9928,9,6,0.9098,0.0,0.5056056276104639,0.0,0.9545762134999528,0.0,0.8595726192973587,0.0,0.2264845520257949,-0.0,0.7522222222222221,0.0,,,0.0
celeba,iid,20,9928,9,7,0.9098,0.0,0.5056056276104639,0.0,0.9545762134999528,0.0,0.8595726192973587,0.0,0.2264845520257949,-0.0,0.7522222222222221,0.0,,,0.0
celeba,iid,20,9928,9,8,0.9098,0.0,0.5056056276104639,0.0,0.9545762134999528,0.0037540319237021,0.8595726192973587,0.0065796515215882,0.2264845520257949,-0.0,0.7522222222222221,0.0,,,0.0
celeba,iid,20,9928,9,9,0.9098,0.0,0.5056056276104639,0.0,0.9545762134999528,0.0,0.8595726192973587,0.0,0.2264845520257949,-0.0,0.7522222222222221,0.0,,,0.0
celeba,iid,20,9928,9,10,0.9098,0.0049940298507462,0.5056056276104639,0.0,0.9545762134999528,0.0,0.8595726192973587,0.0,0.2264845520257949,-0.0,0.7522222222222221,0.0,,,0.0049940298507462
celeba,iid,20,9928,9,11,0.9098,0.0,0.5056056276104639,0.0,0.9545762134999528,0.000680456590445,0.8595726192973587,0.0,0.2264845520257949,-0.0,0.7522222222222221,-0.0138296296296296,,,0.0
celeba,iid,20,9928,9,12,0.9098,0.0,0.5056056276104639,0.0,0.9545762134999528,0.0,0.8595726192973587,0.0,0.2264845520257949,-0.0,0.7522222222222221,0.0,,,0.0
celeba,iid,20,9928,9,13,0.9098,0.0,0.5056056276104639,0.0,0.9545762134999528,0.0,0.8595726192973587,0.0,0.2264845520257949,-0.0,0.7522222222222221,0.0,,,0.0
celeba,iid,20,9928,9,14,0.9098,0.0002149253731343,0.5056056276104639,0.0,0.9545762134999528,0.0,0.8595726192973587,0.0,0.2264845520257949,-0.0,0.7522222222222221,0.0,,,0.0002149253731343
celeba,iid,20,9928,9,15,0.9098,-0.011155223880597,0.5056056276104639,0.0,0.9545762134999528,0.0,0.8595726192973587,0.0,0.2264845520257949,-0.0210302919149398,0.7522222222222221,0.0,,,-0.011155223880597
celeba,iid,20,9928,9,16,0.9098,0.0,0.5056056276104639,0.0,0.9545762134999528,0.0,0.8595726192973587,0.0,0.2264845520257949,-0.0,0.7522222222222221,-0.0003459259259259,,,0.0
celeba,iid,20,9928,9,17,0.9098,0.004155223880597,0.5056056276104639,0.0,0.9545762134999528,0.0,0.8595726192973587,0.0,0.2264845520257949,-0.0,0.7522222222222221,0.0,,,0.004155223880597
celeba,iid,20,9928,9,18,0.9098,0.0032597014925373,0.5056056276104639,0.0,0.9545762134999528,0.0,0.8595726192973587,0.0,0.2264845520257949,-0.0,0.7522222222222221,0.0006351851851851,,,0.0032597014925373
celeba,iid,20,9928,9,19,0.9098,0.0053671641791044,0.5056056276104639,0.0,0.9545762134999528,0.0,0.8595726192973587,0.0,0.2264845520257949,-0.0,0.7522222222222221,0.0,,,0.0053671641791044
celeba,iid,20,9928,10,0,0.9084,0.0,0.5033025099075297,0.0,0.9573958856557712,0.0,0.8620803329774749,0.0,0.2347560971975326,-0.0,0.7805444444444443,0.0,,,0.0
celeba,iid,20,9928,10,1,0.9084,0.0,0.5033025099075297,0.0,0.9573958856557712,0.0,0.8620803329774749,0.0,0.2347560971975326,-0.0,0.7805444444444443,0.0,,,0.0
celeba,iid,20,9928,10,2,0.9084,0.0,0.5033025099075297,0.0,0.9573958856557712,0.0,0.8620803329774749,0.0,0.2347560971975326,-0.0,0.7805444444444443,0.0,,,0.0
celeba,iid,20,9928,10,3,0.9084,0.0019694444444444,0.5033025099075297,0.0,0.9573958856557712,0.0,0.8620803329774749,0.0,0.2347560971975326,-0.0,0.7805444444444443,0.0,,,0.0019694444444444
celeba,iid,20,9928,10,4,0.9084,0.0,0.5033025099075297,0.0,0.9573958856557712,0.0094259064256161,0.8620803329774749,0.0,0.2347560971975326,-0.0,0.7805444444444443,0.0,,,0.0
celeba,iid,20,9928,10,5,0.9084,0.0064555555555555,0.5033025099075297,0.0,0.9573958856557712,0.0,0.8620803329774749,0.0,0.2347560971975326,-0.0,0.7805444444444443,0.0,,,0.0064555555555555
celeba,iid,20,9928,10,6,0.9084,0.0,0.5033025099075297,0.0,0.9573958856557712,0.0,0.8620803329774749,0.0,0.2347560971975326,-0.0,0.7805444444444443,0.0,,,0.0
celeba,iid,20,9928,10,7,0.9084,0.0,0.5033025099075297,0.0,0.9573958856557712,0.0,0.8620803329774749,0.0,0.2347560971975326,-0.0,0.7805444444444443,0.0,,,0.0
celeba,iid,20,9928,10,8,0.9084,0.0,0.5033025099075297,0.0,0.9573958856557712,0.0,0.8620803329774749,0.0081678303790285,0.2347560971975326,-0.0,0.7805444444444443,0.0,,,0.0
celeba,iid,20,9928,10,9,0.9084,0.0,0.5033025099075297,0.0,0.9573958856557712,0.0,0.8620803329774749,0.0,0.2347560971975326,-0.0,0.7805444444444443,0.0,,,0.0
celeba,iid,20,9928,10,10,0.9084,0.0,0.5033025099075297,0.0,0.9573958856557712,0.0,0.8620803329774749,0.0,0.2347560971975326,-0.0,0.7805444444444443,0.0,,,0.0
celeba,iid,20,9928,10,11,0.9084,0.0,0.5033025099075297,0.0,0.9573958856557712,0.0,0.8620803329774749,0.0,0.2347560971975326,-0.0,0.7805444444444443,0.0,,,0.0
celeba,iid,20,9928,10,12,0.9084,0.0031722222222222,0.5033025099075297,0.0,0.9573958856557712,0.0,0.8620803329774749,0.0,0.2347560971975326,-0.0,0.7805444444444443,0.0,,,0.0031722222222222
celeba,iid,20,9928,10,13,0.9084,0.0,0.5033025099075297,0.0,0.9573958856557712,0.0,0.8620803329774749,0.0,0.2347560971975326,-0.0,0.7805444444444443,0.0,,,0.0
celeba,iid,20,9928,10,14,0.9084,0.0035833333333333,0.5033025099075297,0.0,0.9573958856557712,0.0,0.8620803329774749,0.0,0.2347560971975326,-0.0,0.7805444444444443,0.0,,,0.0035833333333333
celeba,iid,20,9928,10,15,0.9084,0.0,0.5033025099075297,0.0,0.9573958856557712,0.0,0.8620803329774749,0.0,0.2347560971975326,-0.01050253311793,0.7805444444444443,0.009867037037037,,,0.0
celeba,iid,20,9928,10,16,0.9084,0.0,0.5033025099075297,0.0,0.9573958856557712,0.0,0.8620803329774749,0.0,0.2347560971975326,-0.0,0.7805444444444443,0.0,,,0.0
celeba,iid,20,9928,10,17,0.9084,0.0,0.5033025099075297,0.0,0.9573958856557712,0.0,0.8620803329774749,0.0,0.2347560971975326,-0.0,0.7805444444444443,0.0,,,0.0
celeba,iid,20,9928,10,18,0.9084,0.0025666666666666,0.5033025099075297,0.0,0.9573958856557712,0.0,0.8620803329774749,0.0,0.2347560971975326,-0.0,0.7805444444444443,0.0,,,0.0025666666666666
celeba,iid,20,9928,10,19,0.9084,0.0,0.5033025099075297,0.0,0.9573958856557712,0.0,0.8620803329774749,0.0,0.2347560971975326,-0.0,0.7805444444444443,0.0,,,0.0
