dataset,partition,num_clients,seed,round,client_id,global_l1o_rob,l1o_rob_contribution,global_l1o_adv,l1o_adv_contribution,global_l1o_priv,l1o_priv_contribution,l1o_priv_abs_contribution,accuracy,precision,recall,f1,loss,l1o_loss_contribution,l1o_acc_contribution,global_l1o_loss,global_l1o_acc,acc_contribution
imdb,noniid,20,42,1,0,0.635514,0.026884,0.5713237990465714,0.0753858374512981,0.9441555555555556,-0.0007111111111108,,0.5128,0.5758865248226951,0.1596539520251671,0.25,0.6919850707054138,0.0003957748413085,-0.0071999999999999,0.6919850707054138,0.5128,-0.0071999999999999
imdb,noniid,20,42,1,1,0.635514,0.043752,0.5713237990465714,0.1263110113227862,0.9441555555555556,-0.002822222222222,,0.5128,0.5758865248226951,0.1596539520251671,0.25,0.6919850707054138,0.0002679228782653,-0.009,0.6919850707054138,0.5128,-0.009
imdb,noniid,20,42,1,2,0.635514,0.031658,0.5713237990465714,0.087702157530193,0.9441555555555556,-0.0013555555555555,,0.5128,0.5758865248226951,0.1596539520251671,0.25,0.6919850707054138,0.000254213809967,-0.008,0.6919850707054138,0.5128,-0.008
imdb,noniid,20,42,1,3,0.635514,0.0290139999999999,0.5713237990465714,0.0809249807304709,0.9441555555555556,0.0124444444444444,,0.5128,0.5758865248226951,0.1596539520251671,0.25,0.6919850707054138,0.0003478527069091,-0.0083999999999999,0.6919850707054138,0.5128,-0.0083999999999999
imdb,noniid,20,42,1,4,0.635514,0.030724,0.5713237990465714,0.0858405208400296,0.9441555555555556,-0.0015999999999998,,0.5128,0.5758865248226951,0.1596539520251671,0.25,0.6919850707054138,0.0002744793891906,-0.008,0.6919850707054138,0.5128,-0.008
imdb,noniid,20,42,1,5,0.635514,0.033818,0.5713237990465714,0.0955350976525875,0.9441555555555556,-0.0010888888888886,,0.5128,0.5758865248226951,0.1596539520251671,0.25,0.6919850707054138,0.0002884268760681,-0.0071999999999999,0.6919850707054138,0.5128,-0.0071999999999999
imdb,noniid,20,42,1,6,0.635514,0.0400140000000001,0.5713237990465714,0.1103490830333797,0.9441555555555556,-0.0023777777777778,,0.5128,0.5758865248226951,0.1596539520251671,0.25,0.6919850707054138,0.0002723932266235,-0.0071999999999999,0.6919850707054138,0.5128,-0.0071999999999999
imdb,noniid,20,42,1,7,0.635514,0.030976,0.5713237990465714,0.0891743695287208,0.9441555555555556,-0.0011777777777777,,0.5128,0.5758865248226951,0.1596539520251671,0.25,0.6919850707054138,0.0003226399421691,-0.0067999999999999,0.6919850707054138,0.5128,-0.0067999999999999
imdb,noniid,20,42,1,8,0.635514,0.041,0.5713237990465714,0.1190827997813252,0.9441555555555556,-0.0013777777777777,,0.5128,0.5758865248226951,0.1596539520251671,0.25,0.6919850707054138,0.0003122687339782,-0.0085999999999999,0.6919850707054138,0.5128,-0.0085999999999999
imdb,noniid,20,42,1,9,0.635514,0.0365879999999999,0.5713237990465714,0.1095029473578783,0.9441555555555556,-0.0018444444444443,,0.5128,0.5758865248226951,0.1596539520251671,0.25,0.6919850707054138,0.0003142356872558,-0.009,0.6919850707054138,0.5128,-0.009
imdb,noniid,20,42,1,10,0.635514,0.0569659999999999,0.5713237990465714,0.152839510691673,0.9441555555555556,-0.0009333333333332,,0.5128,0.5758865248226951,0.1596539520251671,0.25,0.6919850707054138,0.0003073811531066,-0.009,0.6919850707054138,0.5128,-0.009
imdb,noniid,20,42,1,11,0.635514,0.0415759999999999,0.5713237990465714,0.1147144984240887,0.9441555555555556,-0.0010888888888886,,0.5128,0.5758865248226951,0.1596539520251671,0.25,0.6919850707054138,0.00025475025177,-0.0083999999999999,0.6919850707054138,0.5128,-0.0083999999999999
imdb,noniid,20,42,1,12,0.635514,0.035544,0.5713237990465714,0.100994128716901,0.9441555555555556,-0.0016666666666664,,0.5128,0.5758865248226951,0.1596539520251671,0.25,0.6919850707054138,0.0002927184104919,-0.0065999999999999,0.6919850707054138,0.5128,-0.0065999999999999
imdb,noniid,20,42,1,13,0.635514,0.02327,0.5713237990465714,0.0696626694784651,0.9441555555555556,-0.0007555555555553,,0.5128,0.5758865248226951,0.1596539520251671,0.25,0.6919850707054138,0.0003909468650817,-0.0081999999999999,0.6919850707054138,0.5128,-0.0081999999999999
imdb,noniid,20,42,1,14,0.635514,0.0360559999999999,0.5713237990465714,0.1057812770524365,0.9441555555555556,-0.0008888888888887,,0.5128,0.5758865248226951,0.1596539520251671,0.25,0.6919850707054138,0.0002791881561279,-0.0063999999999999,0.6919850707054138,0.5128,-0.0063999999999999
imdb,noniid,20,42,1,15,0.635514,0.03695,0.5713237990465714,0.1063439677301064,0.9441555555555556,-0.0014222222222222,,0.5128,0.5758865248226951,0.1596539520251671,0.25,0.6919850707054138,0.0002909302711486,-0.007,0.6919850707054138,0.5128,-0.007
imdb,noniid,20,42,1,16,0.635514,0.0319699999999999,0.5713237990465714,0.0922796813995125,0.9441555555555556,-0.0016444444444443,,0.5128,0.5758865248226951,0.1596539520251671,0.25,0.6919850707054138,0.000274658203125,-0.0067999999999999,0.6919850707054138,0.5128,-0.0067999999999999
imdb,noniid,20,42,1,17,0.635514,0.031984,0.5713237990465714,0.0895290215548464,0.9441555555555556,-0.0011777777777777,,0.5128,0.5758865248226951,0.1596539520251671,0.25,0.6919850707054138,0.0002757906913757,-0.0073999999999999,0.6919850707054138,0.5128,-0.0073999999999999
imdb,noniid,20,42,1,18,0.635514,0.024934,0.5713237990465714,0.0761102497093106,0.9441555555555556,-0.0007999999999999,,0.5128,0.5758865248226951,0.1596539520251671,0.25,0.6919850707054138,0.000305950641632,-0.0075999999999999,0.6919850707054138,0.5128,-0.0075999999999999
imdb,noniid,20,42,1,19,0.635514,0.04063,0.5713237990465714,0.1096724228997824,0.9441555555555556,-0.0021999999999997,,0.5128,0.5758865248226951,0.1596539520251671,0.25,0.6919850707054138,0.000258982181549,-0.008,0.6919850707054138,0.5128,-0.008
imdb,noniid,20,42,2,0,0.6609119999999999,0.0272959999999999,0.6472503617945007,0.079207273823226,0.852311111111111,-0.0106222222222223,,0.5076,0.6708860759493671,0.0625245772709398,0.114388489208633,0.6910521388053894,0.0005462765693664,-0.0007999999999999,0.6910521388053894,0.5076,-0.0007999999999999
imdb,noniid,20,42,2,1,0.6609119999999999,0.0488399999999999,0.6472503617945007,0.123895797038662,0.852311111111111,0.0273999999999998,,0.5076,0.6708860759493671,0.0625245772709398,0.114388489208633,0.6910521388053894,0.0003503561019897,-0.004,0.6910521388053894,0.5076,-0.004
imdb,noniid,20,42,2,2,0.6609119999999999,0.0338859999999999,0.6472503617945007,0.0878373338775357,0.852311111111111,-0.0092999999999998,,0.5076,0.6708860759493671,0.0625245772709398,0.114388489208633,0.6910521388053894,0.0003561377525329,-0.0023999999999999,0.6910521388053894,0.5076,-0.0023999999999999
imdb,noniid,20,42,2,3,0.6609119999999999,0.0307779999999999,0.6472503617945007,0.0840566632624563,0.852311111111111,-0.0105555555555556,,0.5076,0.6708860759493671,0.0625245772709398,0.114388489208633,0.6910521388053894,0.0004602670669555,-0.0023999999999999,0.6910521388053894,0.5076,-0.0023999999999999
imdb,noniid,20,42,2,4,0.6609119999999999,0.0323559999999999,0.6472503617945007,0.0858907911326044,0.852311111111111,-0.0111777777777779,,0.5076,0.6708860759493671,0.0625245772709398,0.114388489208633,0.6910521388053894,0.0003846287727355,-0.0021999999999999,0.6910521388053894,0.5076,-0.0021999999999999
imdb,noniid,20,42,2,5,0.6609119999999999,0.0347799999999999,0.6472503617945007,0.0932832424235213,0.852311111111111,-0.0104444444444442,,0.5076,0.6708860759493671,0.0625245772709398,0.114388489208633,0.6910521388053894,0.00038743019104,-0.0021999999999999,0.6910521388053894,0.5076,-0.0021999999999999
imdb,noniid,20,42,2,6,0.6609119999999999,0.0435499999999999,0.6472503617945007,0.1130910697591024,0.852311111111111,0.0439444444444443,,0.5076,0.6708860759493671,0.0625245772709398,0.114388489208633,0.6910521388053894,0.0003553628921508,-0.0031999999999999,0.6910521388053894,0.5076,-0.0031999999999999
imdb,noniid,20,42,2,7,0.6609119999999999,0.0341599999999999,0.6472503617945007,0.0875943245318707,0.852311111111111,0.0360444444444445,,0.5076,0.6708860759493671,0.0625245772709398,0.114388489208633,0.6910521388053894,0.0004400014877319,-0.0023999999999999,0.6910521388053894,0.5076,-0.0023999999999999
imdb,noniid,20,42,2,8,0.6609119999999999,0.0463659999999999,0.6472503617945007,0.1217546110862853,0.852311111111111,-0.002811111111111,,0.5076,0.6708860759493671,0.0625245772709398,0.114388489208633,0.6910521388053894,0.0003964900970458,-0.0037999999999999,0.6910521388053894,0.5076,-0.0037999999999999
imdb,noniid,20,42,2,9,0.6609119999999999,0.0403099999999999,0.6472503617945007,0.1099369289586797,0.852311111111111,0.0056222222222219,,0.5076,0.6708860759493671,0.0625245772709398,0.114388489208633,0.6910521388053894,0.0003977417945861,-0.0033999999999999,0.6910521388053894,0.5076,-0.0033999999999999
imdb,noniid,20,42,2,10,0.6609119999999999,0.0619999999999999,0.6472503617945007,0.1642858377340862,0.852311111111111,-0.0094666666666667,,0.5076,0.6708860759493671,0.0625245772709398,0.114388489208633,0.6910521388053894,0.0003473162651062,-0.0061999999999999,0.6910521388053894,0.5076,-0.0061999999999999
imdb,noniid,20,42,2,11,0.6609119999999999,0.045188,0.6472503617945007,0.1205436055157599,0.852311111111111,0.0110333333333332,,0.5076,0.6708860759493671,0.0625245772709398,0.114388489208633,0.6910521388053894,0.0003328919410705,-0.0031999999999999,0.6910521388053894,0.5076,-0.0031999999999999
imdb,noniid,20,42,2,12,0.6609119999999999,0.0385099999999999,0.6472503617945007,0.0971612352347859,0.852311111111111,-0.0049555555555556,,0.5076,0.6708860759493671,0.0625245772709398,0.114388489208633,0.6910521388053894,0.0003820657730102,-0.0021999999999999,0.6910521388053894,0.5076,-0.0021999999999999
imdb,noniid,20,42,2,13,0.6609119999999999,0.0248839999999999,0.6472503617945007,0.0716668788501559,0.852311111111111,-0.0096444444444445,,0.5076,0.6708860759493671,0.0625245772709398,0.114388489208633,0.6910521388053894,0.0005393624305725,-0.0003999999999999,0.6910521388053894,0.5076,-0.0003999999999999
imdb,noniid,20,42,2,14,0.6609119999999999,0.03932,0.6472503617945007,0.1038957064995469,0.852311111111111,-0.0110444444444446,,0.5076,0.6708860759493671,0.0625245772709398,0.114388489208633,0.6910521388053894,0.0003613233566284,-0.0023999999999999,0.6910521388053894,0.5076,-0.0023999999999999
imdb,noniid,20,42,2,15,0.6609119999999999,0.0409559999999999,0.6472503617945007,0.1087342098598184,0.852311111111111,-0.0113555555555555,,0.5076,0.6708860759493671,0.0625245772709398,0.114388489208633,0.6910521388053894,0.0003788471221923,-0.0025999999999999,0.6910521388053894,0.5076,-0.0025999999999999
imdb,noniid,20,42,2,16,0.6609119999999999,0.0359499999999999,0.6472503617945007,0.0900666591497544,0.852311111111111,0.0303999999999999,,0.5076,0.6708860759493671,0.0625245772709398,0.114388489208633,0.6910521388053894,0.0003796815872192,-0.0021999999999999,0.6910521388053894,0.5076,-0.0021999999999999
imdb,noniid,20,42,2,17,0.6609119999999999,0.0330659999999999,0.6472503617945007,0.0883952634045185,0.852311111111111,0.0153999999999998,,0.5076,0.6708860759493671,0.0625245772709398,0.114388489208633,0.6910521388053894,0.0003869533538818,-0.0025999999999999,0.6910521388053894,0.5076,-0.0025999999999999
imdb,noniid,20,42,2,18,0.6609119999999999,0.026648,0.6472503617945007,0.0787424708332381,0.852311111111111,-0.0030888888888889,,0.5076,0.6708860759493671,0.0625245772709398,0.114388489208633,0.6910521388053894,0.0004556775093078,-0.0007999999999999,0.6910521388053894,0.5076,-0.0007999999999999
imdb,noniid,20,42,2,19,0.6609119999999999,0.0433239999999999,0.6472503617945007,0.1157793575512192,0.852311111111111,0.0268333333333332,,0.5076,0.6708860759493671,0.0625245772709398,0.114388489208633,0.6910521388053894,0.0003337860107421,-0.0033999999999999,0.6910521388053894,0.5076,-0.0033999999999999
imdb,noniid,20,42,3,0,0.683942,0.025672,0.7065761258041459,0.0555122960169117,0.8507555555555555,-0.0007111111111111,,0.5098,0.7613636363636364,0.0526936688950059,0.0985656491357116,0.6891971230506897,0.0010040402412414,0.0006,0.6891971230506897,0.5098,0.0006
imdb,noniid,20,42,3,1,0.683942,0.048038,0.7065761258041459,0.1212524844057381,0.8507555555555555,-0.0008222222222225,,0.5098,0.7613636363636364,0.0526936688950059,0.0985656491357116,0.6891971230506897,0.0007045269012451,-0.0015999999999999,0.6891971230506897,0.5098,-0.0015999999999999
imdb,noniid,20,42,3,2,0.683942,0.0337100000000001,0.7065761258041459,0.0720012839208008,0.8507555555555555,-0.0006222222222223,,0.5098,0.7613636363636364,0.0526936688950059,0.0985656491357116,0.6891971230506897,0.0007200837135314,-0.0018,0.6891971230506897,0.5098,-0.0018
imdb,noniid,20,42,3,3,0.683942,0.0292620000000001,0.7065761258041459,0.0659125183209125,0.8507555555555555,0.0003111111111111,,0.5098,0.7613636363636364,0.0526936688950059,0.0985656491357116,0.6891971230506897,0.0008769035339355,-0.0005999999999999,0.6891971230506897,0.5098,-0.0005999999999999
imdb,noniid,20,42,3,4,0.683942,0.0318640000000001,0.7065761258041459,0.0708191886773457,0.8507555555555555,-0.0004111111111111,,0.5098,0.7613636363636364,0.0526936688950059,0.0985656491357116,0.6891971230506897,0.0007632374763488,-0.0005999999999999,0.6891971230506897,0.5098,-0.0005999999999999
imdb,noniid,20,42,3,5,0.683942,0.0357979999999999,0.7065761258041459,0.0799982856919439,0.8507555555555555,-0.0015111111111112,,0.5098,0.7613636363636364,0.0526936688950059,0.0985656491357116,0.6891971230506897,0.0007514953613281,-0.0015999999999999,0.6891971230506897,0.5098,-0.0015999999999999
imdb,noniid,20,42,3,6,0.683942,0.043008,0.7065761258041459,0.0995205896532551,0.8507555555555555,0.0004888888888887,,0.5098,0.7613636363636364,0.0526936688950059,0.0985656491357116,0.6891971230506897,0.0007034540176391,-0.0015999999999999,0.6891971230506897,0.5098,-0.0015999999999999
imdb,noniid,20,42,3,7,0.683942,0.033534,0.7065761258041459,0.0729614985186325,0.8507555555555555,-0.0010000000000001,,0.5098,0.7613636363636364,0.0526936688950059,0.0985656491357116,0.6891971230506897,0.0008348226547241,-0.0003999999999999,0.6891971230506897,0.5098,-0.0003999999999999
imdb,noniid,20,42,3,8,0.683942,0.047158,0.7065761258041459,0.1151296723966354,0.8507555555555555,-0.0008888888888889,,0.5098,0.7613636363636364,0.0526936688950059,0.0985656491357116,0.6891971230506897,0.000767707824707,-0.0013999999999999,0.6891971230506897,0.5098,-0.0013999999999999
imdb,noniid,20,42,3,9,0.683942,0.0404660000000001,0.7065761258041459,0.0990831286052663,0.8507555555555555,0.0001999999999997,,0.5098,0.7613636363636364,0.0526936688950059,0.0985656491357116,0.6891971230506897,0.0007672905921936,-0.0013999999999999,0.6891971230506897,0.5098,-0.0013999999999999
imdb,noniid,20,42,3,10,0.683942,0.065128,0.7065761258041459,0.1671966508638117,0.8507555555555555,-0.0003111111111111,,0.5098,0.7613636363636364,0.0526936688950059,0.0985656491357116,0.6891971230506897,0.0007003545761108,-0.0018,0.6891971230506897,0.5098,-0.0018
imdb,noniid,20,42,3,11,0.683942,0.0461260000000001,0.7065761258041459,0.1085232746219483,0.8507555555555555,-0.0004666666666668,,0.5098,0.7613636363636364,0.0526936688950059,0.0985656491357116,0.6891971230506897,0.0006803274154663,-0.0013999999999999,0.6891971230506897,0.5098,-0.0013999999999999
imdb,noniid,20,42,3,12,0.683942,0.036768,0.7065761258041459,0.0858260381770866,0.8507555555555555,-0.0004888888888887,,0.5098,0.7613636363636364,0.0526936688950059,0.0985656491357116,0.6891971230506897,0.0007309317588806,-0.0013999999999999,0.6891971230506897,0.5098,-0.0013999999999999
imdb,noniid,20,42,3,13,0.683942,0.022982,0.7065761258041459,0.0510245117566112,0.8507555555555555,-0.0012888888888888,,0.5098,0.7613636363636364,0.0526936688950059,0.0985656491357116,0.6891971230506897,0.0010017752647399,0.001,0.6891971230506897,0.5098,0.001
imdb,noniid,20,42,3,14,0.683942,0.0391019999999999,0.7065761258041459,0.0943383635663835,0.8507555555555555,-0.0009555555555555,,0.5098,0.7613636363636364,0.0526936688950059,0.0985656491357116,0.6891971230506897,0.0007010698318481,-0.0015999999999999,0.6891971230506897,0.5098,-0.0015999999999999
imdb,noniid,20,42,3,15,0.683942,0.040704,0.7065761258041459,0.0959318681010645,0.8507555555555555,-0.0001333333333335,,0.5098,0.7613636363636364,0.0526936688950059,0.0985656491357116,0.6891971230506897,0.000728964805603,-0.0013999999999999,0.6891971230506897,0.5098,-0.0013999999999999
imdb,noniid,20,42,3,16,0.683942,0.035106,0.7065761258041459,0.0785957611477643,0.8507555555555555,-0.0006444444444446,,0.5098,0.7613636363636364,0.0526936688950059,0.0985656491357116,0.6891971230506897,0.0007435679435729,-0.0011999999999999,0.6891971230506897,0.5098,-0.0011999999999999
imdb,noniid,20,42,3,17,0.683942,0.032078,0.7065761258041459,0.0720957887254941,0.8507555555555555,4.444444444451357e-05,,0.5098,0.7613636363636364,0.0526936688950059,0.0985656491357116,0.6891971230506897,0.0007606744766235,-0.0011999999999999,0.6891971230506897,0.5098,-0.0011999999999999
imdb,noniid,20,42,3,18,0.683942,0.02593,0.7065761258041459,0.0538475645001061,0.8507555555555555,-0.0006666666666668,,0.5098,0.7613636363636364,0.0526936688950059,0.0985656491357116,0.6891971230506897,0.0008776187896728,0.0006,0.6891971230506897,0.5098,0.0006
imdb,noniid,20,42,3,19,0.683942,0.043088,0.7065761258041459,0.1025984565787445,0.8507555555555555,0.000233333333333,,0.5098,0.7613636363636364,0.0526936688950059,0.0985656491357116,0.6891971230506897,0.0006735920906066,-0.0011999999999999,0.6891971230506897,0.5098,-0.0011999999999999
imdb,noniid,20,42,4,0,0.7058,0.02644,0.7496448863636364,0.0471597621074235,0.8900444444444444,0.0014555555555555,,0.5158,0.7990196078431373,0.0640975226110892,0.1186749180924645,0.685746967792511,0.0017767548561096,0.0022,0.685746967792511,0.5158,0.0022
imdb,noniid,20,42,4,1,0.7058,0.0480859999999999,0.7496448863636364,0.1007665722915764,0.8900444444444444,0.0005333333333332,,0.5158,0.7990196078431373,0.0640975226110892,0.1186749180924645,0.685746967792511,0.0013675689697265,0.0008,0.685746967792511,0.5158,0.0008
imdb,noniid,20,42,4,2,0.7058,0.0311919999999999,0.7496448863636364,0.0616893153813385,0.8900444444444444,0.0005111111111111,,0.5158,0.7990196078431373,0.0640975226110892,0.1186749180924645,0.685746967792511,0.001364529132843,0.0008,0.685746967792511,0.5158,0.0008
imdb,noniid,20,42,4,3,0.7058,0.0296179999999999,0.7496448863636364,0.0527807748653784,0.8900444444444444,-0.0003333333333332,,0.5158,0.7990196078431373,0.0640975226110892,0.1186749180924645,0.685746967792511,0.0016108155250549,0.0016,0.685746967792511,0.5158,0.0016
imdb,noniid,20,42,4,4,0.7058,0.03115,0.7496448863636364,0.0593671085858585,0.8900444444444444,-0.0001777777777778,,0.5158,0.7990196078431373,0.0640975226110892,0.1186749180924645,0.685746967792511,0.0014241933822631,0.0014,0.685746967792511,0.5158,0.0014
imdb,noniid,20,42,4,5,0.7058,0.0355799999999999,0.7496448863636364,0.0705171605069385,0.8900444444444444,0.0002666666666666,,0.5158,0.7990196078431373,0.0640975226110892,0.1186749180924645,0.685746967792511,0.001393973827362,0.0012,0.685746967792511,0.5158,0.0012
imdb,noniid,20,42,4,6,0.7058,0.0424519999999999,0.7496448863636364,0.0822916422853665,0.8900444444444444,0.0005333333333334,,0.5158,0.7990196078431373,0.0640975226110892,0.1186749180924645,0.685746967792511,0.001335859298706,0.001,0.685746967792511,0.5158,0.001
imdb,noniid,20,42,4,7,0.7058,0.0325159999999999,0.7496448863636364,0.0615587453424484,0.8900444444444444,0.0002888888888887,,0.5158,0.7990196078431373,0.0640975226110892,0.1186749180924645,0.685746967792511,0.0015203952789306,0.0018,0.685746967792511,0.5158,0.0018
imdb,noniid,20,42,4,8,0.7058,0.0462979999999999,0.7496448863636364,0.0933415040609373,0.8900444444444444,0.0007777777777779,,0.5158,0.7990196078431373,0.0640975226110892,0.1186749180924645,0.685746967792511,0.0014488697052001,0.001,0.685746967792511,0.5158,0.001
imdb,noniid,20,42,4,9,0.7058,0.03983,0.7496448863636364,0.0824041009692168,0.8900444444444444,4.444444444451357e-05,,0.5158,0.7990196078431373,0.0640975226110892,0.1186749180924645,0.685746967792511,0.0014439821243286,0.0006,0.685746967792511,0.5158,0.0006
imdb,noniid,20,42,4,10,0.7058,0.0662419999999999,0.7496448863636364,0.1401754437847243,0.8900444444444444,0.0011777777777779,,0.5158,0.7990196078431373,0.0640975226110892,0.1186749180924645,0.685746967792511,0.0013983249664306,-0.0011999999999999,0.685746967792511,0.5158,-0.0011999999999999
imdb,noniid,20,42,4,11,0.7058,0.045962,0.7496448863636364,0.0878801804812834,0.8900444444444444,0.0012222222222222,,0.5158,0.7990196078431373,0.0640975226110892,0.1186749180924645,0.685746967792511,0.0013192296028137,0.0008,0.685746967792511,0.5158,0.0008
imdb,noniid,20,42,4,12,0.7058,0.0382259999999999,0.7496448863636364,0.0748088490836915,0.8900444444444444,8.888888888880508e-05,,0.5158,0.7990196078431373,0.0640975226110892,0.1186749180924645,0.685746967792511,0.0013534426689147,0.0008,0.685746967792511,0.5158,0.0008
imdb,noniid,20,42,4,13,0.7058,0.02299,0.7496448863636364,0.0389243239734782,0.8900444444444444,0.0009777777777777,,0.5158,0.7990196078431373,0.0640975226110892,0.1186749180924645,0.685746967792511,0.001775324344635,0.0026,0.685746967792511,0.5158,0.0026
imdb,noniid,20,42,4,14,0.7058,0.0390719999999999,0.7496448863636364,0.0808003196511191,0.8900444444444444,0.0004222222222223,,0.5158,0.7990196078431373,0.0640975226110892,0.1186749180924645,0.685746967792511,0.0013161897659301,0.001,0.685746967792511,0.5158,0.001
imdb,noniid,20,42,4,15,0.7058,0.0403299999999999,0.7496448863636364,0.0822902252009256,0.8900444444444444,0.0004888888888889,,0.5158,0.7990196078431373,0.0640975226110892,0.1186749180924645,0.685746967792511,0.0013604760169982,0.0012,0.685746967792511,0.5158,0.0012
imdb,noniid,20,42,4,16,0.7058,0.0359599999999999,0.7496448863636364,0.0665658294981716,0.8900444444444444,0.0010222222222222,,0.5158,0.7990196078431373,0.0640975226110892,0.1186749180924645,0.685746967792511,0.0013840198516845,0.0016,0.685746967792511,0.5158,0.0016
imdb,noniid,20,42,4,17,0.7058,0.0325739999999999,0.7496448863636364,0.0616893153813385,0.8900444444444444,4.444444444451357e-05,,0.5158,0.7990196078431373,0.0640975226110892,0.1186749180924645,0.685746967792511,0.0014177560806274,0.0016,0.685746967792511,0.5158,0.0016
imdb,noniid,20,42,4,18,0.7058,0.0254539999999999,0.7496448863636364,0.0459411826599326,0.8900444444444444,-0.0004777777777777,,0.5158,0.7990196078431373,0.0640975226110892,0.1186749180924645,0.685746967792511,0.001595139503479,0.0018,0.685746967792511,0.5158,0.0018
imdb,noniid,20,42,4,19,0.7058,0.0422879999999999,0.7496448863636364,0.0830925707547169,0.8900444444444444,0.0004222222222223,,0.5158,0.7990196078431373,0.0640975226110892,0.1186749180924645,0.685746967792511,0.0013012886047363,0.001,0.685746967792511,0.5158,0.001
imdb,noniid,20,42,5,0,0.723446,0.022998,0.7881895332390382,0.0491194430239098,0.9387111111111112,-0.0303333333333331,,0.5378,0.8258426966292135,0.115611482500983,0.2028285615729562,0.6799123287200928,0.002933382987976,0.0089999999999998,0.6799123287200928,0.5378,0.0089999999999998
imdb,noniid,20,42,5,1,0.723446,0.047366,0.7881895332390382,0.0968895668299014,0.9387111111111112,-0.0060333333333333,,0.5378,0.8258426966292135,0.115611482500983,0.2028285615729562,0.6799123287200928,0.0024149417877197,0.0061999999999999,0.6799123287200928,0.5378,0.0061999999999999
imdb,noniid,20,42,5,2,0.723446,0.028942,0.7881895332390382,0.0614473430570952,0.9387111111111112,0.0210888888888889,,0.5378,0.8258426966292135,0.115611482500983,0.2028285615729562,0.6799123287200928,0.002358078956604,0.0071999999999999,0.6799123287200928,0.5378,0.0071999999999999
imdb,noniid,20,42,5,3,0.723446,0.027238,0.7881895332390382,0.0540035671139085,0.9387111111111112,-0.0296222222222219,,0.5378,0.8258426966292135,0.115611482500983,0.2028285615729562,0.6799123287200928,0.0027345418930053,0.0081999999999999,0.6799123287200928,0.5378,0.0081999999999999
imdb,noniid,20,42,5,4,0.723446,0.030808,0.7881895332390382,0.059416759089846,0.9387111111111112,0.0444555555555556,,0.5378,0.8258426966292135,0.115611482500983,0.2028285615729562,0.6799123287200928,0.0024327039718627,0.0079999999999998,0.6799123287200928,0.5378,0.0079999999999998
imdb,noniid,20,42,5,5,0.723446,0.033348,0.7881895332390382,0.0701970443349753,0.9387111111111112,-0.0218222222222219,,0.5378,0.8258426966292135,0.115611482500983,0.2028285615729562,0.6799123287200928,0.002383530139923,0.0079999999999998,0.6799123287200928,0.5378,0.0079999999999998
imdb,noniid,20,42,5,6,0.723446,0.0397739999999999,0.7881895332390382,0.0837593675305498,0.9387111111111112,0.0569888888888892,,0.5378,0.8258426966292135,0.115611482500983,0.2028285615729562,0.6799123287200928,0.0023250579833984,0.0071999999999999,0.6799123287200928,0.5378,0.0071999999999999
imdb,noniid,20,42,5,7,0.723446,0.0295,0.7881895332390382,0.0609480354719478,0.9387111111111112,0.0567777777777778,,0.5378,0.8258426966292135,0.115611482500983,0.2028285615729562,0.6799123287200928,0.0025657415390014,0.0081999999999999,0.6799123287200928,0.5378,0.0081999999999999
imdb,noniid,20,42,5,8,0.723446,0.045546,0.7881895332390382,0.088628870853097,0.9387111111111112,-0.0251666666666665,,0.5378,0.8258426966292135,0.115611482500983,0.2028285615729562,0.6799123287200928,0.0025187134742736,0.0063999999999999,0.6799123287200928,0.5378,0.0063999999999999
imdb,noniid,20,42,5,9,0.723446,0.038764,0.7881895332390382,0.0793889895761091,0.9387111111111112,0.0010222222222222,,0.5378,0.8258426966292135,0.115611482500983,0.2028285615729562,0.6799123287200928,0.0025027990341186,0.0067999999999999,0.6799123287200928,0.5378,0.0067999999999999
imdb,noniid,20,42,5,10,0.723446,0.065058,0.7881895332390382,0.1309994505944101,0.9387111111111112,-0.0123777777777775,,0.5378,0.8258426966292135,0.115611482500983,0.2028285615729562,0.6799123287200928,0.0025378465652465,0.0053999999999999,0.6799123287200928,0.5378,0.0053999999999999
imdb,noniid,20,42,5,11,0.723446,0.04378,0.7881895332390382,0.0856878429077332,0.9387111111111112,-0.0289555555555554,,0.5378,0.8258426966292135,0.115611482500983,0.2028285615729562,0.6799123287200928,0.0023269057273864,0.0069999999999998,0.6799123287200928,0.5378,0.0069999999999998
imdb,noniid,20,42,5,12,0.723446,0.0358199999999999,0.7881895332390382,0.0776364283866458,0.9387111111111112,-0.0037666666666664,,0.5378,0.8258426966292135,0.115611482500983,0.2028285615729562,0.6799123287200928,0.002317726612091,0.0071999999999999,0.6799123287200928,0.5378,0.0071999999999999
imdb,noniid,20,42,5,13,0.723446,0.020334,0.7881895332390382,0.0441895332390381,0.9387111111111112,0.0129555555555558,,0.5378,0.8258426966292135,0.115611482500983,0.2028285615729562,0.6799123287200928,0.0029308199882507,0.0093999999999999,0.6799123287200928,0.5378,0.0093999999999999
imdb,noniid,20,42,5,14,0.723446,0.0374799999999999,0.7881895332390382,0.0785558833068807,0.9387111111111112,0.0135666666666667,,0.5378,0.8258426966292135,0.115611482500983,0.2028285615729562,0.6799123287200928,0.0022760033607482,0.0067999999999999,0.6799123287200928,0.5378,0.0067999999999999
imdb,noniid,20,42,5,15,0.723446,0.038022,0.7881895332390382,0.0791912310319074,0.9387111111111112,-0.029133333333333,,0.5378,0.8258426966292135,0.115611482500983,0.2028285615729562,0.6799123287200928,0.0023455023765563,0.0069999999999998,0.6799123287200928,0.5378,0.0069999999999998
imdb,noniid,20,42,5,16,0.723446,0.0341880000000001,0.7881895332390382,0.067108082178121,0.9387111111111112,0.0030555555555558,,0.5378,0.8258426966292135,0.115611482500983,0.2028285615729562,0.6799123287200928,0.0023668408393859,0.0079999999999998,0.6799123287200928,0.5378,0.0079999999999998
imdb,noniid,20,42,5,17,0.723446,0.0293540000000001,0.7881895332390382,0.0637207189826982,0.9387111111111112,0.0155111111111112,,0.5378,0.8258426966292135,0.115611482500983,0.2028285615729562,0.6799123287200928,0.0024255514144897,0.0083999999999999,0.6799123287200928,0.5378,0.0083999999999999
imdb,noniid,20,42,5,18,0.723446,0.022518,0.7881895332390382,0.0493602987395577,0.9387111111111112,-0.0188555555555554,,0.5378,0.8258426966292135,0.115611482500983,0.2028285615729562,0.6799123287200928,0.0026706457138061,0.0085999999999999,0.6799123287200928,0.5378,0.0085999999999999
imdb,noniid,20,42,5,19,0.723446,0.041476,0.7881895332390382,0.0838593573256416,0.9387111111111112,0.0334222222222224,,0.5378,0.8258426966292135,0.115611482500983,0.2028285615729562,0.6799123287200928,0.0022889375686645,0.0057999999999999,0.6799123287200928,0.5378,0.0057999999999999
imdb,noniid,20,42,6,0,0.73936,0.02235,0.8136908962597036,0.0382935223827167,0.8884555555555553,0.032144444444444,,0.569,0.8099041533546326,0.1993708218639402,0.3199747554433575,0.6708791255950928,0.0044718384742736,0.0139999999999999,0.6708791255950928,0.569,0.0139999999999999
imdb,noniid,20,42,6,1,0.73936,0.0459659999999999,0.8136908962597036,0.0893809527944557,0.8884555555555553,0.0446777777777775,,0.569,0.8099041533546326,0.1993708218639402,0.3199747554433575,0.6708791255950928,0.0038580894470214,0.0103999999999999,0.6708791255950928,0.569,0.0103999999999999
imdb,noniid,20,42,6,2,0.73936,0.027752,0.8136908962597036,0.0518348744241525,0.8884555555555553,0.0082666666666664,,0.569,0.8099041533546326,0.1993708218639402,0.3199747554433575,0.6708791255950928,0.0037051439285278,0.0103999999999999,0.6708791255950928,0.569,0.0103999999999999
imdb,noniid,20,42,6,3,0.73936,0.025184,0.8136908962597036,0.045251788197954,0.8884555555555553,0.002333333333333,,0.569,0.8099041533546326,0.1993708218639402,0.3199747554433575,0.6708791255950928,0.0042502284049987,0.0121999999999999,0.6708791255950928,0.569,0.0121999999999999
imdb,noniid,20,42,6,4,0.73936,0.02817,0.8136908962597036,0.0513958142924905,0.8884555555555553,0.0090666666666665,,0.569,0.8099041533546326,0.1993708218639402,0.3199747554433575,0.6708791255950928,0.0037910938262939,0.0113999999999999,0.6708791255950928,0.569,0.0113999999999999
imdb,noniid,20,42,6,5,0.73936,0.03139,0.8136908962597036,0.0597091951414385,0.8884555555555553,-0.0257222222222224,,0.569,0.8099041533546326,0.1993708218639402,0.3199747554433575,0.6708791255950928,0.0037269592285156,0.0107999999999999,0.6708791255950928,0.569,0.0107999999999999
imdb,noniid,20,42,6,6,0.73936,0.038884,0.8136908962597036,0.0740796362060842,0.8884555555555553,0.0378888888888884,,0.569,0.8099041533546326,0.1993708218639402,0.3199747554433575,0.6708791255950928,0.0036791563034057,0.0101999999999999,0.6708791255950928,0.569,0.0101999999999999
imdb,noniid,20,42,6,7,0.73936,0.029122,0.8136908962597036,0.0507937319276229,0.8884555555555553,-0.0084222222222223,,0.569,0.8099041533546326,0.1993708218639402,0.3199747554433575,0.6708791255950928,0.0039770007133483,0.0119999999999999,0.6708791255950928,0.569,0.0119999999999999
imdb,noniid,20,42,6,8,0.73936,0.042072,0.8136908962597036,0.0817802593807439,0.8884555555555553,-0.0091000000000003,,0.569,0.8099041533546326,0.1993708218639402,0.3199747554433575,0.6708791255950928,0.0039878487586975,0.0107999999999999,0.6708791255950928,0.569,0.0107999999999999
imdb,noniid,20,42,6,9,0.73936,0.038318,0.8136908962597036,0.0690817318392184,0.8884555555555553,-0.0070444444444448,,0.569,0.8099041533546326,0.1993708218639402,0.3199747554433575,0.6708791255950928,0.003950297832489,0.0105999999999999,0.6708791255950928,0.569,0.0105999999999999
imdb,noniid,20,42,6,10,0.73936,0.0626999999999999,0.8136908962597036,0.1199531271794687,0.8884555555555553,0.0047999999999999,,0.569,0.8099041533546326,0.1993708218639402,0.3199747554433575,0.6708791255950928,0.004132330417633,0.0099999999999998,0.6708791255950928,0.569,0.0099999999999998
imdb,noniid,20,42,6,11,0.73936,0.04142,0.8136908962597036,0.0790447013331347,0.8884555555555553,0.0071777777777777,,0.569,0.8099041533546326,0.1993708218639402,0.3199747554433575,0.6708791255950928,0.0037112236022949,0.0103999999999999,0.6708791255950928,0.569,0.0103999999999999
imdb,noniid,20,42,6,12,0.73936,0.0355579999999999,0.8136908962597036,0.0641973108444435,0.8884555555555553,0.0161999999999997,,0.569,0.8099041533546326,0.1993708218639402,0.3199747554433575,0.6708791255950928,0.0036296844482421,0.0103999999999999,0.6708791255950928,0.569,0.0103999999999999
imdb,noniid,20,42,6,13,0.73936,0.019336,0.8136908962597036,0.0332538515146463,0.8884555555555553,0.0455555555555553,,0.569,0.8099041533546326,0.1993708218639402,0.3199747554433575,0.6708791255950928,0.0044638514518737,0.0147999999999999,0.6708791255950928,0.569,0.0147999999999999
imdb,noniid,20,42,6,14,0.73936,0.03725,0.8136908962597036,0.0660493868257413,0.8884555555555553,-0.0414666666666669,,0.569,0.8099041533546326,0.1993708218639402,0.3199747554433575,0.6708791255950928,0.0035881400108337,0.0097999999999999,0.6708791255950928,0.569,0.0097999999999999
imdb,noniid,20,42,6,15,0.73936,0.0373719999999999,0.8136908962597036,0.0676484577282114,0.8884555555555553,0.0098555555555552,,0.569,0.8099041533546326,0.1993708218639402,0.3199747554433575,0.6708791255950928,0.0036894083023071,0.0099999999999998,0.6708791255950928,0.569,0.0099999999999998
imdb,noniid,20,42,6,16,0.73936,0.030822,0.8136908962597036,0.0577506382827857,0.8884555555555553,0.0068999999999996,,0.569,0.8099041533546326,0.1993708218639402,0.3199747554433575,0.6708791255950928,0.00369793176651,0.0111999999999999,0.6708791255950928,0.569,0.0111999999999999
imdb,noniid,20,42,6,17,0.73936,0.028428,0.8136908962597036,0.0534729126084774,0.8884555555555553,-0.026488888888889,,0.569,0.8099041533546326,0.1993708218639402,0.3199747554433575,0.6708791255950928,0.0037891268730163,0.0115999999999999,0.6708791255950928,0.569,0.0115999999999999
imdb,noniid,20,42,6,18,0.73936,0.023762,0.8136908962597036,0.0399305656811912,0.8884555555555553,0.0098999999999997,,0.569,0.8099041533546326,0.1993708218639402,0.3199747554433575,0.6708791255950928,0.0041062235832214,0.0129999999999999,0.6708791255950928,0.569,0.0129999999999999
imdb,noniid,20,42,6,19,0.73936,0.039306,0.8136908962597036,0.0753324372982295,0.8884555555555553,-0.0032444444444446,,0.569,0.8099041533546326,0.1993708218639402,0.3199747554433575,0.6708791255950928,0.00364750623703,0.0097999999999999,0.6708791255950928,0.569,0.0097999999999999
imdb,noniid,20,42,7,0,0.7516780000000001,0.019816,0.8254189944134078,0.0346096665670428,0.8968,-0.0025333333333332,,0.6142,0.8088531187122736,0.3161620133700354,0.4546225614927905,0.6578196287155151,0.0063799023628234,0.0197999999999999,0.6578196287155151,0.6142,0.0197999999999999
imdb,noniid,20,42,7,1,0.7516780000000001,0.0426680000000001,0.8254189944134078,0.0728587036965264,0.8968,-0.0034888888888888,,0.6142,0.8088531187122736,0.3161620133700354,0.4546225614927905,0.6578196287155151,0.0056877732276916,0.0165999999999999,0.6578196287155151,0.6142,0.0165999999999999
imdb,noniid,20,42,7,2,0.7516780000000001,0.0267680000000001,0.8254189944134078,0.0452771504417766,0.8968,4.444444444451357e-05,,0.6142,0.8088531187122736,0.3161620133700354,0.4546225614927905,0.6578196287155151,0.0053983330726623,0.016,0.6578196287155151,0.6142,0.016
imdb,noniid,20,42,7,3,0.7516780000000001,0.023126,0.8254189944134078,0.037488547771744,0.8968,-0.002622222222222,,0.6142,0.8088531187122736,0.3161620133700354,0.4546225614927905,0.6578196287155151,0.0061520338058471,0.018,0.6578196287155151,0.6142,0.018
imdb,noniid,20,42,7,4,0.7516780000000001,0.026468,0.8254189944134078,0.0443699250394653,0.8968,-0.0002222222222221,,0.6142,0.8088531187122736,0.3161620133700354,0.4546225614927905,0.6578196287155151,0.0054855346679687,0.0165999999999999,0.6578196287155151,0.6142,0.0165999999999999
imdb,noniid,20,42,7,5,0.7516780000000001,0.0297340000000001,0.8254189944134078,0.0500737603278571,0.8968,-0.002622222222222,,0.6142,0.8088531187122736,0.3161620133700354,0.4546225614927905,0.6578196287155151,0.0054108500480651,0.016,0.6578196287155151,0.6142,0.016
imdb,noniid,20,42,7,6,0.7516780000000001,0.036952,0.8254189944134078,0.0600446628626056,0.8968,-0.0006666666666665,,0.6142,0.8088531187122736,0.3161620133700354,0.4546225614927905,0.6578196287155151,0.0053842067718505,0.0161999999999999,0.6578196287155151,0.6142,0.0161999999999999
imdb,noniid,20,42,7,7,0.7516780000000001,0.0264079999999999,0.8254189944134078,0.0455001303160447,0.8968,-0.0011999999999998,,0.6142,0.8088531187122736,0.3161620133700354,0.4546225614927905,0.6578196287155151,0.0057430267333984,0.0171999999999999,0.6578196287155151,0.6142,0.0171999999999999
imdb,noniid,20,42,7,8,0.7516780000000001,0.0402,0.8254189944134078,0.0658579701367201,0.8968,-0.0011555555555555,,0.6142,0.8088531187122736,0.3161620133700354,0.4546225614927905,0.6578196287155151,0.0058473944664001,0.0167999999999999,0.6578196287155151,0.6142,0.0167999999999999
imdb,noniid,20,42,7,9,0.7516780000000001,0.034348,0.8254189944134078,0.0555431138364201,0.8968,-0.0031111111111108,,0.6142,0.8088531187122736,0.3161620133700354,0.4546225614927905,0.6578196287155151,0.0057804584503173,0.017,0.6578196287155151,0.6142,0.017
imdb,noniid,20,42,7,10,0.7516780000000001,0.0581180000000001,0.8254189944134078,0.1007017084683351,0.8968,-0.0028666666666665,,0.6142,0.8088531187122736,0.3161620133700354,0.4546225614927905,0.6578196287155151,0.006182849407196,0.0165999999999999,0.6578196287155151,0.6142,0.0165999999999999
imdb,noniid,20,42,7,11,0.7516780000000001,0.039028,0.8254189944134078,0.0647665310312507,0.8968,-0.0030888888888889,,0.6142,0.8088531187122736,0.3161620133700354,0.4546225614927905,0.6578196287155151,0.0054611563682556,0.0163999999999999,0.6578196287155151,0.6142,0.0163999999999999
imdb,noniid,20,42,7,12,0.7516780000000001,0.032332,0.8254189944134078,0.0513772997261179,0.8968,-0.0016666666666664,,0.6142,0.8088531187122736,0.3161620133700354,0.4546225614927905,0.6578196287155151,0.0052774548530578,0.0157999999999999,0.6578196287155151,0.6142,0.0157999999999999
imdb,noniid,20,42,7,13,0.7516780000000001,0.016796,0.8254189944134078,0.0282426858734629,0.8968,-0.0009555555555553,,0.6142,0.8088531187122736,0.3161620133700354,0.4546225614927905,0.6578196287155151,0.0063634514808654,0.0201999999999999,0.6578196287155151,0.6142,0.0201999999999999
imdb,noniid,20,42,7,14,0.7516780000000001,0.0343040000000001,0.8254189944134078,0.0535009561198236,0.8968,-0.0014888888888886,,0.6142,0.8088531187122736,0.3161620133700354,0.4546225614927905,0.6578196287155151,0.0052409172058105,0.0155999999999999,0.6578196287155151,0.6142,0.0155999999999999
imdb,noniid,20,42,7,15,0.7516780000000001,0.0349559999999999,0.8254189944134078,0.0551305973644473,0.8968,-0.0041333333333331,,0.6142,0.8088531187122736,0.3161620133700354,0.4546225614927905,0.6578196287155151,0.0053800344467163,0.0157999999999999,0.6578196287155151,0.6142,0.0157999999999999
imdb,noniid,20,42,7,16,0.7516780000000001,0.029382,0.8254189944134078,0.050149452634432,0.8968,-0.0022666666666666,,0.6142,0.8088531187122736,0.3161620133700354,0.4546225614927905,0.6578196287155151,0.0053644776344299,0.016,0.6578196287155151,0.6142,0.016
imdb,noniid,20,42,7,17,0.7516780000000001,0.02701,0.8254189944134078,0.04606676769276,0.8968,-0.0010666666666663,,0.6142,0.8088531187122736,0.3161620133700354,0.4546225614927905,0.6578196287155151,0.0054930448532104,0.0167999999999999,0.6578196287155151,0.6142,0.0167999999999999
imdb,noniid,20,42,7,18,0.7516780000000001,0.0204699999999999,0.8254189944134078,0.035891273674188,0.8968,-0.0009333333333332,,0.6142,0.8088531187122736,0.3161620133700354,0.4546225614927905,0.6578196287155151,0.0058889389038085,0.0177999999999999,0.6578196287155151,0.6142,0.0177999999999999
imdb,noniid,20,42,7,19,0.7516780000000001,0.037186,0.8254189944134078,0.0613815612583276,0.8968,-0.0033333333333331,,0.6142,0.8088531187122736,0.3161620133700354,0.4546225614927905,0.6578196287155151,0.0053625106811523,0.0161999999999999,0.6578196287155151,0.6142,0.0161999999999999
imdb,noniid,20,42,8,0,0.761868,0.0177579999999999,0.8369337979094077,0.0295036683933885,0.9191333333333334,-0.003511111111111,,0.6678,0.7963709677419355,0.4659850570192685,0.5879434383527661,0.6404348611831665,0.0083619356155395,0.0269999999999999,0.6404348611831665,0.6678,0.0269999999999999
imdb,noniid,20,42,8,1,0.761868,0.0398819999999999,0.8369337979094077,0.0624110855986769,0.9191333333333334,-0.0031999999999998,,0.6678,0.7963709677419355,0.4659850570192685,0.5879434383527661,0.6404348611831665,0.0076067447662353,0.0232,0.6404348611831665,0.6678,0.0232
imdb,noniid,20,42,8,2,0.761868,0.0236079999999999,0.8369337979094077,0.04016938941598,0.9191333333333334,-0.0027777777777777,,0.6678,0.7963709677419355,0.4659850570192685,0.5879434383527661,0.6404348611831665,0.0071512460708618,0.0221999999999999,0.6404348611831665,0.6678,0.0221999999999999
imdb,noniid,20,42,8,3,0.761868,0.020872,0.8369337979094077,0.0352388826551703,0.9191333333333334,-0.0027333333333334,,0.6678,0.7963709677419355,0.4659850570192685,0.5879434383527661,0.6404348611831665,0.0081366300582885,0.0249999999999999,0.6404348611831665,0.6678,0.0249999999999999
imdb,noniid,20,42,8,4,0.761868,0.023214,0.8369337979094077,0.0399692110628646,0.9191333333333334,-0.0011333333333332,,0.6678,0.7963709677419355,0.4659850570192685,0.5879434383527661,0.6404348611831665,0.007231056690216,0.0227999999999999,0.6404348611831665,0.6678,0.0227999999999999
imdb,noniid,20,42,8,5,0.761868,0.0272839999999999,0.8369337979094077,0.0431712224566913,0.9191333333333334,-0.0022444444444444,,0.6678,0.7963709677419355,0.4659850570192685,0.5879434383527661,0.6404348611831665,0.007158875465393,0.0227999999999999,0.6404348611831665,0.6678,0.0227999999999999
imdb,noniid,20,42,8,6,0.761868,0.0336819999999999,0.8369337979094077,0.052763528537941,0.9191333333333334,-0.0011999999999998,,0.6678,0.7963709677419355,0.4659850570192685,0.5879434383527661,0.6404348611831665,0.0071592926979064,0.0223999999999999,0.6404348611831665,0.6678,0.0223999999999999
imdb,noniid,20,42,8,7,0.761868,0.0250219999999999,0.8369337979094077,0.0406437473191885,0.9191333333333334,-0.0032888888888888,,0.6678,0.7963709677419355,0.4659850570192685,0.5879434383527661,0.6404348611831665,0.0075790286064147,0.0235999999999999,0.6404348611831665,0.6678,0.0235999999999999
imdb,noniid,20,42,8,8,0.761868,0.0387159999999999,0.8369337979094077,0.0580526327323139,0.9191333333333334,0.0353222222222222,,0.6678,0.7963709677419355,0.4659850570192685,0.5879434383527661,0.6404348611831665,0.0078011155128479,0.0235999999999999,0.6404348611831665,0.6678,0.0235999999999999
imdb,noniid,20,42,8,9,0.761868,0.0313799999999999,0.8369337979094077,0.0499555007474711,0.9191333333333334,-0.003488888888889,,0.6678,0.7963709677419355,0.4659850570192685,0.5879434383527661,0.6404348611831665,0.0076987147331237,0.0233999999999999,0.6404348611831665,0.6678,0.0233999999999999
imdb,noniid,20,42,8,10,0.761868,0.0555939999999999,0.8369337979094077,0.090301341206393,0.9191333333333334,-0.0053333333333334,,0.6678,0.7963709677419355,0.4659850570192685,0.5879434383527661,0.6404348611831665,0.0083659887313842,0.0245999999999999,0.6404348611831665,0.6678,0.0245999999999999
imdb,noniid,20,42,8,11,0.761868,0.035304,0.8369337979094077,0.0577216165125192,0.9191333333333334,-0.0036444444444445,,0.6678,0.7963709677419355,0.4659850570192685,0.5879434383527661,0.6404348611831665,0.0072890520095825,0.0232,0.6404348611831665,0.6678,0.0232
imdb,noniid,20,42,8,12,0.761868,0.0283259999999999,0.8369337979094077,0.0456992713118834,0.9191333333333334,-0.0019111111111111,,0.6678,0.7963709677419355,0.4659850570192685,0.5879434383527661,0.6404348611831665,0.0069849491119384,0.0221999999999999,0.6404348611831665,0.6678,0.0221999999999999
imdb,noniid,20,42,8,13,0.761868,0.01478,0.8369337979094077,0.0276378307187036,0.9191333333333334,-0.003511111111111,,0.6678,0.7963709677419355,0.4659850570192685,0.5879434383527661,0.6404348611831665,0.0083237290382385,0.0263999999999999,0.6404348611831665,0.6678,0.0263999999999999
imdb,noniid,20,42,8,14,0.761868,0.0318519999999999,0.8369337979094077,0.0478817284835064,0.9191333333333334,-0.0022444444444444,,0.6678,0.7963709677419355,0.4659850570192685,0.5879434383527661,0.6404348611831665,0.0069564580917358,0.0217999999999999,0.6404348611831665,0.6678,0.0217999999999999
imdb,noniid,20,42,8,15,0.761868,0.03164,0.8369337979094077,0.0487416698240174,0.9191333333333334,-0.0013999999999998,,0.6678,0.7963709677419355,0.4659850570192685,0.5879434383527661,0.6404348611831665,0.0071418285369873,0.0225999999999999,0.6404348611831665,0.6678,0.0225999999999999
imdb,noniid,20,42,8,16,0.761868,0.026896,0.8369337979094077,0.0417692579497032,0.9191333333333334,-0.0025111111111111,,0.6678,0.7963709677419355,0.4659850570192685,0.5879434383527661,0.6404348611831665,0.0070888400077819,0.0225999999999999,0.6404348611831665,0.6678,0.0225999999999999
imdb,noniid,20,42,8,17,0.761868,0.0235499999999999,0.8369337979094077,0.0407061118198152,0.9191333333333334,-0.0016888888888888,,0.6678,0.7963709677419355,0.4659850570192685,0.5879434383527661,0.6404348611831665,0.0072580575942993,0.0227999999999999,0.6404348611831665,0.6678,0.0227999999999999
imdb,noniid,20,42,8,18,0.761868,0.0167839999999999,0.8369337979094077,0.0310194539257231,0.9191333333333334,-0.0022444444444444,,0.6678,0.7963709677419355,0.4659850570192685,0.5879434383527661,0.6404348611831665,0.0077248811721801,0.0247999999999999,0.6404348611831665,0.6678,0.0247999999999999
imdb,noniid,20,42,8,19,0.761868,0.033714,0.8369337979094077,0.0528806417632282,0.9191333333333334,-0.0040444444444445,,0.6678,0.7963709677419355,0.4659850570192685,0.5879434383527661,0.6404348611831665,0.0071491003036499,0.0221999999999999,0.6404348611831665,0.6678,0.0221999999999999
imdb,noniid,20,42,9,0,0.771668,0.017058,0.8422506040731792,0.0251484663059583,0.9666,-0.0048000000000001,,0.7082,0.7828810020876826,0.5898545025560362,0.6727965911639381,0.6196726560592651,0.0098394751548767,0.016,0.6196726560592651,0.7082,0.016
imdb,noniid,20,42,9,1,0.771668,0.040008,0.8422506040731792,0.0581671076609157,0.9666,-0.0047333333333334,,0.7082,0.7828810020876826,0.5898545025560362,0.6727965911639381,0.6196726560592651,0.0090665817260742,0.016,0.6196726560592651,0.7082,0.016
imdb,noniid,20,42,9,2,0.771668,0.023114,0.8422506040731792,0.0313854129262979,0.9666,-0.0036888888888888,,0.7082,0.7828810020876826,0.5898545025560362,0.6727965911639381,0.6196726560592651,0.0084636211395263,0.0144,0.6196726560592651,0.7082,0.0144
imdb,noniid,20,42,9,3,0.771668,0.0203079999999999,0.8422506040731792,0.02806141488399,0.9666,-0.0035333333333333,,0.7082,0.7828810020876826,0.5898545025560362,0.6727965911639381,0.6196726560592651,0.0096381902694702,0.0168,0.6196726560592651,0.7082,0.0168
imdb,noniid,20,42,9,4,0.771668,0.021958,0.8422506040731792,0.0315123490396221,0.9666,-0.003111111111111,,0.7082,0.7828810020876826,0.5898545025560362,0.6727965911639381,0.6196726560592651,0.0085310339927673,0.0148,0.6196726560592651,0.7082,0.0148
imdb,noniid,20,42,9,5,0.771668,0.026876,0.8422506040731792,0.0367135793900571,0.9666,-0.0029333333333334,,0.7082,0.7828810020876826,0.5898545025560362,0.6727965911639381,0.6196726560592651,0.008478820323944,0.015,0.6196726560592651,0.7082,0.015
imdb,noniid,20,42,9,6,0.771668,0.0321679999999999,0.8422506040731792,0.0445646536599561,0.9666,-0.0029333333333334,,0.7082,0.7828810020876826,0.5898545025560362,0.6727965911639381,0.6196726560592651,0.0084994435310363,0.0152000000000001,0.6196726560592651,0.7082,0.0152000000000001
imdb,noniid,20,42,9,7,0.771668,0.023104,0.8422506040731792,0.0321834899792194,0.9666,-0.0038888888888888,,0.7082,0.7828810020876826,0.5898545025560362,0.6727965911639381,0.6196726560592651,0.0089605450630187,0.016,0.6196726560592651,0.7082,0.016
imdb,noniid,20,42,9,8,0.771668,0.0356819999999999,0.8422506040731792,0.0505976300344016,0.9666,-0.0049111111111113,,0.7082,0.7828810020876826,0.5898545025560362,0.6727965911639381,0.6196726560592651,0.0092952847480773,0.016,0.6196726560592651,0.7082,0.016
imdb,noniid,20,42,9,9,0.771668,0.03126,0.8422506040731792,0.044039868486698,0.9666,-0.0039555555555554,,0.7082,0.7828810020876826,0.5898545025560362,0.6727965911639381,0.6196726560592651,0.0091664791107177,0.0154,0.6196726560592651,0.7082,0.0154
imdb,noniid,20,42,9,10,0.771668,0.054324,0.8422506040731792,0.0786662380102621,0.9666,-0.0045333333333335,,0.7082,0.7828810020876826,0.5898545025560362,0.6727965911639381,0.6196726560592651,0.0100418925285339,0.0162000000000001,0.6196726560592651,0.7082,0.0162000000000001
imdb,noniid,20,42,9,11,0.771668,0.0350939999999999,0.8422506040731792,0.0495556386240182,0.9666,-0.0037777777777778,,0.7082,0.7828810020876826,0.5898545025560362,0.6727965911639381,0.6196726560592651,0.0086635947227478,0.0156,0.6196726560592651,0.7082,0.0156
imdb,noniid,20,42,9,12,0.771668,0.028946,0.8422506040731792,0.0411878342292735,0.9666,-0.0049333333333334,,0.7082,0.7828810020876826,0.5898545025560362,0.6727965911639381,0.6196726560592651,0.008278489112854,0.0154,0.6196726560592651,0.7082,0.0154
imdb,noniid,20,42,9,13,0.771668,0.014866,0.8422506040731792,0.0232029850255601,0.9666,-0.0042000000000002,,0.7082,0.7828810020876826,0.5898545025560362,0.6727965911639381,0.6196726560592651,0.0097806453704833,0.0154,0.6196726560592651,0.7082,0.0154
imdb,noniid,20,42,9,14,0.771668,0.029536,0.8422506040731792,0.0443042642255475,0.9666,-0.0045111111111113,,0.7082,0.7828810020876826,0.5898545025560362,0.6727965911639381,0.6196726560592651,0.0082569122314453,0.0154,0.6196726560592651,0.7082,0.0154
imdb,noniid,20,42,9,15,0.771668,0.031352,0.8422506040731792,0.043906233212252,0.9666,-0.0044222222222223,,0.7082,0.7828810020876826,0.5898545025560362,0.6727965911639381,0.6196726560592651,0.0084783434867858,0.0152000000000001,0.6196726560592651,0.7082,0.0152000000000001
imdb,noniid,20,42,9,16,0.771668,0.02544,0.8422506040731792,0.0355082809757159,0.9666,-0.0045777777777777,,0.7082,0.7828810020876826,0.5898545025560362,0.6727965911639381,0.6196726560592651,0.0083835124969482,0.0148,0.6196726560592651,0.7082,0.0148
imdb,noniid,20,42,9,17,0.771668,0.0231019999999999,0.8422506040731792,0.0328065317356038,0.9666,-0.0035777777777779,,0.7082,0.7828810020876826,0.5898545025560362,0.6727965911639381,0.6196726560592651,0.008577287197113,0.0154,0.6196726560592651,0.7082,0.0154
imdb,noniid,20,42,9,18,0.771668,0.0173119999999999,0.8422506040731792,0.0263453587263094,0.9666,-0.0033777777777779,,0.7082,0.7828810020876826,0.5898545025560362,0.6727965911639381,0.6196726560592651,0.0090766549110412,0.0162000000000001,0.6196726560592651,0.7082,0.0162000000000001
imdb,noniid,20,42,9,19,0.771668,0.0332380000000001,0.8422506040731792,0.0453549633862571,0.9666,-0.0030888888888889,,0.7082,0.7828810020876826,0.5898545025560362,0.6727965911639381,0.6196726560592651,0.0084980726242065,0.0154,0.6196726560592651,0.7082,0.0154
imdb,noniid,20,42,10,0,0.778388,0.0146519999999999,0.8465753424657534,0.0199447240135736,0.8631888888888888,-0.0219222222222224,,0.7352,0.769809650287738,0.6838379866299646,0.7242815493544357,0.5971591472625732,0.0104780793190002,0.0121999999999999,0.5971591472625732,0.7352,0.0121999999999999
imdb,noniid,20,42,10,1,0.778388,0.0348639999999998,0.8465753424657534,0.0513634369335631,0.8631888888888888,-0.0020666666666666,,0.7352,0.769809650287738,0.6838379866299646,0.7242815493544357,0.5971591472625732,0.0096984505653381,0.0125999999999999,0.5971591472625732,0.7352,0.0125999999999999
imdb,noniid,20,42,10,2,0.778388,0.0212559999999999,0.8465753424657534,0.0325367529780621,0.8631888888888888,-0.0109888888888889,,0.7352,0.769809650287738,0.6838379866299646,0.7242815493544357,0.5971591472625732,0.0089995265007019,0.011,0.5971591472625732,0.7352,0.011
imdb,noniid,20,42,10,3,0.778388,0.0181799999999999,0.8465753424657534,0.0241140109257399,0.8631888888888888,-0.0229444444444444,,0.7352,0.769809650287738,0.6838379866299646,0.7242815493544357,0.5971591472625732,0.0103101134300231,0.012,0.5971591472625732,0.7352,0.012
imdb,noniid,20,42,10,4,0.778388,0.021162,0.8465753424657534,0.0319947832114257,0.8631888888888888,-0.0227222222222223,,0.7352,0.769809650287738,0.6838379866299646,0.7242815493544357,0.5971591472625732,0.0090499520301818,0.012,0.5971591472625732,0.7352,0.012
imdb,noniid,20,42,10,5,0.778388,0.022934,0.8465753424657534,0.0326218540936603,0.8631888888888888,-0.0207666666666668,,0.7352,0.769809650287738,0.6838379866299646,0.7242815493544357,0.5971591472625732,0.0090284943580627,0.0121999999999999,0.5971591472625732,0.7352,0.0121999999999999
imdb,noniid,20,42,10,6,0.778388,0.0301399999999999,0.8465753424657534,0.0436985853555866,0.8631888888888888,-0.0189222222222222,,0.7352,0.769809650287738,0.6838379866299646,0.7242815493544357,0.5971591472625732,0.0090557932853698,0.0117999999999999,0.5971591472625732,0.7352,0.0117999999999999
imdb,noniid,20,42,10,7,0.778388,0.020614,0.8465753424657534,0.0329314156770678,0.8631888888888888,-0.0204333333333335,,0.7352,0.769809650287738,0.6838379866299646,0.7242815493544357,0.5971591472625732,0.0095447301864624,0.0115999999999999,0.5971591472625732,0.7352,0.0115999999999999
imdb,noniid,20,42,10,8,0.778388,0.0336119999999999,0.8465753424657534,0.048851765229981,0.8631888888888888,-0.020188888888889,,0.7352,0.769809650287738,0.6838379866299646,0.7242815493544357,0.5971591472625732,0.009963035583496,0.0121999999999999,0.5971591472625732,0.7352,0.0121999999999999
imdb,noniid,20,42,10,9,0.778388,0.0286419999999999,0.8465753424657534,0.0366743523667434,0.8631888888888888,-0.0198777777777778,,0.7352,0.769809650287738,0.6838379866299646,0.7242815493544357,0.5971591472625732,0.009817898273468,0.0123999999999999,0.5971591472625732,0.7352,0.0123999999999999
imdb,noniid,20,42,10,10,0.778388,0.0497739999999999,0.8465753424657534,0.0674245186381234,0.8631888888888888,-0.0179666666666666,,0.7352,0.769809650287738,0.6838379866299646,0.7242815493544357,0.5971591472625732,0.0108006000518798,0.0133999999999999,0.5971591472625732,0.7352,0.0133999999999999
imdb,noniid,20,42,10,11,0.778388,0.0327639999999999,0.8465753424657534,0.0480071680433648,0.8631888888888888,-0.0186555555555556,,0.7352,0.769809650287738,0.6838379866299646,0.7242815493544357,0.5971591472625732,0.0092306733131408,0.0117999999999999,0.5971591472625732,0.7352,0.0117999999999999
imdb,noniid,20,42,10,12,0.778388,0.0253359999999999,0.8465753424657534,0.0346548126644289,0.8631888888888888,-0.0203444444444445,,0.7352,0.769809650287738,0.6838379866299646,0.7242815493544357,0.5971591472625732,0.0088156461715698,0.0117999999999999,0.5971591472625732,0.7352,0.0117999999999999
imdb,noniid,20,42,10,13,0.778388,0.0134299999999999,0.8465753424657534,0.0184397492454143,0.8631888888888888,-0.0218777777777776,,0.7352,0.769809650287738,0.6838379866299646,0.7242815493544357,0.5971591472625732,0.0104010105133056,0.0121999999999999,0.5971591472625732,0.7352,0.0121999999999999
imdb,noniid,20,42,10,14,0.778388,0.0275439999999999,0.8465753424657534,0.036753325326663,0.8631888888888888,-0.0192777777777779,,0.7352,0.769809650287738,0.6838379866299646,0.7242815493544357,0.5971591472625732,0.0087977647781372,0.0117999999999999,0.5971591472625732,0.7352,0.0117999999999999
imdb,noniid,20,42,10,15,0.778388,0.028854,0.8465753424657534,0.0392117658714075,0.8631888888888888,-0.0210777777777779,,0.7352,0.769809650287738,0.6838379866299646,0.7242815493544357,0.5971591472625732,0.0090476274490356,0.0121999999999999,0.5971591472625732,0.7352,0.0121999999999999
imdb,noniid,20,42,10,16,0.778388,0.0232599999999999,0.8465753424657534,0.0314772380427403,0.8631888888888888,-0.0215666666666667,,0.7352,0.769809650287738,0.6838379866299646,0.7242815493544357,0.5971591472625732,0.0089104771614074,0.012,0.5971591472625732,0.7352,0.012
imdb,noniid,20,42,10,17,0.778388,0.0220279999999999,0.8465753424657534,0.0324749101411774,0.8631888888888888,-0.0216333333333333,,0.7352,0.769809650287738,0.6838379866299646,0.7242815493544357,0.5971591472625732,0.0091184973716735,0.012,0.5971591472625732,0.7352,0.012
imdb,noniid,20,42,10,18,0.778388,0.0157379999999999,0.8465753424657534,0.0230657432741063,0.8631888888888888,-0.0211666666666667,,0.7352,0.769809650287738,0.6838379866299646,0.7242815493544357,0.5971591472625732,0.0096155405044555,0.0117999999999999,0.5971591472625732,0.7352,0.0117999999999999
imdb,noniid,20,42,10,19,0.778388,0.0318459999999999,0.8465753424657534,0.0448117892325724,0.8631888888888888,-0.0183444444444447,,0.7352,0.769809650287738,0.6838379866299646,0.7242815493544357,0.5971591472625732,0.0090537667274475,0.0117999999999999,0.5971591472625732,0.7352,0.0117999999999999
imdb,noniid,4,42,1,0,0.612982,0.008384,0.5480335267569311,0.0694330893936071,0.9072444444444444,-0.0380888888888888,,0.5178,0.7171052631578947,0.0857255210381439,0.153143659992975,0.6879933476448059,-0.002226173877716,-0.0239999999999999,0.6879933476448059,0.5178,-0.0239999999999999
imdb,noniid,4,42,1,1,0.612982,-0.0693319999999999,0.5480335267569311,-0.0380785392451314,0.9072444444444444,-0.0120555555555557,,0.5178,0.7171052631578947,0.0857255210381439,0.153143659992975,0.6879933476448059,0.0013273954391479,-0.013,0.6879933476448059,0.5178,-0.013
imdb,noniid,4,42,1,2,0.612982,-0.287578,0.5480335267569311,-0.437016978293574,0.9072444444444444,-0.0398666666666664,,0.5178,0.7171052631578947,0.0857255210381439,0.153143659992975,0.6879933476448059,0.003218650817871,0.0228,0.6879933476448059,0.5178,0.0228
imdb,noniid,4,42,1,3,0.612982,-0.137606,0.5480335267569311,-0.2976144422952933,0.9072444444444444,-0.0365333333333333,,0.5178,0.7171052631578947,0.0857255210381439,0.153143659992975,0.6879933476448059,0.003766119480133,0.0124,0.6879933476448059,0.5178,0.0124
imdb,noniid,4,42,2,0,0.6322220000000001,0.0008179999999999,0.6404720782959125,0.0275960591786788,0.857488888888889,-0.0092999999999998,,0.6078,0.7669724770642202,0.3287455760912308,0.4602257087806221,0.6633167266845703,-0.0050338506698608,-0.0283999999999999,0.6633167266845703,0.6078,-0.0283999999999999
imdb,noniid,4,42,2,1,0.6322220000000001,-0.0536659999999999,0.6404720782959125,-0.0166007937187844,0.857488888888889,0.0171444444444446,,0.6078,0.7669724770642202,0.3287455760912308,0.4602257087806221,0.6633167266845703,0.0066809058189392,-0.0,0.6633167266845703,0.6078,-0.0
imdb,noniid,4,42,2,2,0.6322220000000001,-0.2550679999999999,0.6404720782959125,-0.3305711585148769,0.857488888888889,0.0066333333333334,,0.6078,0.7669724770642202,0.3287455760912308,0.4602257087806221,0.6633167266845703,0.003762662410736,0.0375999999999999,0.6633167266845703,0.6078,0.0375999999999999
imdb,noniid,4,42,2,3,0.6322220000000001,-0.1062379999999999,0.6404720782959125,-0.1852422074183732,0.857488888888889,0.0033777777777779,,0.6078,0.7669724770642202,0.3287455760912308,0.4602257087806221,0.6633167266845703,0.0109080672264099,0.0335999999999999,0.6633167266845703,0.6078,0.0335999999999999
imdb,noniid,4,42,3,0,0.6565559999999999,-0.00132,0.7192131500943142,0.0204562074865384,0.8401111111111113,0.0086666666666666,,0.7264,0.7428689541132699,0.7066456940621313,0.7243047158403869,0.6023836731910706,-0.0057621598243713,-0.0035999999999999,0.6023836731910706,0.7264,-0.0035999999999999
imdb,noniid,4,42,3,1,0.6565559999999999,-0.041028,0.7192131500943142,0.0074066067088234,0.8401111111111113,-0.0063555555555554,,0.7264,0.7428689541132699,0.7066456940621313,0.7243047158403869,0.6023836731910706,0.0155481100082397,0.0148,0.6023836731910706,0.7264,0.0148
imdb,noniid,4,42,3,2,0.6565559999999999,-0.2131200000000001,0.7192131500943142,-0.2319030931697351,0.8401111111111113,-0.0102666666666666,,0.7264,0.7428689541132699,0.7066456940621313,0.7243047158403869,0.6023836731910706,-0.001773715019226,-0.0005999999999999,0.6023836731910706,0.7264,-0.0005999999999999
imdb,noniid,4,42,3,3,0.6565559999999999,-0.074112,0.7192131500943142,-0.0777378716377649,0.8401111111111113,-0.008622222222222,,0.7264,0.7428689541132699,0.7066456940621313,0.7243047158403869,0.6023836731910706,0.0196883082389831,0.0238,0.6023836731910706,0.7264,0.0238
imdb,noniid,4,42,4,0,0.677682,-0.007676,0.7660621761658031,0.0034072174881171,0.8886444444444443,-0.0010666666666667,,0.7532,0.7373957199854915,0.7994494691309477,0.7671698113207547,0.537057101726532,-0.003736674785614,-0.001,0.537057101726532,0.7532,-0.001
imdb,noniid,4,42,4,1,0.677682,-0.032482,0.7660621761658031,0.0014680952535033,0.8886444444444443,-0.0013777777777777,,0.7532,0.7373957199854915,0.7994494691309477,0.7671698113207547,0.537057101726532,0.0169544219970703,0.0088,0.537057101726532,0.7532,0.0088
imdb,noniid,4,42,4,2,0.677682,-0.172216,0.7660621761658031,-0.1547696370410557,0.8886444444444443,-0.0011333333333334,,0.7532,0.7373957199854915,0.7994494691309477,0.7671698113207547,0.537057101726532,-0.0060861110687255,-0.0051999999999999,0.537057101726532,0.7532,-0.0051999999999999
imdb,noniid,4,42,4,3,0.677682,-0.04925,0.7660621761658031,-0.0253928581933244,0.8886444444444443,-0.0014666666666667,,0.7532,0.7373957199854915,0.7994494691309477,0.7671698113207547,0.537057101726532,0.0215674638748168,0.0121999999999999,0.537057101726532,0.7532,0.0121999999999999
imdb,noniid,4,42,5,0,0.6984779999999999,-0.009182,0.8029381965552178,-0.0033007078323044,0.9052222222222222,-0.0440555555555555,,0.7734,0.7569241982507289,0.8167518678725915,0.7857007754870436,0.4966579973697662,-0.0016125738620758,0.0008,0.4966579973697662,0.7734,0.0008
imdb,noniid,4,42,5,1,0.6984779999999999,-0.024318,0.8029381965552178,0.0016747061630093,0.9052222222222222,0.0190444444444444,,0.7734,0.7569241982507289,0.8167518678725915,0.7857007754870436,0.4966579973697662,0.0135450065135955,0.0085999999999999,0.4966579973697662,0.7734,0.0085999999999999
imdb,noniid,4,42,5,2,0.6984779999999999,-0.130526,0.8029381965552178,-0.0915462159148061,0.9052222222222222,0.0382777777777776,,0.7734,0.7569241982507289,0.8167518678725915,0.7857007754870436,0.4966579973697662,-0.006751000881195,-0.0028,0.4966579973697662,0.7734,-0.0028
imdb,noniid,4,42,5,3,0.6984779999999999,-0.0301660000000001,0.8029381965552178,-0.0002114097439948,0.9052222222222222,-0.0222999999999999,,0.7734,0.7569241982507289,0.8167518678725915,0.7857007754870436,0.4966579973697662,0.018184870481491,0.0133999999999999,0.4966579973697662,0.7734,0.0133999999999999
imdb,noniid,4,42,6,0,0.717068,-0.0084759999999999,0.8245395719263315,-0.0066129192664213,0.9676666666666668,-0.0294222222222222,,0.787,0.774721189591078,0.819504522217853,0.7964838524746799,0.4730770885944366,-0.000660091638565,0.003,0.4730770885944366,0.787,0.003
imdb,noniid,4,42,6,1,0.717068,-0.0187579999999999,0.8245395719263315,0.0006759355626951,0.9676666666666668,-0.0284444444444444,,0.787,0.774721189591078,0.819504522217853,0.7964838524746799,0.4730770885944366,0.0110476315021514,0.0056,0.4730770885944366,0.787,0.0056
imdb,noniid,4,42,6,2,0.717068,-0.0982879999999999,0.8245395719263315,-0.0547763364312031,0.9676666666666668,0.0254222222222222,,0.787,0.774721189591078,0.819504522217853,0.7964838524746799,0.4730770885944366,-0.006183236837387,-0.0011999999999999,0.4730770885944366,0.787,-0.0011999999999999
imdb,noniid,4,42,6,3,0.717068,-0.0145319999999999,0.8245395719263315,0.0112526713102051,0.9676666666666668,0.0180888888888888,,0.787,0.774721189591078,0.819504522217853,0.7964838524746799,0.4730770885944366,0.0153740942478179,0.0091999999999999,0.4730770885944366,0.787,0.0091999999999999
imdb,noniid,4,42,7,0,0.7307779999999999,-0.0082900000000001,0.8421052631578947,-0.0081821649850695,0.8694999999999999,-0.0293888888888891,,0.7938,0.7865807429871114,0.8159653952025168,0.8010036672457055,0.456631064414978,-1.093745231628418e-05,-0.0048,0.456631064414978,0.7938,-0.0048
imdb,noniid,4,42,7,1,0.7307779999999999,-0.0149160000000001,0.8421052631578947,-0.0022596742302984,0.8694999999999999,-0.0270111111111113,,0.7938,0.7865807429871114,0.8159653952025168,0.8010036672457055,0.456631064414978,0.0094474554061889,0.0021999999999999,0.456631064414978,0.7938,0.0021999999999999
imdb,noniid,4,42,7,2,0.7307779999999999,-0.074136,0.8421052631578947,-0.0427469535908737,0.8694999999999999,-0.0068111111111113,,0.7938,0.7865807429871114,0.8159653952025168,0.8010036672457055,0.456631064414978,-0.0057258009910583,-0.004,0.456631064414978,0.7938,-0.004
imdb,noniid,4,42,7,3,0.7307779999999999,-0.008462,0.8421052631578947,0.010460680149321,0.8694999999999999,-0.0174777777777777,,0.7938,0.7865807429871114,0.8159653952025168,0.8010036672457055,0.456631064414978,0.0133942365646362,0.0041999999999999,0.456631064414978,0.7938,0.0041999999999999
imdb,noniid,4,42,8,0,0.7423379999999999,-0.008844,0.8614665354330708,-0.0031894964712163,0.8716666666666666,0.0014888888888888,,0.8062,0.8050387596899224,0.8167518678725915,0.8108530158110482,0.4438442885875702,0.0005375444889068,0.0004,0.4438442885875702,0.8062,0.0004
imdb,noniid,4,42,8,1,0.7423379999999999,-0.011874,0.8614665354330708,0.0023687148552705,0.8716666666666666,-0.0035555555555555,,0.8062,0.8050387596899224,0.8167518678725915,0.8108530158110482,0.4438442885875702,0.0083232820034027,0.006,0.4438442885875702,0.8062,0.006
imdb,noniid,4,42,8,2,0.7423379999999999,-0.056054,0.8614665354330708,-0.0170189356558637,0.8716666666666666,-0.0092222222222222,,0.8062,0.8050387596899224,0.8167518678725915,0.8108530158110482,0.4438442885875702,-0.0055007934570312,0.0018,0.4438442885875702,0.8062,0.0018
imdb,noniid,4,42,8,3,0.7423379999999999,-0.0042120000000001,0.8614665354330708,0.0147251912375514,0.8716666666666666,-0.0076444444444445,,0.8062,0.8050387596899224,0.8167518678725915,0.8108530158110482,0.4438442885875702,0.0119606852531433,0.0076,0.4438442885875702,0.8062,0.0076
imdb,noniid,4,42,9,0,0.7521059999999999,-0.006276,0.871606749816581,-0.0010347596173811,0.8823777777777779,0.0031333333333336,,0.8138,0.8165750196386489,0.8175383405426662,0.8170563961485557,0.433458000421524,0.0010053813457489,0.0013999999999999,0.433458000421524,0.8138,0.0013999999999999
imdb,noniid,4,42,9,1,0.7521059999999999,-0.0079420000000001,0.871606749816581,0.0030137849924604,0.8823777777777779,-0.0061777777777776,,0.8138,0.8165750196386489,0.8175383405426662,0.8170563961485557,0.433458000421524,0.0075230002403259,0.0025999999999999,0.433458000421524,0.8138,0.0025999999999999
imdb,noniid,4,42,9,2,0.7521059999999999,-0.043128,0.871606749816581,-0.003499693555545,0.8823777777777779,-0.0296444444444441,,0.8138,0.8165750196386489,0.8175383405426662,0.8170563961485557,0.433458000421524,-0.0053864121437072,0.0021999999999999,0.433458000421524,0.8138,0.0021999999999999
imdb,noniid,4,42,9,3,0.7521059999999999,-0.00076,0.871606749816581,0.0090534515973685,0.8823777777777779,-0.0233777777777774,,0.8138,0.8165750196386489,0.8175383405426662,0.8170563961485557,0.433458000421524,0.0108311474323272,0.0057999999999999,0.433458000421524,0.8138,0.0057999999999999
imdb,noniid,4,42,10,0,0.758918,-0.00587,0.8778942237387277,0.0001109481325921,0.8247777777777778,0.0092777777777777,,0.819,0.8244849445324881,0.8183248132127409,0.8213933293862246,0.4247528314590454,0.0014413595199584,-0.0002,0.4247528314590454,0.819,-0.0002
imdb,noniid,4,42,10,1,0.758918,-0.008272,0.8778942237387277,0.0034872324778039,0.8247777777777778,-0.0184888888888887,,0.819,0.8244849445324881,0.8183248132127409,0.8213933293862246,0.4247528314590454,0.0069235265254974,0.002,0.4247528314590454,0.819,0.002
imdb,noniid,4,42,10,2,0.758918,-0.032344,0.8778942237387277,0.0026532432925696,0.8247777777777778,-0.0204666666666666,,0.819,0.8244849445324881,0.8183248132127409,0.8213933293862246,0.4247528314590454,-0.005340039730072,0.0023999999999999,0.4247528314590454,0.819,0.0023999999999999
imdb,noniid,4,42,10,3,0.758918,-0.0007639999999999,0.8778942237387277,0.0023981919926959,0.8247777777777778,-0.0023777777777778,,0.819,0.8244849445324881,0.8183248132127409,0.8213933293862246,0.4247528314590454,0.0098791122436523,0.0031999999999999,0.4247528314590454,0.819,0.0031999999999999
imdb,noniid,20,107,1,0,0.684536,-0.0453139999999999,0.617096018735363,-0.0946477535066299,0.9395333333333332,-0.0013333333333331,,0.5086,0.5086,1.0,0.6742675328118786,0.6974303722381592,-0.0049949884414672,-0.0001999999999999,0.6974303722381592,0.5086,-0.0001999999999999
imdb,noniid,20,107,1,1,0.684536,-0.0217359999999999,0.617096018735363,-0.0512793755864035,0.9395333333333332,-0.0007333333333332,,0.5086,0.5086,1.0,0.6742675328118786,0.6974303722381592,-0.0048875212669372,-0.0001999999999999,0.6974303722381592,0.5086,-0.0001999999999999
imdb,noniid,20,107,1,2,0.684536,-0.0253779999999999,0.617096018735363,-0.0586436262350511,0.9395333333333332,0.0007111111111113,,0.5086,0.5086,1.0,0.6742675328118786,0.6974303722381592,-0.004746675491333,-0.0,0.6974303722381592,0.5086,-0.0
imdb,noniid,20,107,1,3,0.684536,-0.0531199999999999,0.617096018735363,-0.1103930728949423,0.9395333333333332,-0.0014222222222222,,0.5086,0.5086,1.0,0.6742675328118786,0.6974303722381592,-0.0049722790718078,-0.0001999999999999,0.6974303722381592,0.5086,-0.0001999999999999
imdb,noniid,20,107,1,4,0.684536,-0.0389919999999999,0.617096018735363,-0.0838127129912272,0.9395333333333332,-0.0010444444444446,,0.5086,0.5086,1.0,0.6742675328118786,0.6974303722381592,-0.0047875046730041,-0.0,0.6974303722381592,0.5086,-0.0
imdb,noniid,20,107,1,5,0.684536,-0.039644,0.617096018735363,-0.084367010129801,0.9395333333333332,-0.0012222222222222,,0.5086,0.5086,1.0,0.6742675328118786,0.6974303722381592,-0.0046101808547973,-0.0,0.6974303722381592,0.5086,-0.0
imdb,noniid,20,107,1,6,0.684536,-0.063952,0.617096018735363,-0.1278544763141419,0.9395333333333332,-0.0012888888888888,,0.5086,0.5086,1.0,0.6742675328118786,0.6974303722381592,-0.0046186447143554,-0.0,0.6974303722381592,0.5086,-0.0
imdb,noniid,20,107,1,7,0.684536,-0.0666199999999999,0.617096018735363,-0.1361764921730066,0.9395333333333332,-0.0007777777777777,,0.5086,0.5086,1.0,0.6742675328118786,0.6974303722381592,-0.0047465562820434,-0.0,0.6974303722381592,0.5086,-0.0
imdb,noniid,20,107,1,8,0.684536,-0.0316199999999999,0.617096018735363,-0.0706260499578861,0.9395333333333332,-0.0010888888888889,,0.5086,0.5086,1.0,0.6742675328118786,0.6974303722381592,-0.0047930479049682,-0.0001999999999999,0.6974303722381592,0.5086,-0.0001999999999999
imdb,noniid,20,107,1,9,0.684536,-0.0573159999999999,0.617096018735363,-0.1243790010901723,0.9395333333333332,0.0006666666666665,,0.5086,0.5086,1.0,0.6742675328118786,0.6974303722381592,-0.0048243403434753,-0.0001999999999999,0.6974303722381592,0.5086,-0.0001999999999999
imdb,noniid,20,107,1,10,0.684536,-0.0408219999999999,0.617096018735363,-0.0840488687498324,0.9395333333333332,-0.0019777777777778,,0.5086,0.5086,1.0,0.6742675328118786,0.6974303722381592,-0.0051218271255493,-0.0001999999999999,0.6974303722381592,0.5086,-0.0001999999999999
imdb,noniid,20,107,1,11,0.684536,-0.0153399999999999,0.617096018735363,-0.0351463101395386,0.9395333333333332,-0.0004888888888887,,0.5086,0.5086,1.0,0.6742675328118786,0.6974303722381592,-0.0047287344932556,-0.0,0.6974303722381592,0.5086,-0.0
imdb,noniid,20,107,1,12,0.684536,-0.0370479999999999,0.617096018735363,-0.0797419259286685,0.9395333333333332,-0.0009555555555555,,0.5086,0.5086,1.0,0.6742675328118786,0.6974303722381592,-0.0044785141944885,-0.0,0.6974303722381592,0.5086,-0.0
imdb,noniid,20,107,1,13,0.684536,-0.0448239999999999,0.617096018735363,-0.0934615138862265,0.9395333333333332,-0.0011111111111112,,0.5086,0.5086,1.0,0.6742675328118786,0.6974303722381592,-0.0050561428070068,-0.0001999999999999,0.6974303722381592,0.5086,-0.0001999999999999
imdb,noniid,20,107,1,14,0.684536,-0.02559,0.617096018735363,-0.0590381035526054,0.9395333333333332,2.222222222214576e-05,,0.5086,0.5086,1.0,0.6742675328118786,0.6974303722381592,-0.0044647455215454,-0.0,0.6974303722381592,0.5086,-0.0
imdb,noniid,20,107,1,15,0.684536,-0.0293579999999999,0.617096018735363,-0.0653684362409403,0.9395333333333332,0.0001999999999999,,0.5086,0.5086,1.0,0.6742675328118786,0.6974303722381592,-0.004540205001831,-0.0,0.6974303722381592,0.5086,-0.0
imdb,noniid,20,107,1,16,0.684536,-0.042162,0.617096018735363,-0.090858077030367,0.9395333333333332,-0.0008666666666665,,0.5086,0.5086,1.0,0.6742675328118786,0.6974303722381592,-0.0046436786651611,-0.0,0.6974303722381592,0.5086,-0.0
imdb,noniid,20,107,1,17,0.684536,-0.041652,0.617096018735363,-0.0876470642685895,0.9395333333333332,0.0033777777777779,,0.5086,0.5086,1.0,0.6742675328118786,0.6974303722381592,-0.0047225952148437,-0.0,0.6974303722381592,0.5086,-0.0
imdb,noniid,20,107,1,18,0.684536,-0.0312399999999999,0.617096018735363,-0.0652429777087302,0.9395333333333332,-0.0004222222222221,,0.5086,0.5086,1.0,0.6742675328118786,0.6974303722381592,-0.0049424171447753,-0.0001999999999999,0.6974303722381592,0.5086,-0.0001999999999999
imdb,noniid,20,107,1,19,0.684536,-0.0406959999999999,0.617096018735363,-0.0855106163357269,0.9395333333333332,-0.0013999999999998,,0.5086,0.5086,1.0,0.6742675328118786,0.6974303722381592,-0.0046045780181884,-0.0,0.6974303722381592,0.5086,-0.0
imdb,noniid,20,107,2,0,0.642066,-0.0431899999999999,0.5320996978851964,-0.0952079944224959,0.8816000000000002,0.0008666666666667,,0.5086,0.5086,1.0,0.6742675328118786,0.7155075669288635,-0.0073972940444946,-0.0,0.7155075669288635,0.5086,-0.0
imdb,noniid,20,107,2,1,0.642066,-0.0203519999999999,0.5320996978851964,-0.0449117963676771,0.8816000000000002,0.0012666666666669,,0.5086,0.5086,1.0,0.6742675328118786,0.7155075669288635,-0.0069131851196289,-0.0,0.7155075669288635,0.5086,-0.0
imdb,noniid,20,107,2,2,0.642066,-0.024146,0.5320996978851964,-0.0513612515788158,0.8816000000000002,0.0019555555555559,,0.5086,0.5086,1.0,0.6742675328118786,0.7155075669288635,-0.0066659450531005,-0.0,0.7155075669288635,0.5086,-0.0
imdb,noniid,20,107,2,3,0.642066,-0.0510919999999999,0.5320996978851964,-0.1146645548112597,0.8816000000000002,6.666666666688137e-05,,0.5086,0.5086,1.0,0.6742675328118786,0.7155075669288635,-0.0072946548461914,-0.0,0.7155075669288635,0.5086,-0.0
imdb,noniid,20,107,2,4,0.642066,-0.0357819999999999,0.5320996978851964,-0.0754952388236643,0.8816000000000002,-0.0001777777777776,,0.5086,0.5086,1.0,0.6742675328118786,0.7155075669288635,-0.0067937970161437,-0.0,0.7155075669288635,0.5086,-0.0
imdb,noniid,20,107,2,5,0.642066,-0.0362,0.5320996978851964,-0.0757283911401297,0.8816000000000002,-0.000133333333333,,0.5086,0.5086,1.0,0.6742675328118786,0.7155075669288635,-0.006370186805725,-0.0,0.7155075669288635,0.5086,-0.0
imdb,noniid,20,107,2,6,0.642066,-0.0604719999999999,0.5320996978851964,-0.1350817692962708,0.8816000000000002,0.0011666666666669,,0.5086,0.5086,1.0,0.6742675328118786,0.7155075669288635,-0.0063332915306091,-0.0,0.7155075669288635,0.5086,-0.0
imdb,noniid,20,107,2,7,0.642066,-0.063636,0.5320996978851964,-0.1402407276467184,0.8816000000000002,0.0011333333333334,,0.5086,0.5086,1.0,0.6742675328118786,0.7155075669288635,-0.0067188739776611,-0.0,0.7155075669288635,0.5086,-0.0
imdb,noniid,20,107,2,8,0.642066,-0.0300359999999999,0.5320996978851964,-0.0672839692950809,0.8816000000000002,-0.0012444444444443,,0.5086,0.5086,1.0,0.6742675328118786,0.7155075669288635,-0.0067264437675476,-0.0,0.7155075669288635,0.5086,-0.0
imdb,noniid,20,107,2,9,0.642066,-0.0554099999999999,0.5320996978851964,-0.1267374218683654,0.8816000000000002,0.0014444444444445,,0.5086,0.5086,1.0,0.6742675328118786,0.7155075669288635,-0.0068194270133972,-0.0,0.7155075669288635,0.5086,-0.0
imdb,noniid,20,107,2,10,0.642066,-0.0366539999999999,0.5320996978851964,-0.0794166168940742,0.8816000000000002,0.0004444444444446,,0.5086,0.5086,1.0,0.6742675328118786,0.7155075669288635,-0.0074694156646728,-0.0,0.7155075669288635,0.5086,-0.0
imdb,noniid,20,107,2,11,0.642066,-0.0151559999999999,0.5320996978851964,-0.030999650024278,0.8816000000000002,0.000577777777778,,0.5086,0.5086,1.0,0.6742675328118786,0.7155075669288635,-0.00653737783432,-0.0,0.7155075669288635,0.5086,-0.0
imdb,noniid,20,107,2,12,0.642066,-0.0329939999999999,0.5320996978851964,-0.0729713739549879,0.8816000000000002,0.0005777777777777,,0.5086,0.5086,1.0,0.6742675328118786,0.7155075669288635,-0.0060946941375732,-0.0,0.7155075669288635,0.5086,-0.0
imdb,noniid,20,107,2,13,0.642066,-0.0413219999999999,0.5320996978851964,-0.0922755424069988,0.8816000000000002,0.0013555555555557,,0.5086,0.5086,1.0,0.6742675328118786,0.7155075669288635,-0.00757497549057,-0.0,0.7155075669288635,0.5086,-0.0
imdb,noniid,20,107,2,14,0.642066,-0.0242119999999999,0.5320996978851964,-0.0510742982907118,0.8816000000000002,0.0007777777777779,,0.5086,0.5086,1.0,0.6742675328118786,0.7155075669288635,-0.006046712398529,-0.0,0.7155075669288635,0.5086,-0.0
imdb,noniid,20,107,2,15,0.642066,-0.0275539999999999,0.5320996978851964,-0.0578504363687353,0.8816000000000002,0.0004444444444446,,0.5086,0.5086,1.0,0.6742675328118786,0.7155075669288635,-0.006188154220581,-0.0,0.7155075669288635,0.5086,-0.0
imdb,noniid,20,107,2,16,0.642066,-0.0394259999999999,0.5320996978851964,-0.0878463937590084,0.8816000000000002,-2.2222222221923715e-05,,0.5086,0.5086,1.0,0.6742675328118786,0.7155075669288635,-0.0064369440078735,-0.0,0.7155075669288635,0.5086,-0.0
imdb,noniid,20,107,2,17,0.642066,-0.0395379999999999,0.5320996978851964,-0.0855360356535021,0.8816000000000002,-0.0001333333333333,,0.5086,0.5086,1.0,0.6742675328118786,0.7155075669288635,-0.006661057472229,-0.0,0.7155075669288635,0.5086,-0.0
imdb,noniid,20,107,2,18,0.642066,-0.0275659999999999,0.5320996978851964,-0.0606639664720014,0.8816000000000002,0.0010666666666667,,0.5086,0.5086,1.0,0.6742675328118786,0.7155075669288635,-0.0072150826454162,-0.0,0.7155075669288635,0.5086,-0.0
imdb,noniid,20,107,2,19,0.642066,-0.03769,0.5320996978851964,-0.0816589493092694,0.8816000000000002,0.0010222222222222,,0.5086,0.5086,1.0,0.6742675328118786,0.7155075669288635,-0.0063074827194213,-0.0,0.7155075669288635,0.5086,-0.0
imdb,noniid,20,107,3,0,0.608916,-0.03471,0.4708650018096272,-0.0765503942483869,0.9117777777777776,0.0003555555555554,,0.5086,0.5086,1.0,0.6742675328118786,0.7287713885307312,-0.0039379000663757,-0.0,0.7287713885307312,0.5086,-0.0
imdb,noniid,20,107,3,1,0.608916,-0.0157499999999999,0.4708650018096272,-0.0344914813820979,0.9117777777777776,-0.0006444444444446,,0.5086,0.5086,1.0,0.6742675328118786,0.7287713885307312,-0.0034474730491638,-0.0,0.7287713885307312,0.5086,-0.0
imdb,noniid,20,107,3,2,0.608916,-0.0192959999999999,0.4708650018096272,-0.0383669036556608,0.9117777777777776,-0.0011333333333334,,0.5086,0.5086,1.0,0.6742675328118786,0.7287713885307312,-0.0034362077713012,-0.0,0.7287713885307312,0.5086,-0.0
imdb,noniid,20,107,3,3,0.608916,-0.0410159999999999,0.4708650018096272,-0.0870925084400933,0.9117777777777776,-0.0013333333333336,,0.5086,0.5086,1.0,0.6742675328118786,0.7287713885307312,-0.0038934350013732,-0.0,0.7287713885307312,0.5086,-0.0
imdb,noniid,20,107,3,4,0.608916,-0.0282899999999999,0.4708650018096272,-0.0619979762817207,0.9117777777777776,-0.0007000000000001,,0.5086,0.5086,1.0,0.6742675328118786,0.7287713885307312,-0.0035914182662963,-0.0,0.7287713885307312,0.5086,-0.0
imdb,noniid,20,107,3,5,0.608916,-0.028556,0.4708650018096272,-0.0603385643122152,0.9117777777777776,0.0002666666666664,,0.5086,0.5086,1.0,0.6742675328118786,0.7287713885307312,-0.0031816363334655,-0.0,0.7287713885307312,0.5086,-0.0
imdb,noniid,20,107,3,6,0.608916,-0.051166,0.4708650018096272,-0.1052544011754473,0.9117777777777776,-0.0011777777777779,,0.5086,0.5086,1.0,0.6742675328118786,0.7287713885307312,-0.0030925869941711,-0.0,0.7287713885307312,0.5086,-0.0
imdb,noniid,20,107,3,7,0.608916,-0.0536939999999999,0.4708650018096272,-0.1112858570402607,0.9117777777777776,-0.0009333333333336,,0.5086,0.5086,1.0,0.6742675328118786,0.7287713885307312,-0.0034161806106567,-0.0,0.7287713885307312,0.5086,-0.0
imdb,noniid,20,107,3,8,0.608916,-0.022882,0.4708650018096272,-0.0468341132346206,0.9117777777777776,-0.0012222222222226,,0.5086,0.5086,1.0,0.6742675328118786,0.7287713885307312,-0.0031824111938476,-0.0,0.7287713885307312,0.5086,-0.0
imdb,noniid,20,107,3,9,0.608916,-0.04702,0.4708650018096272,-0.0967327635535012,0.9117777777777776,-0.0007555555555558,,0.5086,0.5086,1.0,0.6742675328118786,0.7287713885307312,-0.003394603729248,-0.0,0.7287713885307312,0.5086,-0.0
imdb,noniid,20,107,3,10,0.608916,-0.028108,0.4708650018096272,-0.0625425705734462,0.9117777777777776,-0.0002222222222225,,0.5086,0.5086,1.0,0.6742675328118786,0.7287713885307312,-0.0034953951835632,-0.0,0.7287713885307312,0.5086,-0.0
imdb,noniid,20,107,3,11,0.608916,-0.009382,0.4708650018096272,-0.0258139649800406,0.9117777777777776,-0.0008000000000003,,0.5086,0.5086,1.0,0.6742675328118786,0.7287713885307312,-0.0032099485397338,-0.0,0.7287713885307312,0.5086,-0.0
imdb,noniid,20,107,3,12,0.608916,-0.026478,0.4708650018096272,-0.0537372919380605,0.9117777777777776,0.0301555555555554,,0.5086,0.5086,1.0,0.6742675328118786,0.7287713885307312,-0.0029671192169189,-0.0,0.7287713885307312,0.5086,-0.0
imdb,noniid,20,107,3,13,0.608916,-0.034088,0.4708650018096272,-0.0728315396556015,0.9117777777777776,-0.0005333333333334,,0.5086,0.5086,1.0,0.6742675328118786,0.7287713885307312,-0.0041632056236267,-0.0,0.7287713885307312,0.5086,-0.0
imdb,noniid,20,107,3,14,0.608916,-0.01834,0.4708650018096272,-0.039098097821369,0.9117777777777776,-0.0006888888888889,,0.5086,0.5086,1.0,0.6742675328118786,0.7287713885307312,-0.0028958916664123,-0.0,0.7287713885307312,0.5086,-0.0
imdb,noniid,20,107,3,15,0.608916,-0.0210339999999999,0.4708650018096272,-0.044096209863812,0.9117777777777776,-0.001488888888889,,0.5086,0.5086,1.0,0.6742675328118786,0.7287713885307312,-0.0029533505439758,-0.0,0.7287713885307312,0.5086,-0.0
imdb,noniid,20,107,3,16,0.608916,-0.0317359999999999,0.4708650018096272,-0.0677393040552577,0.9117777777777776,1.1111111110961858e-05,,0.5086,0.5086,1.0,0.6742675328118786,0.7287713885307312,-0.0032463669776916,-0.0,0.7287713885307312,0.5086,-0.0
imdb,noniid,20,107,3,17,0.608916,-0.0314799999999999,0.4708650018096272,-0.0638546417106105,0.9117777777777776,0.0006111111111108,,0.5086,0.5086,1.0,0.6742675328118786,0.7287713885307312,-0.003456175327301,-0.0,0.7287713885307312,0.5086,-0.0
imdb,noniid,20,107,3,18,0.608916,-0.022046,0.4708650018096272,-0.0445110633997095,0.9117777777777776,-0.0014666666666669,,0.5086,0.5086,1.0,0.6742675328118786,0.7287713885307312,-0.0039102435111999,-0.0,0.7287713885307312,0.5086,-0.0
imdb,noniid,20,107,3,19,0.608916,-0.028596,0.4708650018096272,-0.0623446456857346,0.9117777777777776,-0.0001333333333337,,0.5086,0.5086,1.0,0.6742675328118786,0.7287713885307312,-0.0030168890953063,-0.0,0.7287713885307312,0.5086,-0.0
imdb,noniid,20,107,4,0,0.5904739999999999,-0.021052,0.4337792642140468,-0.0559588815750543,0.8660444444444444,-0.0019333333333333,,0.5086,0.5086,1.0,0.6742675328118786,0.7319552898406982,0.0006914138793945,-0.0,0.7319552898406982,0.5086,-0.0
imdb,noniid,20,107,4,1,0.5904739999999999,-0.006546,0.4337792642140468,-0.021842037561101,0.8660444444444444,-0.0010222222222222,,0.5086,0.5086,1.0,0.6742675328118786,0.7319552898406982,0.0010279417037963,-0.0,0.7319552898406982,0.5086,-0.0
imdb,noniid,20,107,4,2,0.5904739999999999,-0.008152,0.4337792642140468,-0.0225381740038438,0.8660444444444444,-0.0015777777777779,,0.5086,0.5086,1.0,0.6742675328118786,0.7319552898406982,0.0007722377777099,-0.0,0.7319552898406982,0.5086,-0.0
imdb,noniid,20,107,4,3,0.5904739999999999,-0.02528,0.4337792642140468,-0.0609015868497829,0.8660444444444444,0.0052999999999998,,0.5086,0.5086,1.0,0.6742675328118786,0.7319552898406982,0.0006440877914428,-0.0,0.7319552898406982,0.5086,-0.0
imdb,noniid,20,107,4,4,0.5904739999999999,-0.01556,0.4337792642140468,-0.0431492317352311,0.8660444444444444,-0.0026666666666665,,0.5086,0.5086,1.0,0.6742675328118786,0.7319552898406982,0.0006178617477416,-0.0,0.7319552898406982,0.5086,-0.0
imdb,noniid,20,107,4,5,0.5904739999999999,-0.015414,0.4337792642140468,-0.0420925216260377,0.8660444444444444,0.0190444444444444,,0.5086,0.5086,1.0,0.6742675328118786,0.7319552898406982,0.0009231567382812,-0.0,0.7319552898406982,0.5086,-0.0
imdb,noniid,20,107,4,6,0.5904739999999999,-0.032298,0.4337792642140468,-0.0767152217340144,0.8660444444444444,-0.0029777777777777,,0.5086,0.5086,1.0,0.6742675328118786,0.7319552898406982,0.0010340809822082,-0.0,0.7319552898406982,0.5086,-0.0
imdb,noniid,20,107,4,7,0.5904739999999999,-0.0362040000000001,0.4337792642140468,-0.0835236255469235,0.8660444444444444,-0.0042222222222223,,0.5086,0.5086,1.0,0.6742675328118786,0.7319552898406982,0.0008916854858398,-0.0,0.7319552898406982,0.5086,-0.0
imdb,noniid,20,107,4,8,0.5904739999999999,-0.012662,0.4337792642140468,-0.0347081307439363,0.8660444444444444,-0.0026666666666668,,0.5086,0.5086,1.0,0.6742675328118786,0.7319552898406982,0.0013503432273864,-0.0,0.7319552898406982,0.5086,-0.0
imdb,noniid,20,107,4,9,0.5904739999999999,-0.029376,0.4337792642140468,-0.0687065312404985,0.8660444444444444,-0.0028666666666665,,0.5086,0.5086,1.0,0.6742675328118786,0.7319552898406982,0.0010472536087036,-0.0,0.7319552898406982,0.5086,-0.0
imdb,noniid,20,107,4,10,0.5904739999999999,-0.01704,0.4337792642140468,-0.0426125610149876,0.8660444444444444,-0.0014666666666667,,0.5086,0.5086,1.0,0.6742675328118786,0.7319552898406982,0.0015924572944641,-0.0,0.7319552898406982,0.5086,-0.0
imdb,noniid,20,107,4,11,0.5904739999999999,-0.003326,0.4337792642140468,-0.0138991834644008,0.8660444444444444,-0.0013111111111112,,0.5086,0.5086,1.0,0.6742675328118786,0.7319552898406982,0.0010311603546142,-0.0,0.7319552898406982,0.5086,-0.0
imdb,noniid,20,107,4,12,0.5904739999999999,-0.014322,0.4337792642140468,-0.0383357831377595,0.8660444444444444,-0.0026888888888889,,0.5086,0.5086,1.0,0.6742675328118786,0.7319552898406982,0.0010187625885009,-0.0,0.7319552898406982,0.5086,-0.0
imdb,noniid,20,107,4,13,0.5904739999999999,-0.0193160000000001,0.4337792642140468,-0.0520664541157479,0.8660444444444444,-0.0024888888888887,,0.5086,0.5086,1.0,0.6742675328118786,0.7319552898406982,0.0004613995552062,-0.0,0.7319552898406982,0.5086,-0.0
imdb,noniid,20,107,4,14,0.5904739999999999,-0.0087300000000001,0.4337792642140468,-0.0240898165658974,0.8660444444444444,-0.0015333333333333,,0.5086,0.5086,1.0,0.6742675328118786,0.7319552898406982,0.0010958909988403,-0.0,0.7319552898406982,0.5086,-0.0
imdb,noniid,20,107,4,15,0.5904739999999999,-0.01085,0.4337792642140468,-0.0289959891938524,0.8660444444444444,-0.0021333333333335,,0.5086,0.5086,1.0,0.6742675328118786,0.7319552898406982,0.0011561512947082,-0.0,0.7319552898406982,0.5086,-0.0
imdb,noniid,20,107,4,16,0.5904739999999999,-0.018994,0.4337792642140468,-0.0504685233965726,0.8660444444444444,-0.0022666666666666,,0.5086,0.5086,1.0,0.6742675328118786,0.7319552898406982,0.0008676648139953,-0.0,0.7319552898406982,0.5086,-0.0
imdb,noniid,20,107,4,17,0.5904739999999999,-0.017716,0.4337792642140468,-0.0476891438339588,0.8660444444444444,-0.0014222222222222,,0.5086,0.5086,1.0,0.6742675328118786,0.7319552898406982,0.0007293820381164,-0.0,0.7319552898406982,0.5086,-0.0
imdb,noniid,20,107,4,18,0.5904739999999999,-0.01086,0.4337792642140468,-0.0321617470219082,0.8660444444444444,-0.0025777777777777,,0.5086,0.5086,1.0,0.6742675328118786,0.7319552898406982,0.0005125403404235,-0.0,0.7319552898406982,0.5086,-0.0
imdb,noniid,20,107,4,19,0.5904739999999999,-0.01716,0.4337792642140468,-0.0457405097972525,0.8660444444444444,-0.0023555555555554,,0.5086,0.5086,1.0,0.6742675328118786,0.7319552898406982,0.0011537671089172,-0.0,0.7319552898406982,0.5086,-0.0
imdb,noniid,20,107,5,0,0.59204,-0.0011059999999999,0.4352529430480433,-0.0134187525898707,0.8574777777777778,-0.0349444444444444,,0.5086,0.5086,1.0,0.6742675328118786,0.7250475287437439,0.0049241781234741,-0.0,0.7250475287437439,0.5086,-0.0
imdb,noniid,20,107,5,1,0.59204,0.002946,0.4352529430480433,0.0047872250661545,0.8574777777777778,-0.0340555555555555,,0.5086,0.5086,1.0,0.6742675328118786,0.7250475287437439,0.0050277709960937,-0.0,0.7250475287437439,0.5086,-0.0
imdb,noniid,20,107,5,2,0.59204,0.0023259999999999,0.4352529430480433,0.0009357195644234,0.8574777777777778,-0.0339,,0.5086,0.5086,1.0,0.6742675328118786,0.7250475287437439,0.0045733451843261,-0.0,0.7250475287437439,0.5086,-0.0
imdb,noniid,20,107,5,3,0.59204,-0.005174,0.4352529430480433,-0.0231628985361151,0.8574777777777778,-0.0084888888888889,,0.5086,0.5086,1.0,0.6742675328118786,0.7250475287437439,0.004789113998413,-0.0,0.7250475287437439,0.5086,-0.0
imdb,noniid,20,107,5,4,0.59204,0.0005399999999999,0.4352529430480433,-0.0053314725363722,0.8574777777777778,-0.0348555555555554,,0.5086,0.5086,1.0,0.6742675328118786,0.7250475287437439,0.0044348835945129,-0.0,0.7250475287437439,0.5086,-0.0
imdb,noniid,20,107,5,5,0.59204,-0.000502,0.4352529430480433,-0.0052928659188182,0.8574777777777778,-0.0345444444444442,,0.5086,0.5086,1.0,0.6742675328118786,0.7250475287437439,0.0046163201332092,-0.0,0.7250475287437439,0.5086,-0.0
imdb,noniid,20,107,5,6,0.59204,-0.0068899999999999,0.4352529430480433,-0.0310597021560721,0.8574777777777778,-0.0351666666666667,,0.5086,0.5086,1.0,0.6742675328118786,0.7250475287437439,0.0047137737274169,-0.0,0.7250475287437439,0.5086,-0.0
imdb,noniid,20,107,5,7,0.59204,-0.00972,0.4352529430480433,-0.0334554457668701,0.8574777777777778,-0.0168222222222222,,0.5086,0.5086,1.0,0.6742675328118786,0.7250475287437439,0.0047907829284667,-0.0,0.7250475287437439,0.5086,-0.0
imdb,noniid,20,107,5,8,0.59204,0.0002499999999999,0.4352529430480433,-0.00257257778529,0.8574777777777778,-0.0337,,0.5086,0.5086,1.0,0.6742675328118786,0.7250475287437439,0.005397617816925,-0.0,0.7250475287437439,0.5086,-0.0
imdb,noniid,20,107,5,9,0.59204,-0.00555,0.4352529430480433,-0.0305095445470608,0.8574777777777778,-0.0346111111111111,,0.5086,0.5086,1.0,0.6742675328118786,0.7250475287437439,0.0050462484359741,-0.0,0.7250475287437439,0.5086,-0.0
imdb,noniid,20,107,5,10,0.59204,-0.0002639999999999,0.4352529430480433,-0.0077109828538091,0.8574777777777778,-0.033811111111111,,0.5086,0.5086,1.0,0.6742675328118786,0.7250475287437439,0.0060835480690002,-0.0,0.7250475287437439,0.5086,-0.0
imdb,noniid,20,107,5,11,0.59204,0.0024579999999999,0.4352529430480433,0.0064964663641054,0.8574777777777778,-0.0343444444444445,,0.5086,0.5086,1.0,0.6742675328118786,0.7250475287437439,0.0048012733459472,-0.0,0.7250475287437439,0.5086,-0.0
imdb,noniid,20,107,5,12,0.59204,0.000362,0.4352529430480433,-0.0063730732121193,0.8574777777777778,-0.033711111111111,,0.5086,0.5086,1.0,0.6742675328118786,0.7250475287437439,0.0045876502990722,-0.0,0.7250475287437439,0.5086,-0.0
imdb,noniid,20,107,5,13,0.59204,-0.0019479999999999,0.4352529430480433,-0.0127182611404383,0.8574777777777778,-0.0340555555555557,,0.5086,0.5086,1.0,0.6742675328118786,0.7250475287437439,0.0047070384025573,-0.0,0.7250475287437439,0.5086,-0.0
imdb,noniid,20,107,5,14,0.59204,0.002778,0.4352529430480433,0.0019627876076288,0.8574777777777778,-0.0342111111111111,,0.5086,0.5086,1.0,0.6742675328118786,0.7250475287437439,0.0046551823616027,-0.0,0.7250475287437439,0.5086,-0.0
imdb,noniid,20,107,5,15,0.59204,0.001358,0.4352529430480433,-0.0021659933981305,0.8574777777777778,-0.0346111111111111,,0.5086,0.5086,1.0,0.6742675328118786,0.7250475287437439,0.0048326253890991,-0.0,0.7250475287437439,0.5086,-0.0
imdb,noniid,20,107,5,16,0.59204,-0.0006579999999999,0.4352529430480433,-0.0107150621755936,0.8574777777777778,-0.0263222222222221,,0.5086,0.5086,1.0,0.6742675328118786,0.7250475287437439,0.0045682191848754,-0.0,0.7250475287437439,0.5086,-0.0
imdb,noniid,20,107,5,17,0.59204,-0.0006739999999999,0.4352529430480433,-0.0094804769779645,0.8574777777777778,-0.0342888888888888,,0.5086,0.5086,1.0,0.6742675328118786,0.7250475287437439,0.0045179724693298,-0.0,0.7250475287437439,0.5086,-0.0
imdb,noniid,20,107,5,18,0.59204,0.0010679999999999,0.4352529430480433,0.0029697342140062,0.8574777777777778,-0.0346333333333332,,0.5086,0.5086,1.0,0.6742675328118786,0.7250475287437439,0.004554808139801,-0.0,0.7250475287437439,0.5086,-0.0
imdb,noniid,20,107,5,19,0.59204,-0.0004039999999999,0.4352529430480433,-0.0089029011078008,0.8574777777777778,-0.0102222222222223,,0.5086,0.5086,1.0,0.6742675328118786,0.7250475287437439,0.0048609972000122,-0.0,0.7250475287437439,0.5086,-0.0
imdb,noniid,20,107,6,0,0.606322,0.011854,0.4972101673899566,0.0498743557418773,0.9685444444444444,-0.0167888888888887,,0.509,0.5088035214085634,1.0,0.6744463598992176,0.7094141840934753,0.0084665417671203,0.0003999999999999,0.7094141840934753,0.509,0.0003999999999999
imdb,noniid,20,107,6,1,0.606322,0.00872,0.4972101673899566,0.0355757319563945,0.9685444444444444,-0.0149222222222222,,0.509,0.5088035214085634,1.0,0.6744463598992176,0.7094141840934753,0.0082772374153137,0.0003999999999999,0.7094141840934753,0.509,0.0003999999999999
imdb,noniid,20,107,6,2,0.606322,0.0105539999999999,0.4972101673899566,0.0369917586536071,0.9685444444444444,-0.0162777777777778,,0.509,0.5088035214085634,1.0,0.6744463598992176,0.7094141840934753,0.0077006816864013,0.0003999999999999,0.7094141840934753,0.509,0.0003999999999999
imdb,noniid,20,107,6,3,0.606322,0.0120519999999999,0.4972101673899566,0.0476460328943152,0.9685444444444444,0.0297333333333331,,0.509,0.5088035214085634,1.0,0.6744463598992176,0.7094141840934753,0.0082370638847351,0.0003999999999999,0.7094141840934753,0.509,0.0003999999999999
imdb,noniid,20,107,6,4,0.606322,0.01204,0.4972101673899566,0.046357454211662,0.9685444444444444,-0.0105444444444444,,0.509,0.5088035214085634,1.0,0.6744463598992176,0.7094141840934753,0.0075927376747131,0.0003999999999999,0.7094141840934753,0.509,0.0003999999999999
imdb,noniid,20,107,6,5,0.606322,0.011768,0.4972101673899566,0.0459679313651119,0.9685444444444444,-0.0150555555555556,,0.509,0.5088035214085634,1.0,0.6744463598992176,0.7094141840934753,0.0076454877853393,0.0003999999999999,0.7094141840934753,0.509,0.0003999999999999
imdb,noniid,20,107,6,6,0.606322,0.011874,0.4972101673899566,0.0465851673899566,0.9685444444444444,-0.0171666666666667,,0.509,0.5088035214085634,1.0,0.6744463598992176,0.7094141840934753,0.0076971650123596,0.0003999999999999,0.7094141840934753,0.509,0.0003999999999999
imdb,noniid,20,107,6,7,0.606322,0.012396,0.4972101673899566,0.0456275913949706,0.9685444444444444,0.0345555555555554,,0.509,0.5088035214085634,1.0,0.6744463598992176,0.7094141840934753,0.0080031156539917,0.0003999999999999,0.7094141840934753,0.509,0.0003999999999999
imdb,noniid,20,107,6,8,0.606322,0.0109719999999999,0.4972101673899566,0.0417339030399721,0.9685444444444444,-0.0141666666666666,,0.509,0.5088035214085634,1.0,0.6744463598992176,0.7094141840934753,0.008688747882843,0.0003999999999999,0.7094141840934753,0.509,0.0003999999999999
imdb,noniid,20,107,6,9,0.606322,0.012336,0.4972101673899566,0.0464313511905796,0.9685444444444444,-0.0175666666666667,,0.509,0.5088035214085634,1.0,0.6744463598992176,0.7094141840934753,0.0083191394805908,0.0003999999999999,0.7094141840934753,0.509,0.0003999999999999
imdb,noniid,20,107,6,10,0.606322,0.01149,0.4972101673899566,0.0448366023884052,0.9685444444444444,0.0332333333333332,,0.509,0.5088035214085634,1.0,0.6744463598992176,0.7094141840934753,0.009672462940216,0.0003999999999999,0.7094141840934753,0.509,0.0003999999999999
imdb,noniid,20,107,6,11,0.606322,0.0059519999999999,0.4972101673899566,0.0279119217759215,0.9685444444444444,-0.0148888888888887,,0.509,0.5088035214085634,1.0,0.6744463598992176,0.7094141840934753,0.0078485608100891,0.0003999999999999,0.7094141840934753,0.509,0.0003999999999999
imdb,noniid,20,107,6,12,0.606322,0.012862,0.4972101673899566,0.0467597169395061,0.9685444444444444,-0.0136555555555555,,0.509,0.5088035214085634,1.0,0.6744463598992176,0.7094141840934753,0.0075016617774963,0.0003999999999999,0.7094141840934753,0.509,0.0003999999999999
imdb,noniid,20,107,6,13,0.606322,0.0128479999999999,0.4972101673899566,0.0477684800450434,0.9685444444444444,-0.0122333333333333,,0.509,0.5088035214085634,1.0,0.6744463598992176,0.7094141840934753,0.0082616806030273,0.0003999999999999,0.7094141840934753,0.509,0.0003999999999999
imdb,noniid,20,107,6,14,0.606322,0.0104319999999999,0.4972101673899566,0.0360557212121094,0.9685444444444444,-0.014388888888889,,0.509,0.5088035214085634,1.0,0.6744463598992176,0.7094141840934753,0.0075485706329345,0.0003999999999999,0.7094141840934753,0.509,0.0003999999999999
imdb,noniid,20,107,6,15,0.606322,0.0107239999999999,0.4972101673899566,0.0394088593862194,0.9685444444444444,-0.0141666666666666,,0.509,0.5088035214085634,1.0,0.6744463598992176,0.7094141840934753,0.0078319311141967,0.0003999999999999,0.7094141840934753,0.509,0.0003999999999999
imdb,noniid,20,107,6,16,0.606322,0.0109879999999999,0.4972101673899566,0.0472101673899565,0.9685444444444444,0.0302888888888888,,0.509,0.5088035214085634,1.0,0.6744463598992176,0.7094141840934753,0.0075975060462951,0.0003999999999999,0.7094141840934753,0.509,0.0003999999999999
imdb,noniid,20,107,6,17,0.606322,0.01092,0.4972101673899566,0.046837958953232,0.9685444444444444,0.071411111111111,,0.509,0.5088035214085634,1.0,0.6744463598992176,0.7094141840934753,0.007644236087799,0.0003999999999999,0.7094141840934753,0.509,0.0003999999999999
imdb,noniid,20,107,6,18,0.606322,0.009492,0.4972101673899566,0.0390203772239685,0.9685444444444444,-0.0137444444444443,,0.509,0.5088035214085634,1.0,0.6744463598992176,0.7094141840934753,0.0079259276390075,0.0003999999999999,0.7094141840934753,0.509,0.0003999999999999
imdb,noniid,20,107,6,19,0.606322,0.010754,0.4972101673899566,0.0457674121929351,0.9685444444444444,0.0243444444444445,,0.509,0.5088035214085634,1.0,0.6744463598992176,0.7094141840934753,0.0078577995300292,0.0003999999999999,0.7094141840934753,0.509,0.0003999999999999
imdb,noniid,20,107,7,0,0.6287860000000001,0.021476,0.5582255083179297,0.050926238244937,0.9106444444444444,-0.0007777777777777,,0.514,0.5113750754982888,0.998820290994888,0.6764314247669774,0.6867436766624451,0.0112215280532836,0.0041999999999999,0.6867436766624451,0.514,0.0041999999999999
imdb,noniid,20,107,7,1,0.6287860000000001,0.01214,0.5582255083179297,0.0316673259415096,0.9106444444444444,0.0345999999999999,,0.514,0.5113750754982888,0.998820290994888,0.6764314247669774,0.6867436766624451,0.0107257366180419,0.004,0.6867436766624451,0.514,0.004
imdb,noniid,20,107,7,2,0.6287860000000001,0.013508,0.5582255083179297,0.0340368983975377,0.9106444444444444,-0.0010666666666667,,0.514,0.5113750754982888,0.998820290994888,0.6764314247669774,0.6867436766624451,0.0100938081741333,0.004,0.6867436766624451,0.514,0.004
imdb,noniid,20,107,7,3,0.6287860000000001,0.022774,0.5582255083179297,0.0614140901581969,0.9106444444444444,0.004233333333333,,0.514,0.5113750754982888,0.998820290994888,0.6764314247669774,0.6867436766624451,0.0109166502952575,0.004,0.6867436766624451,0.514,0.004
imdb,noniid,20,107,7,4,0.6287860000000001,0.0185140000000001,0.5582255083179297,0.0416248381991359,0.9106444444444444,-0.0002666666666666,,0.514,0.5113750754982888,0.998820290994888,0.6764314247669774,0.6867436766624451,0.0100173354148864,0.004,0.6867436766624451,0.514,0.004
imdb,noniid,20,107,7,5,0.6287860000000001,0.018564,0.5582255083179297,0.0430001733605606,0.9106444444444444,0.0161111111111111,,0.514,0.5113750754982888,0.998820290994888,0.6764314247669774,0.6867436766624451,0.0099570751190185,0.0036,0.6867436766624451,0.514,0.0036
imdb,noniid,20,107,7,6,0.6287860000000001,0.0259260000000001,0.5582255083179297,0.0706992083479868,0.9106444444444444,-0.0003777777777778,,0.514,0.5113750754982888,0.998820290994888,0.6764314247669774,0.6867436766624451,0.0099361538887023,0.0036,0.6867436766624451,0.514,0.0036
imdb,noniid,20,107,7,7,0.6287860000000001,0.0267220000000001,0.5582255083179297,0.0734134782427417,0.9106444444444444,0.0312666666666667,,0.514,0.5113750754982888,0.998820290994888,0.6764314247669774,0.6867436766624451,0.0104694366455078,0.004,0.6867436766624451,0.514,0.004
imdb,noniid,20,107,7,8,0.6287860000000001,0.01797,0.5582255083179297,0.035901349296523,0.9106444444444444,0.0145333333333332,,0.514,0.5113750754982888,0.998820290994888,0.6764314247669774,0.6867436766624451,0.0111743211746215,0.004,0.6867436766624451,0.514,0.004
imdb,noniid,20,107,7,9,0.6287860000000001,0.02387,0.5582255083179297,0.0672725529500165,0.9106444444444444,0.0003333333333332,,0.514,0.5113750754982888,0.998820290994888,0.6764314247669774,0.6867436766624451,0.0108156204223632,0.004,0.6867436766624451,0.514,0.004
imdb,noniid,20,107,7,10,0.6287860000000001,0.019714,0.5582255083179297,0.0413099337979663,0.9106444444444444,0.0032333333333331,,0.514,0.5113750754982888,0.998820290994888,0.6764314247669774,0.6867436766624451,0.0123177766799926,0.0041999999999999,0.6867436766624451,0.514,0.0041999999999999
imdb,noniid,20,107,7,11,0.6287860000000001,0.010188,0.5582255083179297,0.0291575292345707,0.9106444444444444,0.0002666666666666,,0.514,0.5113750754982888,0.998820290994888,0.6764314247669774,0.6867436766624451,0.010120689868927,0.004,0.6867436766624451,0.514,0.004
imdb,noniid,20,107,7,12,0.6287860000000001,0.018448,0.5582255083179297,0.0402596130682342,0.9106444444444444,0.0006888888888887,,0.514,0.5113750754982888,0.998820290994888,0.6764314247669774,0.6867436766624451,0.0097116231918334,0.0036,0.6867436766624451,0.514,0.0036
imdb,noniid,20,107,7,13,0.6287860000000001,0.020772,0.5582255083179297,0.0489352250404395,0.9106444444444444,0.0459555555555555,,0.514,0.5113750754982888,0.998820290994888,0.6764314247669774,0.6867436766624451,0.0110360980033874,0.0041999999999999,0.6867436766624451,0.514,0.0041999999999999
imdb,noniid,20,107,7,14,0.6287860000000001,0.0138139999999999,0.5582255083179297,0.0326512357298746,0.9106444444444444,0.013011111111111,,0.514,0.5113750754982888,0.998820290994888,0.6764314247669774,0.6867436766624451,0.0097301006317138,0.0036,0.6867436766624451,0.514,0.0036
imdb,noniid,20,107,7,15,0.6287860000000001,0.015398,0.5582255083179297,0.0363667495285686,0.9106444444444444,-0.0005111111111113,,0.514,0.5113750754982888,0.998820290994888,0.6764314247669774,0.6867436766624451,0.0101023912429809,0.0036,0.6867436766624451,0.514,0.0036
imdb,noniid,20,107,7,16,0.6287860000000001,0.0188920000000001,0.5582255083179297,0.0448190488420003,0.9106444444444444,-0.000288888888889,,0.514,0.5113750754982888,0.998820290994888,0.6764314247669774,0.6867436766624451,0.0099024176597595,0.0036,0.6867436766624451,0.514,0.0036
imdb,noniid,20,107,7,17,0.6287860000000001,0.019118,0.5582255083179297,0.0430186956658615,0.9106444444444444,0.0319777777777776,,0.514,0.5113750754982888,0.998820290994888,0.6764314247669774,0.6867436766624451,0.0100405812263488,0.0038,0.6867436766624451,0.514,0.0038
imdb,noniid,20,107,7,18,0.6287860000000001,0.015712,0.5582255083179297,0.0367794298865571,0.9106444444444444,-0.0005555555555556,,0.514,0.5113750754982888,0.998820290994888,0.6764314247669774,0.6867436766624451,0.0105355978012084,0.004,0.6867436766624451,0.514,0.004
imdb,noniid,20,107,7,19,0.6287860000000001,0.01948,0.5582255083179297,0.0411627417122014,0.9106444444444444,0.0226666666666666,,0.514,0.5113750754982888,0.998820290994888,0.6764314247669774,0.6867436766624451,0.0100990533828735,0.004,0.6867436766624451,0.514,0.004
imdb,noniid,20,107,8,0,0.656516,0.0266699999999999,0.6325320012488292,0.0630035852875233,0.859977777777778,-0.0064888888888887,,0.5496,0.5306897279055052,0.9893826189539914,0.6908292147171884,0.659218430519104,0.0129069685935974,0.0177999999999999,0.659218430519104,0.5496,0.0177999999999999
imdb,noniid,20,107,8,1,0.656516,0.0134679999999999,0.6325320012488292,0.0359166166334445,0.859977777777778,-0.0038666666666664,,0.5496,0.5306897279055052,0.9893826189539914,0.6908292147171884,0.659218430519104,0.0121326446533203,0.0165999999999999,0.659218430519104,0.5496,0.0165999999999999
imdb,noniid,20,107,8,2,0.656516,0.0171199999999999,0.6325320012488292,0.0419711676601072,0.859977777777778,-0.0053999999999998,,0.5496,0.5306897279055052,0.9893826189539914,0.6908292147171884,0.659218430519104,0.011494755744934,0.0153999999999999,0.659218430519104,0.5496,0.0153999999999999
imdb,noniid,20,107,8,3,0.656516,0.030702,0.6325320012488292,0.0733116114437317,0.859977777777778,-0.0085333333333332,,0.5496,0.5306897279055052,0.9893826189539914,0.6908292147171884,0.659218430519104,0.0125491619110107,0.0171999999999999,0.659218430519104,0.5496,0.0171999999999999
imdb,noniid,20,107,8,4,0.656516,0.024568,0.6325320012488292,0.0564713951882231,0.859977777777778,-0.0052888888888888,,0.5496,0.5306897279055052,0.9893826189539914,0.6908292147171884,0.659218430519104,0.0114538073539733,0.0153999999999999,0.659218430519104,0.5496,0.0153999999999999
imdb,noniid,20,107,8,5,0.656516,0.023742,0.6325320012488292,0.0571604513549863,0.859977777777778,-0.0057777777777774,,0.5496,0.5306897279055052,0.9893826189539914,0.6908292147171884,0.659218430519104,0.0113117694854736,0.0153999999999999,0.659218430519104,0.5496,0.0153999999999999
imdb,noniid,20,107,8,6,0.656516,0.0348319999999999,0.6325320012488292,0.0852044407830185,0.859977777777778,-0.0099111111111109,,0.5496,0.5306897279055052,0.9893826189539914,0.6908292147171884,0.659218430519104,0.0112112760543823,0.0153999999999999,0.659218430519104,0.5496,0.0153999999999999
imdb,noniid,20,107,8,7,0.656516,0.0380379999999999,0.6325320012488292,0.0897345064680359,0.859977777777778,-0.0107555555555554,,0.5496,0.5306897279055052,0.9893826189539914,0.6908292147171884,0.659218430519104,0.0119296312332153,0.016,0.659218430519104,0.5496,0.016
imdb,noniid,20,107,8,8,0.656516,0.0209559999999999,0.6325320012488292,0.0467566654734934,0.859977777777778,-0.0043999999999997,,0.5496,0.5306897279055052,0.9893826189539914,0.6908292147171884,0.659218430519104,0.0125993490219116,0.0171999999999999,0.659218430519104,0.5496,0.0171999999999999
imdb,noniid,20,107,8,9,0.656516,0.033974,0.6325320012488292,0.0795062373183319,0.859977777777778,-0.0085333333333332,,0.5496,0.5306897279055052,0.9893826189539914,0.6908292147171884,0.659218430519104,0.012283444404602,0.0167999999999999,0.659218430519104,0.5496,0.0167999999999999
imdb,noniid,20,107,8,10,0.656516,0.0244959999999999,0.6325320012488292,0.0572061449287322,0.859977777777778,-0.0049333333333332,,0.5496,0.5306897279055052,0.9893826189539914,0.6908292147171884,0.659218430519104,0.0137811303138732,0.0197999999999999,0.659218430519104,0.5496,0.0197999999999999
imdb,noniid,20,107,8,11,0.656516,0.009228,0.6325320012488292,0.0247559514821107,0.859977777777778,-0.0026444444444444,,0.5496,0.5306897279055052,0.9893826189539914,0.6908292147171884,0.659218430519104,0.0113980770111083,0.0153999999999999,0.659218430519104,0.5496,0.0153999999999999
imdb,noniid,20,107,8,12,0.656516,0.0235219999999999,0.6325320012488292,0.0529761752676913,0.859977777777778,-0.0044222222222221,,0.5496,0.5306897279055052,0.9893826189539914,0.6908292147171884,0.659218430519104,0.0109893083572387,0.0153999999999999,0.659218430519104,0.5496,0.0153999999999999
imdb,noniid,20,107,8,13,0.656516,0.0272279999999999,0.6325320012488292,0.0627891873305236,0.859977777777778,-0.0067111111111108,,0.5496,0.5306897279055052,0.9893826189539914,0.6908292147171884,0.659218430519104,0.0127390027046203,0.0175999999999999,0.659218430519104,0.5496,0.0175999999999999
imdb,noniid,20,107,8,14,0.656516,0.017402,0.6325320012488292,0.0412888904098824,0.859977777777778,-0.0049777777777777,,0.5496,0.5306897279055052,0.9893826189539914,0.6908292147171884,0.659218430519104,0.0109747052192687,0.0153999999999999,0.659218430519104,0.5496,0.0153999999999999
imdb,noniid,20,107,8,15,0.656516,0.0185199999999999,0.6325320012488292,0.0444403981953941,0.859977777777778,-0.0039333333333333,,0.5496,0.5306897279055052,0.9893826189539914,0.6908292147171884,0.659218430519104,0.0114149451255798,0.0153999999999999,0.659218430519104,0.5496,0.0153999999999999
imdb,noniid,20,107,8,16,0.656516,0.025842,0.6325320012488292,0.0591583250007202,0.859977777777778,-0.0049333333333332,,0.5496,0.5306897279055052,0.9893826189539914,0.6908292147171884,0.659218430519104,0.0112440586090087,0.0153999999999999,0.659218430519104,0.5496,0.0153999999999999
imdb,noniid,20,107,8,17,0.656516,0.0244079999999999,0.6325320012488292,0.0569946109975425,0.859977777777778,0.0079111111111114,,0.5496,0.5306897279055052,0.9893826189539914,0.6908292147171884,0.659218430519104,0.0114589929580688,0.0153999999999999,0.659218430519104,0.5496,0.0153999999999999
imdb,noniid,20,107,8,18,0.656516,0.0196319999999999,0.6325320012488292,0.0430712169351037,0.859977777777778,-0.005311111111111,,0.5496,0.5306897279055052,0.9893826189539914,0.6908292147171884,0.659218430519104,0.0121060609817504,0.0163999999999999,0.659218430519104,0.5496,0.0163999999999999
imdb,noniid,20,107,8,19,0.656516,0.0247659999999999,0.6325320012488292,0.0565999006122727,0.859977777777778,0.0091666666666667,,0.5496,0.5306897279055052,0.9893826189539914,0.6908292147171884,0.659218430519104,0.0113633871078491,0.0151999999999999,0.659218430519104,0.5496,0.0151999999999999
imdb,noniid,20,107,9,0,0.683398,0.030084,0.6987874920229739,0.0614484362289824,0.8807777777777779,0.0002666666666666,,0.6176,0.5742527653565545,0.9594966574911522,0.71849234393404,0.6298459768295288,0.0132400393486022,0.0303999999999999,0.6298459768295288,0.6176,0.0303999999999999
imdb,noniid,20,107,9,1,0.683398,0.0134199999999999,0.6987874920229739,0.0324358852176808,0.8807777777777779,0.0009777777777779,,0.6176,0.5742527653565545,0.9594966574911522,0.71849234393404,0.6298459768295288,0.0122672319412231,0.028,0.6298459768295288,0.6176,0.028
imdb,noniid,20,107,9,2,0.683398,0.0162459999999999,0.6987874920229739,0.0380844160656606,0.8807777777777779,0.0011333333333334,,0.6176,0.5742527653565545,0.9594966574911522,0.71849234393404,0.6298459768295288,0.0116524100303649,0.026,0.6298459768295288,0.6176,0.026
imdb,noniid,20,107,9,3,0.683398,0.034192,0.6987874920229739,0.071467747575149,0.8807777777777779,-0.0008444444444442,,0.6176,0.5742527653565545,0.9594966574911522,0.71849234393404,0.6298459768295288,0.012862741947174,0.0294,0.6298459768295288,0.6176,0.0294
imdb,noniid,20,107,9,4,0.683398,0.02617,0.6987874920229739,0.0547196954128044,0.8807777777777779,-0.0004444444444442,,0.6176,0.5742527653565545,0.9594966574911522,0.71849234393404,0.6298459768295288,0.0116503834724426,0.026,0.6298459768295288,0.6176,0.026
imdb,noniid,20,107,9,5,0.683398,0.0234459999999999,0.6987874920229739,0.0548714944936347,0.8807777777777779,0.0006222222222223,,0.6176,0.5742527653565545,0.9594966574911522,0.71849234393404,0.6298459768295288,0.0114779472351074,0.025,0.6298459768295288,0.6176,0.025
imdb,noniid,20,107,9,6,0.683398,0.0396619999999999,0.6987874920229739,0.0871574829841067,0.8807777777777779,0.0005111111111113,,0.6176,0.5742527653565545,0.9594966574911522,0.71849234393404,0.6298459768295288,0.011311650276184,0.0254,0.6298459768295288,0.6176,0.0254
imdb,noniid,20,107,9,7,0.683398,0.0416759999999999,0.6987874920229739,0.0928361845387538,0.8807777777777779,0.0002222222222223,,0.6176,0.5742527653565545,0.9594966574911522,0.71849234393404,0.6298459768295288,0.0121414065361022,0.027,0.6298459768295288,0.6176,0.027
imdb,noniid,20,107,9,8,0.683398,0.0202059999999999,0.6987874920229739,0.0474655635626317,0.8807777777777779,0.0010000000000001,,0.6176,0.5742527653565545,0.9594966574911522,0.71849234393404,0.6298459768295288,0.0127384066581726,0.0292,0.6298459768295288,0.6176,0.0292
imdb,noniid,20,107,9,9,0.683398,0.0366539999999999,0.6987874920229739,0.0805452691295881,0.8807777777777779,-0.0010666666666665,,0.6176,0.5742527653565545,0.9594966574911522,0.71849234393404,0.6298459768295288,0.0124772787094116,0.028,0.6298459768295288,0.6176,0.028
imdb,noniid,20,107,9,10,0.683398,0.024424,0.6987874920229739,0.0551376769798173,0.8807777777777779,0.000377777777778,,0.6176,0.5742527653565545,0.9594966574911522,0.71849234393404,0.6298459768295288,0.0138055682182312,0.0316,0.6298459768295288,0.6176,0.0316
imdb,noniid,20,107,9,11,0.683398,0.0076339999999999,0.6987874920229739,0.0213271745626564,0.8807777777777779,0.0007333333333334,,0.6176,0.5742527653565545,0.9594966574911522,0.71849234393404,0.6298459768295288,0.0114710330963134,0.025,0.6298459768295288,0.6176,0.025
imdb,noniid,20,107,9,12,0.683398,0.0224539999999999,0.6987874920229739,0.0537658470013288,0.8807777777777779,0.0001333333333333,,0.6176,0.5742527653565545,0.9594966574911522,0.71849234393404,0.6298459768295288,0.0111151337623596,0.0242,0.6298459768295288,0.6176,0.0242
imdb,noniid,20,107,9,13,0.683398,0.0283219999999999,0.6987874920229739,0.0598559599382333,0.8807777777777779,0.0006666666666668,,0.6176,0.5742527653565545,0.9594966574911522,0.71849234393404,0.6298459768295288,0.0130782127380371,0.0296,0.6298459768295288,0.6176,0.0296
imdb,noniid,20,107,9,14,0.683398,0.0157819999999999,0.6987874920229739,0.037036629142522,0.8807777777777779,0.0016222222222221,,0.6176,0.5742527653565545,0.9594966574911522,0.71849234393404,0.6298459768295288,0.0110739469528198,0.0242,0.6298459768295288,0.6176,0.0242
imdb,noniid,20,107,9,15,0.683398,0.0181199999999999,0.6987874920229739,0.0434643574616251,0.8807777777777779,0.0010888888888891,,0.6176,0.5742527653565545,0.9594966574911522,0.71849234393404,0.6298459768295288,0.0115394592285156,0.025,0.6298459768295288,0.6176,0.025
imdb,noniid,20,107,9,16,0.683398,0.0267379999999999,0.6987874920229739,0.0582585867339209,0.8807777777777779,0.0003111111111113,,0.6176,0.5742527653565545,0.9594966574911522,0.71849234393404,0.6298459768295288,0.0113818645477294,0.025,0.6298459768295288,0.6176,0.025
imdb,noniid,20,107,9,17,0.683398,0.0262919999999999,0.6987874920229739,0.0581721074075892,0.8807777777777779,0.0006222222222223,,0.6176,0.5742527653565545,0.9594966574911522,0.71849234393404,0.6298459768295288,0.0116472840309143,0.0256,0.6298459768295288,0.6176,0.0256
imdb,noniid,20,107,9,18,0.683398,0.0174219999999999,0.6987874920229739,0.04338843099011,0.8807777777777779,0.0006222222222223,,0.6176,0.5742527653565545,0.9594966574911522,0.71849234393404,0.6298459768295288,0.0123547315597534,0.0284,0.6298459768295288,0.6176,0.0284
imdb,noniid,20,107,9,19,0.683398,0.0262379999999999,0.6987874920229739,0.0569872454138493,0.8807777777777779,0.0004222222222223,,0.6176,0.5742527653565545,0.9594966574911522,0.71849234393404,0.6298459768295288,0.0114352703094482,0.0252,0.6298459768295288,0.6176,0.0252
imdb,noniid,20,107,10,0,0.710914,0.0312339999999999,0.7575360419397117,0.0663134714067963,0.8973777777777778,-0.0461999999999998,,0.6844,0.6317226317226318,0.9099488792764452,0.7457299387689333,0.6012293100357056,0.0126386880874633,0.026,0.6012293100357056,0.6844,0.026
imdb,noniid,20,107,10,1,0.710914,0.0133499999999999,0.7575360419397117,0.0335424831635442,0.8973777777777778,-0.0362555555555554,,0.6844,0.6317226317226318,0.9099488792764452,0.7457299387689333,0.6012293100357056,0.0115657448768615,0.0243999999999999,0.6012293100357056,0.6844,0.0243999999999999
imdb,noniid,20,107,10,2,0.710914,0.015686,0.7575360419397117,0.0372024947941055,0.8973777777777778,-0.0453555555555555,,0.6844,0.6317226317226318,0.9099488792764452,0.7457299387689333,0.6012293100357056,0.0109869837760925,0.0233999999999999,0.6012293100357056,0.6844,0.0233999999999999
imdb,noniid,20,107,10,3,0.710914,0.035378,0.7575360419397117,0.0740113754798916,0.8973777777777778,-0.0476666666666665,,0.6844,0.6317226317226318,0.9099488792764452,0.7457299387689333,0.6012293100357056,0.0122743248939514,0.0253999999999999,0.6012293100357056,0.6844,0.0253999999999999
imdb,noniid,20,107,10,4,0.710914,0.026468,0.7575360419397117,0.0580410924447621,0.8973777777777778,-0.0462444444444445,,0.6844,0.6317226317226318,0.9099488792764452,0.7457299387689333,0.6012293100357056,0.0110144615173339,0.0242,0.6012293100357056,0.6844,0.0242
imdb,noniid,20,107,10,5,0.710914,0.025942,0.7575360419397117,0.0577254358791056,0.8973777777777778,-0.0467111111111111,,0.6844,0.6317226317226318,0.9099488792764452,0.7457299387689333,0.6012293100357056,0.010859727859497,0.0232,0.6012293100357056,0.6844,0.0232
imdb,noniid,20,107,10,6,0.710914,0.04383,0.7575360419397117,0.0900506259126929,0.8973777777777778,-0.027611111111111,,0.6844,0.6317226317226318,0.9099488792764452,0.7457299387689333,0.6012293100357056,0.0106409788131713,0.0216,0.6012293100357056,0.6844,0.0216
imdb,noniid,20,107,10,7,0.710914,0.045106,0.7575360419397117,0.0942394733122606,0.8973777777777778,-0.0490222222222223,,0.6844,0.6317226317226318,0.9099488792764452,0.7457299387689333,0.6012293100357056,0.0115180611610412,0.0243999999999999,0.6012293100357056,0.6844,0.0243999999999999
imdb,noniid,20,107,10,8,0.710914,0.02122,0.7575360419397117,0.0458874104947721,0.8973777777777778,-0.0470888888888887,,0.6844,0.6317226317226318,0.9099488792764452,0.7457299387689333,0.6012293100357056,0.0120291709899902,0.025,0.6012293100357056,0.6844,0.025
imdb,noniid,20,107,10,9,0.710914,0.040048,0.7575360419397117,0.0816101160137857,0.8973777777777778,-0.0470666666666665,,0.6844,0.6317226317226318,0.9099488792764452,0.7457299387689333,0.6012293100357056,0.0118167996406555,0.0252,0.6012293100357056,0.6844,0.0252
imdb,noniid,20,107,10,10,0.710914,0.026864,0.7575360419397117,0.0604039902536102,0.8973777777777778,-0.047711111111111,,0.6844,0.6317226317226318,0.9099488792764452,0.7457299387689333,0.6012293100357056,0.0129001140594482,0.0265999999999999,0.6012293100357056,0.6844,0.0265999999999999
imdb,noniid,20,107,10,11,0.710914,0.0093499999999999,0.7575360419397117,0.0258445318943455,0.8973777777777778,-0.0460888888888888,,0.6844,0.6317226317226318,0.9099488792764452,0.7457299387689333,0.6012293100357056,0.0107684731483459,0.0228,0.6012293100357056,0.6844,0.0228
imdb,noniid,20,107,10,12,0.710914,0.0246900000000001,0.7575360419397117,0.0548162443432537,0.8973777777777778,-0.0453555555555553,,0.6844,0.6317226317226318,0.9099488792764452,0.7457299387689333,0.6012293100357056,0.0104938149452209,0.0213999999999999,0.6012293100357056,0.6844,0.0213999999999999
imdb,noniid,20,107,10,13,0.710914,0.02978,0.7575360419397117,0.0644077080834205,0.8973777777777778,-0.0470888888888887,,0.6844,0.6317226317226318,0.9099488792764452,0.7457299387689333,0.6012293100357056,0.0124778151512146,0.0258,0.6012293100357056,0.6844,0.0258
imdb,noniid,20,107,10,14,0.710914,0.016654,0.7575360419397117,0.0375232132033421,0.8973777777777778,-0.0458666666666665,,0.6844,0.6317226317226318,0.9099488792764452,0.7457299387689333,0.6012293100357056,0.0104325413703918,0.021,0.6012293100357056,0.6844,0.021
imdb,noniid,20,107,10,15,0.710914,0.0194199999999999,0.7575360419397117,0.0433872077014491,0.8973777777777778,-0.0456333333333331,,0.6844,0.6317226317226318,0.9099488792764452,0.7457299387689333,0.6012293100357056,0.0108866095542907,0.0235999999999999,0.6012293100357056,0.6844,0.0235999999999999
imdb,noniid,20,107,10,16,0.710914,0.029366,0.7575360419397117,0.0617197475075003,0.8973777777777778,-0.0355333333333334,,0.6844,0.6317226317226318,0.9099488792764452,0.7457299387689333,0.6012293100357056,0.0107307434082031,0.0233999999999999,0.6012293100357056,0.6844,0.0233999999999999
imdb,noniid,20,107,10,17,0.710914,0.028102,0.7575360419397117,0.0600888310982367,0.8973777777777778,-0.0468222222222223,,0.6844,0.6317226317226318,0.9099488792764452,0.7457299387689333,0.6012293100357056,0.0110211372375488,0.0235999999999999,0.6012293100357056,0.6844,0.0235999999999999
imdb,noniid,20,107,10,18,0.710914,0.019776,0.7575360419397117,0.0407785924043063,0.8973777777777778,-0.0449999999999999,,0.6844,0.6317226317226318,0.9099488792764452,0.7457299387689333,0.6012293100357056,0.0117079615592956,0.0245999999999999,0.6012293100357056,0.6844,0.0245999999999999
imdb,noniid,20,107,10,19,0.710914,0.0277100000000001,0.7575360419397117,0.0599935088584262,0.8973777777777778,-0.0469111111111111,,0.6844,0.6317226317226318,0.9099488792764452,0.7457299387689333,0.6012293100357056,0.0107414722442626,0.0223999999999999,0.6012293100357056,0.6844,0.0223999999999999
imdb,noniid,4,107,1,0,0.651562,-0.141592,0.5669374779229954,-0.2941629453167121,0.9192444444444444,-0.0080222222222223,,0.5086,0.5086,1.0,0.6742675328118786,0.7359949350357056,0.0070742964744567,-0.0,0.7359949350357056,0.5086,-0.0
imdb,noniid,4,107,1,1,0.651562,-0.2307759999999999,0.5669374779229954,-0.3849027726643186,0.9192444444444444,-0.0080222222222223,,0.5086,0.5086,1.0,0.6742675328118786,0.7359949350357056,0.0050191283226013,-0.0,0.7359949350357056,0.5086,-0.0
imdb,noniid,4,107,1,2,0.651562,-0.113518,0.5669374779229954,-0.2511416181222023,0.9192444444444444,0.0041333333333331,,0.5086,0.5086,1.0,0.6742675328118786,0.7359949350357056,-0.0150333046913146,-0.0,0.7359949350357056,0.5086,-0.0
imdb,noniid,4,107,1,3,0.651562,0.068964,0.5669374779229954,0.1762299805629109,0.9192444444444444,-0.0088888888888889,,0.5086,0.5086,1.0,0.6742675328118786,0.7359949350357056,-0.003609299659729,-0.0,0.7359949350357056,0.5086,-0.0
imdb,noniid,4,107,2,0,0.61557,-0.0996920000000001,0.5438049333711369,-0.1651967032900742,0.8132666666666668,-0.0134222222222222,,0.5094,0.5090072057646117,1.0,0.6746252818676217,0.7046129107475281,-0.0044777989387512,-0.0004,0.7046129107475281,0.5094,-0.0004
imdb,noniid,4,107,2,1,0.61557,-0.200026,0.5438049333711369,-0.3497640775352189,0.8132666666666668,-0.0026444444444442,,0.5094,0.5090072057646117,1.0,0.6746252818676217,0.7046129107475281,0.0219092369079589,0.0007999999999999,0.7046129107475281,0.5094,0.0007999999999999
imdb,noniid,4,107,2,2,0.61557,-0.2051860000000001,0.5438049333711369,-0.3771874330410768,0.8132666666666668,-0.0154666666666665,,0.5094,0.5090072057646117,1.0,0.6746252818676217,0.7046129107475281,-0.0078173875808715,-0.0002,0.7046129107475281,0.5094,-0.0002
imdb,noniid,4,107,2,3,0.61557,-0.0028380000000001,0.5438049333711369,-0.0207605501049953,0.8132666666666668,-0.0196888888888886,,0.5094,0.5090072057646117,1.0,0.6746252818676217,0.7046129107475281,0.0145228505134582,0.0003999999999999,0.7046129107475281,0.5094,0.0003999999999999
imdb,noniid,4,107,3,0,0.638124,-0.0403939999999999,0.6617257808364214,-0.0352775487973189,0.861688888888889,0.0011777777777777,,0.66,0.6087741935483871,0.9276445143531262,0.7351199750701153,0.610419750213623,-0.0082983374595642,-0.0155999999999999,0.610419750213623,0.66,-0.0155999999999999
imdb,noniid,4,107,3,1,0.638124,-0.1073559999999999,0.6617257808364214,-0.1009052963799751,0.861688888888889,0.0031555555555555,,0.66,0.6087741935483871,0.9276445143531262,0.7351199750701153,0.610419750213623,0.0234288573265075,0.05,0.610419750213623,0.66,0.05
imdb,noniid,4,107,3,2,0.638124,-0.2052999999999999,0.6617257808364214,-0.2696095757644891,0.861688888888889,0.0036666666666667,,0.66,0.6087741935483871,0.9276445143531262,0.7351199750701153,0.610419750213623,-0.0019187331199645,-0.0023999999999999,0.610419750213623,0.66,-0.0023999999999999
imdb,noniid,4,107,3,3,0.638124,-0.0340439999999999,0.6617257808364214,-0.0574979911465985,0.861688888888889,-0.0040666666666666,,0.66,0.6087741935483871,0.9276445143531262,0.7351199750701153,0.610419750213623,0.024881899356842,0.047,0.610419750213623,0.66,0.047
imdb,noniid,4,107,4,0,0.668042,-0.0152179999999999,0.7403846153846154,-0.0039762868710236,0.7487555555555554,-0.0261333333333335,,0.7568,0.7394442439552508,0.8057412504915454,0.77117049303726,0.5348606705665588,-0.0046176314353942,-0.0011999999999999,0.5348606705665588,0.7568,-0.0011999999999999
imdb,noniid,4,107,4,1,0.668042,-0.0462679999999999,0.7403846153846154,-0.0219058874086807,0.7487555555555554,-0.0493111111111113,,0.7568,0.7394442439552508,0.8057412504915454,0.77117049303726,0.5348606705665588,0.0169990062713623,0.0168,0.5348606705665588,0.7568,0.0168
imdb,noniid,4,107,4,2,0.668042,-0.1758539999999999,0.7403846153846154,-0.1763741323133587,0.7487555555555554,-0.0338,,0.7568,0.7394442439552508,0.8057412504915454,0.77117049303726,0.5348606705665588,-0.0041491389274597,-0.0041999999999999,0.5348606705665588,0.7568,-0.0041999999999999
imdb,noniid,4,107,4,3,0.668042,-0.036748,0.7403846153846154,-0.0424194589113702,0.7487555555555554,-0.0494888888888889,,0.7568,0.7394442439552508,0.8057412504915454,0.77117049303726,0.5348606705665588,0.0228452682495117,0.0191999999999999,0.5348606705665588,0.7568,0.0191999999999999
imdb,noniid,4,107,5,0,0.692584,-0.005866,0.7873754152823921,0.0010140665154066,0.7518,0.0100222222222223,,0.78,0.7815060476004682,0.787652379079827,0.7845671758715237,0.4943351149559021,-0.0016932189464569,-0.0011999999999999,0.4943351149559021,0.78,-0.0011999999999999
imdb,noniid,4,107,5,1,0.692584,-0.0213379999999999,0.7873754152823921,-0.0022363370785732,0.7518,0.0217111111111112,,0.78,0.7815060476004682,0.787652379079827,0.7845671758715237,0.4943351149559021,0.0119056105613708,0.0084,0.4943351149559021,0.78,0.0084
imdb,noniid,4,107,5,2,0.692584,-0.144078,0.7873754152823921,-0.1186862649728365,0.7518,-0.0041111111111107,,0.78,0.7815060476004682,0.787652379079827,0.7845671758715237,0.4943351149559021,-0.0060550272464752,-0.0038,0.4943351149559021,0.78,-0.0038
imdb,noniid,4,107,5,3,0.692584,-0.030954,0.7873754152823921,-0.0177855009252043,0.7518,-0.0052333333333332,,0.78,0.7815060476004682,0.787652379079827,0.7845671758715237,0.4943351149559021,0.0182066559791564,0.0104,0.4943351149559021,0.78,0.0104
imdb,noniid,4,107,6,0,0.712162,-0.002384,0.8191005558362809,0.0087128818800185,0.8395999999999999,0.0011999999999998,,0.796,0.8018232263178755,0.7955171057805741,0.7986577181208053,0.4709214866161346,-0.0005572736263275,0.0004,0.4709214866161346,0.796,0.0004
imdb,noniid,4,107,6,1,0.712162,-0.011588,0.8191005558362809,0.0020522097803012,0.8395999999999999,0.0038888888888888,,0.796,0.8018232263178755,0.7955171057805741,0.7986577181208053,0.4709214866161346,0.0094868242740631,0.0072,0.4709214866161346,0.796,0.0072
imdb,noniid,4,107,6,2,0.712162,-0.111138,0.8191005558362809,-0.0799882055542017,0.8395999999999999,0.0249777777777775,,0.796,0.8018232263178755,0.7955171057805741,0.7986577181208053,0.4709214866161346,-0.0061356127262115,-0.0,0.4709214866161346,0.796,-0.0
imdb,noniid,4,107,6,3,0.712162,-0.0219139999999999,0.8191005558362809,-0.0045439382945183,0.8395999999999999,0.0193555555555553,,0.796,0.8018232263178755,0.7955171057805741,0.7986577181208053,0.4709214866161346,0.0153011083602905,0.0098,0.4709214866161346,0.796,0.0098
imdb,noniid,4,107,7,0,0.725962,-0.0029779999999999,0.8357089272318079,0.0050419324004025,0.7668666666666666,0.0089111111111108,,0.8078,0.8141382049245433,0.8061344868265827,0.8101165777514325,0.45439413189888,-3.001093864440918e-05,-0.0002,0.45439413189888,0.8078,-0.0002
imdb,noniid,4,107,7,1,0.725962,-0.00807,0.8357089272318079,0.0040826469420252,0.7668666666666666,-0.0174222222222222,,0.8078,0.8141382049245433,0.8061344868265827,0.8101165777514325,0.45439413189888,0.008203238248825,0.0043999999999999,0.45439413189888,0.8078,0.0043999999999999
imdb,noniid,4,107,7,2,0.725962,-0.08694,0.8357089272318079,-0.0471710727681921,0.7668666666666666,-0.0120888888888888,,0.8078,0.8141382049245433,0.8061344868265827,0.8101165777514325,0.45439413189888,-0.0056878924369812,0.0021999999999999,0.45439413189888,0.8078,0.0021999999999999
imdb,noniid,4,107,7,3,0.725962,-0.0149639999999999,0.8357089272318079,0.0040337457314045,0.7668666666666666,-0.0344666666666668,,0.8078,0.8141382049245433,0.8061344868265827,0.8101165777514325,0.45439413189888,0.0135071277618408,0.008,0.45439413189888,0.8078,0.008
imdb,noniid,4,107,8,0,0.737654,-0.003244,0.853495290034705,0.0067566926830621,0.8061111111111112,0.002,,0.8156,0.8225228810187027,0.8128195045222179,0.8176424050632911,0.4413149952888489,0.0003181099891662,-0.0003999999999999,0.4413149952888489,0.8156,-0.0003999999999999
imdb,noniid,4,107,8,1,0.737654,-0.0077099999999999,0.853495290034705,0.0078560432557159,0.8061111111111112,0.0052,,0.8156,0.8225228810187027,0.8128195045222179,0.8176424050632911,0.4413149952888489,0.0073769390583038,0.004,0.4413149952888489,0.8156,0.004
imdb,noniid,4,107,8,2,0.737654,-0.0653979999999999,0.853495290034705,-0.0200188824736765,0.8061111111111112,-0.0200444444444443,,0.8156,0.8225228810187027,0.8128195045222179,0.8176424050632911,0.4413149952888489,-0.0051518082618713,-0.0016,0.4413149952888489,0.8156,-0.0016
imdb,noniid,4,107,8,3,0.737654,-0.00885,0.853495290034705,0.007140442895954,0.8061111111111112,-0.0266555555555554,,0.8156,0.8225228810187027,0.8128195045222179,0.8176424050632911,0.4413149952888489,0.0122638642787933,0.0058,0.4413149952888489,0.8156,0.0058
imdb,noniid,4,107,9,0,0.746958,-0.003978,0.8618065783014237,0.0052922786191944,0.7349555555555556,0.0191333333333334,,0.8224,0.8292877039395146,0.819504522217853,0.8243670886075949,0.4305519163608551,0.0005996525287628,-0.0005999999999999,0.4305519163608551,0.8224,-0.0005999999999999
imdb,noniid,4,107,9,1,0.746958,-0.0049299999999999,0.8618065783014237,0.0049452824157375,0.7349555555555556,0.0106444444444444,,0.8224,0.8292877039395146,0.819504522217853,0.8243670886075949,0.4305519163608551,0.0067130625247955,0.004,0.4305519163608551,0.8224,0.004
imdb,noniid,4,107,9,2,0.746958,-0.048802,0.8618065783014237,-0.0099808048761463,0.7349555555555556,0.0099777777777778,,0.8224,0.8292877039395146,0.819504522217853,0.8243670886075949,0.4305519163608551,-0.004699170589447,-0.0008,0.4305519163608551,0.8224,-0.0008
imdb,noniid,4,107,9,3,0.746958,-0.002952,0.8618065783014237,0.0088729375122871,0.7349555555555556,-0.021111111111111,,0.8224,0.8292877039395146,0.819504522217853,0.8243670886075949,0.4305519163608551,0.01127690076828,0.0061999999999999,0.4305519163608551,0.8224,0.0061999999999999
imdb,noniid,4,107,10,0,0.753876,-0.003792,0.8748169838945827,0.0090796398006722,0.6934,-0.0296888888888888,,0.8296,0.8367184388689765,0.826189539913488,0.8314206569054214,0.4215094745159149,0.0008486211299896,0.0001999999999999,0.4215094745159149,0.8296,0.0001999999999999
imdb,noniid,4,107,10,1,0.753876,-0.0052339999999999,0.8748169838945827,0.0080847488318829,0.6934,-0.096,,0.8296,0.8367184388689765,0.826189539913488,0.8314206569054214,0.4215094745159149,0.0062383711338043,0.003,0.4215094745159149,0.8296,0.003
imdb,noniid,4,107,10,2,0.753876,-0.0366699999999999,0.8748169838945827,-0.0032248949961926,0.6934,-0.043022222222222,,0.8296,0.8367184388689765,0.826189539913488,0.8314206569054214,0.4215094745159149,-0.0042794048786163,0.0023999999999999,0.4215094745159149,0.8296,0.0023999999999999
imdb,noniid,4,107,10,3,0.753876,-0.001198,0.8748169838945827,0.0176382690351449,0.6934,-0.0383111111111111,,0.8296,0.8367184388689765,0.826189539913488,0.8314206569054214,0.4215094745159149,0.0105027258396148,0.0061999999999999,0.4215094745159149,0.8296,0.0061999999999999
imdb,noniid,20,123,1,0,0.960638,0.0568699999999999,0.8819826907946499,0.1700240098252418,0.9466444444444444,0.0041888888888887,,0.4918,1.0,0.0007864726700747,0.0015717092337917,0.6970120072364807,-0.001794159412384,-0.001,0.6970120072364807,0.4918,-0.001
imdb,noniid,20,123,1,1,0.960638,0.06477,0.8819826907946499,0.1887287225406816,0.9466444444444444,0.0063999999999999,,0.4918,1.0,0.0007864726700747,0.0015717092337917,0.6970120072364807,-0.0018020868301391,-0.0011999999999999,0.6970120072364807,0.4918,-0.0011999999999999
imdb,noniid,20,123,1,2,0.960638,0.0605299999999999,0.8819826907946499,0.1776452455101294,0.9466444444444444,0.0007999999999999,,0.4918,1.0,0.0007864726700747,0.0015717092337917,0.6970120072364807,-0.0016801953315734,-0.0011999999999999,0.6970120072364807,0.4918,-0.0011999999999999
imdb,noniid,20,123,1,3,0.960638,0.0530519999999999,0.8819826907946499,0.1563753630367844,0.9466444444444444,0.0320888888888888,,0.4918,1.0,0.0007864726700747,0.0015717092337917,0.6970120072364807,-0.0017412304878234,-0.0011999999999999,0.6970120072364807,0.4918,-0.0011999999999999
imdb,noniid,20,123,1,4,0.960638,0.0655599999999999,0.8819826907946499,0.1896444613385164,0.9466444444444444,0.0289999999999999,,0.4918,1.0,0.0007864726700747,0.0015717092337917,0.6970120072364807,-0.0016953349113464,-0.0011999999999999,0.6970120072364807,0.4918,-0.0011999999999999
imdb,noniid,20,123,1,5,0.960638,0.067828,0.8819826907946499,0.1991528020824081,0.9466444444444444,0.0248555555555554,,0.4918,1.0,0.0007864726700747,0.0015717092337917,0.6970120072364807,-0.0015941262245178,-0.001,0.6970120072364807,0.4918,-0.001
imdb,noniid,20,123,1,6,0.960638,0.0543219999999999,0.8819826907946499,0.1655944648598845,0.9466444444444444,0.0011333333333332,,0.4918,1.0,0.0007864726700747,0.0015717092337917,0.6970120072364807,-0.0016579627990722,-0.001,0.6970120072364807,0.4918,-0.001
imdb,noniid,20,123,1,7,0.960638,0.0524679999999999,0.8819826907946499,0.1576799019500283,0.9466444444444444,0.0930777777777775,,0.4918,1.0,0.0007864726700747,0.0015717092337917,0.6970120072364807,-0.0016785860061645,-0.0011999999999999,0.6970120072364807,0.4918,-0.0011999999999999
imdb,noniid,20,123,1,8,0.960638,0.06555,0.8819826907946499,0.1913837221314209,0.9466444444444444,0.0021777777777778,,0.4918,1.0,0.0007864726700747,0.0015717092337917,0.6970120072364807,-0.001776099205017,-0.0011999999999999,0.6970120072364807,0.4918,-0.0011999999999999
imdb,noniid,20,123,1,9,0.960638,0.061346,0.8819826907946499,0.1789572130876434,0.9466444444444444,0.0017333333333331,,0.4918,1.0,0.0007864726700747,0.0015717092337917,0.6970120072364807,-0.0017377734184265,-0.0011999999999999,0.6970120072364807,0.4918,-0.0011999999999999
imdb,noniid,20,123,1,10,0.960638,0.0991419999999999,0.8819826907946499,0.2578748398826752,0.9466444444444444,0.0032666666666665,,0.4918,1.0,0.0007864726700747,0.0015717092337917,0.6970120072364807,-0.0020632147789001,-0.0005999999999999,0.6970120072364807,0.4918,-0.0005999999999999
imdb,noniid,20,123,1,11,0.960638,0.0438239999999999,0.8819826907946499,0.1363547098725512,0.9466444444444444,0.0290555555555553,,0.4918,1.0,0.0007864726700747,0.0015717092337917,0.6970120072364807,-0.0017395615577697,-0.0011999999999999,0.6970120072364807,0.4918,-0.0011999999999999
imdb,noniid,20,123,1,12,0.960638,0.0442599999999999,0.8819826907946499,0.1367521661523605,0.9466444444444444,0.0301555555555554,,0.4918,1.0,0.0007864726700747,0.0015717092337917,0.6970120072364807,-0.0015519261360168,-0.001,0.6970120072364807,0.4918,-0.001
imdb,noniid,20,123,1,13,0.960638,0.060508,0.8819826907946499,0.1772473147500816,0.9466444444444444,0.0252999999999998,,0.4918,1.0,0.0007864726700747,0.0015717092337917,0.6970120072364807,-0.0018020272254943,-0.0011999999999999,0.6970120072364807,0.4918,-0.0011999999999999
imdb,noniid,20,123,1,14,0.960638,0.05742,0.8819826907946499,0.1707655070237668,0.9466444444444444,-0.000288888888889,,0.4918,1.0,0.0007864726700747,0.0015717092337917,0.6970120072364807,-0.0015592575073242,-0.001,0.6970120072364807,0.4918,-0.001
imdb,noniid,20,123,1,15,0.960638,0.0535179999999999,0.8819826907946499,0.1574603978010192,0.9466444444444444,0.0314,,0.4918,1.0,0.0007864726700747,0.0015717092337917,0.6970120072364807,-0.0015889406204223,-0.001,0.6970120072364807,0.4918,-0.001
imdb,noniid,20,123,1,16,0.960638,0.0607839999999999,0.8819826907946499,0.1757724997118472,0.9466444444444444,0.0011333333333332,,0.4918,1.0,0.0007864726700747,0.0015717092337917,0.6970120072364807,-0.0016251802444458,-0.001,0.6970120072364807,0.4918,-0.001
imdb,noniid,20,123,1,17,0.960638,0.061942,0.8819826907946499,0.1792369685503203,0.9466444444444444,0.027411111111111,,0.4918,1.0,0.0007864726700747,0.0015717092337917,0.6970120072364807,-0.001658022403717,-0.001,0.6970120072364807,0.4918,-0.001
imdb,noniid,20,123,1,18,0.960638,0.0624679999999999,0.8819826907946499,0.1796348993103681,0.9466444444444444,0.0010888888888886,,0.4918,1.0,0.0007864726700747,0.0015717092337917,0.6970120072364807,-0.0017561316490173,-0.0011999999999999,0.6970120072364807,0.4918,-0.0011999999999999
imdb,noniid,20,123,1,19,0.960638,0.10028,0.8819826907946499,0.2582713505884643,0.9466444444444444,0.0738555555555553,,0.4918,1.0,0.0007864726700747,0.0015717092337917,0.6970120072364807,-0.0016661286354064,-0.001,0.6970120072364807,0.4918,-0.001
imdb,noniid,20,123,2,0,0.984352,0.0244539999999999,0.963808025177026,0.0835567491660327,0.9075555555555554,-0.0237333333333333,,0.4914,0.0,0.0,0.0,0.7003120183944702,-0.0013689398765563,-0.0001999999999999,0.7003120183944702,0.4914,-0.0001999999999999
imdb,noniid,20,123,2,1,0.984352,0.028656,0.963808025177026,0.0943962604711436,0.9075555555555554,-0.0225333333333335,,0.4914,0.0,0.0,0.0,0.7003120183944702,-0.0015164017677307,-0.0001999999999999,0.7003120183944702,0.4914,-0.0001999999999999
imdb,noniid,20,123,2,2,0.984352,0.0266039999999999,0.963808025177026,0.0871872000296782,0.9075555555555554,-0.0209666666666668,,0.4914,0.0,0.0,0.0,0.7003120183944702,-0.0013368129730224,-0.0001999999999999,0.7003120183944702,0.4914,-0.0001999999999999
imdb,noniid,20,123,2,3,0.984352,0.0223799999999999,0.963808025177026,0.0779256722358495,0.9075555555555554,-0.0235333333333334,,0.4914,0.0,0.0,0.0,0.7003120183944702,-0.001315951347351,-0.0001999999999999,0.7003120183944702,0.4914,-0.0001999999999999
imdb,noniid,20,123,2,4,0.984352,0.02839,0.963808025177026,0.094106298332442,0.9075555555555554,-0.0228444444444446,,0.4914,0.0,0.0,0.0,0.7003120183944702,-0.0013471841812133,-0.0001999999999999,0.7003120183944702,0.4914,-0.0001999999999999
imdb,noniid,20,123,2,5,0.984352,0.029722,0.963808025177026,0.0988158744705895,0.9075555555555554,-0.0115555555555555,,0.4914,0.0,0.0,0.0,0.7003120183944702,-0.0012565851211547,-0.0001999999999999,0.7003120183944702,0.4914,-0.0001999999999999
imdb,noniid,20,123,2,6,0.984352,0.023868,0.963808025177026,0.0800688264338995,0.9075555555555554,-0.0224222222222223,,0.4914,0.0,0.0,0.0,0.7003120183944702,-0.0013796091079711,-0.0001999999999999,0.7003120183944702,0.4914,-0.0001999999999999
imdb,noniid,20,123,2,7,0.984352,0.0220399999999999,0.963808025177026,0.0783178290985946,0.9075555555555554,-0.0072,,0.4914,0.0,0.0,0.0,0.7003120183944702,-0.0013170838356018,-0.0001999999999999,0.7003120183944702,0.4914,-0.0001999999999999
imdb,noniid,20,123,2,8,0.984352,0.028752,0.963808025177026,0.0956244237647074,0.9075555555555554,-0.0232333333333334,,0.4914,0.0,0.0,0.0,0.7003120183944702,-0.0014715194702148,-0.0001999999999999,0.7003120183944702,0.4914,-0.0001999999999999
imdb,noniid,20,123,2,9,0.984352,0.026788,0.963808025177026,0.0872356981330008,0.9075555555555554,-0.0224222222222223,,0.4914,0.0,0.0,0.0,0.7003120183944702,-0.0014005899429321,-0.0001999999999999,0.7003120183944702,0.4914,-0.0001999999999999
imdb,noniid,20,123,2,10,0.984352,0.044528,0.963808025177026,0.1420722941371511,0.9075555555555554,-0.0223999999999999,,0.4914,0.0,0.0,0.0,0.7003120183944702,-0.0017698407173156,-0.0001999999999999,0.7003120183944702,0.4914,-0.0001999999999999
imdb,noniid,20,123,2,11,0.984352,0.01932,0.963808025177026,0.0653368374075238,0.9075555555555554,-0.0224222222222223,,0.4914,0.0,0.0,0.0,0.7003120183944702,-0.0014703273773193,-0.0001999999999999,0.7003120183944702,0.4914,-0.0001999999999999
imdb,noniid,20,123,2,12,0.984352,0.0195039999999999,0.963808025177026,0.0653368374075238,0.9075555555555554,0.0011555555555553,,0.4914,0.0,0.0,0.0,0.7003120183944702,-0.0012604594230651,-0.0001999999999999,0.7003120183944702,0.4914,-0.0001999999999999
imdb,noniid,20,123,2,13,0.984352,0.02653,0.963808025177026,0.0864495346109882,0.9075555555555554,-0.0148000000000001,,0.4914,0.0,0.0,0.0,0.7003120183944702,-0.0013467073440551,-0.0001999999999999,0.7003120183944702,0.4914,-0.0001999999999999
imdb,noniid,20,123,2,14,0.984352,0.02456,0.963808025177026,0.0832110102516529,0.9075555555555554,-0.0234000000000003,,0.4914,0.0,0.0,0.0,0.7003120183944702,-0.0012733340263366,-0.0001999999999999,0.7003120183944702,0.4914,-0.0001999999999999
imdb,noniid,20,123,2,15,0.984352,0.0226279999999999,0.963808025177026,0.0783178290985946,0.9075555555555554,-0.011788888888889,,0.4914,0.0,0.0,0.0,0.7003120183944702,-0.0012931823730468,-0.0001999999999999,0.7003120183944702,0.4914,-0.0001999999999999
imdb,noniid,20,123,2,16,0.984352,0.0261839999999999,0.963808025177026,0.0856633710889757,0.9075555555555554,-0.0217777777777778,,0.4914,0.0,0.0,0.0,0.7003120183944702,-0.0013097524642944,-0.0001999999999999,0.7003120183944702,0.4914,-0.0001999999999999
imdb,noniid,20,123,2,17,0.984352,0.0271599999999999,0.963808025177026,0.0887098319327212,0.9075555555555554,-0.0248666666666668,,0.4914,0.0,0.0,0.0,0.7003120183944702,-0.0013113617897033,-0.0001999999999999,0.7003120183944702,0.4914,-0.0001999999999999
imdb,noniid,20,123,2,18,0.984352,0.0274919999999999,0.963808025177026,0.0891026049099403,0.9075555555555554,-0.0220444444444445,,0.4914,0.0,0.0,0.0,0.7003120183944702,-0.0013346672058105,-0.0001999999999999,0.7003120183944702,0.4914,-0.0001999999999999
imdb,noniid,20,123,2,19,0.984352,0.0448579999999999,0.963808025177026,0.1435657430355644,0.9075555555555554,-0.0158555555555557,,0.4914,0.0,0.0,0.0,0.7003120183944702,-0.0013834834098815,-0.0001999999999999,0.7003120183944702,0.4914,-0.0001999999999999
imdb,noniid,20,123,3,0,0.993,0.01019,0.9905660377358492,0.0306446231975386,0.9026222222222224,-0.0045999999999999,,0.4918,1.0,0.0007864726700747,0.0015717092337917,0.70169997215271,-0.0005021691322326,0.0002,0.70169997215271,0.4918,0.0002
imdb,noniid,20,123,3,1,0.993,0.011796,0.9905660377358492,0.0372693344391457,0.9026222222222224,-0.0054666666666665,,0.4918,1.0,0.0007864726700747,0.0015717092337917,0.70169997215271,-0.0007945299148559,-0.0,0.70169997215271,0.4918,-0.0
imdb,noniid,20,123,3,2,0.993,0.0110719999999999,0.9905660377358492,0.0357171959612122,0.9026222222222224,-0.0028555555555553,,0.4918,1.0,0.0007864726700747,0.0015717092337917,0.70169997215271,-0.0005926489830017,0.0002,0.70169997215271,0.4918,0.0002
imdb,noniid,20,123,3,3,0.993,0.0090379999999999,0.9905660377358492,0.0259573078892112,0.9026222222222224,0.0182222222222225,,0.4918,1.0,0.0007864726700747,0.0015717092337917,0.70169997215271,-0.0004591941833496,0.0002,0.70169997215271,0.4918,0.0002
imdb,noniid,20,123,3,4,0.993,0.0118599999999999,0.9905660377358492,0.0376617991173247,0.9026222222222224,-0.0056888888888886,,0.4918,1.0,0.0007864726700747,0.0015717092337917,0.70169997215271,-0.00059175491333,0.0002,0.70169997215271,0.4918,0.0002
imdb,noniid,20,123,3,5,0.993,0.01205,0.9905660377358492,0.0396241225082195,0.9026222222222224,-0.0047555555555551,,0.4918,1.0,0.0007864726700747,0.0015717092337917,0.70169997215271,-0.0005234479904174,0.0002,0.70169997215271,0.4918,0.0002
imdb,noniid,20,123,3,6,0.993,0.0093219999999999,0.9905660377358492,0.0287099622344727,0.9026222222222224,-0.004333333333333,,0.4918,1.0,0.0007864726700747,0.0015717092337917,0.70169997215271,-0.0006825327873229,-0.0,0.70169997215271,0.4918,-0.0
imdb,noniid,20,123,3,7,0.993,0.008816,0.9905660377358492,0.0263505442242485,0.9026222222222224,-0.0039111111111107,,0.4918,1.0,0.0007864726700747,0.0015717092337917,0.70169997215271,-0.0005406737327575,0.0002,0.70169997215271,0.4918,0.0002
imdb,noniid,20,123,3,8,0.993,0.0117279999999999,0.9905660377358492,0.0384467284736826,0.9026222222222224,-0.0055555555555555,,0.4918,1.0,0.0007864726700747,0.0015717092337917,0.70169997215271,-0.0007272958755493,0.0002,0.70169997215271,0.4918,0.0002
imdb,noniid,20,123,3,9,0.993,0.01105,0.9905660377358492,0.0353245771940351,0.9026222222222224,0.0303222222222225,,0.4918,1.0,0.0007864726700747,0.0015717092337917,0.70169997215271,-0.0006389021873474,0.0002,0.70169997215271,0.4918,0.0002
imdb,noniid,20,123,3,10,0.993,0.01844,0.9905660377358492,0.058641155106741,0.9026222222222224,-0.006733333333333,,0.4918,1.0,0.0007864726700747,0.0015717092337917,0.70169997215271,-0.0010256767272949,-0.0,0.70169997215271,0.4918,-0.0
imdb,noniid,20,123,3,11,0.993,0.00763,0.9905660377358492,0.0216194968553459,0.9026222222222224,-0.0038888888888886,,0.4918,1.0,0.0007864726700747,0.0015717092337917,0.70169997215271,-0.000780165195465,-0.0,0.70169997215271,0.4918,-0.0
imdb,noniid,20,123,3,12,0.993,0.007938,0.9905660377358492,0.0216194968553459,0.9026222222222224,0.0093000000000003,,0.4918,1.0,0.0007864726700747,0.0015717092337917,0.70169997215271,-0.0005706548690795,-0.0,0.70169997215271,0.4918,-0.0
imdb,noniid,20,123,3,13,0.993,0.011294,0.9905660377358492,0.0357171959612122,0.9026222222222224,-0.0050444444444441,,0.4918,1.0,0.0007864726700747,0.0015717092337917,0.70169997215271,-0.0004557371139526,0.0002,0.70169997215271,0.4918,0.0002
imdb,noniid,20,123,3,14,0.993,0.009452,0.9905660377358492,0.0302672955974843,0.9026222222222224,-0.0035999999999996,,0.4918,1.0,0.0007864726700747,0.0015717092337917,0.70169997215271,-0.0005899667739868,-0.0,0.70169997215271,0.4918,-0.0
imdb,noniid,20,123,3,15,0.993,0.0090839999999999,0.9905660377358492,0.0263505442242485,0.9026222222222224,-0.0041111111111109,,0.4918,1.0,0.0007864726700747,0.0015717092337917,0.70169997215271,-0.0005893111228942,0.0002,0.70169997215271,0.4918,0.0002
imdb,noniid,20,123,3,16,0.993,0.0114239999999999,0.9905660377358492,0.0353245771940351,0.9026222222222224,0.0238000000000002,,0.4918,1.0,0.0007864726700747,0.0015717092337917,0.70169997215271,-0.0005903840065002,0.0002,0.70169997215271,0.4918,0.0002
imdb,noniid,20,123,3,17,0.993,0.011406,0.9905660377358492,0.0365024334955663,0.9026222222222224,-0.0054888888888886,,0.4918,1.0,0.0007864726700747,0.0015717092337917,0.70169997215271,-0.0005573034286499,0.0002,0.70169997215271,0.4918,0.0002
imdb,noniid,20,123,3,18,0.993,0.011306,0.9905660377358492,0.0368768697609668,0.9026222222222224,0.0164888888888892,,0.4918,1.0,0.0007864726700747,0.0015717092337917,0.70169997215271,-0.0005042552947998,0.0002,0.70169997215271,0.4918,0.0002
imdb,noniid,20,123,3,19,0.993,0.0187979999999999,0.9905660377358492,0.0597607210822134,0.9026222222222224,-0.0038999999999997,,0.4918,1.0,0.0007864726700747,0.0015717092337917,0.70169997215271,-0.0006879568099975,-0.0,0.70169997215271,0.4918,-0.0
imdb,noniid,20,123,4,0,0.996688,0.004276,0.9980338183248132,0.0098262711550018,0.9004888888888889,0.0007999999999999,,0.4922,1.0,0.0015729453401494,0.0031409501374165,0.7004125714302063,0.000640869140625,0.0002,0.7004125714302063,0.4922,0.0002
imdb,noniid,20,123,4,1,0.996688,0.00522,0.9980338183248132,0.011010617381046,0.9004888888888889,0.0011999999999998,,0.4922,1.0,0.0015729453401494,0.0031409501374165,0.7004125714302063,0.0002126097679138,-0.0,0.7004125714302063,0.4922,-0.0
imdb,noniid,20,123,4,2,0.996688,0.004596,0.9980338183248132,0.0110055164380207,0.9004888888888889,0.0003555555555556,,0.4922,1.0,0.0015729453401494,0.0031409501374165,0.7004125714302063,0.0003891587257385,-0.0,0.7004125714302063,0.4922,-0.0
imdb,noniid,20,123,4,3,0.996688,0.0040999999999999,0.9980338183248132,0.0086470258719829,0.9004888888888889,0.0010666666666665,,0.4922,1.0,0.0015729453401494,0.0031409501374165,0.7004125714302063,0.0006689429283142,0.0002,0.7004125714302063,0.4922,0.0002
imdb,noniid,20,123,4,4,0.996688,0.005346,0.9980338183248132,0.0114038537160833,0.9004888888888889,-0.0001999999999999,,0.4922,1.0,0.0015729453401494,0.0031409501374165,0.7004125714302063,0.0004037618637084,-0.0,0.7004125714302063,0.4922,-0.0
imdb,noniid,20,123,4,5,0.996688,0.005182,0.9980338183248132,0.011010617381046,0.9004888888888889,-0.0008000000000001,,0.4922,1.0,0.0015729453401494,0.0031409501374165,0.7004125714302063,0.0004489421844482,-0.0,0.7004125714302063,0.4922,-0.0
imdb,noniid,20,123,4,6,0.996688,0.004344,0.9980338183248132,0.0090401076329893,0.9004888888888889,0.0014222222222222,,0.4922,1.0,0.0015729453401494,0.0031409501374165,0.7004125714302063,0.0002720355987548,-0.0,0.7004125714302063,0.4922,-0.0
imdb,noniid,20,123,4,7,0.996688,0.004342,0.9980338183248132,0.0086470258719829,0.9004888888888889,0.0001999999999999,,0.4922,1.0,0.0015729453401494,0.0031409501374165,0.7004125714302063,0.0004893541336059,-0.0,0.7004125714302063,0.4922,-0.0
imdb,noniid,20,123,4,8,0.996688,0.0052579999999999,0.9980338183248132,0.011010617381046,0.9004888888888889,-0.0001333333333333,,0.4922,1.0,0.0015729453401494,0.0031409501374165,0.7004125714302063,0.0003071427345275,-0.0,0.7004125714302063,0.4922,-0.0
imdb,noniid,20,123,4,9,0.996688,0.004834,0.9980338183248132,0.0106124346770144,0.9004888888888889,-0.0006888888888889,,0.4922,1.0,0.0015729453401494,0.0031409501374165,0.7004125714302063,0.0003975629806518,-0.0,0.7004125714302063,0.4922,-0.0
imdb,noniid,20,123,4,10,0.996688,0.007826,0.9980338183248132,0.0188671516581465,0.9004888888888889,0.0006888888888889,,0.4922,1.0,0.0015729453401494,0.0031409501374165,0.7004125714302063,5.823373794555664e-05,-0.0,0.7004125714302063,0.4922,-0.0
imdb,noniid,20,123,4,11,0.996688,0.00278,0.9980338183248132,0.0066816170669515,0.9004888888888889,0.0,,0.4922,1.0,0.0015729453401494,0.0031409501374165,0.7004125714302063,0.0001769065856933,-0.0,0.7004125714302063,0.4922,-0.0
imdb,noniid,20,123,4,12,0.996688,0.0031839999999999,0.9980338183248132,0.0066816170669515,0.9004888888888889,4.444444444451357e-05,,0.4922,1.0,0.0015729453401494,0.0031409501374165,0.7004125714302063,0.0003581047058105,-0.0,0.7004125714302063,0.4922,-0.0
imdb,noniid,20,123,4,13,0.996688,0.00524,0.9980338183248132,0.0110055164380207,0.9004888888888889,0.0003333333333332,,0.4922,1.0,0.0015729453401494,0.0031409501374165,0.7004125714302063,0.0007023811340332,0.0002,0.7004125714302063,0.4922,0.0002
imdb,noniid,20,123,4,14,0.996688,0.0042999999999999,0.9980338183248132,0.0090401076329893,0.9004888888888889,0.0002666666666666,,0.4922,1.0,0.0015729453401494,0.0031409501374165,0.7004125714302063,0.0003345012664794,-0.0,0.7004125714302063,0.4922,-0.0
imdb,noniid,20,123,4,15,0.996688,0.0042699999999999,0.9980338183248132,0.0082539441109766,0.9004888888888889,0.0010222222222222,,0.4922,1.0,0.0015729453401494,0.0031409501374165,0.7004125714302063,0.0003635883331298,-0.0,0.7004125714302063,0.4922,-0.0
imdb,noniid,20,123,4,16,0.996688,0.004908,0.9980338183248132,0.0106124346770144,0.9004888888888889,-0.0007111111111113,,0.4922,1.0,0.0015729453401494,0.0031409501374165,0.7004125714302063,0.0003690123558044,-0.0,0.7004125714302063,0.4922,-0.0
imdb,noniid,20,123,4,17,0.996688,0.004844,0.9980338183248132,0.0110055164380207,0.9004888888888889,-0.0011333333333334,,0.4922,1.0,0.0015729453401494,0.0031409501374165,0.7004125714302063,0.0004377961158752,-0.0,0.7004125714302063,0.4922,-0.0
imdb,noniid,20,123,4,18,0.996688,0.0049299999999999,0.9980338183248132,0.0110055164380207,0.9004888888888889,0.000622222222222,,0.4922,1.0,0.0015729453401494,0.0031409501374165,0.7004125714302063,0.0005740523338317,-0.0,0.7004125714302063,0.4922,-0.0
imdb,noniid,20,123,4,19,0.996688,0.007954,0.9980338183248132,0.0192602334191528,0.9004888888888889,0.0008222222222222,,0.4922,1.0,0.0015729453401494,0.0031409501374165,0.7004125714302063,0.0002647042274475,-0.0,0.7004125714302063,0.4922,-0.0
imdb,noniid,20,123,5,0,0.998358,0.0018859999999999,1.0,0.0023594180102241,0.939077777777778,-0.0111444444444444,,0.4944,0.8260869565217391,0.0074714903657097,0.014809041309431,0.6961344480514526,0.0019970536231994,0.0008,0.6961344480514526,0.4944,0.0008
imdb,noniid,20,123,5,1,0.998358,0.0024159999999999,1.0,0.0027526543452615,0.939077777777778,-0.0135666666666665,,0.4944,0.8260869565217391,0.0074714903657097,0.014809041309431,0.6961344480514526,0.0014567375183105,0.0005999999999999,0.6961344480514526,0.4944,0.0005999999999999
imdb,noniid,20,123,5,2,0.998358,0.0023799999999999,1.0,0.0027526543452615,0.939077777777778,-0.0131000000000001,,0.4944,0.8260869565217391,0.0074714903657097,0.014809041309431,0.6961344480514526,0.0015708804130554,0.0005999999999999,0.6961344480514526,0.4944,0.0005999999999999
imdb,noniid,20,123,5,3,0.998358,0.0018199999999999,1.0,0.0019661816751868,0.939077777777778,-0.0113666666666665,,0.4944,0.8260869565217391,0.0074714903657097,0.014809041309431,0.6961344480514526,0.0020120739936828,0.0008,0.6961344480514526,0.4944,0.0008
imdb,noniid,20,123,5,4,0.998358,0.002336,1.0,0.0027526543452615,0.939077777777778,0.0152444444444446,,0.4944,0.8260869565217391,0.0074714903657097,0.014809041309431,0.6961344480514526,0.0015966892242431,0.0005999999999999,0.6961344480514526,0.4944,0.0005999999999999
imdb,noniid,20,123,5,5,0.998358,0.0023999999999999,1.0,0.0027526543452615,0.939077777777778,0.0210333333333334,,0.4944,0.8260869565217391,0.0074714903657097,0.014809041309431,0.6961344480514526,0.0016263127326965,0.0005999999999999,0.6961344480514526,0.4944,0.0005999999999999
imdb,noniid,20,123,5,6,0.998358,0.002058,1.0,0.0019661816751868,0.939077777777778,0.0212444444444446,,0.4944,0.8260869565217391,0.0074714903657097,0.014809041309431,0.6961344480514526,0.0014452934265136,0.0004,0.6961344480514526,0.4944,0.0004
imdb,noniid,20,123,5,7,0.998358,0.002008,1.0,0.0019661816751868,0.939077777777778,-0.0016333333333331,,0.4944,0.8260869565217391,0.0074714903657097,0.014809041309431,0.6961344480514526,0.0017305612564086,0.0008,0.6961344480514526,0.4944,0.0008
imdb,noniid,20,123,5,8,0.998358,0.002344,1.0,0.0027526543452615,0.939077777777778,-0.0133666666666665,,0.4944,0.8260869565217391,0.0074714903657097,0.014809041309431,0.6961344480514526,0.0015807151794433,0.0005999999999999,0.6961344480514526,0.4944,0.0005999999999999
imdb,noniid,20,123,5,9,0.998358,0.0022699999999999,1.0,0.0027526543452615,0.939077777777778,0.0161111111111114,,0.4944,0.8260869565217391,0.0074714903657097,0.014809041309431,0.6961344480514526,0.0016598105430603,0.0005999999999999,0.6961344480514526,0.4944,0.0005999999999999
imdb,noniid,20,123,5,10,0.998358,0.0037399999999999,1.0,0.0062868369351669,0.939077777777778,0.0177777777777778,,0.4944,0.8260869565217391,0.0074714903657097,0.014809041309431,0.6961344480514526,0.0014190673828125,0.0005999999999999,0.6961344480514526,0.4944,0.0005999999999999
imdb,noniid,20,123,5,11,0.998358,0.0015699999999999,1.0,0.0015729453401494,0.939077777777778,0.0075777777777776,,0.4944,0.8260869565217391,0.0074714903657097,0.014809041309431,0.6961344480514526,0.0013626217842102,0.0004,0.6961344480514526,0.4944,0.0004
imdb,noniid,20,123,5,12,0.998358,0.0015879999999999,1.0,0.0015729453401494,0.939077777777778,-0.0105222222222221,,0.4944,0.8260869565217391,0.0074714903657097,0.014809041309431,0.6961344480514526,0.0014963150024414,0.0004,0.6961344480514526,0.4944,0.0004
imdb,noniid,20,123,5,13,0.998358,0.0022139999999999,1.0,0.0027526543452615,0.939077777777778,0.0041111111111113,,0.4944,0.8260869565217391,0.0074714903657097,0.014809041309431,0.6961344480514526,0.002063512802124,0.0008,0.6961344480514526,0.4944,0.0008
imdb,noniid,20,123,5,14,0.998358,0.0019839999999999,1.0,0.0023594180102241,0.939077777777778,0.0059222222222223,,0.4944,0.8260869565217391,0.0074714903657097,0.014809041309431,0.6961344480514526,0.0014713406562805,0.0004,0.6961344480514526,0.4944,0.0004
imdb,noniid,20,123,5,15,0.998358,0.0018599999999999,1.0,0.0019661816751868,0.939077777777778,-0.0108111111111108,,0.4944,0.8260869565217391,0.0074714903657097,0.014809041309431,0.6961344480514526,0.0015342235565185,0.0004,0.6961344480514526,0.4944,0.0004
imdb,noniid,20,123,5,16,0.998358,0.0023299999999999,1.0,0.0027526543452615,0.939077777777778,-0.0092444444444443,,0.4944,0.8260869565217391,0.0074714903657097,0.014809041309431,0.6961344480514526,0.0015327334403991,0.0004,0.6961344480514526,0.4944,0.0004
imdb,noniid,20,123,5,17,0.998358,0.0022599999999999,1.0,0.0027526543452615,0.939077777777778,-0.0123666666666666,,0.4944,0.8260869565217391,0.0074714903657097,0.014809041309431,0.6961344480514526,0.0016350150108337,0.0005999999999999,0.6961344480514526,0.4944,0.0005999999999999
imdb,noniid,20,123,5,18,0.998358,0.0024319999999999,1.0,0.0027526543452615,0.939077777777778,-0.0018777777777776,,0.4944,0.8260869565217391,0.0074714903657097,0.014809041309431,0.6961344480514526,0.0018486380577087,0.0008,0.6961344480514526,0.4944,0.0008
imdb,noniid,20,123,5,19,0.998358,0.0039179999999999,1.0,0.0062868369351669,0.939077777777778,0.0184333333333335,,0.4944,0.8260869565217391,0.0074714903657097,0.014809041309431,0.6961344480514526,0.0014383196830749,0.0004,0.6961344480514526,0.4944,0.0004
imdb,noniid,20,123,6,0,0.999134,0.0009979999999999,1.0,0.0003932363350374,0.8506444444444445,0.0012444444444446,,0.5042,0.8333333333333334,0.0314589068029885,0.0606290261462675,0.6882926821708679,0.0036757588386535,0.0035999999999999,0.6882926821708679,0.5042,0.0035999999999999
imdb,noniid,20,123,6,1,0.999134,0.0012079999999999,1.0,0.0003932363350374,0.8506444444444445,0.0005333333333334,,0.5042,0.8333333333333334,0.0314589068029885,0.0606290261462675,0.6882926821708679,0.0030378699302673,0.0033999999999999,0.6882926821708679,0.5042,0.0033999999999999
imdb,noniid,20,123,6,2,0.999134,0.001074,1.0,0.0003932363350374,0.8506444444444445,8.888888888880508e-05,,0.5042,0.8333333333333334,0.0314589068029885,0.0606290261462675,0.6882926821708679,0.0030415058135986,0.0033999999999999,0.6882926821708679,0.5042,0.0033999999999999
imdb,noniid,20,123,6,3,0.999134,0.0009979999999999,1.0,0.0003932363350374,0.8506444444444445,0.0008444444444444,,0.5042,0.8333333333333334,0.0314589068029885,0.0606290261462675,0.6882926821708679,0.0036768913269042,0.0035999999999999,0.6882926821708679,0.5042,0.0035999999999999
imdb,noniid,20,123,6,4,0.999134,0.0012539999999999,1.0,0.0003932363350374,0.8506444444444445,0.0005111111111111,,0.5042,0.8333333333333334,0.0314589068029885,0.0606290261462675,0.6882926821708679,0.0030837059020996,0.0035999999999999,0.6882926821708679,0.5042,0.0035999999999999
imdb,noniid,20,123,6,5,0.999134,0.0010519999999999,1.0,0.0003932363350374,0.8506444444444445,0.0008000000000001,,0.5042,0.8333333333333334,0.0314589068029885,0.0606290261462675,0.6882926821708679,0.0030955076217651,0.0033999999999999,0.6882926821708679,0.5042,0.0033999999999999
imdb,noniid,20,123,6,6,0.999134,0.0010459999999999,1.0,0.0003932363350374,0.8506444444444445,0.0001111111111113,,0.5042,0.8333333333333334,0.0314589068029885,0.0606290261462675,0.6882926821708679,0.0029278993606567,0.0033999999999999,0.6882926821708679,0.5042,0.0033999999999999
imdb,noniid,20,123,6,7,0.999134,0.001012,1.0,0.0003932363350374,0.8506444444444445,0.0008222222222222,,0.5042,0.8333333333333334,0.0314589068029885,0.0606290261462675,0.6882926821708679,0.0032778978347778,0.0035999999999999,0.6882926821708679,0.5042,0.0035999999999999
imdb,noniid,20,123,6,8,0.999134,0.0013539999999999,1.0,0.0003932363350374,0.8506444444444445,0.0002777777777778,,0.5042,0.8333333333333334,0.0314589068029885,0.0606290261462675,0.6882926821708679,0.0031938552856445,0.0035999999999999,0.6882926821708679,0.5042,0.0035999999999999
imdb,noniid,20,123,6,9,0.999134,0.0011959999999999,1.0,0.0003932363350374,0.8506444444444445,6.666666666665932e-05,,0.5042,0.8333333333333334,0.0314589068029885,0.0606290261462675,0.6882926821708679,0.003247320652008,0.0035999999999999,0.6882926821708679,0.5042,0.0035999999999999
imdb,noniid,20,123,6,10,0.999134,0.0020359999999999,1.0,0.0011797090051121,0.8506444444444445,0.0007333333333334,,0.5042,0.8333333333333334,0.0314589068029885,0.0606290261462675,0.6882926821708679,0.0031676292419433,0.0035999999999999,0.6882926821708679,0.5042,0.0035999999999999
imdb,noniid,20,123,6,11,0.999134,0.0008099999999999,1.0,0.0,0.8506444444444445,0.0003777777777778,,0.5042,0.8333333333333334,0.0314589068029885,0.0606290261462675,0.6882926821708679,0.0028679966926574,0.0033999999999999,0.6882926821708679,0.5042,0.0033999999999999
imdb,noniid,20,123,6,12,0.999134,0.0007459999999999,1.0,0.0,0.8506444444444445,0.0010444444444446,,0.5042,0.8333333333333334,0.0314589068029885,0.0606290261462675,0.6882926821708679,0.0029270648956298,0.0033999999999999,0.6882926821708679,0.5042,0.0033999999999999
imdb,noniid,20,123,6,13,0.999134,0.0011039999999999,1.0,0.0003932363350374,0.8506444444444445,0.0003333333333335,,0.5042,0.8333333333333334,0.0314589068029885,0.0606290261462675,0.6882926821708679,0.0037440657615661,0.0035999999999999,0.6882926821708679,0.5042,0.0035999999999999
imdb,noniid,20,123,6,14,0.999134,0.0010299999999999,1.0,0.0003932363350374,0.8506444444444445,0.0006222222222225,,0.5042,0.8333333333333334,0.0314589068029885,0.0606290261462675,0.6882926821708679,0.0029035806655883,0.0033999999999999,0.6882926821708679,0.5042,0.0033999999999999
imdb,noniid,20,123,6,15,0.999134,0.0009939999999999,1.0,0.0003932363350374,0.8506444444444445,0.0020444444444445,,0.5042,0.8333333333333334,0.0314589068029885,0.0606290261462675,0.6882926821708679,0.0030089020729064,0.0033999999999999,0.6882926821708679,0.5042,0.0033999999999999
imdb,noniid,20,123,6,16,0.999134,0.0010979999999999,1.0,0.0003932363350374,0.8506444444444445,0.0005333333333334,,0.5042,0.8333333333333334,0.0314589068029885,0.0606290261462675,0.6882926821708679,0.0029903650283813,0.0033999999999999,0.6882926821708679,0.5042,0.0033999999999999
imdb,noniid,20,123,6,17,0.999134,0.0011879999999999,1.0,0.0003932363350374,0.8506444444444445,0.000288888888889,,0.5042,0.8333333333333334,0.0314589068029885,0.0606290261462675,0.6882926821708679,0.0031256079673767,0.0035999999999999,0.6882926821708679,0.5042,0.0035999999999999
imdb,noniid,20,123,6,18,0.999134,0.001132,1.0,0.0003932363350374,0.8506444444444445,0.0006000000000001,,0.5042,0.8333333333333334,0.0314589068029885,0.0606290261462675,0.6882926821708679,0.0034204721450805,0.0035999999999999,0.6882926821708679,0.5042,0.0035999999999999
imdb,noniid,20,123,6,19,0.999134,0.0018259999999999,1.0,0.0019661816751868,0.8506444444444445,0.0005777777777777,,0.5042,0.8333333333333334,0.0314589068029885,0.0606290261462675,0.6882926821708679,0.002922773361206,0.0033999999999999,0.6882926821708679,0.5042,0.0033999999999999
imdb,noniid,20,123,7,0,0.99951,0.0005159999999999,1.0,0.0,0.9374666666666668,-0.0013777777777777,,0.5234,0.8125,0.0817931576877703,0.1486245087531261,0.6761419177055359,0.0057373046875,0.0111999999999999,0.6761419177055359,0.5234,0.0111999999999999
imdb,noniid,20,123,7,1,0.99951,0.0006859999999999,1.0,0.0,0.9374666666666668,-6.666666666665932e-05,,0.5234,0.8125,0.0817931576877703,0.1486245087531261,0.6761419177055359,0.0050116181373596,0.0105999999999999,0.6761419177055359,0.5234,0.0105999999999999
imdb,noniid,20,123,7,2,0.99951,0.0005239999999999,1.0,0.0,0.9374666666666668,-0.0003555555555554,,0.5234,0.8125,0.0817931576877703,0.1486245087531261,0.6761419177055359,0.0048500895500183,0.0101999999999999,0.6761419177055359,0.5234,0.0101999999999999
imdb,noniid,20,123,7,3,0.99951,0.000564,1.0,0.0,0.9374666666666668,-0.0002222222222221,,0.5234,0.8125,0.0817931576877703,0.1486245087531261,0.6761419177055359,0.0057204365730285,0.011,0.6761419177055359,0.5234,0.011
imdb,noniid,20,123,7,4,0.99951,0.00062,1.0,0.0,0.9374666666666668,-0.0013777777777777,,0.5234,0.8125,0.0817931576877703,0.1486245087531261,0.6761419177055359,0.0049120187759399,0.0103999999999999,0.6761419177055359,0.5234,0.0103999999999999
imdb,noniid,20,123,7,5,0.99951,0.0006279999999999,1.0,0.0,0.9374666666666668,-0.0001333333333333,,0.5234,0.8125,0.0817931576877703,0.1486245087531261,0.6761419177055359,0.0049076676368713,0.0101999999999999,0.6761419177055359,0.5234,0.0101999999999999
imdb,noniid,20,123,7,6,0.99951,0.0005279999999999,1.0,0.0,0.9374666666666668,0.0179999999999997,,0.5234,0.8125,0.0817931576877703,0.1486245087531261,0.6761419177055359,0.0047696828842163,0.01,0.6761419177055359,0.5234,0.01
imdb,noniid,20,123,7,7,0.99951,0.000534,1.0,0.0,0.9374666666666668,0.0007333333333332,,0.5234,0.8125,0.0817931576877703,0.1486245087531261,0.6761419177055359,0.005185842514038,0.0108,0.6761419177055359,0.5234,0.0108
imdb,noniid,20,123,7,8,0.99951,0.00056,1.0,0.0,0.9374666666666668,-0.0007999999999999,,0.5234,0.8125,0.0817931576877703,0.1486245087531261,0.6761419177055359,0.0052025914192199,0.0105999999999999,0.6761419177055359,0.5234,0.0105999999999999
imdb,noniid,20,123,7,9,0.99951,0.0005519999999999,1.0,0.0,0.9374666666666668,0.0001333333333335,,0.5234,0.8125,0.0817931576877703,0.1486245087531261,0.6761419177055359,0.0052165985107421,0.0105999999999999,0.6761419177055359,0.5234,0.0105999999999999
imdb,noniid,20,123,7,10,0.99951,0.000954,1.0,0.0,0.9374666666666668,-0.0005999999999999,,0.5234,0.8125,0.0817931576877703,0.1486245087531261,0.6761419177055359,0.0053645372390747,0.0108,0.6761419177055359,0.5234,0.0108
imdb,noniid,20,123,7,11,0.99951,0.000322,1.0,0.0,0.9374666666666668,-0.0010888888888889,,0.5234,0.8125,0.0817931576877703,0.1486245087531261,0.6761419177055359,0.0047476887702941,0.0101999999999999,0.6761419177055359,0.5234,0.0101999999999999
imdb,noniid,20,123,7,12,0.99951,0.0003659999999999,1.0,0.0,0.9374666666666668,-0.0018444444444443,,0.5234,0.8125,0.0817931576877703,0.1486245087531261,0.6761419177055359,0.0046935081481933,0.01,0.6761419177055359,0.5234,0.01
imdb,noniid,20,123,7,13,0.99951,0.0005659999999999,1.0,0.0,0.9374666666666668,-0.0011999999999998,,0.5234,0.8125,0.0817931576877703,0.1486245087531261,0.6761419177055359,0.00579833984375,0.011,0.6761419177055359,0.5234,0.011
imdb,noniid,20,123,7,14,0.99951,0.00055,1.0,0.0,0.9374666666666668,0.0003111111111111,,0.5234,0.8125,0.0817931576877703,0.1486245087531261,0.6761419177055359,0.0046750307083129,0.01,0.6761419177055359,0.5234,0.01
imdb,noniid,20,123,7,15,0.99951,0.0004119999999999,1.0,0.0,0.9374666666666668,0.0005777777777777,,0.5234,0.8125,0.0817931576877703,0.1486245087531261,0.6761419177055359,0.0048345327377319,0.0098,0.6761419177055359,0.5234,0.0098
imdb,noniid,20,123,7,16,0.99951,0.000556,1.0,0.0,0.9374666666666668,-0.0008666666666665,,0.5234,0.8125,0.0817931576877703,0.1486245087531261,0.6761419177055359,0.004788339138031,0.01,0.6761419177055359,0.5234,0.01
imdb,noniid,20,123,7,17,0.99951,0.0004779999999999,1.0,0.0,0.9374666666666668,0.0029444444444444,,0.5234,0.8125,0.0817931576877703,0.1486245087531261,0.6761419177055359,0.0049565434455871,0.0103999999999999,0.6761419177055359,0.5234,0.0103999999999999
imdb,noniid,20,123,7,18,0.99951,0.0005819999999999,1.0,0.0,0.9374666666666668,0.0087999999999999,,0.5234,0.8125,0.0817931576877703,0.1486245087531261,0.6761419177055359,0.0053470134735107,0.0103999999999999,0.6761419177055359,0.5234,0.0103999999999999
imdb,noniid,20,123,7,19,0.99951,0.001056,1.0,0.0,0.9374666666666668,-0.0006666666666668,,0.5234,0.8125,0.0817931576877703,0.1486245087531261,0.6761419177055359,0.0047653317451477,0.0098,0.6761419177055359,0.5234,0.0098
imdb,noniid,20,123,8,0,0.999736,0.0002659999999999,1.0,0.0,0.8845333333333332,0.0186666666666663,,0.5626,0.8358490566037736,0.1742036964215493,0.2883176049463065,0.659016489982605,0.0080484747886657,0.0165999999999999,0.659016489982605,0.5626,0.0165999999999999
imdb,noniid,20,123,8,1,0.999736,0.0003199999999999,1.0,0.0,0.8845333333333332,0.0085111111111109,,0.5626,0.8358490566037736,0.1742036964215493,0.2883176049463065,0.659016489982605,0.0072510242462158,0.0148,0.659016489982605,0.5626,0.0148
imdb,noniid,20,123,8,2,0.999736,0.0003419999999999,1.0,0.0,0.8845333333333332,0.0081999999999997,,0.5626,0.8358490566037736,0.1742036964215493,0.2883176049463065,0.659016489982605,0.0068796277046203,0.0135999999999999,0.659016489982605,0.5626,0.0135999999999999
imdb,noniid,20,123,8,3,0.999736,0.0002359999999999,1.0,0.0,0.8845333333333332,0.0067555555555554,,0.5626,0.8358490566037736,0.1742036964215493,0.2883176049463065,0.659016489982605,0.0080140829086303,0.0163999999999999,0.659016489982605,0.5626,0.0163999999999999
imdb,noniid,20,123,8,4,0.999736,0.0003599999999999,1.0,0.0,0.8845333333333332,0.0091111111111108,,0.5626,0.8358490566037736,0.1742036964215493,0.2883176049463065,0.659016489982605,0.0069630742073059,0.0141999999999999,0.659016489982605,0.5626,0.0141999999999999
imdb,noniid,20,123,8,5,0.999736,0.0003299999999999,1.0,0.0,0.8845333333333332,0.0062444444444442,,0.5626,0.8358490566037736,0.1742036964215493,0.2883176049463065,0.659016489982605,0.0069476962089538,0.0141999999999999,0.659016489982605,0.5626,0.0141999999999999
imdb,noniid,20,123,8,6,0.999736,0.0002919999999999,1.0,0.0,0.8845333333333332,0.0077555555555552,,0.5626,0.8358490566037736,0.1742036964215493,0.2883176049463065,0.659016489982605,0.0068480372428894,0.0138,0.659016489982605,0.5626,0.0138
imdb,noniid,20,123,8,7,0.999736,0.0003039999999999,1.0,0.0,0.8845333333333332,0.0081555555555556,,0.5626,0.8358490566037736,0.1742036964215493,0.2883176049463065,0.659016489982605,0.0073263645172119,0.0143999999999999,0.659016489982605,0.5626,0.0143999999999999
imdb,noniid,20,123,8,8,0.999736,0.0003419999999999,1.0,0.0,0.8845333333333332,0.0083777777777775,,0.5626,0.8358490566037736,0.1742036964215493,0.2883176049463065,0.659016489982605,0.0074711441993713,0.0145999999999999,0.659016489982605,0.5626,0.0145999999999999
imdb,noniid,20,123,8,9,0.999736,0.0003379999999999,1.0,0.0,0.8845333333333332,0.0081111111111109,,0.5626,0.8358490566037736,0.1742036964215493,0.2883176049463065,0.659016489982605,0.0074356198310852,0.0148,0.659016489982605,0.5626,0.0148
imdb,noniid,20,123,8,10,0.999736,0.0005519999999999,1.0,0.0,0.8845333333333332,0.0239666666666664,,0.5626,0.8358490566037736,0.1742036964215493,0.2883176049463065,0.659016489982605,0.0078611373901367,0.0168,0.659016489982605,0.5626,0.0168
imdb,noniid,20,123,8,11,0.999736,0.0001539999999999,1.0,0.0,0.8845333333333332,0.0073777777777777,,0.5626,0.8358490566037736,0.1742036964215493,0.2883176049463065,0.659016489982605,0.0068743228912353,0.0141999999999999,0.659016489982605,0.5626,0.0141999999999999
imdb,noniid,20,123,8,12,0.999736,0.0002479999999999,1.0,0.0,0.8845333333333332,0.0080222222222221,,0.5626,0.8358490566037736,0.1742036964215493,0.2883176049463065,0.659016489982605,0.0066840052604675,0.0131999999999999,0.659016489982605,0.5626,0.0131999999999999
imdb,noniid,20,123,8,13,0.999736,0.0003079999999999,1.0,0.0,0.8845333333333332,0.0117888888888888,,0.5626,0.8358490566037736,0.1742036964215493,0.2883176049463065,0.659016489982605,0.0080962777137756,0.0171999999999999,0.659016489982605,0.5626,0.0171999999999999
imdb,noniid,20,123,8,14,0.999736,0.000278,1.0,0.0,0.8845333333333332,0.0064666666666666,,0.5626,0.8358490566037736,0.1742036964215493,0.2883176049463065,0.659016489982605,0.0066719651222229,0.0133999999999999,0.659016489982605,0.5626,0.0133999999999999
imdb,noniid,20,123,8,15,0.999736,0.0002659999999999,1.0,0.0,0.8845333333333332,0.0054444444444441,,0.5626,0.8358490566037736,0.1742036964215493,0.2883176049463065,0.659016489982605,0.0068964958190917,0.0138,0.659016489982605,0.5626,0.0138
imdb,noniid,20,123,8,16,0.999736,0.0003679999999999,1.0,0.0,0.8845333333333332,0.0073555555555553,,0.5626,0.8358490566037736,0.1742036964215493,0.2883176049463065,0.659016489982605,0.0068120956420898,0.0135999999999999,0.659016489982605,0.5626,0.0135999999999999
imdb,noniid,20,123,8,17,0.999736,0.0003959999999999,1.0,0.0,0.8845333333333332,0.0086888888888885,,0.5626,0.8358490566037736,0.1742036964215493,0.2883176049463065,0.659016489982605,0.0070053935050964,0.0143999999999999,0.659016489982605,0.5626,0.0143999999999999
imdb,noniid,20,123,8,18,0.999736,0.0003299999999999,1.0,0.0,0.8845333333333332,0.0100666666666664,,0.5626,0.8358490566037736,0.1742036964215493,0.2883176049463065,0.659016489982605,0.0075028538703918,0.0148,0.659016489982605,0.5626,0.0148
imdb,noniid,20,123,8,19,0.999736,0.0006359999999999,1.0,0.0,0.8845333333333332,0.0111333333333329,,0.5626,0.8358490566037736,0.1742036964215493,0.2883176049463065,0.659016489982605,0.0068489909172058,0.0138,0.659016489982605,0.5626,0.0138
imdb,noniid,20,123,9,0,0.999822,0.0001459999999999,1.0,0.0,0.937377777777778,-0.0109555555555553,,0.6102,0.8285398230088495,0.2945340149429807,0.4345807948941108,0.6373043656349182,0.0100409984588623,0.0217999999999999,0.6373043656349182,0.6102,0.0217999999999999
imdb,noniid,20,123,9,1,0.999822,0.0001459999999999,1.0,0.0,0.937377777777778,-0.010622222222222,,0.6102,0.8285398230088495,0.2945340149429807,0.4345807948941108,0.6373043656349182,0.0091769099235534,0.0193999999999999,0.6373043656349182,0.6102,0.0193999999999999
imdb,noniid,20,123,9,2,0.999822,0.0001339999999999,1.0,0.0,0.937377777777778,-0.0107999999999999,,0.6102,0.8285398230088495,0.2945340149429807,0.4345807948941108,0.6373043656349182,0.0085871219635009,0.0191999999999999,0.6373043656349182,0.6102,0.0191999999999999
imdb,noniid,20,123,9,3,0.999822,0.0001459999999999,1.0,0.0,0.937377777777778,0.0193555555555555,,0.6102,0.8285398230088495,0.2945340149429807,0.4345807948941108,0.6373043656349182,0.0099731683731079,0.0215999999999999,0.6373043656349182,0.6102,0.0215999999999999
imdb,noniid,20,123,9,4,0.999822,0.0001999999999999,1.0,0.0,0.937377777777778,-0.0101555555555554,,0.6102,0.8285398230088495,0.2945340149429807,0.4345807948941108,0.6373043656349182,0.0086928009986877,0.019,0.6373043656349182,0.6102,0.019
imdb,noniid,20,123,9,5,0.999822,0.0001599999999999,1.0,0.0,0.937377777777778,0.0051222222222224,,0.6102,0.8285398230088495,0.2945340149429807,0.4345807948941108,0.6373043656349182,0.0086748003959655,0.0193999999999999,0.6373043656349182,0.6102,0.0193999999999999
imdb,noniid,20,123,9,6,0.999822,0.0001459999999999,1.0,0.0,0.937377777777778,-0.0105333333333332,,0.6102,0.8285398230088495,0.2945340149429807,0.4345807948941108,0.6373043656349182,0.0086164474487304,0.0191999999999999,0.6373043656349182,0.6102,0.0191999999999999
imdb,noniid,20,123,9,7,0.999822,9.80000000000425e-05,1.0,0.0,0.937377777777778,-0.0103555555555554,,0.6102,0.8285398230088495,0.2945340149429807,0.4345807948941108,0.6373043656349182,0.0091482400894165,0.0191999999999999,0.6373043656349182,0.6102,0.0191999999999999
imdb,noniid,20,123,9,8,0.999822,0.00019,1.0,0.0,0.937377777777778,-0.0103555555555554,,0.6102,0.8285398230088495,0.2945340149429807,0.4345807948941108,0.6373043656349182,0.0094280838966369,0.0191999999999999,0.6373043656349182,0.6102,0.0191999999999999
imdb,noniid,20,123,9,9,0.999822,0.0001879999999999,1.0,0.0,0.937377777777778,-0.0097555555555555,,0.6102,0.8285398230088495,0.2945340149429807,0.4345807948941108,0.6373043656349182,0.0093369483947753,0.0193999999999999,0.6373043656349182,0.6102,0.0193999999999999
imdb,noniid,20,123,9,10,0.999822,0.0002679999999999,1.0,0.0,0.937377777777778,-0.0133333333333331,,0.6102,0.8285398230088495,0.2945340149429807,0.4345807948941108,0.6373043656349182,0.0100396871566772,0.0229999999999999,0.6373043656349182,0.6102,0.0229999999999999
imdb,noniid,20,123,9,11,0.999822,0.0001259999999999,1.0,0.0,0.937377777777778,-0.0085999999999999,,0.6102,0.8285398230088495,0.2945340149429807,0.4345807948941108,0.6373043656349182,0.0086934566497802,0.019,0.6373043656349182,0.6102,0.019
imdb,noniid,20,123,9,12,0.999822,9.1999999999981e-05,1.0,0.0,0.937377777777778,-0.0095111111111112,,0.6102,0.8285398230088495,0.2945340149429807,0.4345807948941108,0.6373043656349182,0.0083699226379394,0.0185999999999999,0.6373043656349182,0.6102,0.0185999999999999
imdb,noniid,20,123,9,13,0.999822,0.0001719999999999,1.0,0.0,0.937377777777778,-0.0106888888888887,,0.6102,0.8285398230088495,0.2945340149429807,0.4345807948941108,0.6373043656349182,0.0100600123405456,0.0223999999999999,0.6373043656349182,0.6102,0.0223999999999999
imdb,noniid,20,123,9,14,0.999822,0.0001679999999999,1.0,0.0,0.937377777777778,-0.0092888888888889,,0.6102,0.8285398230088495,0.2945340149429807,0.4345807948941108,0.6373043656349182,0.008364975452423,0.019,0.6373043656349182,0.6102,0.019
imdb,noniid,20,123,9,15,0.999822,0.00014,1.0,0.0,0.937377777777778,-0.0089999999999998,,0.6102,0.8285398230088495,0.2945340149429807,0.4345807948941108,0.6373043656349182,0.0086517930030822,0.0191999999999999,0.6373043656349182,0.6102,0.0191999999999999
imdb,noniid,20,123,9,16,0.999822,0.0001459999999999,1.0,0.0,0.937377777777778,-0.0102666666666666,,0.6102,0.8285398230088495,0.2945340149429807,0.4345807948941108,0.6373043656349182,0.0085203647613525,0.0191999999999999,0.6373043656349182,0.6102,0.0191999999999999
imdb,noniid,20,123,9,17,0.999822,0.000144,1.0,0.0,0.937377777777778,-0.0092666666666665,,0.6102,0.8285398230088495,0.2945340149429807,0.4345807948941108,0.6373043656349182,0.0087310075759887,0.0191999999999999,0.6373043656349182,0.6102,0.0191999999999999
imdb,noniid,20,123,9,18,0.999822,0.000178,1.0,0.0,0.937377777777778,-0.009711111111111,,0.6102,0.8285398230088495,0.2945340149429807,0.4345807948941108,0.6373043656349182,0.0093250274658203,0.0197999999999999,0.6373043656349182,0.6102,0.0197999999999999
imdb,noniid,20,123,9,19,0.999822,0.0003039999999999,1.0,0.0,0.937377777777778,-0.011222222222222,,0.6102,0.8285398230088495,0.2945340149429807,0.4345807948941108,0.6373043656349182,0.0086221694946289,0.019,0.6373043656349182,0.6102,0.019
imdb,noniid,20,123,10,0,0.999902,0.0001139999999999,1.0,0.0,0.8521555555555556,0.0006222222222223,,0.6584,0.8184591914569032,0.4219425874950845,0.5568240788790867,0.6127939224243164,0.0111837983131408,0.0223999999999999,0.6127939224243164,0.6584,0.0223999999999999
imdb,noniid,20,123,10,1,0.999902,0.0001399999999999,1.0,0.0,0.8521555555555556,0.0015111111111112,,0.6584,0.8184591914569032,0.4219425874950845,0.5568240788790867,0.6127939224243164,0.010291039943695,0.0205999999999999,0.6127939224243164,0.6584,0.0205999999999999
imdb,noniid,20,123,10,2,0.999902,0.0001219999999999,1.0,0.0,0.8521555555555556,0.0021333333333333,,0.6584,0.8184591914569032,0.4219425874950845,0.5568240788790867,0.6127939224243164,0.0095338821411132,0.0183999999999999,0.6127939224243164,0.6584,0.0183999999999999
imdb,noniid,20,123,10,3,0.999902,4.999999999999449e-05,1.0,0.0,0.8521555555555556,0.0006444444444444,,0.6584,0.8184591914569032,0.4219425874950845,0.5568240788790867,0.6127939224243164,0.0111034512519836,0.0217999999999999,0.6127939224243164,0.6584,0.0217999999999999
imdb,noniid,20,123,10,4,0.999902,0.000124,1.0,0.0,0.8521555555555556,0.0010666666666667,,0.6584,0.8184591914569032,0.4219425874950845,0.5568240788790867,0.6127939224243164,0.0096579790115356,0.0188,0.6127939224243164,0.6584,0.0188
imdb,noniid,20,123,10,5,0.999902,9.1999999999981e-05,1.0,0.0,0.8521555555555556,0.0018222222222221,,0.6584,0.8184591914569032,0.4219425874950845,0.5568240788790867,0.6127939224243164,0.0096521377563476,0.0193999999999999,0.6127939224243164,0.6584,0.0193999999999999
imdb,noniid,20,123,10,6,0.999902,0.0001039999999999,1.0,0.0,0.8521555555555556,-0.0003444444444444,,0.6584,0.8184591914569032,0.4219425874950845,0.5568240788790867,0.6127939224243164,0.0096275210380554,0.019,0.6127939224243164,0.6584,0.019
imdb,noniid,20,123,10,7,0.999902,0.0001079999999999,1.0,0.0,0.8521555555555556,0.0015111111111112,,0.6584,0.8184591914569032,0.4219425874950845,0.5568240788790867,0.6127939224243164,0.010184109210968,0.0203999999999999,0.6127939224243164,0.6584,0.0203999999999999
imdb,noniid,20,123,10,8,0.999902,0.000116,1.0,0.0,0.8521555555555556,0.0008666666666667,,0.6584,0.8184591914569032,0.4219425874950845,0.5568240788790867,0.6127939224243164,0.0105693340301513,0.0208,0.6127939224243164,0.6584,0.0208
imdb,noniid,20,123,10,9,0.999902,0.0001219999999999,1.0,0.0,0.8521555555555556,0.0014222222222222,,0.6584,0.8184591914569032,0.4219425874950845,0.5568240788790867,0.6127939224243164,0.0104295015335083,0.0208,0.6127939224243164,0.6584,0.0208
imdb,noniid,20,123,10,10,0.999902,0.0001999999999999,1.0,0.0,0.8521555555555556,0.0001555555555556,,0.6584,0.8184591914569032,0.4219425874950845,0.5568240788790867,0.6127939224243164,0.0113037228584289,0.0217999999999999,0.6127939224243164,0.6584,0.0217999999999999
imdb,noniid,20,123,10,11,0.999902,0.0001079999999999,1.0,0.0,0.8521555555555556,0.0003111111111111,,0.6584,0.8184591914569032,0.4219425874950845,0.5568240788790867,0.6127939224243164,0.0097340941429138,0.0195999999999999,0.6127939224243164,0.6584,0.0195999999999999
imdb,noniid,20,123,10,12,0.999902,7.799999999991147e-05,1.0,0.0,0.8521555555555556,0.0005999999999999,,0.6584,0.8184591914569032,0.4219425874950845,0.5568240788790867,0.6127939224243164,0.0093361735343933,0.018,0.6127939224243164,0.6584,0.018
imdb,noniid,20,123,10,13,0.999902,0.0001099999999999,1.0,0.0,0.8521555555555556,0.0016666666666667,,0.6584,0.8184591914569032,0.4219425874950845,0.5568240788790867,0.6127939224243164,0.0111753344535827,0.0221999999999999,0.6127939224243164,0.6584,0.0221999999999999
imdb,noniid,20,123,10,14,0.999902,9.5999999999985e-05,1.0,0.0,0.8521555555555556,0.0007333333333332,,0.6584,0.8184591914569032,0.4219425874950845,0.5568240788790867,0.6127939224243164,0.0093353986740112,0.0183999999999999,0.6127939224243164,0.6584,0.0183999999999999
imdb,noniid,20,123,10,15,0.999902,7.799999999991147e-05,1.0,0.0,0.8521555555555556,0.0002555555555556,,0.6584,0.8184591914569032,0.4219425874950845,0.5568240788790867,0.6127939224243164,0.0096617937088012,0.019,0.6127939224243164,0.6584,0.019
imdb,noniid,20,123,10,16,0.999902,0.000112,1.0,0.0,0.8521555555555556,0.0016,,0.6584,0.8184591914569032,0.4219425874950845,0.5568240788790867,0.6127939224243164,0.0094820261001586,0.0183999999999999,0.6127939224243164,0.6584,0.0183999999999999
imdb,noniid,20,123,10,17,0.999902,0.0001499999999999,1.0,0.0,0.8521555555555556,0.0003333333333332,,0.6584,0.8184591914569032,0.4219425874950845,0.5568240788790867,0.6127939224243164,0.0096914768218994,0.0193999999999999,0.6127939224243164,0.6584,0.0193999999999999
imdb,noniid,20,123,10,18,0.999902,7.399999999990747e-05,1.0,0.0,0.8521555555555556,0.0009777777777777,,0.6584,0.8184591914569032,0.4219425874950845,0.5568240788790867,0.6127939224243164,0.0103378891944885,0.0201999999999999,0.6127939224243164,0.6584,0.0201999999999999
imdb,noniid,20,123,10,19,0.999902,0.0002079999999999,1.0,0.0,0.8521555555555556,0.0016444444444445,,0.6584,0.8184591914569032,0.4219425874950845,0.5568240788790867,0.6127939224243164,0.0096351504325866,0.019,0.6127939224243164,0.6584,0.019
imdb,noniid,4,123,1,0,0.85598,-0.116516,0.6710526315789473,-0.2609333769713829,0.8854333333333333,-0.0571000000000001,,0.4914,0.0,0.0,0.0,0.722693920135498,-0.0020754337310791,-0.0,0.722693920135498,0.4914,-0.0
imdb,noniid,4,123,1,1,0.85598,-0.136148,0.6710526315789473,-0.3175479973518702,0.8854333333333333,-0.0395888888888888,,0.4914,0.0,0.0,0.0,0.722693920135498,-0.0059544444084167,-0.0,0.722693920135498,0.4914,-0.0
imdb,noniid,4,123,1,2,0.85598,0.4391859999999999,0.6710526315789473,-0.0200698922655133,0.8854333333333333,-0.0399,,0.4914,0.0,0.0,0.0,0.722693920135498,0.0049710869789123,-0.0,0.722693920135498,0.4914,-0.0
imdb,noniid,4,123,1,3,0.85598,0.2328319999999999,0.6710526315789473,0.2885071770334928,0.8854333333333333,-0.0369888888888887,,0.4914,0.0,0.0,0.0,0.722693920135498,0.0025370121002197,-0.0,0.722693920135498,0.4914,-0.0
imdb,noniid,4,123,2,0,0.75771,-0.168018,0.6441048034934498,-0.2180514917308628,0.8653777777777778,-0.0476777777777777,,0.4976,1.0,0.012190326386158,0.024087024087024,0.7012493014335632,-0.0080246925354003,-0.0052,0.7012493014335632,0.4976,-0.0052
imdb,noniid,4,123,2,1,0.75771,-0.2249339999999999,0.6441048034934498,-0.3271573324288803,0.8653777777777778,0.0103999999999999,,0.4976,1.0,0.012190326386158,0.024087024087024,0.7012493014335632,0.0039244294166564,0.0015999999999999,0.7012493014335632,0.4976,0.0015999999999999
imdb,noniid,4,123,2,2,0.75771,0.310458,0.6441048034934498,-0.1602046278029119,0.8653777777777778,-0.0188999999999999,,0.4976,1.0,0.012190326386158,0.024087024087024,0.7012493014335632,0.0081967711448669,0.004,0.7012493014335632,0.4976,0.004
imdb,noniid,4,123,2,3,0.75771,0.2041419999999999,0.6441048034934498,0.1541108677748324,0.8653777777777778,-0.0561333333333333,,0.4976,1.0,0.012190326386158,0.024087024087024,0.7012493014335632,0.0156141519546508,0.0051999999999999,0.7012493014335632,0.4976,0.0051999999999999
imdb,noniid,4,123,3,0,0.6849799999999999,-0.176088,0.678391959798995,-0.1197910382542172,0.8980888888888889,-0.0121555555555554,,0.6464,0.8679962013295347,0.3594180102241447,0.5083426028921023,0.61786288022995,-0.009013295173645,-0.0191999999999999,0.61786288022995,0.6464,-0.0191999999999999
imdb,noniid,4,123,3,1,0.6849799999999999,-0.2608480000000001,0.678391959798995,-0.2378479816786933,0.8980888888888889,-0.0079555555555557,,0.6464,0.8679962013295347,0.3594180102241447,0.5083426028921023,0.61786288022995,0.0156813859939575,0.0197999999999999,0.61786288022995,0.6464,0.0197999999999999
imdb,noniid,4,123,3,2,0.6849799999999999,0.1922679999999998,0.678391959798995,-0.1553372563530239,0.8980888888888889,-0.0197777777777776,,0.6464,0.8679962013295347,0.3594180102241447,0.5083426028921023,0.61786288022995,0.0022165775299072,0.0083999999999999,0.61786288022995,0.6464,0.0083999999999999
imdb,noniid,4,123,3,3,0.6849799999999999,0.1627939999999998,0.678391959798995,0.0534619878101995,0.8980888888888889,0.0144666666666666,,0.6464,0.8679962013295347,0.3594180102241447,0.5083426028921023,0.61786288022995,0.0251415967941284,0.0464,0.61786288022995,0.6464,0.0464
imdb,noniid,4,123,4,0,0.65297,-0.1519419999999999,0.7280126017327383,-0.0659826420246932,0.8870444444444443,-0.002377777777778,,0.7556,0.8300849575212393,0.6531655524970508,0.7310739436619719,0.5358425974845886,-0.0038573145866394,-0.0015999999999999,0.5358425974845886,0.7556,-0.0015999999999999
imdb,noniid,4,123,4,1,0.65297,-0.2356519999999999,0.7280126017327383,-0.125613479438253,0.8870444444444443,-0.0073555555555557,,0.7556,0.8300849575212393,0.6531655524970508,0.7310739436619719,0.5358425974845886,0.0148866772651672,0.008,0.5358425974845886,0.7556,0.008
imdb,noniid,4,123,4,2,0.65297,0.114752,0.7280126017327383,-0.1144710583979806,0.8870444444444443,-0.0006666666666668,,0.7556,0.8300849575212393,0.6531655524970508,0.7310739436619719,0.5358425974845886,-0.0052999258041381,-0.0089999999999998,0.5358425974845886,0.7556,-0.0089999999999998
imdb,noniid,4,123,4,3,0.65297,0.12344,0.7280126017327383,0.0106914613346748,0.8870444444444443,0.0073777777777777,,0.7556,0.8300849575212393,0.6531655524970508,0.7310739436619719,0.5358425974845886,0.0224168896675109,0.0198,0.5358425974845886,0.7556,0.0198
imdb,noniid,4,123,5,0,0.651104,-0.1173879999999999,0.7699974444160491,-0.0395531173817036,0.8750444444444445,-0.0663555555555555,,0.779,0.8224215246636771,0.7211954384585135,0.7684894196522104,0.4921304583549499,-0.0004367232322692,0.0004,0.4921304583549499,0.779,0.0004
imdb,noniid,4,123,5,1,0.651104,-0.1842359999999999,0.7699974444160491,-0.0664497225058498,0.8750444444444445,-0.0621999999999998,,0.779,0.8224215246636771,0.7211954384585135,0.7684894196522104,0.4921304583549499,0.0108354687690734,0.003,0.4921304583549499,0.779,0.003
imdb,noniid,4,123,5,2,0.651104,0.070998,0.7699974444160491,-0.0787446939487307,0.8750444444444445,0.0070888888888889,,0.779,0.8224215246636771,0.7211954384585135,0.7684894196522104,0.4921304583549499,-0.0080065429210662,-0.0063999999999999,0.4921304583549499,0.779,-0.0063999999999999
imdb,noniid,4,123,5,3,0.651104,0.09638,0.7699974444160491,0.0015348951387823,0.8750444444444445,-0.0606777777777776,,0.779,0.8224215246636771,0.7211954384585135,0.7684894196522104,0.4921304583549499,0.0170064568519592,0.0066,0.4921304583549499,0.779,0.0066
imdb,noniid,4,123,6,0,0.657006,-0.089442,0.8024629303845188,-0.0217778651005658,0.8561333333333334,-0.0004222222222221,,0.7922,0.8269565217391305,0.7479355092410539,0.7854635556473261,0.4683224260807037,0.0009052157402038,0.0011999999999999,0.4683224260807037,0.7922,0.0011999999999999
imdb,noniid,4,123,6,1,0.657006,-0.139536,0.8024629303845188,-0.0336073663599353,0.8561333333333334,0.0006777777777777,,0.7922,0.8269565217391305,0.7479355092410539,0.7854635556473261,0.4683224260807037,0.0088855922222137,0.0028,0.4683224260807037,0.7922,0.0028
imdb,noniid,4,123,6,2,0.657006,0.037938,0.8024629303845188,-0.0528279951506033,0.8561333333333334,0.0022666666666666,,0.7922,0.8269565217391305,0.7479355092410539,0.7854635556473261,0.4683224260807037,-0.0083685219287872,-0.0071999999999999,0.4683224260807037,0.7922,-0.0071999999999999
imdb,noniid,4,123,6,3,0.657006,0.065798,0.8024629303845188,-0.0021377416237521,0.8561333333333334,0.0009555555555558,,0.7922,0.8269565217391305,0.7479355092410539,0.7854635556473261,0.4683224260807037,0.0138253271579742,0.005,0.4683224260807037,0.7922,0.005
imdb,noniid,4,123,7,0,0.668146,-0.070496,0.8261194029850746,-0.012632563454359,0.8936000000000002,-0.0152444444444441,,0.8024,0.832123024348569,0.7660243806527723,0.7977067977067978,0.4520861208438873,0.0015430748462677,0.0018,0.4520861208438873,0.8024,0.0018
imdb,noniid,4,123,7,1,0.668146,-0.1068399999999999,0.8261194029850746,-0.020373031677924,0.8936000000000002,-0.0201777777777776,,0.8024,0.832123024348569,0.7660243806527723,0.7977067977067978,0.4520861208438873,0.0078456103801727,0.0023999999999999,0.4520861208438873,0.8024,0.0023999999999999
imdb,noniid,4,123,7,2,0.668146,0.019388,0.8261194029850746,-0.0418217734855136,0.8936000000000002,0.0205333333333335,,0.8024,0.832123024348569,0.7660243806527723,0.7977067977067978,0.4520861208438873,-0.0080974400043487,-0.0063999999999999,0.4520861208438873,0.8024,-0.0063999999999999
imdb,noniid,4,123,7,3,0.668146,0.0426779999999999,0.8261194029850746,0.0003195045594778,0.8936000000000002,0.0022444444444444,,0.8024,0.832123024348569,0.7660243806527723,0.7977067977067978,0.4520861208438873,0.0119362473487854,0.0053999999999999,0.4520861208438873,0.8024,0.0053999999999999
imdb,noniid,4,123,8,0,0.683372,-0.0521639999999999,0.847675568743818,0.0020741324781088,0.8784888888888889,0.0018444444444443,,0.8098,0.8381478334749363,0.7758552890287063,0.8057994690626914,0.439562976360321,0.0019547343254089,0.0023999999999999,0.439562976360321,0.8098,0.0023999999999999
imdb,noniid,4,123,8,1,0.683372,-0.075154,0.847675568743818,-0.0009057094317322,0.8784888888888889,-0.0020222222222221,,0.8098,0.8381478334749363,0.7758552890287063,0.8057994690626914,0.439562976360321,0.0071789324283599,0.004,0.439562976360321,0.8098,0.004
imdb,noniid,4,123,8,2,0.683372,0.0090459999999999,0.847675568743818,-0.0274323449252467,0.8784888888888889,-0.0139111111111109,,0.8098,0.8381478334749363,0.7758552890287063,0.8057994690626914,0.439562976360321,-0.0077166855335235,-0.0068,0.439562976360321,0.8098,-0.0068
imdb,noniid,4,123,8,3,0.683372,0.0305719999999999,0.847675568743818,0.0039412959707932,0.8784888888888889,-0.0134777777777779,,0.8098,0.8381478334749363,0.7758552890287063,0.8057994690626914,0.439562976360321,0.0106137692928314,0.0037999999999999,0.439562976360321,0.8098,0.0037999999999999
imdb,noniid,4,123,9,0,0.7007840000000001,-0.0395979999999999,0.8580201424711373,0.0015644462686057,0.9532666666666668,0.0336444444444443,,0.8164,0.8421052631578947,0.7864726700747149,0.813338755591704,0.4293169975280761,0.002278447151184,0.0021999999999999,0.4293169975280761,0.8164,0.0021999999999999
imdb,noniid,4,123,9,1,0.7007840000000001,-0.0513579999999999,0.8580201424711373,0.0016536828438081,0.9532666666666668,0.0881222222222222,,0.8164,0.8421052631578947,0.7864726700747149,0.813338755591704,0.4293169975280761,0.0067100524902343,0.0036,0.4293169975280761,0.8164,0.0036
imdb,noniid,4,123,9,2,0.7007840000000001,0.0028259999999999,0.8580201424711373,-0.0143859147358171,0.9532666666666668,-0.0260111111111109,,0.8164,0.8421052631578947,0.7864726700747149,0.813338755591704,0.4293169975280761,-0.0073754787445068,-0.0053999999999999,0.4293169975280761,0.8164,-0.0053999999999999
imdb,noniid,4,123,9,3,0.7007840000000001,0.02455,0.8580201424711373,0.000520766379298,0.9532666666666668,-0.0184999999999997,,0.8164,0.8421052631578947,0.7864726700747149,0.813338755591704,0.4293169975280761,0.0096138715744018,0.0018,0.4293169975280761,0.8164,0.0018
imdb,noniid,4,123,10,0,0.7123900000000001,-0.0316699999999998,0.869671729544341,0.0074818022078338,0.841288888888889,-0.0198333333333333,,0.8214,0.845766974015088,0.7935509241053873,0.8188273483465206,0.4207954108715057,0.0025393664836883,0.0024,0.4207954108715057,0.8214,0.0024
imdb,noniid,4,123,10,1,0.7123900000000001,-0.0367559999999999,0.869671729544341,0.0102054017171491,0.841288888888889,-0.0184888888888885,,0.8214,0.845766974015088,0.7935509241053873,0.8188273483465206,0.4207954108715057,0.0063214004039764,0.002,0.4207954108715057,0.8214,0.002
imdb,noniid,4,123,10,2,0.7123900000000001,-9.399999999992747e-05,0.869671729544341,-0.0070481383698032,0.841288888888889,-0.0129999999999999,,0.8214,0.845766974015088,0.7935509241053873,0.8188273483465206,0.4207954108715057,-0.0070633888244628,-0.0055999999999999,0.4207954108715057,0.8214,-0.0055999999999999
imdb,noniid,4,123,10,3,0.7123900000000001,0.01438,0.869671729544341,0.0035163609149496,0.841288888888889,0.0016222222222224,,0.8214,0.845766974015088,0.7935509241053873,0.8188273483465206,0.4207954108715057,0.0088797807693481,0.0024,0.4207954108715057,0.8214,0.0024
imdb,noniid,20,2025,1,0,0.633802,-0.032928,0.4054160125588697,-0.0303638039548917,0.947511111111111,0.0005555555555554,,0.4914,0.0,0.0,0.0,0.7020772099494934,-0.0047017335891723,0.001,0.7020772099494934,0.4914,0.001
imdb,noniid,20,2025,1,1,0.633802,0.0078819999999999,0.4054160125588697,0.0319929679835963,0.947511111111111,-0.0008444444444446,,0.4914,0.0,0.0,0.0,0.7020772099494934,-0.004629909992218,0.001,0.7020772099494934,0.4914,0.001
imdb,noniid,20,2025,1,2,0.633802,0.0154499999999999,0.4054160125588697,0.0447465564919241,0.947511111111111,0.0053777777777777,,0.4914,0.0,0.0,0.0,0.7020772099494934,-0.0044570565223693,0.0001999999999999,0.7020772099494934,0.4914,0.0001999999999999
imdb,noniid,20,2025,1,3,0.633802,0.0114319999999999,0.4054160125588697,0.0379663481293395,0.947511111111111,-0.0009333333333334,,0.4914,0.0,0.0,0.0,0.7020772099494934,-0.0046464800834655,0.0005999999999999,0.7020772099494934,0.4914,0.0005999999999999
imdb,noniid,20,2025,1,4,0.633802,0.0213539999999999,0.4054160125588697,0.0519568930620144,0.947511111111111,-0.0015111111111112,,0.4914,0.0,0.0,0.0,0.7020772099494934,-0.0044354796409606,-0.0,0.7020772099494934,0.4914,-0.0
imdb,noniid,20,2025,1,5,0.633802,0.0367779999999999,0.4054160125588697,0.0647936408179109,0.947511111111111,0.0002666666666666,,0.4914,0.0,0.0,0.0,0.7020772099494934,-0.0043213963508605,-0.0,0.7020772099494934,0.4914,-0.0
imdb,noniid,20,2025,1,6,0.633802,0.016178,0.4054160125588697,0.048602595368094,0.947511111111111,-0.0012666666666667,,0.4914,0.0,0.0,0.0,0.7020772099494934,-0.0043401718139648,-0.0,0.7020772099494934,0.4914,-0.0
imdb,noniid,20,2025,1,7,0.633802,0.01858,0.4054160125588697,0.0479727829541598,0.947511111111111,0.000822222222222,,0.4914,0.0,0.0,0.0,0.7020772099494934,-0.0044436454772949,0.0001999999999999,0.7020772099494934,0.4914,0.0001999999999999
imdb,noniid,20,2025,1,8,0.633802,0.014988,0.4054160125588697,0.0467203603849566,0.947511111111111,0.000622222222222,,0.4914,0.0,0.0,0.0,0.7020772099494934,-0.0045539140701293,0.0005999999999999,0.7020772099494934,0.4914,0.0005999999999999
imdb,noniid,20,2025,1,9,0.633802,0.0230539999999999,0.4054160125588697,0.0558770351908898,0.947511111111111,-0.0012,,0.4914,0.0,0.0,0.0,0.7020772099494934,-0.0045132637023925,0.0005999999999999,0.7020772099494934,0.4914,0.0005999999999999
imdb,noniid,20,2025,1,10,0.633802,0.015986,0.4054160125588697,0.0468386067011291,0.947511111111111,0.0009111111111108,,0.4914,0.0,0.0,0.0,0.7020772099494934,-0.0050428509712219,0.001,0.7020772099494934,0.4914,0.001
imdb,noniid,20,2025,1,11,0.633802,0.0140839999999999,0.4054160125588697,0.0454661797829499,0.947511111111111,0.0004222222222221,,0.4914,0.0,0.0,0.0,0.7020772099494934,-0.0044887065887451,0.0004,0.7020772099494934,0.4914,0.0004
imdb,noniid,20,2025,1,12,0.633802,0.044402,0.4054160125588697,0.0772108843537415,0.947511111111111,0.006633333333333,,0.4914,0.0,0.0,0.0,0.7020772099494934,-0.0041984915733337,0.0001999999999999,0.7020772099494934,0.4914,0.0001999999999999
imdb,noniid,20,2025,1,13,0.633802,0.0110519999999999,0.4054160125588697,0.0369728736583241,0.947511111111111,-0.0007111111111111,,0.4914,0.0,0.0,0.0,0.7020772099494934,-0.0046971440315246,0.001,0.7020772099494934,0.4914,0.001
imdb,noniid,20,2025,1,14,0.633802,0.017822,0.4054160125588697,0.0476719048147619,0.947511111111111,0.0002555555555554,,0.4914,0.0,0.0,0.0,0.7020772099494934,-0.0042071938514709,0.0001999999999999,0.7020772099494934,0.4914,0.0001999999999999
imdb,noniid,20,2025,1,15,0.633802,0.0092939999999999,0.4054160125588697,0.0364432662276328,0.947511111111111,-0.0009777777777779,,0.4914,0.0,0.0,0.0,0.7020772099494934,-0.0042665600776672,-0.0,0.7020772099494934,0.4914,-0.0
imdb,noniid,20,2025,1,16,0.633802,0.0318859999999999,0.4054160125588697,0.0657375015605618,0.947511111111111,0.0083333333333333,,0.4914,0.0,0.0,0.0,0.7020772099494934,-0.0043488144874572,0.0001999999999999,0.7020772099494934,0.4914,0.0001999999999999
imdb,noniid,20,2025,1,17,0.633802,0.0099099999999999,0.4054160125588697,0.0371940705664359,0.947511111111111,-0.0010888888888889,,0.4914,0.0,0.0,0.0,0.7020772099494934,-0.0044115185737609,0.0001999999999999,0.7020772099494934,0.4914,0.0001999999999999
imdb,noniid,20,2025,1,18,0.633802,0.009344,0.4054160125588697,0.0359785650357799,0.947511111111111,-0.0010333333333334,,0.4914,0.0,0.0,0.0,0.7020772099494934,-0.004621148109436,0.0005999999999999,0.7020772099494934,0.4914,0.0005999999999999
imdb,noniid,20,2025,1,19,0.633802,0.0127839999999999,0.4054160125588697,0.0419319254566921,0.947511111111111,-0.001688888888889,,0.4914,0.0,0.0,0.0,0.7020772099494934,-0.0043879747390747,-0.0,0.7020772099494934,0.4914,-0.0
imdb,noniid,20,2025,2,0,0.658048,-0.03733,0.4688501245995016,-0.0408567653890785,0.8890222222222222,-0.0064888888888889,,0.4914,0.0,0.0,0.0,0.7157780528068542,-0.0059292316436767,-0.0,0.7157780528068542,0.4914,-0.0
imdb,noniid,20,2025,2,1,0.658048,0.0067759999999998,0.4688501245995016,0.0349020628757529,0.8890222222222222,-0.0043999999999999,,0.4914,0.0,0.0,0.0,0.7157780528068542,-0.0059915781021118,-0.0,0.7157780528068542,0.4914,-0.0
imdb,noniid,20,2025,2,2,0.658048,0.0153099999999999,0.4688501245995016,0.0468869805603891,0.8890222222222222,-0.0056,,0.4914,0.0,0.0,0.0,0.7157780528068542,-0.0055949091911315,-0.0,0.7157780528068542,0.4914,-0.0
imdb,noniid,20,2025,2,3,0.658048,0.0103999999999999,0.4688501245995016,0.0418880517493326,0.8890222222222222,-0.0047333333333334,,0.4914,0.0,0.0,0.0,0.7157780528068542,-0.0058363676071166,-0.0,0.7157780528068542,0.4914,-0.0
imdb,noniid,20,2025,2,4,0.658048,0.0211059999999999,0.4688501245995016,0.056026727524136,0.8890222222222222,-0.0058666666666666,,0.4914,0.0,0.0,0.0,0.7157780528068542,-0.005522608757019,-0.0,0.7157780528068542,0.4914,-0.0
imdb,noniid,20,2025,2,5,0.658048,0.0404419999999999,0.4688501245995016,0.0753890197517,0.8890222222222222,-0.0035111111111112,,0.4914,0.0,0.0,0.0,0.7157780528068542,-0.0053913593292236,-0.0,0.7157780528068542,0.4914,-0.0
imdb,noniid,20,2025,2,6,0.658048,0.0174779999999999,0.4688501245995016,0.0494831313817171,0.8890222222222222,-0.0050666666666667,,0.4914,0.0,0.0,0.0,0.7157780528068542,-0.0054587125778198,-0.0,0.7157780528068542,0.4914,-0.0
imdb,noniid,20,2025,2,7,0.658048,0.0190459999999998,0.4688501245995016,0.0535577707764131,0.8890222222222222,-0.004188888888889,,0.4914,0.0,0.0,0.0,0.7157780528068542,-0.0055631399154663,-0.0,0.7157780528068542,0.4914,-0.0
imdb,noniid,20,2025,2,8,0.658048,0.0164279999999998,0.4688501245995016,0.0490228621135834,0.8890222222222222,-0.0059555555555557,,0.4914,0.0,0.0,0.0,0.7157780528068542,-0.0057894587516784,-0.0,0.7157780528068542,0.4914,-0.0
imdb,noniid,20,2025,2,9,0.658048,0.0224839999999999,0.4688501245995016,0.0600827960120156,0.8890222222222222,-0.0053777777777779,,0.4914,0.0,0.0,0.0,0.7157780528068542,-0.0056871771812438,-0.0,0.7157780528068542,0.4914,-0.0
imdb,noniid,20,2025,2,10,0.658048,0.0156239999999999,0.4688501245995016,0.0483913054945749,0.8890222222222222,0.0261111111111109,,0.4914,0.0,0.0,0.0,0.7157780528068542,-0.0068458914756774,-0.0,0.7157780528068542,0.4914,-0.0
imdb,noniid,20,2025,2,11,0.658048,0.0162459999999999,0.4688501245995016,0.047045613321306,0.8890222222222222,-0.0061111111111111,,0.4914,0.0,0.0,0.0,0.7157780528068542,-0.0057207345962524,-0.0,0.7157780528068542,0.4914,-0.0
imdb,noniid,20,2025,2,12,0.658048,0.0503259999999999,0.4688501245995016,0.0886754189405574,0.8890222222222222,-0.0006333333333334,,0.4914,0.0,0.0,0.0,0.7157780528068542,-0.0052291750907897,-0.0,0.7157780528068542,0.4914,-0.0
imdb,noniid,20,2025,2,13,0.658048,0.0104919999999999,0.4688501245995016,0.0415093006294641,0.8890222222222222,-0.0037111111111109,,0.4914,0.0,0.0,0.0,0.7157780528068542,-0.0059157609939575,-0.0,0.7157780528068542,0.4914,-0.0
imdb,noniid,20,2025,2,14,0.658048,0.0191379999999999,0.4688501245995016,0.0528711298508144,0.8890222222222222,-0.0063111111111111,,0.4914,0.0,0.0,0.0,0.7157780528068542,-0.005258023738861,-0.0,0.7157780528068542,0.4914,-0.0
imdb,noniid,20,2025,2,15,0.658048,0.0087359999999999,0.4688501245995016,0.038665706082377,0.8890222222222222,-0.0055777777777779,,0.4914,0.0,0.0,0.0,0.7157780528068542,-0.0053043961524963,-0.0,0.7157780528068542,0.4914,-0.0
imdb,noniid,20,2025,2,16,0.658048,0.034772,0.4688501245995016,0.0723048748811388,0.8890222222222222,0.0365444444444444,,0.4914,0.0,0.0,0.0,0.7157780528068542,-0.005431056022644,-0.0,0.7157780528068542,0.4914,-0.0
imdb,noniid,20,2025,2,17,0.658048,0.0088699999999999,0.4688501245995016,0.0387709689266783,0.8890222222222222,-0.0054,,0.4914,0.0,0.0,0.0,0.7157780528068542,-0.0055214166641235,-0.0,0.7157780528068542,0.4914,-0.0
imdb,noniid,20,2025,2,18,0.658048,0.00787,0.4688501245995016,0.0382893417617146,0.8890222222222222,-0.004811111111111,,0.4914,0.0,0.0,0.0,0.7157780528068542,-0.0058097839355468,-0.0,0.7157780528068542,0.4914,-0.0
imdb,noniid,20,2025,2,19,0.658048,0.0120959999999998,0.4688501245995016,0.0432862148250655,0.8890222222222222,-0.0055777777777779,,0.4914,0.0,0.0,0.0,0.7157780528068542,-0.0055536031723022,-0.0,0.7157780528068542,0.4914,-0.0
imdb,noniid,20,2025,3,0,0.6731579999999999,-0.04324,0.5486041035990582,-0.0327579035694005,0.8998666666666666,0.0806777777777776,,0.4914,0.0,0.0,0.0,0.7257811427116394,-0.0037515759468078,-0.0,0.7257811427116394,0.4914,-0.0
imdb,noniid,20,2025,3,1,0.6731579999999999,0.0006859999999999,0.5486041035990582,0.0396849010806951,0.8998666666666666,-0.0226666666666668,,0.4914,0.0,0.0,0.0,0.7257811427116394,-0.0041239857673645,-0.0,0.7257811427116394,0.4914,-0.0
imdb,noniid,20,2025,3,2,0.6731579999999999,0.0067439999999998,0.5486041035990582,0.0491272985763864,0.8998666666666666,-0.0216000000000002,,0.4914,0.0,0.0,0.0,0.7257811427116394,-0.00371915102005,-0.0,0.7257811427116394,0.4914,-0.0
imdb,noniid,20,2025,3,3,0.6731579999999999,0.0049839999999998,0.5486041035990582,0.042668349409114,0.8998666666666666,-0.0225333333333335,,0.4914,0.0,0.0,0.0,0.7257811427116394,-0.0037145614624023,-0.0,0.7257811427116394,0.4914,-0.0
imdb,noniid,20,2025,3,4,0.6731579999999999,0.0127779999999999,0.5486041035990582,0.0603932852911525,0.8998666666666666,0.0405555555555554,,0.4914,0.0,0.0,0.0,0.7257811427116394,-0.0035926699638366,-0.0,0.7257811427116394,0.4914,-0.0
imdb,noniid,20,2025,3,5,0.6731579999999999,0.0337119999999999,0.5486041035990582,0.0815237864670347,0.8998666666666666,-0.0221111111111111,,0.4914,0.0,0.0,0.0,0.7257811427116394,-0.0035587549209594,-0.0,0.7257811427116394,0.4914,-0.0
imdb,noniid,20,2025,3,6,0.6731579999999999,0.0086479999999999,0.5486041035990582,0.0541673859356368,0.8998666666666666,-0.0218888888888888,,0.4914,0.0,0.0,0.0,0.7257811427116394,-0.0036605596542358,-0.0,0.7257811427116394,0.4914,-0.0
imdb,noniid,20,2025,3,7,0.6731579999999999,0.0120419999999998,0.5486041035990582,0.0583061133010678,0.8998666666666666,-0.0023222222222223,,0.4914,0.0,0.0,0.0,0.7257811427116394,-0.0035984516143798,-0.0,0.7257811427116394,0.4914,-0.0
imdb,noniid,20,2025,3,8,0.6731579999999999,0.0075499999999999,0.5486041035990582,0.0503462638778038,0.8998666666666666,-0.0213777777777777,,0.4914,0.0,0.0,0.0,0.7257811427116394,-0.0038152933120727,-0.0,0.7257811427116394,0.4914,-0.0
imdb,noniid,20,2025,3,9,0.6731579999999999,0.0189159999999999,0.5486041035990582,0.062464117459072,0.8998666666666666,-0.0213111111111112,,0.4914,0.0,0.0,0.0,0.7257811427116394,-0.0036854147911071,-0.0,0.7257811427116394,0.4914,-0.0
imdb,noniid,20,2025,3,10,0.6731579999999999,0.0091159999999999,0.5486041035990582,0.0506946959335529,0.8998666666666666,-0.0214,,0.4914,0.0,0.0,0.0,0.7257811427116394,-0.004923939704895,-0.0,0.7257811427116394,0.4914,-0.0
imdb,noniid,20,2025,3,11,0.6731579999999999,0.0071279999999999,0.5486041035990582,0.0494754873564649,0.8998666666666666,-0.0177,,0.4914,0.0,0.0,0.0,0.7257811427116394,-0.003921091556549,-0.0,0.7257811427116394,0.4914,-0.0
imdb,noniid,20,2025,3,12,0.6731579999999999,0.0443479999999999,0.5486041035990582,0.0967241449926422,0.8998666666666666,-0.0232444444444446,,0.4914,0.0,0.0,0.0,0.7257811427116394,-0.0034660100936889,-0.0,0.7257811427116394,0.4914,-0.0
imdb,noniid,20,2025,3,13,0.6731579999999999,0.0037619999999999,0.5486041035990582,0.0416208633755945,0.8998666666666666,0.0108444444444444,,0.4914,0.0,0.0,0.0,0.7257811427116394,-0.0037182569503784,-0.0,0.7257811427116394,0.4914,-0.0
imdb,noniid,20,2025,3,14,0.6731579999999999,0.0117439999999999,0.5486041035990582,0.0584759428785871,0.8998666666666666,-0.0132444444444446,,0.4914,0.0,0.0,0.0,0.7257811427116394,-0.0035107135772705,-0.0,0.7257811427116394,0.4914,-0.0
imdb,noniid,20,2025,3,15,0.6731579999999999,0.0016539999999999,0.5486041035990582,0.0416062029692471,0.8998666666666666,-0.0226888888888889,,0.4914,0.0,0.0,0.0,0.7257811427116394,-0.0034773349761962,-0.0,0.7257811427116394,0.4914,-0.0
imdb,noniid,20,2025,3,16,0.6731579999999999,0.0284719999999999,0.5486041035990582,0.0753190294866831,0.8998666666666666,0.0034555555555555,,0.4914,0.0,0.0,0.0,0.7257811427116394,-0.0035967826843261,-0.0,0.7257811427116394,0.4914,-0.0
imdb,noniid,20,2025,3,17,0.6731579999999999,0.0029439999999999,0.5486041035990582,0.0419467805436972,0.8998666666666666,-0.0234,,0.4914,0.0,0.0,0.0,0.7257811427116394,-0.0036380290985107,-0.0,0.7257811427116394,0.4914,-0.0
imdb,noniid,20,2025,3,18,0.6731579999999999,0.0038699999999999,0.5486041035990582,0.0414337643195898,0.8998666666666666,-0.0228888888888889,,0.4914,0.0,0.0,0.0,0.7257811427116394,-0.003776729106903,-0.0,0.7257811427116394,0.4914,-0.0
imdb,noniid,20,2025,3,19,0.6731579999999999,0.0073199999999999,0.5486041035990582,0.0452882222727056,0.8998666666666666,-0.0228222222222223,,0.4914,0.0,0.0,0.0,0.7257811427116394,-0.003769040107727,-0.0,0.7257811427116394,0.4914,-0.0
imdb,noniid,20,2025,4,0,0.68347,-0.0461199999999999,0.6048795944233206,-0.0376605216572529,0.8679333333333334,0.0002444444444444,,0.4914,0.0,0.0,0.0,0.7287353277206421,-0.0006265044212341,-0.0,0.7287353277206421,0.4914,-0.0
imdb,noniid,20,2025,4,1,0.68347,-0.0041199999999999,0.6048795944233206,0.0207473630183619,0.8679333333333334,-0.0012666666666665,,0.4914,0.0,0.0,0.0,0.7287353277206421,-0.0012880563735961,-0.0,0.7287353277206421,0.4914,-0.0
imdb,noniid,20,2025,4,2,0.68347,0.0051339999999999,0.6048795944233206,0.0316207245153048,0.8679333333333334,-0.0014222222222219,,0.4914,0.0,0.0,0.0,0.7287353277206421,-0.0009819865226745,-0.0,0.7287353277206421,0.4914,-0.0
imdb,noniid,20,2025,4,3,0.68347,0.0004539999999999,0.6048795944233206,0.0263481489178876,0.8679333333333334,-0.0017999999999998,,0.4914,0.0,0.0,0.0,0.7287353277206421,-0.0006675720214843,-0.0,0.7287353277206421,0.4914,-0.0
imdb,noniid,20,2025,4,4,0.68347,0.00936,0.6048795944233206,0.0413563462242374,0.8679333333333334,0.0066444444444444,,0.4914,0.0,0.0,0.0,0.7287353277206421,-0.0008144974708557,-0.0,0.7287353277206421,0.4914,-0.0
imdb,noniid,20,2025,4,5,0.68347,0.028738,0.6048795944233206,0.0729852645264134,0.8679333333333334,-0.0024222222222221,,0.4914,0.0,0.0,0.0,0.7287353277206421,-0.0008874535560607,-0.0,0.7287353277206421,0.4914,-0.0
imdb,noniid,20,2025,4,6,0.68347,0.0065399999999999,0.6048795944233206,0.0365484511907319,0.8679333333333334,-0.0028444444444444,,0.4914,0.0,0.0,0.0,0.7287353277206421,-0.0010039806365966,-0.0,0.7287353277206421,0.4914,-0.0
imdb,noniid,20,2025,4,7,0.68347,0.006924,0.6048795944233206,0.037108015821417,0.8679333333333334,-0.0033999999999998,,0.4914,0.0,0.0,0.0,0.7287353277206421,-0.0007596015930175,-0.0,0.7287353277206421,0.4914,-0.0
imdb,noniid,20,2025,4,8,0.68347,0.005874,0.6048795944233206,0.0315725595778242,0.8679333333333334,-0.0015333333333331,,0.4914,0.0,0.0,0.0,0.7287353277206421,-0.0009071826934814,-0.0,0.7287353277206421,0.4914,-0.0
imdb,noniid,20,2025,4,9,0.68347,0.0131959999999999,0.6048795944233206,0.0491066002941621,0.8679333333333334,-0.0019333333333331,,0.4914,0.0,0.0,0.0,0.7287353277206421,-0.0007767677307128,-0.0,0.7287353277206421,0.4914,-0.0
imdb,noniid,20,2025,4,10,0.68347,0.004256,0.6048795944233206,0.0328874839696716,0.8679333333333334,-0.0028888888888889,,0.4914,0.0,0.0,0.0,0.7287353277206421,-0.0018250942230224,-0.0,0.7287353277206421,0.4914,-0.0
imdb,noniid,20,2025,4,11,0.68347,0.0045939999999999,0.6048795944233206,0.031949239627,0.8679333333333334,-0.0024666666666666,,0.4914,0.0,0.0,0.0,0.7287353277206421,-0.0012120604515075,-0.0,0.7287353277206421,0.4914,-0.0
imdb,noniid,20,2025,4,12,0.68347,0.037764,0.6048795944233206,0.0884173607241598,0.8679333333333334,-0.0033999999999998,,0.4914,0.0,0.0,0.0,0.7287353277206421,-0.0008893013000488,-0.0,0.7287353277206421,0.4914,-0.0
imdb,noniid,20,2025,4,13,0.68347,-0.00028,0.6048795944233206,0.023905269209364,0.8679333333333334,-0.0017555555555552,,0.4914,0.0,0.0,0.0,0.7287353277206421,-0.0005838274955749,-0.0,0.7287353277206421,0.4914,-0.0
imdb,noniid,20,2025,4,14,0.68347,0.007884,0.6048795944233206,0.0374804471619234,0.8679333333333334,-0.0031999999999998,,0.4914,0.0,0.0,0.0,0.7287353277206421,-0.0009406208992004,-0.0,0.7287353277206421,0.4914,-0.0
imdb,noniid,20,2025,4,15,0.68347,-0.001878,0.6048795944233206,0.0236378506980894,0.8679333333333334,-0.0005777777777775,,0.4914,0.0,0.0,0.0,0.7287353277206421,-0.0008231401443481,-0.0,0.7287353277206421,0.4914,-0.0
imdb,noniid,20,2025,4,16,0.68347,0.023794,0.6048795944233206,0.0636725859872401,0.8679333333333334,-0.0034888888888888,,0.4914,0.0,0.0,0.0,0.7287353277206421,-0.0009250044822692,-0.0,0.7287353277206421,0.4914,-0.0
imdb,noniid,20,2025,4,17,0.68347,-0.0016819999999999,0.6048795944233206,0.0244369118993694,0.8679333333333334,-0.0017555555555552,,0.4914,0.0,0.0,0.0,0.7287353277206421,-0.0009004473686218,-0.0,0.7287353277206421,0.4914,-0.0
imdb,noniid,20,2025,4,18,0.68347,-0.00051,0.6048795944233206,0.0235532994711595,0.8679333333333334,-0.001511111111111,,0.4914,0.0,0.0,0.0,0.7287353277206421,-0.0008442997932434,-0.0,0.7287353277206421,0.4914,-0.0
imdb,noniid,20,2025,4,19,0.68347,0.0019059999999999,0.6048795944233206,0.0282348575812153,0.8679333333333334,-0.0021333333333333,,0.4914,0.0,0.0,0.0,0.7287353277206421,-0.0011054277420043,-0.0,0.7287353277206421,0.4914,-0.0
imdb,noniid,20,2025,5,0,0.6912,-0.0449539999999999,0.6408089345004527,-0.0483271911539975,0.929788888888889,0.0299333333333333,,0.4914,0.0,0.0,0.0,0.7245618104934692,0.0023912191390991,-0.0,0.7245618104934692,0.4914,-0.0
imdb,noniid,20,2025,5,1,0.6912,-0.0050339999999999,0.6408089345004527,0.0113768667251153,0.929788888888889,4.444444444451357e-05,,0.4914,0.0,0.0,0.0,0.7245618104934692,0.0015243291854858,-0.0,0.7245618104934692,0.4914,-0.0
imdb,noniid,20,2025,5,2,0.6912,0.004008,0.6408089345004527,0.0158089345004527,0.929788888888889,-0.0550333333333332,,0.4914,0.0,0.0,0.0,0.7245618104934692,0.0016781687736511,-0.0,0.7245618104934692,0.4914,-0.0
imdb,noniid,20,2025,5,3,0.6912,-0.0002039999999999,0.6408089345004527,0.0149883655726628,0.929788888888889,-0.0085555555555554,,0.4914,0.0,0.0,0.0,0.7245618104934692,0.002281367778778,-0.0,0.7245618104934692,0.4914,-0.0
imdb,noniid,20,2025,5,4,0.6912,0.0100379999999999,0.6408089345004527,0.0229981738325492,0.929788888888889,0.0149888888888891,,0.4914,0.0,0.0,0.0,0.7245618104934692,0.0018768906593322,-0.0,0.7245618104934692,0.4914,-0.0
imdb,noniid,20,2025,5,5,0.6912,0.028254,0.6408089345004527,0.0512363367435566,0.929788888888889,-0.0665555555555554,,0.4914,0.0,0.0,0.0,0.7245618104934692,0.0017217993736267,-0.0,0.7245618104934692,0.4914,-0.0
imdb,noniid,20,2025,5,6,0.6912,0.0058800000000001,0.6408089345004527,0.0195732933952058,0.929788888888889,-0.0234666666666665,,0.4914,0.0,0.0,0.0,0.7245618104934692,0.0016127228736877,-0.0,0.7245618104934692,0.4914,-0.0
imdb,noniid,20,2025,5,7,0.6912,0.007542,0.6408089345004527,0.0222330831072639,0.929788888888889,0.0009555555555555,,0.4914,0.0,0.0,0.0,0.7245618104934692,0.0020011067390441,-0.0,0.7245618104934692,0.4914,-0.0
imdb,noniid,20,2025,5,8,0.6912,0.003912,0.6408089345004527,0.0172868436479325,0.929788888888889,-0.0213111111111108,,0.4914,0.0,0.0,0.0,0.7245618104934692,0.0019479990005493,-0.0,0.7245618104934692,0.4914,-0.0
imdb,noniid,20,2025,5,9,0.6912,0.012116,0.6408089345004527,0.0316312320058422,0.929788888888889,-0.0319888888888888,,0.4914,0.0,0.0,0.0,0.7245618104934692,0.0020574331283569,-0.0,0.7245618104934692,0.4914,-0.0
imdb,noniid,20,2025,5,10,0.6912,0.004074,0.6408089345004527,0.0171697432096284,0.929788888888889,-0.0293666666666665,,0.4914,0.0,0.0,0.0,0.7245618104934692,0.0013137459754943,-0.0,0.7245618104934692,0.4914,-0.0
imdb,noniid,20,2025,5,11,0.6912,0.003442,0.6408089345004527,0.0156920756659247,0.929788888888889,-0.012,,0.4914,0.0,0.0,0.0,0.7245618104934692,0.0014715790748596,-0.0,0.7245618104934692,0.4914,-0.0
imdb,noniid,20,2025,5,12,0.6912,0.033606,0.6408089345004527,0.0606632150104708,0.929788888888889,-0.0384888888888887,,0.4914,0.0,0.0,0.0,0.7245618104934692,0.0016366243362426,-0.0,0.7245618104934692,0.4914,-0.0
imdb,noniid,20,2025,5,13,0.6912,-0.0017,0.6408089345004527,0.014400924487937,0.929788888888889,-0.0373666666666665,,0.4914,0.0,0.0,0.0,0.7245618104934692,0.002430260181427,-0.0,0.7245618104934692,0.4914,-0.0
imdb,noniid,20,2025,5,14,0.6912,0.0076640000000001,0.6408089345004527,0.0218055299817279,0.929788888888889,-0.0348777777777775,,0.4914,0.0,0.0,0.0,0.7245618104934692,0.0015888214111328,-0.0,0.7245618104934692,0.4914,-0.0
imdb,noniid,20,2025,5,15,0.6912,-0.0039299999999999,0.6408089345004527,0.0123987745757114,0.929788888888889,0.0049111111111113,,0.4914,0.0,0.0,0.0,0.7245618104934692,0.0017743706703186,-0.0,0.7245618104934692,0.4914,-0.0
imdb,noniid,20,2025,5,16,0.6912,0.023356,0.6408089345004527,0.0465354041928073,0.929788888888889,-0.0633222222222222,,0.4914,0.0,0.0,0.0,0.7245618104934692,0.001682162284851,-0.0,0.7245618104934692,0.4914,-0.0
imdb,noniid,20,2025,5,17,0.6912,-0.003762,0.6408089345004527,0.01380736464174,0.929788888888889,-0.0386222222222221,,0.4914,0.0,0.0,0.0,0.7245618104934692,0.0017626881599426,-0.0,0.7245618104934692,0.4914,-0.0
imdb,noniid,20,2025,5,18,0.6912,-0.0036719999999998,0.6408089345004527,0.0132227276039009,0.929788888888889,-0.0421999999999997,,0.4914,0.0,0.0,0.0,0.7245618104934692,0.0019856095314025,-0.0,0.7245618104934692,0.4914,-0.0
imdb,noniid,20,2025,5,19,0.6912,0.0008920000000001,0.6408089345004527,0.0158870107028262,0.929788888888889,0.0089444444444446,,0.4914,0.0,0.0,0.0,0.7245618104934692,0.0015259981155395,-0.0,0.7245618104934692,0.4914,-0.0
imdb,noniid,20,2025,6,0,0.695414,-0.04208,0.6766589057043073,-0.0451076558098882,0.9406666666666668,0.0010555555555555,,0.4916,0.6666666666666666,0.0007864726700747,0.0015710919088766,0.7143082022666931,0.0049565434455871,0.0001999999999999,0.7143082022666931,0.4916,0.0001999999999999
imdb,noniid,20,2025,6,1,0.695414,-0.0059880000000001,0.6766589057043073,0.0071801470420596,0.9406666666666668,0.0221999999999999,,0.4916,0.6666666666666666,0.0007864726700747,0.0015710919088766,0.7143082022666931,0.0039679408073425,0.0001999999999999,0.7143082022666931,0.4916,0.0001999999999999
imdb,noniid,20,2025,6,2,0.695414,0.0015739999999999,0.6766589057043073,0.0171542802193774,0.9406666666666668,0.0112222222222222,,0.4916,0.6666666666666666,0.0007864726700747,0.0015710919088766,0.7143082022666931,0.0039425492286682,0.0001999999999999,0.7143082022666931,0.4916,0.0001999999999999
imdb,noniid,20,2025,6,3,0.695414,-0.0022219999999999,0.6766589057043073,0.0144846020205696,0.9406666666666668,-0.0034333333333331,,0.4916,0.6666666666666666,0.0007864726700747,0.0015710919088766,0.7143082022666931,0.0047909021377563,0.0001999999999999,0.7143082022666931,0.4916,0.0001999999999999
imdb,noniid,20,2025,6,4,0.695414,0.0068919999999998,0.6766589057043073,0.0262740626018798,0.9406666666666668,-0.0055666666666664,,0.4916,0.6666666666666666,0.0007864726700747,0.0015710919088766,0.7143082022666931,0.0041599869728088,0.0001999999999999,0.7143082022666931,0.4916,0.0001999999999999
imdb,noniid,20,2025,6,5,0.695414,0.0220179999999999,0.6766589057043073,0.0419143801568621,0.9406666666666668,-0.0063666666666666,,0.4916,0.6666666666666666,0.0007864726700747,0.0015710919088766,0.7143082022666931,0.0039581060409545,0.0001999999999999,0.7143082022666931,0.4916,0.0001999999999999
imdb,noniid,20,2025,6,6,0.695414,0.0024939999999999,0.6766589057043073,0.0214864919112038,0.9406666666666668,-0.0032999999999998,,0.4916,0.6666666666666666,0.0007864726700747,0.0015710919088766,0.7143082022666931,0.0038775205612182,0.0001999999999999,0.7143082022666931,0.4916,0.0001999999999999
imdb,noniid,20,2025,6,7,0.695414,0.0047479999999999,0.6766589057043073,0.0222536847016374,0.9406666666666668,0.0045111111111111,,0.4916,0.6666666666666666,0.0007864726700747,0.0015710919088766,0.7143082022666931,0.0043545961380004,0.0001999999999999,0.7143082022666931,0.4916,0.0001999999999999
imdb,noniid,20,2025,6,8,0.695414,0.00258,0.6766589057043073,0.0174460255611945,0.9406666666666668,-0.0046333333333332,,0.4916,0.6666666666666666,0.0007864726700747,0.0015710919088766,0.7143082022666931,0.0044141411781311,0.0001999999999999,0.7143082022666931,0.4916,0.0001999999999999
imdb,noniid,20,2025,6,9,0.695414,0.0104739999999999,0.6766589057043073,0.0297912934111631,0.9406666666666668,-0.0040111111111109,,0.4916,0.6666666666666666,0.0007864726700747,0.0015710919088766,0.7143082022666931,0.0044878125190734,0.0001999999999999,0.7143082022666931,0.4916,0.0001999999999999
imdb,noniid,20,2025,6,10,0.695414,0.0015319999999999,0.6766589057043073,0.0186309045127672,0.9406666666666668,-0.0040333333333333,,0.4916,0.6666666666666666,0.0007864726700747,0.0015710919088766,0.7143082022666931,0.004093050956726,0.0001999999999999,0.7143082022666931,0.4916,0.0001999999999999
imdb,noniid,20,2025,6,11,0.695414,0.0009619999999999,0.6766589057043073,0.016855861836805,0.9406666666666668,-0.0043444444444442,,0.4916,0.6666666666666666,0.0007864726700747,0.0015710919088766,0.7143082022666931,0.0038037300109863,0.0001999999999999,0.7143082022666931,0.4916,0.0001999999999999
imdb,noniid,20,2025,6,12,0.695414,0.0284819999999998,0.6766589057043073,0.0566414486196404,0.9406666666666668,-0.0073444444444443,,0.4916,0.6666666666666666,0.0007864726700747,0.0015710919088766,0.7143082022666931,0.0038130283355712,0.0001999999999999,0.7143082022666931,0.4916,0.0001999999999999
imdb,noniid,20,2025,6,13,0.695414,-0.0031099999999999,0.6766589057043073,0.0113919590936294,0.9406666666666668,-0.0026444444444442,,0.4916,0.6666666666666666,0.0007864726700747,0.0015710919088766,0.7143082022666931,0.0049698948860168,0.0001999999999999,0.7143082022666931,0.4916,0.0001999999999999
imdb,noniid,20,2025,6,14,0.695414,0.005398,0.6766589057043073,0.0227443149569763,0.9406666666666668,-0.0036333333333331,,0.4916,0.6666666666666666,0.0007864726700747,0.0015710919088766,0.7143082022666931,0.0037716627120971,0.0001999999999999,0.7143082022666931,0.4916,0.0001999999999999
imdb,noniid,20,2025,6,15,0.695414,-0.0059,0.6766589057043073,0.0096913966790365,0.9406666666666668,-0.0035444444444443,,0.4916,0.6666666666666666,0.0007864726700747,0.0015710919088766,0.7143082022666931,0.0040062665939331,0.0001999999999999,0.7143082022666931,0.4916,0.0001999999999999
imdb,noniid,20,2025,6,16,0.695414,0.0188399999999999,0.6766589057043073,0.0383236184827363,0.9406666666666668,-0.0069444444444444,,0.4916,0.6666666666666666,0.0007864726700747,0.0015710919088766,0.7143082022666931,0.0039088129997253,0.0001999999999999,0.7143082022666931,0.4916,0.0001999999999999
imdb,noniid,20,2025,6,17,0.695414,-0.005554,0.6766589057043073,0.010393482893594,0.9406666666666668,-0.0040111111111111,,0.4916,0.6666666666666666,0.0007864726700747,0.0015710919088766,0.7143082022666931,0.0040370821952819,0.0001999999999999,0.7143082022666931,0.4916,0.0001999999999999
imdb,noniid,20,2025,6,18,0.695414,-0.0045859999999999,0.6766589057043073,0.0092904846516757,0.9406666666666668,0.0177666666666667,,0.4916,0.6666666666666666,0.0007864726700747,0.0015710919088766,0.7143082022666931,0.0043768286705017,0.0001999999999999,0.7143082022666931,0.4916,0.0001999999999999
imdb,noniid,20,2025,6,19,0.695414,-0.0009399999999999,0.6766589057043073,0.0166708674267953,0.9406666666666668,0.0422555555555557,,0.4916,0.6666666666666666,0.0007864726700747,0.0015710919088766,0.7143082022666931,0.0038089156150817,0.0001999999999999,0.7143082022666931,0.4916,0.0001999999999999
imdb,noniid,20,2025,7,0,0.700542,-0.0383979999999999,0.7147717607031472,-0.0264082879586533,0.8906222222222222,-0.0022222222222223,,0.4952,0.7714285714285715,0.0106173810460086,0.0209464701318851,0.6995964646339417,0.006836712360382,0.0027999999999999,0.6995964646339417,0.4952,0.0027999999999999
imdb,noniid,20,2025,7,1,0.700542,-0.00489,0.7147717607031472,0.0175907086833855,0.8906222222222222,-0.0035777777777776,,0.4952,0.7714285714285715,0.0106173810460086,0.0209464701318851,0.6995964646339417,0.0057988762855529,0.0023999999999999,0.6995964646339417,0.4952,0.0023999999999999
imdb,noniid,20,2025,7,2,0.700542,0.0018759999999999,0.7147717607031472,0.0240620088277865,0.8906222222222222,-0.0039111111111109,,0.4952,0.7714285714285715,0.0106173810460086,0.0209464701318851,0.6995964646339417,0.0055976510047912,0.0023999999999999,0.6995964646339417,0.4952,0.0023999999999999
imdb,noniid,20,2025,7,3,0.700542,-0.000834,0.7147717607031472,0.0209710654540162,0.8906222222222222,-0.0018666666666666,,0.4952,0.7714285714285715,0.0106173810460086,0.0209464701318851,0.6995964646339417,0.0066334009170532,0.0027999999999999,0.6995964646339417,0.4952,0.0027999999999999
imdb,noniid,20,2025,7,4,0.700542,0.0068939999999999,0.7147717607031472,0.0229514842054513,0.8906222222222222,-0.0013333333333334,,0.4952,0.7714285714285715,0.0106173810460086,0.0209464701318851,0.6995964646339417,0.0058228969573974,0.0023999999999999,0.6995964646339417,0.4952,0.0023999999999999
imdb,noniid,20,2025,7,5,0.700542,0.02178,0.7147717607031472,0.0375797674694285,0.8906222222222222,-0.0034222222222222,,0.4952,0.7714285714285715,0.0106173810460086,0.0209464701318851,0.6995964646339417,0.0056133270263671,0.0023999999999999,0.6995964646339417,0.4952,0.0023999999999999
imdb,noniid,20,2025,7,6,0.700542,0.004386,0.7147717607031472,0.0241719913836546,0.8906222222222222,-0.0005444444444446,,0.4952,0.7714285714285715,0.0106173810460086,0.0209464701318851,0.6995964646339417,0.0055707097053527,0.0023999999999999,0.6995964646339417,0.4952,0.0023999999999999
imdb,noniid,20,2025,7,7,0.700542,0.0047519999999999,0.7147717607031472,0.0235952901149119,0.8906222222222222,-0.0039555555555554,,0.4952,0.7714285714285715,0.0106173810460086,0.0209464701318851,0.6995964646339417,0.0060914754867553,0.0025999999999999,0.6995964646339417,0.4952,0.0025999999999999
imdb,noniid,20,2025,7,8,0.700542,0.002302,0.7147717607031472,0.0241512700826566,0.8906222222222222,-0.0029555555555556,,0.4952,0.7714285714285715,0.0106173810460086,0.0209464701318851,0.6995964646339417,0.0062527656555175,0.0025999999999999,0.6995964646339417,0.4952,0.0025999999999999
imdb,noniid,20,2025,7,9,0.700542,0.0072719999999999,0.7147717607031472,0.0265904640881156,0.8906222222222222,-0.0034888888888888,,0.4952,0.7714285714285715,0.0106173810460086,0.0209464701318851,0.6995964646339417,0.0062931776046752,0.0027999999999999,0.6995964646339417,0.4952,0.0027999999999999
imdb,noniid,20,2025,7,10,0.700542,0.0023859999999999,0.7147717607031472,0.0243505258502908,0.8906222222222222,-0.0026444444444444,,0.4952,0.7714285714285715,0.0106173810460086,0.0209464701318851,0.6995964646339417,0.0062118172645568,0.0025999999999999,0.6995964646339417,0.4952,0.0025999999999999
imdb,noniid,20,2025,7,11,0.700542,0.0025819999999999,0.7147717607031472,0.0237734918052822,0.8906222222222222,-0.0038222222222221,,0.4952,0.7714285714285715,0.0106173810460086,0.0209464701318851,0.6995964646339417,0.0055567622184753,0.0023999999999999,0.6995964646339417,0.4952,0.0023999999999999
imdb,noniid,20,2025,7,12,0.700542,0.025716,0.7147717607031472,0.0431215491375618,0.8906222222222222,-0.0026444444444444,,0.4952,0.7714285714285715,0.0106173810460086,0.0209464701318851,0.6995964646339417,0.0054360032081604,0.0023999999999999,0.6995964646339417,0.4952,0.0023999999999999
imdb,noniid,20,2025,7,13,0.700542,-0.0013579999999999,0.7147717607031472,0.0196992969350312,0.8906222222222222,-0.0044222222222223,,0.4952,0.7714285714285715,0.0106173810460086,0.0209464701318851,0.6995964646339417,0.0068201422691345,0.0025999999999999,0.6995964646339417,0.4952,0.0025999999999999
imdb,noniid,20,2025,7,14,0.700542,0.005888,0.7147717607031472,0.0240828013488664,0.8906222222222222,0.016188888888889,,0.4952,0.7714285714285715,0.0106173810460086,0.0209464701318851,0.6995964646339417,0.0054047107696533,0.0023999999999999,0.6995964646339417,0.4952,0.0023999999999999
imdb,noniid,20,2025,7,15,0.700542,-0.002834,0.7147717607031472,0.0185765820798535,0.8906222222222222,-0.0031555555555555,,0.4952,0.7714285714285715,0.0106173810460086,0.0209464701318851,0.6995964646339417,0.0056628584861755,0.0023999999999999,0.6995964646339417,0.4952,0.0023999999999999
imdb,noniid,20,2025,7,16,0.700542,0.016162,0.7147717607031472,0.0343185029127789,0.8906222222222222,0.0087999999999999,,0.4952,0.7714285714285715,0.0106173810460086,0.0209464701318851,0.6995964646339417,0.0055501461029052,0.0023999999999999,0.6995964646339417,0.4952,0.0023999999999999
imdb,noniid,20,2025,7,17,0.700542,-0.0030459999999999,0.7147717607031472,0.0184366821691157,0.8906222222222222,-0.0022444444444444,,0.4952,0.7714285714285715,0.0106173810460086,0.0209464701318851,0.6995964646339417,0.0057090520858764,0.0023999999999999,0.6995964646339417,0.4952,0.0023999999999999
imdb,noniid,20,2025,7,18,0.700542,-0.003078,0.7147717607031472,0.019157470839656,0.8906222222222222,-0.0037111111111109,,0.4952,0.7714285714285715,0.0106173810460086,0.0209464701318851,0.6995964646339417,0.0061123371124267,0.0025999999999999,0.6995964646339417,0.4952,0.0025999999999999
imdb,noniid,20,2025,7,19,0.700542,-0.00102,0.7147717607031472,0.0210832835751796,0.8906222222222222,-0.0040888888888888,,0.4952,0.7714285714285715,0.0106173810460086,0.0209464701318851,0.6995964646339417,0.0055206418037414,0.0023999999999999,0.6995964646339417,0.4952,0.0023999999999999
imdb,noniid,20,2025,8,0,0.703598,-0.031618,0.737161789066814,-0.0097626397556817,0.8881555555555556,0.0059888888888888,,0.512,0.832258064516129,0.0507274872198191,0.0956263899184581,0.6820533275604248,0.0080624222755432,0.009,0.6820533275604248,0.512,0.009
imdb,noniid,20,2025,8,1,0.703598,-0.0060839999999999,0.737161789066814,0.0086793428606984,0.8881555555555556,-0.0002444444444442,,0.512,0.832258064516129,0.0507274872198191,0.0956263899184581,0.6820533275604248,0.0070187449455261,0.008,0.6820533275604248,0.512,0.008
imdb,noniid,20,2025,8,2,0.703598,0.0006579999999999,0.737161789066814,0.0120353135187531,0.8881555555555556,0.0003111111111111,,0.512,0.832258064516129,0.0507274872198191,0.0956263899184581,0.6820533275604248,0.0066591501235961,0.0073999999999999,0.6820533275604248,0.512,0.0073999999999999
imdb,noniid,20,2025,8,3,0.703598,-0.0018759999999999,0.737161789066814,0.0107094484012753,0.8881555555555556,0.0001777777777776,,0.512,0.832258064516129,0.0507274872198191,0.0956263899184581,0.6820533275604248,0.0078269243240356,0.009,0.6820533275604248,0.512,0.009
imdb,noniid,20,2025,8,4,0.703598,0.0053319999999998,0.737161789066814,0.0156392589800521,0.8881555555555556,-0.0008666666666665,,0.512,0.832258064516129,0.0507274872198191,0.0956263899184581,0.6820533275604248,0.0068790316581726,0.008,0.6820533275604248,0.512,0.008
imdb,noniid,20,2025,8,5,0.703598,0.0170899999999999,0.737161789066814,0.0327540755681913,0.8881555555555556,-0.0011333333333332,,0.512,0.832258064516129,0.0507274872198191,0.0956263899184581,0.6820533275604248,0.0066956877708435,0.0073999999999999,0.6820533275604248,0.512,0.0073999999999999
imdb,noniid,20,2025,8,6,0.703598,0.0024159999999999,0.737161789066814,0.0131012169972682,0.8881555555555556,0.0281555555555557,,0.512,0.832258064516129,0.0507274872198191,0.0956263899184581,0.6820533275604248,0.0066906213760375,0.0073999999999999,0.6820533275604248,0.512,0.0073999999999999
imdb,noniid,20,2025,8,7,0.703598,0.0026679999999998,0.737161789066814,0.0155151914751029,0.8881555555555556,-0.0003555555555552,,0.512,0.832258064516129,0.0507274872198191,0.0956263899184581,0.6820533275604248,0.0072196125984191,0.0081999999999999,0.6820533275604248,0.512,0.0081999999999999
imdb,noniid,20,2025,8,8,0.703598,0.001236,0.737161789066814,0.0126462035571256,0.8881555555555556,2.222222222214576e-05,,0.512,0.832258064516129,0.0507274872198191,0.0956263899184581,0.6820533275604248,0.0074760913848876,0.0086,0.6820533275604248,0.512,0.0086
imdb,noniid,20,2025,8,9,0.703598,0.0090359999999999,0.737161789066814,0.0183769507167582,0.8881555555555556,-0.0006666666666665,,0.512,0.832258064516129,0.0507274872198191,0.0956263899184581,0.6820533275604248,0.0074699521064758,0.0086,0.6820533275604248,0.512,0.0086
imdb,noniid,20,2025,8,10,0.703598,0.002178,0.737161789066814,0.0125688637439616,0.8881555555555556,-0.0006222222222223,,0.512,0.832258064516129,0.0507274872198191,0.0956263899184581,0.6820533275604248,0.0076618790626525,0.009,0.6820533275604248,0.512,0.009
imdb,noniid,20,2025,8,11,0.703598,0.0006079999999999,0.737161789066814,0.0124426879432184,0.8881555555555556,0.0003555555555556,,0.512,0.832258064516129,0.0507274872198191,0.0956263899184581,0.6820533275604248,0.0067229270935058,0.0076,0.6820533275604248,0.512,0.0076
imdb,noniid,20,2025,8,12,0.703598,0.0226779999999999,0.737161789066814,0.04087568177658,0.8881555555555556,-0.0006888888888889,,0.512,0.832258064516129,0.0507274872198191,0.0956263899184581,0.6820533275604248,0.0065040588378906,0.0073999999999999,0.6820533275604248,0.512,0.0073999999999999
imdb,noniid,20,2025,8,13,0.703598,-0.001492,0.737161789066814,0.0120419695009836,0.8881555555555556,0.0223444444444445,,0.512,0.832258064516129,0.0507274872198191,0.0956263899184581,0.6820533275604248,0.0079948306083679,0.0091999999999999,0.6820533275604248,0.512,0.0091999999999999
imdb,noniid,20,2025,8,14,0.703598,0.0042679999999999,0.737161789066814,0.0152351578710704,0.8881555555555556,0.0073333333333334,,0.512,0.832258064516129,0.0507274872198191,0.0956263899184581,0.6820533275604248,0.0064842700958251,0.0071999999999999,0.6820533275604248,0.512,0.0071999999999999
imdb,noniid,20,2025,8,15,0.703598,-0.0046300000000001,0.737161789066814,0.0111459877124121,0.8881555555555556,-0.0001555555555556,,0.512,0.832258064516129,0.0507274872198191,0.0956263899184581,0.6820533275604248,0.0067509412765502,0.0073999999999999,0.6820533275604248,0.512,0.0073999999999999
imdb,noniid,20,2025,8,16,0.703598,0.0155759999999999,0.737161789066814,0.0241423984850964,0.8881555555555556,-0.0007111111111111,,0.512,0.832258064516129,0.0507274872198191,0.0956263899184581,0.6820533275604248,0.0066087245941162,0.0073999999999999,0.6820533275604248,0.512,0.0073999999999999
imdb,noniid,20,2025,8,17,0.703598,-0.00319,0.737161789066814,0.0108132999394487,0.8881555555555556,4.444444444451357e-05,,0.512,0.832258064516129,0.0507274872198191,0.0956263899184581,0.6820533275604248,0.006786823272705,0.0078,0.6820533275604248,0.512,0.0078
imdb,noniid,20,2025,8,18,0.703598,-0.003484,0.737161789066814,0.0113006936405011,0.8881555555555556,0.0048555555555556,,0.512,0.832258064516129,0.0507274872198191,0.0956263899184581,0.6820533275604248,0.0072050690650939,0.0086,0.6820533275604248,0.512,0.0086
imdb,noniid,20,2025,8,19,0.703598,-0.00108,0.737161789066814,0.0118096763907575,0.8881555555555556,-0.0012888888888888,,0.512,0.832258064516129,0.0507274872198191,0.0956263899184581,0.6820533275604248,0.0066533088684082,0.0076,0.6820533275604248,0.512,0.0076
imdb,noniid,20,2025,9,0,0.706852,-0.0293679999999999,0.7617758527341635,-0.001352001147115,0.8338444444444446,-0.0037333333333331,,0.5424,0.8571428571428571,0.1203303185214313,0.2110344827586207,0.6632370948791504,0.0086566805839538,0.0128,0.6632370948791504,0.5424,0.0128
imdb,noniid,20,2025,9,1,0.706852,-0.0032619999999999,0.7617758527341635,0.0145987665320153,0.8338444444444446,-0.0010888888888886,,0.5424,0.8571428571428571,0.1203303185214313,0.2110344827586207,0.6632370948791504,0.0076389908790588,0.0118,0.6632370948791504,0.5424,0.0118
imdb,noniid,20,2025,9,2,0.706852,0.002352,0.7617758527341635,0.0165703732821086,0.8338444444444446,0.000177777777778,,0.5424,0.8571428571428571,0.1203303185214313,0.2110344827586207,0.6632370948791504,0.0071476697921752,0.0113999999999999,0.6632370948791504,0.5424,0.0113999999999999
imdb,noniid,20,2025,9,3,0.706852,0.000528,0.7617758527341635,0.016510961161284,0.8338444444444446,-0.0010666666666665,,0.5424,0.8571428571428571,0.1203303185214313,0.2110344827586207,0.6632370948791504,0.0084070563316345,0.013,0.6632370948791504,0.5424,0.013
imdb,noniid,20,2025,9,4,0.706852,0.005928,0.7617758527341635,0.0217922059639263,0.8338444444444446,-0.0004444444444442,,0.5424,0.8571428571428571,0.1203303185214313,0.2110344827586207,0.6632370948791504,0.0073509812355041,0.0113999999999999,0.6632370948791504,0.5424,0.0113999999999999
imdb,noniid,20,2025,9,5,0.706852,0.016548,0.7617758527341635,0.0164544532223652,0.8338444444444446,0.0014,,0.5424,0.8571428571428571,0.1203303185214313,0.2110344827586207,0.6632370948791504,0.0072249174118041,0.011,0.6632370948791504,0.5424,0.011
imdb,noniid,20,2025,9,6,0.706852,0.003186,0.7617758527341635,0.0195669954350929,0.8338444444444446,-0.0002444444444442,,0.5424,0.8571428571428571,0.1203303185214313,0.2110344827586207,0.6632370948791504,0.007256269454956,0.011,0.6632370948791504,0.5424,0.011
imdb,noniid,20,2025,9,7,0.706852,0.0044900000000001,0.7617758527341635,0.0204388813835495,0.8338444444444446,-0.000133333333333,,0.5424,0.8571428571428571,0.1203303185214313,0.2110344827586207,0.6632370948791504,0.0077632665634155,0.0113999999999999,0.6632370948791504,0.5424,0.0113999999999999
imdb,noniid,20,2025,9,8,0.706852,0.0016899999999999,0.7617758527341635,0.0184808335770753,0.8338444444444446,-0.000533333333333,,0.5424,0.8571428571428571,0.1203303185214313,0.2110344827586207,0.6632370948791504,0.0080934166908264,0.0121999999999999,0.6632370948791504,0.5424,0.0121999999999999
imdb,noniid,20,2025,9,9,0.706852,0.007856,0.7617758527341635,0.0205513629382451,0.8338444444444446,0.0004000000000001,,0.5424,0.8571428571428571,0.1203303185214313,0.2110344827586207,0.6632370948791504,0.0080518126487731,0.0118,0.6632370948791504,0.5424,0.0118
imdb,noniid,20,2025,9,10,0.706852,0.003496,0.7617758527341635,0.0184808335770753,0.8338444444444446,-0.0007555555555553,,0.5424,0.8571428571428571,0.1203303185214313,0.2110344827586207,0.6632370948791504,0.008420705795288,0.0128,0.6632370948791504,0.5424,0.0128
imdb,noniid,20,2025,9,11,0.706852,0.0024859999999999,0.7617758527341635,0.0171823679271555,0.8338444444444446,-0.0001999999999997,,0.5424,0.8571428571428571,0.1203303185214313,0.2110344827586207,0.6632370948791504,0.0073153972625732,0.0113999999999999,0.6632370948791504,0.5424,0.0113999999999999
imdb,noniid,20,2025,9,12,0.706852,0.01913,0.7617758527341635,0.0213364711230975,0.8338444444444446,0.002088888888889,,0.5424,0.8571428571428571,0.1203303185214313,0.2110344827586207,0.6632370948791504,0.0070386528968811,0.0105999999999999,0.6632370948791504,0.5424,0.0105999999999999
imdb,noniid,20,2025,9,13,0.706852,-0.001144,0.7617758527341635,0.0168554793129663,0.8338444444444446,-0.0016444444444443,,0.5424,0.8571428571428571,0.1203303185214313,0.2110344827586207,0.6632370948791504,0.0085341930389404,0.0128,0.6632370948791504,0.5424,0.0128
imdb,noniid,20,2025,9,14,0.706852,0.004862,0.7617758527341635,0.0207117326795932,0.8338444444444446,-0.0003777777777775,,0.5424,0.8571428571428571,0.1203303185214313,0.2110344827586207,0.6632370948791504,0.0070297718048095,0.0105999999999999,0.6632370948791504,0.5424,0.0105999999999999
imdb,noniid,20,2025,9,15,0.706852,-0.0026019999999999,0.7617758527341635,0.0145987665320153,0.8338444444444446,-0.0015555555555553,,0.5424,0.8571428571428571,0.1203303185214313,0.2110344827586207,0.6632370948791504,0.0072863698005676,0.0111999999999999,0.6632370948791504,0.5424,0.0111999999999999
imdb,noniid,20,2025,9,16,0.706852,0.012908,0.7617758527341635,0.0172047343845435,0.8338444444444446,0.0017111111111112,,0.5424,0.8571428571428571,0.1203303185214313,0.2110344827586207,0.6632370948791504,0.0071131587028503,0.0108,0.6632370948791504,0.5424,0.0108
imdb,noniid,20,2025,9,17,0.706852,-0.0032699999999998,0.7617758527341635,0.0152193789049623,0.8338444444444446,-0.0014888888888886,,0.5424,0.8571428571428571,0.1203303185214313,0.2110344827586207,0.6632370948791504,0.0072898864746093,0.0113999999999999,0.6632370948791504,0.5424,0.0113999999999999
imdb,noniid,20,2025,9,18,0.706852,-0.0007559999999999,0.7617758527341635,0.0152155885624518,0.8338444444444446,-0.0005999999999999,,0.5424,0.8571428571428571,0.1203303185214313,0.2110344827586207,0.6632370948791504,0.0076869130134582,0.0115999999999999,0.6632370948791504,0.5424,0.0115999999999999
imdb,noniid,20,2025,9,19,0.706852,0.0022619999999999,0.7617758527341635,0.0171241796677893,0.8338444444444446,0.0003555555555556,,0.5424,0.8571428571428571,0.1203303185214313,0.2110344827586207,0.6632370948791504,0.0072266459465026,0.0111999999999999,0.6632370948791504,0.5424,0.0111999999999999
imdb,noniid,20,2025,10,0,0.709372,-0.024498,0.7785163520340335,0.0015760951942791,0.940977777777778,-0.0085777777777775,,0.5808,0.8682042833607908,0.2072355485646873,0.3346031746031746,0.6442230343818665,0.0088310837745666,0.0193999999999999,0.6442230343818665,0.5808,0.0193999999999999
imdb,noniid,20,2025,10,1,0.709372,-0.0026,0.7785163520340335,0.0102434771017108,0.940977777777778,-0.0098222222222221,,0.5808,0.8682042833607908,0.2072355485646873,0.3346031746031746,0.6442230343818665,0.0078442692756652,0.0175999999999999,0.6442230343818665,0.5808,0.0175999999999999
imdb,noniid,20,2025,10,2,0.709372,0.0016859999999999,0.7785163520340335,0.0106303918403809,0.940977777777778,0.006077777777778,,0.5808,0.8682042833607908,0.2072355485646873,0.3346031746031746,0.6442230343818665,0.0072435736656188,0.0163999999999999,0.6442230343818665,0.5808,0.0163999999999999
imdb,noniid,20,2025,10,3,0.709372,0.0004439999999999,0.7785163520340335,0.0105098777961052,0.940977777777778,-0.0106444444444442,,0.5808,0.8682042833607908,0.2072355485646873,0.3346031746031746,0.6442230343818665,0.0085701346397399,0.0185999999999999,0.6442230343818665,0.5808,0.0185999999999999
imdb,noniid,20,2025,10,4,0.709372,0.0044319999999999,0.7785163520340335,0.0108748172875886,0.940977777777778,0.0128555555555556,,0.5808,0.8682042833607908,0.2072355485646873,0.3346031746031746,0.6442230343818665,0.0074295401573181,0.017,0.6442230343818665,0.5808,0.017
imdb,noniid,20,2025,10,5,0.709372,0.012902,0.7785163520340335,0.0137163520340334,0.940977777777778,-0.0151555555555553,,0.5808,0.8682042833607908,0.2072355485646873,0.3346031746031746,0.6442230343818665,0.0073744058609008,0.0168,0.6442230343818665,0.5808,0.0168
imdb,noniid,20,2025,10,6,0.709372,0.0034459999999999,0.7785163520340335,0.0121536910898274,0.940977777777778,-0.0110444444444441,,0.5808,0.8682042833607908,0.2072355485646873,0.3346031746031746,0.6442230343818665,0.0074424147605896,0.017,0.6442230343818665,0.5808,0.017
imdb,noniid,20,2025,10,7,0.709372,0.002462,0.7785163520340335,0.0116172104031321,0.940977777777778,-0.0074111111111108,,0.5808,0.8682042833607908,0.2072355485646873,0.3346031746031746,0.6442230343818665,0.0079098939895629,0.018,0.6442230343818665,0.5808,0.018
imdb,noniid,20,2025,10,8,0.709372,0.0017599999999999,0.7785163520340335,0.0095545446106876,0.940977777777778,-0.0103111111111109,,0.5808,0.8682042833607908,0.2072355485646873,0.3346031746031746,0.6442230343818665,0.0083042383193969,0.0183999999999999,0.6442230343818665,0.5808,0.0183999999999999
imdb,noniid,20,2025,10,9,0.709372,0.005684,0.7785163520340335,0.0084815088284585,0.940977777777778,0.0009777777777779,,0.5808,0.8682042833607908,0.2072355485646873,0.3346031746031746,0.6442230343818665,0.0082252621650695,0.0181999999999999,0.6442230343818665,0.5808,0.0181999999999999
imdb,noniid,20,2025,10,10,0.709372,0.0016859999999999,0.7785163520340335,0.0100924682255342,0.940977777777778,-0.0109555555555553,,0.5808,0.8682042833607908,0.2072355485646873,0.3346031746031746,0.6442230343818665,0.0086945295333862,0.0191999999999999,0.6442230343818665,0.5808,0.0191999999999999
imdb,noniid,20,2025,10,11,0.709372,0.001352,0.7785163520340335,0.0103614300329576,0.940977777777778,-0.0101777777777778,,0.5808,0.8682042833607908,0.2072355485646873,0.3346031746031746,0.6442230343818665,0.0075213909149169,0.017,0.6442230343818665,0.5808,0.017
imdb,noniid,20,2025,10,12,0.709372,0.0158559999999999,0.7785163520340335,0.0160397040489788,0.940977777777778,-0.0168444444444444,,0.5808,0.8682042833607908,0.2072355485646873,0.3346031746031746,0.6442230343818665,0.0072083473205566,0.0161999999999999,0.6442230343818665,0.5808,0.0161999999999999
imdb,noniid,20,2025,10,13,0.709372,-0.000132,0.7785163520340335,0.0102401178824284,0.940977777777778,-0.0025333333333332,,0.5808,0.8682042833607908,0.2072355485646873,0.3346031746031746,0.6442230343818665,0.0086433887481689,0.0185999999999999,0.6442230343818665,0.5808,0.0185999999999999
imdb,noniid,20,2025,10,14,0.709372,0.003414,0.7785163520340335,0.0116172104031321,0.940977777777778,0.0018000000000002,,0.5808,0.8682042833607908,0.2072355485646873,0.3346031746031746,0.6442230343818665,0.0072121024131774,0.0161999999999999,0.6442230343818665,0.5808,0.0161999999999999
imdb,noniid,20,2025,10,15,0.709372,-0.001774,0.7785163520340335,0.0102005910175425,0.940977777777778,-0.0107333333333332,,0.5808,0.8682042833607908,0.2072355485646873,0.3346031746031746,0.6442230343818665,0.007451057434082,0.0168,0.6442230343818665,0.5808,0.0168
imdb,noniid,20,2025,10,16,0.709372,0.009952,0.7785163520340335,0.0134174744284749,0.940977777777778,-0.0031333333333329,,0.5808,0.8682042833607908,0.2072355485646873,0.3346031746031746,0.6442230343818665,0.0072309970855712,0.0161999999999999,0.6442230343818665,0.5808,0.0161999999999999
imdb,noniid,20,2025,10,17,0.709372,-0.0010139999999999,0.7785163520340335,0.0105336586862778,0.940977777777778,-0.0095111111111108,,0.5808,0.8682042833607908,0.2072355485646873,0.3346031746031746,0.6442230343818665,0.0074036717414855,0.0171999999999999,0.6442230343818665,0.5808,0.0171999999999999
imdb,noniid,20,2025,10,18,0.709372,-0.0009379999999999,0.7785163520340335,0.0112377343234503,0.940977777777778,0.0265666666666666,,0.5808,0.8682042833607908,0.2072355485646873,0.3346031746031746,0.6442230343818665,0.0077533721923828,0.018,0.6442230343818665,0.5808,0.018
imdb,noniid,20,2025,10,19,0.709372,0.001468,0.7785163520340335,0.010529286553031,0.940977777777778,-0.009711111111111,,0.5808,0.8682042833607908,0.2072355485646873,0.3346031746031746,0.6442230343818665,0.0074257850646972,0.017,0.6442230343818665,0.5808,0.017
imdb,noniid,4,2025,1,0,0.586706,-0.16926,0.4109777015437393,-0.2420537082444272,0.8763333333333332,-0.0584444444444445,,0.4914,0.0,0.0,0.0,0.7217580080032349,-0.0029353499412536,-0.0,0.7217580080032349,0.4914,-0.0
imdb,noniid,4,2025,1,1,0.586706,-0.2718640000000001,0.4109777015437393,-0.4601663827983146,0.8763333333333332,-0.0329000000000001,,0.4914,0.0,0.0,0.0,0.7217580080032349,-0.0016120076179504,-0.0,0.7217580080032349,0.4914,-0.0
imdb,noniid,4,2025,1,2,0.586706,-0.1858700000000001,0.4109777015437393,-0.5016668935898865,0.8763333333333332,-0.0642,,0.4914,0.0,0.0,0.0,0.7217580080032349,0.0038831830024719,-0.0,0.7217580080032349,0.4914,-0.0
imdb,noniid,4,2025,1,3,0.586706,0.015552,0.4109777015437393,-0.1116703820799541,0.8763333333333332,-0.0410222222222222,,0.4914,0.0,0.0,0.0,0.7217580080032349,0.0054969787597656,-0.0,0.7217580080032349,0.4914,-0.0
imdb,noniid,4,2025,2,0,0.58975,-0.125888,0.5447562776957164,-0.113387661698223,0.8578222222222223,0.001888888888889,,0.4972,0.7636363636363637,0.016515926071569,0.0323325635103926,0.6955268383026123,-0.0073419213294982,-0.0074,0.6955268383026123,0.4972,-0.0074
imdb,noniid,4,2025,2,1,0.58975,-0.228928,0.5447562776957164,-0.2683714124047139,0.8578222222222223,-0.0240666666666666,,0.4972,0.7636363636363637,0.016515926071569,0.0323325635103926,0.6955268383026123,0.0078346729278564,0.003,0.6955268383026123,0.4972,0.003
imdb,noniid,4,2025,2,2,0.58975,-0.1865799999999999,0.5447562776957164,-0.3897791985880938,0.8578222222222223,0.0046888888888891,,0.4972,0.7636363636363637,0.016515926071569,0.0323325635103926,0.6955268383026123,0.0059670209884643,0.0039999999999999,0.6955268383026123,0.4972,0.0039999999999999
imdb,noniid,4,2025,2,3,0.58975,0.00506,0.5447562776957164,-0.0975619664743795,0.8578222222222223,-0.0227999999999999,,0.4972,0.7636363636363637,0.016515926071569,0.0323325635103926,0.6955268383026123,0.0173496603965759,0.0053999999999999,0.6955268383026123,0.4972,0.0053999999999999
imdb,noniid,4,2025,3,0,0.6139859999999999,-0.0861340000000001,0.6589722451222864,-0.0463542153588133,0.8540666666666665,0.0247555555555554,,0.6156,0.8237747653806048,0.3106567046795124,0.4511707595659623,0.6344008445739746,-0.0068137645721435,-0.0145999999999999,0.6344008445739746,0.6156,-0.0145999999999999
imdb,noniid,4,2025,3,1,0.6139859999999999,-0.15841,0.6589722451222864,-0.1095287036443171,0.8540666666666665,0.0065777777777775,,0.6156,0.8237747653806048,0.3106567046795124,0.4511707595659623,0.6344008445739746,0.0142601132392883,0.0246,0.6344008445739746,0.6156,0.0246
imdb,noniid,4,2025,3,2,0.6139859999999999,-0.157402,0.6589722451222864,-0.2606028686865148,0.8540666666666665,0.0305777777777775,,0.6156,0.8237747653806048,0.3106567046795124,0.4511707595659623,0.6344008445739746,0.0001929998397827,0.0071999999999999,0.6344008445739746,0.6156,0.0071999999999999
imdb,noniid,4,2025,3,3,0.6139859999999999,0.0035999999999999,0.6589722451222864,-0.045378342365805,0.8540666666666665,-0.0068444444444446,,0.6156,0.8237747653806048,0.3106567046795124,0.4511707595659623,0.6344008445739746,0.022579550743103,0.0466,0.6344008445739746,0.6156,0.0466
imdb,noniid,4,2025,4,0,0.637598,-0.063386,0.7190363969625556,-0.0344142119684321,0.822311111111111,0.0043777777777775,,0.7002,0.8484646194926568,0.4998033818324813,0.6290522147983173,0.5722679495811462,-0.0034795999526977,-0.004,0.5722679495811462,0.7002,-0.004
imdb,noniid,4,2025,4,1,0.637598,-0.1123199999999999,0.7190363969625556,-0.0551945954924647,0.822311111111111,0.0074888888888888,,0.7002,0.8484646194926568,0.4998033818324813,0.6290522147983173,0.5722679495811462,0.0148771405220031,0.0126,0.5722679495811462,0.7002,0.0126
imdb,noniid,4,2025,4,2,0.637598,-0.1266359999999999,0.7190363969625556,-0.1824485722514972,0.822311111111111,0.0126444444444442,,0.7002,0.8484646194926568,0.4998033818324813,0.6290522147983173,0.5722679495811462,-0.0063303112983703,-0.0063999999999999,0.5722679495811462,0.7002,-0.0063999999999999
imdb,noniid,4,2025,4,3,0.637598,0.001684,0.7190363969625556,-0.0296314538367339,0.822311111111111,-0.0024666666666668,,0.7002,0.8484646194926568,0.4998033818324813,0.6290522147983173,0.5722679495811462,0.0240910649299621,0.028,0.5722679495811462,0.7002,0.028
imdb,noniid,4,2025,5,0,0.662886,-0.04761,0.7637249871729092,-0.03237102970918,0.7960666666666665,-0.0080222222222223,,0.7418,0.8605990783410138,0.587495084545812,0.698293993923814,0.5272558331489563,-0.0002565383911132,0.0006,0.5272558331489563,0.7418,0.0006
imdb,noniid,4,2025,5,1,0.662886,-0.082004,0.7637249871729092,-0.0327914629238561,0.7960666666666665,-0.0141333333333335,,0.7418,0.8605990783410138,0.587495084545812,0.698293993923814,0.5272558331489563,0.0124011039733886,0.008,0.5272558331489563,0.7418,0.008
imdb,noniid,4,2025,5,2,0.662886,-0.0948999999999999,0.7637249871729092,-0.1083680360829048,0.7960666666666665,-0.014577777777778,,0.7418,0.8605990783410138,0.587495084545812,0.698293993923814,0.5272558331489563,-0.0103870034217834,-0.0098,0.5272558331489563,0.7418,-0.0098
imdb,noniid,4,2025,5,3,0.662886,0.0062539999999999,0.7637249871729092,-0.0180983264031563,0.7960666666666665,-0.0229333333333332,,0.7418,0.8605990783410138,0.587495084545812,0.698293993923814,0.5272558331489563,0.0208005905151367,0.02,0.5272558331489563,0.7418,0.02
imdb,noniid,4,2025,6,0,0.68466,-0.0364339999999999,0.7992433795712485,-0.0247731835757494,0.8211888888888887,0.0044666666666666,,0.7674,0.8582554517133957,0.6500196618167519,0.7397628104721414,0.4956873655319214,0.0014501810073852,0.0008,0.4956873655319214,0.7674,0.0008
imdb,noniid,4,2025,6,1,0.68466,-0.0599199999999999,0.7992433795712485,-0.0181106643494799,0.8211888888888887,0.0514888888888886,,0.7674,0.8582554517133957,0.6500196618167519,0.7397628104721414,0.4956873655319214,0.0102214217185974,0.0057999999999999,0.4956873655319214,0.7674,0.0057999999999999
imdb,noniid,4,2025,6,2,0.68466,-0.067172,0.7992433795712485,-0.0679845997033629,0.8211888888888887,0.0348666666666666,,0.7674,0.8582554517133957,0.6500196618167519,0.7397628104721414,0.4956873655319214,-0.0114825367927551,-0.012,0.4956873655319214,0.7674,-0.012
imdb,noniid,4,2025,6,3,0.68466,0.008446,0.7992433795712485,-0.0168768390079865,0.8211888888888887,-0.0068666666666667,,0.7674,0.8582554517133957,0.6500196618167519,0.7397628104721414,0.4956873655319214,0.0169436335563659,0.015,0.4956873655319214,0.7674,0.015
imdb,noniid,4,2025,7,0,0.7026060000000001,-0.0296499999999999,0.8161434977578476,-0.0235706421094317,0.6944666666666666,-0.0310222222222225,,0.7844,0.8578407425500733,0.6905230043255997,0.7651416122004358,0.4728082418441772,0.0023181140422821,-0.0004,0.4728082418441772,0.7844,-0.0004
imdb,noniid,4,2025,7,1,0.7026060000000001,-0.0449919999999999,0.8161434977578476,-0.0196305608195582,0.6944666666666666,-0.0110888888888889,,0.7844,0.8578407425500733,0.6905230043255997,0.7651416122004358,0.4728082418441772,0.0088352262973785,0.005,0.4728082418441772,0.7844,0.005
imdb,noniid,4,2025,7,2,0.7026060000000001,-0.0500259999999999,0.8161434977578476,-0.0357424268051699,0.6944666666666666,-0.0651333333333334,,0.7844,0.8578407425500733,0.6905230043255997,0.7651416122004358,0.4728082418441772,-0.0112082362174987,-0.0098,0.4728082418441772,0.7844,-0.0098
imdb,noniid,4,2025,7,3,0.7026060000000001,0.0112579999999999,0.8161434977578476,-0.0115887065290007,0.6944666666666666,-0.0493333333333334,,0.7844,0.8578407425500733,0.6905230043255997,0.7651416122004358,0.4728082418441772,0.0141112804412841,0.007,0.4728082418441772,0.7844,0.007
imdb,noniid,4,2025,8,0,0.7163539999999999,-0.024388,0.8349826818406729,-0.0154209508535753,0.8108666666666666,0.0187555555555554,,0.7964,0.8568086102012167,0.7200157294534015,0.7824786324786325,0.4554720818996429,0.0027295649051666,0.0051999999999999,0.4554720818996429,0.7964,0.0051999999999999
imdb,noniid,4,2025,8,1,0.7163539999999999,-0.035226,0.8349826818406729,-0.0127147712079507,0.8108666666666666,-0.0252666666666665,,0.7964,0.8568086102012167,0.7200157294534015,0.7824786324786325,0.4554720818996429,0.0078935027122497,0.0063999999999999,0.4554720818996429,0.7964,0.0063999999999999
imdb,noniid,4,2025,8,2,0.7163539999999999,-0.035474,0.8349826818406729,-0.0252961671655567,0.8108666666666666,0.0428444444444444,,0.7964,0.8568086102012167,0.7200157294534015,0.7824786324786325,0.4554720818996429,-0.0104683637619018,-0.0088,0.4554720818996429,0.7964,-0.0088
imdb,noniid,4,2025,8,3,0.7163539999999999,0.0103659999999998,0.8349826818406729,0.0021229556717243,0.8108666666666666,-0.0189888888888889,,0.7964,0.8568086102012167,0.7200157294534015,0.7824786324786325,0.4554720818996429,0.0120931565761566,0.0066,0.4554720818996429,0.7964,0.0066
imdb,noniid,4,2025,9,0,0.727726,-0.021882,0.8473826492995822,-0.0127730122620547,0.7295777777777777,-0.0424222222222221,,0.8052,0.8551380715255772,0.7428234368855682,0.79503367003367,0.4418713748455047,0.0028910636901855,0.0026,0.4418713748455047,0.8052,0.0026
imdb,noniid,4,2025,9,1,0.727726,-0.0288899999999999,0.8473826492995822,-0.0117186454452768,0.7295777777777777,-0.0315111111111112,,0.8052,0.8551380715255772,0.7428234368855682,0.79503367003367,0.4418713748455047,0.0071981549263,0.004,0.4418713748455047,0.8052,0.004
imdb,noniid,4,2025,9,2,0.727726,-0.0272839999999999,0.8473826492995822,-0.0233812794769829,0.7295777777777777,-0.0280666666666666,,0.8052,0.8551380715255772,0.7428234368855682,0.79503367003367,0.4418713748455047,-0.0095430016517639,-0.0093999999999999,0.4418713748455047,0.8052,-0.0093999999999999
imdb,noniid,4,2025,9,3,0.727726,0.008606,0.8473826492995822,0.0005266655267627,0.7295777777777777,-0.0411555555555556,,0.8052,0.8551380715255772,0.7428234368855682,0.79503367003367,0.4418713748455047,0.010691612958908,0.0044,0.4418713748455047,0.8052,0.0044
imdb,noniid,4,2025,10,0,0.7370639999999999,-0.019666,0.8550122249388753,-0.0120700693254638,0.8046444444444445,0.0143555555555554,,0.8138,0.855379188712522,0.7628784899724734,0.8064851382249013,0.4309009909629822,0.0029515624046325,0.0043999999999999,0.4309009909629822,0.8138,0.0043999999999999
imdb,noniid,4,2025,10,1,0.7370639999999999,-0.02428,0.8550122249388753,-0.0129978506278752,0.8046444444444445,0.014622222222222,,0.8138,0.855379188712522,0.7628784899724734,0.8064851382249013,0.4309009909629822,0.0067277550697326,0.0031999999999999,0.4309009909629822,0.8138,0.0031999999999999
imdb,noniid,4,2025,10,2,0.7370639999999999,-0.021126,0.8550122249388753,-0.013291346489696,0.8046444444444445,-0.0463555555555554,,0.8138,0.855379188712522,0.7628784899724734,0.8064851382249013,0.4309009909629822,-0.0086124241352081,-0.0048,0.4309009909629822,0.8138,-0.0048
imdb,noniid,4,2025,10,3,0.7370639999999999,0.0061819999999999,0.8550122249388753,-0.0034570347850895,0.8046444444444445,-0.003111111111111,,0.8138,0.855379188712522,0.7628784899724734,0.8064851382249013,0.4309009909629822,0.0097104310989379,0.0027999999999999,0.4309009909629822,0.8138,0.0027999999999999
imdb,noniid,20,9928,1,0,0.637954,0.021598,0.5087585681645087,0.0583887744704643,0.8335777777777778,0.0023555555555554,,0.5086,0.5086,1.0,0.6742675328118786,0.6988914012908936,-0.0042470693588256,-0.0,0.6988914012908936,0.5086,-0.0
imdb,noniid,20,9928,1,1,0.637954,0.0229599999999999,0.5087585681645087,0.0606032283586834,0.8335777777777778,0.0023111111111111,,0.5086,0.5086,1.0,0.6742675328118786,0.6988914012908936,-0.0041060447692871,-0.0,0.6988914012908936,0.5086,-0.0
imdb,noniid,20,9928,1,2,0.637954,0.029434,0.5087585681645087,0.0773708603948913,0.8335777777777778,0.0025999999999999,,0.5086,0.5086,1.0,0.6742675328118786,0.6988914012908936,-0.0040119290351867,-0.0,0.6988914012908936,0.5086,-0.0
imdb,noniid,20,9928,1,3,0.637954,0.0218600000000001,0.5087585681645087,0.0549214041598339,0.8335777777777778,0.0010888888888889,,0.5086,0.5086,1.0,0.6742675328118786,0.6988914012908936,-0.0041756629943847,-0.0,0.6988914012908936,0.5086,-0.0
imdb,noniid,20,9928,1,4,0.637954,0.025074,0.5087585681645087,0.0681396126519361,0.8335777777777778,0.0022666666666666,,0.5086,0.5086,1.0,0.6742675328118786,0.6988914012908936,-0.0040405392646789,-0.0,0.6988914012908936,0.5086,-0.0
imdb,noniid,20,9928,1,5,0.637954,0.02505,0.5087585681645087,0.0689133070426518,0.8335777777777778,0.0020888888888888,,0.5086,0.5086,1.0,0.6742675328118786,0.6988914012908936,-0.0038230419158935,-0.0,0.6988914012908936,0.5086,-0.0
imdb,noniid,20,9928,1,6,0.637954,0.0308439999999999,0.5087585681645087,0.0786967443623448,0.8335777777777778,0.0027999999999999,,0.5086,0.5086,1.0,0.6742675328118786,0.6988914012908936,-0.0038632750511169,-0.0,0.6988914012908936,0.5086,-0.0
imdb,noniid,20,9928,1,7,0.637954,0.02754,0.5087585681645087,0.0707260352442918,0.8335777777777778,0.0024444444444444,,0.5086,0.5086,1.0,0.6742675328118786,0.6988914012908936,-0.0040298700332641,-0.0,0.6988914012908936,0.5086,-0.0
imdb,noniid,20,9928,1,8,0.637954,0.043016,0.5087585681645087,0.1073664567955992,0.8335777777777778,0.0027555555555556,,0.5086,0.5086,1.0,0.6742675328118786,0.6988914012908936,-0.004086434841156,-0.0,0.6988914012908936,0.5086,-0.0
imdb,noniid,20,9928,1,9,0.637954,0.0249899999999999,0.5087585681645087,0.0690229538565771,0.8335777777777778,0.0029333333333332,,0.5086,0.5086,1.0,0.6742675328118786,0.6988914012908936,-0.004023253917694,-0.0,0.6988914012908936,0.5086,-0.0
imdb,noniid,20,9928,1,10,0.637954,0.023334,0.5087585681645087,0.0644005915108122,0.8335777777777778,0.0021111111111111,,0.5086,0.5086,1.0,0.6742675328118786,0.6988914012908936,-0.0044557452201843,-0.0,0.6988914012908936,0.5086,-0.0
imdb,noniid,20,9928,1,11,0.637954,0.02249,0.5087585681645087,0.0561639524797642,0.8335777777777778,0.0008888888888889,,0.5086,0.5086,1.0,0.6742675328118786,0.6988914012908936,-0.0039585828781127,-0.0,0.6988914012908936,0.5086,-0.0
imdb,noniid,20,9928,1,12,0.637954,0.021094,0.5087585681645087,0.058153335833388,0.8335777777777778,0.0015333333333333,,0.5086,0.5086,1.0,0.6742675328118786,0.6988914012908936,-0.0037115812301635,-0.0,0.6988914012908936,0.5086,-0.0
imdb,noniid,20,9928,1,13,0.637954,0.026858,0.5087585681645087,0.0681855910061656,0.8335777777777778,0.0014,,0.5086,0.5086,1.0,0.6742675328118786,0.6988914012908936,-0.004309594631195,-0.0,0.6988914012908936,0.5086,-0.0
imdb,noniid,20,9928,1,14,0.637954,0.0226499999999999,0.5087585681645087,0.0607243135907445,0.8335777777777778,0.0032444444444443,,0.5086,0.5086,1.0,0.6742675328118786,0.6988914012908936,-0.0036956071853637,-0.0,0.6988914012908936,0.5086,-0.0
imdb,noniid,20,9928,1,15,0.637954,0.03073,0.5087585681645087,0.0826178102372078,0.8335777777777778,0.0030444444444444,,0.5086,0.5086,1.0,0.6742675328118786,0.6988914012908936,-0.0037788152694702,-0.0,0.6988914012908936,0.5086,-0.0
imdb,noniid,20,9928,1,16,0.637954,0.030946,0.5087585681645087,0.0800766972715825,0.8335777777777778,0.002188888888889,,0.5086,0.5086,1.0,0.6742675328118786,0.6988914012908936,-0.0038816332817077,-0.0,0.6988914012908936,0.5086,-0.0
imdb,noniid,20,9928,1,17,0.637954,0.0272139999999999,0.5087585681645087,0.0679233013431629,0.8335777777777778,0.0028222222222222,,0.5086,0.5086,1.0,0.6742675328118786,0.6988914012908936,-0.0039897561073303,-0.0,0.6988914012908936,0.5086,-0.0
imdb,noniid,20,9928,1,18,0.637954,0.026992,0.5087585681645087,0.0687895518980485,0.8335777777777778,0.0014444444444443,,0.5086,0.5086,1.0,0.6742675328118786,0.6988914012908936,-0.0042585730552673,-0.0,0.6988914012908936,0.5086,-0.0
imdb,noniid,20,9928,1,19,0.637954,0.027316,0.5087585681645087,0.0707260352442918,0.8335777777777778,0.0017111111111112,,0.5086,0.5086,1.0,0.6742675328118786,0.6988914012908936,-0.0038602948188781,-0.0,0.6988914012908936,0.5086,-0.0
imdb,noniid,20,9928,2,0,0.642126,0.021274,0.5509242479159115,0.064695823384145,0.9302444444444444,-0.0011999999999998,,0.5086,0.5086,1.0,0.6742675328118786,0.7101798057556152,-0.0040110349655151,-0.0,0.7101798057556152,0.5086,-0.0
imdb,noniid,20,9928,2,1,0.642126,0.022086,0.5509242479159115,0.0654196607599482,0.9302444444444444,-0.0017555555555555,,0.5086,0.5086,1.0,0.6742675328118786,0.7101798057556152,-0.0036922097206115,-0.0,0.7101798057556152,0.5086,-0.0
imdb,noniid,20,9928,2,2,0.642126,0.028926,0.5509242479159115,0.0832296811024019,0.9302444444444444,-0.0010444444444444,,0.5086,0.5086,1.0,0.6742675328118786,0.7101798057556152,-0.0037170052528381,-0.0,0.7101798057556152,0.5086,-0.0
imdb,noniid,20,9928,2,3,0.642126,0.0207979999999999,0.5509242479159115,0.0611881775346798,0.9302444444444444,-0.0001777777777776,,0.5086,0.5086,1.0,0.6742675328118786,0.7101798057556152,-0.0038743615150451,-0.0,0.7101798057556152,0.5086,-0.0
imdb,noniid,20,9928,2,4,0.642126,0.0247439999999999,0.5509242479159115,0.0705861369273044,0.9302444444444444,2.222222222214576e-05,,0.5086,0.5086,1.0,0.6742675328118786,0.7101798057556152,-0.0037546753883361,-0.0,0.7101798057556152,0.5086,-0.0
imdb,noniid,20,9928,2,5,0.642126,0.0262099999999999,0.5509242479159115,0.0713361640615533,0.9302444444444444,-0.0006666666666668,,0.5086,0.5086,1.0,0.6742675328118786,0.7101798057556152,-0.003402292728424,-0.0,0.7101798057556152,0.5086,-0.0
imdb,noniid,20,9928,2,6,0.642126,0.02922,0.5509242479159115,0.0843555484302392,0.9302444444444444,-0.0008222222222222,,0.5086,0.5086,1.0,0.6742675328118786,0.7101798057556152,-0.0034476518630981,-0.0,0.7101798057556152,0.5086,-0.0
imdb,noniid,20,9928,2,7,0.642126,0.02746,0.5509242479159115,0.0775688638659299,0.9302444444444444,-0.0022222222222223,,0.5086,0.5086,1.0,0.6742675328118786,0.7101798057556152,-0.0037371516227722,-0.0,0.7101798057556152,0.5086,-0.0
imdb,noniid,20,9928,2,8,0.642126,0.0431159999999999,0.5509242479159115,0.1178933949213562,0.9302444444444444,-0.0015333333333333,,0.5086,0.5086,1.0,0.6742675328118786,0.7101798057556152,-0.0037077069282531,-0.0,0.7101798057556152,0.5086,-0.0
imdb,noniid,20,9928,2,9,0.642126,0.0243799999999999,0.5509242479159115,0.0692236933872609,0.9302444444444444,0.0009555555555555,,0.5086,0.5086,1.0,0.6742675328118786,0.7101798057556152,-0.0036115646362304,-0.0,0.7101798057556152,0.5086,-0.0
imdb,noniid,20,9928,2,10,0.642126,0.022664,0.5509242479159115,0.0678734004582844,0.9302444444444444,-0.0008444444444444,,0.5086,0.5086,1.0,0.6742675328118786,0.7101798057556152,-0.0040920376777648,-0.0,0.7101798057556152,0.5086,-0.0
imdb,noniid,20,9928,2,11,0.642126,0.0207299999999999,0.5509242479159115,0.0630387853608454,0.9302444444444444,0.0011333333333334,,0.5086,0.5086,1.0,0.6742675328118786,0.7101798057556152,-0.0035350918769836,-0.0,0.7101798057556152,0.5086,-0.0
imdb,noniid,20,9928,2,12,0.642126,0.0204659999999999,0.5509242479159115,0.063433445855573,0.9302444444444444,-0.0016444444444445,,0.5086,0.5086,1.0,0.6742675328118786,0.7101798057556152,-0.0032572150230407,-0.0,0.7101798057556152,0.5086,-0.0
imdb,noniid,20,9928,2,13,0.642126,0.0271759999999999,0.5509242479159115,0.0764475677837044,0.9302444444444444,-0.001688888888889,,0.5086,0.5086,1.0,0.6742675328118786,0.7101798057556152,-0.0041353702545166,-0.0,0.7101798057556152,0.5086,-0.0
imdb,noniid,20,9928,2,14,0.642126,0.0231019999999999,0.5509242479159115,0.0654623414013734,0.9302444444444444,-0.0001555555555556,,0.5086,0.5086,1.0,0.6742675328118786,0.7101798057556152,-0.0032216310501098,-0.0,0.7101798057556152,0.5086,-0.0
imdb,noniid,20,9928,2,15,0.642126,0.0322599999999999,0.5509242479159115,0.0900355222456948,0.9302444444444444,-0.0019111111111109,,0.5086,0.5086,1.0,0.6742675328118786,0.7101798057556152,-0.0033385753631591,-0.0,0.7101798057556152,0.5086,-0.0
imdb,noniid,20,9928,2,16,0.642126,0.0297199999999999,0.5509242479159115,0.0860890830807467,0.9302444444444444,-0.0016222222222221,,0.5086,0.5086,1.0,0.6742675328118786,0.7101798057556152,-0.0035309195518493,-0.0,0.7101798057556152,0.5086,-0.0
imdb,noniid,20,9928,2,17,0.642126,0.027244,0.5509242479159115,0.0759242479159115,0.9302444444444444,-0.0016888888888888,,0.5086,0.5086,1.0,0.6742675328118786,0.7101798057556152,-0.003680944442749,-0.0,0.7101798057556152,0.5086,-0.0
imdb,noniid,20,9928,2,18,0.642126,0.0267439999999999,0.5509242479159115,0.0755385021407462,0.9302444444444444,-0.0019111111111111,,0.5086,0.5086,1.0,0.6742675328118786,0.7101798057556152,-0.004118800163269,-0.0,0.7101798057556152,0.5086,-0.0
imdb,noniid,20,9928,2,19,0.642126,0.0270779999999999,0.5509242479159115,0.0775492938211631,0.9302444444444444,-0.0017777777777778,,0.5086,0.5086,1.0,0.6742675328118786,0.7101798057556152,-0.003411054611206,-0.0,0.7101798057556152,0.5086,-0.0
imdb,noniid,20,9928,3,0,0.6458079999999999,0.0202759999999999,0.5728695652173913,0.0507518362031105,0.8265333333333333,0.0024888888888887,,0.5086,0.5086,1.0,0.6742675328118786,0.7153682708740234,-0.0006107687950134,-0.0,0.7153682708740234,0.5086,-0.0
imdb,noniid,20,9928,3,1,0.6458079999999999,0.0222899999999999,0.5728695652173913,0.0520072564552216,0.8265333333333333,0.000911111111111,,0.5086,0.5086,1.0,0.6742675328118786,0.7153682708740234,-0.0003578662872314,-0.0,0.7153682708740234,0.5086,-0.0
imdb,noniid,20,9928,3,2,0.6458079999999999,0.0283599999999999,0.5728695652173913,0.066452638405043,0.8265333333333333,0.0005999999999999,,0.5086,0.5086,1.0,0.6742675328118786,0.7153682708740234,-0.0006425380706787,-0.0,0.7153682708740234,0.5086,-0.0
imdb,noniid,20,9928,3,3,0.6458079999999999,0.0192539999999998,0.5728695652173913,0.0481308892592031,0.8265333333333333,0.0018444444444445,,0.5086,0.5086,1.0,0.6742675328118786,0.7153682708740234,-0.0004994869232177,-0.0,0.7153682708740234,0.5086,-0.0
imdb,noniid,20,9928,3,4,0.6458079999999999,0.0236419999999999,0.5728695652173913,0.0577811156856534,0.8265333333333333,-0.0004444444444444,,0.5086,0.5086,1.0,0.6742675328118786,0.7153682708740234,-0.0006643533706665,-0.0,0.7153682708740234,0.5086,-0.0
imdb,noniid,20,9928,3,5,0.6458079999999999,0.0247979999999998,0.5728695652173913,0.0579390096618357,0.8265333333333333,-0.0010333333333332,,0.5086,0.5086,1.0,0.6742675328118786,0.7153682708740234,-0.0003384947776794,-0.0,0.7153682708740234,0.5086,-0.0
imdb,noniid,20,9928,3,6,0.6458079999999999,0.0290919999999998,0.5728695652173913,0.0655778985507246,0.8265333333333333,-0.0014666666666665,,0.5086,0.5086,1.0,0.6742675328118786,0.7153682708740234,-0.0003782510757446,-0.0,0.7153682708740234,0.5086,-0.0
imdb,noniid,20,9928,3,7,0.6458079999999999,0.027034,0.5728695652173913,0.0628140867153108,0.8265333333333333,0.0017111111111112,,0.5086,0.5086,1.0,0.6742675328118786,0.7153682708740234,-0.0005837082862854,-0.0,0.7153682708740234,0.5086,-0.0
imdb,noniid,20,9928,3,8,0.6458079999999999,0.04142,0.5728695652173913,0.0988950736627549,0.8265333333333333,-0.0042444444444444,,0.5086,0.5086,1.0,0.6742675328118786,0.7153682708740234,-0.0003671646118164,-0.0,0.7153682708740234,0.5086,-0.0
imdb,noniid,20,9928,3,9,0.6458079999999999,0.0231719999999999,0.5728695652173913,0.0578869868201787,0.8265333333333333,0.0010666666666665,,0.5086,0.5086,1.0,0.6742675328118786,0.7153682708740234,-0.0003018379211425,-0.0,0.7153682708740234,0.5086,-0.0
imdb,noniid,20,9928,3,10,0.6458079999999999,0.0225999999999999,0.5728695652173913,0.0533845269432089,0.8265333333333333,0.0005111111111111,,0.5086,0.5086,1.0,0.6742675328118786,0.7153682708740234,-0.0003312826156616,-0.0,0.7153682708740234,0.5086,-0.0
imdb,noniid,20,9928,3,11,0.6458079999999999,0.0192519999999999,0.5728695652173913,0.0506900332579082,0.8265333333333333,0.0005333333333332,,0.5086,0.5086,1.0,0.6742675328118786,0.7153682708740234,-0.0003755092620849,-0.0,0.7153682708740234,0.5086,-0.0
imdb,noniid,20,9928,3,12,0.6458079999999999,0.0197839999999999,0.5728695652173913,0.0517378851615059,0.8265333333333333,0.0008222222222222,,0.5086,0.5086,1.0,0.6742675328118786,0.7153682708740234,-0.0002804994583129,-0.0,0.7153682708740234,0.5086,-0.0
imdb,noniid,20,9928,3,13,0.6458079999999999,0.0255479999999999,0.5728695652173913,0.0601915520183639,0.8265333333333333,0.0006777777777777,,0.5086,0.5086,1.0,0.6742675328118786,0.7153682708740234,-0.0007752180099487,-0.0,0.7153682708740234,0.5086,-0.0
imdb,noniid,20,9928,3,14,0.6458079999999999,0.0222219999999999,0.5728695652173913,0.0531900110550784,0.8265333333333333,0.0012666666666667,,0.5086,0.5086,1.0,0.6742675328118786,0.7153682708740234,-0.0002340674400329,-0.0,0.7153682708740234,0.5086,-0.0
imdb,noniid,20,9928,3,15,0.6458079999999999,0.0312559999999999,0.5728695652173913,0.0693852446599,0.8265333333333333,-0.0002222222222221,,0.5086,0.5086,1.0,0.6742675328118786,0.7153682708740234,-0.0002796649932861,-0.0,0.7153682708740234,0.5086,-0.0
imdb,noniid,20,9928,3,16,0.6458079999999999,0.0295839999999999,0.5728695652173913,0.0662677584071064,0.8265333333333333,-0.0007777777777777,,0.5086,0.5086,1.0,0.6742675328118786,0.7153682708740234,-0.0005041360855102,-0.0,0.7153682708740234,0.5086,-0.0
imdb,noniid,20,9928,3,17,0.6458079999999999,0.0249719999999999,0.5728695652173913,0.0619434465909605,0.8265333333333333,0.0012222222222222,,0.5086,0.5086,1.0,0.6742675328118786,0.7153682708740234,-0.0006042122840881,-0.0,0.7153682708740234,0.5086,-0.0
imdb,noniid,20,9928,3,18,0.6458079999999999,0.026046,0.5728695652173913,0.060022342995169,0.8265333333333333,0.0011777777777779,,0.5086,0.5086,1.0,0.6742675328118786,0.7153682708740234,-0.0009483695030212,-0.0,0.7153682708740234,0.5086,-0.0
imdb,noniid,20,9928,3,19,0.6458079999999999,0.0277179999999999,0.5728695652173913,0.0633308902260628,0.8265333333333333,0.0011777777777777,,0.5086,0.5086,1.0,0.6742675328118786,0.7153682708740234,-0.0002998113632202,-0.0,0.7153682708740234,0.5086,-0.0
imdb,noniid,20,9928,4,0,0.6496500000000001,0.018898,0.596661101836394,0.0348895400648322,0.9228666666666668,-0.000288888888889,,0.5086,0.5086,1.0,0.6742675328118786,0.7123544216156006,0.0029457211494445,-0.0,0.7123544216156006,0.5086,-0.0
imdb,noniid,20,9928,4,1,0.6496500000000001,0.021666,0.596661101836394,0.0343277685030606,0.9228666666666668,-0.0012666666666665,,0.5086,0.5086,1.0,0.6742675328118786,0.7123544216156006,0.0030348300933837,-0.0,0.7123544216156006,0.5086,-0.0
imdb,noniid,20,9928,4,2,0.6496500000000001,0.027976,0.596661101836394,0.0537000972098242,0.9228666666666668,-0.0008888888888889,,0.5086,0.5086,1.0,0.6742675328118786,0.7123544216156006,0.0025372505187988,-0.0,0.7123544216156006,0.5086,-0.0
imdb,noniid,20,9928,4,3,0.6496500000000001,0.0186440000000001,0.596661101836394,0.033036851336727,0.9228666666666668,-0.0012666666666665,,0.5086,0.5086,1.0,0.6742675328118786,0.7123544216156006,0.0029981136322021,-0.0,0.7123544216156006,0.5086,-0.0
imdb,noniid,20,9928,4,4,0.6496500000000001,0.023152,0.596661101836394,0.0451880796583072,0.9228666666666668,-0.0001555555555554,,0.5086,0.5086,1.0,0.6742675328118786,0.7123544216156006,0.0025361776351928,-0.0,0.7123544216156006,0.5086,-0.0
imdb,noniid,20,9928,4,5,0.6496500000000001,0.0235640000000001,0.596661101836394,0.0454852157814088,0.9228666666666668,-0.0015555555555555,,0.5086,0.5086,1.0,0.6742675328118786,0.7123544216156006,0.0027827620506286,-0.0,0.7123544216156006,0.5086,-0.0
imdb,noniid,20,9928,4,6,0.6496500000000001,0.02814,0.596661101836394,0.0548705501350395,0.9228666666666668,-0.0019333333333333,,0.5086,0.5086,1.0,0.6742675328118786,0.7123544216156006,0.0027403235435485,-0.0,0.7123544216156006,0.5086,-0.0
imdb,noniid,20,9928,4,7,0.6496500000000001,0.0266520000000001,0.596661101836394,0.0526452759214582,0.9228666666666668,-0.0027999999999999,,0.5086,0.5086,1.0,0.6742675328118786,0.7123544216156006,0.0026771426200866,-0.0,0.7123544216156006,0.5086,-0.0
imdb,noniid,20,9928,4,8,0.6496500000000001,0.03958,0.596661101836394,0.0756832359625915,0.9228666666666668,-0.0041777777777776,,0.5086,0.5086,1.0,0.6742675328118786,0.7123544216156006,0.0030567049980163,-0.0,0.7123544216156006,0.5086,-0.0
imdb,noniid,20,9928,4,9,0.6496500000000001,0.0225600000000001,0.596661101836394,0.0446504670740144,0.9228666666666668,-0.0021777777777778,,0.5086,0.5086,1.0,0.6742675328118786,0.7123544216156006,0.003084123134613,-0.0,0.7123544216156006,0.5086,-0.0
imdb,noniid,20,9928,4,10,0.6496500000000001,0.020826,0.596661101836394,0.0394041111572994,0.9228666666666668,-0.003111111111111,,0.5086,0.5086,1.0,0.6742675328118786,0.7123544216156006,0.0035018920898437,-0.0,0.7123544216156006,0.5086,-0.0
imdb,noniid,20,9928,4,11,0.6496500000000001,0.01896,0.596661101836394,0.0342028520033946,0.9228666666666668,-0.000911111111111,,0.5086,0.5086,1.0,0.6742675328118786,0.7123544216156006,0.0028254389762878,-0.0,0.7123544216156006,0.5086,-0.0
imdb,noniid,20,9928,4,12,0.6496500000000001,0.020232,0.596661101836394,0.0363939899833054,0.9228666666666668,-0.0019777777777776,,0.5086,0.5086,1.0,0.6742675328118786,0.7123544216156006,0.0027366280555725,-0.0,0.7123544216156006,0.5086,-0.0
imdb,noniid,20,9928,4,13,0.6496500000000001,0.025746,0.596661101836394,0.0502455088400279,0.9228666666666668,-0.0018222222222221,,0.5086,0.5086,1.0,0.6742675328118786,0.7123544216156006,0.0027607083320617,-0.0,0.7123544216156006,0.5086,-0.0
imdb,noniid,20,9928,4,14,0.6496500000000001,0.020306,0.596661101836394,0.0363277685030606,0.9228666666666668,-0.0024000000000001,,0.5086,0.5086,1.0,0.6742675328118786,0.7123544216156006,0.0027824640274047,-0.0,0.7123544216156006,0.5086,-0.0
imdb,noniid,20,9928,4,15,0.6496500000000001,0.029118,0.596661101836394,0.0601321762165593,0.9228666666666668,-0.0018222222222221,,0.5086,0.5086,1.0,0.6742675328118786,0.7123544216156006,0.0028243064880371,-0.0,0.7123544216156006,0.5086,-0.0
imdb,noniid,20,9928,4,16,0.6496500000000001,0.0289,0.596661101836394,0.0566281529072342,0.9228666666666668,-0.0023777777777778,,0.5086,0.5086,1.0,0.6742675328118786,0.7123544216156006,0.0026026368141174,-0.0,0.7123544216156006,0.5086,-0.0
imdb,noniid,20,9928,4,17,0.6496500000000001,0.02511,0.596661101836394,0.0510864651124838,0.9228666666666668,-0.0014444444444443,,0.5086,0.5086,1.0,0.6742675328118786,0.7123544216156006,0.00257009267807,-0.0,0.7123544216156006,0.5086,-0.0
imdb,noniid,20,9928,4,18,0.6496500000000001,0.0248140000000001,0.596661101836394,0.0492230853074683,0.9228666666666668,-0.001511111111111,,0.5086,0.5086,1.0,0.6742675328118786,0.7123544216156006,0.0023933053016662,-0.0,0.7123544216156006,0.5086,-0.0
imdb,noniid,20,9928,4,19,0.6496500000000001,0.025866,0.596661101836394,0.0529749824826188,0.9228666666666668,-0.0012222222222222,,0.5086,0.5086,1.0,0.6742675328118786,0.7123544216156006,0.0028460621833801,-0.0,0.7123544216156006,0.5086,-0.0
imdb,noniid,20,9928,5,0,0.6534960000000001,0.0189760000000001,0.624031007751938,0.037591419062992,0.8691555555555557,0.0010222222222222,,0.509,0.5088035214085634,1.0,0.6744463598992176,0.7023171782493591,0.0057663321495056,0.0003999999999999,0.7023171782493591,0.509,0.0003999999999999
imdb,noniid,20,9928,5,1,0.6534960000000001,0.019222,0.624031007751938,0.039040629304215,0.8691555555555557,0.0007555555555556,,0.509,0.5088035214085634,1.0,0.6744463598992176,0.7023171782493591,0.0056543350219726,0.0003999999999999,0.7023171782493591,0.509,0.0003999999999999
imdb,noniid,20,9928,5,2,0.6534960000000001,0.026476,0.624031007751938,0.0450166993258648,0.8691555555555557,-0.0002222222222221,,0.509,0.5088035214085634,1.0,0.6744463598992176,0.7023171782493591,0.0050355195999145,0.0003999999999999,0.7023171782493591,0.509,0.0003999999999999
imdb,noniid,20,9928,5,3,0.6534960000000001,0.0180960000000001,0.624031007751938,0.0348887012951438,0.8691555555555557,-0.0006444444444444,,0.509,0.5088035214085634,1.0,0.6744463598992176,0.7023171782493591,0.0057510733604431,0.0003999999999999,0.7023171782493591,0.509,0.0003999999999999
imdb,noniid,20,9928,5,4,0.6534960000000001,0.0222900000000001,0.624031007751938,0.0408576232349834,0.8691555555555557,2.220446049250313e-16,,0.509,0.5088035214085634,1.0,0.6744463598992176,0.7023171782493591,0.0050495266914367,0.0003999999999999,0.7023171782493591,0.509,0.0003999999999999
imdb,noniid,20,9928,5,5,0.6534960000000001,0.0227,0.624031007751938,0.0413110077519379,0.8691555555555557,0.0001555555555556,,0.509,0.5088035214085634,1.0,0.6744463598992176,0.7023171782493591,0.0052130222320556,0.0003999999999999,0.7023171782493591,0.509,0.0003999999999999
imdb,noniid,20,9928,5,6,0.6534960000000001,0.02651,0.624031007751938,0.0442285228841456,0.8691555555555557,-0.0006888888888887,,0.509,0.5088035214085634,1.0,0.6744463598992176,0.7023171782493591,0.0051552653312683,0.0003999999999999,0.7023171782493591,0.509,0.0003999999999999
imdb,noniid,20,9928,5,7,0.6534960000000001,0.024988,0.624031007751938,0.0425318052001038,0.8691555555555557,0.0003777777777778,,0.509,0.5088035214085634,1.0,0.6744463598992176,0.7023171782493591,0.0052438378334045,0.0003999999999999,0.7023171782493591,0.509,0.0003999999999999
imdb,noniid,20,9928,5,8,0.6534960000000001,0.04009,0.624031007751938,0.0739680354597465,0.8691555555555557,-0.0014444444444443,,0.509,0.5088035214085634,1.0,0.6744463598992176,0.7023171782493591,0.0057302713394165,0.0003999999999999,0.7023171782493591,0.509,0.0003999999999999
imdb,noniid,20,9928,5,9,0.6534960000000001,0.021822,0.624031007751938,0.0438514054427654,0.8691555555555557,-4.444444444429152e-05,,0.509,0.5088035214085634,1.0,0.6744463598992176,0.7023171782493591,0.0057218670845031,0.0003999999999999,0.7023171782493591,0.509,0.0003999999999999
imdb,noniid,20,9928,5,10,0.6534960000000001,0.01922,0.624031007751938,0.0409649397596352,0.8691555555555557,-0.0008777777777777,,0.509,0.5088035214085634,1.0,0.6744463598992176,0.7023171782493591,0.0064496994018554,0.0003999999999999,0.7023171782493591,0.509,0.0003999999999999
imdb,noniid,20,9928,5,11,0.6534960000000001,0.019628,0.624031007751938,0.0374801712011014,0.8691555555555557,-0.0004222222222221,,0.509,0.5088035214085634,1.0,0.6744463598992176,0.7023171782493591,0.0052915811538696,0.0003999999999999,0.7023171782493591,0.509,0.0003999999999999
imdb,noniid,20,9928,5,12,0.6534960000000001,0.018566,0.624031007751938,0.0378796389918735,0.8691555555555557,-0.0006444444444444,,0.509,0.5088035214085634,1.0,0.6744463598992176,0.7023171782493591,0.0050777196884155,0.0003999999999999,0.7023171782493591,0.509,0.0003999999999999
imdb,noniid,20,9928,5,13,0.6534960000000001,0.02201,0.624031007751938,0.0429025410640195,0.8691555555555557,0.0025333333333334,,0.509,0.5088035214085634,1.0,0.6744463598992176,0.7023171782493591,0.005581796169281,0.0003999999999999,0.7023171782493591,0.509,0.0003999999999999
imdb,noniid,20,9928,5,14,0.6534960000000001,0.019978,0.624031007751938,0.0391981028676192,0.8691555555555557,-0.000911111111111,,0.509,0.5088035214085634,1.0,0.6744463598992176,0.7023171782493591,0.005112886428833,0.0003999999999999,0.7023171782493591,0.509,0.0003999999999999
imdb,noniid,20,9928,5,15,0.6534960000000001,0.0271240000000001,0.624031007751938,0.0465437628539787,0.8691555555555557,-0.0012444444444443,,0.509,0.5088035214085634,1.0,0.6744463598992176,0.7023171782493591,0.0052354335784912,0.0003999999999999,0.7023171782493591,0.509,0.0003999999999999
imdb,noniid,20,9928,5,16,0.6534960000000001,0.0261580000000001,0.624031007751938,0.0450501160321927,0.8691555555555557,-0.0001777777777776,,0.509,0.5088035214085634,1.0,0.6744463598992176,0.7023171782493591,0.0050307512283325,0.0003999999999999,0.7023171782493591,0.509,0.0003999999999999
imdb,noniid,20,9928,5,17,0.6534960000000001,0.0228620000000001,0.624031007751938,0.0438588687656453,0.8691555555555557,0.0006444444444444,,0.509,0.5088035214085634,1.0,0.6744463598992176,0.7023171782493591,0.0050625205039978,0.0003999999999999,0.7023171782493591,0.509,0.0003999999999999
imdb,noniid,20,9928,5,18,0.6534960000000001,0.0236340000000001,0.624031007751938,0.0434064060948315,0.8691555555555557,-0.0007555555555556,,0.509,0.5088035214085634,1.0,0.6744463598992176,0.7023171782493591,0.0050563216209411,0.0003999999999999,0.7023171782493591,0.509,0.0003999999999999
imdb,noniid,20,9928,5,19,0.6534960000000001,0.025292,0.624031007751938,0.0422128259337561,0.8691555555555557,-0.0011999999999998,,0.509,0.5088035214085634,1.0,0.6744463598992176,0.7023171782493591,0.0052713751792907,0.0003999999999999,0.7023171782493591,0.509,0.0003999999999999
imdb,noniid,20,9928,6,0,0.658362,0.019148,0.6472248353715898,0.0366985195821161,0.8955333333333335,0.0034444444444445,,0.5116,0.5101466747036367,0.9984270546598506,0.6752659574468085,0.6871339678764343,0.0077607035636901,0.0022,0.6871339678764343,0.5116,0.0022
imdb,noniid,20,9928,6,1,0.658362,0.0190759999999999,0.6472248353715898,0.0360278047498762,0.8955333333333335,0.0047333333333334,,0.5116,0.5101466747036367,0.9984270546598506,0.6752659574468085,0.6871339678764343,0.0074310302734375,0.0022,0.6871339678764343,0.5116,0.0022
imdb,noniid,20,9928,6,2,0.658362,0.02551,0.6472248353715898,0.0459357009332841,0.8955333333333335,0.0044888888888892,,0.5116,0.5101466747036367,0.9984270546598506,0.6752659574468085,0.6871339678764343,0.0067772269248962,0.0022,0.6871339678764343,0.5116,0.0022
imdb,noniid,20,9928,6,3,0.658362,0.01688,0.6472248353715898,0.0352521306569496,0.8955333333333335,0.0032222222222222,,0.5116,0.5101466747036367,0.9984270546598506,0.6752659574468085,0.6871339678764343,0.0076795816421508,0.0022,0.6871339678764343,0.5116,0.0022
imdb,noniid,20,9928,6,4,0.658362,0.02155,0.6472248353715898,0.0405109456272103,0.8955333333333335,0.0053777777777779,,0.5116,0.5101466747036367,0.9984270546598506,0.6752659574468085,0.6871339678764343,0.0068017840385437,0.0022,0.6871339678764343,0.5116,0.0022
imdb,noniid,20,9928,6,5,0.658362,0.021712,0.6472248353715898,0.0409401773309243,0.8955333333333335,0.0025111111111113,,0.5116,0.5101466747036367,0.9984270546598506,0.6752659574468085,0.6871339678764343,0.0068923830986022,0.0022,0.6871339678764343,0.5116,0.0022
imdb,noniid,20,9928,6,6,0.658362,0.027248,0.6472248353715898,0.0463651485432201,0.8955333333333335,0.0051555555555558,,0.5116,0.5101466747036367,0.9984270546598506,0.6752659574468085,0.6871339678764343,0.0068150758743286,0.0022,0.6871339678764343,0.5116,0.0022
imdb,noniid,20,9928,6,7,0.658362,0.02406,0.6472248353715898,0.0439038021612576,0.8955333333333335,0.0046000000000001,,0.5116,0.5101466747036367,0.9984270546598506,0.6752659574468085,0.6871339678764343,0.0070422887802124,0.0022,0.6871339678764343,0.5116,0.0022
imdb,noniid,20,9928,6,8,0.658362,0.03664,0.6472248353715898,0.0635377522909348,0.8955333333333335,0.0045111111111113,,0.5116,0.5101466747036367,0.9984270546598506,0.6752659574468085,0.6871339678764343,0.0075787305831909,0.0022,0.6871339678764343,0.5116,0.0022
imdb,noniid,20,9928,6,9,0.658362,0.0206279999999999,0.6472248353715898,0.0406014989432395,0.8955333333333335,0.0039555555555557,,0.5116,0.5101466747036367,0.9984270546598506,0.6752659574468085,0.6871339678764343,0.0075370073318481,0.0022,0.6871339678764343,0.5116,0.0022
imdb,noniid,20,9928,6,10,0.658362,0.019038,0.6472248353715898,0.0395634204812592,0.8955333333333335,0.0012222222222224,,0.5116,0.5101466747036367,0.9984270546598506,0.6752659574468085,0.6871339678764343,0.0084249377250671,0.0024,0.6871339678764343,0.5116,0.0024
imdb,noniid,20,9928,6,11,0.658362,0.019002,0.6472248353715898,0.0352845368641271,0.8955333333333335,0.003888888888889,,0.5116,0.5101466747036367,0.9984270546598506,0.6752659574468085,0.6871339678764343,0.0069664120674133,0.0022,0.6871339678764343,0.5116,0.0022
imdb,noniid,20,9928,6,12,0.658362,0.0191919999999999,0.6472248353715898,0.0374763100688887,0.8955333333333335,0.0018222222222223,,0.5116,0.5101466747036367,0.9984270546598506,0.6752659574468085,0.6871339678764343,0.0066903829574584,0.0022,0.6871339678764343,0.5116,0.0022
imdb,noniid,20,9928,6,13,0.658362,0.02271,0.6472248353715898,0.0423017584485129,0.8955333333333335,0.0045333333333335,,0.5116,0.5101466747036367,0.9984270546598506,0.6752659574468085,0.6871339678764343,0.0075834393501281,0.0022,0.6871339678764343,0.5116,0.0022
imdb,noniid,20,9928,6,14,0.658362,0.0191899999999999,0.6472248353715898,0.036887478516127,0.8955333333333335,0.0039111111111111,,0.5116,0.5101466747036367,0.9984270546598506,0.6752659574468085,0.6871339678764343,0.0067075490951538,0.0022,0.6871339678764343,0.5116,0.0022
imdb,noniid,20,9928,6,15,0.658362,0.0286859999999999,0.6472248353715898,0.0512125654329395,0.8955333333333335,0.0026888888888891,,0.5116,0.5101466747036367,0.9984270546598506,0.6752659574468085,0.6871339678764343,0.0068956017494201,0.0022,0.6871339678764343,0.5116,0.0022
imdb,noniid,20,9928,6,16,0.658362,0.0269099999999999,0.6472248353715898,0.0479601294892368,0.8955333333333335,0.0035777777777779,,0.5116,0.5101466747036367,0.9984270546598506,0.6752659574468085,0.6871339678764343,0.0067202448844909,0.0022,0.6871339678764343,0.5116,0.0022
imdb,noniid,20,9928,6,17,0.658362,0.023526,0.6472248353715898,0.0422371506425257,0.8955333333333335,0.0040222222222223,,0.5116,0.5101466747036367,0.9984270546598506,0.6752659574468085,0.6871339678764343,0.0067967176437377,0.0022,0.6871339678764343,0.5116,0.0022
imdb,noniid,20,9928,6,18,0.658362,0.0239399999999999,0.6472248353715898,0.0423017584485129,0.8955333333333335,0.0042000000000002,,0.5116,0.5101466747036367,0.9984270546598506,0.6752659574468085,0.6871339678764343,0.0069359540939331,0.0022,0.6871339678764343,0.5116,0.0022
imdb,noniid,20,9928,6,19,0.658362,0.024282,0.6472248353715898,0.0435962990862269,0.8955333333333335,0.0063333333333335,,0.5116,0.5101466747036367,0.9984270546598506,0.6752659574468085,0.6871339678764343,0.0069266557693481,0.0022,0.6871339678764343,0.5116,0.0022
imdb,noniid,20,9928,7,0,0.662126,0.0187379999999999,0.6630203585536311,0.0292260109889888,0.881388888888889,0.0469222222222223,,0.5322,0.5210830921868541,0.9913488006291782,0.6831052702885788,0.6682927012443542,0.0092013478279113,0.0123999999999999,0.6682927012443542,0.5322,0.0123999999999999
imdb,noniid,20,9928,7,1,0.662126,0.0184299999999999,0.6630203585536311,0.0289253495337874,0.881388888888889,0.0237666666666667,,0.5322,0.5210830921868541,0.9913488006291782,0.6831052702885788,0.6682927012443542,0.0086565017700195,0.0126,0.6682927012443542,0.5322,0.0126
imdb,noniid,20,9928,7,2,0.662126,0.0248539999999999,0.6630203585536311,0.0358260711391711,0.881388888888889,-0.010622222222222,,0.5322,0.5210830921868541,0.9913488006291782,0.6831052702885788,0.6682927012443542,0.0080080032348632,0.011,0.6682927012443542,0.5322,0.011
imdb,noniid,20,9928,7,3,0.662126,0.015934,0.6630203585536311,0.0298273338993917,0.881388888888889,-0.0243666666666664,,0.5322,0.5210830921868541,0.9913488006291782,0.6831052702885788,0.6682927012443542,0.0090483427047729,0.0121999999999999,0.6682927012443542,0.5322,0.0121999999999999
imdb,noniid,20,9928,7,4,0.662126,0.0212019999999999,0.6630203585536311,0.0334462733706676,0.881388888888889,0.0117666666666667,,0.5322,0.5210830921868541,0.9913488006291782,0.6831052702885788,0.6682927012443542,0.0080394148826599,0.0108,0.6682927012443542,0.5322,0.0108
imdb,noniid,20,9928,7,5,0.662126,0.020764,0.6630203585536311,0.0335574122590015,0.881388888888889,0.022477777777778,,0.5322,0.5210830921868541,0.9913488006291782,0.6831052702885788,0.6682927012443542,0.0080749988555908,0.0108,0.6682927012443542,0.5322,0.0108
imdb,noniid,20,9928,7,6,0.662126,0.024588,0.6630203585536311,0.0365322633155358,0.881388888888889,0.0433888888888889,,0.5322,0.5210830921868541,0.9913488006291782,0.6831052702885788,0.6682927012443542,0.0079721808433532,0.0103999999999999,0.6682927012443542,0.5322,0.0103999999999999
imdb,noniid,20,9928,7,7,0.662126,0.0212879999999999,0.6630203585536311,0.0338001613621162,0.881388888888889,-0.0162888888888887,,0.5322,0.5210830921868541,0.9913488006291782,0.6831052702885788,0.6682927012443542,0.0083323121070861,0.0116,0.6682927012443542,0.5322,0.0116
imdb,noniid,20,9928,7,8,0.662126,0.034362,0.6630203585536311,0.0575642130564177,0.881388888888889,0.0355666666666667,,0.5322,0.5210830921868541,0.9913488006291782,0.6831052702885788,0.6682927012443542,0.0088772177696228,0.0126,0.6682927012443542,0.5322,0.0126
imdb,noniid,20,9928,7,9,0.662126,0.0201799999999999,0.6630203585536311,0.0358049785596388,0.881388888888889,0.0093444444444446,,0.5322,0.5210830921868541,0.9913488006291782,0.6831052702885788,0.6682927012443542,0.008809745311737,0.0123999999999999,0.6682927012443542,0.5322,0.0123999999999999
imdb,noniid,20,9928,7,10,0.662126,0.0180099999999999,0.6630203585536311,0.0308710509076346,0.881388888888889,-0.0228333333333332,,0.5322,0.5210830921868541,0.9913488006291782,0.6831052702885788,0.6682927012443542,0.0097528100013732,0.013,0.6682927012443542,0.5322,0.013
imdb,noniid,20,9928,7,11,0.662126,0.016614,0.6630203585536311,0.0308710509076346,0.881388888888889,-0.0253666666666665,,0.5322,0.5210830921868541,0.9913488006291782,0.6831052702885788,0.6682927012443542,0.0081182122230529,0.011,0.6682927012443542,0.5322,0.011
imdb,noniid,20,9928,7,12,0.662126,0.01597,0.6630203585536311,0.0319640841028335,0.881388888888889,-0.0063888888888887,,0.5322,0.5210830921868541,0.9913488006291782,0.6831052702885788,0.6682927012443542,0.0078255534172058,0.01,0.6682927012443542,0.5322,0.01
imdb,noniid,20,9928,7,13,0.662126,0.0206319999999999,0.6630203585536311,0.031583232805128,0.881388888888889,-0.0210555555555553,,0.5322,0.5210830921868541,0.9913488006291782,0.6831052702885788,0.6682927012443542,0.0090270042419433,0.0123999999999999,0.6682927012443542,0.5322,0.0123999999999999
imdb,noniid,20,9928,7,14,0.662126,0.017878,0.6630203585536311,0.0276162572267312,0.881388888888889,0.0015222222222224,,0.5322,0.5210830921868541,0.9913488006291782,0.6831052702885788,0.6682927012443542,0.0078212618827819,0.01,0.6682927012443542,0.5322,0.01
imdb,noniid,20,9928,7,15,0.662126,0.02655,0.6630203585536311,0.0408113677825682,0.881388888888889,-0.0228777777777775,,0.5322,0.5210830921868541,0.9913488006291782,0.6831052702885788,0.6682927012443542,0.0080593228340148,0.0103999999999999,0.6682927012443542,0.5322,0.0103999999999999
imdb,noniid,20,9928,7,16,0.662126,0.025198,0.6630203585536311,0.0379087846173026,0.881388888888889,-0.0207111111111109,,0.5322,0.5210830921868541,0.9913488006291782,0.6831052702885788,0.6682927012443542,0.0079116821289062,0.0103999999999999,0.6682927012443542,0.5322,0.0103999999999999
imdb,noniid,20,9928,7,17,0.662126,0.023136,0.6630203585536311,0.0325920866159251,0.881388888888889,-0.0246555555555554,,0.5322,0.5210830921868541,0.9913488006291782,0.6831052702885788,0.6682927012443542,0.008020281791687,0.0108,0.6682927012443542,0.5322,0.0108
imdb,noniid,20,9928,7,18,0.662126,0.022104,0.6630203585536311,0.0318826340027328,0.881388888888889,0.0309555555555556,,0.5322,0.5210830921868541,0.9913488006291782,0.6831052702885788,0.6682927012443542,0.0082887411117553,0.0118,0.6682927012443542,0.5322,0.0118
imdb,noniid,20,9928,7,19,0.662126,0.0230399999999999,0.6630203585536311,0.0335013863397081,0.881388888888889,0.0128555555555556,,0.5322,0.5210830921868541,0.9913488006291782,0.6831052702885788,0.6682927012443542,0.0080707669258117,0.0108,0.6682927012443542,0.5322,0.0108
imdb,noniid,20,9928,8,0,0.666148,0.0160579999999999,0.6895628902765388,0.0364956757182763,0.8700666666666668,-0.0007333333333332,,0.5738,0.5451358457493427,0.9783720015729452,0.7001547769804418,0.6468303799629211,0.0101726651191711,0.0203999999999999,0.6468303799629211,0.5738,0.0203999999999999
imdb,noniid,20,9928,8,1,0.666148,0.01607,0.6895628902765388,0.0363039354908665,0.8700666666666668,-0.0002222222222221,,0.5738,0.5451358457493427,0.9783720015729452,0.7001547769804418,0.6468303799629211,0.0094309449195861,0.0191999999999999,0.6468303799629211,0.5738,0.0191999999999999
imdb,noniid,20,9928,8,2,0.666148,0.0213039999999999,0.6895628902765388,0.0429485339847631,0.8700666666666668,-0.0016222222222221,,0.5738,0.5451358457493427,0.9783720015729452,0.7001547769804418,0.6468303799629211,0.0088103413581848,0.0175999999999999,0.6468303799629211,0.5738,0.0175999999999999
imdb,noniid,20,9928,8,3,0.666148,0.0153259999999999,0.6895628902765388,0.0354231369001442,0.8700666666666668,-0.0002888888888887,,0.5738,0.5451358457493427,0.9783720015729452,0.7001547769804418,0.6468303799629211,0.0099558234214782,0.0205999999999999,0.6468303799629211,0.5738,0.0205999999999999
imdb,noniid,20,9928,8,4,0.666148,0.0191519999999999,0.6895628902765388,0.0356717258528992,0.8700666666666668,-0.0003999999999999,,0.5738,0.5451358457493427,0.9783720015729452,0.7001547769804418,0.6468303799629211,0.0088459849357604,0.0175999999999999,0.6468303799629211,0.5738,0.0175999999999999
imdb,noniid,20,9928,8,5,0.666148,0.0196239999999999,0.6895628902765388,0.0368420008675277,0.8700666666666668,0.0002222222222221,,0.5738,0.5451358457493427,0.9783720015729452,0.7001547769804418,0.6468303799629211,0.0088434219360351,0.0171999999999999,0.6468303799629211,0.5738,0.0171999999999999
imdb,noniid,20,9928,8,6,0.666148,0.0228299999999999,0.6895628902765388,0.0437174515781076,0.8700666666666668,-0.002,,0.5738,0.5451358457493427,0.9783720015729452,0.7001547769804418,0.6468303799629211,0.0087153911590576,0.0167999999999999,0.6468303799629211,0.5738,0.0167999999999999
imdb,noniid,20,9928,8,7,0.666148,0.0201339999999999,0.6895628902765388,0.0410639103872937,0.8700666666666668,-0.0011999999999998,,0.5738,0.5451358457493427,0.9783720015729452,0.7001547769804418,0.6468303799629211,0.0091917514801025,0.0173999999999999,0.6468303799629211,0.5738,0.0173999999999999
imdb,noniid,20,9928,8,8,0.666148,0.0313699999999999,0.6895628902765388,0.0582396550664787,0.8700666666666668,0.0030222222222224,,0.5738,0.5451358457493427,0.9783720015729452,0.7001547769804418,0.6468303799629211,0.0097237825393676,0.0201999999999999,0.6468303799629211,0.5738,0.0201999999999999
imdb,noniid,20,9928,8,9,0.666148,0.0191559999999999,0.6895628902765388,0.0377457742155775,0.8700666666666668,-0.0017777777777778,,0.5738,0.5451358457493427,0.9783720015729452,0.7001547769804418,0.6468303799629211,0.0096345543861389,0.0195999999999999,0.6468303799629211,0.5738,0.0195999999999999
imdb,noniid,20,9928,8,10,0.666148,0.0163539999999999,0.6895628902765388,0.0369807306521257,0.8700666666666668,0.0003333333333332,,0.5738,0.5451358457493427,0.9783720015729452,0.7001547769804418,0.6468303799629211,0.0105742812156677,0.022,0.6468303799629211,0.5738,0.022
imdb,noniid,20,9928,8,11,0.666148,0.0159059999999999,0.6895628902765388,0.0352419026222178,0.8700666666666668,2.2222222222367805e-05,,0.5738,0.5451358457493427,0.9783720015729452,0.7001547769804418,0.6468303799629211,0.0088419914245605,0.0171999999999999,0.6468303799629211,0.5738,0.0171999999999999
imdb,noniid,20,9928,8,12,0.666148,0.0150099999999999,0.6895628902765388,0.0360218970352811,0.8700666666666668,-0.0003999999999999,,0.5738,0.5451358457493427,0.9783720015729452,0.7001547769804418,0.6468303799629211,0.0085601210594177,0.0165999999999999,0.6468303799629211,0.5738,0.0165999999999999
imdb,noniid,20,9928,8,13,0.666148,0.0201979999999999,0.6895628902765388,0.0397233805012251,0.8700666666666668,0.0005111111111111,,0.5738,0.5451358457493427,0.9783720015729452,0.7001547769804418,0.6468303799629211,0.0100035071372985,0.0203999999999999,0.6468303799629211,0.5738,0.0203999999999999
imdb,noniid,20,9928,8,14,0.666148,0.0162519999999999,0.6895628902765388,0.0371973304763625,0.8700666666666668,0.0002222222222223,,0.5738,0.5451358457493427,0.9783720015729452,0.7001547769804418,0.6468303799629211,0.0085335969924926,0.0163999999999999,0.6468303799629211,0.5738,0.0163999999999999
imdb,noniid,20,9928,8,15,0.666148,0.0235379999999999,0.6895628902765388,0.0466020775044052,0.8700666666666668,-0.0022666666666664,,0.5738,0.5451358457493427,0.9783720015729452,0.7001547769804418,0.6468303799629211,0.0088167190551757,0.0171999999999999,0.6468303799629211,0.5738,0.0171999999999999
imdb,noniid,20,9928,8,16,0.666148,0.0219479999999999,0.6895628902765388,0.0455245961076963,0.8700666666666668,-0.0024222222222221,,0.5738,0.5451358457493427,0.9783720015729452,0.7001547769804418,0.6468303799629211,0.0086838006973266,0.017,0.6468303799629211,0.5738,0.017
imdb,noniid,20,9928,8,17,0.666148,0.0197399999999999,0.6895628902765388,0.0414579340083172,0.8700666666666668,-0.0004444444444444,,0.5738,0.5451358457493427,0.9783720015729452,0.7001547769804418,0.6468303799629211,0.0088126063346862,0.0173999999999999,0.6468303799629211,0.5738,0.0173999999999999
imdb,noniid,20,9928,8,18,0.666148,0.0198599999999999,0.6895628902765388,0.0394315800927045,0.8700666666666668,0.0003777777777778,,0.5738,0.5451358457493427,0.9783720015729452,0.7001547769804418,0.6468303799629211,0.0091829895973205,0.0177999999999999,0.6468303799629211,0.5738,0.0177999999999999
imdb,noniid,20,9928,8,19,0.666148,0.0212539999999998,0.6895628902765388,0.0420242942963465,0.8700666666666668,-0.0009777777777775,,0.5738,0.5451358457493427,0.9783720015729452,0.7001547769804418,0.6468303799629211,0.0087978243827819,0.017,0.6468303799629211,0.5738,0.017
imdb,noniid,20,9928,9,0,0.6709499999999999,0.0153979999999999,0.7071178529754959,0.034427089923287,0.9028444444444444,0.0011111111111108,,0.6346,0.5866408518877058,0.9532048761305544,0.7262921348314607,0.6238657236099243,0.0107436776161193,0.0258,0.6238657236099243,0.6346,0.0258
imdb,noniid,20,9928,9,1,0.6709499999999999,0.0150239999999999,0.7071178529754959,0.0358653450935813,0.9028444444444444,-8.888888888902713e-05,,0.6346,0.5866408518877058,0.9532048761305544,0.7262921348314607,0.6238657236099243,0.0098428726196289,0.024,0.6238657236099243,0.6346,0.024
imdb,noniid,20,9928,9,2,0.6709499999999999,0.0207799999999999,0.7071178529754959,0.0410190454797548,0.9028444444444444,-4.444444444473561e-05,,0.6346,0.5866408518877058,0.9532048761305544,0.7262921348314607,0.6238657236099243,0.0092522501945495,0.0226,0.6238657236099243,0.6346,0.0226
imdb,noniid,20,9928,9,3,0.6709499999999999,0.013436,0.7071178529754959,0.0343279563050021,0.9028444444444444,0.0007333333333332,,0.6346,0.5866408518877058,0.9532048761305544,0.7262921348314607,0.6238657236099243,0.0104756951332092,0.0252,0.6238657236099243,0.6346,0.0252
imdb,noniid,20,9928,9,4,0.6709499999999999,0.0187199999999999,0.7071178529754959,0.0390230229269383,0.9028444444444444,0.0005555555555554,,0.6346,0.5866408518877058,0.9532048761305544,0.7262921348314607,0.6238657236099243,0.0092870593070983,0.0228,0.6238657236099243,0.6346,0.0228
imdb,noniid,20,9928,9,5,0.6709499999999999,0.0175999999999999,0.7071178529754959,0.0387359204426199,0.9028444444444444,0.0094,,0.6346,0.5866408518877058,0.9532048761305544,0.7262921348314607,0.6238657236099243,0.0092755556106567,0.0226,0.6238657236099243,0.6346,0.0226
imdb,noniid,20,9928,9,6,0.6709499999999999,0.0202279999999999,0.7071178529754959,0.0408298666079867,0.9028444444444444,0.0008222222222222,,0.6346,0.5866408518877058,0.9532048761305544,0.7262921348314607,0.6238657236099243,0.0091240406036376,0.0216,0.6238657236099243,0.6346,0.0216
imdb,noniid,20,9928,9,7,0.6709499999999999,0.0187399999999999,0.7071178529754959,0.040356408562644,0.9028444444444444,-0.0004555555555556,,0.6346,0.5866408518877058,0.9532048761305544,0.7262921348314607,0.6238657236099243,0.0096887946128845,0.0232,0.6238657236099243,0.6346,0.0232
imdb,noniid,20,9928,9,8,0.6709499999999999,0.0276999999999999,0.7071178529754959,0.0537547494309801,0.9028444444444444,0.031422222222222,,0.6346,0.5866408518877058,0.9532048761305544,0.7262921348314607,0.6238657236099243,0.0102046132087707,0.025,0.6238657236099243,0.6346,0.025
imdb,noniid,20,9928,9,9,0.6709499999999999,0.0188439999999998,0.7071178529754959,0.0368228085756104,0.9028444444444444,0.0073111111111108,,0.6346,0.5866408518877058,0.9532048761305544,0.7262921348314607,0.6238657236099243,0.0101028680801391,0.0254,0.6238657236099243,0.6346,0.0254
imdb,noniid,20,9928,9,10,0.6709499999999999,0.0158979999999999,0.7071178529754959,0.0362499068282601,0.9028444444444444,0.0109333333333334,,0.6346,0.5866408518877058,0.9532048761305544,0.7262921348314607,0.6238657236099243,0.0109814405441284,0.0268,0.6238657236099243,0.6346,0.0268
imdb,noniid,20,9928,9,11,0.6709499999999999,0.0159639999999998,0.7071178529754959,0.0350856598165422,0.9028444444444444,0.0021111111111109,,0.6346,0.5866408518877058,0.9532048761305544,0.7262921348314607,0.6238657236099243,0.009225308895111,0.0226,0.6238657236099243,0.6346,0.0226
imdb,noniid,20,9928,9,12,0.6709499999999999,0.0150919999999998,0.7071178529754959,0.0359440900295811,0.9028444444444444,0.0104999999999999,,0.6346,0.5866408518877058,0.9532048761305544,0.7262921348314607,0.6238657236099243,0.0089749097824096,0.021,0.6238657236099243,0.6346,0.021
imdb,noniid,20,9928,9,13,0.6709499999999999,0.0184119999999998,0.7071178529754959,0.037411383895986,0.9028444444444444,-0.0001777777777778,,0.6346,0.5866408518877058,0.9532048761305544,0.7262921348314607,0.6238657236099243,0.010573387145996,0.0258,0.6238657236099243,0.6346,0.0258
imdb,noniid,20,9928,9,14,0.6709499999999999,0.0152999999999998,0.7071178529754959,0.0362426736354671,0.9028444444444444,0.0355888888888888,,0.6346,0.5866408518877058,0.9532048761305544,0.7262921348314607,0.6238657236099243,0.0089285969734191,0.0208,0.6238657236099243,0.6346,0.0208
imdb,noniid,20,9928,9,15,0.6709499999999999,0.0226279999999998,0.7071178529754959,0.0438554416279781,0.9028444444444444,0.0243333333333333,,0.6346,0.5866408518877058,0.9532048761305544,0.7262921348314607,0.6238657236099243,0.0092421174049377,0.0224,0.6238657236099243,0.6346,0.0224
imdb,noniid,20,9928,9,16,0.6709499999999999,0.0202919999999999,0.7071178529754959,0.0408301895303566,0.9028444444444444,0.0281999999999997,,0.6346,0.5866408518877058,0.9532048761305544,0.7262921348314607,0.6238657236099243,0.0091118216514587,0.0218,0.6238657236099243,0.6346,0.0218
imdb,noniid,20,9928,9,17,0.6709499999999999,0.0188279999999999,0.7071178529754959,0.0380776934767775,0.9028444444444444,0.0579888888888886,,0.6346,0.5866408518877058,0.9532048761305544,0.7262921348314607,0.6238657236099243,0.0092476606369018,0.0226,0.6238657236099243,0.6346,0.0226
imdb,noniid,20,9928,9,18,0.6709499999999999,0.0192759999999999,0.7071178529754959,0.0375055382662599,0.9028444444444444,0.005511111111111,,0.6346,0.5866408518877058,0.9532048761305544,0.7262921348314607,0.6238657236099243,0.009699523448944,0.0234,0.6238657236099243,0.6346,0.0234
imdb,noniid,20,9928,9,19,0.6709499999999999,0.018764,0.7071178529754959,0.040356408562644,0.9028444444444444,0.0604999999999997,,0.6346,0.5866408518877058,0.9532048761305544,0.7262921348314607,0.6238657236099243,0.0091903209686279,0.022,0.6238657236099243,0.6346,0.022
imdb,noniid,20,9928,10,0,0.67563,0.0142279999999999,0.7185800171772115,0.024065249244722,0.9339777777777778,0.001111111111111,,0.6804,0.6257652382219856,0.9244986236728274,0.7463492063492063,0.6000919938087463,0.0110350251197814,0.019,0.6000919938087463,0.6804,0.019
imdb,noniid,20,9928,10,1,0.67563,0.013946,0.7185800171772115,0.0242605571097199,0.9339777777777778,0.0023777777777778,,0.6804,0.6257652382219856,0.9244986236728274,0.7463492063492063,0.6000919938087463,0.0100016593933105,0.0166,0.6000919938087463,0.6804,0.0166
imdb,noniid,20,9928,10,2,0.67563,0.0195379999999999,0.7185800171772115,0.0329771210479996,0.9339777777777778,0.0022000000000002,,0.6804,0.6257652382219856,0.9244986236728274,0.7463492063492063,0.6000919938087463,0.0094397664070129,0.0158,0.6000919938087463,0.6804,0.0158
imdb,noniid,20,9928,10,3,0.67563,0.0133259999999999,0.7185800171772115,0.0234786658258602,0.9339777777777778,0.016,,0.6804,0.6257652382219856,0.9244986236728274,0.7463492063492063,0.6000919938087463,0.0107212662696838,0.0188,0.6000919938087463,0.6804,0.0188
imdb,noniid,20,9928,10,4,0.67563,0.0150859999999999,0.7185800171772115,0.0268970152169762,0.9339777777777778,6.666666666665932e-05,,0.6804,0.6257652382219856,0.9244986236728274,0.7463492063492063,0.6000919938087463,0.0094698667526245,0.0158,0.6000919938087463,0.6804,0.0158
imdb,noniid,20,9928,10,5,0.67563,0.0161519999999999,0.7185800171772115,0.0271770488210087,0.9339777777777778,0.0008666666666667,,0.6804,0.6257652382219856,0.9244986236728274,0.7463492063492063,0.6000919938087463,0.0094614028930664,0.0156,0.6000919938087463,0.6804,0.0156
imdb,noniid,20,9928,10,6,0.67563,0.0189659999999999,0.7185800171772115,0.0334463868876792,0.9339777777777778,-0.0001777777777778,,0.6804,0.6257652382219856,0.9244986236728274,0.7463492063492063,0.6000919938087463,0.0092841982841491,0.015,0.6000919938087463,0.6804,0.015
imdb,noniid,20,9928,10,7,0.67563,0.0176779999999999,0.7185800171772115,0.0341640707038354,0.9339777777777778,0.0004222222222221,,0.6804,0.6257652382219856,0.9244986236728274,0.7463492063492063,0.6000919938087463,0.0099256634712219,0.0166,0.6000919938087463,0.6804,0.0166
imdb,noniid,20,9928,10,8,0.67563,0.0278079999999999,0.7185800171772115,0.0399203083060223,0.9339777777777778,6.666666666665932e-05,,0.6804,0.6257652382219856,0.9244986236728274,0.7463492063492063,0.6000919938087463,0.0104278326034545,0.0173999999999999,0.6000919938087463,0.6804,0.0173999999999999
imdb,noniid,20,9928,10,9,0.67563,0.0147519999999998,0.7185800171772115,0.0252354510441028,0.9339777777777778,0.0016888888888888,,0.6804,0.6257652382219856,0.9244986236728274,0.7463492063492063,0.6000919938087463,0.0103121995925903,0.0178,0.6000919938087463,0.6804,0.0178
imdb,noniid,20,9928,10,10,0.67563,0.0147999999999999,0.7185800171772115,0.0260561273514667,0.9339777777777778,0.0005999999999999,,0.6804,0.6257652382219856,0.9244986236728274,0.7463492063492063,0.6000919938087463,0.0111179947853088,0.0191999999999999,0.6000919938087463,0.6804,0.0191999999999999
imdb,noniid,20,9928,10,11,0.67563,0.0137559999999998,0.7185800171772115,0.0248863234835178,0.9339777777777778,0.0020444444444445,,0.6804,0.6257652382219856,0.9244986236728274,0.7463492063492063,0.6000919938087463,0.009360134601593,0.015,0.6000919938087463,0.6804,0.015
imdb,noniid,20,9928,10,12,0.67563,0.0129219999999998,0.7185800171772115,0.0254493865465809,0.9339777777777778,0.0016000000000002,,0.6804,0.6257652382219856,0.9244986236728274,0.7463492063492063,0.6000919938087463,0.009148895740509,0.0146,0.6000919938087463,0.6804,0.0146
imdb,noniid,20,9928,10,13,0.67563,0.0170619999999999,0.7185800171772115,0.0302248091347653,0.9339777777777778,0.0011777777777777,,0.6804,0.6257652382219856,0.9244986236728274,0.7463492063492063,0.6000919938087463,0.0108544826507568,0.0195999999999999,0.6000919938087463,0.6804,0.0195999999999999
imdb,noniid,20,9928,10,14,0.67563,0.0136199999999999,0.7185800171772115,0.0264237056787577,0.9339777777777778,0.0024222222222223,,0.6804,0.6257652382219856,0.9244986236728274,0.7463492063492063,0.6000919938087463,0.009087324142456,0.0146,0.6000919938087463,0.6804,0.0146
imdb,noniid,20,9928,10,15,0.67563,0.018726,0.7185800171772115,0.0370142203976446,0.9339777777777778,-0.0003333333333332,,0.6804,0.6257652382219856,0.9244986236728274,0.7463492063492063,0.6000919938087463,0.0094241499900817,0.0153999999999999,0.6000919938087463,0.6804,0.0153999999999999
imdb,noniid,20,9928,10,16,0.67563,0.0190359999999999,0.7185800171772115,0.0348810446695747,0.9339777777777778,-0.0001777777777778,,0.6804,0.6257652382219856,0.9244986236728274,0.7463492063492063,0.6000919938087463,0.0092881917953491,0.0153999999999999,0.6000919938087463,0.6804,0.0153999999999999
imdb,noniid,20,9928,10,17,0.67563,0.0180599999999999,0.7185800171772115,0.030504060740462,0.9339777777777778,-0.0002111111111111,,0.6804,0.6257652382219856,0.9244986236728274,0.7463492063492063,0.6000919938087463,0.0094271302223205,0.0158,0.6000919938087463,0.6804,0.0158
imdb,noniid,20,9928,10,18,0.67563,0.0166539999999999,0.7185800171772115,0.0287898073870017,0.9339777777777778,0.0010666666666665,,0.6804,0.6257652382219856,0.9244986236728274,0.7463492063492063,0.6000919938087463,0.0099381804466247,0.0168,0.6000919938087463,0.6804,0.0168
imdb,noniid,20,9928,10,19,0.67563,0.0185699999999999,0.7185800171772115,0.0340611887253287,0.9339777777777778,0.0024444444444444,,0.6804,0.6257652382219856,0.9244986236728274,0.7463492063492063,0.6000919938087463,0.0093335509300231,0.0148,0.6000919938087463,0.6804,0.0148
imdb,noniid,4,9928,1,0,0.6244160000000001,0.0109000000000001,0.5431506849315069,0.0419789407065319,0.8346666666666667,0.0134888888888888,,0.5086,0.5086,1.0,0.6742675328118786,0.721141517162323,0.0046911239624023,-0.0,0.721141517162323,0.5086,-0.0
imdb,noniid,4,9928,1,1,0.6244160000000001,-0.0365499999999998,0.5431506849315069,-0.0548956247645857,0.8346666666666667,0.015311111111111,,0.5086,0.5086,1.0,0.6742675328118786,0.721141517162323,0.0069481134414672,-0.0,0.721141517162323,0.5086,-0.0
imdb,noniid,4,9928,1,2,0.6244160000000001,-0.2632679999999999,0.5431506849315069,-0.4285207031704762,0.8346666666666667,-0.0008888888888887,,0.5086,0.5086,1.0,0.6742675328118786,0.721141517162323,-0.0135934948921203,-0.0,0.721141517162323,0.5086,-0.0
imdb,noniid,4,9928,1,3,0.6244160000000001,-0.1283119999999999,0.5431506849315069,-0.2542529342659754,0.8346666666666667,8.888888888902713e-05,,0.5086,0.5086,1.0,0.6742675328118786,0.721141517162323,0.0047011375427246,-0.0,0.721141517162323,0.5086,-0.0
imdb,noniid,4,9928,2,0,0.630382,-0.00628,0.6203957382039574,0.0051267270828272,0.9172222222222222,0.0114444444444443,,0.5148,0.5118110236220472,0.9968541093197012,0.6763607257203842,0.6861936450004578,-0.0026549100875854,-0.003,0.6861936450004578,0.5148,-0.003
imdb,noniid,4,9928,2,1,0.630382,-0.047428,0.6203957382039574,-0.0380936097624725,0.9172222222222222,0.0168888888888889,,0.5148,0.5118110236220472,0.9968541093197012,0.6763607257203842,0.6861936450004578,0.0183631777763366,0.0058,0.6861936450004578,0.5148,0.0058
imdb,noniid,4,9928,2,2,0.630382,-0.236232,0.6203957382039574,-0.3344020413360902,0.9172222222222222,0.0054333333333334,,0.5148,0.5118110236220472,0.9968541093197012,0.6763607257203842,0.6861936450004578,-0.0091024041175842,-0.0047999999999999,0.6861936450004578,0.5148,-0.0047999999999999
imdb,noniid,4,9928,2,3,0.630382,-0.097342,0.6203957382039574,-0.1537978101831393,0.9172222222222222,-0.0044444444444444,,0.5148,0.5118110236220472,0.9968541093197012,0.6763607257203842,0.6861936450004578,0.017382800579071,0.0056,0.6861936450004578,0.5148,0.0056
imdb,noniid,4,9928,3,0,0.648162,-0.0140959999999999,0.6815375982042648,-0.0232080681782301,0.8290222222222223,-0.0204444444444444,,0.6504,0.599649034845826,0.9406213134093592,0.7323943661971831,0.6144036650657654,-0.005427598953247,-0.006,0.6144036650657654,0.6504,-0.006
imdb,noniid,4,9928,3,1,0.648162,-0.041626,0.6815375982042648,-0.0344157091887312,0.8290222222222223,-0.0193111111111108,,0.6504,0.599649034845826,0.9406213134093592,0.7323943661971831,0.6144036650657654,0.0211150050163269,0.0405999999999999,0.6144036650657654,0.6504,0.0405999999999999
imdb,noniid,4,9928,3,2,0.648162,-0.197674,0.6815375982042648,-0.243841189674523,0.8290222222222223,0.005688888888889,,0.6504,0.599649034845826,0.9406213134093592,0.7323943661971831,0.6144036650657654,-0.0062258839607238,-0.0106,0.6144036650657654,0.6504,-0.0106
imdb,noniid,4,9928,3,3,0.648162,-0.06589,0.6815375982042648,-0.0892614810459817,0.8290222222222223,0.0076666666666669,,0.6504,0.599649034845826,0.9406213134093592,0.7323943661971831,0.6144036650657654,0.0238538980484008,0.0445999999999999,0.6144036650657654,0.6504,0.0445999999999999
imdb,noniid,4,9928,4,0,0.667524,-0.0156959999999999,0.7460402684563758,-0.0112465743657435,0.8973777777777778,-0.0199,,0.7358,0.6896337678460583,0.8737711364530083,0.770858629661752,0.5476909875869751,-0.0037798285484313,-0.004,0.5476909875869751,0.7358,-0.004
imdb,noniid,4,9928,4,1,0.667524,-0.0356799999999999,0.7460402684563758,-0.0117677951438512,0.8973777777777778,-0.0306444444444444,,0.7358,0.6896337678460583,0.8737711364530083,0.770858629661752,0.5476909875869751,0.0189658999443054,0.0216,0.5476909875869751,0.7358,0.0216
imdb,noniid,4,9928,4,2,0.667524,-0.1564259999999999,0.7460402684563758,-0.1508559142050584,0.8973777777777778,0.0046777777777777,,0.7358,0.6896337678460583,0.8737711364530083,0.770858629661752,0.5476909875869751,-0.0071614980697631,-0.0081999999999999,0.5476909875869751,0.7358,-0.0081999999999999
imdb,noniid,4,9928,4,3,0.667524,-0.042154,0.7460402684563758,-0.0359444643680516,0.8973777777777778,0.0046444444444444,,0.7358,0.6896337678460583,0.8737711364530083,0.770858629661752,0.5476909875869751,0.0241716504096984,0.0275999999999999,0.5476909875869751,0.7358,0.0275999999999999
imdb,noniid,4,9928,5,0,0.686474,-0.0156479999999999,0.7815762004175365,-0.0106521897489979,0.8488,0.0082222222222221,,0.7712,0.7375212224108659,0.8541093197011403,0.7915451895043731,0.506536066532135,-0.0021028518676757,-0.002,0.506536066532135,0.7712,-0.002
imdb,noniid,4,9928,5,1,0.686474,-0.03115,0.7815762004175365,-0.0087288104757097,0.8488,0.0047555555555554,,0.7712,0.7375212224108659,0.8541093197011403,0.7915451895043731,0.506536066532135,0.0147309303283691,0.0111999999999999,0.506536066532135,0.7712,0.0111999999999999
imdb,noniid,4,9928,5,2,0.686474,-0.120394,0.7815762004175365,-0.0970990277000708,0.8488,-0.0414888888888886,,0.7712,0.7375212224108659,0.8541093197011403,0.7915451895043731,0.506536066532135,-0.0068073570728302,-0.0023999999999999,0.506536066532135,0.7712,-0.0023999999999999
imdb,noniid,4,9928,5,3,0.686474,-0.0231399999999999,0.7815762004175365,-0.0114283867384268,0.8488,-0.0243111111111111,,0.7712,0.7375212224108659,0.8541093197011403,0.7915451895043731,0.506536066532135,0.0204351544380188,0.0175999999999999,0.506536066532135,0.7712,0.0175999999999999
imdb,noniid,4,9928,6,0,0.703226,-0.015828,0.8010697911360163,-0.0171356705024752,0.8976222222222223,0.0062444444444447,,0.7908,0.7655196878325647,0.8486040110106173,0.8049235359940321,0.4812478125095367,-0.0013003051280975,-0.0004,0.4812478125095367,0.7908,-0.0004
imdb,noniid,4,9928,6,1,0.703226,-0.0240839999999999,0.8010697911360163,-0.0176935350899964,0.8976222222222223,0.0035555555555555,,0.7908,0.7655196878325647,0.8486040110106173,0.8049235359940321,0.4812478125095367,0.0119739770889282,0.0085999999999999,0.4812478125095367,0.7908,0.0085999999999999
imdb,noniid,4,9928,6,2,0.703226,-0.0909839999999999,0.8010697911360163,-0.076258404111254,0.8976222222222223,-0.0094666666666665,,0.7908,0.7655196878325647,0.8486040110106173,0.8049235359940321,0.4812478125095367,-0.0057785212993621,0.0005999999999999,0.4812478125095367,0.7908,0.0005999999999999
imdb,noniid,4,9928,6,3,0.703226,-0.0126239999999999,0.8010697911360163,-0.0097557966168541,0.8976222222222223,-0.0101444444444442,,0.7908,0.7655196878325647,0.8486040110106173,0.8049235359940321,0.4812478125095367,0.0171422660350799,0.0131999999999999,0.4812478125095367,0.7908,0.0131999999999999
imdb,noniid,4,9928,7,0,0.717856,-0.0151599999999999,0.8222110299672627,-0.0153146373838666,0.8481999999999998,-0.004288888888889,,0.8004,0.7826564215148188,0.8411325206449076,0.810841546626232,0.4632899761199951,-0.0007736682891845,-0.0013999999999999,0.4632899761199951,0.8004,-0.0013999999999999
imdb,noniid,4,9928,7,1,0.717856,-0.0195739999999999,0.8222110299672627,-0.0134770914351444,0.8481999999999998,-0.0093777777777779,,0.8004,0.7826564215148188,0.8411325206449076,0.810841546626232,0.4632899761199951,0.0101919174194335,0.0053999999999999,0.4632899761199951,0.8004,0.0053999999999999
imdb,noniid,4,9928,7,2,0.717856,-0.0666959999999999,0.8222110299672627,-0.0400369846937025,0.8481999999999998,-0.0147777777777777,,0.8004,0.7826564215148188,0.8411325206449076,0.810841546626232,0.4632899761199951,-0.0049783587455749,0.0001999999999999,0.4632899761199951,0.8004,0.0001999999999999
imdb,noniid,4,9928,7,3,0.717856,-0.0061479999999999,0.8222110299672627,-0.0017699123302492,0.8481999999999998,-0.0073555555555557,,0.8004,0.7826564215148188,0.8411325206449076,0.810841546626232,0.4632899761199951,0.0147332549095153,0.0068,0.4632899761199951,0.8004,0.0068
imdb,noniid,4,9928,8,0,0.732272,-0.0106699999999999,0.8384039900249377,-0.0111760557882463,0.8120888888888889,0.0016,,0.8098,0.7990232907588279,0.8364136846244593,0.8172910662824208,0.4494117200374603,-0.000315248966217,0.0001999999999999,0.4494117200374603,0.8098,0.0001999999999999
imdb,noniid,4,9928,8,1,0.732272,-0.0137079999999999,0.8384039900249377,-0.0119062478240798,0.8120888888888889,-0.0004888888888889,,0.8098,0.7990232907588279,0.8364136846244593,0.8172910662824208,0.4494117200374603,0.0089627802371978,0.005,0.4494117200374603,0.8098,0.005
imdb,noniid,4,9928,8,2,0.732272,-0.048956,0.8384039900249377,-0.0243928437481493,0.8120888888888889,-0.0597999999999998,,0.8098,0.7990232907588279,0.8364136846244593,0.8172910662824208,0.4494117200374603,-0.0044529438018798,0.0013999999999999,0.4494117200374603,0.8098,0.0013999999999999
imdb,noniid,4,9928,8,3,0.732272,5.800000000011352e-05,0.8384039900249377,1.928169267584323e-06,0.8120888888888889,-0.0226888888888889,,0.8098,0.7990232907588279,0.8364136846244593,0.8172910662824208,0.4494117200374603,0.0128995180130004,0.0081999999999999,0.4494117200374603,0.8098,0.0081999999999999
imdb,noniid,4,9928,9,0,0.740394,-0.0115319999999999,0.8526576019777503,-0.0066109982744565,0.8720444444444444,0.0031777777777777,,0.8166,0.8095963442498096,0.8360204482894219,0.8225962468562584,0.4382849633693695,0.0001434683799743,0.0036,0.4382849633693695,0.8166,0.0036
imdb,noniid,4,9928,9,1,0.740394,-0.0115439999999999,0.8526576019777503,-0.0060908015982394,0.8720444444444444,0.0046444444444444,,0.8166,0.8095963442498096,0.8360204482894219,0.8225962468562584,0.4382849633693695,0.008083701133728,0.004,0.4382849633693695,0.8166,0.004
imdb,noniid,4,9928,9,2,0.740394,-0.037378,0.8526576019777503,-0.0084535091333608,0.8720444444444444,-0.0343999999999999,,0.8166,0.8095963442498096,0.8360204482894219,0.8225962468562584,0.4382849633693695,-0.0041572153568267,0.0018,0.4382849633693695,0.8166,0.0018
imdb,noniid,4,9928,9,3,0.740394,0.0007519999999999,0.8526576019777503,0.0131420834311947,0.8720444444444444,-0.0181999999999999,,0.8166,0.8095963442498096,0.8360204482894219,0.8225962468562584,0.4382849633693695,0.0114528238773345,0.0055999999999999,0.4382849633693695,0.8166,0.0055999999999999
imdb,noniid,4,9928,10,0,0.748232,-0.0096199999999999,0.8612064737616478,-0.0033742521457363,0.9051777777777776,-0.0053333333333334,,0.8192,0.8157996146435453,0.8324813212740857,0.8240560529388867,0.4291597604751587,0.0005569458007812,-0.0001999999999999,0.4291597604751587,0.8192,-0.0001999999999999
imdb,noniid,4,9928,10,1,0.748232,-0.009638,0.8612064737616478,-0.0030377856377969,0.9051777777777776,-0.0056,,0.8192,0.8157996146435453,0.8324813212740857,0.8240560529388867,0.4291597604751587,0.0074676871299743,0.0024,0.4291597604751587,0.8192,0.0024
imdb,noniid,4,9928,10,2,0.748232,-0.0297899999999999,0.8612064737616478,-0.0055707512245324,0.9051777777777776,0.0074888888888888,,0.8192,0.8157996146435453,0.8324813212740857,0.8240560529388867,0.4291597604751587,-0.0039842724800109,-0.0005999999999999,0.4291597604751587,0.8192,-0.0005999999999999
imdb,noniid,4,9928,10,3,0.748232,0.0025239999999999,0.8612064737616478,0.0052763863708862,0.9051777777777776,0.0040444444444442,,0.8192,0.8157996146435453,0.8324813212740857,0.8240560529388867,0.4291597604751587,0.0103216767311096,0.0018,0.4291597604751587,0.8192,0.0018
