dataset,partition,num_clients,seed,round,client_id,global_gtg_rob,gtg_rob_contribution,global_gtg_adv,gtg_adv_contribution,global_gtg_fair,gtg_fair_contribution,global_gtg_priv,gtg_priv_contribution,gtg_priv_abs_contribution,global_gtg_fair_eo,gtg_fair_eo_contribution,gtg_fair_eo_abs_contribution,accuracy,precision,recall,f1,loss,loss_contribution,acc_contribution,global_gtg_loss,global_gtg_acc
cifar,iid,20,42,1,0,0.9999979734420776,0.0,1.0,0.0832525572715215,1.0,0.0026914250188553,0.9055111111111112,0.0,,0.9999763200665708,0.0013450399543763,0.0013450399543763,0.0982,0.0098199999999999,0.1,0.0178838098706975,2.810378313064575,0.0,0.0,2.810378313064575,0.0982
cifar,iid,20,42,1,1,0.9999979734420776,0.0,1.0,0.0,1.0,0.0,0.9055111111111112,0.0,,0.9999763200665708,0.0,0.0,0.0982,0.0098199999999999,0.1,0.0178838098706975,2.810378313064575,0.0,0.0,2.810378313064575,0.0982
cifar,iid,20,42,1,2,0.9999979734420776,0.0,1.0,0.0,1.0,0.0,0.9055111111111112,0.0,,0.9999763200665708,0.0,0.0,0.0982,0.0098199999999999,0.1,0.0178838098706975,2.810378313064575,0.0,0.0,2.810378313064575,0.0982
cifar,iid,20,42,1,3,0.9999979734420776,0.0,1.0,0.0,1.0,0.0,0.9055111111111112,0.0,,0.9999763200665708,0.0,0.0,0.0982,0.0098199999999999,0.1,0.0178838098706975,2.810378313064575,0.0,0.0,2.810378313064575,0.0982
cifar,iid,20,42,1,4,0.9999979734420776,0.0,1.0,0.0,1.0,0.0,0.9055111111111112,0.0016291554839864,,0.9999763200665708,0.0,0.0,0.0982,0.0098199999999999,0.1,0.0178838098706975,2.810378313064575,-0.0077408016043365,0.0,2.810378313064575,0.0982
cifar,iid,20,42,1,5,0.9999979734420776,0.0,1.0,0.0,1.0,0.0,0.9055111111111112,0.0,,0.9999763200665708,0.0,0.0,0.0982,0.0098199999999999,0.1,0.0178838098706975,2.810378313064575,0.0,0.0,2.810378313064575,0.0982
cifar,iid,20,42,1,6,0.9999979734420776,0.0,1.0,0.0,1.0,0.0,0.9055111111111112,-0.003203676865271,,0.9999763200665708,0.0,0.0,0.0982,0.0098199999999999,0.1,0.0178838098706975,2.810378313064575,0.0,0.0,2.810378313064575,0.0982
cifar,iid,20,42,1,7,0.9999979734420776,0.0,1.0,0.0,1.0,0.0,0.9055111111111112,-0.000195947396672,,0.9999763200665708,0.0,0.0,0.0982,0.0098199999999999,0.1,0.0178838098706975,2.810378313064575,0.0,0.0,2.810378313064575,0.0982
cifar,iid,20,42,1,8,0.9999979734420776,0.0,1.0,0.0,1.0,0.0,0.9055111111111112,0.0,,0.9999763200665708,0.0,0.0,0.0982,0.0098199999999999,0.1,0.0178838098706975,2.810378313064575,0.0,0.0,2.810378313064575,0.0982
cifar,iid,20,42,1,9,0.9999979734420776,0.0,1.0,0.0,1.0,0.0,0.9055111111111112,0.0,,0.9999763200665708,0.0,0.0,0.0982,0.0098199999999999,0.1,0.0178838098706975,2.810378313064575,0.0,0.0021819047619047,2.810378313064575,0.0982
cifar,iid,20,42,1,10,0.9999979734420776,0.0,1.0,0.0,1.0,0.0,0.9055111111111112,0.0,,0.9999763200665708,0.0,0.0,0.0982,0.0098199999999999,0.1,0.0178838098706975,2.810378313064575,0.0,0.0,2.810378313064575,0.0982
cifar,iid,20,42,1,11,0.9999979734420776,0.0,1.0,0.0,1.0,0.0,0.9055111111111112,0.0,,0.9999763200665708,0.0,0.0,0.0982,0.0098199999999999,0.1,0.0178838098706975,2.810378313064575,0.0,0.0,2.810378313064575,0.0982
cifar,iid,20,42,1,12,0.9999979734420776,0.0,1.0,0.0,1.0,0.0,0.9055111111111112,0.0,,0.9999763200665708,0.0,0.0,0.0982,0.0098199999999999,0.1,0.0178838098706975,2.810378313064575,0.0,0.0022619047619047,2.810378313064575,0.0982
cifar,iid,20,42,1,13,0.9999979734420776,0.0,1.0,0.0,1.0,0.0,0.9055111111111112,0.0,,0.9999763200665708,0.0,0.0,0.0982,0.0098199999999999,0.1,0.0178838098706975,2.810378313064575,0.0,0.0,2.810378313064575,0.0982
cifar,iid,20,42,1,14,0.9999979734420776,0.0,1.0,0.0,1.0,0.0,0.9055111111111112,0.0,,0.9999763200665708,0.0,0.0,0.0982,0.0098199999999999,0.1,0.0178838098706975,2.810378313064575,0.0,0.0,2.810378313064575,0.0982
cifar,iid,20,42,1,15,0.9999979734420776,0.0,1.0,0.0,1.0,0.0,0.9055111111111112,0.0,,0.9999763200665708,0.0,0.0,0.0982,0.0098199999999999,0.1,0.0178838098706975,2.810378313064575,0.0,0.0,2.810378313064575,0.0982
cifar,iid,20,42,1,16,0.9999979734420776,0.0152534456814036,1.0,0.0,1.0,0.0,0.9055111111111112,0.0,,0.9999763200665708,0.0,0.0,0.0982,0.0098199999999999,0.1,0.0178838098706975,2.810378313064575,0.0,0.0,2.810378313064575,0.0982
cifar,iid,20,42,1,17,0.9999979734420776,0.0,1.0,0.0,1.0,0.0,0.9055111111111112,-0.000605197709787,,0.9999763200665708,0.0,0.0,0.0982,0.0098199999999999,0.1,0.0178838098706975,2.810378313064575,0.0,0.0,2.810378313064575,0.0982
cifar,iid,20,42,1,18,0.9999979734420776,0.0,1.0,0.0,1.0,0.0,0.9055111111111112,0.0,,0.9999763200665708,0.0,0.0,0.0982,0.0098199999999999,0.1,0.0178838098706975,2.810378313064575,0.0,0.0,2.810378313064575,0.0982
cifar,iid,20,42,1,19,0.9999979734420776,0.0,1.0,0.0,1.0,0.0,0.9055111111111112,0.0,,0.9999763200665708,0.0,0.0,0.0982,0.0098199999999999,0.1,0.0178838098706975,2.810378313064575,0.0,0.0,2.810378313064575,0.0982
cifar,iid,20,42,2,0,1.0,0.0,1.0,0.0,1.0,0.0,0.8382444444444446,0.0,,1.0,0.0,0.0,0.0982,0.0098199999999999,0.1,0.0178838098706975,3.210802793502808,0.0,0.0,3.210802793502808,0.0982
cifar,iid,20,42,2,1,1.0,0.0,1.0,0.0,1.0,0.0,0.8382444444444446,-0.0035124324773539,,1.0,0.0,0.0,0.0982,0.0098199999999999,0.1,0.0178838098706975,3.210802793502808,0.0,0.0,3.210802793502808,0.0982
cifar,iid,20,42,2,2,1.0,0.0,1.0,0.0,1.0,0.0,0.8382444444444446,0.0,,1.0,0.0,0.0,0.0982,0.0098199999999999,0.1,0.0178838098706975,3.210802793502808,0.0,0.0,3.210802793502808,0.0982
cifar,iid,20,42,2,3,1.0,0.0,1.0,0.0,1.0,0.0,0.8382444444444446,0.0,,1.0,0.0,0.0,0.0982,0.0098199999999999,0.1,0.0178838098706975,3.210802793502808,0.0,0.0,3.210802793502808,0.0982
cifar,iid,20,42,2,4,1.0,0.0,1.0,0.0,1.0,0.0,0.8382444444444446,0.0,,1.0,0.0,0.0,0.0982,0.0098199999999999,0.1,0.0178838098706975,3.210802793502808,0.0,0.0,3.210802793502808,0.0982
cifar,iid,20,42,2,5,1.0,0.0,1.0,0.0,1.0,0.0,0.8382444444444446,0.0,,1.0,0.0,0.0,0.0982,0.0098199999999999,0.1,0.0178838098706975,3.210802793502808,0.0,0.0,3.210802793502808,0.0982
cifar,iid,20,42,2,6,1.0,0.0,1.0,0.0,1.0,0.0,0.8382444444444446,0.0002012964348042,,1.0,0.0,0.0,0.0982,0.0098199999999999,0.1,0.0178838098706975,3.210802793502808,0.0,0.0,3.210802793502808,0.0982
cifar,iid,20,42,2,7,1.0,0.0,1.0,0.0,1.0,0.0,0.8382444444444446,0.0,,1.0,0.0,0.0,0.0982,0.0098199999999999,0.1,0.0178838098706975,3.210802793502808,0.0,0.0,3.210802793502808,0.0982
cifar,iid,20,42,2,8,1.0,0.0,1.0,0.0,1.0,0.0,0.8382444444444446,-0.0014693592620294,,1.0,0.0,0.0,0.0982,0.0098199999999999,0.1,0.0178838098706975,3.210802793502808,0.0,0.0,3.210802793502808,0.0982
cifar,iid,20,42,2,9,1.0,0.0,1.0,0.0,1.0,0.0,0.8382444444444446,0.0001676888556469,,1.0,0.0,0.0,0.0982,0.0098199999999999,0.1,0.0178838098706975,3.210802793502808,0.0011343860401297,0.0,3.210802793502808,0.0982
cifar,iid,20,42,2,10,1.0,0.0,1.0,0.0,1.0,0.0,0.8382444444444446,0.0,,1.0,0.0,0.0,0.0982,0.0098199999999999,0.1,0.0178838098706975,3.210802793502808,0.0,0.0,3.210802793502808,0.0982
cifar,iid,20,42,2,11,1.0,0.0,1.0,0.0,1.0,0.0,0.8382444444444446,0.0,,1.0,0.0,0.0,0.0982,0.0098199999999999,0.1,0.0178838098706975,3.210802793502808,0.0,0.0,3.210802793502808,0.0982
cifar,iid,20,42,2,12,1.0,0.0,1.0,0.0,1.0,0.0,0.8382444444444446,0.0,,1.0,0.0,0.0,0.0982,0.0098199999999999,0.1,0.0178838098706975,3.210802793502808,0.0,0.0,3.210802793502808,0.0982
cifar,iid,20,42,2,13,1.0,0.0,1.0,0.0,1.0,0.0,0.8382444444444446,0.0,,1.0,0.0,0.0,0.0982,0.0098199999999999,0.1,0.0178838098706975,3.210802793502808,0.0,0.0,3.210802793502808,0.0982
cifar,iid,20,42,2,14,1.0,0.0,1.0,0.0,1.0,0.0,0.8382444444444446,-0.0040622787334829,,1.0,0.0,0.0,0.0982,0.0098199999999999,0.1,0.0178838098706975,3.210802793502808,0.0,0.0,3.210802793502808,0.0982
cifar,iid,20,42,2,15,1.0,0.0,1.0,0.0,1.0,0.0,0.8382444444444446,0.0,,1.0,0.0,0.0,0.0982,0.0098199999999999,0.1,0.0178838098706975,3.210802793502808,0.0,0.0,3.210802793502808,0.0982
cifar,iid,20,42,2,16,1.0,0.0,1.0,0.0,1.0,0.0,0.8382444444444446,-0.0006459901936341,,1.0,0.0,0.0,0.0982,0.0098199999999999,0.1,0.0178838098706975,3.210802793502808,0.0,0.0,3.210802793502808,0.0982
cifar,iid,20,42,2,17,1.0,0.0,1.0,0.0,1.0,0.0,0.8382444444444446,0.0,,1.0,0.0,0.0,0.0982,0.0098199999999999,0.1,0.0178838098706975,3.210802793502808,0.0,0.0,3.210802793502808,0.0982
cifar,iid,20,42,2,18,1.0,0.0,1.0,0.0,1.0,0.0,0.8382444444444446,0.0,,1.0,0.0,0.0,0.0982,0.0098199999999999,0.1,0.0178838098706975,3.210802793502808,0.0,0.0,3.210802793502808,0.0982
cifar,iid,20,42,2,19,1.0,0.0,1.0,0.0,1.0,0.0,0.8382444444444446,0.0,,1.0,0.0,0.0,0.0982,0.0098199999999999,0.1,0.0178838098706975,3.210802793502808,0.0,0.0,3.210802793502808,0.0982
cifar,iid,20,42,3,0,0.9916239976882936,0.0,0.9939024390243902,0.0244244579874618,1.0,0.0,0.8410888888888888,0.0030112179487179,,0.9998607680895114,0.0,0.0,0.0984,0.1098239295718287,0.1001949317738791,0.0182794311651247,3.340637445449829,0.0,0.0,3.340637445449829,0.0984
cifar,iid,20,42,3,1,0.9916239976882936,0.0,0.9939024390243902,0.0,1.0,0.0,0.8410888888888888,0.0,,0.9998607680895114,0.0,0.0,0.0984,0.1098239295718287,0.1001949317738791,0.0182794311651247,3.340637445449829,0.0,0.0,3.340637445449829,0.0984
cifar,iid,20,42,3,2,0.9916239976882936,0.0146307095193661,0.9939024390243902,0.0,1.0,0.0,0.8410888888888888,0.0009541547958214,,0.9998607680895114,0.0,0.0,0.0984,0.1098239295718287,0.1001949317738791,0.0182794311651247,3.340637445449829,0.0,0.0,3.340637445449829,0.0984
cifar,iid,20,42,3,3,0.9916239976882936,0.0,0.9939024390243902,0.0,1.0,0.0,0.8410888888888888,0.0,,0.9998607680895114,0.0,0.0,0.0984,0.1098239295718287,0.1001949317738791,0.0182794311651247,3.340637445449829,0.0,0.0,3.340637445449829,0.0984
cifar,iid,20,42,3,4,0.9916239976882936,0.0,0.9939024390243902,0.0,1.0,0.0,0.8410888888888888,0.0034306267806267,,0.9998607680895114,0.0,0.0,0.0984,0.1098239295718287,0.1001949317738791,0.0182794311651247,3.340637445449829,0.0,0.0,3.340637445449829,0.0984
cifar,iid,20,42,3,5,0.9916239976882936,0.0,0.9939024390243902,0.0,1.0,0.0,0.8410888888888888,0.0,,0.9998607680895114,0.0,0.0,0.0984,0.1098239295718287,0.1001949317738791,0.0182794311651247,3.340637445449829,0.0,0.0,3.340637445449829,0.0984
cifar,iid,20,42,3,6,0.9916239976882936,0.0,0.9939024390243902,0.0,1.0,0.0,0.8410888888888888,0.0,,0.9998607680895114,0.0,0.0,0.0984,0.1098239295718287,0.1001949317738791,0.0182794311651247,3.340637445449829,0.0,0.0,3.340637445449829,0.0984
cifar,iid,20,42,3,7,0.9916239976882936,0.0,0.9939024390243902,0.0,1.0,0.0,0.8410888888888888,0.0,,0.9998607680895114,0.0,0.0,0.0984,0.1098239295718287,0.1001949317738791,0.0182794311651247,3.340637445449829,0.0,0.0,3.340637445449829,0.0984
cifar,iid,20,42,3,8,0.9916239976882936,0.0,0.9939024390243902,0.0,1.0,0.0,0.8410888888888888,-0.0003582146248812,,0.9998607680895114,0.0,0.0,0.0984,0.1098239295718287,0.1001949317738791,0.0182794311651247,3.340637445449829,0.0,0.0,3.340637445449829,0.0984
cifar,iid,20,42,3,9,0.9916239976882936,0.0,0.9939024390243902,0.0,1.0,0.0,0.8410888888888888,0.0,,0.9998607680895114,0.0,0.0,0.0984,0.1098239295718287,0.1001949317738791,0.0182794311651247,3.340637445449829,-0.0311025718473038,0.0,3.340637445449829,0.0984
cifar,iid,20,42,3,10,0.9916239976882936,0.0,0.9939024390243902,0.0,1.0,0.0,0.8410888888888888,0.0,,0.9998607680895114,0.0,0.0,0.0984,0.1098239295718287,0.1001949317738791,0.0182794311651247,3.340637445449829,0.0,0.0,3.340637445449829,0.0984
cifar,iid,20,42,3,11,0.9916239976882936,0.0,0.9939024390243902,0.0,1.0,0.0,0.8410888888888888,-0.0005233855650522,,0.9998607680895114,0.0,0.0,0.0984,0.1098239295718287,0.1001949317738791,0.0182794311651247,3.340637445449829,0.0,0.0,3.340637445449829,0.0984
cifar,iid,20,42,3,12,0.9916239976882936,0.0,0.9939024390243902,0.0,1.0,0.0,0.8410888888888888,0.0,,0.9998607680895114,0.0,0.0,0.0984,0.1098239295718287,0.1001949317738791,0.0182794311651247,3.340637445449829,0.0,0.0,3.340637445449829,0.0984
cifar,iid,20,42,3,13,0.9916239976882936,0.0121446754861984,0.9939024390243902,0.020506423078333,1.0,0.0,0.8410888888888888,0.0,,0.9998607680895114,0.0,0.0,0.0984,0.1098239295718287,0.1001949317738791,0.0182794311651247,3.340637445449829,0.0,0.0,3.340637445449829,0.0984
cifar,iid,20,42,3,14,0.9916239976882936,0.0,0.9939024390243902,0.0,1.0,0.0,0.8410888888888888,0.0,,0.9998607680895114,0.0,0.0,0.0984,0.1098239295718287,0.1001949317738791,0.0182794311651247,3.340637445449829,0.0,0.0,3.340637445449829,0.0984
cifar,iid,20,42,3,15,0.9916239976882936,0.0,0.9939024390243902,0.0,1.0,0.0,0.8410888888888888,0.0,,0.9998607680895114,0.0,0.0,0.0984,0.1098239295718287,0.1001949317738791,0.0182794311651247,3.340637445449829,0.0,0.0,3.340637445449829,0.0984
cifar,iid,20,42,3,16,0.9916239976882936,0.0,0.9939024390243902,0.0,1.0,0.0,0.8410888888888888,0.0,,0.9998607680895114,0.0,0.0,0.0984,0.1098239295718287,0.1001949317738791,0.0182794311651247,3.340637445449829,0.0,0.0,3.340637445449829,0.0984
cifar,iid,20,42,3,17,0.9916239976882936,0.0,0.9939024390243902,0.0,1.0,0.0,0.8410888888888888,0.0,,0.9998607680895114,0.0,0.0,0.0984,0.1098239295718287,0.1001949317738791,0.0182794311651247,3.340637445449829,0.0,0.0,3.340637445449829,0.0984
cifar,iid,20,42,3,18,0.9916239976882936,0.0,0.9939024390243902,0.0,1.0,0.0,0.8410888888888888,0.0,,0.9998607680895114,0.0,0.0,0.0984,0.1098239295718287,0.1001949317738791,0.0182794311651247,3.340637445449829,0.0,0.0,3.340637445449829,0.0984
cifar,iid,20,42,3,19,0.9916239976882936,0.0,0.9939024390243902,0.0,1.0,0.0,0.8410888888888888,0.0,,0.9998607680895114,0.0,0.0,0.0984,0.1098239295718287,0.1001949317738791,0.0182794311651247,3.340637445449829,0.0,0.0,3.340637445449829,0.0984
cifar,iid,20,42,4,0,0.8088740110397339,0.0,0.82421875,0.0,1.0,0.0,0.8856666666666668,0.0,,0.9955069497612716,0.0,0.0,0.102,0.2898806699675959,0.1037265149523965,0.025172993717575,3.2560651302337646,0.0,0.0,3.2560651302337646,0.102
cifar,iid,20,42,4,1,0.8088740110397339,0.0,0.82421875,0.0,1.0,0.0,0.8856666666666668,0.0,,0.9955069497612716,0.0,0.0,0.102,0.2898806699675959,0.1037265149523965,0.025172993717575,3.2560651302337646,0.0,0.0,3.2560651302337646,0.102
cifar,iid,20,42,4,2,0.8088740110397339,0.0,0.82421875,0.0796454154811381,1.0,0.0,0.8856666666666668,0.0,,0.9955069497612716,0.0,0.0,0.102,0.2898806699675959,0.1037265149523965,0.025172993717575,3.2560651302337646,0.0,0.0,3.2560651302337646,0.102
cifar,iid,20,42,4,3,0.8088740110397339,0.0672379308276706,0.82421875,0.1381286435600607,1.0,0.0,0.8856666666666668,0.0,,0.9955069497612716,0.0021995597866785,0.0021995597866785,0.102,0.2898806699675959,0.1037265149523965,0.025172993717575,3.2560651302337646,0.0,0.0,3.2560651302337646,0.102
cifar,iid,20,42,4,4,0.8088740110397339,0.0,0.82421875,0.0,1.0,0.0,0.8856666666666668,0.0,,0.9955069497612716,0.0,0.0,0.102,0.2898806699675959,0.1037265149523965,0.025172993717575,3.2560651302337646,0.0,0.0,3.2560651302337646,0.102
cifar,iid,20,42,4,5,0.8088740110397339,0.0,0.82421875,0.0,1.0,0.0,0.8856666666666668,0.0,,0.9955069497612716,0.0,0.0,0.102,0.2898806699675959,0.1037265149523965,0.025172993717575,3.2560651302337646,0.0,0.0,3.2560651302337646,0.102
cifar,iid,20,42,4,6,0.8088740110397339,0.0,0.82421875,0.0,1.0,0.0,0.8856666666666668,0.0,,0.9955069497612716,0.0,0.0,0.102,0.2898806699675959,0.1037265149523965,0.025172993717575,3.2560651302337646,0.0,0.0,3.2560651302337646,0.102
cifar,iid,20,42,4,7,0.8088740110397339,0.0,0.82421875,0.0,1.0,0.0,0.8856666666666668,0.0,,0.9955069497612716,0.0,0.0,0.102,0.2898806699675959,0.1037265149523965,0.025172993717575,3.2560651302337646,0.0,0.0,3.2560651302337646,0.102
cifar,iid,20,42,4,8,0.8088740110397339,0.0,0.82421875,0.0,1.0,0.0,0.8856666666666668,0.0,,0.9955069497612716,-0.0014297794381886,0.0014297794381886,0.102,0.2898806699675959,0.1037265149523965,0.025172993717575,3.2560651302337646,0.0,0.0,3.2560651302337646,0.102
cifar,iid,20,42,4,9,0.8088740110397339,0.0,0.82421875,0.0,1.0,0.0,0.8856666666666668,0.0,,0.9955069497612716,0.0,0.0,0.102,0.2898806699675959,0.1037265149523965,0.025172993717575,3.2560651302337646,0.0,0.0,3.2560651302337646,0.102
cifar,iid,20,42,4,10,0.8088740110397339,0.0,0.82421875,0.0,1.0,0.0,0.8856666666666668,0.0,,0.9955069497612716,0.0,0.0,0.102,0.2898806699675959,0.1037265149523965,0.025172993717575,3.2560651302337646,0.0,0.0,3.2560651302337646,0.102
cifar,iid,20,42,4,11,0.8088740110397339,0.0,0.82421875,0.0,1.0,0.0,0.8856666666666668,0.0,,0.9955069497612716,0.0,0.0,0.102,0.2898806699675959,0.1037265149523965,0.025172993717575,3.2560651302337646,0.0,0.0,3.2560651302337646,0.102
cifar,iid,20,42,4,12,0.8088740110397339,0.0380497336387634,0.82421875,0.0,1.0,0.0,0.8856666666666668,0.0,,0.9955069497612716,0.0,0.0,0.102,0.2898806699675959,0.1037265149523965,0.025172993717575,3.2560651302337646,0.0,0.0,3.2560651302337646,0.102
cifar,iid,20,42,4,13,0.8088740110397339,0.0,0.82421875,0.0,1.0,0.0,0.8856666666666668,-0.0011316923685251,,0.9955069497612716,0.0015100654505343,0.0015100654505343,0.102,0.2898806699675959,0.1037265149523965,0.025172993717575,3.2560651302337646,0.0,0.0,3.2560651302337646,0.102
cifar,iid,20,42,4,14,0.8088740110397339,0.0,0.82421875,0.0,1.0,0.0,0.8856666666666668,0.0004380189798339,,0.9955069497612716,0.0,0.0,0.102,0.2898806699675959,0.1037265149523965,0.025172993717575,3.2560651302337646,0.0,0.0,3.2560651302337646,0.102
cifar,iid,20,42,4,15,0.8088740110397339,0.0,0.82421875,0.0,1.0,0.0,0.8856666666666668,0.0,,0.9955069497612716,0.0,0.0,0.102,0.2898806699675959,0.1037265149523965,0.025172993717575,3.2560651302337646,0.0,0.0,3.2560651302337646,0.102
cifar,iid,20,42,4,16,0.8088740110397339,0.0,0.82421875,0.0,1.0,0.0,0.8856666666666668,-0.001155990510083,,0.9955069497612716,0.0,0.0,0.102,0.2898806699675959,0.1037265149523965,0.025172993717575,3.2560651302337646,0.0,0.0,3.2560651302337646,0.102
cifar,iid,20,42,4,17,0.8088740110397339,0.0,0.82421875,0.0,1.0,0.0,0.8856666666666668,0.0,,0.9955069497612716,0.0,0.0,0.102,0.2898806699675959,0.1037265149523965,0.025172993717575,3.2560651302337646,-0.0507039566040039,0.0,3.2560651302337646,0.102
cifar,iid,20,42,4,18,0.8088740110397339,0.0,0.82421875,0.0,1.0,0.0,0.8856666666666668,0.0,,0.9955069497612716,0.0,0.0,0.102,0.2898806699675959,0.1037265149523965,0.025172993717575,3.2560651302337646,0.0,0.0039025773195876,3.2560651302337646,0.102
cifar,iid,20,42,4,19,0.8088740110397339,0.0,0.82421875,0.0,1.0,0.0,0.8856666666666668,0.0,,0.9955069497612716,0.0,0.0,0.102,0.2898806699675959,0.1037265149523965,0.025172993717575,3.2560651302337646,0.0,0.0,3.2560651302337646,0.102
cifar,iid,20,42,5,0,0.4682919979095459,0.0,0.3323615160349854,0.0,1.0,0.0,0.8349555555555555,0.0,,0.9741307911608872,0.0,0.0,0.1392,0.3142763139784744,0.1407015064719146,0.0792078793101204,2.988718748092652,0.0,0.0,2.988718748092652,0.1392
cifar,iid,20,42,5,1,0.4682919979095459,0.0,0.3323615160349854,0.0,1.0,0.0,0.8349555555555555,0.0,,0.9741307911608872,0.0,0.0,0.1392,0.3142763139784744,0.1407015064719146,0.0792078793101204,2.988718748092652,0.0,0.0,2.988718748092652,0.1392
cifar,iid,20,42,5,2,0.4682919979095459,0.0,0.3323615160349854,0.0223526253840524,1.0,0.0,0.8349555555555555,0.0,,0.9741307911608872,0.0,0.0,0.1392,0.3142763139784744,0.1407015064719146,0.0792078793101204,2.988718748092652,0.0,0.0,2.988718748092652,0.1392
cifar,iid,20,42,5,3,0.4682919979095459,0.0,0.3323615160349854,0.0672809283724617,1.0,0.0,0.8349555555555555,0.0,,0.9741307911608872,0.001073179530483,0.001073179530483,0.1392,0.3142763139784744,0.1407015064719146,0.0792078793101204,2.988718748092652,0.0,0.0,2.988718748092652,0.1392
cifar,iid,20,42,5,4,0.4682919979095459,0.0,0.3323615160349854,0.0,1.0,0.0,0.8349555555555555,-0.0030124319419237,,0.9741307911608872,0.0,0.0,0.1392,0.3142763139784744,0.1407015064719146,0.0792078793101204,2.988718748092652,0.0,0.0,2.988718748092652,0.1392
cifar,iid,20,42,5,5,0.4682919979095459,0.0,0.3323615160349854,0.0,1.0,0.0,0.8349555555555555,0.0,,0.9741307911608872,0.0,0.0,0.1392,0.3142763139784744,0.1407015064719146,0.0792078793101204,2.988718748092652,0.0,0.0,2.988718748092652,0.1392
cifar,iid,20,42,5,6,0.4682919979095459,0.0,0.3323615160349854,0.0,1.0,0.0,0.8349555555555555,0.0,,0.9741307911608872,0.0,0.0,0.1392,0.3142763139784744,0.1407015064719146,0.0792078793101204,2.988718748092652,0.0,0.0,2.988718748092652,0.1392
cifar,iid,20,42,5,7,0.4682919979095459,0.0,0.3323615160349854,0.0,1.0,0.0,0.8349555555555555,0.0,,0.9741307911608872,0.0,0.0,0.1392,0.3142763139784744,0.1407015064719146,0.0792078793101204,2.988718748092652,0.0,0.0,2.988718748092652,0.1392
cifar,iid,20,42,5,8,0.4682919979095459,0.0,0.3323615160349854,0.0,1.0,0.0,0.8349555555555555,0.0,,0.9741307911608872,0.0,0.0,0.1392,0.3142763139784744,0.1407015064719146,0.0792078793101204,2.988718748092652,0.0,0.0,2.988718748092652,0.1392
cifar,iid,20,42,5,9,0.4682919979095459,0.0,0.3323615160349854,0.0,1.0,0.0,0.8349555555555555,0.0,,0.9741307911608872,0.0,0.0,0.1392,0.3142763139784744,0.1407015064719146,0.0792078793101204,2.988718748092652,0.0,0.0,2.988718748092652,0.1392
cifar,iid,20,42,5,10,0.4682919979095459,0.0,0.3323615160349854,0.0,1.0,0.0,0.8349555555555555,0.0,,0.9741307911608872,0.0,0.0,0.1392,0.3142763139784744,0.1407015064719146,0.0792078793101204,2.988718748092652,0.0,0.0,2.988718748092652,0.1392
cifar,iid,20,42,5,11,0.4682919979095459,0.0,0.3323615160349854,0.0,1.0,0.0,0.8349555555555555,-0.0015850272232304,,0.9741307911608872,0.0,0.0,0.1392,0.3142763139784744,0.1407015064719146,0.0792078793101204,2.988718748092652,0.0,0.0,2.988718748092652,0.1392
cifar,iid,20,42,5,12,0.4682919979095459,0.067246104989733,0.3323615160349854,0.0,1.0,0.0,0.8349555555555555,0.0,,0.9741307911608872,0.0,0.0,0.1392,0.3142763139784744,0.1407015064719146,0.0792078793101204,2.988718748092652,0.0,0.0,2.988718748092652,0.1392
cifar,iid,20,42,5,13,0.4682919979095459,0.0,0.3323615160349854,0.0,1.0,0.0,0.8349555555555555,0.0,,0.9741307911608872,0.0003568211150418,0.0003568211150418,0.1392,0.3142763139784744,0.1407015064719146,0.0792078793101204,2.988718748092652,0.0,0.0,2.988718748092652,0.1392
cifar,iid,20,42,5,14,0.4682919979095459,0.0,0.3323615160349854,0.0,1.0,0.0,0.8349555555555555,0.0,,0.9741307911608872,0.0,0.0,0.1392,0.3142763139784744,0.1407015064719146,0.0792078793101204,2.988718748092652,0.0,0.0,2.988718748092652,0.1392
cifar,iid,20,42,5,15,0.4682919979095459,0.0,0.3323615160349854,0.0,1.0,0.0,0.8349555555555555,0.0031869126840088,,0.9741307911608872,0.0,0.0,0.1392,0.3142763139784744,0.1407015064719146,0.0792078793101204,2.988718748092652,0.0,0.0,2.988718748092652,0.1392
cifar,iid,20,42,5,16,0.4682919979095459,0.0,0.3323615160349854,0.0,1.0,0.0,0.8349555555555555,0.0,,0.9741307911608872,0.0,0.0,0.1392,0.3142763139784744,0.1407015064719146,0.0792078793101204,2.988718748092652,0.0,0.0063347826086956,2.988718748092652,0.1392
cifar,iid,20,42,5,17,0.4682919979095459,0.0,0.3323615160349854,0.0,1.0,0.0,0.8349555555555555,0.0,,0.9741307911608872,0.0,0.0,0.1392,0.3142763139784744,0.1407015064719146,0.0792078793101204,2.988718748092652,-0.0687483709032942,0.0,2.988718748092652,0.1392
cifar,iid,20,42,5,18,0.4682919979095459,0.0,0.3323615160349854,0.0,1.0,0.0,0.8349555555555555,0.0,,0.9741307911608872,0.0,0.0,0.1392,0.3142763139784744,0.1407015064719146,0.0792078793101204,2.988718748092652,0.0,0.009331304347826,2.988718748092652,0.1392
cifar,iid,20,42,5,19,0.4682919979095459,0.0,0.3323615160349854,0.0,1.0,0.0,0.8349555555555555,0.0,,0.9741307911608872,0.0,0.0,0.1392,0.3142763139784744,0.1407015064719146,0.0792078793101204,2.988718748092652,-0.0703241170906439,0.0,2.988718748092652,0.1392
cifar,iid,20,42,6,0,0.3816379904747009,0.0,0.1028571428571428,0.0,1.0,0.0,0.7671999999999999,0.0,,0.9554434158885062,0.0,0.0,0.206,0.4659163796074589,0.2075717354162733,0.1485912348572305,2.613248825073242,0.0,0.0,2.613248825073242,0.206
cifar,iid,20,42,6,1,0.3816379904747009,0.0,0.1028571428571428,0.0,1.0,0.0,0.7671999999999999,0.0025840579710144,,0.9554434158885062,0.0,0.0,0.206,0.4659163796074589,0.2075717354162733,0.1485912348572305,2.613248825073242,0.0,0.0,2.613248825073242,0.206
cifar,iid,20,42,6,2,0.3816379904747009,0.0,0.1028571428571428,0.0,1.0,0.0,0.7671999999999999,0.0,,0.9554434158885062,0.0,0.0,0.206,0.4659163796074589,0.2075717354162733,0.1485912348572305,2.613248825073242,0.0,0.0,2.613248825073242,0.206
cifar,iid,20,42,6,3,0.3816379904747009,0.0,0.1028571428571428,0.0,1.0,0.0,0.7671999999999999,0.0,,0.9554434158885062,0.0,0.0,0.206,0.4659163796074589,0.2075717354162733,0.1485912348572305,2.613248825073242,0.0,0.0,2.613248825073242,0.206
cifar,iid,20,42,6,4,0.3816379904747009,0.0,0.1028571428571428,0.0,1.0,0.0,0.7671999999999999,0.0,,0.9554434158885062,0.0,0.0,0.206,0.4659163796074589,0.2075717354162733,0.1485912348572305,2.613248825073242,0.0,0.0,2.613248825073242,0.206
cifar,iid,20,42,6,5,0.3816379904747009,0.0,0.1028571428571428,0.0,1.0,0.0,0.7671999999999999,0.0,,0.9554434158885062,0.0,0.0,0.206,0.4659163796074589,0.2075717354162733,0.1485912348572305,2.613248825073242,0.0,0.0,2.613248825073242,0.206
cifar,iid,20,42,6,6,0.3816379904747009,0.0,0.1028571428571428,0.0,1.0,0.0,0.7671999999999999,0.0,,0.9554434158885062,0.0,0.0,0.206,0.4659163796074589,0.2075717354162733,0.1485912348572305,2.613248825073242,0.0,0.0,2.613248825073242,0.206
cifar,iid,20,42,6,7,0.3816379904747009,0.0,0.1028571428571428,0.0,1.0,0.0,0.7671999999999999,0.006129974695192,,0.9554434158885062,0.0,0.0,0.206,0.4659163796074589,0.2075717354162733,0.1485912348572305,2.613248825073242,0.0,0.0,2.613248825073242,0.206
cifar,iid,20,42,6,8,0.3816379904747009,0.0451063761237071,0.1028571428571428,-0.0115342652296036,1.0,0.0,0.7671999999999999,0.0,,0.9554434158885062,-0.0015283178598229,0.0015283178598229,0.206,0.4659163796074589,0.2075717354162733,0.1485912348572305,2.613248825073242,0.0,0.0,2.613248825073242,0.206
cifar,iid,20,42,6,9,0.3816379904747009,0.0,0.1028571428571428,0.0,1.0,0.0,0.7671999999999999,-0.0019318380492293,,0.9554434158885062,0.0,0.0,0.206,0.4659163796074589,0.2075717354162733,0.1485912348572305,2.613248825073242,0.0,0.0,2.613248825073242,0.206
cifar,iid,20,42,6,10,0.3816379904747009,0.0,0.1028571428571428,0.0,1.0,0.0,0.7671999999999999,-0.0053662525879917,,0.9554434158885062,0.0,0.0,0.206,0.4659163796074589,0.2075717354162733,0.1485912348572305,2.613248825073242,0.0,0.0,2.613248825073242,0.206
cifar,iid,20,42,6,11,0.3816379904747009,0.0,0.1028571428571428,0.0,1.0,0.0,0.7671999999999999,-0.0041123303427651,,0.9554434158885062,0.0,0.0,0.206,0.4659163796074589,0.2075717354162733,0.1485912348572305,2.613248825073242,0.0,0.0,2.613248825073242,0.206
cifar,iid,20,42,6,12,0.3816379904747009,0.0,0.1028571428571428,0.0,1.0,0.0,0.7671999999999999,0.0046439843570278,,0.9554434158885062,0.0,0.0,0.206,0.4659163796074589,0.2075717354162733,0.1485912348572305,2.613248825073242,0.0,0.0,2.613248825073242,0.206
cifar,iid,20,42,6,13,0.3816379904747009,0.0,0.1028571428571428,0.0,1.0,0.0,0.7671999999999999,0.0010640901771336,,0.9554434158885062,0.0,0.0,0.206,0.4659163796074589,0.2075717354162733,0.1485912348572305,2.613248825073242,0.0,0.0,2.613248825073242,0.206
cifar,iid,20,42,6,14,0.3816379904747009,0.0,0.1028571428571428,0.0,1.0,0.0,0.7671999999999999,0.0,,0.9554434158885062,0.0,0.0,0.206,0.4659163796074589,0.2075717354162733,0.1485912348572305,2.613248825073242,0.0,0.012575623268698,2.613248825073242,0.206
cifar,iid,20,42,6,15,0.3816379904747009,0.0,0.1028571428571428,0.0,1.0,0.0,0.7671999999999999,0.0,,0.9554434158885062,0.0,0.0,0.206,0.4659163796074589,0.2075717354162733,0.1485912348572305,2.613248825073242,0.0,0.0,2.613248825073242,0.206
cifar,iid,20,42,6,16,0.3816379904747009,0.0,0.1028571428571428,0.0,1.0,0.0,0.7671999999999999,0.0,,0.9554434158885062,0.0,0.0,0.206,0.4659163796074589,0.2075717354162733,0.1485912348572305,2.613248825073242,0.0,0.0,2.613248825073242,0.206
cifar,iid,20,42,6,17,0.3816379904747009,0.0,0.1028571428571428,0.0,1.0,0.0,0.7671999999999999,0.0,,0.9554434158885062,0.0,0.0,0.206,0.4659163796074589,0.2075717354162733,0.1485912348572305,2.613248825073242,-0.0793802305892273,0.0,2.613248825073242,0.206
cifar,iid,20,42,6,18,0.3816379904747009,0.0,0.1028571428571428,0.0,1.0,0.0,0.7671999999999999,0.0,,0.9554434158885062,0.0,0.0,0.206,0.4659163796074589,0.2075717354162733,0.1485912348572305,2.613248825073242,0.0,0.0110648199445983,2.613248825073242,0.206
cifar,iid,20,42,6,19,0.3816379904747009,0.0,0.1028571428571428,0.0,1.0,0.0,0.7671999999999999,0.0,,0.9554434158885062,0.0,0.0,0.206,0.4659163796074589,0.2075717354162733,0.1485912348572305,2.613248825073242,-0.0640430712437891,0.0,2.613248825073242,0.206
cifar,iid,20,42,7,0,0.4336640238761902,0.0,0.0832147937411095,0.0,0.9990529453958577,0.0,0.7668444444444447,0.0,,0.9524585626465146,0.0,0.0,0.2818,0.5462871756693308,0.2833085019435361,0.2303376690024009,2.187995195388794,0.0,0.0,2.187995195388794,0.2818
cifar,iid,20,42,7,1,0.4336640238761902,0.0,0.0832147937411095,0.0,0.9990529453958577,0.0,0.7668444444444447,0.0,,0.9524585626465146,0.0,0.0,0.2818,0.5462871756693308,0.2833085019435361,0.2303376690024009,2.187995195388794,0.0,0.0,2.187995195388794,0.2818
cifar,iid,20,42,7,2,0.4336640238761902,0.0,0.0832147937411095,0.0,0.9990529453958577,0.0,0.7668444444444447,0.0,,0.9524585626465146,0.0,0.0,0.2818,0.5462871756693308,0.2833085019435361,0.2303376690024009,2.187995195388794,0.0,0.0,2.187995195388794,0.2818
cifar,iid,20,42,7,3,0.4336640238761902,0.0,0.0832147937411095,0.0,0.9990529453958577,0.0,0.7668444444444447,0.0,,0.9524585626465146,0.0,0.0,0.2818,0.5462871756693308,0.2833085019435361,0.2303376690024009,2.187995195388794,0.0,0.0,2.187995195388794,0.2818
cifar,iid,20,42,7,4,0.4336640238761902,0.0,0.0832147937411095,0.0,0.9990529453958577,0.0,0.7668444444444447,0.0,,0.9524585626465146,0.0,0.0,0.2818,0.5462871756693308,0.2833085019435361,0.2303376690024009,2.187995195388794,0.0,0.0,2.187995195388794,0.2818
cifar,iid,20,42,7,5,0.4336640238761902,0.0,0.0832147937411095,0.0,0.9990529453958577,0.0,0.7668444444444447,0.0,,0.9524585626465146,0.0,0.0,0.2818,0.5462871756693308,0.2833085019435361,0.2303376690024009,2.187995195388794,0.0,0.0,2.187995195388794,0.2818
cifar,iid,20,42,7,6,0.4336640238761902,0.0,0.0832147937411095,0.0,0.9990529453958577,0.0,0.7668444444444447,0.0,,0.9524585626465146,0.0,0.0,0.2818,0.5462871756693308,0.2833085019435361,0.2303376690024009,2.187995195388794,0.0,0.0,2.187995195388794,0.2818
cifar,iid,20,42,7,7,0.4336640238761902,0.0,0.0832147937411095,0.0,0.9990529453958577,0.0,0.7668444444444447,0.0,,0.9524585626465146,0.0,0.0,0.2818,0.5462871756693308,0.2833085019435361,0.2303376690024009,2.187995195388794,0.0,0.0,2.187995195388794,0.2818
cifar,iid,20,42,7,8,0.4336640238761902,0.0808264334689696,0.0832147937411095,0.0238906431211277,0.9990529453958577,0.0,0.7668444444444447,0.0,,0.9524585626465146,0.0026665734955145,0.0026665734955145,0.2818,0.5462871756693308,0.2833085019435361,0.2303376690024009,2.187995195388794,0.0,0.0,2.187995195388794,0.2818
cifar,iid,20,42,7,9,0.4336640238761902,0.0,0.0832147937411095,0.0,0.9990529453958577,0.0,0.7668444444444447,0.0,,0.9524585626465146,0.0,0.0,0.2818,0.5462871756693308,0.2833085019435361,0.2303376690024009,2.187995195388794,0.0,0.0,2.187995195388794,0.2818
cifar,iid,20,42,7,10,0.4336640238761902,0.0,0.0832147937411095,0.0,0.9990529453958577,0.0,0.7668444444444447,0.0,,0.9524585626465146,0.0,0.0,0.2818,0.5462871756693308,0.2833085019435361,0.2303376690024009,2.187995195388794,0.0,0.0,2.187995195388794,0.2818
cifar,iid,20,42,7,11,0.4336640238761902,0.0,0.0832147937411095,0.0,0.9990529453958577,0.0,0.7668444444444447,0.0,,0.9524585626465146,0.0,0.0,0.2818,0.5462871756693308,0.2833085019435361,0.2303376690024009,2.187995195388794,0.0,0.0,2.187995195388794,0.2818
cifar,iid,20,42,7,12,0.4336640238761902,0.0,0.0832147937411095,0.0,0.9990529453958577,0.0,0.7668444444444447,0.0049400301239717,,0.9524585626465146,0.0,0.0,0.2818,0.5462871756693308,0.2833085019435361,0.2303376690024009,2.187995195388794,0.0,0.0,2.187995195388794,0.2818
cifar,iid,20,42,7,13,0.4336640238761902,0.0,0.0832147937411095,0.0,0.9990529453958577,0.0,0.7668444444444447,0.0,,0.9524585626465146,0.0,0.0,0.2818,0.5462871756693308,0.2833085019435361,0.2303376690024009,2.187995195388794,-0.1138667200185075,0.0140989583333333,2.187995195388794,0.2818
cifar,iid,20,42,7,14,0.4336640238761902,0.0,0.0832147937411095,0.0,0.9990529453958577,0.0,0.7668444444444447,0.0,,0.9524585626465146,0.0,0.0,0.2818,0.5462871756693308,0.2833085019435361,0.2303376690024009,2.187995195388794,0.0,0.0,2.187995195388794,0.2818
cifar,iid,20,42,7,15,0.4336640238761902,0.0,0.0832147937411095,0.0,0.9990529453958577,0.0,0.7668444444444447,-0.0089936507936508,,0.9524585626465146,0.0,0.0,0.2818,0.5462871756693308,0.2833085019435361,0.2303376690024009,2.187995195388794,0.0,0.0,2.187995195388794,0.2818
cifar,iid,20,42,7,16,0.4336640238761902,0.0,0.0832147937411095,0.0,0.9990529453958577,0.0,0.7668444444444447,0.0,,0.9524585626465146,0.0,0.0,0.2818,0.5462871756693308,0.2833085019435361,0.2303376690024009,2.187995195388794,0.0,0.0,2.187995195388794,0.2818
cifar,iid,20,42,7,17,0.4336640238761902,0.0,0.0832147937411095,0.0,0.9990529453958577,0.0,0.7668444444444447,0.0020284092225698,,0.9524585626465146,0.0,0.0,0.2818,0.5462871756693308,0.2833085019435361,0.2303376690024009,2.187995195388794,0.0,0.0,2.187995195388794,0.2818
cifar,iid,20,42,7,18,0.4336640238761902,0.0,0.0832147937411095,0.0,0.9990529453958577,0.0,0.7668444444444447,0.0,,0.9524585626465146,0.0,0.0,0.2818,0.5462871756693308,0.2833085019435361,0.2303376690024009,2.187995195388794,0.0,0.0,2.187995195388794,0.2818
cifar,iid,20,42,7,19,0.4336640238761902,0.0,0.0832147937411095,0.0,0.9990529453958577,0.0,0.7668444444444447,0.0,,0.9524585626465146,0.0,0.0,0.2818,0.5462871756693308,0.2833085019435361,0.2303376690024009,2.187995195388794,0.0,0.0,2.187995195388794,0.2818
cifar,iid,20,42,8,0,0.396668016910553,0.0,0.0784641068447412,0.0,0.9951526495113422,0.0,0.7365666666666668,0.0,,0.9494417722147762,0.0,0.0,0.3578,0.6372583069573159,0.3588916785211399,0.3438310809525722,1.832638502120972,0.0,0.0,1.832638502120972,0.3578
cifar,iid,20,42,8,1,0.396668016910553,0.0,0.0784641068447412,0.0,0.9951526495113422,0.0,0.7365666666666668,0.0,,0.9494417722147762,0.0,0.0,0.3578,0.6372583069573159,0.3588916785211399,0.3438310809525722,1.832638502120972,0.0,0.0,1.832638502120972,0.3578
cifar,iid,20,42,8,2,0.396668016910553,0.0,0.0784641068447412,0.0,0.9951526495113422,0.0,0.7365666666666668,0.0011370842179759,,0.9494417722147762,0.0,0.0,0.3578,0.6372583069573159,0.3588916785211399,0.3438310809525722,1.832638502120972,0.0,0.0,1.832638502120972,0.3578
cifar,iid,20,42,8,3,0.396668016910553,0.0,0.0784641068447412,0.0,0.9951526495113422,0.0,0.7365666666666668,0.0,,0.9494417722147762,0.0,0.0,0.3578,0.6372583069573159,0.3588916785211399,0.3438310809525722,1.832638502120972,0.0,0.0,1.832638502120972,0.3578
cifar,iid,20,42,8,4,0.396668016910553,0.0,0.0784641068447412,0.0,0.9951526495113422,0.0,0.7365666666666668,-0.0036814720452936,,0.9494417722147762,0.0,0.0,0.3578,0.6372583069573159,0.3588916785211399,0.3438310809525722,1.832638502120972,0.0,0.0,1.832638502120972,0.3578
cifar,iid,20,42,8,5,0.396668016910553,0.0,0.0784641068447412,0.0,0.9951526495113422,0.0,0.7365666666666668,-0.0031406652512385,,0.9494417722147762,0.0,0.0,0.3578,0.6372583069573159,0.3588916785211399,0.3438310809525722,1.832638502120972,0.0,0.0,1.832638502120972,0.3578
cifar,iid,20,42,8,6,0.396668016910553,0.0,0.0784641068447412,0.0,0.9951526495113422,0.0,0.7365666666666668,0.0,,0.9494417722147762,0.0,0.0,0.3578,0.6372583069573159,0.3588916785211399,0.3438310809525722,1.832638502120972,0.0,0.0,1.832638502120972,0.3578
cifar,iid,20,42,8,7,0.396668016910553,0.0,0.0784641068447412,0.0,0.9951526495113422,0.0,0.7365666666666668,-0.0066249823071479,,0.9494417722147762,0.0,0.0,0.3578,0.6372583069573159,0.3588916785211399,0.3438310809525722,1.832638502120972,0.0,0.0,1.832638502120972,0.3578
cifar,iid,20,42,8,8,0.396668016910553,0.1036206766178733,0.0784641068447412,0.0334667452747202,0.9951526495113422,0.0014984205131868,0.7365666666666668,0.0,,0.9494417722147762,0.0037764852579707,0.0037764852579707,0.3578,0.6372583069573159,0.3588916785211399,0.3438310809525722,1.832638502120972,0.0,0.0,1.832638502120972,0.3578
cifar,iid,20,42,8,9,0.396668016910553,0.0,0.0784641068447412,0.0,0.9951526495113422,0.0,0.7365666666666668,-0.0020668365180467,,0.9494417722147762,0.0,0.0,0.3578,0.6372583069573159,0.3588916785211399,0.3438310809525722,1.832638502120972,0.0,0.0,1.832638502120972,0.3578
cifar,iid,20,42,8,10,0.396668016910553,0.0,0.0784641068447412,0.0,0.9951526495113422,0.0,0.7365666666666668,0.0,,0.9494417722147762,0.0,0.0,0.3578,0.6372583069573159,0.3588916785211399,0.3438310809525722,1.832638502120972,0.0,0.0,1.832638502120972,0.3578
cifar,iid,20,42,8,11,0.396668016910553,0.0,0.0784641068447412,0.0,0.9951526495113422,0.0,0.7365666666666668,0.0,,0.9494417722147762,0.0,0.0,0.3578,0.6372583069573159,0.3588916785211399,0.3438310809525722,1.832638502120972,0.0,0.0,1.832638502120972,0.3578
cifar,iid,20,42,8,12,0.396668016910553,0.0,0.0784641068447412,0.0,0.9951526495113422,0.0,0.7365666666666668,0.0,,0.9494417722147762,0.0,0.0,0.3578,0.6372583069573159,0.3588916785211399,0.3438310809525722,1.832638502120972,0.0,0.0,1.832638502120972,0.3578
cifar,iid,20,42,8,13,0.396668016910553,0.0,0.0784641068447412,0.0,0.9951526495113422,0.0,0.7365666666666668,0.0,,0.9494417722147762,0.0,0.0,0.3578,0.6372583069573159,0.3588916785211399,0.3438310809525722,1.832638502120972,-0.0991343375855842,0.0,1.832638502120972,0.3578
cifar,iid,20,42,8,14,0.396668016910553,0.0,0.0784641068447412,0.0,0.9951526495113422,0.0,0.7365666666666668,0.0,,0.9494417722147762,0.0,0.0,0.3578,0.6372583069573159,0.3588916785211399,0.3438310809525722,1.832638502120972,0.0,0.0,1.832638502120972,0.3578
cifar,iid,20,42,8,15,0.396668016910553,0.0,0.0784641068447412,0.0,0.9951526495113422,0.0,0.7365666666666668,0.0,,0.9494417722147762,0.0,0.0,0.3578,0.6372583069573159,0.3588916785211399,0.3438310809525722,1.832638502120972,0.0,0.0,1.832638502120972,0.3578
cifar,iid,20,42,8,16,0.396668016910553,0.0,0.0784641068447412,0.0,0.9951526495113422,0.0,0.7365666666666668,0.0,,0.9494417722147762,0.0,0.0,0.3578,0.6372583069573159,0.3588916785211399,0.3438310809525722,1.832638502120972,0.0,0.0,1.832638502120972,0.3578
cifar,iid,20,42,8,17,0.396668016910553,0.0,0.0784641068447412,0.0,0.9951526495113422,0.0,0.7365666666666668,-0.0017232554847841,,0.9494417722147762,0.0,0.0,0.3578,0.6372583069573159,0.3588916785211399,0.3438310809525722,1.832638502120972,0.0,0.0197302325581395,1.832638502120972,0.3578
cifar,iid,20,42,8,18,0.396668016910553,0.0,0.0784641068447412,0.0,0.9951526495113422,0.0,0.7365666666666668,0.0,,0.9494417722147762,0.0,0.0,0.3578,0.6372583069573159,0.3588916785211399,0.3438310809525722,1.832638502120972,-0.0688980743948337,0.0115596899224806,1.832638502120972,0.3578
cifar,iid,20,42,8,19,0.396668016910553,0.0,0.0784641068447412,0.0,0.9951526495113422,0.0,0.7365666666666668,0.0,,0.9494417722147762,0.0,0.0,0.3578,0.6372583069573159,0.3588916785211399,0.3438310809525722,1.832638502120972,0.0,0.0,1.832638502120972,0.3578
cifar,iid,20,42,9,0,0.3417140245437622,0.0,0.0557553956834532,0.0,0.9793497265309782,0.0001066704519278,0.5989333333333333,0.0074930536555707,,0.9411040151051312,0.0,0.0,0.4402,0.6392371776873926,0.4413135174641183,0.4494849132087831,1.5631003379821775,0.0,0.0,1.5631003379821775,0.4402
cifar,iid,20,42,9,1,0.3417140245437622,0.0,0.0557553956834532,0.0,0.9793497265309782,0.0,0.5989333333333333,0.0,,0.9411040151051312,0.0,0.0,0.4402,0.6392371776873926,0.4413135174641183,0.4494849132087831,1.5631003379821775,0.0,0.0,1.5631003379821775,0.4402
cifar,iid,20,42,9,2,0.3417140245437622,0.0,0.0557553956834532,0.0,0.9793497265309782,0.0,0.5989333333333333,0.0,,0.9411040151051312,0.0,0.0,0.4402,0.6392371776873926,0.4413135174641183,0.4494849132087831,1.5631003379821775,0.0,0.0,1.5631003379821775,0.4402
cifar,iid,20,42,9,3,0.3417140245437622,0.0,0.0557553956834532,0.0,0.9793497265309782,0.0,0.5989333333333333,0.0,,0.9411040151051312,0.0,0.0,0.4402,0.6392371776873926,0.4413135174641183,0.4494849132087831,1.5631003379821775,0.0,0.0,1.5631003379821775,0.4402
cifar,iid,20,42,9,4,0.3417140245437622,0.0,0.0557553956834532,0.0,0.9793497265309782,-0.00033199340827,0.5989333333333333,0.0,,0.9411040151051312,0.0,0.0,0.4402,0.6392371776873926,0.4413135174641183,0.4494849132087831,1.5631003379821775,0.0,0.0,1.5631003379821775,0.4402
cifar,iid,20,42,9,5,0.3417140245437622,0.0,0.0557553956834532,0.0,0.9793497265309782,-0.0018086468580197,0.5989333333333333,0.0,,0.9411040151051312,0.0,0.0,0.4402,0.6392371776873926,0.4413135174641183,0.4494849132087831,1.5631003379821775,0.0,0.0,1.5631003379821775,0.4402
cifar,iid,20,42,9,6,0.3417140245437622,0.0,0.0557553956834532,0.0,0.9793497265309782,0.0003792260554757,0.5989333333333333,0.0,,0.9411040151051312,0.0,0.0,0.4402,0.6392371776873926,0.4413135174641183,0.4494849132087831,1.5631003379821775,0.0,0.0,1.5631003379821775,0.4402
cifar,iid,20,42,9,7,0.3417140245437622,0.0,0.0557553956834532,0.0,0.9793497265309782,0.0,0.5989333333333333,0.0,,0.9411040151051312,0.0,0.0,0.4402,0.6392371776873926,0.4413135174641183,0.4494849132087831,1.5631003379821775,0.0,0.0,1.5631003379821775,0.4402
cifar,iid,20,42,9,8,0.3417140245437622,0.0930473670667531,0.0557553956834532,0.020699657635065,0.9793497265309782,0.0006697875473166,0.5989333333333333,0.0,,0.9411040151051312,0.0030411484333977,0.0030411484333977,0.4402,0.6392371776873926,0.4413135174641183,0.4494849132087831,1.5631003379821775,0.0,0.0,1.5631003379821775,0.4402
cifar,iid,20,42,9,9,0.3417140245437622,0.0,0.0557553956834532,0.0,0.9793497265309782,-0.000493521449895,0.5989333333333333,0.0,,0.9411040151051312,0.0,0.0,0.4402,0.6392371776873926,0.4413135174641183,0.4494849132087831,1.5631003379821775,0.0,0.0,1.5631003379821775,0.4402
cifar,iid,20,42,9,10,0.3417140245437622,0.0,0.0557553956834532,0.0,0.9793497265309782,-0.0014426627422579,0.5989333333333333,0.0,,0.9411040151051312,0.0,0.0,0.4402,0.6392371776873926,0.4413135174641183,0.4494849132087831,1.5631003379821775,-0.0685227674953008,0.0,1.5631003379821775,0.4402
cifar,iid,20,42,9,11,0.3417140245437622,0.0,0.0557553956834532,0.0,0.9793497265309782,0.0,0.5989333333333333,0.0,,0.9411040151051312,0.0,0.0,0.4402,0.6392371776873926,0.4413135174641183,0.4494849132087831,1.5631003379821775,0.0,0.0,1.5631003379821775,0.4402
cifar,iid,20,42,9,12,0.3417140245437622,0.0,0.0557553956834532,0.0,0.9793497265309782,0.0,0.5989333333333333,0.0,,0.9411040151051312,0.0,0.0,0.4402,0.6392371776873926,0.4413135174641183,0.4494849132087831,1.5631003379821775,0.0,0.0,1.5631003379821775,0.4402
cifar,iid,20,42,9,13,0.3417140245437622,0.0,0.0557553956834532,0.0,0.9793497265309782,0.0,0.5989333333333333,0.0042885848913208,,0.9411040151051312,0.0,0.0,0.4402,0.6392371776873926,0.4413135174641183,0.4494849132087831,1.5631003379821775,-0.0818216083413463,0.024497810218978,1.5631003379821775,0.4402
cifar,iid,20,42,9,14,0.3417140245437622,0.0,0.0557553956834532,0.0,0.9793497265309782,-0.0017259930063659,0.5989333333333333,0.0,,0.9411040151051312,0.0,0.0,0.4402,0.6392371776873926,0.4413135174641183,0.4494849132087831,1.5631003379821775,0.0,0.0,1.5631003379821775,0.4402
cifar,iid,20,42,9,15,0.3417140245437622,0.0,0.0557553956834532,0.0,0.9793497265309782,0.0,0.5989333333333333,-0.0039083447332421,,0.9411040151051312,0.0,0.0,0.4402,0.6392371776873926,0.4413135174641183,0.4494849132087831,1.5631003379821775,0.0,0.0,1.5631003379821775,0.4402
cifar,iid,20,42,9,16,0.3417140245437622,0.0,0.0557553956834532,0.0,0.9793497265309782,0.0,0.5989333333333333,0.0,,0.9411040151051312,0.0,0.0,0.4402,0.6392371776873926,0.4413135174641183,0.4494849132087831,1.5631003379821775,0.0,0.0,1.5631003379821775,0.4402
cifar,iid,20,42,9,17,0.3417140245437622,0.0,0.0557553956834532,0.0,0.9793497265309782,0.0,0.5989333333333333,0.0,,0.9411040151051312,0.0,0.0,0.4402,0.6392371776873926,0.4413135174641183,0.4494849132087831,1.5631003379821775,-0.0995551822549205,0.0312233576642335,1.5631003379821775,0.4402
cifar,iid,20,42,9,18,0.3417140245437622,0.0,0.0557553956834532,0.0,0.9793497265309782,0.0,0.5989333333333333,0.0,,0.9411040151051312,0.0,0.0,0.4402,0.6392371776873926,0.4413135174641183,0.4494849132087831,1.5631003379821775,0.0,0.0,1.5631003379821775,0.4402
cifar,iid,20,42,9,19,0.3417140245437622,0.0,0.0557553956834532,0.0,0.9793497265309782,-0.0001758855064883,0.5989333333333333,0.0,,0.9411040151051312,0.0,0.0,0.4402,0.6392371776873926,0.4413135174641183,0.4494849132087831,1.5631003379821775,0.0,0.0,1.5631003379821775,0.4402
cifar,iid,20,42,10,0,0.3157939910888672,0.0,0.0461789946873722,0.0,0.9887474222182372,0.0,0.6396444444444445,0.0,,0.9408910930908224,0.0,0.0,0.4836,0.6465686225380571,0.4853961453394141,0.4971826829768863,1.4207336902618408,0.0,0.0,1.4207336902618408,0.4836
cifar,iid,20,42,10,1,0.3157939910888672,0.0,0.0461789946873722,0.0,0.9887474222182372,0.0,0.6396444444444445,0.0,,0.9408910930908224,0.0,0.0,0.4836,0.6465686225380571,0.4853961453394141,0.4971826829768863,1.4207336902618408,0.0,0.0,1.4207336902618408,0.4836
cifar,iid,20,42,10,2,0.3157939910888672,0.0,0.0461789946873722,0.0,0.9887474222182372,0.0,0.6396444444444445,0.0,,0.9408910930908224,0.0,0.0,0.4836,0.6465686225380571,0.4853961453394141,0.4971826829768863,1.4207336902618408,0.0,0.0,1.4207336902618408,0.4836
cifar,iid,20,42,10,3,0.3157939910888672,0.0,0.0461789946873722,0.0,0.9887474222182372,0.0,0.6396444444444445,0.0,,0.9408910930908224,0.0,0.0,0.4836,0.6465686225380571,0.4853961453394141,0.4971826829768863,1.4207336902618408,0.0,0.0166032258064516,1.4207336902618408,0.4836
cifar,iid,20,42,10,4,0.3157939910888672,0.0,0.0461789946873722,0.0,0.9887474222182372,0.0,0.6396444444444445,0.0110228206372311,,0.9408910930908224,0.0,0.0,0.4836,0.6465686225380571,0.4853961453394141,0.4971826829768863,1.4207336902618408,0.0,0.0,1.4207336902618408,0.4836
cifar,iid,20,42,10,5,0.3157939910888672,0.0,0.0461789946873722,0.0,0.9887474222182372,0.0,0.6396444444444445,0.0,,0.9408910930908224,0.0,0.0,0.4836,0.6465686225380571,0.4853961453394141,0.4971826829768863,1.4207336902618408,0.0,0.0,1.4207336902618408,0.4836
cifar,iid,20,42,10,6,0.3157939910888672,0.0,0.0461789946873722,0.0,0.9887474222182372,0.0,0.6396444444444445,0.0,,0.9408910930908224,0.0,0.0,0.4836,0.6465686225380571,0.4853961453394141,0.4971826829768863,1.4207336902618408,0.0,0.0067064516129032,1.4207336902618408,0.4836
cifar,iid,20,42,10,7,0.3157939910888672,0.0,0.0461789946873722,0.0,0.9887474222182372,0.0,0.6396444444444445,0.0,,0.9408910930908224,0.0,0.0,0.4836,0.6465686225380571,0.4853961453394141,0.4971826829768863,1.4207336902618408,0.0,0.0190177419354838,1.4207336902618408,0.4836
cifar,iid,20,42,10,8,0.3157939910888672,0.0741857499052575,0.0461789946873722,0.0161465413015978,0.9887474222182372,0.0,0.6396444444444445,0.0,,0.9408910930908224,0.0,0.0,0.4836,0.6465686225380571,0.4853961453394141,0.4971826829768863,1.4207336902618408,0.0,0.0,1.4207336902618408,0.4836
cifar,iid,20,42,10,9,0.3157939910888672,0.0,0.0461789946873722,0.0,0.9887474222182372,0.0,0.6396444444444445,0.0,,0.9408910930908224,0.0,0.0,0.4836,0.6465686225380571,0.4853961453394141,0.4971826829768863,1.4207336902618408,0.0,0.0013838709677419,1.4207336902618408,0.4836
cifar,iid,20,42,10,10,0.3157939910888672,0.0,0.0461789946873722,0.0,0.9887474222182372,0.0,0.6396444444444445,0.0,,0.9408910930908224,0.0,0.0,0.4836,0.6465686225380571,0.4853961453394141,0.4971826829768863,1.4207336902618408,-0.043132849982087,0.0,1.4207336902618408,0.4836
cifar,iid,20,42,10,11,0.3157939910888672,0.0,0.0461789946873722,0.0,0.9887474222182372,0.0,0.6396444444444445,0.0,,0.9408910930908224,0.0,0.0,0.4836,0.6465686225380571,0.4853961453394141,0.4971826829768863,1.4207336902618408,0.0,0.0,1.4207336902618408,0.4836
cifar,iid,20,42,10,12,0.3157939910888672,0.0,0.0461789946873722,0.0,0.9887474222182372,-0.0002868614537595,0.6396444444444445,0.0,,0.9408910930908224,0.0,0.0,0.4836,0.6465686225380571,0.4853961453394141,0.4971826829768863,1.4207336902618408,0.0,0.0,1.4207336902618408,0.4836
cifar,iid,20,42,10,13,0.3157939910888672,0.0,0.0461789946873722,0.0,0.9887474222182372,0.0,0.6396444444444445,0.0,,0.9408910930908224,0.0,0.0,0.4836,0.6465686225380571,0.4853961453394141,0.4971826829768863,1.4207336902618408,-0.0846458874957662,0.0218838709677419,1.4207336902618408,0.4836
cifar,iid,20,42,10,14,0.3157939910888672,0.0,0.0461789946873722,0.0,0.9887474222182372,0.0,0.6396444444444445,0.0,,0.9408910930908224,0.0,0.0,0.4836,0.6465686225380571,0.4853961453394141,0.4971826829768863,1.4207336902618408,0.0,0.0151274193548387,1.4207336902618408,0.4836
cifar,iid,20,42,10,15,0.3157939910888672,0.0,0.0461789946873722,0.0,0.9887474222182372,0.0,0.6396444444444445,0.0,,0.9408910930908224,0.0,0.0,0.4836,0.6465686225380571,0.4853961453394141,0.4971826829768863,1.4207336902618408,0.0,0.0,1.4207336902618408,0.4836
cifar,iid,20,42,10,16,0.3157939910888672,0.0,0.0461789946873722,0.0,0.9887474222182372,-0.0001601552164705,0.6396444444444445,0.0,,0.9408910930908224,0.0,0.0,0.4836,0.6465686225380571,0.4853961453394141,0.4971826829768863,1.4207336902618408,0.0,0.0,1.4207336902618408,0.4836
cifar,iid,20,42,10,17,0.3157939910888672,0.0,0.0461789946873722,0.0,0.9887474222182372,-4.57206364738156e-05,0.6396444444444445,0.0,,0.9408910930908224,0.0,0.0,0.4836,0.6465686225380571,0.4853961453394141,0.4971826829768863,1.4207336902618408,-0.1064645119116339,0.0357322580645161,1.4207336902618408,0.4836
cifar,iid,20,42,10,18,0.3157939910888672,0.0,0.0461789946873722,0.0,0.9887474222182372,0.0,0.6396444444444445,0.0,,0.9408910930908224,0.0,0.0,0.4836,0.6465686225380571,0.4853961453394141,0.4971826829768863,1.4207336902618408,0.0,0.0068758064516128,1.4207336902618408,0.4836
cifar,iid,20,42,10,19,0.3157939910888672,0.0,0.0461789946873722,0.0,0.9887474222182372,-0.0001100413633726,0.6396444444444445,0.0,,0.9408910930908224,0.0,0.0,0.4836,0.6465686225380571,0.4853961453394141,0.4971826829768863,1.4207336902618408,0.0,0.0,1.4207336902618408,0.4836
cifar,iid,4,42,1,0,0.692270040512085,0.0,0.1525821596244131,0.1559108249078162,1.0,0.0133103200932484,0.8152444444444444,0.0,,0.964031144327047,-0.0104388502141337,0.0104388502141337,0.1704,0.2754686654953783,0.1699667630536119,0.0973758145201708,3.0421359539031982,0.0,0.0,3.0421359539031982,0.1704
cifar,iid,4,42,1,1,0.692270040512085,0.0,0.1525821596244131,0.0,1.0,0.0,0.8152444444444444,-0.0216188888888888,,0.964031144327047,0.0,0.0,0.1704,0.2754686654953783,0.1699667630536119,0.0973758145201708,3.0421359539031982,0.1270881573359171,0.0,3.0421359539031982,0.1704
cifar,iid,4,42,1,2,0.692270040512085,0.1709361374378204,0.1525821596244131,0.0,1.0,0.0,0.8152444444444444,0.0,,0.964031144327047,0.0,0.0,0.1704,0.2754686654953783,0.1699667630536119,0.0973758145201708,3.0421359539031982,0.0,0.0492066666666666,3.0421359539031982,0.1704
cifar,iid,4,42,1,3,0.692270040512085,-0.0242012163003285,0.1525821596244131,0.0,1.0,0.0,0.8152444444444444,0.0,,0.964031144327047,-0.0048333550221929,0.0048333550221929,0.1704,0.2754686654953783,0.1699667630536119,0.0973758145201708,3.0421359539031982,0.0,0.0,3.0421359539031982,0.1704
cifar,iid,4,42,2,0,0.3060979843139648,0.0,0.1814378090528718,-0.0015256026928783,0.995685017484085,0.0,0.6762222222222221,0.002705185185185,,0.9327770819815664,-0.01102507029877,0.01102507029877,0.5252,0.6067480504100747,0.5276276889912761,0.5242628532318427,1.3602265119552612,0.0,0.0805866666666666,1.3602265119552612,0.5252
cifar,iid,4,42,2,1,0.3060979843139648,0.0,0.1814378090528718,0.0458409461568915,0.995685017484085,0.0030199273738007,0.6762222222222221,0.0,,0.9327770819815664,-0.0060308719425311,0.0060308719425311,0.5252,0.6067480504100747,0.5276276889912761,0.5242628532318427,1.3602265119552612,-0.5549480438232421,0.1104266666666666,1.3602265119552612,0.5252
cifar,iid,4,42,2,2,0.3060979843139648,0.0,0.1814378090528718,-0.0054721898825364,0.995685017484085,0.0,0.6762222222222221,0.0,,0.9327770819815664,0.0,0.0,0.5252,0.6067480504100747,0.5276276889912761,0.5242628532318427,1.3602265119552612,-0.4532825946807861,0.1116733333333333,1.3602265119552612,0.5252
cifar,iid,4,42,2,3,0.3060979843139648,-0.0751229961713155,0.1814378090528718,0.0,0.995685017484085,0.0068567126931468,0.6762222222222221,-0.0049555555555555,,0.9327770819815664,0.0,0.0,0.5252,0.6067480504100747,0.5276276889912761,0.5242628532318427,1.3602265119552612,0.0,0.0,1.3602265119552612,0.5252
cifar,iid,4,42,3,0,0.3385220170021057,0.0,0.1241496598639455,-0.0236396449852382,0.9754774500134492,0.0,0.5486777777777776,0.0,,0.9426632538568168,0.0,0.0,0.6006,0.6442685641166455,0.6027359693655063,0.6000605595610013,1.134058713912964,0.0,0.0,1.134058713912964,0.6006
cifar,iid,4,42,3,1,0.3385220170021057,0.040264735619227,0.1241496598639455,0.011963093891179,0.9754774500134492,0.0052760468035506,0.5486777777777776,0.0,,0.9426632538568168,0.0,0.0,0.6006,0.6442685641166455,0.6027359693655063,0.6000605595610013,1.134058713912964,0.0,0.0,1.134058713912964,0.6006
cifar,iid,4,42,3,2,0.3385220170021057,0.0,0.1241496598639455,0.0,0.9754774500134492,-0.0047851474939478,0.5486777777777776,-0.00926,,0.9426632538568168,0.0041262968983906,0.0041262968983906,0.6006,0.6442685641166455,0.6027359693655063,0.6000605595610013,1.134058713912964,-0.1317933956782023,0.0472266666666666,1.134058713912964,0.6006
cifar,iid,4,42,3,3,0.3385220170021057,0.0,0.1241496598639455,0.0,0.9754774500134492,-0.0030914701575061,0.5486777777777776,0.0,,0.9426632538568168,0.0,0.0,0.6006,0.6442685641166455,0.6027359693655063,0.6000605595610013,1.134058713912964,-0.102489956219991,0.0239799999999999,1.134058713912964,0.6006
cifar,iid,4,42,4,0,0.338808000087738,0.0,0.0817108203000319,-0.0146612349858378,0.9737738725006724,0.0,0.5492222222222223,0.0,,0.9333263499878433,0.0,0.0,0.6338,0.6690573046051942,0.6352803763996664,0.6347431946681937,1.053985357284546,0.0,0.0,1.053985357284546,0.6338
cifar,iid,4,42,4,1,0.338808000087738,0.0,0.0817108203000319,0.0030421545270351,0.9737738725006724,0.0,0.5492222222222223,0.0,,0.9333263499878433,0.0096678288600734,0.0096678288600734,0.6338,0.6690573046051942,0.6352803763996664,0.6347431946681937,1.053985357284546,0.0,0.0,1.053985357284546,0.6338
cifar,iid,4,42,4,2,0.338808000087738,0.0,0.0817108203000319,0.0,0.9737738725006724,0.0025011954929913,0.5492222222222223,0.0,,0.9333263499878433,0.0,0.0,0.6338,0.6690573046051942,0.6352803763996664,0.6347431946681937,1.053985357284546,-0.2375054438908894,0.06844,1.053985357284546,0.6338
cifar,iid,4,42,4,3,0.338808000087738,0.0,0.0817108203000319,0.0,0.9737738725006724,-0.0037435742251711,0.5492222222222223,0.0123944444444444,,0.9333263499878433,0.0,0.0,0.6338,0.6690573046051942,0.6352803763996664,0.6347431946681937,1.053985357284546,-0.0910152633984883,0.0096,1.053985357284546,0.6338
cifar,iid,4,42,5,0,0.3794919848442077,0.0,0.0579573934837092,0.0,0.9657042948085716,0.0,0.6134222222222223,0.0,,0.9388024924207644,0.0,0.0,0.6302,0.6797352151967135,0.6315031977176572,0.631084589953477,1.082370400428772,-0.0225952982902526,0.0022933333333333,1.082370400428772,0.6302
cifar,iid,4,42,5,1,0.3794919848442077,0.0,0.0579573934837092,0.0118728132746341,0.9657042948085716,0.006945253892824,0.6134222222222223,0.0,,0.9388024924207644,0.0067384460574199,0.0067384460574199,0.6302,0.6797352151967135,0.6315031977176572,0.631084589953477,1.082370400428772,0.3171828667322794,-0.0587733333333333,1.082370400428772,0.6302
cifar,iid,4,42,5,2,0.3794919848442077,0.0,0.0579573934837092,0.0,0.9657042948085716,0.0041106279326937,0.6134222222222223,0.0,,0.9388024924207644,0.0,0.0,0.6302,0.6797352151967135,0.6315031977176572,0.631084589953477,1.082370400428772,-0.2809402664502461,0.0643999999999999,1.082370400428772,0.6302
cifar,iid,4,42,5,3,0.3794919848442077,0.1283902724583943,0.0579573934837092,0.0,0.9657042948085716,8.06957769209915e-05,0.6134222222222223,-0.0155733333333334,,0.9388024924207644,0.0,0.0,0.6302,0.6797352151967135,0.6315031977176572,0.631084589953477,1.082370400428772,0.0148022333780924,-0.01172,1.082370400428772,0.6302
cifar,iid,4,42,6,0,0.3742039799690246,0.0,0.0386877127824203,0.0,0.9627454496548014,0.0,0.5512333333333335,0.0,,0.9430253499807452,0.0,0.0,0.6296,0.6826452572075271,0.6310907145705916,0.6271260539441743,1.077698826789856,0.0610759576161702,0.0,1.077698826789856,0.6296
cifar,iid,4,42,6,1,0.3742039799690246,0.0,0.0386877127824203,0.0399935968651458,0.9627454496548014,0.0122676260497922,0.5512333333333335,0.0,,0.9430253499807452,0.0155022565891545,0.0155022565891545,0.6296,0.6826452572075271,0.6310907145705916,0.6271260539441743,1.077698826789856,0.0,0.0,1.077698826789856,0.6296
cifar,iid,4,42,6,2,0.3742039799690246,0.0,0.0386877127824203,0.0,0.9627454496548014,-0.0016841507516662,0.5512333333333335,0.0079303703703703,,0.9430253499807452,0.0,0.0,0.6296,0.6826452572075271,0.6310907145705916,0.6271260539441743,1.077698826789856,-0.3325464924176534,0.0,1.077698826789856,0.6296
cifar,iid,4,42,6,3,0.3742039799690246,0.1114036003748575,0.0386877127824203,0.0,0.9627454496548014,0.0060396679518216,0.5512333333333335,0.0,,0.9430253499807452,0.0,0.0,0.6296,0.6826452572075271,0.6310907145705916,0.6271260539441743,1.077698826789856,-0.1700738787651062,0.0,1.077698826789856,0.6296
cifar,iid,4,42,7,0,0.3526819944381714,0.0,0.0370141887723627,0.0,0.977466825069488,0.0,0.6941333333333333,0.0362292592592592,,0.9363959078091516,0.0,0.0,0.6514,0.6861509635750784,0.6525360148024801,0.6528533641812937,0.9864217042922974,-0.0195890625317891,-0.0090266666666666,0.9864217042922974,0.6514
cifar,iid,4,42,7,1,0.3526819944381714,0.0,0.0370141887723627,0.0063871604957947,0.977466825069488,0.0085423578110523,0.6941333333333333,0.0,,0.9363959078091516,0.0061125642939624,0.0061125642939624,0.6514,0.6861509635750784,0.6525360148024801,0.6528533641812937,0.9864217042922974,0.4392242987950643,-0.0601733333333333,0.9864217042922974,0.6514
cifar,iid,4,42,7,2,0.3526819944381714,0.0259862641493479,0.0370141887723627,0.0,0.977466825069488,0.0036894034489972,0.6941333333333333,-0.0184511111111111,,0.9363959078091516,0.0,0.0,0.6514,0.6861509635750784,0.6525360148024801,0.6528533641812937,0.9864217042922974,-0.2658974409103393,0.0630799999999999,0.9864217042922974,0.6514
cifar,iid,4,42,7,3,0.3526819944381714,0.0,0.0370141887723627,0.0,0.977466825069488,0.0131909575898861,0.6941333333333333,0.0141903703703703,,0.9363959078091516,0.0,0.0,0.6514,0.6861509635750784,0.6525360148024801,0.6528533641812937,0.9864217042922974,-0.2450291037559509,0.0279199999999999,0.9864217042922974,0.6514
cifar,iid,4,42,8,0,0.3734220266342163,0.0,0.0309885342423303,0.0,0.960167667892047,0.0,0.71,0.0,,0.9323920744534252,0.0,0.0,0.6556,0.6951575073080948,0.6569993406005871,0.6570938395516439,1.002891182899475,0.1019953747590382,-0.0028733333333333,1.002891182899475,0.6556
cifar,iid,4,42,8,1,0.3734220266342163,0.0,0.0309885342423303,0.0210559870606027,0.960167667892047,-0.0024003257718401,0.71,0.0415785185185185,,0.9323920744534252,0.0042206869319511,0.0042206869319511,0.6556,0.6951575073080948,0.6569993406005871,0.6570938395516439,1.002891182899475,0.0,0.0,1.002891182899475,0.6556
cifar,iid,4,42,8,2,0.3734220266342163,0.0,0.0309885342423303,0.0,0.960167667892047,0.001003653725455,0.71,0.0,,0.9323920744534252,0.0,0.0,0.6556,0.6951575073080948,0.6569993406005871,0.6570938395516439,1.002891182899475,-0.2234549621740977,0.0358066666666666,1.002891182899475,0.6556
cifar,iid,4,42,8,3,0.3734220266342163,0.0577833433945973,0.0309885342423303,0.0,0.960167667892047,0.0,0.71,0.0,,0.9323920744534252,-0.0014068544717478,0.0014068544717478,0.6556,0.6951575073080948,0.6569993406005871,0.6570938395516439,1.002891182899475,-0.3000374555587768,0.02592,1.002891182899475,0.6556
cifar,iid,4,42,9,0,0.3949980139732361,0.0,0.0282663316582914,0.0,0.9779431543082578,0.0,0.6689333333333332,0.0,,0.941574971284584,0.0,0.0,0.6434,0.6906500715395217,0.6449953208146637,0.6381716065844668,1.0451128482818604,0.1470201075077057,-0.0211133333333333,1.0451128482818604,0.6434
cifar,iid,4,42,9,1,0.3949980139732361,0.0890285313129425,0.0282663316582914,0.0427720531707034,0.9779431543082578,0.0121131459398068,0.6689333333333332,0.009302962962963,,0.941574971284584,0.0,0.0,0.6434,0.6906500715395217,0.6449953208146637,0.6381716065844668,1.0451128482818604,0.0,0.0,1.0451128482818604,0.6434
cifar,iid,4,42,9,2,0.3949980139732361,0.0,0.0282663316582914,0.0,0.9779431543082578,-0.0006694760751964,0.6689333333333332,0.0,,0.941574971284584,0.0,0.0,0.6434,0.6906500715395217,0.6449953208146637,0.6381716065844668,1.0451128482818604,-0.1808101177215576,0.0074066666666666,1.0451128482818604,0.6434
cifar,iid,4,42,9,3,0.3949980139732361,0.0,0.0282663316582914,0.0,0.9779431543082578,0.0,0.6689333333333332,0.0,,0.941574971284584,0.0067268932793424,0.0067268932793424,0.6434,0.6906500715395217,0.6449953208146637,0.6381716065844668,1.0451128482818604,-0.4155604263146718,0.0634266666666666,1.0451128482818604,0.6434
cifar,iid,4,42,10,0,0.4026359915733337,0.0,0.0289369479134937,0.0,0.9840681879314984,0.0027447771899937,0.7100444444444443,0.0097540740740739,,0.945742866005302,0.0,0.0,0.6648,0.6999643908697819,0.6666759712524863,0.6692588068657688,1.0197303295135498,0.1904040733973185,-0.0093,1.0197303295135498,0.6648
cifar,iid,4,42,10,1,0.4026359915733337,0.1659612615903218,0.0289369479134937,0.0,0.9840681879314984,0.0,0.7100444444444443,-0.0327125925925926,,0.945742866005302,0.0125998094193331,0.0125998094193331,0.6648,0.6999643908697819,0.6666759712524863,0.6692588068657688,1.0197303295135498,0.3817673961321512,-0.0271666666666666,1.0197303295135498,0.6648
cifar,iid,4,42,10,2,0.4026359915733337,0.0,0.0289369479134937,0.0,0.9840681879314984,0.0,0.7100444444444443,0.0,,0.945742866005302,0.0,0.0,0.6648,0.6999643908697819,0.6666759712524863,0.6692588068657688,1.0197303295135498,-0.0684677124023437,-0.0063666666666667,1.0197303295135498,0.6648
cifar,iid,4,42,10,3,0.4026359915733337,0.0,0.0289369479134937,0.0,0.9840681879314984,0.0,0.7100444444444443,0.0,,0.945742866005302,0.0001680062440065,0.0001680062440065,0.6648,0.6999643908697819,0.6666759712524863,0.6692588068657688,1.0197303295135498,-0.5289724310239156,0.0642333333333333,1.0197303295135498,0.6648
cifar,iid,20,107,1,0,0.9939280152320862,0.0,0.967479674796748,0.0,1.0,0.0009507212944853,0.9028,0.0010919555555555,,0.999528730174107,0.0,0.0,0.0984,0.0298298298298298,0.1001968503937007,0.0182899729170619,2.574402093887329,-0.0069880113689177,0.0,2.574402093887329,0.0984
cifar,iid,20,107,1,1,0.9939280152320862,0.0,0.967479674796748,0.0,1.0,0.0,0.9028,0.0,,0.999528730174107,0.0,0.0,0.0984,0.0298298298298298,0.1001968503937007,0.0182899729170619,2.574402093887329,0.0,0.0,2.574402093887329,0.0984
cifar,iid,20,107,1,2,0.9939280152320862,0.0,0.967479674796748,0.0,1.0,0.0,0.9028,0.0,,0.999528730174107,0.0,0.0,0.0984,0.0298298298298298,0.1001968503937007,0.0182899729170619,2.574402093887329,0.0,0.0,2.574402093887329,0.0984
cifar,iid,20,107,1,3,0.9939280152320862,0.0282842543618432,0.967479674796748,0.2109174045797343,1.0,0.0,0.9028,0.0,,0.999528730174107,0.0024395525666932,0.0024395525666932,0.0984,0.0298298298298298,0.1001968503937007,0.0182899729170619,2.574402093887329,0.0,0.0,2.574402093887329,0.0984
cifar,iid,20,107,1,4,0.9939280152320862,0.0,0.967479674796748,0.0,1.0,0.0,0.9028,0.0022621555555555,,0.999528730174107,0.0,0.0,0.0984,0.0298298298298298,0.1001968503937007,0.0182899729170619,2.574402093887329,0.0,0.0,2.574402093887329,0.0984
cifar,iid,20,107,1,5,0.9939280152320862,0.0,0.967479674796748,0.0,1.0,0.0,0.9028,0.0,,0.999528730174107,0.0,0.0,0.0984,0.0298298298298298,0.1001968503937007,0.0182899729170619,2.574402093887329,0.0,0.0,2.574402093887329,0.0984
cifar,iid,20,107,1,6,0.9939280152320862,0.0,0.967479674796748,0.0,1.0,0.0,0.9028,0.0,,0.999528730174107,0.0,0.0,0.0984,0.0298298298298298,0.1001968503937007,0.0182899729170619,2.574402093887329,0.0,0.0,2.574402093887329,0.0984
cifar,iid,20,107,1,7,0.9939280152320862,0.0,0.967479674796748,0.0,1.0,0.0,0.9028,-0.0050081555555555,,0.999528730174107,0.0,0.0,0.0984,0.0298298298298298,0.1001968503937007,0.0182899729170619,2.574402093887329,0.0,0.0,2.574402093887329,0.0984
cifar,iid,20,107,1,8,0.9939280152320862,0.0,0.967479674796748,0.0,1.0,0.0,0.9028,-0.0025311999999999,,0.999528730174107,0.0,0.0,0.0984,0.0298298298298298,0.1001968503937007,0.0182899729170619,2.574402093887329,0.0,0.0,2.574402093887329,0.0984
cifar,iid,20,107,1,9,0.9939280152320862,0.0,0.967479674796748,0.0,1.0,0.0,0.9028,-0.0012954222222222,,0.999528730174107,0.0,0.0,0.0984,0.0298298298298298,0.1001968503937007,0.0182899729170619,2.574402093887329,0.0,0.0,2.574402093887329,0.0984
cifar,iid,20,107,1,10,0.9939280152320862,0.0,0.967479674796748,0.0,1.0,0.0,0.9028,-0.0031118888888888,,0.999528730174107,0.0,0.0,0.0984,0.0298298298298298,0.1001968503937007,0.0182899729170619,2.574402093887329,-0.0109306792600439,0.0,2.574402093887329,0.0984
cifar,iid,20,107,1,11,0.9939280152320862,0.0,0.967479674796748,0.0,1.0,0.0,0.9028,-0.0029210888888888,,0.999528730174107,0.0,0.0,0.0984,0.0298298298298298,0.1001968503937007,0.0182899729170619,2.574402093887329,0.0,0.0,2.574402093887329,0.0984
cifar,iid,20,107,1,12,0.9939280152320862,0.0,0.967479674796748,0.0,1.0,0.0,0.9028,0.0,,0.999528730174107,0.0,0.0,0.0984,0.0298298298298298,0.1001968503937007,0.0182899729170619,2.574402093887329,0.0,0.0,2.574402093887329,0.0984
cifar,iid,20,107,1,13,0.9939280152320862,0.0,0.967479674796748,0.0,1.0,0.0,0.9028,-0.0072522222222222,,0.999528730174107,0.0,0.0,0.0984,0.0298298298298298,0.1001968503937007,0.0182899729170619,2.574402093887329,0.0,0.0,2.574402093887329,0.0984
cifar,iid,20,107,1,14,0.9939280152320862,0.0,0.967479674796748,0.0,1.0,0.0,0.9028,-0.0070266444444444,,0.999528730174107,0.0,0.0,0.0984,0.0298298298298298,0.1001968503937007,0.0182899729170619,2.574402093887329,0.0,0.0036536585365853,2.574402093887329,0.0984
cifar,iid,20,107,1,15,0.9939280152320862,0.0,0.967479674796748,0.0,1.0,0.0,0.9028,0.0,,0.999528730174107,0.0,0.0,0.0984,0.0298298298298298,0.1001968503937007,0.0182899729170619,2.574402093887329,0.0,0.0,2.574402093887329,0.0984
cifar,iid,20,107,1,16,0.9939280152320862,0.0,0.967479674796748,0.0,1.0,0.0,0.9028,-0.0041683777777777,,0.999528730174107,0.0,0.0,0.0984,0.0298298298298298,0.1001968503937007,0.0182899729170619,2.574402093887329,0.0,0.0,2.574402093887329,0.0984
cifar,iid,20,107,1,17,0.9939280152320862,0.0,0.967479674796748,0.0,1.0,0.0,0.9028,0.0,,0.999528730174107,0.0,0.0,0.0984,0.0298298298298298,0.1001968503937007,0.0182899729170619,2.574402093887329,0.0,0.0,2.574402093887329,0.0984
cifar,iid,20,107,1,18,0.9939280152320862,0.0,0.967479674796748,0.0,1.0,0.0,0.9028,0.0,,0.999528730174107,0.0,0.0,0.0984,0.0298298298298298,0.1001968503937007,0.0182899729170619,2.574402093887329,0.0,0.0,2.574402093887329,0.0984
cifar,iid,20,107,1,19,0.9939280152320862,0.0,0.967479674796748,0.0,1.0,0.0,0.9028,0.0,,0.999528730174107,0.0,0.0,0.0984,0.0298298298298298,0.1001968503937007,0.0182899729170619,2.574402093887329,0.0,0.0,2.574402093887329,0.0984
cifar,iid,20,107,2,0,0.9172300100326538,0.0,0.8542914171656687,0.0,1.0,0.0,0.8324444444444443,0.0047907531692766,,0.995666158350077,0.0,0.0,0.1,0.1256094758032558,0.1017652793400824,0.0212972716452877,2.937588691711426,0.0,0.0,2.937588691711426,0.1
cifar,iid,20,107,2,1,0.9172300100326538,0.0,0.8542914171656687,0.0,1.0,0.0,0.8324444444444443,0.0,,0.995666158350077,0.0,0.0,0.1,0.1256094758032558,0.1017652793400824,0.0212972716452877,2.937588691711426,0.0,0.0022185185185185,2.937588691711426,0.1
cifar,iid,20,107,2,2,0.9172300100326538,0.0,0.8542914171656687,0.0,1.0,0.0,0.8324444444444443,-0.0046740243599304,,0.995666158350077,0.0,0.0,0.1,0.1256094758032558,0.1017652793400824,0.0212972716452877,2.937588691711426,0.0,0.0,2.937588691711426,0.1
cifar,iid,20,107,2,3,0.9172300100326538,0.0,0.8542914171656687,0.0,1.0,0.0,0.8324444444444443,0.0,,0.995666158350077,0.0,0.0,0.1,0.1256094758032558,0.1017652793400824,0.0212972716452877,2.937588691711426,0.0,0.0,2.937588691711426,0.1
cifar,iid,20,107,2,4,0.9172300100326538,0.0,0.8542914171656687,0.0,1.0,0.0,0.8324444444444443,0.0,,0.995666158350077,0.0,0.0,0.1,0.1256094758032558,0.1017652793400824,0.0212972716452877,2.937588691711426,0.0,0.0,2.937588691711426,0.1
cifar,iid,20,107,2,5,0.9172300100326538,0.0,0.8542914171656687,0.0,1.0,0.0,0.8324444444444443,0.0,,0.995666158350077,0.0,0.0,0.1,0.1256094758032558,0.1017652793400824,0.0212972716452877,2.937588691711426,0.0,0.0029962962962962,2.937588691711426,0.1
cifar,iid,20,107,2,6,0.9172300100326538,0.0,0.8542914171656687,0.0,1.0,0.0,0.8324444444444443,0.0,,0.995666158350077,0.0,0.0,0.1,0.1256094758032558,0.1017652793400824,0.0212972716452877,2.937588691711426,0.0,0.0,2.937588691711426,0.1
cifar,iid,20,107,2,7,0.9172300100326538,0.0,0.8542914171656687,0.0,1.0,0.0,0.8324444444444443,0.0,,0.995666158350077,0.0,0.0,0.1,0.1256094758032558,0.1017652793400824,0.0212972716452877,2.937588691711426,-0.0053865073019998,0.0,2.937588691711426,0.1
cifar,iid,20,107,2,8,0.9172300100326538,0.0,0.8542914171656687,0.0,1.0,0.0,0.8324444444444443,0.0,,0.995666158350077,0.0,0.0,0.1,0.1256094758032558,0.1017652793400824,0.0212972716452877,2.937588691711426,0.0,0.0,2.937588691711426,0.1
cifar,iid,20,107,2,9,0.9172300100326538,0.0,0.8542914171656687,0.0,1.0,0.0,0.8324444444444443,0.0,,0.995666158350077,0.0,0.0,0.1,0.1256094758032558,0.1017652793400824,0.0212972716452877,2.937588691711426,0.0,0.0,2.937588691711426,0.1
cifar,iid,20,107,2,10,0.9172300100326538,0.0,0.8542914171656687,0.0,1.0,0.0,0.8324444444444443,0.0,,0.995666158350077,0.0,0.0,0.1,0.1256094758032558,0.1017652793400824,0.0212972716452877,2.937588691711426,0.0,0.0032432098765432,2.937588691711426,0.1
cifar,iid,20,107,2,11,0.9172300100326538,0.0,0.8542914171656687,0.0,1.0,0.0,0.8324444444444443,0.0,,0.995666158350077,0.0,0.0,0.1,0.1256094758032558,0.1017652793400824,0.0212972716452877,2.937588691711426,0.0,0.0,2.937588691711426,0.1
cifar,iid,20,107,2,12,0.9172300100326538,0.0,0.8542914171656687,0.0,1.0,0.0,0.8324444444444443,0.0,,0.995666158350077,0.0,0.0,0.1,0.1256094758032558,0.1017652793400824,0.0212972716452877,2.937588691711426,0.0,0.0,2.937588691711426,0.1
cifar,iid,20,107,2,13,0.9172300100326538,0.0,0.8542914171656687,0.0,1.0,0.0,0.8324444444444443,0.0059856326124782,,0.995666158350077,0.0,0.0,0.1,0.1256094758032558,0.1017652793400824,0.0212972716452877,2.937588691711426,0.0,-0.0013987654320987,2.937588691711426,0.1
cifar,iid,20,107,2,14,0.9172300100326538,0.0,0.8542914171656687,0.0,1.0,0.0,0.8324444444444443,0.0,,0.995666158350077,0.0,0.0,0.1,0.1256094758032558,0.1017652793400824,0.0212972716452877,2.937588691711426,0.0,0.0,2.937588691711426,0.1
cifar,iid,20,107,2,15,0.9172300100326538,0.0,0.8542914171656687,0.0,1.0,0.0,0.8324444444444443,0.0,,0.995666158350077,0.0,0.0,0.1,0.1256094758032558,0.1017652793400824,0.0212972716452877,2.937588691711426,0.0,0.0,2.937588691711426,0.1
cifar,iid,20,107,2,16,0.9172300100326538,0.0393431182387921,0.8542914171656687,0.1053039153413076,1.0,0.0,0.8324444444444443,0.0,,0.995666158350077,0.0044809398842243,0.0044809398842243,0.1,0.1256094758032558,0.1017652793400824,0.0212972716452877,2.937588691711426,0.0,0.0,2.937588691711426,0.1
cifar,iid,20,107,2,17,0.9172300100326538,0.0,0.8542914171656687,0.0,1.0,0.0,0.8324444444444443,0.0,,0.995666158350077,0.0,0.0,0.1,0.1256094758032558,0.1017652793400824,0.0212972716452877,2.937588691711426,0.0,0.0,2.937588691711426,0.1
cifar,iid,20,107,2,18,0.9172300100326538,0.0,0.8542914171656687,0.0,1.0,0.0,0.8324444444444443,0.0,,0.995666158350077,0.0,0.0,0.1,0.1256094758032558,0.1017652793400824,0.0212972716452877,2.937588691711426,0.0,0.0,2.937588691711426,0.1
cifar,iid,20,107,2,19,0.9172300100326538,0.0,0.8542914171656687,0.0,1.0,0.0,0.8324444444444443,0.0,,0.995666158350077,0.0,0.0,0.1,0.1256094758032558,0.1017652793400824,0.0212972716452877,2.937588691711426,0.0,0.0,2.937588691711426,0.1
cifar,iid,20,107,3,0,0.84511399269104,0.0,0.8258317025440313,0.0,1.0,0.0,0.8415111111111111,0.0,,0.9966733769156042,0.0,0.0,0.1026,0.0748211796011695,0.1043115860517435,0.025429984654461,3.123413324356079,0.0,0.0,3.123413324356079,0.1026
cifar,iid,20,107,3,1,0.84511399269104,0.0,0.8258317025440313,0.0,1.0,0.0,0.8415111111111111,-0.0063474295190713,,0.9966733769156042,0.0,0.0,0.1026,0.0748211796011695,0.1043115860517435,0.025429984654461,3.123413324356079,-0.0250695665976158,0.0,3.123413324356079,0.1026
cifar,iid,20,107,3,2,0.84511399269104,0.0,0.8258317025440313,0.0,1.0,0.0,0.8415111111111111,0.0,,0.9966733769156042,0.0,0.0,0.1026,0.0748211796011695,0.1043115860517435,0.025429984654461,3.123413324356079,0.0,0.0,3.123413324356079,0.1026
cifar,iid,20,107,3,3,0.84511399269104,0.0,0.8258317025440313,0.0,1.0,0.0,0.8415111111111111,0.0,,0.9966733769156042,0.0,0.0,0.1026,0.0748211796011695,0.1043115860517435,0.025429984654461,3.123413324356079,0.0,0.0,3.123413324356079,0.1026
cifar,iid,20,107,3,4,0.84511399269104,0.0,0.8258317025440313,0.0,1.0,0.0,0.8415111111111111,0.0,,0.9966733769156042,0.0012358202490234,0.0012358202490234,0.1026,0.0748211796011695,0.1043115860517435,0.025429984654461,3.123413324356079,0.0,0.0,3.123413324356079,0.1026
cifar,iid,20,107,3,5,0.84511399269104,0.0,0.8258317025440313,0.0,1.0,0.0,0.8415111111111111,0.0,,0.9966733769156042,0.0,0.0,0.1026,0.0748211796011695,0.1043115860517435,0.025429984654461,3.123413324356079,0.0,0.0,3.123413324356079,0.1026
cifar,iid,20,107,3,6,0.84511399269104,0.0,0.8258317025440313,0.0,1.0,0.0,0.8415111111111111,0.0,,0.9966733769156042,0.0,0.0,0.1026,0.0748211796011695,0.1043115860517435,0.025429984654461,3.123413324356079,0.0,0.0,3.123413324356079,0.1026
cifar,iid,20,107,3,7,0.84511399269104,0.0,0.8258317025440313,0.0,1.0,0.0,0.8415111111111111,0.0,,0.9966733769156042,0.0,0.0,0.1026,0.0748211796011695,0.1043115860517435,0.025429984654461,3.123413324356079,0.0,0.0,3.123413324356079,0.1026
cifar,iid,20,107,3,8,0.84511399269104,0.0,0.8258317025440313,0.0,1.0,0.0,0.8415111111111111,0.0,,0.9966733769156042,0.0,0.0,0.1026,0.0748211796011695,0.1043115860517435,0.025429984654461,3.123413324356079,0.0,0.0,3.123413324356079,0.1026
cifar,iid,20,107,3,9,0.84511399269104,0.0,0.8258317025440313,0.0,1.0,0.0,0.8415111111111111,0.0,,0.9966733769156042,0.0,0.0,0.1026,0.0748211796011695,0.1043115860517435,0.025429984654461,3.123413324356079,0.0,0.0,3.123413324356079,0.1026
cifar,iid,20,107,3,10,0.84511399269104,0.0,0.8258317025440313,0.0,1.0,0.0,0.8415111111111111,-0.0036295539844636,,0.9966733769156042,0.0,0.0,0.1026,0.0748211796011695,0.1043115860517435,0.025429984654461,3.123413324356079,0.0,0.002623166023166,3.123413324356079,0.1026
cifar,iid,20,107,3,11,0.84511399269104,0.0,0.8258317025440313,0.0,1.0,0.0,0.8415111111111111,0.0,,0.9966733769156042,0.0,0.0,0.1026,0.0748211796011695,0.1043115860517435,0.025429984654461,3.123413324356079,0.0,0.0,3.123413324356079,0.1026
cifar,iid,20,107,3,12,0.84511399269104,0.0,0.8258317025440313,0.0,1.0,0.0,0.8415111111111111,-0.0019148119053853,,0.9966733769156042,0.0,0.0,0.1026,0.0748211796011695,0.1043115860517435,0.025429984654461,3.123413324356079,0.0,0.0,3.123413324356079,0.1026
cifar,iid,20,107,3,13,0.84511399269104,0.0,0.8258317025440313,0.0,1.0,0.0,0.8415111111111111,0.0,,0.9966733769156042,0.0,0.0,0.1026,0.0748211796011695,0.1043115860517435,0.025429984654461,3.123413324356079,0.0,0.0,3.123413324356079,0.1026
cifar,iid,20,107,3,14,0.84511399269104,0.0,0.8258317025440313,0.0,1.0,0.0,0.8415111111111111,-0.0001942131448023,,0.9966733769156042,0.0,0.0,0.1026,0.0748211796011695,0.1043115860517435,0.025429984654461,3.123413324356079,0.0,0.0015644787644787,3.123413324356079,0.1026
cifar,iid,20,107,3,15,0.84511399269104,0.0,0.8258317025440313,0.0,1.0,0.0,0.8415111111111111,0.0011349131535305,,0.9966733769156042,0.0,0.0,0.1026,0.0748211796011695,0.1043115860517435,0.025429984654461,3.123413324356079,0.0,0.0,3.123413324356079,0.1026
cifar,iid,20,107,3,16,0.84511399269104,0.0515607409376316,0.8258317025440313,0.1108661035431377,1.0,0.0,0.8415111111111111,0.0,,0.9966733769156042,0.0030288912169006,0.0030288912169006,0.1026,0.0748211796011695,0.1043115860517435,0.025429984654461,3.123413324356079,0.0,0.0,3.123413324356079,0.1026
cifar,iid,20,107,3,17,0.84511399269104,0.0,0.8258317025440313,0.0621230169997814,1.0,0.0,0.8415111111111111,0.0,,0.9966733769156042,0.0,0.0,0.1026,0.0748211796011695,0.1043115860517435,0.025429984654461,3.123413324356079,0.0,0.0,3.123413324356079,0.1026
cifar,iid,20,107,3,18,0.84511399269104,0.0,0.8258317025440313,0.0,1.0,0.0,0.8415111111111111,-0.0018426987867679,,0.9966733769156042,0.0,0.0,0.1026,0.0748211796011695,0.1043115860517435,0.025429984654461,3.123413324356079,0.0,0.0,3.123413324356079,0.1026
cifar,iid,20,107,3,19,0.84511399269104,0.0,0.8258317025440313,0.0,1.0,0.0,0.8415111111111111,0.0,,0.9966733769156042,0.0,0.0,0.1026,0.0748211796011695,0.1043115860517435,0.025429984654461,3.123413324356079,0.0,0.0,3.123413324356079,0.1026
cifar,iid,20,107,4,0,0.7122600078582764,0.0,0.6512027491408935,0.0557583695409464,1.0,0.0,0.8290666666666666,0.0,,0.9886933294902764,0.0,0.0,0.115,0.2360582186284884,0.1164425541960626,0.0472343737227739,3.133140563964844,0.0,0.0,3.133140563964844,0.115
cifar,iid,20,107,4,1,0.7122600078582764,0.0,0.6512027491408935,0.0,1.0,0.0,0.8290666666666666,0.0,,0.9886933294902764,0.0,0.0,0.115,0.2360582186284884,0.1164425541960626,0.0472343737227739,3.133140563964844,0.0,0.0,3.133140563964844,0.115
cifar,iid,20,107,4,2,0.7122600078582764,0.0,0.6512027491408935,0.0,1.0,0.0,0.8290666666666666,0.0,,0.9886933294902764,0.0007944654549964,0.0007944654549964,0.115,0.2360582186284884,0.1164425541960626,0.0472343737227739,3.133140563964844,0.0,0.0,3.133140563964844,0.115
cifar,iid,20,107,4,3,0.7122600078582764,0.04029410505948,0.6512027491408935,0.0,1.0,0.0,0.8290666666666666,0.0,,0.9886933294902764,0.0,0.0,0.115,0.2360582186284884,0.1164425541960626,0.0472343737227739,3.133140563964844,0.0,0.0,3.133140563964844,0.115
cifar,iid,20,107,4,4,0.7122600078582764,0.0,0.6512027491408935,0.0,1.0,0.0,0.8290666666666666,0.0,,0.9886933294902764,0.0016803044395121,0.0016803044395121,0.115,0.2360582186284884,0.1164425541960626,0.0472343737227739,3.133140563964844,-0.0626340429466891,0.0,3.133140563964844,0.115
cifar,iid,20,107,4,5,0.7122600078582764,0.0,0.6512027491408935,0.0,1.0,0.0,0.8290666666666666,0.0,,0.9886933294902764,0.0,0.0,0.115,0.2360582186284884,0.1164425541960626,0.0472343737227739,3.133140563964844,0.0,0.0,3.133140563964844,0.115
cifar,iid,20,107,4,6,0.7122600078582764,0.0,0.6512027491408935,0.0,1.0,0.0,0.8290666666666666,0.0,,0.9886933294902764,-0.0014977268731417,0.0014977268731417,0.115,0.2360582186284884,0.1164425541960626,0.0472343737227739,3.133140563964844,0.0,0.0,3.133140563964844,0.115
cifar,iid,20,107,4,7,0.7122600078582764,0.0,0.6512027491408935,0.0,1.0,0.0,0.8290666666666666,0.0,,0.9886933294902764,0.0,0.0,0.115,0.2360582186284884,0.1164425541960626,0.0472343737227739,3.133140563964844,0.0,0.0,3.133140563964844,0.115
cifar,iid,20,107,4,8,0.7122600078582764,0.0,0.6512027491408935,0.0,1.0,0.0,0.8290666666666666,0.0069400256904303,,0.9886933294902764,0.0,0.0,0.115,0.2360582186284884,0.1164425541960626,0.0472343737227739,3.133140563964844,0.0,0.0,3.133140563964844,0.115
cifar,iid,20,107,4,9,0.7122600078582764,0.0,0.6512027491408935,0.0,1.0,0.0,0.8290666666666666,0.0,,0.9886933294902764,0.0012573523507605,0.0012573523507605,0.115,0.2360582186284884,0.1164425541960626,0.0472343737227739,3.133140563964844,0.0,0.0,3.133140563964844,0.115
cifar,iid,20,107,4,10,0.7122600078582764,0.0,0.6512027491408935,0.0,1.0,0.0,0.8290666666666666,0.0,,0.9886933294902764,0.0,0.0,0.115,0.2360582186284884,0.1164425541960626,0.0472343737227739,3.133140563964844,0.0,0.0070622516556291,3.133140563964844,0.115
cifar,iid,20,107,4,11,0.7122600078582764,0.0,0.6512027491408935,0.0,1.0,0.0,0.8290666666666666,0.0056455362877328,,0.9886933294902764,0.0,0.0,0.115,0.2360582186284884,0.1164425541960626,0.0472343737227739,3.133140563964844,0.0,0.0,3.133140563964844,0.115
cifar,iid,20,107,4,12,0.7122600078582764,0.0,0.6512027491408935,0.0522784754765912,1.0,0.0,0.8290666666666666,0.0,,0.9886933294902764,0.0,0.0,0.115,0.2360582186284884,0.1164425541960626,0.0472343737227739,3.133140563964844,0.0,0.0,3.133140563964844,0.115
cifar,iid,20,107,4,13,0.7122600078582764,0.0,0.6512027491408935,0.0,1.0,0.0,0.8290666666666666,0.0012868850353243,,0.9886933294902764,0.0,0.0,0.115,0.2360582186284884,0.1164425541960626,0.0472343737227739,3.133140563964844,0.0,0.0,3.133140563964844,0.115
cifar,iid,20,107,4,14,0.7122600078582764,0.0,0.6512027491408935,0.0,1.0,0.0,0.8290666666666666,-0.0061928323699421,,0.9886933294902764,0.0,0.0,0.115,0.2360582186284884,0.1164425541960626,0.0472343737227739,3.133140563964844,0.0,0.0059788079470198,3.133140563964844,0.115
cifar,iid,20,107,4,15,0.7122600078582764,0.0,0.6512027491408935,0.0,1.0,0.0,0.8290666666666666,0.0,,0.9886933294902764,0.0,0.0,0.115,0.2360582186284884,0.1164425541960626,0.0472343737227739,3.133140563964844,0.0,0.0,3.133140563964844,0.115
cifar,iid,20,107,4,16,0.7122600078582764,0.0,0.6512027491408935,0.0535525111925263,1.0,0.0,0.8290666666666666,0.0,,0.9886933294902764,0.0024274251152693,0.0024274251152693,0.115,0.2360582186284884,0.1164425541960626,0.0472343737227739,3.133140563964844,0.0,0.0,3.133140563964844,0.115
cifar,iid,20,107,4,17,0.7122600078582764,0.0,0.6512027491408935,0.0,1.0,0.0,0.8290666666666666,0.0,,0.9886933294902764,0.0,0.0,0.115,0.2360582186284884,0.1164425541960626,0.0472343737227739,3.133140563964844,0.0,0.0,3.133140563964844,0.115
cifar,iid,20,107,4,18,0.7122600078582764,0.0,0.6512027491408935,0.0,1.0,0.0,0.8290666666666666,0.0,,0.9886933294902764,0.0,0.0,0.115,0.2360582186284884,0.1164425541960626,0.0472343737227739,3.133140563964844,0.0,0.0,3.133140563964844,0.115
cifar,iid,20,107,4,19,0.7122600078582764,0.0,0.6512027491408935,0.0,1.0,0.0,0.8290666666666666,0.0,,0.9886933294902764,0.0,0.0,0.115,0.2360582186284884,0.1164425541960626,0.0472343737227739,3.133140563964844,0.0,0.0,3.133140563964844,0.115
cifar,iid,20,107,5,0,0.5210239887237549,0.0,0.2967430639324487,0.0,1.0,0.0,0.6853777777777779,0.0,,0.9607131390569414,0.0,0.0,0.1674,0.2784223406486893,0.1683540350177155,0.116861758121618,2.8638527393341064,0.0,0.0,2.8638527393341064,0.1674
cifar,iid,20,107,5,1,0.5210239887237549,0.0,0.2967430639324487,0.0,1.0,0.0,0.6853777777777779,0.0,,0.9607131390569414,0.0,0.0,0.1674,0.2784223406486893,0.1683540350177155,0.116861758121618,2.8638527393341064,0.0,0.0,2.8638527393341064,0.1674
cifar,iid,20,107,5,2,0.5210239887237549,0.0,0.2967430639324487,0.0349954744559985,1.0,0.0,0.6853777777777779,0.0,,0.9607131390569414,0.0,0.0,0.1674,0.2784223406486893,0.1683540350177155,0.116861758121618,2.8638527393341064,0.0,0.0,2.8638527393341064,0.1674
cifar,iid,20,107,5,3,0.5210239887237549,0.0181694786313553,0.2967430639324487,0.0,1.0,0.0,0.6853777777777779,0.0,,0.9607131390569414,0.00382695924708,0.00382695924708,0.1674,0.2784223406486893,0.1683540350177155,0.116861758121618,2.8638527393341064,0.0,0.0,2.8638527393341064,0.1674
cifar,iid,20,107,5,4,0.5210239887237549,0.0,0.2967430639324487,0.0,1.0,0.0,0.6853777777777779,0.0,,0.9607131390569414,0.0,0.0,0.1674,0.2784223406486893,0.1683540350177155,0.116861758121618,2.8638527393341064,0.0,0.0,2.8638527393341064,0.1674
cifar,iid,20,107,5,5,0.5210239887237549,0.0,0.2967430639324487,0.0,1.0,0.0,0.6853777777777779,0.0,,0.9607131390569414,0.0,0.0,0.1674,0.2784223406486893,0.1683540350177155,0.116861758121618,2.8638527393341064,0.0,0.0,2.8638527393341064,0.1674
cifar,iid,20,107,5,6,0.5210239887237549,0.0,0.2967430639324487,0.0,1.0,0.0,0.6853777777777779,0.0,,0.9607131390569414,0.0,0.0,0.1674,0.2784223406486893,0.1683540350177155,0.116861758121618,2.8638527393341064,0.0,0.0,2.8638527393341064,0.1674
cifar,iid,20,107,5,7,0.5210239887237549,0.0,0.2967430639324487,0.0,1.0,0.0,0.6853777777777779,0.0,,0.9607131390569414,0.0,0.0,0.1674,0.2784223406486893,0.1683540350177155,0.116861758121618,2.8638527393341064,0.0,0.0,2.8638527393341064,0.1674
cifar,iid,20,107,5,8,0.5210239887237549,0.0,0.2967430639324487,0.0,1.0,0.0,0.6853777777777779,0.0,,0.9607131390569414,0.0,0.0,0.1674,0.2784223406486893,0.1683540350177155,0.116861758121618,2.8638527393341064,0.0,0.0,2.8638527393341064,0.1674
cifar,iid,20,107,5,9,0.5210239887237549,0.0,0.2967430639324487,0.0,1.0,0.0,0.6853777777777779,0.0,,0.9607131390569414,0.0,0.0,0.1674,0.2784223406486893,0.1683540350177155,0.116861758121618,2.8638527393341064,0.0,0.0,2.8638527393341064,0.1674
cifar,iid,20,107,5,10,0.5210239887237549,0.0,0.2967430639324487,0.0,1.0,0.0,0.6853777777777779,0.0,,0.9607131390569414,0.0,0.0,0.1674,0.2784223406486893,0.1683540350177155,0.116861758121618,2.8638527393341064,0.0,0.0,2.8638527393341064,0.1674
cifar,iid,20,107,5,11,0.5210239887237549,0.0,0.2967430639324487,0.0,1.0,0.0,0.6853777777777779,0.0,,0.9607131390569414,0.0,0.0,0.1674,0.2784223406486893,0.1683540350177155,0.116861758121618,2.8638527393341064,0.0,0.0,2.8638527393341064,0.1674
cifar,iid,20,107,5,12,0.5210239887237549,0.0444620885479618,0.2967430639324487,0.0,1.0,0.0,0.6853777777777779,0.0,,0.9607131390569414,0.0,0.0,0.1674,0.2784223406486893,0.1683540350177155,0.116861758121618,2.8638527393341064,0.0,0.0,2.8638527393341064,0.1674
cifar,iid,20,107,5,13,0.5210239887237549,0.0,0.2967430639324487,0.0,1.0,0.0,0.6853777777777779,-0.0092552912912912,,0.9607131390569414,0.0,0.0,0.1674,0.2784223406486893,0.1683540350177155,0.116861758121618,2.8638527393341064,0.0,0.0,2.8638527393341064,0.1674
cifar,iid,20,107,5,14,0.5210239887237549,0.0,0.2967430639324487,0.0,1.0,0.0,0.6853777777777779,0.0033854174174174,,0.9607131390569414,0.0,0.0,0.1674,0.2784223406486893,0.1683540350177155,0.116861758121618,2.8638527393341064,-0.089221265580919,0.0125045714285714,2.8638527393341064,0.1674
cifar,iid,20,107,5,15,0.5210239887237549,0.0,0.2967430639324487,0.0,1.0,0.0,0.6853777777777779,0.0,,0.9607131390569414,0.0,0.0,0.1674,0.2784223406486893,0.1683540350177155,0.116861758121618,2.8638527393341064,0.0,0.0,2.8638527393341064,0.1674
cifar,iid,20,107,5,16,0.5210239887237549,0.0,0.2967430639324487,0.0197970680535721,1.0,0.0,0.6853777777777779,0.0,,0.9607131390569414,0.0,0.0,0.1674,0.2784223406486893,0.1683540350177155,0.116861758121618,2.8638527393341064,0.0,0.0,2.8638527393341064,0.1674
cifar,iid,20,107,5,17,0.5210239887237549,0.0,0.2967430639324487,0.0,1.0,0.0,0.6853777777777779,0.0,,0.9607131390569414,0.0,0.0,0.1674,0.2784223406486893,0.1683540350177155,0.116861758121618,2.8638527393341064,0.0,0.0,2.8638527393341064,0.1674
cifar,iid,20,107,5,18,0.5210239887237549,0.0,0.2967430639324487,0.0,1.0,0.0,0.6853777777777779,0.0,,0.9607131390569414,0.0,0.0,0.1674,0.2784223406486893,0.1683540350177155,0.116861758121618,2.8638527393341064,-0.0707991291778256,0.0072685714285714,2.8638527393341064,0.1674
cifar,iid,20,107,5,19,0.5210239887237549,0.0,0.2967430639324487,0.0,1.0,0.0,0.6853777777777779,0.0,,0.9607131390569414,0.0,0.0,0.1674,0.2784223406486893,0.1683540350177155,0.116861758121618,2.8638527393341064,0.0,0.0,2.8638527393341064,0.1674
cifar,iid,20,107,6,0,0.4889039993286133,0.0,0.1488,0.0,1.0,0.0,0.7547555555555556,0.0031308234385558,,0.9349873233116828,0.0,0.0,0.2532,0.4609809754936341,0.254383107741496,0.1902536805195308,2.493544101715088,0.0,0.0,2.493544101715088,0.2532
cifar,iid,20,107,6,1,0.4889039993286133,0.0,0.1488,0.0,1.0,0.0,0.7547555555555556,0.0,,0.9349873233116828,0.0,0.0,0.2532,0.4609809754936341,0.254383107741496,0.1902536805195308,2.493544101715088,0.0,0.0,2.493544101715088,0.2532
cifar,iid,20,107,6,2,0.4889039993286133,0.0,0.1488,0.0,1.0,0.0,0.7547555555555556,-0.0019885606718795,,0.9349873233116828,0.0,0.0,0.2532,0.4609809754936341,0.254383107741496,0.1902536805195308,2.493544101715088,0.0,0.0,2.493544101715088,0.2532
cifar,iid,20,107,6,3,0.4889039993286133,0.0,0.1488,0.0,1.0,0.0,0.7547555555555556,0.0,,0.9349873233116828,0.0,0.0,0.2532,0.4609809754936341,0.254383107741496,0.1902536805195308,2.493544101715088,0.0,0.0,2.493544101715088,0.2532
cifar,iid,20,107,6,4,0.4889039993286133,0.0,0.1488,0.0044072574575949,1.0,0.0,0.7547555555555556,0.0,,0.9349873233116828,0.0,0.0,0.2532,0.4609809754936341,0.254383107741496,0.1902536805195308,2.493544101715088,0.0,0.0,2.493544101715088,0.2532
cifar,iid,20,107,6,5,0.4889039993286133,0.0,0.1488,0.0,1.0,0.0,0.7547555555555556,0.0042048942948161,,0.9349873233116828,0.0,0.0,0.2532,0.4609809754936341,0.254383107741496,0.1902536805195308,2.493544101715088,0.0,0.0,2.493544101715088,0.2532
cifar,iid,20,107,6,6,0.4889039993286133,0.0,0.1488,0.0,1.0,0.0,0.7547555555555556,-0.0070540206583647,,0.9349873233116828,0.0,0.0,0.2532,0.4609809754936341,0.254383107741496,0.1902536805195308,2.493544101715088,-0.0858940652980926,0.0155984848484848,2.493544101715088,0.2532
cifar,iid,20,107,6,7,0.4889039993286133,0.0,0.1488,0.0,1.0,0.0,0.7547555555555556,0.0022294719567525,,0.9349873233116828,0.0004621376416603,0.0004621376416603,0.2532,0.4609809754936341,0.254383107741496,0.1902536805195308,2.493544101715088,0.0,0.0,2.493544101715088,0.2532
cifar,iid,20,107,6,8,0.4889039993286133,0.0359726949786463,0.1488,0.0,1.0,0.0,0.7547555555555556,0.002982034945458,,0.9349873233116828,0.0,0.0,0.2532,0.4609809754936341,0.254383107741496,0.1902536805195308,2.493544101715088,0.0,0.0,2.493544101715088,0.2532
cifar,iid,20,107,6,9,0.4889039993286133,0.0,0.1488,0.0,1.0,0.0,0.7547555555555556,0.0,,0.9349873233116828,0.0,0.0,0.2532,0.4609809754936341,0.254383107741496,0.1902536805195308,2.493544101715088,0.0,0.0,2.493544101715088,0.2532
cifar,iid,20,107,6,10,0.4889039993286133,0.0,0.1488,0.0,1.0,0.0,0.7547555555555556,-0.0003900279949802,,0.9349873233116828,0.0,0.0,0.2532,0.4609809754936341,0.254383107741496,0.1902536805195308,2.493544101715088,0.0,0.0,2.493544101715088,0.2532
cifar,iid,20,107,6,11,0.4889039993286133,0.0,0.1488,0.0,1.0,0.0,0.7547555555555556,0.0,,0.9349873233116828,0.0,0.0,0.2532,0.4609809754936341,0.254383107741496,0.1902536805195308,2.493544101715088,0.0,0.0,2.493544101715088,0.2532
cifar,iid,20,107,6,12,0.4889039993286133,0.0,0.1488,0.0093920613823416,1.0,0.0,0.7547555555555556,0.0037916304662612,,0.9349873233116828,0.0,0.0,0.2532,0.4609809754936341,0.254383107741496,0.1902536805195308,2.493544101715088,0.0,0.0,2.493544101715088,0.2532
cifar,iid,20,107,6,13,0.4889039993286133,0.0,0.1488,0.0,1.0,0.0,0.7547555555555556,0.0,,0.9349873233116828,0.0,0.0,0.2532,0.4609809754936341,0.254383107741496,0.1902536805195308,2.493544101715088,0.0,0.0,2.493544101715088,0.2532
cifar,iid,20,107,6,14,0.4889039993286133,0.0,0.1488,0.0,1.0,0.0,0.7547555555555556,0.0,,0.9349873233116828,0.0,0.0,0.2532,0.4609809754936341,0.254383107741496,0.1902536805195308,2.493544101715088,0.0,0.0,2.493544101715088,0.2532
cifar,iid,20,107,6,15,0.4889039993286133,0.0,0.1488,0.0,1.0,0.0,0.7547555555555556,-0.0025376484216623,,0.9349873233116828,0.0,0.0,0.2532,0.4609809754936341,0.254383107741496,0.1902536805195308,2.493544101715088,0.0,0.0,2.493544101715088,0.2532
cifar,iid,20,107,6,16,0.4889039993286133,0.0,0.1488,0.0,1.0,0.0,0.7547555555555556,0.0,,0.9349873233116828,0.0,0.0,0.2532,0.4609809754936341,0.254383107741496,0.1902536805195308,2.493544101715088,0.0,0.0,2.493544101715088,0.2532
cifar,iid,20,107,6,17,0.4889039993286133,0.0,0.1488,0.0,1.0,0.0,0.7547555555555556,0.0,,0.9349873233116828,0.0,0.0,0.2532,0.4609809754936341,0.254383107741496,0.1902536805195308,2.493544101715088,0.0,0.0,2.493544101715088,0.2532
cifar,iid,20,107,6,18,0.4889039993286133,0.0,0.1488,0.0,1.0,0.0,0.7547555555555556,0.0,,0.9349873233116828,0.0,0.0,0.2532,0.4609809754936341,0.254383107741496,0.1902536805195308,2.493544101715088,-0.0864011254280236,0.0,2.493544101715088,0.2532
cifar,iid,20,107,6,19,0.4889039993286133,0.0,0.1488,0.0,1.0,0.0,0.7547555555555556,-0.0051948643691476,,0.9349873233116828,0.0,0.0,0.2532,0.4609809754936341,0.254383107741496,0.1902536805195308,2.493544101715088,0.0,0.0,2.493544101715088,0.2532
cifar,iid,20,107,7,0,0.5016399621963501,0.0,0.1337172104926423,0.0,0.9931798806479112,0.0,0.6950666666666667,0.0,,0.936410642566464,0.0,0.0,0.315,0.6406381020200645,0.316242516434951,0.2626067891782735,2.087720394134521,0.0,0.0,2.087720394134521,0.315
cifar,iid,20,107,7,1,0.5016399621963501,0.0,0.1337172104926423,0.0,0.9931798806479112,0.0005198909523485,0.6950666666666667,0.0,,0.936410642566464,0.0,0.0,0.315,0.6406381020200645,0.316242516434951,0.2626067891782735,2.087720394134521,0.0,0.0,2.087720394134521,0.315
cifar,iid,20,107,7,2,0.5016399621963501,0.0,0.1337172104926423,0.0,0.9931798806479112,0.0,0.6950666666666667,0.0,,0.936410642566464,0.0,0.0,0.315,0.6406381020200645,0.316242516434951,0.2626067891782735,2.087720394134521,0.0,0.0,2.087720394134521,0.315
cifar,iid,20,107,7,3,0.5016399621963501,0.0,0.1337172104926423,0.0,0.9931798806479112,0.0,0.6950666666666667,0.0,,0.936410642566464,0.0,0.0,0.315,0.6406381020200645,0.316242516434951,0.2626067891782735,2.087720394134521,0.0,0.0,2.087720394134521,0.315
cifar,iid,20,107,7,4,0.5016399621963501,0.0,0.1337172104926423,0.0,0.9931798806479112,0.00050289209787,0.6950666666666667,0.0,,0.936410642566464,0.0,0.0,0.315,0.6406381020200645,0.316242516434951,0.2626067891782735,2.087720394134521,0.0,0.0,2.087720394134521,0.315
cifar,iid,20,107,7,5,0.5016399621963501,0.0,0.1337172104926423,0.0,0.9931798806479112,0.0,0.6950666666666667,0.0,,0.936410642566464,0.0,0.0,0.315,0.6406381020200645,0.316242516434951,0.2626067891782735,2.087720394134521,0.0,0.0,2.087720394134521,0.315
cifar,iid,20,107,7,6,0.5016399621963501,0.0,0.1337172104926423,0.0,0.9931798806479112,0.0,0.6950666666666667,-0.0113466666666666,,0.936410642566464,0.0,0.0,0.315,0.6406381020200645,0.316242516434951,0.2626067891782735,2.087720394134521,-0.0741459481094194,0.0134964539007092,2.087720394134521,0.315
cifar,iid,20,107,7,7,0.5016399621963501,0.0,0.1337172104926423,0.0,0.9931798806479112,0.0,0.6950666666666667,0.0,,0.936410642566464,0.0,0.0,0.315,0.6406381020200645,0.316242516434951,0.2626067891782735,2.087720394134521,0.0,0.0,2.087720394134521,0.315
cifar,iid,20,107,7,8,0.5016399621963501,0.051835631125072,0.1337172104926423,0.0129891217007035,0.9931798806479112,0.0,0.6950666666666667,0.0,,0.936410642566464,0.0030766996723933,0.0030766996723933,0.315,0.6406381020200645,0.316242516434951,0.2626067891782735,2.087720394134521,0.0,0.0,2.087720394134521,0.315
cifar,iid,20,107,7,9,0.5016399621963501,0.0,0.1337172104926423,0.0,0.9931798806479112,0.0,0.6950666666666667,0.0008966747769667,,0.936410642566464,0.0,0.0,0.315,0.6406381020200645,0.316242516434951,0.2626067891782735,2.087720394134521,0.0,0.0,2.087720394134521,0.315
cifar,iid,20,107,7,10,0.5016399621963501,0.0,0.1337172104926423,0.0,0.9931798806479112,0.0,0.6950666666666667,0.0,,0.936410642566464,0.0024895885818245,0.0024895885818245,0.315,0.6406381020200645,0.316242516434951,0.2626067891782735,2.087720394134521,0.0,0.0,2.087720394134521,0.315
cifar,iid,20,107,7,11,0.5016399621963501,0.0,0.1337172104926423,0.0,0.9931798806479112,0.0,0.6950666666666667,0.0,,0.936410642566464,0.0,0.0,0.315,0.6406381020200645,0.316242516434951,0.2626067891782735,2.087720394134521,0.0,0.0,2.087720394134521,0.315
cifar,iid,20,107,7,12,0.5016399621963501,0.0,0.1337172104926423,0.0,0.9931798806479112,0.0,0.6950666666666667,0.0,,0.936410642566464,0.0,0.0,0.315,0.6406381020200645,0.316242516434951,0.2626067891782735,2.087720394134521,0.0,0.0,2.087720394134521,0.315
cifar,iid,20,107,7,13,0.5016399621963501,0.0,0.1337172104926423,0.0,0.9931798806479112,0.0,0.6950666666666667,0.0,,0.936410642566464,0.0,0.0,0.315,0.6406381020200645,0.316242516434951,0.2626067891782735,2.087720394134521,0.0,0.0,2.087720394134521,0.315
cifar,iid,20,107,7,14,0.5016399621963501,0.0,0.1337172104926423,0.0,0.9931798806479112,0.0,0.6950666666666667,0.0,,0.936410642566464,0.0,0.0,0.315,0.6406381020200645,0.316242516434951,0.2626067891782735,2.087720394134521,-0.0960090963736824,0.0160468085106382,2.087720394134521,0.315
cifar,iid,20,107,7,15,0.5016399621963501,0.0,0.1337172104926423,0.0,0.9931798806479112,0.0,0.6950666666666667,0.0087457907542579,,0.936410642566464,0.0,0.0,0.315,0.6406381020200645,0.316242516434951,0.2626067891782735,2.087720394134521,0.0,0.0,2.087720394134521,0.315
cifar,iid,20,107,7,16,0.5016399621963501,0.0,0.1337172104926423,0.0,0.9931798806479112,0.0,0.6950666666666667,0.0,,0.936410642566464,0.0,0.0,0.315,0.6406381020200645,0.316242516434951,0.2626067891782735,2.087720394134521,0.0,0.0,2.087720394134521,0.315
cifar,iid,20,107,7,17,0.5016399621963501,0.0,0.1337172104926423,0.0,0.9931798806479112,0.0,0.6950666666666667,0.0,,0.936410642566464,0.0,0.0,0.315,0.6406381020200645,0.316242516434951,0.2626067891782735,2.087720394134521,0.0,0.0,2.087720394134521,0.315
cifar,iid,20,107,7,18,0.5016399621963501,0.0,0.1337172104926423,0.0,0.9931798806479112,0.0,0.6950666666666667,0.0,,0.936410642566464,0.0,0.0,0.315,0.6406381020200645,0.316242516434951,0.2626067891782735,2.087720394134521,0.0,0.0,2.087720394134521,0.315
cifar,iid,20,107,7,19,0.5016399621963501,0.0,0.1337172104926423,0.0,0.9931798806479112,0.0,0.6950666666666667,0.0,,0.936410642566464,0.0,0.0,0.315,0.6406381020200645,0.316242516434951,0.2626067891782735,2.087720394134521,0.0,0.0,2.087720394134521,0.315
cifar,iid,20,107,8,0,0.4752100110054016,0.0,0.1495633187772925,0.0,0.985443584548444,0.0,0.6617777777777778,0.0,,0.9355530354552184,0.0,0.0,0.3744,0.6254302729122768,0.3757169777366911,0.3469668258819265,1.7621605396270752,0.0,0.0,1.7621605396270752,0.3744
cifar,iid,20,107,8,1,0.4752100110054016,0.0,0.1495633187772925,0.0,0.985443584548444,0.0,0.6617777777777778,0.0,,0.9355530354552184,0.0,0.0,0.3744,0.6254302729122768,0.3757169777366911,0.3469668258819265,1.7621605396270752,0.0,0.0,1.7621605396270752,0.3744
cifar,iid,20,107,8,2,0.4752100110054016,0.0,0.1495633187772925,0.0,0.985443584548444,0.0,0.6617777777777778,0.0,,0.9355530354552184,0.0,0.0,0.3744,0.6254302729122768,0.3757169777366911,0.3469668258819265,1.7621605396270752,0.0,0.0,1.7621605396270752,0.3744
cifar,iid,20,107,8,3,0.4752100110054016,0.0,0.1495633187772925,0.0,0.985443584548444,0.0,0.6617777777777778,0.0,,0.9355530354552184,0.0,0.0,0.3744,0.6254302729122768,0.3757169777366911,0.3469668258819265,1.7621605396270752,0.0,0.0,1.7621605396270752,0.3744
cifar,iid,20,107,8,4,0.4752100110054016,0.0,0.1495633187772925,0.0,0.985443584548444,0.0,0.6617777777777778,0.0,,0.9355530354552184,0.0,0.0,0.3744,0.6254302729122768,0.3757169777366911,0.3469668258819265,1.7621605396270752,0.0,0.0,1.7621605396270752,0.3744
cifar,iid,20,107,8,5,0.4752100110054016,0.0,0.1495633187772925,0.0,0.985443584548444,0.0,0.6617777777777778,0.0,,0.9355530354552184,0.0,0.0,0.3744,0.6254302729122768,0.3757169777366911,0.3469668258819265,1.7621605396270752,-0.0192073373794555,0.0,1.7621605396270752,0.3744
cifar,iid,20,107,8,6,0.4752100110054016,0.0,0.1495633187772925,0.0,0.985443584548444,0.0009272121089318,0.6617777777777778,0.0,,0.9355530354552184,0.0,0.0,0.3744,0.6254302729122768,0.3757169777366911,0.3469668258819265,1.7621605396270752,0.0,0.0,1.7621605396270752,0.3744
cifar,iid,20,107,8,7,0.4752100110054016,0.0,0.1495633187772925,0.0,0.985443584548444,-0.0003490703632541,0.6617777777777778,0.0,,0.9355530354552184,0.0,0.0,0.3744,0.6254302729122768,0.3757169777366911,0.3469668258819265,1.7621605396270752,0.0,0.0,1.7621605396270752,0.3744
cifar,iid,20,107,8,8,0.4752100110054016,0.0432981096425102,0.1495633187772925,0.0,0.985443584548444,0.0,0.6617777777777778,0.0,,0.9355530354552184,0.0,0.0,0.3744,0.6254302729122768,0.3757169777366911,0.3469668258819265,1.7621605396270752,0.0,0.0,1.7621605396270752,0.3744
cifar,iid,20,107,8,9,0.4752100110054016,0.0,0.1495633187772925,0.0255021386074993,0.985443584548444,0.0,0.6617777777777778,0.0,,0.9355530354552184,0.0,0.0,0.3744,0.6254302729122768,0.3757169777366911,0.3469668258819265,1.7621605396270752,0.0,0.0,1.7621605396270752,0.3744
cifar,iid,20,107,8,10,0.4752100110054016,0.0,0.1495633187772925,0.0,0.985443584548444,0.0,0.6617777777777778,0.0,,0.9355530354552184,0.0,0.0,0.3744,0.6254302729122768,0.3757169777366911,0.3469668258819265,1.7621605396270752,0.0,0.0,1.7621605396270752,0.3744
cifar,iid,20,107,8,11,0.4752100110054016,0.0,0.1495633187772925,0.0,0.985443584548444,0.0,0.6617777777777778,0.0,,0.9355530354552184,0.0,0.0,0.3744,0.6254302729122768,0.3757169777366911,0.3469668258819265,1.7621605396270752,0.0,0.0,1.7621605396270752,0.3744
cifar,iid,20,107,8,12,0.4752100110054016,0.0,0.1495633187772925,0.0,0.985443584548444,0.0,0.6617777777777778,0.0,,0.9355530354552184,0.0,0.0,0.3744,0.6254302729122768,0.3757169777366911,0.3469668258819265,1.7621605396270752,0.0,0.0,1.7621605396270752,0.3744
cifar,iid,20,107,8,13,0.4752100110054016,0.0,0.1495633187772925,0.0,0.985443584548444,0.0,0.6617777777777778,0.0,,0.9355530354552184,0.0,0.0,0.3744,0.6254302729122768,0.3757169777366911,0.3469668258819265,1.7621605396270752,0.0,0.0010056074766355,1.7621605396270752,0.3744
cifar,iid,20,107,8,14,0.4752100110054016,0.0,0.1495633187772925,0.0,0.985443584548444,0.0,0.6617777777777778,0.0,,0.9355530354552184,0.0,0.0,0.3744,0.6254302729122768,0.3757169777366911,0.3469668258819265,1.7621605396270752,-0.0905639429092407,0.0227345794392523,1.7621605396270752,0.3744
cifar,iid,20,107,8,15,0.4752100110054016,0.0,0.1495633187772925,0.0099203154692149,0.985443584548444,0.0,0.6617777777777778,0.0,,0.9355530354552184,0.0,0.0,0.3744,0.6254302729122768,0.3757169777366911,0.3469668258819265,1.7621605396270752,0.0,0.0,1.7621605396270752,0.3744
cifar,iid,20,107,8,16,0.4752100110054016,0.0,0.1495633187772925,0.0,0.985443584548444,0.0,0.6617777777777778,0.0077960069444444,,0.9355530354552184,0.0,0.0,0.3744,0.6254302729122768,0.3757169777366911,0.3469668258819265,1.7621605396270752,0.0,0.0,1.7621605396270752,0.3744
cifar,iid,20,107,8,17,0.4752100110054016,0.0,0.1495633187772925,0.0,0.985443584548444,0.0,0.6617777777777778,0.0,,0.9355530354552184,0.0,0.0,0.3744,0.6254302729122768,0.3757169777366911,0.3469668258819265,1.7621605396270752,0.0,0.0,1.7621605396270752,0.3744
cifar,iid,20,107,8,18,0.4752100110054016,0.0,0.1495633187772925,0.0,0.985443584548444,-0.0011543012358299,0.6617777777777778,0.0,,0.9355530354552184,0.0,0.0,0.3744,0.6254302729122768,0.3757169777366911,0.3469668258819265,1.7621605396270752,0.0,0.0,1.7621605396270752,0.3744
cifar,iid,20,107,8,19,0.4752100110054016,0.0,0.1495633187772925,0.0,0.985443584548444,0.0002512629747689,0.6617777777777778,0.0,,0.9355530354552184,0.0,0.0,0.3744,0.6254302729122768,0.3757169777366911,0.3469668258819265,1.7621605396270752,0.0,0.0,1.7621605396270752,0.3744
cifar,iid,20,107,9,0,0.4207640290260315,0.0,0.1215311004784689,0.0,0.975362872421696,0.0,0.6836666666666669,0.0,,0.9389198363133484,0.0,0.0,0.4264,0.6348209570433718,0.4283960958899405,0.4119766752344499,1.555702567100525,0.0,0.0,1.555702567100525,0.4264
cifar,iid,20,107,9,1,0.4207640290260315,0.0,0.1215311004784689,0.0,0.975362872421696,0.0,0.6836666666666669,0.0,,0.9389198363133484,0.0,0.0,0.4264,0.6348209570433718,0.4283960958899405,0.4119766752344499,1.555702567100525,0.0,0.0,1.555702567100525,0.4264
cifar,iid,20,107,9,2,0.4207640290260315,0.0,0.1215311004784689,0.0,0.975362872421696,0.0,0.6836666666666669,0.0,,0.9389198363133484,0.0,0.0,0.4264,0.6348209570433718,0.4283960958899405,0.4119766752344499,1.555702567100525,0.0,0.0,1.555702567100525,0.4264
cifar,iid,20,107,9,3,0.4207640290260315,0.0,0.1215311004784689,0.0,0.975362872421696,0.0,0.6836666666666669,0.0,,0.9389198363133484,0.0,0.0,0.4264,0.6348209570433718,0.4283960958899405,0.4119766752344499,1.555702567100525,0.0,0.0,1.555702567100525,0.4264
cifar,iid,20,107,9,4,0.4207640290260315,0.0,0.1215311004784689,0.0,0.975362872421696,0.0,0.6836666666666669,0.0040330533451223,,0.9389198363133484,0.0,0.0,0.4264,0.6348209570433718,0.4283960958899405,0.4119766752344499,1.555702567100525,0.0,0.0,1.555702567100525,0.4264
cifar,iid,20,107,9,5,0.4207640290260315,0.0336356272822932,0.1215311004784689,0.0,0.975362872421696,0.0,0.6836666666666669,0.0,,0.9389198363133484,0.0,0.0,0.4264,0.6348209570433718,0.4283960958899405,0.4119766752344499,1.555702567100525,0.0,0.0,1.555702567100525,0.4264
cifar,iid,20,107,9,6,0.4207640290260315,0.0,0.1215311004784689,0.0,0.975362872421696,0.0,0.6836666666666669,0.0,,0.9389198363133484,0.0,0.0,0.4264,0.6348209570433718,0.4283960958899405,0.4119766752344499,1.555702567100525,0.0,0.0,1.555702567100525,0.4264
cifar,iid,20,107,9,7,0.4207640290260315,0.0,0.1215311004784689,0.0,0.975362872421696,0.0,0.6836666666666669,0.0,,0.9389198363133484,0.0,0.0,0.4264,0.6348209570433718,0.4283960958899405,0.4119766752344499,1.555702567100525,0.0,0.0,1.555702567100525,0.4264
cifar,iid,20,107,9,8,0.4207640290260315,0.0,0.1215311004784689,0.0,0.975362872421696,0.0,0.6836666666666669,0.0,,0.9389198363133484,0.0030492214533191,0.0030492214533191,0.4264,0.6348209570433718,0.4283960958899405,0.4119766752344499,1.555702567100525,0.0,0.0,1.555702567100525,0.4264
cifar,iid,20,107,9,9,0.4207640290260315,0.0,0.1215311004784689,0.0111991923316263,0.975362872421696,0.0,0.6836666666666669,0.0,,0.9389198363133484,0.0051073951229885,0.0051073951229885,0.4264,0.6348209570433718,0.4283960958899405,0.4119766752344499,1.555702567100525,0.0,0.0,1.555702567100525,0.4264
cifar,iid,20,107,9,10,0.4207640290260315,0.0,0.1215311004784689,0.0,0.975362872421696,0.0,0.6836666666666669,0.0,,0.9389198363133484,0.0,0.0,0.4264,0.6348209570433718,0.4283960958899405,0.4119766752344499,1.555702567100525,0.0,0.0,1.555702567100525,0.4264
cifar,iid,20,107,9,11,0.4207640290260315,0.0,0.1215311004784689,0.0,0.975362872421696,0.0,0.6836666666666669,0.0,,0.9389198363133484,0.0,0.0,0.4264,0.6348209570433718,0.4283960958899405,0.4119766752344499,1.555702567100525,0.0,0.0,1.555702567100525,0.4264
cifar,iid,20,107,9,12,0.4207640290260315,0.0,0.1215311004784689,0.0,0.975362872421696,0.0,0.6836666666666669,0.010268096080165,,0.9389198363133484,0.0,0.0,0.4264,0.6348209570433718,0.4283960958899405,0.4119766752344499,1.555702567100525,0.0,0.0,1.555702567100525,0.4264
cifar,iid,20,107,9,13,0.4207640290260315,0.0,0.1215311004784689,0.0,0.975362872421696,-0.0013509052146246,0.6836666666666669,0.0,,0.9389198363133484,0.0,0.0,0.4264,0.6348209570433718,0.4283960958899405,0.4119766752344499,1.555702567100525,-0.0307690120878673,0.0,1.555702567100525,0.4264
cifar,iid,20,107,9,14,0.4207640290260315,0.0,0.1215311004784689,0.0,0.975362872421696,0.0,0.6836666666666669,0.0024243884468022,,0.9389198363133484,0.0,0.0,0.4264,0.6348209570433718,0.4283960958899405,0.4119766752344499,1.555702567100525,-0.0902248927525111,0.0255977528089887,1.555702567100525,0.4264
cifar,iid,20,107,9,15,0.4207640290260315,0.0,0.1215311004784689,0.0,0.975362872421696,0.0,0.6836666666666669,0.0,,0.9389198363133484,0.0,0.0,0.4264,0.6348209570433718,0.4283960958899405,0.4119766752344499,1.555702567100525,0.0,0.0,1.555702567100525,0.4264
cifar,iid,20,107,9,16,0.4207640290260315,0.0,0.1215311004784689,0.0,0.975362872421696,0.0,0.6836666666666669,0.0,,0.9389198363133484,0.0,0.0,0.4264,0.6348209570433718,0.4283960958899405,0.4119766752344499,1.555702567100525,0.0,0.0,1.555702567100525,0.4264
cifar,iid,20,107,9,17,0.4207640290260315,0.0,0.1215311004784689,0.0,0.975362872421696,0.0,0.6836666666666669,0.0,,0.9389198363133484,0.0,0.0,0.4264,0.6348209570433718,0.4283960958899405,0.4119766752344499,1.555702567100525,0.0,0.0135011235955056,1.555702567100525,0.4264
cifar,iid,20,107,9,18,0.4207640290260315,0.0,0.1215311004784689,0.0,0.975362872421696,0.0,0.6836666666666669,0.0,,0.9389198363133484,0.0,0.0,0.4264,0.6348209570433718,0.4283960958899405,0.4119766752344499,1.555702567100525,0.0,0.0,1.555702567100525,0.4264
cifar,iid,20,107,9,19,0.4207640290260315,0.0,0.1215311004784689,0.0119456925550975,0.975362872421696,0.0018905403450525,0.6836666666666669,0.0,,0.9389198363133484,0.0,0.0,0.4264,0.6348209570433718,0.4283960958899405,0.4119766752344499,1.555702567100525,0.0,0.0,1.555702567100525,0.4264
cifar,iid,20,107,10,0,0.3994560241699219,0.0,0.1015317286652078,0.0,0.976890756302521,0.0,0.6455,0.0037305338541666,,0.9385024258741378,0.0,0.0,0.4514,0.6414739338002938,0.4540572008320657,0.4385857013033177,1.4704433679580688,0.0,0.0,1.4704433679580688,0.4514
cifar,iid,20,107,10,1,0.3994560241699219,0.0,0.1015317286652078,0.0,0.976890756302521,0.0,0.6455,0.0066651041666666,,0.9385024258741378,0.0,0.0,0.4514,0.6414739338002938,0.4540572008320657,0.4385857013033177,1.4704433679580688,0.0,0.0,1.4704433679580688,0.4514
cifar,iid,20,107,10,2,0.3994560241699219,0.0,0.1015317286652078,0.0,0.976890756302521,0.0,0.6455,-0.0003523654513888,,0.9385024258741378,0.0,0.0,0.4514,0.6414739338002938,0.4540572008320657,0.4385857013033177,1.4704433679580688,0.0,0.0,1.4704433679580688,0.4514
cifar,iid,20,107,10,3,0.3994560241699219,0.0,0.1015317286652078,0.0,0.976890756302521,0.0,0.6455,0.0084706814236111,,0.9385024258741378,0.0,0.0,0.4514,0.6414739338002938,0.4540572008320657,0.4385857013033177,1.4704433679580688,0.0,0.0,1.4704433679580688,0.4514
cifar,iid,20,107,10,4,0.3994560241699219,0.0,0.1015317286652078,0.0,0.976890756302521,0.0008025602404563,0.6455,0.0023113064236111,,0.9385024258741378,0.0,0.0,0.4514,0.6414739338002938,0.4540572008320657,0.4385857013033177,1.4704433679580688,0.0,0.0,1.4704433679580688,0.4514
cifar,iid,20,107,10,5,0.3994560241699219,0.0240574102848768,0.1015317286652078,0.0,0.976890756302521,0.0,0.6455,0.0,,0.9385024258741378,0.0,0.0,0.4514,0.6414739338002938,0.4540572008320657,0.4385857013033177,1.4704433679580688,0.0468624128614153,0.0,1.4704433679580688,0.4514
cifar,iid,20,107,10,6,0.3994560241699219,0.0,0.1015317286652078,0.0,0.976890756302521,0.0,0.6455,0.0,,0.9385024258741378,0.0,0.0,0.4514,0.6414739338002938,0.4540572008320657,0.4385857013033177,1.4704433679580688,0.0,0.0175207920792079,1.4704433679580688,0.4514
cifar,iid,20,107,10,7,0.3994560241699219,0.0,0.1015317286652078,0.0,0.976890756302521,0.0,0.6455,0.0,,0.9385024258741378,0.0,0.0,0.4514,0.6414739338002938,0.4540572008320657,0.4385857013033177,1.4704433679580688,0.0,0.0,1.4704433679580688,0.4514
cifar,iid,20,107,10,8,0.3994560241699219,0.0,0.1015317286652078,0.0,0.976890756302521,-0.000345133757232,0.6455,0.0032110026041666,,0.9385024258741378,0.0,0.0,0.4514,0.6414739338002938,0.4540572008320657,0.4385857013033177,1.4704433679580688,0.0,0.0,1.4704433679580688,0.4514
cifar,iid,20,107,10,9,0.3994560241699219,0.0,0.1015317286652078,0.0068338836783933,0.976890756302521,0.0,0.6455,0.0033846571180555,,0.9385024258741378,0.0,0.0,0.4514,0.6414739338002938,0.4540572008320657,0.4385857013033177,1.4704433679580688,0.0,0.0,1.4704433679580688,0.4514
cifar,iid,20,107,10,10,0.3994560241699219,0.0,0.1015317286652078,0.0,0.976890756302521,0.0,0.6455,-0.009035546875,,0.9385024258741378,0.0,0.0,0.4514,0.6414739338002938,0.4540572008320657,0.4385857013033177,1.4704433679580688,0.0,0.0,1.4704433679580688,0.4514
cifar,iid,20,107,10,11,0.3994560241699219,0.0,0.1015317286652078,0.0,0.976890756302521,0.0,0.6455,-0.0049172526041666,,0.9385024258741378,0.0,0.0,0.4514,0.6414739338002938,0.4540572008320657,0.4385857013033177,1.4704433679580688,0.0,0.0,1.4704433679580688,0.4514
cifar,iid,20,107,10,12,0.3994560241699219,0.0,0.1015317286652078,0.0,0.976890756302521,-0.000292399138724,0.6455,0.0,,0.9385024258741378,0.0,0.0,0.4514,0.6414739338002938,0.4540572008320657,0.4385857013033177,1.4704433679580688,-0.0827846268245152,0.0,1.4704433679580688,0.4514
cifar,iid,20,107,10,13,0.3994560241699219,0.0,0.1015317286652078,0.0,0.976890756302521,0.0,0.6455,0.0,,0.9385024258741378,0.0,0.0,0.4514,0.6414739338002938,0.4540572008320657,0.4385857013033177,1.4704433679580688,0.0,0.0,1.4704433679580688,0.4514
cifar,iid,20,107,10,14,0.3994560241699219,0.0,0.1015317286652078,0.0,0.976890756302521,-0.0007962301607358,0.6455,-0.0119203993055555,,0.9385024258741378,0.0,0.0,0.4514,0.6414739338002938,0.4540572008320657,0.4385857013033177,1.4704433679580688,-0.1129031106403895,0.0271227722772277,1.4704433679580688,0.4514
cifar,iid,20,107,10,15,0.3994560241699219,0.0,0.1015317286652078,0.0077419451924963,0.976890756302521,0.0,0.6455,0.0035414930555555,,0.9385024258741378,0.0,0.0,0.4514,0.6414739338002938,0.4540572008320657,0.4385857013033177,1.4704433679580688,0.0,0.0,1.4704433679580688,0.4514
cifar,iid,20,107,10,16,0.3994560241699219,0.0,0.1015317286652078,0.0,0.976890756302521,0.0,0.6455,0.002904296875,,0.9385024258741378,0.0,0.0,0.4514,0.6414739338002938,0.4540572008320657,0.4385857013033177,1.4704433679580688,0.0,0.0,1.4704433679580688,0.4514
cifar,iid,20,107,10,17,0.3994560241699219,0.0,0.1015317286652078,0.0,0.976890756302521,-0.0008189029177575,0.6455,0.0080266710069444,,0.9385024258741378,0.0,0.0,0.4514,0.6414739338002938,0.4540572008320657,0.4385857013033177,1.4704433679580688,0.0,0.0,1.4704433679580688,0.4514
cifar,iid,20,107,10,18,0.3994560241699219,0.0,0.1015317286652078,0.0,0.976890756302521,0.0,0.6455,-0.0026580946180555,,0.9385024258741378,0.0,0.0,0.4514,0.6414739338002938,0.4540572008320657,0.4385857013033177,1.4704433679580688,0.0,0.0,1.4704433679580688,0.4514
cifar,iid,20,107,10,19,0.3994560241699219,0.0,0.1015317286652078,0.0,0.976890756302521,0.0040858979783699,0.6455,0.0,,0.9385024258741378,0.0,0.0,0.4514,0.6414739338002938,0.4540572008320657,0.4385857013033177,1.4704433679580688,0.0,0.0,1.4704433679580688,0.4514
cifar,iid,4,107,1,0,0.6630699634552002,0.0385258754094441,0.5275181723779855,0.0,1.0,0.0047017489472732,0.8111333333333333,-0.0149270370370369,,0.9572111841476962,-0.0054299353531347,0.0054299353531347,0.1926,0.2346094913462262,0.1953906317778029,0.1406764058494377,2.6821908950805664,0.0,0.0,2.6821908950805664,0.1926
cifar,iid,4,107,1,1,0.6630699634552002,0.0,0.5275181723779855,0.2501649957027444,1.0,0.0,0.8111333333333333,0.0,,0.9572111841476962,0.0,0.0,0.1926,0.2346094913462262,0.1953906317778029,0.1406764058494377,2.6821908950805664,0.0,0.0,2.6821908950805664,0.1926
cifar,iid,4,107,1,2,0.6630699634552002,0.0,0.5275181723779855,0.0,1.0,0.0,0.8111333333333333,-0.0268522222222221,,0.9572111841476962,0.0,0.0,0.1926,0.2346094913462262,0.1953906317778029,0.1406764058494377,2.6821908950805664,-0.0250013430913289,0.0554866666666666,2.6821908950805664,0.1926
cifar,iid,4,107,1,3,0.6630699634552002,0.0,0.5275181723779855,0.0,1.0,0.0,0.8111333333333333,0.0,,0.9572111841476962,-0.0048747219862677,0.0048747219862677,0.1926,0.2346094913462262,0.1953906317778029,0.1406764058494377,2.6821908950805664,0.0,0.0,2.6821908950805664,0.1926
cifar,iid,4,107,2,0,0.4330099821090698,0.0,0.1993127147766323,0.0,0.969793846392312,0.0,0.6694888888888888,-0.0134481481481481,,0.907437256154864,0.0,0.0,0.5318,0.604544903249977,0.5341257129375993,0.5272664455970572,1.3127033710479736,-0.4741389314333598,0.1178666666666666,1.3127033710479736,0.5318
cifar,iid,4,107,2,1,0.4330099821090698,-0.0333852072556813,0.1993127147766323,-0.0659689318842029,0.969793846392312,0.0064096389543959,0.6694888888888888,0.0,,0.907437256154864,-0.0117605940064251,0.0117605940064251,0.5318,0.604544903249977,0.5341257129375993,0.5272664455970572,1.3127033710479736,-0.2651320099830627,0.0634533333333333,1.3127033710479736,0.5318
cifar,iid,4,107,2,2,0.4330099821090698,0.0,0.1993127147766323,-0.0713700151881069,0.969793846392312,0.0,0.6694888888888888,0.0,,0.907437256154864,-0.0029842349954883,0.0029842349954883,0.5318,0.604544903249977,0.5341257129375993,0.5272664455970572,1.3127033710479736,-0.3314566532770792,0.0846066666666666,1.3127033710479736,0.5318
cifar,iid,4,107,2,3,0.4330099821090698,0.0,0.1993127147766323,0.0,0.969793846392312,0.0,0.6694888888888888,-0.0197499999999999,,0.907437256154864,0.0,0.0,0.5318,0.604544903249977,0.5341257129375993,0.5272664455970572,1.3127033710479736,0.0,0.0,1.3127033710479736,0.5318
cifar,iid,4,107,3,0,0.3904740214347839,0.0,0.1436351259360108,0.0,0.9674494303650314,0.0,0.5961999999999998,0.0,,0.914721047270952,0.0055753671441729,0.0055753671441729,0.5574,0.6339031807030869,0.5607138455845783,0.5568442850718884,1.2288399934768677,0.0,0.0181066666666666,1.2288399934768677,0.5574
cifar,iid,4,107,3,1,0.3904740214347839,0.0,0.1436351259360108,0.000712161752767,0.9674494303650314,0.0088726136040713,0.5961999999999998,-0.0155418518518518,,0.914721047270952,0.0139614149170623,0.0139614149170623,0.5574,0.6339031807030869,0.5607138455845783,0.5568442850718884,1.2288399934768677,0.0,0.0,1.2288399934768677,0.5574
cifar,iid,4,107,3,2,0.3904740214347839,0.0140239298343658,0.1436351259360108,-0.0142438932347313,0.9674494303650314,0.0,0.5961999999999998,0.0,,0.914721047270952,0.0,0.0,0.5574,0.6339031807030869,0.5607138455845783,0.5568442850718884,1.2288399934768677,-0.0920297304789225,0.0264466666666666,1.2288399934768677,0.5574
cifar,iid,4,107,3,3,0.3904740214347839,0.0,0.1436351259360108,0.0,0.9674494303650314,0.0,0.5961999999999998,0.0,,0.914721047270952,0.0,0.0,0.5574,0.6339031807030869,0.5607138455845783,0.5568442850718884,1.2288399934768677,0.0,0.0,1.2288399934768677,0.5574
cifar,iid,4,107,4,0,0.3754000067710876,0.0,0.0963934426229508,-0.0132562548614948,0.964905725135904,0.0,0.7211444444444444,0.0,,0.9218093153394344,0.0,0.0,0.6064,0.6567935355831311,0.608618061119955,0.6011960762620905,1.1021186113357544,-0.067387855052948,0.0254133333333333,1.1021186113357544,0.6064
cifar,iid,4,107,4,1,0.3754000067710876,0.0381457289059956,0.0963934426229508,0.0057110932538339,0.964905725135904,0.008279912755616,0.7211444444444444,0.0458355555555556,,0.9218093153394344,0.0136347730544557,0.0136347730544557,0.6064,0.6567935355831311,0.608618061119955,0.6011960762620905,1.1021186113357544,0.0563000758488973,-0.0016133333333333,1.1021186113357544,0.6064
cifar,iid,4,107,4,2,0.3754000067710876,0.0,0.0963934426229508,0.0,0.964905725135904,0.0,0.7211444444444444,0.0,,0.9218093153394344,0.0,0.0,0.6064,0.6567935355831311,0.608618061119955,0.6011960762620905,1.1021186113357544,-0.0798486312230428,0.0300266666666666,1.1021186113357544,0.6064
cifar,iid,4,107,4,3,0.3754000067710876,0.0,0.0963934426229508,0.0,0.964905725135904,0.0,0.7211444444444444,0.0175703703703703,,0.9218093153394344,0.0,0.0,0.6064,0.6567935355831311,0.608618061119955,0.6011960762620905,1.1021186113357544,-0.035802137851715,-0.0048266666666666,1.1021186113357544,0.6064
cifar,iid,4,107,5,0,0.3579180240631103,0.0,0.064845292955892,-0.0031557697507139,0.9620713898207504,0.0,0.7976000000000001,-0.0133899999999999,,0.9266340287670356,0.0,0.0,0.6036,0.6633050809853238,0.6053721591184439,0.5986003062923895,1.1260671615600586,0.0482475082079569,0.0038266666666666,1.1260671615600586,0.6036
cifar,iid,4,107,5,1,0.3579180240631103,0.0113401432832082,0.064845292955892,0.0,0.9620713898207504,0.0115261124212531,0.7976000000000001,0.0,,0.9266340287670356,0.0033460484588783,0.0033460484588783,0.6036,0.6633050809853238,0.6053721591184439,0.5986003062923895,1.1260671615600586,0.1099224766095479,-0.0192133333333333,1.1260671615600586,0.6036
cifar,iid,4,107,5,2,0.3579180240631103,0.0,0.064845292955892,0.0,0.9620713898207504,0.0,0.7976000000000001,0.0164151851851851,,0.9266340287670356,0.0,0.0,0.6036,0.6633050809853238,0.6053721591184439,0.5986003062923895,1.1260671615600586,-0.0856068213780721,0.0114266666666666,1.1260671615600586,0.6036
cifar,iid,4,107,5,3,0.3579180240631103,0.0,0.064845292955892,-0.0086460457587715,0.9620713898207504,0.0,0.7976000000000001,0.0399396296296295,,0.9266340287670356,0.0,0.0,0.6036,0.6633050809853238,0.6053721591184439,0.5986003062923895,1.1260671615600586,-0.0485553661982218,0.00156,1.1260671615600586,0.6036
cifar,iid,4,107,6,0,0.3687999844551086,0.0,0.0524600847181492,0.0045477233352342,0.9577091706247716,0.0,0.5762666666666667,0.0,,0.9089916044402476,0.0,0.0,0.6124,0.6702218537429783,0.6136058991793257,0.6093323880678028,1.1006672382354736,0.0,-0.0154399999999999,1.1006672382354736,0.6124
cifar,iid,4,107,6,1,0.3687999844551086,0.0,0.0524600847181492,-0.0064772581112806,0.9577091706247716,0.0090698730084919,0.5762666666666667,0.0489511111111111,,0.9089916044402476,-0.0016690876346979,0.0016690876346979,0.6124,0.6702218537429783,0.6136058991793257,0.6093323880678028,1.1006672382354736,0.0180501659711201,0.0112266666666666,1.1006672382354736,0.6124
cifar,iid,4,107,6,2,0.3687999844551086,0.0,0.0524600847181492,0.000586922909848,0.9577091706247716,0.0,0.5762666666666667,0.0,,0.9089916044402476,0.0,0.0,0.6124,0.6702218537429783,0.6136058991793257,0.6093323880678028,1.1006672382354736,-0.1821621139844258,0.0451333333333333,1.1006672382354736,0.6124
cifar,iid,4,107,6,3,0.3687999844551086,-0.0104606052239735,0.0524600847181492,0.0,0.9577091706247716,0.0,0.5762666666666667,0.0,,0.9089916044402476,0.0,0.0,0.6124,0.6702218537429783,0.6136058991793257,0.6093323880678028,1.1006672382354736,0.0790341933568318,0.0,1.1006672382354736,0.6124
cifar,iid,4,107,7,0,0.3777059912681579,0.0,0.0442040185471406,0.0,0.966646737746482,0.0,0.561088888888889,0.0,,0.8931938776795466,0.0,0.0,0.6436,0.6738259400919315,0.6451171156865962,0.6435183118200946,1.0112462043762207,0.0,0.0,1.0112462043762207,0.6436
cifar,iid,4,107,7,1,0.3777059912681579,0.0,0.0442040185471406,-0.0011933546865717,0.966646737746482,0.0072516358321984,0.561088888888889,0.0,,0.8931938776795466,0.0,0.0,0.6436,0.6738259400919315,0.6451171156865962,0.6435183118200946,1.0112462043762207,-0.0405701716740926,0.0198266666666666,1.0112462043762207,0.6436
cifar,iid,4,107,7,2,0.3777059912681579,0.0278932015101114,0.0442040185471406,-6.079953784064983e-05,0.966646737746482,0.0015213331709495,0.561088888888889,0.0,,0.8931938776795466,0.0,0.0,0.6436,0.6738259400919315,0.6451171156865962,0.6435183118200946,1.0112462043762207,-0.081386391321818,0.0244066666666666,1.0112462043762207,0.6436
cifar,iid,4,107,7,3,0.3777059912681579,0.0,0.0442040185471406,0.0,0.966646737746482,0.0,0.561088888888889,0.0188362962962963,,0.8931938776795466,-3.879404270300905e-05,3.879404270300905e-05,0.6436,0.6738259400919315,0.6451171156865962,0.6435183118200946,1.0112462043762207,0.010862644513448,-0.0083666666666666,1.0112462043762207,0.6436
cifar,iid,4,107,8,0,0.3625860214233398,0.0,0.0394103489771359,5.7962593554130906e-05,0.9756839494691156,-0.0106398290541513,0.6644666666666668,0.0,,0.90233179142598,0.0113603938411412,0.0113603938411412,0.643,0.6793738427376504,0.6431715467126579,0.643912224516412,1.024977207183838,0.0584959506988525,-0.0079199999999999,1.024977207183838,0.643
cifar,iid,4,107,8,1,0.3625860214233398,-0.0081379314263661,0.0394103489771359,0.0032226870564757,0.9756839494691156,0.0162393020449286,0.6644666666666668,0.0,,0.90233179142598,0.0,0.0,0.643,0.6793738427376504,0.6431715467126579,0.643912224516412,1.024977207183838,-0.1031458298365275,0.0290333333333333,1.024977207183838,0.643
cifar,iid,4,107,8,2,0.3625860214233398,0.0,0.0394103489771359,0.0017243043181402,0.9756839494691156,0.0063030745895196,0.6644666666666668,0.0,,0.90233179142598,0.0049572699561478,0.0049572699561478,0.643,0.6793738427376504,0.6431715467126579,0.643912224516412,1.024977207183838,-0.0307726462682088,0.0049933333333333,1.024977207183838,0.643
cifar,iid,4,107,8,3,0.3625860214233398,0.0,0.0394103489771359,0.0,0.9756839494691156,0.0,0.6644666666666668,-0.001017037037037,,0.90233179142598,0.0,0.0,0.643,0.6793738427376504,0.6431715467126579,0.643912224516412,1.024977207183838,0.0,0.0,1.024977207183838,0.643
cifar,iid,4,107,9,0,0.3897579908370971,0.0,0.0396196513470681,0.0,0.963876064259696,0.0,0.6089999999999998,0.0,,0.9034000143333596,0.0,0.0,0.678,0.6925801959247351,0.6792646385170513,0.6771137543814227,0.9350261688232422,-0.0478247920672098,0.0274933333333333,0.9350261688232422,0.678
cifar,iid,4,107,9,1,0.3897579908370971,0.0,0.0396196513470681,0.0,0.963876064259696,0.0095484438834821,0.6089999999999998,0.0,,0.9034000143333596,0.0,0.0,0.678,0.6925801959247351,0.6792646385170513,0.6771137543814227,0.9350261688232422,-0.0059816241264343,0.002,0.9350261688232422,0.678
cifar,iid,4,107,9,2,0.3897579908370971,0.0388424694538116,0.0396196513470681,0.0,0.963876064259696,0.0,0.6089999999999998,0.0,,0.9034000143333596,0.0068309252674461,0.0068309252674461,0.678,0.6925801959247351,0.6792646385170513,0.6771137543814227,0.9350261688232422,-0.1221561829249064,0.0202066666666666,0.9350261688232422,0.678
cifar,iid,4,107,9,3,0.3897579908370971,0.0,0.0396196513470681,0.0,0.963876064259696,0.0,0.6089999999999998,0.0468403703703703,,0.9034000143333596,0.0,0.0,0.678,0.6925801959247351,0.6792646385170513,0.6771137543814227,0.9350261688232422,0.0860114415486653,-0.0145,0.9350261688232422,0.678
cifar,iid,4,107,10,0,0.4108279943466186,0.0,0.0313807531380753,0.0,0.9569064780062222,0.0,0.6651333333333334,0.0,,0.903546156934458,0.0,0.0,0.6694,0.6896764608528068,0.6704295546768876,0.6670110692389134,0.977243959903717,-0.0135515411694844,0.0052199999999999,0.977243959903717,0.6694
cifar,iid,4,107,10,1,0.4108279943466186,0.0,0.0313807531380753,0.009133780131748,0.9569064780062222,0.0079769193579935,0.6651333333333334,0.0342448148148147,,0.903546156934458,0.0,0.0,0.6694,0.6896764608528068,0.6704295546768876,0.6670110692389134,0.977243959903717,-0.0161431113878885,0.0097066666666666,0.977243959903717,0.6694
cifar,iid,4,107,10,2,0.4108279943466186,0.0,0.0313807531380753,0.0,0.9569064780062222,-0.0016466270302587,0.6651333333333334,-0.0169203703703704,,0.903546156934458,0.0,0.0,0.6694,0.6896764608528068,0.6704295546768876,0.6670110692389134,0.977243959903717,0.0172263125578562,-0.0101733333333333,0.977243959903717,0.6694
cifar,iid,4,107,10,3,0.4108279943466186,0.0169401387373606,0.0313807531380753,0.0,0.9569064780062222,0.0,0.6651333333333334,0.0,,0.903546156934458,0.0,0.0,0.6694,0.6896764608528068,0.6704295546768876,0.6670110692389134,0.977243959903717,0.0546643157800038,-0.0133533333333333,0.977243959903717,0.6694
cifar,iid,20,123,1,0,0.9979559779167176,0.0,0.998031496062992,0.0,1.0,0.0,0.9458888888888888,0.0,,1.0,0.0,0.0,0.1016,0.0101701701701701,0.1,0.0184626567326912,2.605429649353028,0.0,0.0,2.605429649353028,0.1016
cifar,iid,20,123,1,1,0.9979559779167176,0.0,0.998031496062992,0.0,1.0,0.0,0.9458888888888888,0.0,,1.0,0.0,0.0,0.1016,0.0101701701701701,0.1,0.0184626567326912,2.605429649353028,0.0,0.0,2.605429649353028,0.1016
cifar,iid,20,123,1,2,0.9979559779167176,0.0,0.998031496062992,0.0,1.0,0.0,0.9458888888888888,0.0,,1.0,0.0,0.0,0.1016,0.0101701701701701,0.1,0.0184626567326912,2.605429649353028,0.0,-0.0008145695364238,2.605429649353028,0.1016
cifar,iid,20,123,1,3,0.9979559779167176,0.0,0.998031496062992,0.0,1.0,0.0,0.9458888888888888,-0.0038726400876832,,1.0,0.0,0.0,0.1016,0.0101701701701701,0.1,0.0184626567326912,2.605429649353028,0.0,0.0,2.605429649353028,0.1016
cifar,iid,20,123,1,4,0.9979559779167176,0.0,0.998031496062992,0.0,1.0,0.0,0.9458888888888888,0.0,,1.0,0.0,0.0,0.1016,0.0101701701701701,0.1,0.0184626567326912,2.605429649353028,0.0,0.0,2.605429649353028,0.1016
cifar,iid,20,123,1,5,0.9979559779167176,0.0198174124286019,0.998031496062992,0.1383105895472346,1.0,0.0,0.9458888888888888,0.0,,1.0,0.0,0.0,0.1016,0.0101701701701701,0.1,0.0184626567326912,2.605429649353028,0.0,0.0,2.605429649353028,0.1016
cifar,iid,20,123,1,6,0.9979559779167176,0.0,0.998031496062992,0.0599168764752143,1.0,0.0,0.9458888888888888,0.0025393889573914,,1.0,0.0,0.0,0.1016,0.0101701701701701,0.1,0.0184626567326912,2.605429649353028,-0.004862406016738,0.0,2.605429649353028,0.1016
cifar,iid,20,123,1,7,0.9979559779167176,0.0,0.998031496062992,0.0,1.0,0.0,0.9458888888888888,0.0,,1.0,0.0,0.0,0.1016,0.0101701701701701,0.1,0.0184626567326912,2.605429649353028,0.0,0.0,2.605429649353028,0.1016
cifar,iid,20,123,1,8,0.9979559779167176,0.0,0.998031496062992,0.0,1.0,0.0,0.9458888888888888,0.0,,1.0,0.0,0.0,0.1016,0.0101701701701701,0.1,0.0184626567326912,2.605429649353028,0.0,0.0,2.605429649353028,0.1016
cifar,iid,20,123,1,9,0.9979559779167176,0.0,0.998031496062992,0.0,1.0,0.0,0.9458888888888888,0.0,,1.0,0.0,0.0,0.1016,0.0101701701701701,0.1,0.0184626567326912,2.605429649353028,0.0015975843003722,0.0,2.605429649353028,0.1016
cifar,iid,20,123,1,10,0.9979559779167176,0.0,0.998031496062992,0.0,1.0,0.0,0.9458888888888888,0.0,,1.0,0.0,0.0,0.1016,0.0101701701701701,0.1,0.0184626567326912,2.605429649353028,0.0,0.0,2.605429649353028,0.1016
cifar,iid,20,123,1,11,0.9979559779167176,0.0,0.998031496062992,0.0,1.0,0.0,0.9458888888888888,0.0,,1.0,0.0,0.0,0.1016,0.0101701701701701,0.1,0.0184626567326912,2.605429649353028,0.0,-0.0006741721854304,2.605429649353028,0.1016
cifar,iid,20,123,1,12,0.9979559779167176,0.0,0.998031496062992,0.0,1.0,0.0,0.9458888888888888,0.0,,1.0,0.0,0.0,0.1016,0.0101701701701701,0.1,0.0184626567326912,2.605429649353028,0.0,0.0,2.605429649353028,0.1016
cifar,iid,20,123,1,13,0.9979559779167176,0.0,0.998031496062992,0.0,1.0,0.0,0.9458888888888888,0.0,,1.0,0.0,0.0,0.1016,0.0101701701701701,0.1,0.0184626567326912,2.605429649353028,0.0,0.0,2.605429649353028,0.1016
cifar,iid,20,123,1,14,0.9979559779167176,0.0,0.998031496062992,0.0,1.0,0.0,0.9458888888888888,0.0,,1.0,0.0,0.0,0.1016,0.0101701701701701,0.1,0.0184626567326912,2.605429649353028,0.0,0.0,2.605429649353028,0.1016
cifar,iid,20,123,1,15,0.9979559779167176,0.0,0.998031496062992,0.0,1.0,0.0,0.9458888888888888,0.0013335936429647,,1.0,0.0,0.0,0.1016,0.0101701701701701,0.1,0.0184626567326912,2.605429649353028,0.0,0.0,2.605429649353028,0.1016
cifar,iid,20,123,1,16,0.9979559779167176,0.0044225329125421,0.998031496062992,0.0,1.0,0.0,0.9458888888888888,0.0,,1.0,0.0,0.0,0.1016,0.0101701701701701,0.1,0.0184626567326912,2.605429649353028,0.0,-0.0001788079470198,2.605429649353028,0.1016
cifar,iid,20,123,1,17,0.9979559779167176,0.0,0.998031496062992,0.0,1.0,0.0,0.9458888888888888,0.0,,1.0,0.0017270557383662,0.0017270557383662,0.1016,0.0101701701701701,0.1,0.0184626567326912,2.605429649353028,0.0,0.0,2.605429649353028,0.1016
cifar,iid,20,123,1,18,0.9979559779167176,0.0,0.998031496062992,0.0,1.0,0.0,0.9458888888888888,0.0,,1.0,0.0,0.0,0.1016,0.0101701701701701,0.1,0.0184626567326912,2.605429649353028,0.0,-0.0007258278145695,2.605429649353028,0.1016
cifar,iid,20,123,1,19,0.9979559779167176,0.0,0.998031496062992,0.0,1.0,0.0,0.9458888888888888,-0.003832196191259,,1.0,0.0,0.0,0.1016,0.0101701701701701,0.1,0.0184626567326912,2.605429649353028,0.0,0.0,2.605429649353028,0.1016
cifar,iid,20,123,2,0,0.8046219944953918,0.0242378100027305,0.2160883280757097,0.0,1.0,0.0,0.9485777777777776,0.0,,0.9656892381539168,0.0,0.0,0.1266,0.0254621694961168,0.1263374601087287,0.0423724626224284,2.9896440505981445,0.0,0.0,2.9896440505981445,0.1266
cifar,iid,20,123,2,1,0.8046219944953918,0.0,0.2160883280757097,0.0,1.0,0.0,0.9485777777777776,0.0066877387738773,,0.9656892381539168,0.0,0.0,0.1266,0.0254621694961168,0.1263374601087287,0.0423724626224284,2.9896440505981445,0.0,0.0,2.9896440505981445,0.1266
cifar,iid,20,123,2,2,0.8046219944953918,0.0,0.2160883280757097,0.0,1.0,0.0,0.9485777777777776,0.0,,0.9656892381539168,0.0,0.0,0.1266,0.0254621694961168,0.1263374601087287,0.0423724626224284,2.9896440505981445,0.0,0.0021890909090909,2.9896440505981445,0.1266
cifar,iid,20,123,2,3,0.8046219944953918,0.0,0.2160883280757097,0.0,1.0,0.0,0.9485777777777776,0.0,,0.9656892381539168,0.0,0.0,0.1266,0.0254621694961168,0.1263374601087287,0.0423724626224284,2.9896440505981445,0.0,0.0,2.9896440505981445,0.1266
cifar,iid,20,123,2,4,0.8046219944953918,0.0,0.2160883280757097,0.0,1.0,0.0,0.9485777777777776,0.0,,0.9656892381539168,0.0,0.0,0.1266,0.0254621694961168,0.1263374601087287,0.0423724626224284,2.9896440505981445,0.0,0.0,2.9896440505981445,0.1266
cifar,iid,20,123,2,5,0.8046219944953918,0.0,0.2160883280757097,0.0,1.0,0.0,0.9485777777777776,0.0020176617661766,,0.9656892381539168,0.0,0.0,0.1266,0.0254621694961168,0.1263374601087287,0.0423724626224284,2.9896440505981445,0.0,0.0,2.9896440505981445,0.1266
cifar,iid,20,123,2,6,0.8046219944953918,0.0,0.2160883280757097,0.0,1.0,0.0,0.9485777777777776,0.0,,0.9656892381539168,0.0,0.0,0.1266,0.0254621694961168,0.1263374601087287,0.0423724626224284,2.9896440505981445,0.0,0.0010027272727272,2.9896440505981445,0.1266
cifar,iid,20,123,2,7,0.8046219944953918,0.0,0.2160883280757097,0.0,1.0,0.0,0.9485777777777776,0.0,,0.9656892381539168,0.0,0.0,0.1266,0.0254621694961168,0.1263374601087287,0.0423724626224284,2.9896440505981445,0.0,0.0,2.9896440505981445,0.1266
cifar,iid,20,123,2,8,0.8046219944953918,-0.0118234847368819,0.2160883280757097,0.0,1.0,0.0,0.9485777777777776,0.0,,0.9656892381539168,0.0,0.0,0.1266,0.0254621694961168,0.1263374601087287,0.0423724626224284,2.9896440505981445,0.0,0.0,2.9896440505981445,0.1266
cifar,iid,20,123,2,9,0.8046219944953918,0.0,0.2160883280757097,0.0,1.0,0.0,0.9485777777777776,0.0067782678267826,,0.9656892381539168,0.0,0.0,0.1266,0.0254621694961168,0.1263374601087287,0.0423724626224284,2.9896440505981445,0.0,0.0017772727272727,2.9896440505981445,0.1266
cifar,iid,20,123,2,10,0.8046219944953918,0.01279576775733,0.2160883280757097,0.0,1.0,0.0,0.9485777777777776,0.0,,0.9656892381539168,0.0,0.0,0.1266,0.0254621694961168,0.1263374601087287,0.0423724626224284,2.9896440505981445,0.0,0.0,2.9896440505981445,0.1266
cifar,iid,20,123,2,11,0.8046219944953918,0.0,0.2160883280757097,-0.0619322427330016,1.0,0.0,0.9485777777777776,0.0,,0.9656892381539168,0.0,0.0,0.1266,0.0254621694961168,0.1263374601087287,0.0423724626224284,2.9896440505981445,0.0,0.0,2.9896440505981445,0.1266
cifar,iid,20,123,2,12,0.8046219944953918,0.0,0.2160883280757097,0.0,1.0,0.0,0.9485777777777776,0.0,,0.9656892381539168,0.0009676132834242,0.0009676132834242,0.1266,0.0254621694961168,0.1263374601087287,0.0423724626224284,2.9896440505981445,0.0,0.0,2.9896440505981445,0.1266
cifar,iid,20,123,2,13,0.8046219944953918,0.0,0.2160883280757097,0.0086001599575347,1.0,0.0,0.9485777777777776,0.0,,0.9656892381539168,0.0,0.0,0.1266,0.0254621694961168,0.1263374601087287,0.0423724626224284,2.9896440505981445,0.0,0.0,2.9896440505981445,0.1266
cifar,iid,20,123,2,14,0.8046219944953918,0.0,0.2160883280757097,0.0,1.0,0.0,0.9485777777777776,0.0,,0.9656892381539168,0.0,0.0,0.1266,0.0254621694961168,0.1263374601087287,0.0423724626224284,2.9896440505981445,-0.0116574499342176,0.0,2.9896440505981445,0.1266
cifar,iid,20,123,2,15,0.8046219944953918,0.0,0.2160883280757097,0.0,1.0,0.0,0.9485777777777776,0.0,,0.9656892381539168,0.0,0.0,0.1266,0.0254621694961168,0.1263374601087287,0.0423724626224284,2.9896440505981445,0.0,0.0006772727272727,2.9896440505981445,0.1266
cifar,iid,20,123,2,16,0.8046219944953918,-0.0008016248767295,0.2160883280757097,0.0,1.0,0.0,0.9485777777777776,0.0033693369336933,,0.9656892381539168,0.0,0.0,0.1266,0.0254621694961168,0.1263374601087287,0.0423724626224284,2.9896440505981445,0.0,0.0,2.9896440505981445,0.1266
cifar,iid,20,123,2,17,0.8046219944953918,0.0,0.2160883280757097,0.0,1.0,0.0,0.9485777777777776,-0.003955305530553,,0.9656892381539168,0.0003003993459934,0.0003003993459934,0.1266,0.0254621694961168,0.1263374601087287,0.0423724626224284,2.9896440505981445,0.0,0.0,2.9896440505981445,0.1266
cifar,iid,20,123,2,18,0.8046219944953918,0.0,0.2160883280757097,0.0,1.0,0.0,0.9485777777777776,0.0005223822382238,,0.9656892381539168,0.0,0.0,0.1266,0.0254621694961168,0.1263374601087287,0.0423724626224284,2.9896440505981445,0.0,0.0,2.9896440505981445,0.1266
cifar,iid,20,123,2,19,0.8046219944953918,0.0,0.2160883280757097,0.0,1.0,0.0,0.9485777777777776,0.0,,0.9656892381539168,0.0,0.0,0.1266,0.0254621694961168,0.1263374601087287,0.0423724626224284,2.9896440505981445,0.0,0.0,2.9896440505981445,0.1266
cifar,iid,20,123,3,0,0.8229019641876221,0.0,0.6288848263254113,0.0,1.0,0.0,0.8504666666666667,0.0,,0.9831160691419384,0.0,0.0,0.107,0.0424652864093185,0.1086409705405968,0.0326517400194446,3.1350998878479004,0.0,0.0,3.1350998878479004,0.107
cifar,iid,20,123,3,1,0.8229019641876221,0.0,0.6288848263254113,0.0,1.0,0.0,0.8504666666666667,0.0,,0.9831160691419384,0.0,0.0,0.107,0.0424652864093185,0.1086409705405968,0.0326517400194446,3.1350998878479004,-0.0358775781125438,0.0,3.1350998878479004,0.107
cifar,iid,20,123,3,2,0.8229019641876221,0.0,0.6288848263254113,0.0,1.0,0.0,0.8504666666666667,0.0,,0.9831160691419384,0.0,0.0,0.107,0.0424652864093185,0.1086409705405968,0.0326517400194446,3.1350998878479004,0.0,0.0,3.1350998878479004,0.107
cifar,iid,20,123,3,3,0.8229019641876221,0.0,0.6288848263254113,0.0,1.0,0.0,0.8504666666666667,0.0,,0.9831160691419384,0.0036447572588563,0.0036447572588563,0.107,0.0424652864093185,0.1086409705405968,0.0326517400194446,3.1350998878479004,0.0,0.0,3.1350998878479004,0.107
cifar,iid,20,123,3,4,0.8229019641876221,0.0,0.6288848263254113,0.0,1.0,0.0,0.8504666666666667,0.0,,0.9831160691419384,0.0035100162921797,0.0035100162921797,0.107,0.0424652864093185,0.1086409705405968,0.0326517400194446,3.1350998878479004,0.0,0.0,3.1350998878479004,0.107
cifar,iid,20,123,3,5,0.8229019641876221,0.0,0.6288848263254113,0.0,1.0,0.0,0.8504666666666667,0.0,,0.9831160691419384,0.0,0.0,0.107,0.0424652864093185,0.1086409705405968,0.0326517400194446,3.1350998878479004,0.0,0.0,3.1350998878479004,0.107
cifar,iid,20,123,3,6,0.8229019641876221,0.0,0.6288848263254113,0.0,1.0,0.0,0.8504666666666667,0.0,,0.9831160691419384,0.0,0.0,0.107,0.0424652864093185,0.1086409705405968,0.0326517400194446,3.1350998878479004,0.0,0.0,3.1350998878479004,0.107
cifar,iid,20,123,3,7,0.8229019641876221,0.0,0.6288848263254113,0.0,1.0,0.0,0.8504666666666667,0.0,,0.9831160691419384,0.0,0.0,0.107,0.0424652864093185,0.1086409705405968,0.0326517400194446,3.1350998878479004,0.0,0.0,3.1350998878479004,0.107
cifar,iid,20,123,3,8,0.8229019641876221,0.0,0.6288848263254113,0.0,1.0,0.0,0.8504666666666667,0.0,,0.9831160691419384,0.0,0.0,0.107,0.0424652864093185,0.1086409705405968,0.0326517400194446,3.1350998878479004,0.0,0.0,3.1350998878479004,0.107
cifar,iid,20,123,3,9,0.8229019641876221,0.0,0.6288848263254113,0.0,1.0,0.0,0.8504666666666667,0.0,,0.9831160691419384,0.0,0.0,0.107,0.0424652864093185,0.1086409705405968,0.0326517400194446,3.1350998878479004,0.0,0.0,3.1350998878479004,0.107
cifar,iid,20,123,3,10,0.8229019641876221,0.0,0.6288848263254113,0.0,1.0,0.0,0.8504666666666667,0.0,,0.9831160691419384,0.0,0.0,0.107,0.0424652864093185,0.1086409705405968,0.0326517400194446,3.1350998878479004,0.0,0.0021295454545454,3.1350998878479004,0.107
cifar,iid,20,123,3,11,0.8229019641876221,0.0536014882001009,0.6288848263254113,0.1554728525476558,1.0,0.0,0.8504666666666667,0.0,,0.9831160691419384,0.0,0.0,0.107,0.0424652864093185,0.1086409705405968,0.0326517400194446,3.1350998878479004,0.0,0.0,3.1350998878479004,0.107
cifar,iid,20,123,3,12,0.8229019641876221,0.0,0.6288848263254113,0.0,1.0,0.0,0.8504666666666667,-0.0035550177095631,,0.9831160691419384,0.0,0.0,0.107,0.0424652864093185,0.1086409705405968,0.0326517400194446,3.1350998878479004,0.0,0.0006215909090909,3.1350998878479004,0.107
cifar,iid,20,123,3,13,0.8229019641876221,0.0,0.6288848263254113,0.0,1.0,0.0,0.8504666666666667,0.0,,0.9831160691419384,0.0,0.0,0.107,0.0424652864093185,0.1086409705405968,0.0326517400194446,3.1350998878479004,0.0,0.0,3.1350998878479004,0.107
cifar,iid,20,123,3,14,0.8229019641876221,0.0,0.6288848263254113,0.1582357969374112,1.0,0.0,0.8504666666666667,0.0,,0.9831160691419384,0.0,0.0,0.107,0.0424652864093185,0.1086409705405968,0.0326517400194446,3.1350998878479004,0.0,0.0,3.1350998878479004,0.107
cifar,iid,20,123,3,15,0.8229019641876221,0.0,0.6288848263254113,0.0,1.0,0.0,0.8504666666666667,0.0020034238488784,,0.9831160691419384,0.0,0.0,0.107,0.0424652864093185,0.1086409705405968,0.0326517400194446,3.1350998878479004,0.0,0.0,3.1350998878479004,0.107
cifar,iid,20,123,3,16,0.8229019641876221,0.0,0.6288848263254113,0.0,1.0,0.0,0.8504666666666667,0.0,,0.9831160691419384,0.0,0.0,0.107,0.0424652864093185,0.1086409705405968,0.0326517400194446,3.1350998878479004,0.0,0.0,3.1350998878479004,0.107
cifar,iid,20,123,3,17,0.8229019641876221,0.0,0.6288848263254113,0.0,1.0,0.0,0.8504666666666667,0.0,,0.9831160691419384,0.0,0.0,0.107,0.0424652864093185,0.1086409705405968,0.0326517400194446,3.1350998878479004,0.0,0.0,3.1350998878479004,0.107
cifar,iid,20,123,3,18,0.8229019641876221,0.0,0.6288848263254113,0.0,1.0,0.0,0.8504666666666667,-0.0025611832611832,,0.9831160691419384,0.0,0.0,0.107,0.0424652864093185,0.1086409705405968,0.0326517400194446,3.1350998878479004,0.0,0.0038863636363636,3.1350998878479004,0.107
cifar,iid,20,123,3,19,0.8229019641876221,0.0,0.6288848263254113,0.0,1.0,0.0,0.8504666666666667,-0.0052832743014561,,0.9831160691419384,0.0,0.0,0.107,0.0424652864093185,0.1086409705405968,0.0326517400194446,3.1350998878479004,0.0,-0.001253409090909,3.1350998878479004,0.107
cifar,iid,20,123,4,0,0.7470020055770874,0.0,0.5631578947368421,0.0325659658242516,1.0,0.0,0.8532666666666666,0.0,,0.981402877453862,0.0,0.0,0.1118,0.2941698549496714,0.1134717006339455,0.0402601144963119,3.02746844291687,0.0,0.0,3.02746844291687,0.1118
cifar,iid,20,123,4,1,0.7470020055770874,0.0,0.5631578947368421,0.0,1.0,0.0,0.8532666666666666,0.0,,0.981402877453862,0.0,0.0,0.1118,0.2941698549496714,0.1134717006339455,0.0402601144963119,3.02746844291687,0.0,0.0048702970297029,3.02746844291687,0.1118
cifar,iid,20,123,4,2,0.7470020055770874,0.0,0.5631578947368421,0.0,1.0,0.0,0.8532666666666666,0.0,,0.981402877453862,0.0,0.0,0.1118,0.2941698549496714,0.1134717006339455,0.0402601144963119,3.02746844291687,0.0,0.0,3.02746844291687,0.1118
cifar,iid,20,123,4,3,0.7470020055770874,0.024623970190684,0.5631578947368421,0.0,1.0,0.0,0.8532666666666666,0.0,,0.981402877453862,0.0030341798912386,0.0030341798912386,0.1118,0.2941698549496714,0.1134717006339455,0.0402601144963119,3.02746844291687,0.0,0.0,3.02746844291687,0.1118
cifar,iid,20,123,4,4,0.7470020055770874,0.0,0.5631578947368421,0.0667055224028,1.0,0.0,0.8532666666666666,0.0,,0.981402877453862,0.0025523629908181,0.0025523629908181,0.1118,0.2941698549496714,0.1134717006339455,0.0402601144963119,3.02746844291687,0.0,0.0,3.02746844291687,0.1118
cifar,iid,20,123,4,5,0.7470020055770874,0.0,0.5631578947368421,0.0,1.0,0.0,0.8532666666666666,0.0063294501133786,,0.981402877453862,0.0,0.0,0.1118,0.2941698549496714,0.1134717006339455,0.0402601144963119,3.02746844291687,0.0,0.0,3.02746844291687,0.1118
cifar,iid,20,123,4,6,0.7470020055770874,0.0,0.5631578947368421,0.0,1.0,0.0,0.8532666666666666,0.0,,0.981402877453862,0.0,0.0,0.1118,0.2941698549496714,0.1134717006339455,0.0402601144963119,3.02746844291687,-0.0567949433480539,0.0,3.02746844291687,0.1118
cifar,iid,20,123,4,7,0.7470020055770874,0.0,0.5631578947368421,0.0,1.0,0.0,0.8532666666666666,0.0,,0.981402877453862,0.0,0.0,0.1118,0.2941698549496714,0.1134717006339455,0.0402601144963119,3.02746844291687,0.0,0.0,3.02746844291687,0.1118
cifar,iid,20,123,4,8,0.7470020055770874,0.0,0.5631578947368421,0.0,1.0,0.0,0.8532666666666666,0.0,,0.981402877453862,0.0,0.0,0.1118,0.2941698549496714,0.1134717006339455,0.0402601144963119,3.02746844291687,0.0,0.0,3.02746844291687,0.1118
cifar,iid,20,123,4,9,0.7470020055770874,0.0,0.5631578947368421,0.0,1.0,0.0,0.8532666666666666,0.0,,0.981402877453862,0.0,0.0,0.1118,0.2941698549496714,0.1134717006339455,0.0402601144963119,3.02746844291687,0.0,0.0,3.02746844291687,0.1118
cifar,iid,20,123,4,10,0.7470020055770874,0.019153071519656,0.5631578947368421,0.0,1.0,0.0,0.8532666666666666,0.0,,0.981402877453862,0.0,0.0,0.1118,0.2941698549496714,0.1134717006339455,0.0402601144963119,3.02746844291687,0.0,0.0,3.02746844291687,0.1118
cifar,iid,20,123,4,11,0.7470020055770874,0.0,0.5631578947368421,0.0860192486510563,1.0,0.0,0.8532666666666666,0.0,,0.981402877453862,0.0,0.0,0.1118,0.2941698549496714,0.1134717006339455,0.0402601144963119,3.02746844291687,0.0,0.0,3.02746844291687,0.1118
cifar,iid,20,123,4,12,0.7470020055770874,0.0,0.5631578947368421,0.0,1.0,0.0,0.8532666666666666,0.0,,0.981402877453862,0.0,0.0,0.1118,0.2941698549496714,0.1134717006339455,0.0402601144963119,3.02746844291687,0.0,0.0,3.02746844291687,0.1118
cifar,iid,20,123,4,13,0.7470020055770874,0.0,0.5631578947368421,0.0,1.0,0.0,0.8532666666666666,0.0,,0.981402877453862,0.0,0.0,0.1118,0.2941698549496714,0.1134717006339455,0.0402601144963119,3.02746844291687,0.0,0.0,3.02746844291687,0.1118
cifar,iid,20,123,4,14,0.7470020055770874,0.0,0.5631578947368421,0.0716022958686473,1.0,0.0,0.8532666666666666,0.0,,0.981402877453862,0.0,0.0,0.1118,0.2941698549496714,0.1134717006339455,0.0402601144963119,3.02746844291687,0.0,0.0,3.02746844291687,0.1118
cifar,iid,20,123,4,15,0.7470020055770874,0.0,0.5631578947368421,0.0,1.0,0.0,0.8532666666666666,0.0,,0.981402877453862,0.0,0.0,0.1118,0.2941698549496714,0.1134717006339455,0.0402601144963119,3.02746844291687,0.0,0.0,3.02746844291687,0.1118
cifar,iid,20,123,4,16,0.7470020055770874,0.0,0.5631578947368421,0.0,1.0,0.0,0.8532666666666666,0.0,,0.981402877453862,0.0,0.0,0.1118,0.2941698549496714,0.1134717006339455,0.0402601144963119,3.02746844291687,0.0,0.0,3.02746844291687,0.1118
cifar,iid,20,123,4,17,0.7470020055770874,0.0,0.5631578947368421,0.0,1.0,0.0,0.8532666666666666,0.0,,0.981402877453862,0.0,0.0,0.1118,0.2941698549496714,0.1134717006339455,0.0402601144963119,3.02746844291687,0.0,0.0,3.02746844291687,0.1118
cifar,iid,20,123,4,18,0.7470020055770874,0.0,0.5631578947368421,0.0,1.0,0.0,0.8532666666666666,0.0,,0.981402877453862,0.0,0.0,0.1118,0.2941698549496714,0.1134717006339455,0.0402601144963119,3.02746844291687,0.0,0.0,3.02746844291687,0.1118
cifar,iid,20,123,4,19,0.7470020055770874,0.0,0.5631578947368421,0.0,1.0,0.0,0.8532666666666666,0.0,,0.981402877453862,0.0,0.0,0.1118,0.2941698549496714,0.1134717006339455,0.0402601144963119,3.02746844291687,0.0,0.0,3.02746844291687,0.1118
cifar,iid,20,123,5,0,0.5304080247879028,0.0,0.3199481865284974,0.0,1.0,0.0,0.7922222222222222,0.0,,0.954825121289888,0.0,0.0,0.1558,0.334081081529844,0.15815819690047,0.1058298487014411,2.7671866416931152,0.0,0.0,2.7671866416931152,0.1558
cifar,iid,20,123,5,1,0.5304080247879028,0.0,0.3199481865284974,0.0,1.0,0.0,0.7922222222222222,-0.0016229508196721,,0.954825121289888,0.0,0.0,0.1558,0.334081081529844,0.15815819690047,0.1058298487014411,2.7671866416931152,0.0,0.0,2.7671866416931152,0.1558
cifar,iid,20,123,5,2,0.5304080247879028,0.0,0.3199481865284974,0.0,1.0,0.0,0.7922222222222222,0.0,,0.954825121289888,0.0,0.0,0.1558,0.334081081529844,0.15815819690047,0.1058298487014411,2.7671866416931152,0.0,0.0,2.7671866416931152,0.1558
cifar,iid,20,123,5,3,0.5304080247879028,0.0,0.3199481865284974,0.008505344369743,1.0,0.0,0.7922222222222222,-0.0005245496862983,,0.954825121289888,0.0,0.0,0.1558,0.334081081529844,0.15815819690047,0.1058298487014411,2.7671866416931152,0.0,0.0,2.7671866416931152,0.1558
cifar,iid,20,123,5,4,0.5304080247879028,0.0,0.3199481865284974,0.0,1.0,0.0,0.7922222222222222,0.0003256931795183,,0.954825121289888,0.0,0.0,0.1558,0.334081081529844,0.15815819690047,0.1058298487014411,2.7671866416931152,0.0,0.0,2.7671866416931152,0.1558
cifar,iid,20,123,5,5,0.5304080247879028,0.0,0.3199481865284974,0.0,1.0,0.0,0.7922222222222222,0.0,,0.954825121289888,0.0015012651637687,0.0015012651637687,0.1558,0.334081081529844,0.15815819690047,0.1058298487014411,2.7671866416931152,0.0,0.0,2.7671866416931152,0.1558
cifar,iid,20,123,5,6,0.5304080247879028,0.0,0.3199481865284974,0.0,1.0,0.0,0.7922222222222222,0.0,,0.954825121289888,0.0,0.0,0.1558,0.334081081529844,0.15815819690047,0.1058298487014411,2.7671866416931152,-0.0581409136454264,0.0,2.7671866416931152,0.1558
cifar,iid,20,123,5,7,0.5304080247879028,0.0,0.3199481865284974,0.0,1.0,0.0,0.7922222222222222,0.0005788301963165,,0.954825121289888,0.0,0.0,0.1558,0.334081081529844,0.15815819690047,0.1058298487014411,2.7671866416931152,0.0,0.0,2.7671866416931152,0.1558
cifar,iid,20,123,5,8,0.5304080247879028,0.0,0.3199481865284974,0.0,1.0,0.0,0.7922222222222222,0.0,,0.954825121289888,0.0,0.0,0.1558,0.334081081529844,0.15815819690047,0.1058298487014411,2.7671866416931152,0.0,0.0,2.7671866416931152,0.1558
cifar,iid,20,123,5,9,0.5304080247879028,0.0,0.3199481865284974,0.0,1.0,0.0,0.7922222222222222,-0.0015830803481076,,0.954825121289888,0.0,0.0,0.1558,0.334081081529844,0.15815819690047,0.1058298487014411,2.7671866416931152,0.0,0.0,2.7671866416931152,0.1558
cifar,iid,20,123,5,10,0.5304080247879028,0.0,0.3199481865284974,0.0223866886569549,1.0,0.0,0.7922222222222222,0.0,,0.954825121289888,0.0,0.0,0.1558,0.334081081529844,0.15815819690047,0.1058298487014411,2.7671866416931152,0.0,0.0,2.7671866416931152,0.1558
cifar,iid,20,123,5,11,0.5304080247879028,0.0289119801183385,0.3199481865284974,0.0,1.0,0.0,0.7922222222222222,0.0,,0.954825121289888,0.0,0.0,0.1558,0.334081081529844,0.15815819690047,0.1058298487014411,2.7671866416931152,0.0,0.0,2.7671866416931152,0.1558
cifar,iid,20,123,5,12,0.5304080247879028,0.0560374804369107,0.3199481865284974,0.0,1.0,0.0,0.7922222222222222,0.0,,0.954825121289888,0.0,0.0,0.1558,0.334081081529844,0.15815819690047,0.1058298487014411,2.7671866416931152,0.0,0.006231543624161,2.7671866416931152,0.1558
cifar,iid,20,123,5,13,0.5304080247879028,0.0,0.3199481865284974,0.0,1.0,0.0,0.7922222222222222,-0.0030192167577413,,0.954825121289888,0.0,0.0,0.1558,0.334081081529844,0.15815819690047,0.1058298487014411,2.7671866416931152,0.0,0.0,2.7671866416931152,0.1558
cifar,iid,20,123,5,14,0.5304080247879028,0.0,0.3199481865284974,0.0,1.0,0.0,0.7922222222222222,0.0,,0.954825121289888,0.0,0.0,0.1558,0.334081081529844,0.15815819690047,0.1058298487014411,2.7671866416931152,0.0,0.0,2.7671866416931152,0.1558
cifar,iid,20,123,5,15,0.5304080247879028,0.0,0.3199481865284974,0.0,1.0,0.0,0.7922222222222222,0.0,,0.954825121289888,0.0,0.0,0.1558,0.334081081529844,0.15815819690047,0.1058298487014411,2.7671866416931152,0.0,0.0,2.7671866416931152,0.1558
cifar,iid,20,123,5,16,0.5304080247879028,0.0,0.3199481865284974,0.0,1.0,0.0,0.7922222222222222,-0.0042207852661404,,0.954825121289888,0.0,0.0,0.1558,0.334081081529844,0.15815819690047,0.1058298487014411,2.7671866416931152,0.0,0.0,2.7671866416931152,0.1558
cifar,iid,20,123,5,17,0.5304080247879028,0.0,0.3199481865284974,0.0,1.0,0.0,0.7922222222222222,0.0,,0.954825121289888,0.0,0.0,0.1558,0.334081081529844,0.15815819690047,0.1058298487014411,2.7671866416931152,0.0,0.0,2.7671866416931152,0.1558
cifar,iid,20,123,5,18,0.5304080247879028,0.0,0.3199481865284974,0.0,1.0,0.0,0.7922222222222222,0.0,,0.954825121289888,0.0,0.0,0.1558,0.334081081529844,0.15815819690047,0.1058298487014411,2.7671866416931152,-0.0355865575265193,0.0,2.7671866416931152,0.1558
cifar,iid,20,123,5,19,0.5304080247879028,0.0,0.3199481865284974,0.0,1.0,0.0,0.7922222222222222,0.0,,0.954825121289888,0.0,0.0,0.1558,0.334081081529844,0.15815819690047,0.1058298487014411,2.7671866416931152,0.0,0.0,2.7671866416931152,0.1558
cifar,iid,20,123,6,0,0.4316920042037964,0.0,0.1538461538461538,0.0,1.0,0.0,0.7541777777777776,0.0,,0.9456601986427796,0.0,0.0,0.2398,0.369256553403983,0.2431881335562344,0.1823653283955751,2.3948898315429688,0.0,0.0,2.3948898315429688,0.2398
cifar,iid,20,123,6,1,0.4316920042037964,0.0,0.1538461538461538,0.0,1.0,0.0,0.7541777777777776,0.0,,0.9456601986427796,0.0,0.0,0.2398,0.369256553403983,0.2431881335562344,0.1823653283955751,2.3948898315429688,0.0,0.0,2.3948898315429688,0.2398
cifar,iid,20,123,6,2,0.4316920042037964,0.0,0.1538461538461538,0.0,1.0,0.0,0.7541777777777776,0.0,,0.9456601986427796,0.0,0.0,0.2398,0.369256553403983,0.2431881335562344,0.1823653283955751,2.3948898315429688,0.0,0.0,2.3948898315429688,0.2398
cifar,iid,20,123,6,3,0.4316920042037964,0.0,0.1538461538461538,-0.0038279884985761,1.0,0.0,0.7541777777777776,0.0,,0.9456601986427796,0.0012743826033872,0.0012743826033872,0.2398,0.369256553403983,0.2431881335562344,0.1823653283955751,2.3948898315429688,-0.0426668095097661,0.0,2.3948898315429688,0.2398
cifar,iid,20,123,6,4,0.4316920042037964,0.0,0.1538461538461538,0.0,1.0,0.0,0.7541777777777776,0.0,,0.9456601986427796,0.0,0.0,0.2398,0.369256553403983,0.2431881335562344,0.1823653283955751,2.3948898315429688,0.0,0.0,2.3948898315429688,0.2398
cifar,iid,20,123,6,5,0.4316920042037964,0.0,0.1538461538461538,0.0,1.0,0.0,0.7541777777777776,0.0,,0.9456601986427796,0.0,0.0,0.2398,0.369256553403983,0.2431881335562344,0.1823653283955751,2.3948898315429688,0.0,0.0,2.3948898315429688,0.2398
cifar,iid,20,123,6,6,0.4316920042037964,0.0,0.1538461538461538,0.0,1.0,0.0,0.7541777777777776,0.0,,0.9456601986427796,0.0,0.0,0.2398,0.369256553403983,0.2431881335562344,0.1823653283955751,2.3948898315429688,-0.0510395664372215,0.0,2.3948898315429688,0.2398
cifar,iid,20,123,6,7,0.4316920042037964,0.0,0.1538461538461538,0.0,1.0,0.0,0.7541777777777776,0.0029701962766405,,0.9456601986427796,0.0,0.0,0.2398,0.369256553403983,0.2431881335562344,0.1823653283955751,2.3948898315429688,0.0,0.0,2.3948898315429688,0.2398
cifar,iid,20,123,6,8,0.4316920042037964,0.0,0.1538461538461538,0.0,1.0,0.0,0.7541777777777776,-0.0054243955858815,,0.9456601986427796,0.0021418738057863,0.0021418738057863,0.2398,0.369256553403983,0.2431881335562344,0.1823653283955751,2.3948898315429688,0.0,0.0,2.3948898315429688,0.2398
cifar,iid,20,123,6,9,0.4316920042037964,0.0,0.1538461538461538,0.0,1.0,0.0,0.7541777777777776,0.0033952657737343,,0.9456601986427796,0.0,0.0,0.2398,0.369256553403983,0.2431881335562344,0.1823653283955751,2.3948898315429688,0.0,0.0,2.3948898315429688,0.2398
cifar,iid,20,123,6,10,0.4316920042037964,0.0,0.1538461538461538,0.0066839136917514,1.0,0.0,0.7541777777777776,0.0045559009350518,,0.9456601986427796,0.0,0.0,0.2398,0.369256553403983,0.2431881335562344,0.1823653283955751,2.3948898315429688,0.0,0.0,2.3948898315429688,0.2398
cifar,iid,20,123,6,11,0.4316920042037964,0.0,0.1538461538461538,0.0,1.0,0.0,0.7541777777777776,-0.0016344537107236,,0.9456601986427796,0.0,0.0,0.2398,0.369256553403983,0.2431881335562344,0.1823653283955751,2.3948898315429688,0.0,0.0,2.3948898315429688,0.2398
cifar,iid,20,123,6,12,0.4316920042037964,0.0344886342931238,0.1538461538461538,0.0,1.0,0.0,0.7541777777777776,0.0,,0.9456601986427796,0.0,0.0,0.2398,0.369256553403983,0.2431881335562344,0.1823653283955751,2.3948898315429688,0.0,0.0128309012875536,2.3948898315429688,0.2398
cifar,iid,20,123,6,13,0.4316920042037964,0.0,0.1538461538461538,0.0,1.0,0.0,0.7541777777777776,-0.0034310420352118,,0.9456601986427796,0.0,0.0,0.2398,0.369256553403983,0.2431881335562344,0.1823653283955751,2.3948898315429688,0.0,0.0,2.3948898315429688,0.2398
cifar,iid,20,123,6,14,0.4316920042037964,0.0,0.1538461538461538,0.0,1.0,0.0,0.7541777777777776,-0.0002651587903293,,0.9456601986427796,0.0,0.0,0.2398,0.369256553403983,0.2431881335562344,0.1823653283955751,2.3948898315429688,0.0,0.0,2.3948898315429688,0.2398
cifar,iid,20,123,6,15,0.4316920042037964,0.0,0.1538461538461538,0.0,1.0,0.0,0.7541777777777776,-0.0017418414623873,,0.9456601986427796,0.0,0.0,0.2398,0.369256553403983,0.2431881335562344,0.1823653283955751,2.3948898315429688,0.0,0.0,2.3948898315429688,0.2398
cifar,iid,20,123,6,16,0.4316920042037964,0.0,0.1538461538461538,0.0,1.0,0.0,0.7541777777777776,0.0008491618229298,,0.9456601986427796,0.0,0.0,0.2398,0.369256553403983,0.2431881335562344,0.1823653283955751,2.3948898315429688,0.0,0.0,2.3948898315429688,0.2398
cifar,iid,20,123,6,17,0.4316920042037964,0.0,0.1538461538461538,0.0,1.0,0.0,0.7541777777777776,-0.0051133434420015,,0.9456601986427796,0.0,0.0,0.2398,0.369256553403983,0.2431881335562344,0.1823653283955751,2.3948898315429688,0.0,0.0,2.3948898315429688,0.2398
cifar,iid,20,123,6,18,0.4316920042037964,0.0,0.1538461538461538,0.0,1.0,0.0,0.7541777777777776,0.0,,0.9456601986427796,0.0,0.0,0.2398,0.369256553403983,0.2431881335562344,0.1823653283955751,2.3948898315429688,0.0,0.0,2.3948898315429688,0.2398
cifar,iid,20,123,6,19,0.4316920042037964,0.0,0.1538461538461538,0.0,1.0,0.0,0.7541777777777776,-0.0069025945581669,,0.9456601986427796,0.0,0.0,0.2398,0.369256553403983,0.2431881335562344,0.1823653283955751,2.3948898315429688,0.0,0.0,2.3948898315429688,0.2398
cifar,iid,20,123,7,0,0.4222739934921264,0.0,0.1329073482428115,0.0,0.9977862742017144,0.0,0.8155111111111111,-0.0071548630783758,,0.9351536154285915,0.0,0.0,0.3142,0.6419661143530003,0.3178460824199747,0.2720600446644409,2.003140449523926,0.0,0.0,2.003140449523926,0.3142
cifar,iid,20,123,7,1,0.4222739934921264,0.0,0.1329073482428115,0.0,0.9977862742017144,0.0001664182051119,0.8155111111111111,0.0036056342461441,,0.9351536154285915,0.0,0.0,0.3142,0.6419661143530003,0.3178460824199747,0.2720600446644409,2.003140449523926,0.0,0.0098045454545454,2.003140449523926,0.3142
cifar,iid,20,123,7,2,0.4222739934921264,0.0,0.1329073482428115,0.0,0.9977862742017144,0.0,0.8155111111111111,0.0,,0.9351536154285915,0.0,0.0,0.3142,0.6419661143530003,0.3178460824199747,0.2720600446644409,2.003140449523926,0.0,0.0,2.003140449523926,0.3142
cifar,iid,20,123,7,3,0.4222739934921264,0.0,0.1329073482428115,0.0,0.9977862742017144,0.0,0.8155111111111111,-0.0091525023607176,,0.9351536154285915,0.0,0.0,0.3142,0.6419661143530003,0.3178460824199747,0.2720600446644409,2.003140449523926,-0.045570262547197,0.0,2.003140449523926,0.3142
cifar,iid,20,123,7,4,0.4222739934921264,0.0,0.1329073482428115,0.0,0.9977862742017144,0.0,0.8155111111111111,0.0,,0.9351536154285915,0.0,0.0,0.3142,0.6419661143530003,0.3178460824199747,0.2720600446644409,2.003140449523926,0.0,0.0108757575757575,2.003140449523926,0.3142
cifar,iid,20,123,7,5,0.4222739934921264,0.0,0.1329073482428115,0.0,0.9977862742017144,0.0,0.8155111111111111,0.0,,0.9351536154285915,0.0,0.0,0.3142,0.6419661143530003,0.3178460824199747,0.2720600446644409,2.003140449523926,0.0,0.0,2.003140449523926,0.3142
cifar,iid,20,123,7,6,0.4222739934921264,0.0,0.1329073482428115,0.0,0.9977862742017144,0.0,0.8155111111111111,-0.0046384744517888,,0.9351536154285915,0.0,0.0,0.3142,0.6419661143530003,0.3178460824199747,0.2720600446644409,2.003140449523926,-0.0498433392623375,0.0,2.003140449523926,0.3142
cifar,iid,20,123,7,7,0.4222739934921264,0.0,0.1329073482428115,0.0,0.9977862742017144,0.0,0.8155111111111111,-0.0021387892141433,,0.9351536154285915,0.0,0.0,0.3142,0.6419661143530003,0.3178460824199747,0.2720600446644409,2.003140449523926,0.0,0.0,2.003140449523926,0.3142
cifar,iid,20,123,7,8,0.4222739934921264,0.0273618481971405,0.1329073482428115,0.0,0.9977862742017144,0.0,0.8155111111111111,0.0074620606442136,,0.9351536154285915,0.0,0.0,0.3142,0.6419661143530003,0.3178460824199747,0.2720600446644409,2.003140449523926,0.0,0.0,2.003140449523926,0.3142
cifar,iid,20,123,7,9,0.4222739934921264,0.0,0.1329073482428115,0.0078171543605424,0.9977862742017144,0.0,0.8155111111111111,0.0,,0.9351536154285915,0.0,0.0,0.3142,0.6419661143530003,0.3178460824199747,0.2720600446644409,2.003140449523926,0.0,0.0,2.003140449523926,0.3142
cifar,iid,20,123,7,10,0.4222739934921264,0.0,0.1329073482428115,0.0,0.9977862742017144,0.0,0.8155111111111111,0.0,,0.9351536154285915,0.0,0.0,0.3142,0.6419661143530003,0.3178460824199747,0.2720600446644409,2.003140449523926,0.0,0.0,2.003140449523926,0.3142
cifar,iid,20,123,7,11,0.4222739934921264,0.0,0.1329073482428115,0.0,0.9977862742017144,0.0,0.8155111111111111,0.0,,0.9351536154285915,0.0,0.0,0.3142,0.6419661143530003,0.3178460824199747,0.2720600446644409,2.003140449523926,0.0,0.0,2.003140449523926,0.3142
cifar,iid,20,123,7,12,0.4222739934921264,0.0,0.1329073482428115,0.0,0.9977862742017144,0.0,0.8155111111111111,-0.0014005770643164,,0.9351536154285915,0.0,0.0,0.3142,0.6419661143530003,0.3178460824199747,0.2720600446644409,2.003140449523926,0.0,0.0,2.003140449523926,0.3142
cifar,iid,20,123,7,13,0.4222739934921264,0.0,0.1329073482428115,0.011033967743589,0.9977862742017144,0.0,0.8155111111111111,0.0,,0.9351536154285915,0.0,0.0,0.3142,0.6419661143530003,0.3178460824199747,0.2720600446644409,2.003140449523926,0.0,0.0,2.003140449523926,0.3142
cifar,iid,20,123,7,14,0.4222739934921264,0.0,0.1329073482428115,0.0,0.9977862742017144,0.0,0.8155111111111111,0.0010763088867904,,0.9351536154285915,0.0020513990671705,0.0020513990671705,0.3142,0.6419661143530003,0.3178460824199747,0.2720600446644409,2.003140449523926,0.0,0.0,2.003140449523926,0.3142
cifar,iid,20,123,7,15,0.4222739934921264,0.0,0.1329073482428115,0.0,0.9977862742017144,0.0,0.8155111111111111,-0.00235966845032,,0.9351536154285915,0.0,0.0,0.3142,0.6419661143530003,0.3178460824199747,0.2720600446644409,2.003140449523926,0.0,0.0,2.003140449523926,0.3142
cifar,iid,20,123,7,16,0.4222739934921264,0.0,0.1329073482428115,0.0,0.9977862742017144,0.0,0.8155111111111111,-0.0034602769908718,,0.9351536154285915,0.0,0.0,0.3142,0.6419661143530003,0.3178460824199747,0.2720600446644409,2.003140449523926,0.0,0.0,2.003140449523926,0.3142
cifar,iid,20,123,7,17,0.4222739934921264,0.0,0.1329073482428115,0.0,0.9977862742017144,0.0,0.8155111111111111,0.0,,0.9351536154285915,0.0,0.0,0.3142,0.6419661143530003,0.3178460824199747,0.2720600446644409,2.003140449523926,0.0,0.0,2.003140449523926,0.3142
cifar,iid,20,123,7,18,0.4222739934921264,0.0,0.1329073482428115,0.0,0.9977862742017144,0.0,0.8155111111111111,-0.0028907145105445,,0.9351536154285915,0.0,0.0,0.3142,0.6419661143530003,0.3178460824199747,0.2720600446644409,2.003140449523926,0.0,0.0,2.003140449523926,0.3142
cifar,iid,20,123,7,19,0.4222739934921264,0.0,0.1329073482428115,0.0,0.9977862742017144,0.0,0.8155111111111111,0.00061222327143,,0.9351536154285915,0.0037882530506074,0.0037882530506074,0.3142,0.6419661143530003,0.3178460824199747,0.2720600446644409,2.003140449523926,0.0,0.0,2.003140449523926,0.3142
cifar,iid,20,123,8,0,0.3905040025711059,0.0,0.1147119341563786,0.0,0.9951395799507672,0.0,0.7371555555555556,0.0,,0.945991855895705,0.0,0.0,0.3858,0.6288684974848012,0.3895917243860947,0.3662559004354175,1.699243187904358,0.0,0.0,1.699243187904358,0.3858
cifar,iid,20,123,8,1,0.3905040025711059,0.0,0.1147119341563786,0.0,0.9951395799507672,0.0003421847448454,0.7371555555555556,0.0024980974124809,,0.945991855895705,0.0,0.0,0.3858,0.6288684974848012,0.3895917243860947,0.3662559004354175,1.699243187904358,-0.039501667022705,0.0092872340425531,1.699243187904358,0.3858
cifar,iid,20,123,8,2,0.3905040025711059,0.0,0.1147119341563786,0.0,0.9951395799507672,0.0,0.7371555555555556,0.0,,0.945991855895705,0.0,0.0,0.3858,0.6288684974848012,0.3895917243860947,0.3662559004354175,1.699243187904358,0.0,0.0,1.699243187904358,0.3858
cifar,iid,20,123,8,3,0.3905040025711059,0.0,0.1147119341563786,0.0,0.9951395799507672,0.0,0.7371555555555556,-0.0055341958396752,,0.945991855895705,0.0035515372803051,0.0035515372803051,0.3858,0.6288684974848012,0.3895917243860947,0.3662559004354175,1.699243187904358,0.0,0.0,1.699243187904358,0.3858
cifar,iid,20,123,8,4,0.3905040025711059,0.0,0.1147119341563786,0.0,0.9951395799507672,0.0,0.7371555555555556,-0.0005907153729071,,0.945991855895705,0.0,0.0,0.3858,0.6288684974848012,0.3895917243860947,0.3662559004354175,1.699243187904358,0.0,0.0159234042553191,1.699243187904358,0.3858
cifar,iid,20,123,8,5,0.3905040025711059,0.0,0.1147119341563786,0.0,0.9951395799507672,0.0,0.7371555555555556,0.0056203450025367,,0.945991855895705,0.0,0.0,0.3858,0.6288684974848012,0.3895917243860947,0.3662559004354175,1.699243187904358,0.0,0.0,1.699243187904358,0.3858
cifar,iid,20,123,8,6,0.3905040025711059,0.0,0.1147119341563786,0.0,0.9951395799507672,-0.0001919804763376,0.7371555555555556,0.0,,0.945991855895705,0.0,0.0,0.3858,0.6288684974848012,0.3895917243860947,0.3662559004354175,1.699243187904358,-0.0690707937994999,0.0184978723404255,1.699243187904358,0.3858
cifar,iid,20,123,8,7,0.3905040025711059,0.0,0.1147119341563786,0.0,0.9951395799507672,0.0,0.7371555555555556,0.0,,0.945991855895705,0.0,0.0,0.3858,0.6288684974848012,0.3895917243860947,0.3662559004354175,1.699243187904358,0.0,0.0,1.699243187904358,0.3858
cifar,iid,20,123,8,8,0.3905040025711059,0.0306507861036561,0.1147119341563786,0.0,0.9951395799507672,0.0,0.7371555555555556,0.0038898782343987,,0.945991855895705,0.0,0.0,0.3858,0.6288684974848012,0.3895917243860947,0.3662559004354175,1.699243187904358,0.0,0.0,1.699243187904358,0.3858
cifar,iid,20,123,8,9,0.3905040025711059,0.0,0.1147119341563786,0.0089005676586538,0.9951395799507672,0.0,0.7371555555555556,0.0,,0.945991855895705,0.0,0.0,0.3858,0.6288684974848012,0.3895917243860947,0.3662559004354175,1.699243187904358,0.0,0.0,1.699243187904358,0.3858
cifar,iid,20,123,8,10,0.3905040025711059,0.0,0.1147119341563786,0.0068771484831426,0.9951395799507672,0.0,0.7371555555555556,-0.0047339802130898,,0.945991855895705,0.0,0.0,0.3858,0.6288684974848012,0.3895917243860947,0.3662559004354175,1.699243187904358,0.0,0.0,1.699243187904358,0.3858
cifar,iid,20,123,8,11,0.3905040025711059,0.0,0.1147119341563786,0.0,0.9951395799507672,0.0,0.7371555555555556,0.0037758498224251,,0.945991855895705,0.0,0.0,0.3858,0.6288684974848012,0.3895917243860947,0.3662559004354175,1.699243187904358,0.0,0.0,1.699243187904358,0.3858
cifar,iid,20,123,8,12,0.3905040025711059,0.0,0.1147119341563786,0.0,0.9951395799507672,0.0,0.7371555555555556,-0.0008280314561136,,0.945991855895705,0.0,0.0,0.3858,0.6288684974848012,0.3895917243860947,0.3662559004354175,1.699243187904358,0.0,0.0,1.699243187904358,0.3858
cifar,iid,20,123,8,13,0.3905040025711059,0.0,0.1147119341563786,0.0098574523606277,0.9951395799507672,-0.0006106309705292,0.7371555555555556,-0.0094348680872653,,0.945991855895705,0.001530039602753,0.001530039602753,0.3858,0.6288684974848012,0.3895917243860947,0.3662559004354175,1.699243187904358,0.0,0.0,1.699243187904358,0.3858
cifar,iid,20,123,8,14,0.3905040025711059,0.0,0.1147119341563786,0.0,0.9951395799507672,0.0,0.7371555555555556,0.0,,0.945991855895705,0.0002826068031987,0.0002826068031987,0.3858,0.6288684974848012,0.3895917243860947,0.3662559004354175,1.699243187904358,0.0,0.0,1.699243187904358,0.3858
cifar,iid,20,123,8,15,0.3905040025711059,0.0,0.1147119341563786,0.0,0.9951395799507672,0.0,0.7371555555555556,0.0,,0.945991855895705,0.0,0.0,0.3858,0.6288684974848012,0.3895917243860947,0.3662559004354175,1.699243187904358,0.0,0.0,1.699243187904358,0.3858
cifar,iid,20,123,8,16,0.3905040025711059,0.0,0.1147119341563786,0.0,0.9951395799507672,-0.0002637768770342,0.7371555555555556,0.0,,0.945991855895705,0.0,0.0,0.3858,0.6288684974848012,0.3895917243860947,0.3662559004354175,1.699243187904358,0.0,0.0,1.699243187904358,0.3858
cifar,iid,20,123,8,17,0.3905040025711059,0.0,0.1147119341563786,0.0,0.9951395799507672,0.0,0.7371555555555556,0.0,,0.945991855895705,0.0,0.0,0.3858,0.6288684974848012,0.3895917243860947,0.3662559004354175,1.699243187904358,0.0,0.0,1.699243187904358,0.3858
cifar,iid,20,123,8,18,0.3905040025711059,0.0,0.1147119341563786,0.0,0.9951395799507672,0.0,0.7371555555555556,0.0,,0.945991855895705,0.0,0.0,0.3858,0.6288684974848012,0.3895917243860947,0.3662559004354175,1.699243187904358,0.0,0.0,1.699243187904358,0.3858
cifar,iid,20,123,8,19,0.3905040025711059,0.0,0.1147119341563786,0.0,0.9951395799507672,0.0,0.7371555555555556,0.0,,0.945991855895705,0.0,0.0,0.3858,0.6288684974848012,0.3895917243860947,0.3662559004354175,1.699243187904358,0.0,0.0,1.699243187904358,0.3858
cifar,iid,20,123,9,0,0.3649359941482544,0.0,0.1025865848312143,0.0,0.9955585816791496,0.0,0.5912111111111111,0.0,,0.9492997838374254,0.0,0.0,0.4538,0.6218251398042489,0.4577553787319718,0.4454101179218959,1.499037504196167,0.0,0.0,1.499037504196167,0.4538
cifar,iid,20,123,9,1,0.3649359941482544,0.0,0.1025865848312143,0.0,0.9955585816791496,0.0,0.5912111111111111,0.0,,0.9492997838374254,0.0,0.0,0.4538,0.6218251398042489,0.4577553787319718,0.4454101179218959,1.499037504196167,0.0,0.0081903225806451,1.499037504196167,0.4538
cifar,iid,20,123,9,2,0.3649359941482544,0.0,0.1025865848312143,0.0,0.9955585816791496,0.0,0.5912111111111111,0.0,,0.9492997838374254,0.0,0.0,0.4538,0.6218251398042489,0.4577553787319718,0.4454101179218959,1.499037504196167,0.0,0.0,1.499037504196167,0.4538
cifar,iid,20,123,9,3,0.3649359941482544,0.0,0.1025865848312143,0.0,0.9955585816791496,0.0,0.5912111111111111,0.0033550264550264,,0.9492997838374254,0.0,0.0,0.4538,0.6218251398042489,0.4577553787319718,0.4454101179218959,1.499037504196167,-0.0525726798462541,0.0,1.499037504196167,0.4538
cifar,iid,20,123,9,4,0.3649359941482544,0.0,0.1025865848312143,0.0,0.9955585816791496,0.0,0.5912111111111111,0.0,,0.9492997838374254,0.0,0.0,0.4538,0.6218251398042489,0.4577553787319718,0.4454101179218959,1.499037504196167,0.0,0.0127322580645161,1.499037504196167,0.4538
cifar,iid,20,123,9,5,0.3649359941482544,0.0,0.1025865848312143,0.0,0.9955585816791496,0.0,0.5912111111111111,0.0052471734892787,,0.9492997838374254,0.0,0.0,0.4538,0.6218251398042489,0.4577553787319718,0.4454101179218959,1.499037504196167,-0.0049782885264043,0.0,1.499037504196167,0.4538
cifar,iid,20,123,9,6,0.3649359941482544,0.0,0.1025865848312143,0.0,0.9955585816791496,0.0,0.5912111111111111,-0.0071634642160957,,0.9492997838374254,0.0,0.0,0.4538,0.6218251398042489,0.4577553787319718,0.4454101179218959,1.499037504196167,-0.0451276539123221,0.0168494623655913,1.499037504196167,0.4538
cifar,iid,20,123,9,7,0.3649359941482544,0.0,0.1025865848312143,0.0,0.9955585816791496,0.0,0.5912111111111111,0.0,,0.9492997838374254,0.0005378881737317,0.0005378881737317,0.4538,0.6218251398042489,0.4577553787319718,0.4454101179218959,1.499037504196167,0.0,0.0,1.499037504196167,0.4538
cifar,iid,20,123,9,8,0.3649359941482544,0.0170183483085069,0.1025865848312143,0.0,0.9955585816791496,0.0,0.5912111111111111,0.0121060985797828,,0.9492997838374254,0.0,0.0,0.4538,0.6218251398042489,0.4577553787319718,0.4454101179218959,1.499037504196167,0.0,0.0,1.499037504196167,0.4538
cifar,iid,20,123,9,9,0.3649359941482544,0.0,0.1025865848312143,0.0064287305727513,0.9955585816791496,0.0,0.5912111111111111,0.0,,0.9492997838374254,0.0,0.0,0.4538,0.6218251398042489,0.4577553787319718,0.4454101179218959,1.499037504196167,0.0,0.0,1.499037504196167,0.4538
cifar,iid,20,123,9,10,0.3649359941482544,0.0,0.1025865848312143,0.0091788341815917,0.9955585816791496,0.0,0.5912111111111111,0.0,,0.9492997838374254,0.0,0.0,0.4538,0.6218251398042489,0.4577553787319718,0.4454101179218959,1.499037504196167,0.0,0.0,1.499037504196167,0.4538
cifar,iid,20,123,9,11,0.3649359941482544,0.0,0.1025865848312143,0.0,0.9955585816791496,0.0,0.5912111111111111,0.0,,0.9492997838374254,0.0006193182946389,0.0006193182946389,0.4538,0.6218251398042489,0.4577553787319718,0.4454101179218959,1.499037504196167,-0.035857178577005,0.0147698924731182,1.499037504196167,0.4538
cifar,iid,20,123,9,12,0.3649359941482544,0.0,0.1025865848312143,0.0,0.9955585816791496,0.0,0.5912111111111111,0.0,,0.9492997838374254,0.0,0.0,0.4538,0.6218251398042489,0.4577553787319718,0.4454101179218959,1.499037504196167,0.0,0.0128462365591397,1.499037504196167,0.4538
cifar,iid,20,123,9,13,0.3649359941482544,0.0,0.1025865848312143,0.0,0.9955585816791496,0.0,0.5912111111111111,0.0,,0.9492997838374254,0.0037962124372439,0.0037962124372439,0.4538,0.6218251398042489,0.4577553787319718,0.4454101179218959,1.499037504196167,0.0,0.0,1.499037504196167,0.4538
cifar,iid,20,123,9,14,0.3649359941482544,0.0,0.1025865848312143,0.0,0.9955585816791496,0.0,0.5912111111111111,0.0,,0.9492997838374254,0.0,0.0,0.4538,0.6218251398042489,0.4577553787319718,0.4454101179218959,1.499037504196167,-0.0280473714005457,0.0123182795698924,1.499037504196167,0.4538
cifar,iid,20,123,9,15,0.3649359941482544,0.0,0.1025865848312143,0.0,0.9955585816791496,0.0,0.5912111111111111,0.0,,0.9492997838374254,0.0,0.0,0.4538,0.6218251398042489,0.4577553787319718,0.4454101179218959,1.499037504196167,0.0,0.0,1.499037504196167,0.4538
cifar,iid,20,123,9,16,0.3649359941482544,0.0,0.1025865848312143,0.0,0.9955585816791496,0.0,0.5912111111111111,0.0,,0.9492997838374254,0.0,0.0,0.4538,0.6218251398042489,0.4577553787319718,0.4454101179218959,1.499037504196167,0.0,0.0,1.499037504196167,0.4538
cifar,iid,20,123,9,17,0.3649359941482544,0.0,0.1025865848312143,0.0,0.9955585816791496,0.0,0.5912111111111111,-0.0041630465051517,,0.9492997838374254,0.0,0.0,0.4538,0.6218251398042489,0.4577553787319718,0.4454101179218959,1.499037504196167,-0.0442909712660802,0.0,1.499037504196167,0.4538
cifar,iid,20,123,9,18,0.3649359941482544,0.0,0.1025865848312143,0.0,0.9955585816791496,0.0,0.5912111111111111,0.0,,0.9492997838374254,0.0,0.0,0.4538,0.6218251398042489,0.4577553787319718,0.4454101179218959,1.499037504196167,0.0,0.0,1.499037504196167,0.4538
cifar,iid,20,123,9,19,0.3649359941482544,0.0,0.1025865848312143,0.0,0.9955585816791496,0.0,0.5912111111111111,0.0,,0.9492997838374254,0.0,0.0,0.4538,0.6218251398042489,0.4577553787319718,0.4454101179218959,1.499037504196167,0.0,0.0,1.499037504196167,0.4538
cifar,iid,20,123,10,0,0.3749259710311889,0.0,0.0919446704637917,0.0,0.9936800572635696,0.0,0.5992666666666666,0.0,,0.9470926519097776,0.0,0.0,0.499,0.6248595943409491,0.503108743247599,0.4911887363477426,1.387899398803711,0.0,0.0,1.387899398803711,0.499
cifar,iid,20,123,10,1,0.3749259710311889,0.0,0.0919446704637917,0.0,0.9936800572635696,0.0012385219177766,0.5992666666666666,0.0092557441458431,,0.9470926519097776,0.0005949322744855,0.0005949322744855,0.499,0.6248595943409491,0.503108743247599,0.4911887363477426,1.387899398803711,0.0,0.0,1.387899398803711,0.499
cifar,iid,20,123,10,2,0.3749259710311889,0.0,0.0919446704637917,0.0,0.9936800572635696,0.0,0.5992666666666666,0.0,,0.9470926519097776,0.0,0.0,0.499,0.6248595943409491,0.503108743247599,0.4911887363477426,1.387899398803711,0.0,0.0,1.387899398803711,0.499
cifar,iid,20,123,10,3,0.3749259710311889,0.0,0.0919446704637917,0.0,0.9936800572635696,0.0,0.5992666666666666,0.0,,0.9470926519097776,0.0013958438409659,0.0013958438409659,0.499,0.6248595943409491,0.503108743247599,0.4911887363477426,1.387899398803711,0.0,0.0,1.387899398803711,0.499
cifar,iid,20,123,10,4,0.3749259710311889,0.0,0.0919446704637917,0.0,0.9936800572635696,0.0,0.5992666666666666,0.0,,0.9470926519097776,-0.0010161054944361,0.0010161054944361,0.499,0.6248595943409491,0.503108743247599,0.4911887363477426,1.387899398803711,0.0,0.0,1.387899398803711,0.499
cifar,iid,20,123,10,5,0.3749259710311889,0.0,0.0919446704637917,0.0,0.9936800572635696,0.0,0.5992666666666666,0.0,,0.9470926519097776,0.0,0.0,0.499,0.6248595943409491,0.503108743247599,0.4911887363477426,1.387899398803711,-0.0212400534131505,0.005976510067114,1.387899398803711,0.499
cifar,iid,20,123,10,6,0.3749259710311889,0.017262362350117,0.0919446704637917,0.0,0.9936800572635696,4.549910691021148e-05,0.5992666666666666,0.0,,0.9470926519097776,0.0,0.0,0.499,0.6248595943409491,0.503108743247599,0.4911887363477426,1.387899398803711,0.0,0.0084463087248322,1.387899398803711,0.499
cifar,iid,20,123,10,7,0.3749259710311889,0.0,0.0919446704637917,0.0,0.9936800572635696,0.0,0.5992666666666666,0.0,,0.9470926519097776,0.0,0.0,0.499,0.6248595943409491,0.503108743247599,0.4911887363477426,1.387899398803711,0.0,0.0,1.387899398803711,0.499
cifar,iid,20,123,10,8,0.3749259710311889,0.0,0.0919446704637917,0.0,0.9936800572635696,0.0,0.5992666666666666,0.0,,0.9470926519097776,0.0,0.0,0.499,0.6248595943409491,0.503108743247599,0.4911887363477426,1.387899398803711,0.0,0.0,1.387899398803711,0.499
cifar,iid,20,123,10,9,0.3749259710311889,0.0,0.0919446704637917,0.0,0.9936800572635696,0.0008531737980677,0.5992666666666666,0.0,,0.9470926519097776,0.0,0.0,0.499,0.6248595943409491,0.503108743247599,0.4911887363477426,1.387899398803711,0.0,0.0,1.387899398803711,0.499
cifar,iid,20,123,10,10,0.3749259710311889,0.0,0.0919446704637917,0.0105134500436806,0.9936800572635696,0.0,0.5992666666666666,0.0,,0.9470926519097776,0.0,0.0,0.499,0.6248595943409491,0.503108743247599,0.4911887363477426,1.387899398803711,0.0,0.0,1.387899398803711,0.499
cifar,iid,20,123,10,11,0.3749259710311889,0.0,0.0919446704637917,0.0,0.9936800572635696,0.0,0.5992666666666666,0.0,,0.9470926519097776,0.0004220949098854,0.0004220949098854,0.499,0.6248595943409491,0.503108743247599,0.4911887363477426,1.387899398803711,-0.0515486270457774,0.0,1.387899398803711,0.499
cifar,iid,20,123,10,12,0.3749259710311889,0.0,0.0919446704637917,0.0,0.9936800572635696,0.0,0.5992666666666666,0.0,,0.9470926519097776,0.0,0.0,0.499,0.6248595943409491,0.503108743247599,0.4911887363477426,1.387899398803711,-0.0483011146923443,0.0166241610738255,1.387899398803711,0.499
cifar,iid,20,123,10,13,0.3749259710311889,0.0,0.0919446704637917,0.0,0.9936800572635696,0.0,0.5992666666666666,0.0,,0.9470926519097776,0.0014845129244768,0.0014845129244768,0.499,0.6248595943409491,0.503108743247599,0.4911887363477426,1.387899398803711,0.0,0.003534899328859,1.387899398803711,0.499
cifar,iid,20,123,10,14,0.3749259710311889,0.0,0.0919446704637917,0.0061126462760072,0.9936800572635696,0.0,0.5992666666666666,0.0,,0.9470926519097776,0.0,0.0,0.499,0.6248595943409491,0.503108743247599,0.4911887363477426,1.387899398803711,0.0,0.0,1.387899398803711,0.499
cifar,iid,20,123,10,15,0.3749259710311889,0.0,0.0919446704637917,0.0,0.9936800572635696,0.0,0.5992666666666666,0.0,,0.9470926519097776,0.0003277247619155,0.0003277247619155,0.499,0.6248595943409491,0.503108743247599,0.4911887363477426,1.387899398803711,0.0,0.0,1.387899398803711,0.499
cifar,iid,20,123,10,16,0.3749259710311889,0.0,0.0919446704637917,0.0,0.9936800572635696,-0.001665436534317,0.5992666666666666,0.0,,0.9470926519097776,0.000135383425778,0.000135383425778,0.499,0.6248595943409491,0.503108743247599,0.4911887363477426,1.387899398803711,0.0,0.0,1.387899398803711,0.499
cifar,iid,20,123,10,17,0.3749259710311889,0.0,0.0919446704637917,0.0,0.9936800572635696,0.0,0.5992666666666666,0.0,,0.9470926519097776,-0.001417738633706,0.001417738633706,0.499,0.6248595943409491,0.503108743247599,0.4911887363477426,1.387899398803711,-0.0348402175817403,0.0,1.387899398803711,0.499
cifar,iid,20,123,10,18,0.3749259710311889,0.0,0.0919446704637917,0.0,0.9936800572635696,0.0,0.5992666666666666,0.0,,0.9470926519097776,0.0,0.0,0.499,0.6248595943409491,0.503108743247599,0.4911887363477426,1.387899398803711,-0.0180260479987204,0.0,1.387899398803711,0.499
cifar,iid,20,123,10,19,0.3749259710311889,0.0,0.0919446704637917,0.0,0.9936800572635696,-0.0007533450870706,0.5992666666666666,0.0,,0.9470926519097776,0.0,0.0,0.499,0.6248595943409491,0.503108743247599,0.4911887363477426,1.387899398803711,0.0,0.0,1.387899398803711,0.499
cifar,iid,4,123,1,0,0.5579519867897034,-0.03977832198143,0.6954545454545454,0.2856197695547501,1.0,0.0,0.8319111111111113,-0.0135892592592592,,0.9800209372351754,0.0071201776168024,0.0071201776168024,0.132,0.2853927023141588,0.1348005956924241,0.0727222719284279,2.824450969696045,0.0,0.0,2.824450969696045,0.132
cifar,iid,4,123,1,1,0.5579519867897034,0.0,0.6954545454545454,0.0,1.0,0.0,0.8319111111111113,0.0,,0.9800209372351754,0.0,0.0,0.132,0.2853927023141588,0.1348005956924241,0.0727222719284279,2.824450969696045,0.0243742068608601,0.0194466666666666,2.824450969696045,0.132
cifar,iid,4,123,1,2,0.5579519867897034,0.0,0.6954545454545454,0.0,1.0,0.0,0.8319111111111113,0.0,,0.9800209372351754,0.0,0.0,0.132,0.2853927023141588,0.1348005956924241,0.0727222719284279,2.824450969696045,0.0,0.0036466666666666,2.824450969696045,0.132
cifar,iid,4,123,1,3,0.5579519867897034,-0.015885724623998,0.6954545454545454,0.0,1.0,0.0,0.8319111111111113,-0.0143759259259258,,0.9800209372351754,0.0071122099848202,0.0071122099848202,0.132,0.2853927023141588,0.1348005956924241,0.0727222719284279,2.824450969696045,0.0,0.0,2.824450969696045,0.132
cifar,iid,4,123,2,0,0.3817740082740783,0.0,0.2036199095022624,0.0,0.9852895476527174,0.0,0.5937333333333332,0.0,,0.9378647708534412,0.0,0.0,0.5072,0.596259148841184,0.5110309529175144,0.5035820728944584,1.370083928108215,0.0,0.0,1.370083928108215,0.5072
cifar,iid,4,123,2,1,0.3817740082740783,0.0,0.2036199095022624,-0.0845466354023533,0.9852895476527174,-0.000163876231545,0.5937333333333332,-0.0509822222222222,,0.9378647708534412,-0.0032590619335414,0.0032590619335414,0.5072,0.596259148841184,0.5110309529175144,0.5035820728944584,1.370083928108215,-0.323074734210968,0.0734733333333333,1.370083928108215,0.5072
cifar,iid,4,123,2,2,0.3817740082740783,-0.0045642594496409,0.2036199095022624,0.0,0.9852895476527174,0.0,0.5937333333333332,0.0,,0.9378647708534412,0.0,0.0,0.5072,0.596259148841184,0.5110309529175144,0.5035820728944584,1.370083928108215,-0.3785682400067647,0.0955133333333333,1.370083928108215,0.5072
cifar,iid,4,123,2,3,0.3817740082740783,0.0,0.2036199095022624,0.0,0.9852895476527174,0.0,0.5937333333333332,0.0,,0.9378647708534412,-0.0091569128544827,0.0091569128544827,0.5072,0.596259148841184,0.5110309529175144,0.5035820728944584,1.370083928108215,-0.3812487959861755,0.1066666666666666,1.370083928108215,0.5072
cifar,iid,4,123,3,0,0.3862299919128418,0.0,0.1509162773984908,0.0,0.9870703049983416,0.0,0.7796222222222222,0.0,,0.960917357861002,0.0125662335144005,0.0125662335144005,0.577,0.6382400021027634,0.5803442967573782,0.5719056545112466,1.1737183332443235,0.0,0.0198266666666666,1.1737183332443235,0.577
cifar,iid,4,123,3,1,0.3862299919128418,0.081616993745168,0.1509162773984908,0.0109851838337925,0.9870703049983416,0.0102578606470085,0.7796222222222222,0.0,,0.960917357861002,0.0185194485260228,0.0185194485260228,0.577,0.6382400021027634,0.5803442967573782,0.5719056545112466,1.1737183332443235,0.0138606071472167,-0.0036066666666666,1.1737183332443235,0.577
cifar,iid,4,123,3,2,0.3862299919128418,0.0,0.1509162773984908,0.0,0.9870703049983416,0.0,0.7796222222222222,0.0516288888888889,,0.960917357861002,0.0,0.0,0.577,0.6382400021027634,0.5803442967573782,0.5719056545112466,1.1737183332443235,-0.1172491431236267,0.052,1.1737183332443235,0.577
cifar,iid,4,123,3,3,0.3862299919128418,0.0,0.1509162773984908,0.0,0.9870703049983416,0.0,0.7796222222222222,0.0,,0.960917357861002,0.0052200297865717,0.0052200297865717,0.577,0.6382400021027634,0.5803442967573782,0.5719056545112466,1.1737183332443235,0.0,0.0,1.1737183332443235,0.577
cifar,iid,4,123,4,0,0.3895760178565979,0.0,0.097911227154047,-0.008416575084724,0.9877476911258926,0.0,0.6620555555555556,0.0,,0.9587345356817693,0.007966239558309,0.007966239558309,0.5992,0.6578181565763372,0.6020817825040613,0.5916069204843738,1.096040964126587,-0.0731424927711486,0.02872,1.096040964126587,0.5992
cifar,iid,4,123,4,1,0.3895760178565979,0.0632640798886617,0.097911227154047,-0.0010318818727653,0.9877476911258926,0.0,0.6620555555555556,0.0166466666666667,,0.9587345356817693,0.0034644247067587,0.0034644247067587,0.5992,0.6578181565763372,0.6020817825040613,0.5916069204843738,1.096040964126587,0.0,0.0,1.096040964126587,0.5992
cifar,iid,4,123,4,2,0.3895760178565979,0.0,0.097911227154047,0.0,0.9877476911258926,0.0,0.6620555555555556,0.0,,0.9587345356817693,0.0,0.0,0.5992,0.6578181565763372,0.6020817825040613,0.5916069204843738,1.096040964126587,-0.2547175447146098,0.0737066666666666,1.096040964126587,0.5992
cifar,iid,4,123,4,3,0.3895760178565979,0.0,0.097911227154047,0.0,0.9877476911258926,0.0,0.6620555555555556,0.0,,0.9587345356817693,-0.0007539949239572,0.0007539949239572,0.5992,0.6578181565763372,0.6020817825040613,0.5916069204843738,1.096040964126587,0.0,0.0,1.096040964126587,0.5992
cifar,iid,4,123,5,0,0.3876619935035705,0.0,0.0814789455665867,0.0,0.9791441889697796,-0.0055297753103231,0.6840222222222221,0.0,,0.9507877281201826,0.003138841375494,0.003138841375494,0.6132,0.6689535271447856,0.6157651312356152,0.601881715824106,1.0603898763656616,0.0407636483510335,0.0007866666666666,1.0603898763656616,0.6132
cifar,iid,4,123,5,1,0.3876619935035705,0.0741883993148803,0.0814789455665867,0.0122671251292631,0.9791441889697796,0.0,0.6840222222222221,0.0293255555555555,,0.9507877281201826,-0.0031473480523167,0.0031473480523167,0.6132,0.6689535271447856,0.6157651312356152,0.601881715824106,1.0603898763656616,0.0,0.0,1.0603898763656616,0.6132
cifar,iid,4,123,5,2,0.3876619935035705,0.0,0.0814789455665867,0.0,0.9791441889697796,0.0,0.6840222222222221,0.0,,0.9507877281201826,0.0,0.0,0.6132,0.6689535271447856,0.6157651312356152,0.601881715824106,1.0603898763656616,-0.193977955977122,0.0463266666666666,1.0603898763656616,0.6132
cifar,iid,4,123,5,3,0.3876619935035705,0.0,0.0814789455665867,0.0,0.9791441889697796,0.0050948282383887,0.6840222222222221,0.0,,0.9507877281201826,0.0,0.0,0.6132,0.6689535271447856,0.6157651312356152,0.601881715824106,1.0603898763656616,-0.1165354887644449,0.0240333333333333,1.0603898763656616,0.6132
cifar,iid,4,123,6,0,0.3779559731483459,0.0,0.0625,0.0,0.9883866687616754,0.0,0.6152444444444445,-0.0032074074074074,,0.9542465474223272,0.0056825611570597,0.0056825611570597,0.5732,0.6735269349210078,0.5762305876348784,0.5570058123947765,1.2175837755203247,0.0023375630378723,-0.0188466666666666,1.2175837755203247,0.5732
cifar,iid,4,123,6,1,0.3779559731483459,0.0339013397693634,0.0625,0.030593066986902,0.9883866687616754,0.0090992044786628,0.6152444444444445,0.0,,0.9542465474223272,0.0051485407647449,0.0051485407647449,0.5732,0.6735269349210078,0.5762305876348784,0.5570058123947765,1.2175837755203247,0.0,0.0,1.2175837755203247,0.5732
cifar,iid,4,123,6,2,0.3779559731483459,0.0,0.0625,0.0,0.9883866687616754,0.0,0.6152444444444445,0.0,,0.9542465474223272,0.0,0.0,0.5732,0.6735269349210078,0.5762305876348784,0.5570058123947765,1.2175837755203247,-0.3398107131322225,0.0644333333333333,1.2175837755203247,0.5732
cifar,iid,4,123,6,3,0.3779559731483459,0.0,0.0625,0.0,0.9883866687616754,0.0057879269307541,0.6152444444444445,0.0,,0.9542465474223272,0.0,0.0,0.5732,0.6735269349210078,0.5762305876348784,0.5570058123947765,1.2175837755203247,-0.2254791378974914,0.04038,1.2175837755203247,0.5732
cifar,iid,4,123,7,0,0.3960559964179992,0.0,0.0560747663551401,0.0,0.9883866687616754,0.0,0.6511777777777779,0.0442196296296296,,0.9515635979680276,0.0046238714909539,0.0046238714909539,0.6234,0.6770155754941075,0.6259915233887197,0.6153393203295733,1.048434138298035,-0.1434356530507405,0.0370866666666666,1.048434138298035,0.6234
cifar,iid,4,123,7,1,0.3960559964179992,0.0,0.0560747663551401,0.0297007724792687,0.9883866687616754,0.0,0.6511777777777779,0.0,,0.9515635979680276,0.006071822318156,0.006071822318156,0.6234,0.6770155754941075,0.6259915233887197,0.6153393203295733,1.048434138298035,0.0,0.0,1.048434138298035,0.6234
cifar,iid,4,123,7,2,0.3960559964179992,0.0,0.0560747663551401,0.0,0.9883866687616754,0.0,0.6511777777777779,0.0,,0.9515635979680276,0.0,0.0,0.6234,0.6770155754941075,0.6259915233887197,0.6153393203295733,1.048434138298035,-0.132430358727773,0.0434266666666666,1.048434138298035,0.6234
cifar,iid,4,123,7,3,0.3960559964179992,0.0196494122346242,0.0560747663551401,0.0,0.9883866687616754,0.0,0.6511777777777779,0.0,,0.9515635979680276,0.0,0.0,0.6234,0.6770155754941075,0.6259915233887197,0.6153393203295733,1.048434138298035,-0.3419971426328023,0.0447666666666667,1.048434138298035,0.6234
cifar,iid,4,123,8,0,0.408158004283905,0.0,0.03755127800568,0.0,0.9919691335393426,0.0041229770072801,0.6688444444444446,-0.0232492592592591,,0.9615112747118394,0.0037205621587769,0.0037205621587769,0.6116,0.6751749434013298,0.6144195877832335,0.6005212828322299,1.136189341545105,-0.1486907084782918,0.01692,1.136189341545105,0.6116
cifar,iid,4,123,8,1,0.408158004283905,0.0758390168348948,0.03755127800568,0.0560219932015277,0.9919691335393426,0.0,0.6688444444444446,0.044358148148148,,0.9615112747118394,0.0109593295525394,0.0109593295525394,0.6116,0.6751749434013298,0.6144195877832335,0.6005212828322299,1.136189341545105,0.0,0.0,1.136189341545105,0.6116
cifar,iid,4,123,8,2,0.408158004283905,0.0,0.03755127800568,0.0,0.9919691335393426,0.0,0.6688444444444446,0.0,,0.9615112747118394,0.0,0.0,0.6116,0.6751749434013298,0.6144195877832335,0.6005212828322299,1.136189341545105,-0.3180848836898803,0.0526266666666666,1.136189341545105,0.6116
cifar,iid,4,123,8,3,0.408158004283905,0.0,0.03755127800568,0.0,0.9919691335393426,0.0059365561549608,0.6688444444444446,0.0,,0.9615112747118394,0.0,0.0,0.6116,0.6751749434013298,0.6144195877832335,0.6005212828322299,1.136189341545105,-0.2819205125172933,0.0436933333333333,1.136189341545105,0.6116
cifar,iid,4,123,9,0,0.4039379954338074,0.0,0.0397100535770564,0.0,0.9952024302100246,-0.0017268690677793,0.6470333333333333,0.0,,0.9630329505010332,0.0,0.0,0.6122,0.6745037630527926,0.6155754061436027,0.5957993636948106,1.172986626625061,-0.1799800515174865,0.0,1.172986626625061,0.6122
cifar,iid,4,123,9,1,0.4039379954338074,0.030358479420344,0.0397100535770564,0.0137994799594247,0.9952024302100246,-0.0004548496540326,0.6470333333333333,0.0115503703703704,,0.9630329505010332,0.000184238830418,0.000184238830418,0.6122,0.6745037630527926,0.6155754061436027,0.5957993636948106,1.172986626625061,0.0,0.0,1.172986626625061,0.6122
cifar,iid,4,123,9,2,0.4039379954338074,0.0,0.0397100535770564,0.0,0.9952024302100246,-0.0013426677607267,0.6470333333333333,0.0138999999999999,,0.9630329505010332,-0.0060754390483703,0.0060754390483703,0.6122,0.6745037630527926,0.6155754061436027,0.5957993636948106,1.172986626625061,-0.2557041049003601,0.0,1.172986626625061,0.6122
cifar,iid,4,123,9,3,0.4039379954338074,0.0,0.0397100535770564,0.0,0.9952024302100246,0.0067576831532207,0.6470333333333333,0.0007240740740739,,0.9630329505010332,0.0050757577997115,0.0050757577997115,0.6122,0.6745037630527926,0.6155754061436027,0.5957993636948106,1.172986626625061,-0.0560712655385335,0.0,1.172986626625061,0.6122
cifar,iid,4,123,10,0,0.4222739934921264,0.0,0.0363294707171938,-0.0038814406825014,0.9853593812741144,-0.0052187829163684,0.6191333333333331,0.0059092592592592,,0.9630646921869048,0.0,0.0,0.6154,0.6819431727271644,0.618340810275672,0.6030274404126417,1.117540717124939,-0.1740258892377217,0.0107799999999999,1.117540717124939,0.6154
cifar,iid,4,123,10,1,0.4222739934921264,0.0875328083833058,0.0363294707171938,0.0131567023615265,0.9853593812741144,-0.0020358828424611,0.6191333333333331,0.0279418518518517,,0.9630646921869048,0.0,0.0,0.6154,0.6819431727271644,0.618340810275672,0.6030274404126417,1.117540717124939,0.2872017780939738,-0.0617133333333333,1.117540717124939,0.6154
cifar,iid,4,123,10,2,0.4222739934921264,0.0,0.0363294707171938,0.0,0.9853593812741144,-0.0038941555078359,0.6191333333333331,0.0,,0.9630646921869048,0.0,0.0,0.6154,0.6819431727271644,0.618340810275672,0.6030274404126417,1.117540717124939,-0.2211693565050761,0.0291266666666666,1.117540717124939,0.6154
cifar,iid,4,123,10,3,0.4222739934921264,0.0,0.0363294707171938,0.0,0.9853593812741144,0.0,0.6191333333333331,-0.0637759259259258,,0.9630646921869048,0.0,0.0,0.6154,0.6819431727271644,0.618340810275672,0.6030274404126417,1.117540717124939,0.0,0.0,1.117540717124939,0.6154
cifar,iid,20,2025,1,0,1.0,0.0,1.0,0.0,1.0,0.0,0.8963111111111111,0.0022517519205546,,1.0,0.0,0.0,0.0982,0.0098199999999999,0.1,0.0178838098706975,2.4521703720092773,0.0,0.0,2.4521703720092773,0.0982
cifar,iid,20,2025,1,1,1.0,0.0,1.0,0.0,1.0,0.0,0.8963111111111111,0.0,,1.0,0.0,0.0,0.0982,0.0098199999999999,0.1,0.0178838098706975,2.4521703720092773,0.0,0.0,2.4521703720092773,0.0982
cifar,iid,20,2025,1,2,1.0,0.0,1.0,0.0,1.0,0.0,0.8963111111111111,-0.0039744425707326,,1.0,0.0,0.0,0.0982,0.0098199999999999,0.1,0.0178838098706975,2.4521703720092773,0.0,0.0,2.4521703720092773,0.0982
cifar,iid,20,2025,1,3,1.0,0.0,1.0,0.1000645920886914,1.0,0.0,0.8963111111111111,-0.0045539629005058,,1.0,0.0,0.0,0.0982,0.0098199999999999,0.1,0.0178838098706975,2.4521703720092773,0.0,0.0,2.4521703720092773,0.0982
cifar,iid,20,2025,1,4,1.0,0.0085677629136769,1.0,0.0,1.0,0.0,0.8963111111111111,-0.0024068203110361,,1.0,0.0,0.0,0.0982,0.0098199999999999,0.1,0.0178838098706975,2.4521703720092773,0.0,0.0,2.4521703720092773,0.0982
cifar,iid,20,2025,1,5,1.0,0.0,1.0,0.0,1.0,0.0,0.8963111111111111,0.0,,1.0,0.0,0.0,0.0982,0.0098199999999999,0.1,0.0178838098706975,2.4521703720092773,0.0,0.0,2.4521703720092773,0.0982
cifar,iid,20,2025,1,6,1.0,0.0,1.0,0.0,1.0,0.0,0.8963111111111111,0.0,,1.0,0.0,0.0,0.0982,0.0098199999999999,0.1,0.0178838098706975,2.4521703720092773,0.0,0.0,2.4521703720092773,0.0982
cifar,iid,20,2025,1,7,1.0,0.0,1.0,0.0,1.0,0.0,0.8963111111111111,-0.0177136780963087,,1.0,0.0,0.0,0.0982,0.0098199999999999,0.1,0.0178838098706975,2.4521703720092773,-0.0178645444572518,-0.0007091525423728,2.4521703720092773,0.0982
cifar,iid,20,2025,1,8,1.0,0.0,1.0,0.0,1.0,0.0,0.8963111111111111,-0.0143649428517894,,1.0,0.0,0.0,0.0982,0.0098199999999999,0.1,0.0178838098706975,2.4521703720092773,0.0,0.0,2.4521703720092773,0.0982
cifar,iid,20,2025,1,9,1.0,0.0,1.0,0.0,1.0,0.0,0.8963111111111111,-0.0150049278620948,,1.0,0.0,0.0,0.0982,0.0098199999999999,0.1,0.0178838098706975,2.4521703720092773,0.0,0.0,2.4521703720092773,0.0982
cifar,iid,20,2025,1,10,1.0,0.0,1.0,0.0,1.0,0.0,0.8963111111111111,0.0,,1.0,0.0,0.0,0.0982,0.0098199999999999,0.1,0.0178838098706975,2.4521703720092773,0.0,0.0,2.4521703720092773,0.0982
cifar,iid,20,2025,1,11,1.0,0.0,1.0,0.0,1.0,0.0,0.8963111111111111,-0.0111541502716882,,1.0,0.0,0.0,0.0982,0.0098199999999999,0.1,0.0178838098706975,2.4521703720092773,0.0,0.0,2.4521703720092773,0.0982
cifar,iid,20,2025,1,12,1.0,0.0,1.0,0.0,1.0,0.0,0.8963111111111111,-0.0154875585534944,,1.0,0.0,0.0,0.0982,0.0098199999999999,0.1,0.0178838098706975,2.4521703720092773,0.0,0.0,2.4521703720092773,0.0982
cifar,iid,20,2025,1,13,1.0,0.0,1.0,0.0,1.0,0.0,0.8963111111111111,0.0,,1.0,0.0,0.0,0.0982,0.0098199999999999,0.1,0.0178838098706975,2.4521703720092773,0.0,0.0,2.4521703720092773,0.0982
cifar,iid,20,2025,1,14,1.0,0.0,1.0,0.0,1.0,0.0,0.8963111111111111,-0.0089163200299793,,1.0,0.0,0.0,0.0982,0.0098199999999999,0.1,0.0178838098706975,2.4521703720092773,0.0,0.0002013559322033,2.4521703720092773,0.0982
cifar,iid,20,2025,1,15,1.0,0.0,1.0,0.0,1.0,0.0,0.8963111111111111,-0.0185675660483417,,1.0,0.0,0.0,0.0982,0.0098199999999999,0.1,0.0178838098706975,2.4521703720092773,0.0,0.0,2.4521703720092773,0.0982
cifar,iid,20,2025,1,16,1.0,0.0,1.0,0.0,1.0,0.0,0.8963111111111111,0.0003805321341577,,1.0,0.0,0.0,0.0982,0.0098199999999999,0.1,0.0178838098706975,2.4521703720092773,0.0,0.0,2.4521703720092773,0.0982
cifar,iid,20,2025,1,17,1.0,0.0,1.0,0.0,1.0,0.0,0.8963111111111111,-0.0087142964212104,,1.0,0.0,0.0,0.0982,0.0098199999999999,0.1,0.0178838098706975,2.4521703720092773,-0.0083765557052892,0.0,2.4521703720092773,0.0982
cifar,iid,20,2025,1,18,1.0,0.0,1.0,0.0,1.0,0.0,0.8963111111111111,0.0,,1.0,0.0,0.0,0.0982,0.0098199999999999,0.1,0.0178838098706975,2.4521703720092773,0.0,0.0,2.4521703720092773,0.0982
cifar,iid,20,2025,1,19,1.0,0.0,1.0,0.0,1.0,0.0,0.8963111111111111,-0.0081212104178377,,1.0,0.0,0.0,0.0982,0.0098199999999999,0.1,0.0178838098706975,2.4521703720092773,0.0,0.0,2.4521703720092773,0.0982
cifar,iid,20,2025,2,0,0.924340009689331,0.0,0.7504835589941973,0.0,1.0,0.0,0.8756666666666666,0.0,,0.9991640996473166,0.0,0.0,0.1036,0.0245566850769764,0.105308145035842,0.0264703923194939,2.8542144298553467,0.0,0.0,2.8542144298553467,0.1036
cifar,iid,20,2025,2,1,0.924340009689331,0.0,0.7504835589941973,0.0,1.0,0.0,0.8756666666666666,0.0,,0.9991640996473166,0.0,0.0,0.1036,0.0245566850769764,0.105308145035842,0.0264703923194939,2.8542144298553467,-0.0224390598860653,0.0,2.8542144298553467,0.1036
cifar,iid,20,2025,2,2,0.924340009689331,0.0,0.7504835589941973,0.0,1.0,0.0,0.8756666666666666,0.0,,0.9991640996473166,0.0,0.0,0.1036,0.0245566850769764,0.105308145035842,0.0264703923194939,2.8542144298553467,0.0,0.0,2.8542144298553467,0.1036
cifar,iid,20,2025,2,3,0.924340009689331,0.0377027585392906,0.7504835589941973,0.1800864101631685,1.0,0.0,0.8756666666666666,-0.005495085022129,,0.9991640996473166,0.0,0.0,0.1036,0.0245566850769764,0.105308145035842,0.0264703923194939,2.8542144298553467,0.0,0.0,2.8542144298553467,0.1036
cifar,iid,20,2025,2,4,0.924340009689331,0.0,0.7504835589941973,0.0,1.0,0.0,0.8756666666666666,-0.0046071977638015,,0.9991640996473166,0.0,0.0,0.1036,0.0245566850769764,0.105308145035842,0.0264703923194939,2.8542144298553467,0.0,0.0,2.8542144298553467,0.1036
cifar,iid,20,2025,2,5,0.924340009689331,0.0,0.7504835589941973,0.0,1.0,0.0,0.8756666666666666,0.0,,0.9991640996473166,0.0,0.0,0.1036,0.0245566850769764,0.105308145035842,0.0264703923194939,2.8542144298553467,0.0,0.0,2.8542144298553467,0.1036
cifar,iid,20,2025,2,6,0.924340009689331,0.0,0.7504835589941973,0.0,1.0,0.0,0.8756666666666666,-0.0007601444211507,,0.9991640996473166,0.0,0.0,0.1036,0.0245566850769764,0.105308145035842,0.0264703923194939,2.8542144298553467,0.0,0.0013111111111111,2.8542144298553467,0.1036
cifar,iid,20,2025,2,7,0.924340009689331,0.0,0.7504835589941973,0.0,1.0,0.0,0.8756666666666666,-0.0047859305846727,,0.9991640996473166,0.0,0.0,0.1036,0.0245566850769764,0.105308145035842,0.0264703923194939,2.8542144298553467,0.0,0.0,2.8542144298553467,0.1036
cifar,iid,20,2025,2,8,0.924340009689331,0.0,0.7504835589941973,0.0,1.0,0.0,0.8756666666666666,0.0,,0.9991640996473166,0.0,0.0,0.1036,0.0245566850769764,0.105308145035842,0.0264703923194939,2.8542144298553467,0.0,0.0,2.8542144298553467,0.1036
cifar,iid,20,2025,2,9,0.924340009689331,0.0340306316103254,0.7504835589941973,0.0,1.0,0.0,0.8756666666666666,0.0,,0.9991640996473166,0.0,0.0,0.1036,0.0245566850769764,0.105308145035842,0.0264703923194939,2.8542144298553467,0.0,0.0,2.8542144298553467,0.1036
cifar,iid,20,2025,2,10,0.924340009689331,0.0,0.7504835589941973,0.0,1.0,0.0,0.8756666666666666,-0.0007188912182622,,0.9991640996473166,0.0,0.0,0.1036,0.0245566850769764,0.105308145035842,0.0264703923194939,2.8542144298553467,0.0,0.0,2.8542144298553467,0.1036
cifar,iid,20,2025,2,11,0.924340009689331,0.0,0.7504835589941973,0.0,1.0,0.0,0.8756666666666666,-0.0012082226880969,,0.9991640996473166,0.0,0.0,0.1036,0.0245566850769764,0.105308145035842,0.0264703923194939,2.8542144298553467,0.0,0.0,2.8542144298553467,0.1036
cifar,iid,20,2025,2,12,0.924340009689331,0.0,0.7504835589941973,0.0,1.0,0.0,0.8756666666666666,-0.0080082226880969,,0.9991640996473166,0.0,0.0,0.1036,0.0245566850769764,0.105308145035842,0.0264703923194939,2.8542144298553467,0.0,0.0,2.8542144298553467,0.1036
cifar,iid,20,2025,2,13,0.924340009689331,0.0,0.7504835589941973,0.0,1.0,0.0,0.8756666666666666,0.0,,0.9991640996473166,0.0,0.0,0.1036,0.0245566850769764,0.105308145035842,0.0264703923194939,2.8542144298553467,0.0,0.0,2.8542144298553467,0.1036
cifar,iid,20,2025,2,14,0.924340009689331,0.0,0.7504835589941973,0.0,1.0,0.0,0.8756666666666666,0.0,,0.9991640996473166,0.0,0.0,0.1036,0.0245566850769764,0.105308145035842,0.0264703923194939,2.8542144298553467,0.0,0.0,2.8542144298553467,0.1036
cifar,iid,20,2025,2,15,0.924340009689331,0.0,0.7504835589941973,0.0,1.0,0.0,0.8756666666666666,0.0,,0.9991640996473166,0.0,0.0,0.1036,0.0245566850769764,0.105308145035842,0.0264703923194939,2.8542144298553467,0.0,0.0,2.8542144298553467,0.1036
cifar,iid,20,2025,2,16,0.924340009689331,0.0,0.7504835589941973,0.0,1.0,0.0,0.8756666666666666,-0.0031827393431166,,0.9991640996473166,0.0,0.0,0.1036,0.0245566850769764,0.105308145035842,0.0264703923194939,2.8542144298553467,0.0,0.0,2.8542144298553467,0.1036
cifar,iid,20,2025,2,17,0.924340009689331,0.0,0.7504835589941973,0.0,1.0,0.0,0.8756666666666666,0.0,,0.9991640996473166,0.0,0.0,0.1036,0.0245566850769764,0.105308145035842,0.0264703923194939,2.8542144298553467,0.0,0.0022,2.8542144298553467,0.1036
cifar,iid,20,2025,2,18,0.924340009689331,0.0,0.7504835589941973,0.0,1.0,0.0,0.8756666666666666,0.0,,0.9991640996473166,0.0,0.0,0.1036,0.0245566850769764,0.105308145035842,0.0264703923194939,2.8542144298553467,0.0,0.0,2.8542144298553467,0.1036
cifar,iid,20,2025,2,19,0.924340009689331,0.0,0.7504835589941973,0.0,1.0,0.0,0.8756666666666666,0.0,,0.9991640996473166,0.0,0.0,0.1036,0.0245566850769764,0.105308145035842,0.0264703923194939,2.8542144298553467,0.0,0.0,2.8542144298553467,0.1036
cifar,iid,20,2025,3,0,0.7168639898300171,0.0,0.2400611620795107,0.0,1.0,0.0,0.8350444444444445,0.0,,0.9832379678242678,0.0,0.0,0.1298,0.0267347943432531,0.1306252706191766,0.0433631529911275,3.13464093208313,0.0,0.0,3.13464093208313,0.1298
cifar,iid,20,2025,3,1,0.7168639898300171,0.0,0.2400611620795107,0.0,1.0,0.0,0.8350444444444445,0.0,,0.9832379678242678,0.0,0.0,0.1298,0.0267347943432531,0.1306252706191766,0.0433631529911275,3.13464093208313,-0.0417651171269624,0.0,3.13464093208313,0.1298
cifar,iid,20,2025,3,2,0.7168639898300171,0.0,0.2400611620795107,0.0,1.0,0.0,0.8350444444444445,0.0,,0.9832379678242678,0.0,0.0,0.1298,0.0267347943432531,0.1306252706191766,0.0433631529911275,3.13464093208313,0.0,0.0,3.13464093208313,0.1298
cifar,iid,20,2025,3,3,0.7168639898300171,0.0,0.2400611620795107,0.0,1.0,0.0,0.8350444444444445,0.0,,0.9832379678242678,0.0,0.0,0.1298,0.0267347943432531,0.1306252706191766,0.0433631529911275,3.13464093208313,0.0,0.0,3.13464093208313,0.1298
cifar,iid,20,2025,3,4,0.7168639898300171,0.0,0.2400611620795107,0.0,1.0,0.0,0.8350444444444445,0.0,,0.9832379678242678,0.0,0.0,0.1298,0.0267347943432531,0.1306252706191766,0.0433631529911275,3.13464093208313,0.0,0.0,3.13464093208313,0.1298
cifar,iid,20,2025,3,5,0.7168639898300171,0.0,0.2400611620795107,0.0,1.0,0.0,0.8350444444444445,0.0005653416619345,,0.9832379678242678,0.0,0.0,0.1298,0.0267347943432531,0.1306252706191766,0.0433631529911275,3.13464093208313,0.0,0.0,3.13464093208313,0.1298
cifar,iid,20,2025,3,6,0.7168639898300171,0.0,0.2400611620795107,0.0,1.0,0.0,0.8350444444444445,0.0,,0.9832379678242678,0.0,0.0,0.1298,0.0267347943432531,0.1306252706191766,0.0433631529911275,3.13464093208313,0.0,0.0,3.13464093208313,0.1298
cifar,iid,20,2025,3,7,0.7168639898300171,0.0,0.2400611620795107,0.0,1.0,0.0,0.8350444444444445,0.0,,0.9832379678242678,0.0,0.0,0.1298,0.0267347943432531,0.1306252706191766,0.0433631529911275,3.13464093208313,0.0,0.0,3.13464093208313,0.1298
cifar,iid,20,2025,3,8,0.7168639898300171,0.0,0.2400611620795107,0.0,1.0,0.0,0.8350444444444445,0.003206132879046,,0.9832379678242678,0.0,0.0,0.1298,0.0267347943432531,0.1306252706191766,0.0433631529911275,3.13464093208313,0.0,0.0,3.13464093208313,0.1298
cifar,iid,20,2025,3,9,0.7168639898300171,0.0,0.2400611620795107,0.0,1.0,0.0,0.8350444444444445,0.0,,0.9832379678242678,-0.0001026818268518,0.0001026818268518,0.1298,0.0267347943432531,0.1306252706191766,0.0433631529911275,3.13464093208313,0.0,0.0,3.13464093208313,0.1298
cifar,iid,20,2025,3,10,0.7168639898300171,0.0171752468897746,0.2400611620795107,-0.030681559162468,1.0,0.0,0.8350444444444445,0.0,,0.9832379678242678,0.0,0.0,0.1298,0.0267347943432531,0.1306252706191766,0.0433631529911275,3.13464093208313,0.0,0.0,3.13464093208313,0.1298
cifar,iid,20,2025,3,11,0.7168639898300171,0.0,0.2400611620795107,0.0,1.0,0.0,0.8350444444444445,0.0,,0.9832379678242678,0.0,0.0,0.1298,0.0267347943432531,0.1306252706191766,0.0433631529911275,3.13464093208313,0.0,0.0,3.13464093208313,0.1298
cifar,iid,20,2025,3,12,0.7168639898300171,0.0,0.2400611620795107,0.0,1.0,0.0,0.8350444444444445,0.0,,0.9832379678242678,0.0,0.0,0.1298,0.0267347943432531,0.1306252706191766,0.0433631529911275,3.13464093208313,0.0,0.0,3.13464093208313,0.1298
cifar,iid,20,2025,3,13,0.7168639898300171,0.0,0.2400611620795107,0.0,1.0,0.0,0.8350444444444445,0.0,,0.9832379678242678,0.0,0.0,0.1298,0.0267347943432531,0.1306252706191766,0.0433631529911275,3.13464093208313,0.0,0.0,3.13464093208313,0.1298
cifar,iid,20,2025,3,14,0.7168639898300171,0.0,0.2400611620795107,0.0,1.0,0.0,0.8350444444444445,0.0,,0.9832379678242678,0.0,0.0,0.1298,0.0267347943432531,0.1306252706191766,0.0433631529911275,3.13464093208313,0.0,0.0039146788990825,3.13464093208313,0.1298
cifar,iid,20,2025,3,15,0.7168639898300171,0.0,0.2400611620795107,0.0,1.0,0.0,0.8350444444444445,0.0,,0.9832379678242678,0.0,0.0,0.1298,0.0267347943432531,0.1306252706191766,0.0433631529911275,3.13464093208313,0.0,0.0,3.13464093208313,0.1298
cifar,iid,20,2025,3,16,0.7168639898300171,0.0,0.2400611620795107,0.0,1.0,0.0,0.8350444444444445,0.0,,0.9832379678242678,0.0,0.0,0.1298,0.0267347943432531,0.1306252706191766,0.0433631529911275,3.13464093208313,0.0,0.0,3.13464093208313,0.1298
cifar,iid,20,2025,3,17,0.7168639898300171,0.0,0.2400611620795107,0.0,1.0,0.0,0.8350444444444445,0.0,,0.9832379678242678,0.0,0.0,0.1298,0.0267347943432531,0.1306252706191766,0.0433631529911275,3.13464093208313,0.0,0.0,3.13464093208313,0.1298
cifar,iid,20,2025,3,18,0.7168639898300171,0.0,0.2400611620795107,0.0,1.0,0.0,0.8350444444444445,0.0,,0.9832379678242678,0.0,0.0,0.1298,0.0267347943432531,0.1306252706191766,0.0433631529911275,3.13464093208313,0.0,0.0,3.13464093208313,0.1298
cifar,iid,20,2025,3,19,0.7168639898300171,0.0,0.2400611620795107,0.0,1.0,0.0,0.8350444444444445,0.0,,0.9832379678242678,-0.0002009336389294,0.0002009336389294,0.1298,0.0267347943432531,0.1306252706191766,0.0433631529911275,3.13464093208313,0.0,0.0,3.13464093208313,0.1298
cifar,iid,20,2025,4,0,0.6629500389099121,0.0,0.2206095791001451,0.0,1.0,0.0,0.7933111111111111,0.0,,0.9747053006988504,0.0023448820298884,0.0023448820298884,0.1364,0.1116511625593845,0.1367390023070641,0.0490691801494924,3.1616809368133545,0.0,0.0,3.1616809368133545,0.1364
cifar,iid,20,2025,4,1,0.6629500389099121,0.0,0.2206095791001451,0.0,1.0,0.0,0.7933111111111111,0.0,,0.9747053006988504,0.0,0.0,0.1364,0.1116511625593845,0.1367390023070641,0.0490691801494924,3.1616809368133545,-0.0412683950151715,0.0,3.1616809368133545,0.1364
cifar,iid,20,2025,4,2,0.6629500389099121,0.0,0.2206095791001451,0.0,1.0,0.0,0.7933111111111111,0.0049107781939242,,0.9747053006988504,0.0,0.0,0.1364,0.1116511625593845,0.1367390023070641,0.0490691801494924,3.1616809368133545,0.0,0.0,3.1616809368133545,0.1364
cifar,iid,20,2025,4,3,0.6629500389099121,0.0,0.2206095791001451,0.0,1.0,0.0,0.7933111111111111,0.0,,0.9747053006988504,0.0,0.0,0.1364,0.1116511625593845,0.1367390023070641,0.0490691801494924,3.1616809368133545,0.0,0.0,3.1616809368133545,0.1364
cifar,iid,20,2025,4,4,0.6629500389099121,0.0,0.2206095791001451,0.0,1.0,0.0,0.7933111111111111,0.0,,0.9747053006988504,0.0,0.0,0.1364,0.1116511625593845,0.1367390023070641,0.0490691801494924,3.1616809368133545,0.0,0.0,3.1616809368133545,0.1364
cifar,iid,20,2025,4,5,0.6629500389099121,0.0,0.2206095791001451,0.0,1.0,0.0,0.7933111111111111,0.0,,0.9747053006988504,0.0,0.0,0.1364,0.1116511625593845,0.1367390023070641,0.0490691801494924,3.1616809368133545,0.0,0.0,3.1616809368133545,0.1364
cifar,iid,20,2025,4,6,0.6629500389099121,0.0,0.2206095791001451,0.0,1.0,0.0,0.7933111111111111,0.0,,0.9747053006988504,0.0,0.0,0.1364,0.1116511625593845,0.1367390023070641,0.0490691801494924,3.1616809368133545,0.0,0.0,3.1616809368133545,0.1364
cifar,iid,20,2025,4,7,0.6629500389099121,0.0,0.2206095791001451,0.0,1.0,0.0,0.7933111111111111,0.0,,0.9747053006988504,0.0,0.0,0.1364,0.1116511625593845,0.1367390023070641,0.0490691801494924,3.1616809368133545,0.0,0.0,3.1616809368133545,0.1364
cifar,iid,20,2025,4,8,0.6629500389099121,0.0,0.2206095791001451,0.0,1.0,0.0,0.7933111111111111,0.0,,0.9747053006988504,0.0,0.0,0.1364,0.1116511625593845,0.1367390023070641,0.0490691801494924,3.1616809368133545,0.0,0.0,3.1616809368133545,0.1364
cifar,iid,20,2025,4,9,0.6629500389099121,0.0,0.2206095791001451,0.0265394806111198,1.0,0.0,0.7933111111111111,0.0,,0.9747053006988504,0.0,0.0,0.1364,0.1116511625593845,0.1367390023070641,0.0490691801494924,3.1616809368133545,0.0,0.0,3.1616809368133545,0.1364
cifar,iid,20,2025,4,10,0.6629500389099121,0.0316672956943512,0.2206095791001451,0.0,1.0,0.0,0.7933111111111111,0.0,,0.9747053006988504,0.002362947555581,0.002362947555581,0.1364,0.1116511625593845,0.1367390023070641,0.0490691801494924,3.1616809368133545,0.0,0.0,3.1616809368133545,0.1364
cifar,iid,20,2025,4,11,0.6629500389099121,0.0,0.2206095791001451,0.0,1.0,0.0,0.7933111111111111,0.0,,0.9747053006988504,0.0,0.0,0.1364,0.1116511625593845,0.1367390023070641,0.0490691801494924,3.1616809368133545,0.0,0.0,3.1616809368133545,0.1364
cifar,iid,20,2025,4,12,0.6629500389099121,0.0,0.2206095791001451,0.0,1.0,0.0,0.7933111111111111,0.0,,0.9747053006988504,0.0,0.0,0.1364,0.1116511625593845,0.1367390023070641,0.0490691801494924,3.1616809368133545,-0.0422414861406598,0.0,3.1616809368133545,0.1364
cifar,iid,20,2025,4,13,0.6629500389099121,0.0,0.2206095791001451,0.0,1.0,0.0,0.7933111111111111,-0.0019732001664585,,0.9747053006988504,0.0020694299200335,0.0020694299200335,0.1364,0.1116511625593845,0.1367390023070641,0.0490691801494924,3.1616809368133545,0.0,0.0,3.1616809368133545,0.1364
cifar,iid,20,2025,4,14,0.6629500389099121,0.0,0.2206095791001451,0.0,1.0,0.0,0.7933111111111111,0.0,,0.9747053006988504,0.0,0.0,0.1364,0.1116511625593845,0.1367390023070641,0.0490691801494924,3.1616809368133545,0.0,0.0039391304347826,3.1616809368133545,0.1364
cifar,iid,20,2025,4,15,0.6629500389099121,0.0,0.2206095791001451,0.0,1.0,0.0,0.7933111111111111,-0.0024483562213899,,0.9747053006988504,0.0,0.0,0.1364,0.1116511625593845,0.1367390023070641,0.0490691801494924,3.1616809368133545,0.0,0.0,3.1616809368133545,0.1364
cifar,iid,20,2025,4,16,0.6629500389099121,0.0,0.2206095791001451,0.0,1.0,0.0,0.7933111111111111,0.0,,0.9747053006988504,0.0,0.0,0.1364,0.1116511625593845,0.1367390023070641,0.0490691801494924,3.1616809368133545,0.0,0.0,3.1616809368133545,0.1364
cifar,iid,20,2025,4,17,0.6629500389099121,0.0,0.2206095791001451,0.0,1.0,0.0,0.7933111111111111,0.0,,0.9747053006988504,0.0006412746735809,0.0006412746735809,0.1364,0.1116511625593845,0.1367390023070641,0.0490691801494924,3.1616809368133545,0.0,0.0,3.1616809368133545,0.1364
cifar,iid,20,2025,4,18,0.6629500389099121,0.0,0.2206095791001451,0.0,1.0,0.0,0.7933111111111111,0.0,,0.9747053006988504,0.0016769371411862,0.0016769371411862,0.1364,0.1116511625593845,0.1367390023070641,0.0490691801494924,3.1616809368133545,0.0,0.0,3.1616809368133545,0.1364
cifar,iid,20,2025,4,19,0.6629500389099121,0.0,0.2206095791001451,0.0203632305147163,1.0,0.0,0.7933111111111111,0.0,,0.9747053006988504,0.0,0.0,0.1364,0.1116511625593845,0.1367390023070641,0.0490691801494924,3.1616809368133545,0.0,0.0,3.1616809368133545,0.1364
cifar,iid,20,2025,5,0,0.6432980298995972,0.0,0.2202304737516005,0.0,1.0,0.0,0.7894222222222225,0.0,,0.9702291155470296,0.0019563745482496,0.0019563745482496,0.156,0.3532856714918219,0.1560069695031592,0.0740032571095765,2.957900047302246,0.0,0.0,2.957900047302246,0.156
cifar,iid,20,2025,5,1,0.6432980298995972,0.0,0.2202304737516005,0.0,1.0,0.0,0.7894222222222225,0.003140369261477,,0.9702291155470296,0.0,0.0,0.156,0.3532856714918219,0.1560069695031592,0.0740032571095765,2.957900047302246,0.0,0.005038062283737,2.957900047302246,0.156
cifar,iid,20,2025,5,2,0.6432980298995972,0.0,0.2202304737516005,0.0,1.0,0.0,0.7894222222222225,0.0004471057884231,,0.9702291155470296,0.0,0.0,0.156,0.3532856714918219,0.1560069695031592,0.0740032571095765,2.957900047302246,0.0,0.0,2.957900047302246,0.156
cifar,iid,20,2025,5,3,0.6432980298995972,0.0,0.2202304737516005,0.0,1.0,0.0,0.7894222222222225,0.0041039088489687,,0.9702291155470296,0.0,0.0,0.156,0.3532856714918219,0.1560069695031592,0.0740032571095765,2.957900047302246,0.0,0.0,2.957900047302246,0.156
cifar,iid,20,2025,5,4,0.6432980298995972,0.0,0.2202304737516005,0.0,1.0,0.0,0.7894222222222225,0.0009157185628742,,0.9702291155470296,0.0,0.0,0.156,0.3532856714918219,0.1560069695031592,0.0740032571095765,2.957900047302246,0.0,0.0,2.957900047302246,0.156
cifar,iid,20,2025,5,5,0.6432980298995972,0.0,0.2202304737516005,0.0,1.0,0.0,0.7894222222222225,0.0023080671989354,,0.9702291155470296,0.0,0.0,0.156,0.3532856714918219,0.1560069695031592,0.0740032571095765,2.957900047302246,0.0,0.0,2.957900047302246,0.156
cifar,iid,20,2025,5,6,0.6432980298995972,0.0,0.2202304737516005,0.0,1.0,0.0,0.7894222222222225,-0.0038902860944777,,0.9702291155470296,0.0,0.0,0.156,0.3532856714918219,0.1560069695031592,0.0740032571095765,2.957900047302246,0.0,0.0,2.957900047302246,0.156
cifar,iid,20,2025,5,7,0.6432980298995972,0.0,0.2202304737516005,0.0,1.0,0.0,0.7894222222222225,0.0026584165003326,,0.9702291155470296,0.0,0.0,0.156,0.3532856714918219,0.1560069695031592,0.0740032571095765,2.957900047302246,0.0,0.0,2.957900047302246,0.156
cifar,iid,20,2025,5,8,0.6432980298995972,0.0121655212946174,0.2202304737516005,0.0,1.0,0.0,0.7894222222222225,0.0,,0.9702291155470296,0.0019598503972495,0.0019598503972495,0.156,0.3532856714918219,0.1560069695031592,0.0740032571095765,2.957900047302246,0.0,0.0,2.957900047302246,0.156
cifar,iid,20,2025,5,9,0.6432980298995972,0.0,0.2202304737516005,0.0,1.0,0.0,0.7894222222222225,0.0,,0.9702291155470296,0.0,0.0,0.156,0.3532856714918219,0.1560069695031592,0.0740032571095765,2.957900047302246,0.0,0.0,2.957900047302246,0.156
cifar,iid,20,2025,5,10,0.6432980298995972,0.0,0.2202304737516005,0.0,1.0,0.0,0.7894222222222225,0.0,,0.9702291155470296,0.0,0.0,0.156,0.3532856714918219,0.1560069695031592,0.0740032571095765,2.957900047302246,0.0,0.0,2.957900047302246,0.156
cifar,iid,20,2025,5,11,0.6432980298995972,0.0,0.2202304737516005,0.0,1.0,0.0,0.7894222222222225,0.0,,0.9702291155470296,0.0,0.0,0.156,0.3532856714918219,0.1560069695031592,0.0740032571095765,2.957900047302246,0.0,0.0,2.957900047302246,0.156
cifar,iid,20,2025,5,12,0.6432980298995972,0.0,0.2202304737516005,0.0,1.0,0.0,0.7894222222222225,0.0020404856952761,,0.9702291155470296,0.0,0.0,0.156,0.3532856714918219,0.1560069695031592,0.0740032571095765,2.957900047302246,-0.063150348433529,0.0,2.957900047302246,0.156
cifar,iid,20,2025,5,13,0.6432980298995972,0.0,0.2202304737516005,0.0,1.0,0.0,0.7894222222222225,0.0,,0.9702291155470296,0.0,0.0,0.156,0.3532856714918219,0.1560069695031592,0.0740032571095765,2.957900047302246,0.0,0.0,2.957900047302246,0.156
cifar,iid,20,2025,5,14,0.6432980298995972,0.0,0.2202304737516005,0.0,1.0,0.0,0.7894222222222225,-0.0001435462408516,,0.9702291155470296,0.0,0.0,0.156,0.3532856714918219,0.1560069695031592,0.0740032571095765,2.957900047302246,0.0,0.0,2.957900047302246,0.156
cifar,iid,20,2025,5,15,0.6432980298995972,0.0,0.2202304737516005,0.0,1.0,0.0,0.7894222222222225,-0.0005213073852295,,0.9702291155470296,0.0,0.0,0.156,0.3532856714918219,0.1560069695031592,0.0740032571095765,2.957900047302246,0.0,0.0,2.957900047302246,0.156
cifar,iid,20,2025,5,16,0.6432980298995972,0.0,0.2202304737516005,0.0,1.0,0.0,0.7894222222222225,0.0034214238190285,,0.9702291155470296,0.0,0.0,0.156,0.3532856714918219,0.1560069695031592,0.0740032571095765,2.957900047302246,0.0,0.0,2.957900047302246,0.156
cifar,iid,20,2025,5,17,0.6432980298995972,0.0,0.2202304737516005,0.0,1.0,0.0,0.7894222222222225,0.0,,0.9702291155470296,0.0,0.0,0.156,0.3532856714918219,0.1560069695031592,0.0740032571095765,2.957900047302246,0.0,0.0,2.957900047302246,0.156
cifar,iid,20,2025,5,18,0.6432980298995972,0.0,0.2202304737516005,0.0,1.0,0.0,0.7894222222222225,0.0008053892215568,,0.9702291155470296,0.0,0.0,0.156,0.3532856714918219,0.1560069695031592,0.0740032571095765,2.957900047302246,0.0,0.0,2.957900047302246,0.156
cifar,iid,20,2025,5,19,0.6432980298995972,0.0,0.2202304737516005,0.0,1.0,0.0,0.7894222222222225,-0.0008514471057884,,0.9702291155470296,0.0,0.0,0.156,0.3532856714918219,0.1560069695031592,0.0740032571095765,2.957900047302246,0.0,0.0,2.957900047302246,0.156
cifar,iid,20,2025,6,0,0.5970399975776672,0.0,0.1656626506024096,0.0,1.0,0.0,0.7570888888888887,0.0,,0.9742026950871367,0.0,0.0,0.2004,0.3656489183642301,0.2002106128757824,0.1370544188536066,2.643695831298828,0.0,0.0,2.643695831298828,0.2004
cifar,iid,20,2025,6,1,0.5970399975776672,0.0,0.1656626506024096,0.0,1.0,0.0,0.7570888888888887,0.0,,0.9742026950871367,0.0,0.0,0.2004,0.3656489183642301,0.2002106128757824,0.1370544188536066,2.643695831298828,0.0,0.0122123809523809,2.643695831298828,0.2004
cifar,iid,20,2025,6,2,0.5970399975776672,0.0,0.1656626506024096,0.0,1.0,0.0,0.7570888888888887,-0.0025951754385964,,0.9742026950871367,0.0,0.0,0.2004,0.3656489183642301,0.2002106128757824,0.1370544188536066,2.643695831298828,0.0,0.0,2.643695831298828,0.2004
cifar,iid,20,2025,6,3,0.5970399975776672,0.0,0.1656626506024096,0.0,1.0,0.0,0.7570888888888887,0.0,,0.9742026950871367,0.0,0.0,0.2004,0.3656489183642301,0.2002106128757824,0.1370544188536066,2.643695831298828,0.0,0.0,2.643695831298828,0.2004
cifar,iid,20,2025,6,4,0.5970399975776672,0.0,0.1656626506024096,0.0,1.0,0.0,0.7570888888888887,0.0,,0.9742026950871367,0.0,0.0,0.2004,0.3656489183642301,0.2002106128757824,0.1370544188536066,2.643695831298828,0.0,0.0,2.643695831298828,0.2004
cifar,iid,20,2025,6,5,0.5970399975776672,0.0,0.1656626506024096,0.0,1.0,0.0,0.7570888888888887,0.0,,0.9742026950871367,0.0,0.0,0.2004,0.3656489183642301,0.2002106128757824,0.1370544188536066,2.643695831298828,0.0,0.0,2.643695831298828,0.2004
cifar,iid,20,2025,6,6,0.5970399975776672,0.0,0.1656626506024096,0.0,1.0,0.0,0.7570888888888887,0.0,,0.9742026950871367,0.0,0.0,0.2004,0.3656489183642301,0.2002106128757824,0.1370544188536066,2.643695831298828,0.0,0.0,2.643695831298828,0.2004
cifar,iid,20,2025,6,7,0.5970399975776672,0.0,0.1656626506024096,0.0,1.0,0.0,0.7570888888888887,0.0,,0.9742026950871367,0.0,0.0,0.2004,0.3656489183642301,0.2002106128757824,0.1370544188536066,2.643695831298828,0.0,0.0,2.643695831298828,0.2004
cifar,iid,20,2025,6,8,0.5970399975776672,0.0610834365351158,0.1656626506024096,0.0359293256377676,1.0,0.0,0.7570888888888887,0.0,,0.9742026950871367,0.0029552733527694,0.0029552733527694,0.2004,0.3656489183642301,0.2002106128757824,0.1370544188536066,2.643695831298828,0.0,0.0,2.643695831298828,0.2004
cifar,iid,20,2025,6,9,0.5970399975776672,0.0,0.1656626506024096,0.0,1.0,0.0,0.7570888888888887,0.0,,0.9742026950871367,0.0,0.0,0.2004,0.3656489183642301,0.2002106128757824,0.1370544188536066,2.643695831298828,0.0,0.0,2.643695831298828,0.2004
cifar,iid,20,2025,6,10,0.5970399975776672,0.0,0.1656626506024096,0.0,1.0,0.0,0.7570888888888887,0.0,,0.9742026950871367,0.0,0.0,0.2004,0.3656489183642301,0.2002106128757824,0.1370544188536066,2.643695831298828,0.0,0.0,2.643695831298828,0.2004
cifar,iid,20,2025,6,11,0.5970399975776672,0.0,0.1656626506024096,0.0,1.0,0.0,0.7570888888888887,0.0008686322287199,,0.9742026950871367,0.0,0.0,0.2004,0.3656489183642301,0.2002106128757824,0.1370544188536066,2.643695831298828,-0.0535207636216107,0.0,2.643695831298828,0.2004
cifar,iid,20,2025,6,12,0.5970399975776672,0.0,0.1656626506024096,0.0,1.0,0.0,0.7570888888888887,-0.0029855263157894,,0.9742026950871367,0.0,0.0,0.2004,0.3656489183642301,0.2002106128757824,0.1370544188536066,2.643695831298828,0.0,0.0,2.643695831298828,0.2004
cifar,iid,20,2025,6,13,0.5970399975776672,0.0,0.1656626506024096,0.0,1.0,0.0,0.7570888888888887,0.0034546133853151,,0.9742026950871367,0.0,0.0,0.2004,0.3656489183642301,0.2002106128757824,0.1370544188536066,2.643695831298828,0.0,0.0,2.643695831298828,0.2004
cifar,iid,20,2025,6,14,0.5970399975776672,0.0,0.1656626506024096,0.0,1.0,0.0,0.7570888888888887,0.0,,0.9742026950871367,0.0,0.0,0.2004,0.3656489183642301,0.2002106128757824,0.1370544188536066,2.643695831298828,0.0,0.0,2.643695831298828,0.2004
cifar,iid,20,2025,6,15,0.5970399975776672,0.0,0.1656626506024096,0.0,1.0,0.0,0.7570888888888887,0.0,,0.9742026950871367,0.0,0.0,0.2004,0.3656489183642301,0.2002106128757824,0.1370544188536066,2.643695831298828,0.0,0.0,2.643695831298828,0.2004
cifar,iid,20,2025,6,16,0.5970399975776672,0.0,0.1656626506024096,0.0,1.0,0.0,0.7570888888888887,0.0034923976608187,,0.9742026950871367,0.0,0.0,0.2004,0.3656489183642301,0.2002106128757824,0.1370544188536066,2.643695831298828,0.0,0.0,2.643695831298828,0.2004
cifar,iid,20,2025,6,17,0.5970399975776672,0.0,0.1656626506024096,0.0,1.0,0.0,0.7570888888888887,-0.0021296946068875,,0.9742026950871367,0.0,0.0,0.2004,0.3656489183642301,0.2002106128757824,0.1370544188536066,2.643695831298828,0.0,0.0,2.643695831298828,0.2004
cifar,iid,20,2025,6,18,0.5970399975776672,0.0,0.1656626506024096,0.0,1.0,0.0,0.7570888888888887,-0.0014029077322936,,0.9742026950871367,0.0,0.0,0.2004,0.3656489183642301,0.2002106128757824,0.1370544188536066,2.643695831298828,0.0,0.0022171428571428,2.643695831298828,0.2004
cifar,iid,20,2025,6,19,0.5970399975776672,0.0,0.1656626506024096,0.0,1.0,0.0,0.7570888888888887,-0.0029346328784925,,0.9742026950871367,0.0,0.0,0.2004,0.3656489183642301,0.2002106128757824,0.1370544188536066,2.643695831298828,0.0,0.0,2.643695831298828,0.2004
cifar,iid,20,2025,7,0,0.4460319876670837,0.0,0.1239002932551319,0.0,0.9982956966340008,0.0,0.7505111111111109,-0.002872039645279,,0.957728252626489,0.0,0.0,0.2678,0.6196527017175801,0.2683979524603296,0.2234018451600749,2.2775981426239014,0.0,0.0,2.2775981426239014,0.2678
cifar,iid,20,2025,7,1,0.4460319876670837,0.0,0.1239002932551319,0.0,0.9982956966340008,0.0,0.7505111111111109,0.0002463223787167,,0.957728252626489,0.0,0.0,0.2678,0.6196527017175801,0.2683979524603296,0.2234018451600749,2.2775981426239014,0.0,0.0,2.2775981426239014,0.2678
cifar,iid,20,2025,7,2,0.4460319876670837,0.0,0.1239002932551319,0.0,0.9982956966340008,0.0003227151081733,0.7505111111111109,0.0007482107459572,,0.957728252626489,0.0,0.0,0.2678,0.6196527017175801,0.2683979524603296,0.2234018451600749,2.2775981426239014,0.0,0.0,2.2775981426239014,0.2678
cifar,iid,20,2025,7,3,0.4460319876670837,0.0,0.1239002932551319,0.0,0.9982956966340008,0.0,0.7505111111111109,0.0043452060511215,,0.957728252626489,0.0,0.0,0.2678,0.6196527017175801,0.2683979524603296,0.2234018451600749,2.2775981426239014,0.0,0.0,2.2775981426239014,0.2678
cifar,iid,20,2025,7,4,0.4460319876670837,0.0,0.1239002932551319,0.0,0.9982956966340008,0.0,0.7505111111111109,0.0,,0.957728252626489,0.0,0.0,0.2678,0.6196527017175801,0.2683979524603296,0.2234018451600749,2.2775981426239014,0.0,0.0,2.2775981426239014,0.2678
cifar,iid,20,2025,7,5,0.4460319876670837,0.0,0.1239002932551319,0.0,0.9982956966340008,0.0,0.7505111111111109,-0.0004251330203442,,0.957728252626489,0.0,0.0,0.2678,0.6196527017175801,0.2683979524603296,0.2234018451600749,2.2775981426239014,0.0,0.0,2.2775981426239014,0.2678
cifar,iid,20,2025,7,6,0.4460319876670837,0.0,0.1239002932551319,0.0,0.9982956966340008,0.0,0.7505111111111109,-0.0019471257172665,,0.957728252626489,0.0,0.0,0.2678,0.6196527017175801,0.2683979524603296,0.2234018451600749,2.2775981426239014,0.0,0.0,2.2775981426239014,0.2678
cifar,iid,20,2025,7,7,0.4460319876670837,0.0,0.1239002932551319,0.0,0.9982956966340008,0.0,0.7505111111111109,0.0002475221700574,,0.957728252626489,0.0,0.0,0.2678,0.6196527017175801,0.2683979524603296,0.2234018451600749,2.2775981426239014,0.0,0.0111449999999999,2.2775981426239014,0.2678
cifar,iid,20,2025,7,8,0.4460319876670837,0.0807835729198252,0.1239002932551319,0.0352837130861087,0.9982956966340008,0.0,0.7505111111111109,0.0,,0.957728252626489,0.0038947129701116,0.0038947129701116,0.2678,0.6196527017175801,0.2683979524603296,0.2234018451600749,2.2775981426239014,0.0,0.0,2.2775981426239014,0.2678
cifar,iid,20,2025,7,9,0.4460319876670837,0.0,0.1239002932551319,0.0,0.9982956966340008,0.0,0.7505111111111109,0.0,,0.957728252626489,0.0,0.0,0.2678,0.6196527017175801,0.2683979524603296,0.2234018451600749,2.2775981426239014,0.0,0.0,2.2775981426239014,0.2678
cifar,iid,20,2025,7,10,0.4460319876670837,0.0,0.1239002932551319,0.0,0.9982956966340008,0.0,0.7505111111111109,0.0,,0.957728252626489,0.0,0.0,0.2678,0.6196527017175801,0.2683979524603296,0.2234018451600749,2.2775981426239014,0.0,0.0,2.2775981426239014,0.2678
cifar,iid,20,2025,7,11,0.4460319876670837,0.0,0.1239002932551319,0.0,0.9982956966340008,0.0,0.7505111111111109,-0.0055088784559207,,0.957728252626489,0.0,0.0,0.2678,0.6196527017175801,0.2683979524603296,0.2234018451600749,2.2775981426239014,-0.0749215910343524,0.0106224999999999,2.2775981426239014,0.2678
cifar,iid,20,2025,7,12,0.4460319876670837,0.0,0.1239002932551319,0.0,0.9982956966340008,0.0,0.7505111111111109,0.0,,0.957728252626489,0.0,0.0,0.2678,0.6196527017175801,0.2683979524603296,0.2234018451600749,2.2775981426239014,0.0,0.0,2.2775981426239014,0.2678
cifar,iid,20,2025,7,13,0.4460319876670837,0.0,0.1239002932551319,0.0,0.9982956966340008,0.0,0.7505111111111109,0.0017415753781951,,0.957728252626489,0.0,0.0,0.2678,0.6196527017175801,0.2683979524603296,0.2234018451600749,2.2775981426239014,0.0,0.0,2.2775981426239014,0.2678
cifar,iid,20,2025,7,14,0.4460319876670837,0.0,0.1239002932551319,0.0,0.9982956966340008,0.0,0.7505111111111109,0.0,,0.957728252626489,0.0,0.0,0.2678,0.6196527017175801,0.2683979524603296,0.2234018451600749,2.2775981426239014,0.0,0.0,2.2775981426239014,0.2678
cifar,iid,20,2025,7,15,0.4460319876670837,0.0,0.1239002932551319,0.0,0.9982956966340008,0.0,0.7505111111111109,-0.010678435054773,,0.957728252626489,0.0,0.0,0.2678,0.6196527017175801,0.2683979524603296,0.2234018451600749,2.2775981426239014,0.0,0.0,2.2775981426239014,0.2678
cifar,iid,20,2025,7,16,0.4460319876670837,0.0,0.1239002932551319,0.0,0.9982956966340008,0.0,0.7505111111111109,0.0081603651538862,,0.957728252626489,0.0,0.0,0.2678,0.6196527017175801,0.2683979524603296,0.2234018451600749,2.2775981426239014,0.0,0.0,2.2775981426239014,0.2678
cifar,iid,20,2025,7,17,0.4460319876670837,0.0,0.1239002932551319,0.0,0.9982956966340008,0.0,0.7505111111111109,0.0,,0.957728252626489,0.0,0.0,0.2678,0.6196527017175801,0.2683979524603296,0.2234018451600749,2.2775981426239014,0.0,0.0,2.2775981426239014,0.2678
cifar,iid,20,2025,7,18,0.4460319876670837,0.0,0.1239002932551319,0.0,0.9982956966340008,0.0,0.7505111111111109,0.0,,0.957728252626489,0.0,0.0,0.2678,0.6196527017175801,0.2683979524603296,0.2234018451600749,2.2775981426239014,0.0,0.0,2.2775981426239014,0.2678
cifar,iid,20,2025,7,19,0.4460319876670837,0.0,0.1239002932551319,0.0,0.9982956966340008,0.0,0.7505111111111109,-0.0063614188836723,,0.957728252626489,0.0,0.0,0.2678,0.6196527017175801,0.2683979524603296,0.2234018451600749,2.2775981426239014,0.0,0.0,2.2775981426239014,0.2678
cifar,iid,20,2025,8,0,0.3213739991188049,0.0,0.1056581986143187,0.0,0.9887089902002556,0.0,0.7785555555555557,-0.0079381837606837,,0.9525195570789848,0.0,0.0,0.3452,0.6162422840486592,0.3458205600524323,0.3216410199659679,1.953614830970764,0.0,0.0,1.953614830970764,0.3452
cifar,iid,20,2025,8,1,0.3213739991188049,0.0,0.1056581986143187,0.0,0.9887089902002556,0.0,0.7785555555555557,-0.0020012606837606,,0.9525195570789848,0.0,0.0,0.3452,0.6162422840486592,0.3458205600524323,0.3216410199659679,1.953614830970764,0.0,0.0,1.953614830970764,0.3452
cifar,iid,20,2025,8,2,0.3213739991188049,0.0,0.1056581986143187,0.0,0.9887089902002556,0.0,0.7785555555555557,0.0,,0.9525195570789848,0.0,0.0,0.3452,0.6162422840486592,0.3458205600524323,0.3216410199659679,1.953614830970764,0.0,0.0,1.953614830970764,0.3452
cifar,iid,20,2025,8,3,0.3213739991188049,0.0,0.1056581986143187,0.0,0.9887089902002556,0.0,0.7785555555555557,0.0017583974358974,,0.9525195570789848,0.0,0.0,0.3452,0.6162422840486592,0.3458205600524323,0.3216410199659679,1.953614830970764,0.0,0.0,1.953614830970764,0.3452
cifar,iid,20,2025,8,4,0.3213739991188049,0.0,0.1056581986143187,0.0,0.9887089902002556,0.0,0.7785555555555557,0.0,,0.9525195570789848,0.0,0.0,0.3452,0.6162422840486592,0.3458205600524323,0.3216410199659679,1.953614830970764,0.0,0.0,1.953614830970764,0.3452
cifar,iid,20,2025,8,5,0.3213739991188049,0.0,0.1056581986143187,0.0,0.9887089902002556,0.0,0.7785555555555557,0.0,,0.9525195570789848,0.0,0.0,0.3452,0.6162422840486592,0.3458205600524323,0.3216410199659679,1.953614830970764,0.0,0.0,1.953614830970764,0.3452
cifar,iid,20,2025,8,6,0.3213739991188049,0.0,0.1056581986143187,0.0,0.9887089902002556,0.0,0.7785555555555557,0.0,,0.9525195570789848,0.0,0.0,0.3452,0.6162422840486592,0.3458205600524323,0.3216410199659679,1.953614830970764,0.0,0.0224734006734006,1.953614830970764,0.3452
cifar,iid,20,2025,8,7,0.3213739991188049,0.0,0.1056581986143187,0.0,0.9887089902002556,0.0,0.7785555555555557,-0.004367094017094,,0.9525195570789848,0.0,0.0,0.3452,0.6162422840486592,0.3458205600524323,0.3216410199659679,1.953614830970764,0.0,0.0,1.953614830970764,0.3452
cifar,iid,20,2025,8,8,0.3213739991188049,0.0570485672833007,0.1056581986143187,0.0146406011422867,0.9887089902002556,0.0015740087459221,0.7785555555555557,0.0,,0.9525195570789848,0.0045392108088972,0.0045392108088972,0.3452,0.6162422840486592,0.3458205600524323,0.3216410199659679,1.953614830970764,0.0,0.0,1.953614830970764,0.3452
cifar,iid,20,2025,8,9,0.3213739991188049,0.0,0.1056581986143187,0.0,0.9887089902002556,0.0,0.7785555555555557,-0.0032270726495726,,0.9525195570789848,0.0,0.0,0.3452,0.6162422840486592,0.3458205600524323,0.3216410199659679,1.953614830970764,0.0,0.0,1.953614830970764,0.3452
cifar,iid,20,2025,8,10,0.3213739991188049,0.0,0.1056581986143187,0.0,0.9887089902002556,0.0,0.7785555555555557,-0.0123258333333333,,0.9525195570789848,0.0,0.0,0.3452,0.6162422840486592,0.3458205600524323,0.3216410199659679,1.953614830970764,0.0,0.0,1.953614830970764,0.3452
cifar,iid,20,2025,8,11,0.3213739991188049,0.0,0.1056581986143187,0.0,0.9887089902002556,0.0,0.7785555555555557,0.0,,0.9525195570789848,0.0,0.0,0.3452,0.6162422840486592,0.3458205600524323,0.3216410199659679,1.953614830970764,-0.0979418273895017,0.0209542087542087,1.953614830970764,0.3452
cifar,iid,20,2025,8,12,0.3213739991188049,0.0,0.1056581986143187,0.0,0.9887089902002556,0.0,0.7785555555555557,-0.0028799786324786,,0.9525195570789848,0.0,0.0,0.3452,0.6162422840486592,0.3458205600524323,0.3216410199659679,1.953614830970764,0.0,0.0,1.953614830970764,0.3452
cifar,iid,20,2025,8,13,0.3213739991188049,0.0,0.1056581986143187,0.0,0.9887089902002556,0.0,0.7785555555555557,0.0,,0.9525195570789848,0.0,0.0,0.3452,0.6162422840486592,0.3458205600524323,0.3216410199659679,1.953614830970764,0.0,0.0,1.953614830970764,0.3452
cifar,iid,20,2025,8,14,0.3213739991188049,0.0,0.1056581986143187,0.0,0.9887089902002556,0.0,0.7785555555555557,0.0,,0.9525195570789848,0.0,0.0,0.3452,0.6162422840486592,0.3458205600524323,0.3216410199659679,1.953614830970764,0.0,0.0,1.953614830970764,0.3452
cifar,iid,20,2025,8,15,0.3213739991188049,0.0,0.1056581986143187,0.0,0.9887089902002556,0.0,0.7785555555555557,-0.0127470085470085,,0.9525195570789848,0.0,0.0,0.3452,0.6162422840486592,0.3458205600524323,0.3216410199659679,1.953614830970764,0.0,0.0,1.953614830970764,0.3452
cifar,iid,20,2025,8,16,0.3213739991188049,0.0,0.1056581986143187,0.0,0.9887089902002556,0.0,0.7785555555555557,-0.0033555128205128,,0.9525195570789848,0.0,0.0,0.3452,0.6162422840486592,0.3458205600524323,0.3216410199659679,1.953614830970764,0.0,0.0,1.953614830970764,0.3452
cifar,iid,20,2025,8,17,0.3213739991188049,0.0,0.1056581986143187,0.0,0.9887089902002556,0.0,0.7785555555555557,0.0,,0.9525195570789848,0.0,0.0,0.3452,0.6162422840486592,0.3458205600524323,0.3216410199659679,1.953614830970764,0.0,0.0,1.953614830970764,0.3452
cifar,iid,20,2025,8,18,0.3213739991188049,0.0,0.1056581986143187,0.0,0.9887089902002556,0.0,0.7785555555555557,0.0,,0.9525195570789848,0.0,0.0,0.3452,0.6162422840486592,0.3458205600524323,0.3216410199659679,1.953614830970764,0.0,0.0,1.953614830970764,0.3452
cifar,iid,20,2025,8,19,0.3213739991188049,0.0,0.1056581986143187,0.0,0.9887089902002556,0.0,0.7785555555555557,-0.004088141025641,,0.9525195570789848,0.0,0.0,0.3452,0.6162422840486592,0.3458205600524323,0.3216410199659679,1.953614830970764,0.0,0.0,1.953614830970764,0.3452
cifar,iid,20,2025,9,0,0.2771239876747131,0.0,0.0841949778434268,0.0,0.9816105109846808,0.0,0.6489777777777779,0.0,,0.9416790344176402,0.0,0.0,0.4106,0.6169142593039341,0.412075970590141,0.4029649873173628,1.705040454864502,0.0,0.0,1.705040454864502,0.4106
cifar,iid,20,2025,9,1,0.2771239876747131,0.0,0.0841949778434268,0.0,0.9816105109846808,0.0,0.6489777777777779,0.0,,0.9416790344176402,0.0,0.0,0.4106,0.6169142593039341,0.412075970590141,0.4029649873173628,1.705040454864502,0.0,0.0,1.705040454864502,0.4106
cifar,iid,20,2025,9,2,0.2771239876747131,0.0,0.0841949778434268,0.0,0.9816105109846808,0.0,0.6489777777777779,0.0,,0.9416790344176402,0.0,0.0,0.4106,0.6169142593039341,0.412075970590141,0.4029649873173628,1.705040454864502,0.0,0.0,1.705040454864502,0.4106
cifar,iid,20,2025,9,3,0.2771239876747131,0.0,0.0841949778434268,0.0,0.9816105109846808,0.0,0.6489777777777779,0.0,,0.9416790344176402,0.0,0.0,0.4106,0.6169142593039341,0.412075970590141,0.4029649873173628,1.705040454864502,0.0,0.0,1.705040454864502,0.4106
cifar,iid,20,2025,9,4,0.2771239876747131,0.0,0.0841949778434268,0.0,0.9816105109846808,0.0,0.6489777777777779,0.0,,0.9416790344176402,0.0,0.0,0.4106,0.6169142593039341,0.412075970590141,0.4029649873173628,1.705040454864502,0.0,0.0,1.705040454864502,0.4106
cifar,iid,20,2025,9,5,0.2771239876747131,0.0,0.0841949778434268,0.0,0.9816105109846808,0.0,0.6489777777777779,0.0,,0.9416790344176402,0.0,0.0,0.4106,0.6169142593039341,0.412075970590141,0.4029649873173628,1.705040454864502,0.0,0.0,1.705040454864502,0.4106
cifar,iid,20,2025,9,6,0.2771239876747131,0.0,0.0841949778434268,0.0,0.9816105109846808,0.0,0.6489777777777779,0.0,,0.9416790344176402,0.0,0.0,0.4106,0.6169142593039341,0.412075970590141,0.4029649873173628,1.705040454864502,0.0,0.0,1.705040454864502,0.4106
cifar,iid,20,2025,9,7,0.2771239876747131,0.0,0.0841949778434268,0.0,0.9816105109846808,8.647904334513419e-05,0.6489777777777779,0.0,,0.9416790344176402,0.0,0.0,0.4106,0.6169142593039341,0.412075970590141,0.4029649873173628,1.705040454864502,0.0,0.0184813953488372,1.705040454864502,0.4106
cifar,iid,20,2025,9,8,0.2771239876747131,0.0151696135600407,0.0841949778434268,0.007887864493351,0.9816105109846808,0.0,0.6489777777777779,0.0,,0.9416790344176402,0.002079465647488,0.002079465647488,0.4106,0.6169142593039341,0.412075970590141,0.4029649873173628,1.705040454864502,0.0,0.0,1.705040454864502,0.4106
cifar,iid,20,2025,9,9,0.2771239876747131,0.0,0.0841949778434268,0.0,0.9816105109846808,0.0,0.6489777777777779,0.0,,0.9416790344176402,0.0,0.0,0.4106,0.6169142593039341,0.412075970590141,0.4029649873173628,1.705040454864502,0.0,0.0,1.705040454864502,0.4106
cifar,iid,20,2025,9,10,0.2771239876747131,0.0,0.0841949778434268,0.0,0.9816105109846808,0.0,0.6489777777777779,0.0,,0.9416790344176402,0.0,0.0,0.4106,0.6169142593039341,0.412075970590141,0.4029649873173628,1.705040454864502,0.0,0.0,1.705040454864502,0.4106
cifar,iid,20,2025,9,11,0.2771239876747131,0.0,0.0841949778434268,0.0,0.9816105109846808,0.0,0.6489777777777779,0.0,,0.9416790344176402,0.0,0.0,0.4106,0.6169142593039341,0.412075970590141,0.4029649873173628,1.705040454864502,-0.086459464365893,0.0247348837209302,1.705040454864502,0.4106
cifar,iid,20,2025,9,12,0.2771239876747131,0.0,0.0841949778434268,0.0,0.9816105109846808,0.0,0.6489777777777779,0.0055290139244103,,0.9416790344176402,0.0,0.0,0.4106,0.6169142593039341,0.412075970590141,0.4029649873173628,1.705040454864502,0.0,0.0,1.705040454864502,0.4106
cifar,iid,20,2025,9,13,0.2771239876747131,0.0,0.0841949778434268,0.0,0.9816105109846808,0.0,0.6489777777777779,0.0,,0.9416790344176402,0.0,0.0,0.4106,0.6169142593039341,0.412075970590141,0.4029649873173628,1.705040454864502,0.0,0.0,1.705040454864502,0.4106
cifar,iid,20,2025,9,14,0.2771239876747131,0.0,0.0841949778434268,0.0,0.9816105109846808,-0.0006233811191328,0.6489777777777779,0.0,,0.9416790344176402,0.0,0.0,0.4106,0.6169142593039341,0.412075970590141,0.4029649873173628,1.705040454864502,0.0,0.0,1.705040454864502,0.4106
cifar,iid,20,2025,9,15,0.2771239876747131,0.0,0.0841949778434268,0.0,0.9816105109846808,0.0,0.6489777777777779,0.0,,0.9416790344176402,0.0,0.0,0.4106,0.6169142593039341,0.412075970590141,0.4029649873173628,1.705040454864502,0.0,0.0,1.705040454864502,0.4106
cifar,iid,20,2025,9,16,0.2771239876747131,0.0,0.0841949778434268,0.0,0.9816105109846808,0.0,0.6489777777777779,0.0,,0.9416790344176402,0.0,0.0,0.4106,0.6169142593039341,0.412075970590141,0.4029649873173628,1.705040454864502,0.0,0.0,1.705040454864502,0.4106
cifar,iid,20,2025,9,17,0.2771239876747131,0.0,0.0841949778434268,0.0,0.9816105109846808,0.0,0.6489777777777779,0.0,,0.9416790344176402,0.0,0.0,0.4106,0.6169142593039341,0.412075970590141,0.4029649873173628,1.705040454864502,0.0,0.0,1.705040454864502,0.4106
cifar,iid,20,2025,9,18,0.2771239876747131,0.0,0.0841949778434268,0.0,0.9816105109846808,0.0,0.6489777777777779,0.0,,0.9416790344176402,0.0,0.0,0.4106,0.6169142593039341,0.412075970590141,0.4029649873173628,1.705040454864502,0.0,0.0,1.705040454864502,0.4106
cifar,iid,20,2025,9,19,0.2771239876747131,0.0,0.0841949778434268,0.0,0.9816105109846808,0.0,0.6489777777777779,0.0,,0.9416790344176402,0.0,0.0,0.4106,0.6169142593039341,0.412075970590141,0.4029649873173628,1.705040454864502,0.0,0.0,1.705040454864502,0.4106
cifar,iid,20,2025,10,0,0.2732719779014587,0.0,0.0727934485896269,0.0,0.9831059536440624,0.0,0.6617333333333333,0.0,,0.9449261746747132,0.0,0.0,0.451,0.6216777490947833,0.4530289627851218,0.4460989411310417,1.5587170124053955,0.0,0.0,1.5587170124053955,0.451
cifar,iid,20,2025,10,1,0.2732719779014587,0.0,0.0727934485896269,0.0,0.9831059536440624,0.0,0.6617333333333333,0.0003063736681887,,0.9449261746747132,0.0,0.0,0.451,0.6216777490947833,0.4530289627851218,0.4460989411310417,1.5587170124053955,0.0,0.0,1.5587170124053955,0.451
cifar,iid,20,2025,10,2,0.2732719779014587,0.0,0.0727934485896269,0.0,0.9831059536440624,0.0,0.6617333333333333,0.0,,0.9449261746747132,0.0,0.0,0.451,0.6216777490947833,0.4530289627851218,0.4460989411310417,1.5587170124053955,0.0,0.0,1.5587170124053955,0.451
cifar,iid,20,2025,10,3,0.2732719779014587,0.0,0.0727934485896269,0.0,0.9831059536440624,0.0,0.6617333333333333,0.0,,0.9449261746747132,0.0,0.0,0.451,0.6216777490947833,0.4530289627851218,0.4460989411310417,1.5587170124053955,0.0,0.0,1.5587170124053955,0.451
cifar,iid,20,2025,10,4,0.2732719779014587,0.0,0.0727934485896269,0.0,0.9831059536440624,0.0,0.6617333333333333,0.0,,0.9449261746747132,0.0,0.0,0.451,0.6216777490947833,0.4530289627851218,0.4460989411310417,1.5587170124053955,0.0,0.0,1.5587170124053955,0.451
cifar,iid,20,2025,10,5,0.2732719779014587,0.0,0.0727934485896269,0.0,0.9831059536440624,0.0004102679527244,0.6617333333333333,0.0,,0.9449261746747132,0.0,0.0,0.451,0.6216777490947833,0.4530289627851218,0.4460989411310417,1.5587170124053955,-0.0615922143292981,0.0108484848484848,1.5587170124053955,0.451
cifar,iid,20,2025,10,6,0.2732719779014587,0.0,0.0727934485896269,0.0,0.9831059536440624,0.0,0.6617333333333333,0.0,,0.9449261746747132,0.0,0.0,0.451,0.6216777490947833,0.4530289627851218,0.4460989411310417,1.5587170124053955,0.0,0.0218242424242424,1.5587170124053955,0.451
cifar,iid,20,2025,10,7,0.2732719779014587,0.0,0.0727934485896269,0.0,0.9831059536440624,0.0,0.6617333333333333,0.0,,0.9449261746747132,0.0,0.0,0.451,0.6216777490947833,0.4530289627851218,0.4460989411310417,1.5587170124053955,0.0,0.0,1.5587170124053955,0.451
cifar,iid,20,2025,10,8,0.2732719779014587,0.0089538751351048,0.0727934485896269,0.0,0.9831059536440624,0.0,0.6617333333333333,0.0,,0.9449261746747132,0.0,0.0,0.451,0.6216777490947833,0.4530289627851218,0.4460989411310417,1.5587170124053955,0.0,0.0,1.5587170124053955,0.451
cifar,iid,20,2025,10,9,0.2732719779014587,0.0,0.0727934485896269,0.0,0.9831059536440624,0.0,0.6617333333333333,0.0,,0.9449261746747132,0.0,0.0,0.451,0.6216777490947833,0.4530289627851218,0.4460989411310417,1.5587170124053955,0.0,0.0,1.5587170124053955,0.451
cifar,iid,20,2025,10,10,0.2732719779014587,0.0,0.0727934485896269,0.0067914415015204,0.9831059536440624,0.0,0.6617333333333333,0.0,,0.9449261746747132,0.0,0.0,0.451,0.6216777490947833,0.4530289627851218,0.4460989411310417,1.5587170124053955,0.0,0.0,1.5587170124053955,0.451
cifar,iid,20,2025,10,11,0.2732719779014587,0.0,0.0727934485896269,0.0,0.9831059536440624,0.0,0.6617333333333333,0.0,,0.9449261746747132,0.000746976858652,0.000746976858652,0.451,0.6216777490947833,0.4530289627851218,0.4460989411310417,1.5587170124053955,-0.0678300919920899,0.0155393939393939,1.5587170124053955,0.451
cifar,iid,20,2025,10,12,0.2732719779014587,0.0,0.0727934485896269,0.0,0.9831059536440624,0.0,0.6617333333333333,0.0,,0.9449261746747132,0.0,0.0,0.451,0.6216777490947833,0.4530289627851218,0.4460989411310417,1.5587170124053955,0.0,0.0,1.5587170124053955,0.451
cifar,iid,20,2025,10,13,0.2732719779014587,0.0,0.0727934485896269,0.0,0.9831059536440624,0.0006161636563695,0.6617333333333333,0.0,,0.9449261746747132,0.0032810304441262,0.0032810304441262,0.451,0.6216777490947833,0.4530289627851218,0.4460989411310417,1.5587170124053955,0.0,0.0,1.5587170124053955,0.451
cifar,iid,20,2025,10,14,0.2732719779014587,0.0,0.0727934485896269,0.0,0.9831059536440624,0.0004331852961407,0.6617333333333333,0.0,,0.9449261746747132,0.0,0.0,0.451,0.6216777490947833,0.4530289627851218,0.4460989411310417,1.5587170124053955,0.0,0.0,1.5587170124053955,0.451
cifar,iid,20,2025,10,15,0.2732719779014587,0.0,0.0727934485896269,0.0,0.9831059536440624,0.0,0.6617333333333333,0.0,,0.9449261746747132,0.0,0.0,0.451,0.6216777490947833,0.4530289627851218,0.4460989411310417,1.5587170124053955,0.0,0.0,1.5587170124053955,0.451
cifar,iid,20,2025,10,16,0.2732719779014587,0.0,0.0727934485896269,0.0,0.9831059536440624,0.0,0.6617333333333333,0.0,,0.9449261746747132,0.0,0.0,0.451,0.6216777490947833,0.4530289627851218,0.4460989411310417,1.5587170124053955,0.0,0.0,1.5587170124053955,0.451
cifar,iid,20,2025,10,17,0.2732719779014587,0.0,0.0727934485896269,0.0,0.9831059536440624,0.0,0.6617333333333333,0.0,,0.9449261746747132,0.0,0.0,0.451,0.6216777490947833,0.4530289627851218,0.4460989411310417,1.5587170124053955,0.0,0.0,1.5587170124053955,0.451
cifar,iid,20,2025,10,18,0.2732719779014587,0.0,0.0727934485896269,0.0,0.9831059536440624,0.0,0.6617333333333333,0.0,,0.9449261746747132,0.0,0.0,0.451,0.6216777490947833,0.4530289627851218,0.4460989411310417,1.5587170124053955,0.0,0.0,1.5587170124053955,0.451
cifar,iid,20,2025,10,19,0.2732719779014587,0.0,0.0727934485896269,0.0,0.9831059536440624,0.0,0.6617333333333333,0.0,,0.9449261746747132,0.0,0.0,0.451,0.6216777490947833,0.4530289627851218,0.4460989411310417,1.5587170124053955,0.0,0.0,1.5587170124053955,0.451
cifar,iid,4,2025,1,0,0.7018679976463318,0.0,0.3548830811554332,0.0,1.0,0.0038619737058294,0.7796888888888889,-0.0418655555555555,,0.9761310881355716,0.0,0.0,0.1454,0.2199290652601198,0.1461307880701267,0.0747380891295937,2.83821702003479,0.0816111087799072,0.0251866666666666,2.83821702003479,0.1454
cifar,iid,4,2025,1,1,0.7018679976463318,0.0,0.3548830811554332,0.0,1.0,0.0,0.7796888888888889,-0.0253188888888888,,0.9761310881355716,-0.0057846390279642,0.0057846390279642,0.1454,0.2199290652601198,0.1461307880701267,0.0747380891295937,2.83821702003479,0.0,0.0,2.83821702003479,0.1454
cifar,iid,4,2025,1,2,0.7018679976463318,0.0125014046827952,0.3548830811554332,-0.0351426717981867,1.0,0.0,0.7796888888888889,0.0,,0.9761310881355716,0.0032252238935256,0.0032252238935256,0.1454,0.2199290652601198,0.1461307880701267,0.0747380891295937,2.83821702003479,0.0946707010269165,0.0178399999999999,2.83821702003479,0.1454
cifar,iid,4,2025,1,3,0.7018679976463318,0.0,0.3548830811554332,0.0168470693834342,1.0,0.0,0.7796888888888889,-0.0244140740740741,,0.9761310881355716,0.0,0.0,0.1454,0.2199290652601198,0.1461307880701267,0.0747380891295937,2.83821702003479,0.0,0.0,2.83821702003479,0.1454
cifar,iid,4,2025,2,0,0.387902021408081,-0.0773266077041626,0.212707182320442,0.0,0.9943412672553754,0.0,0.6681333333333335,-0.0261292592592592,,0.9517526160888627,0.0,0.0,0.5084,0.5866311103200889,0.5106854342589536,0.5089303811277455,1.3943630456924438,0.0,0.0,1.3943630456924438,0.5084
cifar,iid,4,2025,2,1,0.387902021408081,0.0,0.212707182320442,-0.0093563958894949,0.9943412672553754,0.0,0.6681333333333335,0.0,,0.9517526160888627,0.0050201620248595,0.0050201620248595,0.5084,0.5866311103200889,0.5106854342589536,0.5089303811277455,1.3943630456924438,0.0,0.0,1.3943630456924438,0.5084
cifar,iid,4,2025,2,2,0.387902021408081,0.0,0.212707182320442,0.0,0.9943412672553754,0.0040950622544146,0.6681333333333335,-0.0202807407407407,,0.9517526160888627,-0.0024743975346648,0.0024743975346648,0.5084,0.5866311103200889,0.5106854342589536,0.5089303811277455,1.3943630456924438,-0.4006531596183776,0.1130266666666666,1.3943630456924438,0.5084
cifar,iid,4,2025,2,3,0.387902021408081,0.0,0.212707182320442,-0.0172850467678858,0.9943412672553754,-0.0034016447084443,0.6681333333333335,0.0,,0.9517526160888627,0.0,0.0,0.5084,0.5866311103200889,0.5106854342589536,0.5089303811277455,1.3943630456924438,-0.3839758952458699,0.09308,1.3943630456924438,0.5084
cifar,iid,4,2025,3,0,0.329688012599945,0.0,0.1383219954648526,0.0,0.9969840513964426,0.0,0.6662444444444442,0.0,,0.9561757964616042,0.0005190409969906,0.0005190409969906,0.5414,0.624655830221186,0.5433716654734362,0.5472031517019935,1.3213404417037964,0.0,0.0,1.3213404417037964,0.5414
cifar,iid,4,2025,3,1,0.329688012599945,0.0,0.1383219954648526,0.0369790664081954,0.9969840513964426,0.0048572645930975,0.6662444444444442,0.0,,0.9561757964616042,0.0059167777073187,0.0059167777073187,0.5414,0.624655830221186,0.5433716654734362,0.5472031517019935,1.3213404417037964,0.2898680806159973,-0.05864,1.3213404417037964,0.5414
cifar,iid,4,2025,3,2,0.329688012599945,0.0,0.1383219954648526,0.0,0.9969840513964426,0.0071081332215696,0.6662444444444442,0.0,,0.9561757964616042,0.0,0.0,0.5414,0.624655830221186,0.5433716654734362,0.5472031517019935,1.3213404417037964,-0.3705495754877726,0.0828533333333332,1.3213404417037964,0.5414
cifar,iid,4,2025,3,3,0.329688012599945,0.0137591342131296,0.1383219954648526,0.0,0.9969840513964426,-0.0063429604195037,0.6662444444444442,0.0575737037037035,,0.9561757964616042,0.0,0.0,0.5414,0.624655830221186,0.5433716654734362,0.5472031517019935,1.3213404417037964,-0.2205492178599039,0.0482599999999999,1.3213404417037964,0.5414
cifar,iid,4,2025,4,0,0.3223040103912353,0.0,0.0967032967032967,0.0,0.9944944317735616,-0.0100397949266341,0.6165999999999998,0.0,,0.9477154052339688,-0.0042344244686499,0.0042344244686499,0.5232,0.6491758540887536,0.5244585338470118,0.5272369961194066,1.3892842531204224,0.0,0.0,1.3892842531204224,0.5232
cifar,iid,4,2025,4,1,0.3223040103912353,0.0542628606160481,0.0967032967032967,0.0246627694365107,0.9944944317735616,0.0019641724985217,0.6165999999999998,0.0,,0.9477154052339688,-0.0040812087209692,0.0040812087209692,0.5232,0.6491758540887536,0.5244585338470118,0.5272369961194066,1.3892842531204224,0.0791858434677124,-0.0199666666666666,1.3892842531204224,0.5232
cifar,iid,4,2025,4,2,0.3223040103912353,0.0,0.0967032967032967,0.0,0.9944944317735616,0.0,0.6165999999999998,0.023221851851852,,0.9477154052339688,0.0,0.0,0.5232,0.6491758540887536,0.5244585338470118,0.5272369961194066,1.3892842531204224,-0.3342877189318339,0.0785,1.3892842531204224,0.5232
cifar,iid,4,2025,4,3,0.3223040103912353,0.0,0.0967032967032967,0.0,0.9944944317735616,-0.0007656833504599,0.6165999999999998,0.0,,0.9477154052339688,-0.0005977099075727,0.0005977099075727,0.5232,0.6491758540887536,0.5244585338470118,0.5272369961194066,1.3892842531204224,0.0,0.0,1.3892842531204224,0.5232
cifar,iid,4,2025,5,0,0.3452739715576172,0.0,0.0669689570980118,0.0,0.9863906363568008,0.0,0.7306666666666666,0.039677037037037,,0.942833193635451,-0.0039313005321446,0.0039313005321446,0.571,0.6661538989144731,0.572027846358551,0.5762262514457277,1.196544170379639,0.0,0.0,1.196544170379639,0.571
cifar,iid,4,2025,5,1,0.3452739715576172,0.0272840797901153,0.0669689570980118,0.025296147245302,0.9863906363568008,0.0,0.7306666666666666,0.0,,0.942833193635451,-0.0013505629248883,0.0013505629248883,0.571,0.6661538989144731,0.572027846358551,0.5762262514457277,1.196544170379639,-0.0810048898061116,0.0211999999999999,1.196544170379639,0.571
cifar,iid,4,2025,5,2,0.3452739715576172,0.0,0.0669689570980118,0.0,0.9863906363568008,0.0006340082783101,0.7306666666666666,0.0626307407407407,,0.942833193635451,0.0,0.0,0.571,0.6661538989144731,0.572027846358551,0.5762262514457277,1.196544170379639,-0.226867127418518,0.0559933333333333,1.196544170379639,0.571
cifar,iid,4,2025,5,3,0.3452739715576172,0.0,0.0669689570980118,0.0,0.9863906363568008,-0.0093985461438279,0.7306666666666666,0.0,,0.942833193635451,0.0,0.0,0.571,0.6661538989144731,0.572027846358551,0.5762262514457277,1.196544170379639,0.0,0.0,1.196544170379639,0.571
cifar,iid,4,2025,6,0,0.3344500064849853,0.0,0.0458651841556636,0.0,0.9883762054743784,0.0,0.6127,-0.0087029629629629,,0.9479827687920668,0.0069927835994686,0.0069927835994686,0.6028,0.6784871517174944,0.6032279184974341,0.606018137044898,1.1061084270477295,-0.0070302526156107,-0.00392,1.1061084270477295,0.6028
cifar,iid,4,2025,6,1,0.3344500064849853,0.0405262688795725,0.0458651841556636,0.0093776543496785,0.9883762054743784,0.0046782477607811,0.6127,0.0,,0.9479827687920668,0.007354470829411,0.007354470829411,0.6028,0.6784871517174944,0.6032279184974341,0.606018137044898,1.1061084270477295,0.0333767652511596,0.0075333333333333,1.1061084270477295,0.6028
cifar,iid,4,2025,6,2,0.3344500064849853,0.0,0.0458651841556636,0.0,0.9883762054743784,0.0,0.6127,0.0419637037037037,,0.9479827687920668,0.0032778699106483,0.0032778699106483,0.6028,0.6784871517174944,0.6032279184974341,0.606018137044898,1.1061084270477295,-0.1317970236142476,0.0325199999999999,1.1061084270477295,0.6028
cifar,iid,4,2025,6,3,0.3344500064849853,0.0,0.0458651841556636,0.0,0.9883762054743784,0.0,0.6127,0.0,,0.9479827687920668,0.0,0.0,0.6028,0.6784871517174944,0.6032279184974341,0.606018137044898,1.1061084270477295,0.0,0.0,1.1061084270477295,0.6028
cifar,iid,4,2025,7,0,0.3493480086326599,0.0,0.0418897637795275,0.0,0.9857473453804187,0.0002233417156097,0.6239333333333332,0.0,,0.940529821525086,0.0012055322688398,0.0012055322688398,0.6386,0.6846170753963611,0.6393688502786612,0.6377130487459188,1.0229499340057373,-0.0433215181032816,0.0030333333333333,1.0229499340057373,0.6386
cifar,iid,4,2025,7,1,0.3493480086326599,0.0087959965070088,0.0418897637795275,0.0070821134727141,0.9857473453804187,0.0,0.6239333333333332,0.0006948148148148,,0.940529821525086,0.0010860121283731,0.0010860121283731,0.6386,0.6846170753963611,0.6393688502786612,0.6377130487459188,1.0229499340057373,0.0360616644223531,0.0090533333333333,1.0229499340057373,0.6386
cifar,iid,4,2025,7,2,0.3493480086326599,0.0,0.0418897637795275,-0.0033119653249981,0.9857473453804187,-0.001882995303883,0.6239333333333332,0.0,,0.940529821525086,0.0,0.0,0.6386,0.6846170753963611,0.6393688502786612,0.6377130487459188,1.0229499340057373,-0.1258342862129211,0.0224199999999999,1.0229499340057373,0.6386
cifar,iid,4,2025,7,3,0.3493480086326599,0.0,0.0418897637795275,0.0,0.9857473453804187,-0.0024878559102474,0.6239333333333332,0.0,,0.940529821525086,0.0,0.0,0.6386,0.6846170753963611,0.6393688502786612,0.6377130487459188,1.0229499340057373,0.0500256498654683,0.0012933333333333,1.0229499340057373,0.6386
cifar,iid,4,2025,8,0,0.3446080088615417,0.0,0.0303221730890713,0.0,0.979782283599422,0.0,0.6935777777777776,0.0,,0.9392436497483032,0.0053611679962872,0.0053611679962872,0.6546,0.6916935709562776,0.655579499444043,0.6563808059004881,0.9997376799583436,0.1784108320871989,-0.0313733333333333,0.9997376799583436,0.6546
cifar,iid,4,2025,8,1,0.3446080088615417,-0.0033900082111358,0.0303221730890713,0.0017928531276137,0.979782283599422,-0.0016724172981221,0.6935777777777776,-0.0071174074074073,,0.9392436497483032,0.0,0.0,0.6546,0.6916935709562776,0.655579499444043,0.6563808059004881,0.9997376799583436,-0.0461708347002665,0.02132,0.9997376799583436,0.6546
cifar,iid,4,2025,8,2,0.3446080088615417,0.0,0.0303221730890713,0.0001429192402696,0.979782283599422,0.0026964845494131,0.6935777777777776,0.0,,0.9392436497483032,-0.0040793218745659,0.0040793218745659,0.6546,0.6916935709562776,0.655579499444043,0.6563808059004881,0.9997376799583436,-0.0862558285395304,0.01508,0.9997376799583436,0.6546
cifar,iid,4,2025,8,3,0.3446080088615417,0.0,0.0303221730890713,0.0,0.979782283599422,0.0,0.6935777777777776,0.0,,0.9392436497483032,0.0,0.0,0.6546,0.6916935709562776,0.655579499444043,0.6563808059004881,0.9997376799583436,-0.0692398746808369,0.0111733333333333,0.9997376799583436,0.6546
cifar,iid,4,2025,9,0,0.3405119776725769,0.0,0.0348071495766698,0.0,0.9787853218265008,0.0,0.7027333333333332,0.0,,0.9394653758981008,0.0,0.0,0.6364,0.6865149025530465,0.6375274824749693,0.6363666044896552,1.068987488746643,0.0,0.0,1.068987488746643,0.6364
cifar,iid,4,2025,9,1,0.3405119776725769,0.0349534233411153,0.0348071495766698,0.0097747223244186,0.9787853218265008,0.0,0.7027333333333332,0.0484755555555555,,0.9394653758981008,0.0,0.0,0.6364,0.6865149025530465,0.6375274824749693,0.6363666044896552,1.068987488746643,0.1228497862815856,-0.0085399999999999,1.068987488746643,0.6364
cifar,iid,4,2025,9,2,0.3405119776725769,0.0,0.0348071495766698,0.0013969125948339,0.9787853218265008,0.0,0.7027333333333332,0.0,,0.9394653758981008,0.0,0.0,0.6364,0.6865149025530465,0.6375274824749693,0.6363666044896552,1.068987488746643,-0.0671785871187845,0.0073,1.068987488746643,0.6364
cifar,iid,4,2025,9,3,0.3405119776725769,0.0,0.0348071495766698,0.0,0.9787853218265008,0.0,0.7027333333333332,0.0,,0.9394653758981008,0.0,0.0,0.6364,0.6865149025530465,0.6375274824749693,0.6363666044896552,1.068987488746643,-0.1328908244768778,0.0292466666666666,1.068987488746643,0.6364
cifar,iid,4,2025,10,0,0.3399320244789123,0.0011135955651601,0.026252983293556,-0.0009273149258817,0.985534307459669,0.0039819061649182,0.7177777777777776,0.0,,0.9386984536776536,0.0,0.0,0.6402,0.6943434348296825,0.6404264649599829,0.6438818054774277,1.0775837898254397,0.0908912340799967,-0.0162666666666666,1.0775837898254397,0.6402
cifar,iid,4,2025,10,1,0.3399320244789123,0.0,0.026252983293556,-0.0013841540921401,0.985534307459669,0.0,0.7177777777777776,0.0013644444444443,,0.9386984536776536,0.0,0.0,0.6402,0.6943434348296825,0.6404264649599829,0.6438818054774277,1.0775837898254397,-0.0993839939435323,0.0259466666666666,1.0775837898254397,0.6402
cifar,iid,4,2025,10,2,0.3399320244789123,0.0,0.026252983293556,-0.0022570173317504,0.985534307459669,0.0,0.7177777777777776,0.0,,0.9386984536776536,0.0,0.0,0.6402,0.6943434348296825,0.6404264649599829,0.6438818054774277,1.0775837898254397,0.0,0.0,1.0775837898254397,0.6402
cifar,iid,4,2025,10,3,0.3399320244789123,0.0,0.026252983293556,0.0,0.985534307459669,0.0,0.7177777777777776,0.0,,0.9386984536776536,0.0,0.0,0.6402,0.6943434348296825,0.6404264649599829,0.6438818054774277,1.0775837898254397,-0.0056149919827779,0.0033133333333333,1.0775837898254397,0.6402
cifar,iid,20,9928,1,0,0.9662039875984192,0.0,0.6049618320610687,0.0,1.0,0.0,0.9159555555555556,0.0,,0.9848245938178564,0.0,0.0,0.1048,0.0267086941235149,0.1062302548230351,0.0332396420486485,2.529313325881958,-0.011601422383235,0.0,2.529313325881958,0.1048
cifar,iid,20,9928,1,1,0.9662039875984192,0.0,0.6049618320610687,0.0,1.0,0.0,0.9159555555555556,0.0,,0.9848245938178564,0.0,0.0,0.1048,0.0267086941235149,0.1062302548230351,0.0332396420486485,2.529313325881958,0.0,0.0,2.529313325881958,0.1048
cifar,iid,20,9928,1,2,0.9662039875984192,0.0,0.6049618320610687,0.0,1.0,0.0,0.9159555555555556,0.0003455481972038,,0.9848245938178564,0.0,0.0,0.1048,0.0267086941235149,0.1062302548230351,0.0332396420486485,2.529313325881958,0.0,0.0,2.529313325881958,0.1048
cifar,iid,20,9928,1,3,0.9662039875984192,0.0,0.6049618320610687,0.0,1.0,0.0,0.9159555555555556,0.0,,0.9848245938178564,0.0,0.0,0.1048,0.0267086941235149,0.1062302548230351,0.0332396420486485,2.529313325881958,0.0,0.0,2.529313325881958,0.1048
cifar,iid,20,9928,1,4,0.9662039875984192,0.0,0.6049618320610687,0.0,1.0,0.0,0.9159555555555556,-0.0021316777041942,,0.9848245938178564,0.0,0.0,0.1048,0.0267086941235149,0.1062302548230351,0.0332396420486485,2.529313325881958,0.0,0.0,2.529313325881958,0.1048
cifar,iid,20,9928,1,5,0.9662039875984192,0.0,0.6049618320610687,0.0,1.0,0.0,0.9159555555555556,0.0,,0.9848245938178564,0.0,0.0,0.1048,0.0267086941235149,0.1062302548230351,0.0332396420486485,2.529313325881958,0.0,0.0017533678756476,2.529313325881958,0.1048
cifar,iid,20,9928,1,6,0.9662039875984192,0.0,0.6049618320610687,0.0,1.0,0.0,0.9159555555555556,0.0,,0.9848245938178564,0.0,0.0,0.1048,0.0267086941235149,0.1062302548230351,0.0332396420486485,2.529313325881958,0.0,0.0,2.529313325881958,0.1048
cifar,iid,20,9928,1,7,0.9662039875984192,0.0,0.6049618320610687,0.0,1.0,0.0,0.9159555555555556,0.0,,0.9848245938178564,0.0,0.0,0.1048,0.0267086941235149,0.1062302548230351,0.0332396420486485,2.529313325881958,0.0,0.0,2.529313325881958,0.1048
cifar,iid,20,9928,1,8,0.9662039875984192,0.0,0.6049618320610687,0.0,1.0,0.0,0.9159555555555556,0.0040115305371596,,0.9848245938178564,0.0,0.0,0.1048,0.0267086941235149,0.1062302548230351,0.0332396420486485,2.529313325881958,0.0,0.0,2.529313325881958,0.1048
cifar,iid,20,9928,1,9,0.9662039875984192,0.0,0.6049618320610687,0.0559829770003478,1.0,0.0,0.9159555555555556,0.0,,0.9848245938178564,0.0,0.0,0.1048,0.0267086941235149,0.1062302548230351,0.0332396420486485,2.529313325881958,0.0,0.0,2.529313325881958,0.1048
cifar,iid,20,9928,1,10,0.9662039875984192,0.0,0.6049618320610687,0.0,1.0,0.0,0.9159555555555556,0.0,,0.9848245938178564,0.0030325495472282,0.0030325495472282,0.1048,0.0267086941235149,0.1062302548230351,0.0332396420486485,2.529313325881958,0.0,0.0,2.529313325881958,0.1048
cifar,iid,20,9928,1,11,0.9662039875984192,0.0,0.6049618320610687,0.0,1.0,0.0,0.9159555555555556,0.0012364753495217,,0.9848245938178564,0.0,0.0,0.1048,0.0267086941235149,0.1062302548230351,0.0332396420486485,2.529313325881958,0.0,0.0,2.529313325881958,0.1048
cifar,iid,20,9928,1,12,0.9662039875984192,0.0,0.6049618320610687,0.0,1.0,0.0,0.9159555555555556,0.0,,0.9848245938178564,0.0,0.0,0.1048,0.0267086941235149,0.1062302548230351,0.0332396420486485,2.529313325881958,0.0,0.0034652849740932,2.529313325881958,0.1048
cifar,iid,20,9928,1,13,0.9662039875984192,0.0138541664260317,0.6049618320610687,0.0,1.0,0.0,0.9159555555555556,0.0,,0.9848245938178564,0.0,0.0,0.1048,0.0267086941235149,0.1062302548230351,0.0332396420486485,2.529313325881958,0.0,0.0,2.529313325881958,0.1048
cifar,iid,20,9928,1,14,0.9662039875984192,0.0,0.6049618320610687,0.0,1.0,0.0,0.9159555555555556,0.0,,0.9848245938178564,0.0,0.0,0.1048,0.0267086941235149,0.1062302548230351,0.0332396420486485,2.529313325881958,0.0,0.0,2.529313325881958,0.1048
cifar,iid,20,9928,1,15,0.9662039875984192,0.0,0.6049618320610687,0.0,1.0,0.0,0.9159555555555556,0.0,,0.9848245938178564,0.0,0.0,0.1048,0.0267086941235149,0.1062302548230351,0.0332396420486485,2.529313325881958,0.0,0.0,2.529313325881958,0.1048
cifar,iid,20,9928,1,16,0.9662039875984192,0.016252032076695,0.6049618320610687,0.122413584888299,1.0,0.0,0.9159555555555556,0.0,,0.9848245938178564,0.0,0.0,0.1048,0.0267086941235149,0.1062302548230351,0.0332396420486485,2.529313325881958,0.0,0.0,2.529313325881958,0.1048
cifar,iid,20,9928,1,17,0.9662039875984192,0.0,0.6049618320610687,0.0,1.0,0.0,0.9159555555555556,0.0,,0.9848245938178564,0.0,0.0,0.1048,0.0267086941235149,0.1062302548230351,0.0332396420486485,2.529313325881958,0.0,0.0,2.529313325881958,0.1048
cifar,iid,20,9928,1,18,0.9662039875984192,0.0,0.6049618320610687,0.0,1.0,0.0,0.9159555555555556,0.0,,0.9848245938178564,0.0,0.0,0.1048,0.0267086941235149,0.1062302548230351,0.0332396420486485,2.529313325881958,0.0,0.0,2.529313325881958,0.1048
cifar,iid,20,9928,1,19,0.9662039875984192,0.0,0.6049618320610687,0.0,1.0,0.0,0.9159555555555556,-0.0025158793230316,,0.9848245938178564,0.0,0.0,0.1048,0.0267086941235149,0.1062302548230351,0.0332396420486485,2.529313325881958,0.0,0.0,2.529313325881958,0.1048
cifar,iid,20,9928,2,0,0.8851379752159119,0.0,0.4982638888888889,0.0,1.0,0.0,0.9343333333333336,0.0,,0.9915186070336636,0.0033548771665971,0.0033548771665971,0.1156,0.0270738308341422,0.1166966018249755,0.0399298971175289,3.00085711479187,-0.0070475420075147,0.0,3.00085711479187,0.1156
cifar,iid,20,9928,2,1,0.8851379752159119,0.0,0.4982638888888889,0.0,1.0,0.0,0.9343333333333336,0.0,,0.9915186070336636,0.0,0.0,0.1156,0.0270738308341422,0.1166966018249755,0.0399298971175289,3.00085711479187,0.0,0.0,3.00085711479187,0.1156
cifar,iid,20,9928,2,2,0.8851379752159119,0.0,0.4982638888888889,0.0,1.0,0.0,0.9343333333333336,0.0,,0.9915186070336636,0.0,0.0,0.1156,0.0270738308341422,0.1166966018249755,0.0399298971175289,3.00085711479187,0.0,0.0,3.00085711479187,0.1156
cifar,iid,20,9928,2,3,0.8851379752159119,0.0,0.4982638888888889,0.0,1.0,0.0,0.9343333333333336,0.0,,0.9915186070336636,0.0,0.0,0.1156,0.0270738308341422,0.1166966018249755,0.0399298971175289,3.00085711479187,0.0,0.0,3.00085711479187,0.1156
cifar,iid,20,9928,2,4,0.8851379752159119,0.0,0.4982638888888889,0.0,1.0,0.0,0.9343333333333336,0.0,,0.9915186070336636,0.0,0.0,0.1156,0.0270738308341422,0.1166966018249755,0.0399298971175289,3.00085711479187,0.0,0.0016778947368421,3.00085711479187,0.1156
cifar,iid,20,9928,2,5,0.8851379752159119,0.0,0.4982638888888889,0.0,1.0,0.0,0.9343333333333336,0.0,,0.9915186070336636,0.0,0.0,0.1156,0.0270738308341422,0.1166966018249755,0.0399298971175289,3.00085711479187,0.0,0.0,3.00085711479187,0.1156
cifar,iid,20,9928,2,6,0.8851379752159119,0.0,0.4982638888888889,0.0,1.0,0.0,0.9343333333333336,0.0,,0.9915186070336636,0.0,0.0,0.1156,0.0270738308341422,0.1166966018249755,0.0399298971175289,3.00085711479187,0.0,0.0,3.00085711479187,0.1156
cifar,iid,20,9928,2,7,0.8851379752159119,0.0,0.4982638888888889,0.0,1.0,0.0,0.9343333333333336,0.0,,0.9915186070336636,0.0,0.0,0.1156,0.0270738308341422,0.1166966018249755,0.0399298971175289,3.00085711479187,0.0,0.0,3.00085711479187,0.1156
cifar,iid,20,9928,2,8,0.8851379752159119,0.0,0.4982638888888889,0.0,1.0,0.0,0.9343333333333336,0.0,,0.9915186070336636,0.0,0.0,0.1156,0.0270738308341422,0.1166966018249755,0.0399298971175289,3.00085711479187,0.0,0.0,3.00085711479187,0.1156
cifar,iid,20,9928,2,9,0.8851379752159119,0.0,0.4982638888888889,0.0,1.0,0.0,0.9343333333333336,0.0,,0.9915186070336636,0.0,0.0,0.1156,0.0270738308341422,0.1166966018249755,0.0399298971175289,3.00085711479187,0.0,0.0,3.00085711479187,0.1156
cifar,iid,20,9928,2,10,0.8851379752159119,0.0,0.4982638888888889,0.0,1.0,0.0,0.9343333333333336,0.0,,0.9915186070336636,0.0050842005593714,0.0050842005593714,0.1156,0.0270738308341422,0.1166966018249755,0.0399298971175289,3.00085711479187,0.0,0.0,3.00085711479187,0.1156
cifar,iid,20,9928,2,11,0.8851379752159119,0.0,0.4982638888888889,0.0,1.0,0.0,0.9343333333333336,0.0,,0.9915186070336636,0.0,0.0,0.1156,0.0270738308341422,0.1166966018249755,0.0399298971175289,3.00085711479187,0.0,0.0,3.00085711479187,0.1156
cifar,iid,20,9928,2,12,0.8851379752159119,0.0,0.4982638888888889,0.0,1.0,0.0,0.9343333333333336,0.0,,0.9915186070336636,0.0,0.0,0.1156,0.0270738308341422,0.1166966018249755,0.0399298971175289,3.00085711479187,0.0,0.0,3.00085711479187,0.1156
cifar,iid,20,9928,2,13,0.8851379752159119,0.0043459460735321,0.4982638888888889,0.0558481171396094,1.0,0.0,0.9343333333333336,0.0,,0.9915186070336636,0.0,0.0,0.1156,0.0270738308341422,0.1166966018249755,0.0399298971175289,3.00085711479187,0.0,0.0,3.00085711479187,0.1156
cifar,iid,20,9928,2,14,0.8851379752159119,0.0,0.4982638888888889,0.0,1.0,0.0,0.9343333333333336,0.0,,0.9915186070336636,0.0,0.0,0.1156,0.0270738308341422,0.1166966018249755,0.0399298971175289,3.00085711479187,0.0,0.0,3.00085711479187,0.1156
cifar,iid,20,9928,2,15,0.8851379752159119,0.0,0.4982638888888889,0.0,1.0,0.0,0.9343333333333336,-0.005040729220667,,0.9915186070336636,0.0,0.0,0.1156,0.0270738308341422,0.1166966018249755,0.0399298971175289,3.00085711479187,0.0,0.0,3.00085711479187,0.1156
cifar,iid,20,9928,2,16,0.8851379752159119,0.0,0.4982638888888889,0.0,1.0,0.0,0.9343333333333336,0.0,,0.9915186070336636,0.0,0.0,0.1156,0.0270738308341422,0.1166966018249755,0.0399298971175289,3.00085711479187,0.0,0.0,3.00085711479187,0.1156
cifar,iid,20,9928,2,17,0.8851379752159119,0.0,0.4982638888888889,0.0,1.0,0.0,0.9343333333333336,0.0,,0.9915186070336636,0.0,0.0,0.1156,0.0270738308341422,0.1166966018249755,0.0399298971175289,3.00085711479187,0.0,0.0,3.00085711479187,0.1156
cifar,iid,20,9928,2,18,0.8851379752159119,0.0,0.4982638888888889,0.0,1.0,0.0,0.9343333333333336,0.0,,0.9915186070336636,0.0,0.0,0.1156,0.0270738308341422,0.1166966018249755,0.0399298971175289,3.00085711479187,0.0,0.0,3.00085711479187,0.1156
cifar,iid,20,9928,2,19,0.8851379752159119,0.0,0.4982638888888889,0.0,1.0,0.0,0.9343333333333336,-0.0030068429237947,,0.9915186070336636,0.0,0.0,0.1156,0.0270738308341422,0.1166966018249755,0.0399298971175289,3.00085711479187,0.0,0.0,3.00085711479187,0.1156
cifar,iid,20,9928,3,0,0.7913919687271118,0.0,0.415973377703827,0.0,1.0,0.0,0.7973111111111113,0.0,,0.983097075308352,0.0019905478637257,0.0019905478637257,0.1214,0.1280164551468282,0.1224744789177052,0.042999824173605,3.206974983215332,0.0,0.0,3.206974983215332,0.1214
cifar,iid,20,9928,3,1,0.7913919687271118,0.0,0.415973377703827,0.0,1.0,0.0,0.7973111111111113,0.0,,0.983097075308352,0.0,0.0,0.1214,0.1280164551468282,0.1224744789177052,0.042999824173605,3.206974983215332,0.0,0.0,3.206974983215332,0.1214
cifar,iid,20,9928,3,2,0.7913919687271118,0.0,0.415973377703827,0.0,1.0,0.0,0.7973111111111113,0.0092565928021373,,0.983097075308352,0.0,0.0,0.1214,0.1280164551468282,0.1224744789177052,0.042999824173605,3.206974983215332,0.0,0.0,3.206974983215332,0.1214
cifar,iid,20,9928,3,3,0.7913919687271118,0.0,0.415973377703827,0.0,1.0,0.0,0.7973111111111113,0.0,,0.983097075308352,0.0,0.0,0.1214,0.1280164551468282,0.1224744789177052,0.042999824173605,3.206974983215332,0.0,0.0,3.206974983215332,0.1214
cifar,iid,20,9928,3,4,0.7913919687271118,0.0,0.415973377703827,0.0,1.0,0.0,0.7973111111111113,0.0,,0.983097075308352,0.0,0.0,0.1214,0.1280164551468282,0.1224744789177052,0.042999824173605,3.206974983215332,0.0,0.0019083333333333,3.206974983215332,0.1214
cifar,iid,20,9928,3,5,0.7913919687271118,0.0,0.415973377703827,0.0,1.0,0.0,0.7973111111111113,0.0,,0.983097075308352,0.0015440808110874,0.0015440808110874,0.1214,0.1280164551468282,0.1224744789177052,0.042999824173605,3.206974983215332,0.0,0.0,3.206974983215332,0.1214
cifar,iid,20,9928,3,6,0.7913919687271118,0.0,0.415973377703827,0.0,1.0,0.0,0.7973111111111113,0.0,,0.983097075308352,0.0,0.0,0.1214,0.1280164551468282,0.1224744789177052,0.042999824173605,3.206974983215332,0.0,0.0,3.206974983215332,0.1214
cifar,iid,20,9928,3,7,0.7913919687271118,0.0,0.415973377703827,0.0,1.0,0.0,0.7973111111111113,0.0,,0.983097075308352,0.0,0.0,0.1214,0.1280164551468282,0.1224744789177052,0.042999824173605,3.206974983215332,0.0,0.0,3.206974983215332,0.1214
cifar,iid,20,9928,3,8,0.7913919687271118,0.0,0.415973377703827,0.0,1.0,0.0,0.7973111111111113,0.0065711456859971,,0.983097075308352,0.0,0.0,0.1214,0.1280164551468282,0.1224744789177052,0.042999824173605,3.206974983215332,0.0,0.0,3.206974983215332,0.1214
cifar,iid,20,9928,3,9,0.7913919687271118,0.0091606645748533,0.415973377703827,0.0851335179467898,1.0,0.0,0.7973111111111113,0.0,,0.983097075308352,0.0,0.0,0.1214,0.1280164551468282,0.1224744789177052,0.042999824173605,3.206974983215332,0.0,0.0,3.206974983215332,0.1214
cifar,iid,20,9928,3,10,0.7913919687271118,0.0,0.415973377703827,0.0,1.0,0.0,0.7973111111111113,0.0,,0.983097075308352,0.0,0.0,0.1214,0.1280164551468282,0.1224744789177052,0.042999824173605,3.206974983215332,0.0,0.0,3.206974983215332,0.1214
cifar,iid,20,9928,3,11,0.7913919687271118,0.0,0.415973377703827,0.0,1.0,0.0,0.7973111111111113,0.0,,0.983097075308352,0.0,0.0,0.1214,0.1280164551468282,0.1224744789177052,0.042999824173605,3.206974983215332,0.0,0.0,3.206974983215332,0.1214
cifar,iid,20,9928,3,12,0.7913919687271118,0.0,0.415973377703827,0.0,1.0,0.0,0.7973111111111113,0.0,,0.983097075308352,0.0,0.0,0.1214,0.1280164551468282,0.1224744789177052,0.042999824173605,3.206974983215332,0.0,0.0,3.206974983215332,0.1214
cifar,iid,20,9928,3,13,0.7913919687271118,0.0,0.415973377703827,0.0,1.0,0.0,0.7973111111111113,0.0,,0.983097075308352,0.0,0.0,0.1214,0.1280164551468282,0.1224744789177052,0.042999824173605,3.206974983215332,0.0,0.0,3.206974983215332,0.1214
cifar,iid,20,9928,3,14,0.7913919687271118,0.0,0.415973377703827,0.0,1.0,0.0,0.7973111111111113,0.0,,0.983097075308352,0.0,0.0,0.1214,0.1280164551468282,0.1224744789177052,0.042999824173605,3.206974983215332,-0.0348270684480667,0.0,3.206974983215332,0.1214
cifar,iid,20,9928,3,15,0.7913919687271118,0.0,0.415973377703827,0.0,1.0,0.0,0.7973111111111113,0.0,,0.983097075308352,0.0,0.0,0.1214,0.1280164551468282,0.1224744789177052,0.042999824173605,3.206974983215332,0.0,0.0,3.206974983215332,0.1214
cifar,iid,20,9928,3,16,0.7913919687271118,0.0,0.415973377703827,0.0,1.0,0.0,0.7973111111111113,0.0,,0.983097075308352,0.0,0.0,0.1214,0.1280164551468282,0.1224744789177052,0.042999824173605,3.206974983215332,0.0,0.0,3.206974983215332,0.1214
cifar,iid,20,9928,3,17,0.7913919687271118,0.0179562190483356,0.415973377703827,0.0452471831055725,1.0,0.0,0.7973111111111113,0.0,,0.983097075308352,0.0,0.0,0.1214,0.1280164551468282,0.1224744789177052,0.042999824173605,3.206974983215332,0.0,0.0,3.206974983215332,0.1214
cifar,iid,20,9928,3,18,0.7913919687271118,0.0,0.415973377703827,0.0,1.0,0.0,0.7973111111111113,0.0,,0.983097075308352,0.0,0.0,0.1214,0.1280164551468282,0.1224744789177052,0.042999824173605,3.206974983215332,0.0,0.0,3.206974983215332,0.1214
cifar,iid,20,9928,3,19,0.7913919687271118,0.0,0.415973377703827,0.0,1.0,0.0,0.7973111111111113,0.0,,0.983097075308352,0.0,0.0,0.1214,0.1280164551468282,0.1224744789177052,0.042999824173605,3.206974983215332,0.0,0.0,3.206974983215332,0.1214
cifar,iid,20,9928,4,0,0.7171000242233276,0.0,0.2955223880597015,0.0,1.0,0.0,0.7256444444444445,0.0,,0.9703693688161495,0.003727038149329,0.003727038149329,0.1388,0.3026405763925573,0.1395382525979931,0.0559139390576596,3.175217866897583,0.0,0.0,3.175217866897583,0.1388
cifar,iid,20,9928,4,1,0.7171000242233276,0.0,0.2955223880597015,0.0,1.0,0.0,0.7256444444444445,0.0002476070528967,,0.9703693688161495,0.0,0.0,0.1388,0.3026405763925573,0.1395382525979931,0.0559139390576596,3.175217866897583,0.0,0.0,3.175217866897583,0.1388
cifar,iid,20,9928,4,2,0.7171000242233276,0.0,0.2955223880597015,0.0,1.0,0.0,0.7256444444444445,0.0,,0.9703693688161495,0.0,0.0,0.1388,0.3026405763925573,0.1395382525979931,0.0559139390576596,3.175217866897583,0.0,0.0,3.175217866897583,0.1388
cifar,iid,20,9928,4,3,0.7171000242233276,0.0,0.2955223880597015,0.0,1.0,0.0,0.7256444444444445,-0.0006228752682153,,0.9703693688161495,0.0,0.0,0.1388,0.3026405763925573,0.1395382525979931,0.0559139390576596,3.175217866897583,0.0,0.0,3.175217866897583,0.1388
cifar,iid,20,9928,4,4,0.7171000242233276,0.0,0.2955223880597015,0.0,1.0,0.0,0.7256444444444445,0.0,,0.9703693688161495,0.0,0.0,0.1388,0.3026405763925573,0.1395382525979931,0.0559139390576596,3.175217866897583,0.0,0.0,3.175217866897583,0.1388
cifar,iid,20,9928,4,5,0.7171000242233276,0.0,0.2955223880597015,0.0,1.0,0.0,0.7256444444444445,0.0,,0.9703693688161495,0.0052787725514779,0.0052787725514779,0.1388,0.3026405763925573,0.1395382525979931,0.0559139390576596,3.175217866897583,0.0,0.0,3.175217866897583,0.1388
cifar,iid,20,9928,4,6,0.7171000242233276,0.0,0.2955223880597015,0.0,1.0,0.0,0.7256444444444445,0.0,,0.9703693688161495,0.0,0.0,0.1388,0.3026405763925573,0.1395382525979931,0.0559139390576596,3.175217866897583,0.0,0.003023448275862,3.175217866897583,0.1388
cifar,iid,20,9928,4,7,0.7171000242233276,0.0,0.2955223880597015,0.0,1.0,0.0,0.7256444444444445,0.0004463196193674,,0.9703693688161495,0.0032682706662063,0.0032682706662063,0.1388,0.3026405763925573,0.1395382525979931,0.0559139390576596,3.175217866897583,0.0,0.0,3.175217866897583,0.1388
cifar,iid,20,9928,4,8,0.7171000242233276,0.0,0.2955223880597015,0.0,1.0,0.0,0.7256444444444445,-0.0011096744099263,,0.9703693688161495,0.0,0.0,0.1388,0.3026405763925573,0.1395382525979931,0.0559139390576596,3.175217866897583,0.0,0.0,3.175217866897583,0.1388
cifar,iid,20,9928,4,9,0.7171000242233276,0.0,0.2955223880597015,0.0,1.0,0.0,0.7256444444444445,0.0019810803246571,,0.9703693688161495,0.0,0.0,0.1388,0.3026405763925573,0.1395382525979931,0.0559139390576596,3.175217866897583,0.0,0.0,3.175217866897583,0.1388
cifar,iid,20,9928,4,10,0.7171000242233276,0.0,0.2955223880597015,0.0,1.0,0.0,0.7256444444444445,-0.0012793544173896,,0.9703693688161495,0.0,0.0,0.1388,0.3026405763925573,0.1395382525979931,0.0559139390576596,3.175217866897583,0.0,0.0,3.175217866897583,0.1388
cifar,iid,20,9928,4,11,0.7171000242233276,0.0,0.2955223880597015,0.0,1.0,0.0,0.7256444444444445,0.0003794103927605,,0.9703693688161495,0.0,0.0,0.1388,0.3026405763925573,0.1395382525979931,0.0559139390576596,3.175217866897583,0.0,0.0,3.175217866897583,0.1388
cifar,iid,20,9928,4,12,0.7171000242233276,0.0,0.2955223880597015,0.0,1.0,0.0,0.7256444444444445,-0.0020700811642877,,0.9703693688161495,0.0,0.0,0.1388,0.3026405763925573,0.1395382525979931,0.0559139390576596,3.175217866897583,0.0,0.0,3.175217866897583,0.1388
cifar,iid,20,9928,4,13,0.7171000242233276,0.0,0.2955223880597015,0.0,1.0,0.0,0.7256444444444445,0.0009792051497341,,0.9703693688161495,0.0,0.0,0.1388,0.3026405763925573,0.1395382525979931,0.0559139390576596,3.175217866897583,0.0,0.0,3.175217866897583,0.1388
cifar,iid,20,9928,4,14,0.7171000242233276,0.0,0.2955223880597015,0.0,1.0,0.0,0.7256444444444445,0.0,,0.9703693688161495,0.0,0.0,0.1388,0.3026405763925573,0.1395382525979931,0.0559139390576596,3.175217866897583,-0.0676143332297757,0.0,3.175217866897583,0.1388
cifar,iid,20,9928,4,15,0.7171000242233276,0.0,0.2955223880597015,0.0,1.0,0.0,0.7256444444444445,-0.0013318686444631,,0.9703693688161495,0.0,0.0,0.1388,0.3026405763925573,0.1395382525979931,0.0559139390576596,3.175217866897583,0.0,0.0,3.175217866897583,0.1388
cifar,iid,20,9928,4,16,0.7171000242233276,0.0,0.2955223880597015,0.054722349606959,1.0,0.0,0.7256444444444445,0.0,,0.9703693688161495,0.0,0.0,0.1388,0.3026405763925573,0.1395382525979931,0.0559139390576596,3.175217866897583,0.0,0.0,3.175217866897583,0.1388
cifar,iid,20,9928,4,17,0.7171000242233276,0.0242948407350584,0.2955223880597015,0.0,1.0,0.0,0.7256444444444445,0.0040993656124638,,0.9703693688161495,0.0,0.0,0.1388,0.3026405763925573,0.1395382525979931,0.0559139390576596,3.175217866897583,0.0,0.0,3.175217866897583,0.1388
cifar,iid,20,9928,4,18,0.7171000242233276,0.0,0.2955223880597015,0.0,1.0,0.0,0.7256444444444445,0.0,,0.9703693688161495,0.0,0.0,0.1388,0.3026405763925573,0.1395382525979931,0.0559139390576596,3.175217866897583,0.0,0.0,3.175217866897583,0.1388
cifar,iid,20,9928,4,19,0.7171000242233276,0.0,0.2955223880597015,0.0,1.0,0.0,0.7256444444444445,0.0,,0.9703693688161495,0.0,0.0,0.1388,0.3026405763925573,0.1395382525979931,0.0559139390576596,3.175217866897583,0.0,0.0,3.175217866897583,0.1388
cifar,iid,20,9928,5,0,0.6654919981956482,0.0,0.2085889570552147,0.0,1.0,0.0,0.833822222222222,0.0,,0.9523220538036024,0.0,0.0,0.1644,0.4252584282677357,0.1647876977103001,0.0881233753330038,2.990561246871948,0.0,0.0,2.990561246871948,0.1644
cifar,iid,20,9928,5,1,0.6654919981956482,0.0,0.2085889570552147,0.0,1.0,0.0,0.833822222222222,0.0,,0.9523220538036024,0.0,0.0,0.1644,0.4252584282677357,0.1647876977103001,0.0881233753330038,2.990561246871948,0.0,0.0,2.990561246871948,0.1644
cifar,iid,20,9928,5,2,0.6654919981956482,0.0,0.2085889570552147,0.0,1.0,0.0,0.833822222222222,0.0,,0.9523220538036024,0.0,0.0,0.1644,0.4252584282677357,0.1647876977103001,0.0881233753330038,2.990561246871948,0.0,0.0,2.990561246871948,0.1644
cifar,iid,20,9928,5,3,0.6654919981956482,0.0,0.2085889570552147,0.0,1.0,0.0,0.833822222222222,0.0,,0.9523220538036024,0.0,0.0,0.1644,0.4252584282677357,0.1647876977103001,0.0881233753330038,2.990561246871948,0.0,0.0,2.990561246871948,0.1644
cifar,iid,20,9928,5,4,0.6654919981956482,0.0,0.2085889570552147,0.0,1.0,0.0,0.833822222222222,0.0,,0.9523220538036024,0.0,0.0,0.1644,0.4252584282677357,0.1647876977103001,0.0881233753330038,2.990561246871948,0.0,0.0,2.990561246871948,0.1644
cifar,iid,20,9928,5,5,0.6654919981956482,0.0,0.2085889570552147,0.0,1.0,0.0,0.833822222222222,0.0,,0.9523220538036024,0.0049340764694947,0.0049340764694947,0.1644,0.4252584282677357,0.1647876977103001,0.0881233753330038,2.990561246871948,0.0,0.0,2.990561246871948,0.1644
cifar,iid,20,9928,5,6,0.6654919981956482,0.0,0.2085889570552147,0.0,1.0,0.0,0.833822222222222,0.0,,0.9523220538036024,0.0,0.0,0.1644,0.4252584282677357,0.1647876977103001,0.0881233753330038,2.990561246871948,0.0,0.0075329268292682,2.990561246871948,0.1644
cifar,iid,20,9928,5,7,0.6654919981956482,0.0,0.2085889570552147,0.0,1.0,0.0,0.833822222222222,0.0,,0.9523220538036024,0.0034966697441943,0.0034966697441943,0.1644,0.4252584282677357,0.1647876977103001,0.0881233753330038,2.990561246871948,0.0,0.0,2.990561246871948,0.1644
cifar,iid,20,9928,5,8,0.6654919981956482,0.0,0.2085889570552147,0.0,1.0,0.0,0.833822222222222,0.0,,0.9523220538036024,0.0,0.0,0.1644,0.4252584282677357,0.1647876977103001,0.0881233753330038,2.990561246871948,0.0,0.0,2.990561246871948,0.1644
cifar,iid,20,9928,5,9,0.6654919981956482,0.0,0.2085889570552147,0.0,1.0,0.0,0.833822222222222,0.0,,0.9523220538036024,0.0,0.0,0.1644,0.4252584282677357,0.1647876977103001,0.0881233753330038,2.990561246871948,0.0,0.0,2.990561246871948,0.1644
cifar,iid,20,9928,5,10,0.6654919981956482,0.0,0.2085889570552147,0.0,1.0,0.0,0.833822222222222,0.0,,0.9523220538036024,0.0,0.0,0.1644,0.4252584282677357,0.1647876977103001,0.0881233753330038,2.990561246871948,0.0,0.0,2.990561246871948,0.1644
cifar,iid,20,9928,5,11,0.6654919981956482,0.0,0.2085889570552147,0.0,1.0,0.0,0.833822222222222,0.0,,0.9523220538036024,0.0,0.0,0.1644,0.4252584282677357,0.1647876977103001,0.0881233753330038,2.990561246871948,0.0,0.0,2.990561246871948,0.1644
cifar,iid,20,9928,5,12,0.6654919981956482,0.0,0.2085889570552147,0.0,1.0,0.0,0.833822222222222,0.0020497088532382,,0.9523220538036024,0.0,0.0,0.1644,0.4252584282677357,0.1647876977103001,0.0881233753330038,2.990561246871948,0.0,0.0,2.990561246871948,0.1644
cifar,iid,20,9928,5,13,0.6654919981956482,0.0,0.2085889570552147,0.0,1.0,0.0,0.833822222222222,0.0,,0.9523220538036024,0.0,0.0,0.1644,0.4252584282677357,0.1647876977103001,0.0881233753330038,2.990561246871948,0.0,0.0,2.990561246871948,0.1644
cifar,iid,20,9928,5,14,0.6654919981956482,0.0,0.2085889570552147,0.0,1.0,0.0,0.833822222222222,0.0014334878193701,,0.9523220538036024,0.0,0.0,0.1644,0.4252584282677357,0.1647876977103001,0.0881233753330038,2.990561246871948,-0.0794602923923068,0.0,2.990561246871948,0.1644
cifar,iid,20,9928,5,15,0.6654919981956482,0.0058883594912151,0.2085889570552147,0.0029093420846444,1.0,0.0,0.833822222222222,0.0,,0.9523220538036024,0.0005856795646901,0.0005856795646901,0.1644,0.4252584282677357,0.1647876977103001,0.0881233753330038,2.990561246871948,0.0,0.0,2.990561246871948,0.1644
cifar,iid,20,9928,5,16,0.6654919981956482,0.0,0.2085889570552147,0.0,1.0,0.0,0.833822222222222,0.0,,0.9523220538036024,0.0,0.0,0.1644,0.4252584282677357,0.1647876977103001,0.0881233753330038,2.990561246871948,0.0,0.0,2.990561246871948,0.1644
cifar,iid,20,9928,5,17,0.6654919981956482,0.0,0.2085889570552147,0.0,1.0,0.0,0.833822222222222,0.0046860487225193,,0.9523220538036024,0.0,0.0,0.1644,0.4252584282677357,0.1647876977103001,0.0881233753330038,2.990561246871948,0.0,0.0,2.990561246871948,0.1644
cifar,iid,20,9928,5,18,0.6654919981956482,0.0,0.2085889570552147,0.0,1.0,0.0,0.833822222222222,0.0,,0.9523220538036024,0.0,0.0,0.1644,0.4252584282677357,0.1647876977103001,0.0881233753330038,2.990561246871948,0.0,0.0,2.990561246871948,0.1644
cifar,iid,20,9928,5,19,0.6654919981956482,0.0,0.2085889570552147,0.0,1.0,0.0,0.833822222222222,0.0,,0.9523220538036024,0.0,0.0,0.1644,0.4252584282677357,0.1647876977103001,0.0881233753330038,2.990561246871948,0.0,0.0,2.990561246871948,0.1644
cifar,iid,20,9928,6,0,0.5730140209197998,0.0,0.1513026052104208,0.0,1.0,0.0,0.7514444444444448,0.0,,0.9540329654275878,0.0,0.0,0.2034,0.4602666858985452,0.2041622253304417,0.143527530609533,2.654633045196533,0.0,0.0,2.654633045196533,0.2034
cifar,iid,20,9928,6,1,0.5730140209197998,0.0,0.1513026052104208,0.0,1.0,0.0,0.7514444444444448,-0.0074065610400162,,0.9540329654275878,0.0,0.0,0.2034,0.4602666858985452,0.2041622253304417,0.143527530609533,2.654633045196533,0.0,0.0,2.654633045196533,0.2034
cifar,iid,20,9928,6,2,0.5730140209197998,0.0,0.1513026052104208,0.0,1.0,0.0,0.7514444444444448,0.0,,0.9540329654275878,0.0,0.0,0.2034,0.4602666858985452,0.2041622253304417,0.143527530609533,2.654633045196533,0.0,0.0,2.654633045196533,0.2034
cifar,iid,20,9928,6,3,0.5730140209197998,0.0,0.1513026052104208,0.0,1.0,0.0,0.7514444444444448,-0.0058942108470444,,0.9540329654275878,0.0,0.0,0.2034,0.4602666858985452,0.2041622253304417,0.143527530609533,2.654633045196533,0.0,0.0,2.654633045196533,0.2034
cifar,iid,20,9928,6,4,0.5730140209197998,0.0,0.1513026052104208,0.0,1.0,0.0,0.7514444444444448,-0.003843794434288,,0.9540329654275878,0.0,0.0,0.2034,0.4602666858985452,0.2041622253304417,0.143527530609533,2.654633045196533,-0.0821659656671377,0.0,2.654633045196533,0.2034
cifar,iid,20,9928,6,5,0.5730140209197998,0.0,0.1513026052104208,0.0,1.0,0.0,0.7514444444444448,0.0,,0.9540329654275878,0.0,0.0,0.2034,0.4602666858985452,0.2041622253304417,0.143527530609533,2.654633045196533,0.0,0.0,2.654633045196533,0.2034
cifar,iid,20,9928,6,6,0.5730140209197998,0.0,0.1513026052104208,0.0,1.0,0.0,0.7514444444444448,0.0,,0.9540329654275878,0.0,0.0,0.2034,0.4602666858985452,0.2041622253304417,0.143527530609533,2.654633045196533,0.0,0.0,2.654633045196533,0.2034
cifar,iid,20,9928,6,7,0.5730140209197998,0.0,0.1513026052104208,0.0,1.0,0.0,0.7514444444444448,0.0,,0.9540329654275878,0.0,0.0,0.2034,0.4602666858985452,0.2041622253304417,0.143527530609533,2.654633045196533,0.0,0.0,2.654633045196533,0.2034
cifar,iid,20,9928,6,8,0.5730140209197998,0.0314299560362292,0.1513026052104208,0.0,1.0,0.0,0.7514444444444448,0.0,,0.9540329654275878,0.0028550475083829,0.0028550475083829,0.2034,0.4602666858985452,0.2041622253304417,0.143527530609533,2.654633045196533,0.0,0.0,2.654633045196533,0.2034
cifar,iid,20,9928,6,9,0.5730140209197998,0.0,0.1513026052104208,0.0,1.0,0.0,0.7514444444444448,0.0,,0.9540329654275878,0.0,0.0,0.2034,0.4602666858985452,0.2041622253304417,0.143527530609533,2.654633045196533,0.0,0.0,2.654633045196533,0.2034
cifar,iid,20,9928,6,10,0.5730140209197998,0.0,0.1513026052104208,0.0,1.0,0.0,0.7514444444444448,0.0,,0.9540329654275878,0.0,0.0,0.2034,0.4602666858985452,0.2041622253304417,0.143527530609533,2.654633045196533,0.0,0.0,2.654633045196533,0.2034
cifar,iid,20,9928,6,11,0.5730140209197998,0.0,0.1513026052104208,0.0,1.0,0.0,0.7514444444444448,-0.0049233394271785,,0.9540329654275878,0.0,0.0,0.2034,0.4602666858985452,0.2041622253304417,0.143527530609533,2.654633045196533,0.0,0.0,2.654633045196533,0.2034
cifar,iid,20,9928,6,12,0.5730140209197998,0.0,0.1513026052104208,0.0,1.0,0.0,0.7514444444444448,-0.0011536664635384,,0.9540329654275878,0.0,0.0,0.2034,0.4602666858985452,0.2041622253304417,0.143527530609533,2.654633045196533,0.0,0.0,2.654633045196533,0.2034
cifar,iid,20,9928,6,13,0.5730140209197998,0.0,0.1513026052104208,0.0,1.0,0.0,0.7514444444444448,0.0,,0.9540329654275878,0.0,0.0,0.2034,0.4602666858985452,0.2041622253304417,0.143527530609533,2.654633045196533,0.0,0.0,2.654633045196533,0.2034
cifar,iid,20,9928,6,14,0.5730140209197998,0.0,0.1513026052104208,0.0,1.0,0.0,0.7514444444444448,-0.003593560836888,,0.9540329654275878,0.0,0.0,0.2034,0.4602666858985452,0.2041622253304417,0.143527530609533,2.654633045196533,0.0,0.0095307692307692,2.654633045196533,0.2034
cifar,iid,20,9928,6,15,0.5730140209197998,0.0208767312829212,0.1513026052104208,0.009122330068019,1.0,0.0,0.7514444444444448,-0.0061422303473491,,0.9540329654275878,0.0032060332177637,0.0032060332177637,0.2034,0.4602666858985452,0.2041622253304417,0.143527530609533,2.654633045196533,0.0,0.0,2.654633045196533,0.2034
cifar,iid,20,9928,6,16,0.5730140209197998,0.0,0.1513026052104208,0.0,1.0,0.0,0.7514444444444448,0.0002103595368677,,0.9540329654275878,0.0,0.0,0.2034,0.4602666858985452,0.2041622253304417,0.143527530609533,2.654633045196533,0.0,0.0,2.654633045196533,0.2034
cifar,iid,20,9928,6,17,0.5730140209197998,0.0,0.1513026052104208,0.0,1.0,0.0,0.7514444444444448,0.0,,0.9540329654275878,0.0,0.0,0.2034,0.4602666858985452,0.2041622253304417,0.143527530609533,2.654633045196533,0.0,0.0,2.654633045196533,0.2034
cifar,iid,20,9928,6,18,0.5730140209197998,0.0,0.1513026052104208,0.0,1.0,0.0,0.7514444444444448,-0.0017839528742636,,0.9540329654275878,0.0,0.0,0.2034,0.4602666858985452,0.2041622253304417,0.143527530609533,2.654633045196533,0.0,0.0085923076923076,2.654633045196533,0.2034
cifar,iid,20,9928,6,19,0.5730140209197998,0.0,0.1513026052104208,0.0,1.0,0.0,0.7514444444444448,0.0036708714198659,,0.9540329654275878,0.0,0.0,0.2034,0.4602666858985452,0.2041622253304417,0.143527530609533,2.654633045196533,0.0,0.0,2.654633045196533,0.2034
cifar,iid,20,9928,7,0,0.4574199914932251,0.0,0.1091424521615875,0.0,0.9987215001065416,0.0001854340210124,0.6477888888888887,0.0,,0.9420609176925828,0.0,0.0,0.2814,0.6264070898596212,0.2831465847145762,0.2450308692659096,2.2629573345184326,0.0,0.0,2.2629573345184326,0.2814
cifar,iid,20,9928,7,1,0.4574199914932251,0.0,0.1091424521615875,0.0,0.9987215001065416,0.0,0.6477888888888887,0.0037909702209413,,0.9420609176925828,0.0,0.0,0.2814,0.6264070898596212,0.2831465847145762,0.2450308692659096,2.2629573345184326,0.0,0.0,2.2629573345184326,0.2814
cifar,iid,20,9928,7,2,0.4574199914932251,0.0,0.1091424521615875,0.0,0.9987215001065416,0.0,0.6477888888888887,0.0,,0.9420609176925828,0.0,0.0,0.2814,0.6264070898596212,0.2831465847145762,0.2450308692659096,2.2629573345184326,0.0,0.0,2.2629573345184326,0.2814
cifar,iid,20,9928,7,3,0.4574199914932251,0.0,0.1091424521615875,0.0,0.9987215001065416,0.0,0.6477888888888887,-0.0005433237271853,,0.9420609176925828,0.0,0.0,0.2814,0.6264070898596212,0.2831465847145762,0.2450308692659096,2.2629573345184326,0.0,0.0,2.2629573345184326,0.2814
cifar,iid,20,9928,7,4,0.4574199914932251,0.0,0.1091424521615875,0.0,0.9987215001065416,0.0,0.6477888888888887,0.0,,0.9420609176925828,0.0,0.0,0.2814,0.6264070898596212,0.2831465847145762,0.2450308692659096,2.2629573345184326,0.0,0.0,2.2629573345184326,0.2814
cifar,iid,20,9928,7,5,0.4574199914932251,0.0,0.1091424521615875,0.0,0.9987215001065416,0.0,0.6477888888888887,0.0,,0.9420609176925828,0.0,0.0,0.2814,0.6264070898596212,0.2831465847145762,0.2450308692659096,2.2629573345184326,0.0,0.0,2.2629573345184326,0.2814
cifar,iid,20,9928,7,6,0.4574199914932251,0.0,0.1091424521615875,0.0,0.9987215001065416,0.0,0.6477888888888887,0.0,,0.9420609176925828,0.0,0.0,0.2814,0.6264070898596212,0.2831465847145762,0.2450308692659096,2.2629573345184326,0.0,0.0216919999999999,2.2629573345184326,0.2814
cifar,iid,20,9928,7,7,0.4574199914932251,0.0,0.1091424521615875,0.0,0.9987215001065416,0.0,0.6477888888888887,0.0,,0.9420609176925828,0.0,0.0,0.2814,0.6264070898596212,0.2831465847145762,0.2450308692659096,2.2629573345184326,0.0,0.0,2.2629573345184326,0.2814
cifar,iid,20,9928,7,8,0.4574199914932251,0.0311447036266326,0.1091424521615875,-0.0010136908182449,0.9987215001065416,0.0,0.6477888888888887,0.0,,0.9420609176925828,0.0035732285853993,0.0035732285853993,0.2814,0.6264070898596212,0.2831465847145762,0.2450308692659096,2.2629573345184326,0.0,0.0,2.2629573345184326,0.2814
cifar,iid,20,9928,7,9,0.4574199914932251,0.0,0.1091424521615875,0.0,0.9987215001065416,0.0,0.6477888888888887,0.0,,0.9420609176925828,0.0,0.0,0.2814,0.6264070898596212,0.2831465847145762,0.2450308692659096,2.2629573345184326,0.0,0.0,2.2629573345184326,0.2814
cifar,iid,20,9928,7,10,0.4574199914932251,0.0,0.1091424521615875,0.0,0.9987215001065416,0.0,0.6477888888888887,0.0,,0.9420609176925828,0.0,0.0,0.2814,0.6264070898596212,0.2831465847145762,0.2450308692659096,2.2629573345184326,0.0,0.0,2.2629573345184326,0.2814
cifar,iid,20,9928,7,11,0.4574199914932251,0.0,0.1091424521615875,0.0,0.9987215001065416,0.0,0.6477888888888887,0.0,,0.9420609176925828,0.0,0.0,0.2814,0.6264070898596212,0.2831465847145762,0.2450308692659096,2.2629573345184326,0.0,0.0,2.2629573345184326,0.2814
cifar,iid,20,9928,7,12,0.4574199914932251,0.0,0.1091424521615875,0.0,0.9987215001065416,0.0,0.6477888888888887,0.0,,0.9420609176925828,0.0,0.0,0.2814,0.6264070898596212,0.2831465847145762,0.2450308692659096,2.2629573345184326,0.0,0.0,2.2629573345184326,0.2814
cifar,iid,20,9928,7,13,0.4574199914932251,0.0,0.1091424521615875,0.0,0.9987215001065416,0.0,0.6477888888888887,0.0,,0.9420609176925828,0.0,0.0,0.2814,0.6264070898596212,0.2831465847145762,0.2450308692659096,2.2629573345184326,-0.0835605412721633,0.0,2.2629573345184326,0.2814
cifar,iid,20,9928,7,14,0.4574199914932251,0.0,0.1091424521615875,0.0,0.9987215001065416,0.0,0.6477888888888887,0.0,,0.9420609176925828,0.0,0.0,0.2814,0.6264070898596212,0.2831465847145762,0.2450308692659096,2.2629573345184326,0.0,0.0,2.2629573345184326,0.2814
cifar,iid,20,9928,7,15,0.4574199914932251,0.0238834983110427,0.1091424521615875,0.0161629756001819,0.9987215001065416,0.0,0.6477888888888887,0.0,,0.9420609176925828,0.0,0.0,0.2814,0.6264070898596212,0.2831465847145762,0.2450308692659096,2.2629573345184326,0.0,0.0,2.2629573345184326,0.2814
cifar,iid,20,9928,7,16,0.4574199914932251,0.0,0.1091424521615875,0.0,0.9987215001065416,0.0,0.6477888888888887,0.0,,0.9420609176925828,0.0,0.0,0.2814,0.6264070898596212,0.2831465847145762,0.2450308692659096,2.2629573345184326,0.0,0.0,2.2629573345184326,0.2814
cifar,iid,20,9928,7,17,0.4574199914932251,0.0,0.1091424521615875,0.0,0.9987215001065416,0.0,0.6477888888888887,0.0037859109830291,,0.9420609176925828,0.0,0.0,0.2814,0.6264070898596212,0.2831465847145762,0.2450308692659096,2.2629573345184326,0.0,0.0,2.2629573345184326,0.2814
cifar,iid,20,9928,7,18,0.4574199914932251,0.0,0.1091424521615875,0.0,0.9987215001065416,0.0,0.6477888888888887,0.0,,0.9420609176925828,0.0,0.0,0.2814,0.6264070898596212,0.2831465847145762,0.2450308692659096,2.2629573345184326,0.0,0.0100746666666666,2.2629573345184326,0.2814
cifar,iid,20,9928,7,19,0.4574199914932251,0.0,0.1091424521615875,0.0,0.9987215001065416,0.0,0.6477888888888887,0.0,,0.9420609176925828,0.0,0.0,0.2814,0.6264070898596212,0.2831465847145762,0.2450308692659096,2.2629573345184326,0.0,0.0,2.2629573345184326,0.2814
cifar,iid,20,9928,8,0,0.3651220202445984,0.0,0.0919345741680767,0.0,0.9883414968998808,0.0,0.7112222222222222,0.0,,0.9422895654471682,0.0,0.0,0.3568,0.5895240795538962,0.3592346250136968,0.3410967289640595,1.90232515335083,0.0,0.0,1.90232515335083,0.3568
cifar,iid,20,9928,8,1,0.3651220202445984,0.0,0.0919345741680767,0.0,0.9883414968998808,0.0,0.7112222222222222,0.0005529400853274,,0.9422895654471682,0.0,0.0,0.3568,0.5895240795538962,0.3592346250136968,0.3410967289640595,1.90232515335083,0.0,0.0,1.90232515335083,0.3568
cifar,iid,20,9928,8,2,0.3651220202445984,0.0,0.0919345741680767,0.0,0.9883414968998808,0.0,0.7112222222222222,0.0,,0.9422895654471682,0.0,0.0,0.3568,0.5895240795538962,0.3592346250136968,0.3410967289640595,1.90232515335083,0.0,0.0,1.90232515335083,0.3568
cifar,iid,20,9928,8,3,0.3651220202445984,0.0,0.0919345741680767,0.0,0.9883414968998808,0.0,0.7112222222222222,0.0,,0.9422895654471682,0.0,0.0,0.3568,0.5895240795538962,0.3592346250136968,0.3410967289640595,1.90232515335083,0.0,0.0,1.90232515335083,0.3568
cifar,iid,20,9928,8,4,0.3651220202445984,0.0,0.0919345741680767,0.0,0.9883414968998808,0.0,0.7112222222222222,0.0,,0.9422895654471682,0.0,0.0,0.3568,0.5895240795538962,0.3592346250136968,0.3410967289640595,1.90232515335083,0.0,0.0,1.90232515335083,0.3568
cifar,iid,20,9928,8,5,0.3651220202445984,0.0,0.0919345741680767,0.0,0.9883414968998808,0.0,0.7112222222222222,0.0,,0.9422895654471682,0.0,0.0,0.3568,0.5895240795538962,0.3592346250136968,0.3410967289640595,1.90232515335083,0.0,0.0,1.90232515335083,0.3568
cifar,iid,20,9928,8,6,0.3651220202445984,0.0,0.0919345741680767,0.0,0.9883414968998808,0.0,0.7112222222222222,-0.0081470877388239,,0.9422895654471682,0.0,0.0,0.3568,0.5895240795538962,0.3592346250136968,0.3410967289640595,1.90232515335083,-0.100806419496183,0.0223282828282828,1.90232515335083,0.3568
cifar,iid,20,9928,8,7,0.3651220202445984,0.0,0.0919345741680767,0.0,0.9883414968998808,0.0,0.7112222222222222,0.003958430717863,,0.9422895654471682,0.0,0.0,0.3568,0.5895240795538962,0.3592346250136968,0.3410967289640595,1.90232515335083,0.0,0.0,1.90232515335083,0.3568
cifar,iid,20,9928,8,8,0.3651220202445984,0.0,0.0919345741680767,0.0,0.9883414968998808,0.0,0.7112222222222222,0.0,,0.9422895654471682,0.0,0.0,0.3568,0.5895240795538962,0.3592346250136968,0.3410967289640595,1.90232515335083,0.0,0.0,1.90232515335083,0.3568
cifar,iid,20,9928,8,9,0.3651220202445984,0.0,0.0919345741680767,0.0,0.9883414968998808,0.0,0.7112222222222222,0.0032730754961973,,0.9422895654471682,0.0,0.0,0.3568,0.5895240795538962,0.3592346250136968,0.3410967289640595,1.90232515335083,0.0,0.0,1.90232515335083,0.3568
cifar,iid,20,9928,8,10,0.3651220202445984,0.0,0.0919345741680767,0.0,0.9883414968998808,0.0005710426246854,0.7112222222222222,-0.0005426080504544,,0.9422895654471682,0.0,0.0,0.3568,0.5895240795538962,0.3592346250136968,0.3410967289640595,1.90232515335083,0.0,0.0,1.90232515335083,0.3568
cifar,iid,20,9928,8,11,0.3651220202445984,0.0,0.0919345741680767,0.0,0.9883414968998808,0.0,0.7112222222222222,0.0,,0.9422895654471682,0.0,0.0,0.3568,0.5895240795538962,0.3592346250136968,0.3410967289640595,1.90232515335083,0.0,0.0,1.90232515335083,0.3568
cifar,iid,20,9928,8,12,0.3651220202445984,0.0,0.0919345741680767,0.0,0.9883414968998808,0.0,0.7112222222222222,0.0,,0.9422895654471682,0.0,0.0,0.3568,0.5895240795538962,0.3592346250136968,0.3410967289640595,1.90232515335083,0.0,0.0,1.90232515335083,0.3568
cifar,iid,20,9928,8,13,0.3651220202445984,0.0,0.0919345741680767,0.0,0.9883414968998808,0.0,0.7112222222222222,-0.0074433685772584,,0.9422895654471682,0.0,0.0,0.3568,0.5895240795538962,0.3592346250136968,0.3410967289640595,1.90232515335083,-0.0945235192775726,0.017830303030303,1.90232515335083,0.3568
cifar,iid,20,9928,8,14,0.3651220202445984,0.0,0.0919345741680767,0.0,0.9883414968998808,0.0,0.7112222222222222,0.0004590706733444,,0.9422895654471682,0.0,0.0,0.3568,0.5895240795538962,0.3592346250136968,0.3410967289640595,1.90232515335083,0.0,0.0,1.90232515335083,0.3568
cifar,iid,20,9928,8,15,0.3651220202445984,0.0,0.0919345741680767,0.0092996843982085,0.9883414968998808,0.0,0.7112222222222222,0.0014865887590428,,0.9422895654471682,0.0,0.0,0.3568,0.5895240795538962,0.3592346250136968,0.3410967289640595,1.90232515335083,0.0,0.0,1.90232515335083,0.3568
cifar,iid,20,9928,8,16,0.3651220202445984,0.0,0.0919345741680767,0.0,0.9883414968998808,0.0,0.7112222222222222,0.0,,0.9422895654471682,0.0,0.0,0.3568,0.5895240795538962,0.3592346250136968,0.3410967289640595,1.90232515335083,0.0,0.0,1.90232515335083,0.3568
cifar,iid,20,9928,8,17,0.3651220202445984,0.0,0.0919345741680767,0.0,0.9883414968998808,0.0,0.7112222222222222,0.0,,0.9422895654471682,0.0,0.0,0.3568,0.5895240795538962,0.3592346250136968,0.3410967289640595,1.90232515335083,0.0,0.0,1.90232515335083,0.3568
cifar,iid,20,9928,8,18,0.3651220202445984,0.0285456115379929,0.0919345741680767,0.0,0.9883414968998808,0.0,0.7112222222222222,0.0002317288072713,,0.9422895654471682,0.0,0.0,0.3568,0.5895240795538962,0.3592346250136968,0.3410967289640595,1.90232515335083,0.0,0.0,1.90232515335083,0.3568
cifar,iid,20,9928,8,19,0.3651220202445984,0.0,0.0919345741680767,0.0,0.9883414968998808,0.0,0.7112222222222222,0.0,,0.9422895654471682,0.0,0.0,0.3568,0.5895240795538962,0.3592346250136968,0.3410967289640595,1.90232515335083,0.0,0.0,1.90232515335083,0.3568
cifar,iid,20,9928,9,0,0.329941987991333,0.0,0.0757156048014773,0.0,0.9832587310367996,0.0,0.6146,0.0,,0.9440727201574431,0.0,0.0,0.4236,0.605715350370633,0.4266472224365015,0.4200609989365264,1.6568049192428589,0.0,0.0,1.6568049192428589,0.4236
cifar,iid,20,9928,9,1,0.329941987991333,0.0,0.0757156048014773,0.0,0.9832587310367996,0.0,0.6146,0.0,,0.9440727201574431,0.0,0.0,0.4236,0.605715350370633,0.4266472224365015,0.4200609989365264,1.6568049192428589,0.0,0.0,1.6568049192428589,0.4236
cifar,iid,20,9928,9,2,0.329941987991333,0.0,0.0757156048014773,0.0,0.9832587310367996,0.0,0.6146,0.0,,0.9440727201574431,0.0,0.0,0.4236,0.605715350370633,0.4266472224365015,0.4200609989365264,1.6568049192428589,0.0,0.0,1.6568049192428589,0.4236
cifar,iid,20,9928,9,3,0.329941987991333,0.0,0.0757156048014773,0.0,0.9832587310367996,0.0,0.6146,0.0,,0.9440727201574431,-0.0025487953458377,0.0025487953458377,0.4236,0.605715350370633,0.4266472224365015,0.4200609989365264,1.6568049192428589,0.0,0.0,1.6568049192428589,0.4236
cifar,iid,20,9928,9,4,0.329941987991333,0.0,0.0757156048014773,0.0,0.9832587310367996,0.0,0.6146,0.0,,0.9440727201574431,0.0,0.0,0.4236,0.605715350370633,0.4266472224365015,0.4200609989365264,1.6568049192428589,0.0,0.0,1.6568049192428589,0.4236
cifar,iid,20,9928,9,5,0.329941987991333,0.0,0.0757156048014773,0.0,0.9832587310367996,0.0003469453004841,0.6146,0.0,,0.9440727201574431,0.0015838553635352,0.0015838553635352,0.4236,0.605715350370633,0.4266472224365015,0.4200609989365264,1.6568049192428589,0.0,0.0,1.6568049192428589,0.4236
cifar,iid,20,9928,9,6,0.329941987991333,0.0,0.0757156048014773,0.0,0.9832587310367996,0.0,0.6146,0.0,,0.9440727201574431,-0.0013354030397924,0.0013354030397924,0.4236,0.605715350370633,0.4266472224365015,0.4200609989365264,1.6568049192428589,-0.0846551070447828,0.0284047619047619,1.6568049192428589,0.4236
cifar,iid,20,9928,9,7,0.329941987991333,0.0,0.0757156048014773,0.0,0.9832587310367996,0.0,0.6146,0.0,,0.9440727201574431,0.0,0.0,0.4236,0.605715350370633,0.4266472224365015,0.4200609989365264,1.6568049192428589,0.0,0.0,1.6568049192428589,0.4236
cifar,iid,20,9928,9,8,0.329941987991333,0.0,0.0757156048014773,0.0,0.9832587310367996,0.0018882315852742,0.6146,0.0,,0.9440727201574431,0.0,0.0,0.4236,0.605715350370633,0.4266472224365015,0.4200609989365264,1.6568049192428589,0.0,0.0,1.6568049192428589,0.4236
cifar,iid,20,9928,9,9,0.329941987991333,0.0,0.0757156048014773,0.0,0.9832587310367996,0.0,0.6146,0.0,,0.9440727201574431,0.0033196632278485,0.0033196632278485,0.4236,0.605715350370633,0.4266472224365015,0.4200609989365264,1.6568049192428589,0.0,0.0,1.6568049192428589,0.4236
cifar,iid,20,9928,9,10,0.329941987991333,0.0,0.0757156048014773,0.0,0.9832587310367996,-9.16273492934954e-05,0.6146,0.0,,0.9440727201574431,0.0,0.0,0.4236,0.605715350370633,0.4266472224365015,0.4200609989365264,1.6568049192428589,0.0,0.0,1.6568049192428589,0.4236
cifar,iid,20,9928,9,11,0.329941987991333,0.0,0.0757156048014773,0.0,0.9832587310367996,0.0,0.6146,0.0,,0.9440727201574431,0.0007518592671361,0.0007518592671361,0.4236,0.605715350370633,0.4266472224365015,0.4200609989365264,1.6568049192428589,0.0,0.0,1.6568049192428589,0.4236
cifar,iid,20,9928,9,12,0.329941987991333,0.0,0.0757156048014773,0.0,0.9832587310367996,0.0,0.6146,0.0,,0.9440727201574431,0.0,0.0,0.4236,0.605715350370633,0.4266472224365015,0.4200609989365264,1.6568049192428589,0.0,0.0,1.6568049192428589,0.4236
cifar,iid,20,9928,9,13,0.329941987991333,0.0,0.0757156048014773,0.0,0.9832587310367996,0.0,0.6146,0.0,,0.9440727201574431,0.0,0.0,0.4236,0.605715350370633,0.4266472224365015,0.4200609989365264,1.6568049192428589,-0.0917884492483295,0.0188119047619047,1.6568049192428589,0.4236
cifar,iid,20,9928,9,14,0.329941987991333,0.0,0.0757156048014773,0.0027944887550689,0.9832587310367996,0.0006197535654014,0.6146,0.0013379046369203,,0.9440727201574431,0.0,0.0,0.4236,0.605715350370633,0.4266472224365015,0.4200609989365264,1.6568049192428589,0.0,0.0,1.6568049192428589,0.4236
cifar,iid,20,9928,9,15,0.329941987991333,0.0,0.0757156048014773,0.0,0.9832587310367996,0.0,0.6146,0.0,,0.9440727201574431,0.0011707127575921,0.0011707127575921,0.4236,0.605715350370633,0.4266472224365015,0.4200609989365264,1.6568049192428589,0.0,0.0,1.6568049192428589,0.4236
cifar,iid,20,9928,9,16,0.329941987991333,0.0,0.0757156048014773,0.0,0.9832587310367996,0.0,0.6146,0.0,,0.9440727201574431,0.0,0.0,0.4236,0.605715350370633,0.4266472224365015,0.4200609989365264,1.6568049192428589,0.0,0.0,1.6568049192428589,0.4236
cifar,iid,20,9928,9,17,0.329941987991333,0.0,0.0757156048014773,0.0,0.9832587310367996,0.0,0.6146,0.0051932961504811,,0.9440727201574431,0.0,0.0,0.4236,0.605715350370633,0.4266472224365015,0.4200609989365264,1.6568049192428589,0.0,0.0,1.6568049192428589,0.4236
cifar,iid,20,9928,9,18,0.329941987991333,0.0212060419129736,0.0757156048014773,0.0,0.9832587310367996,0.0,0.6146,0.0,,0.9440727201574431,0.0,0.0,0.4236,0.605715350370633,0.4266472224365015,0.4200609989365264,1.6568049192428589,0.0,0.0,1.6568049192428589,0.4236
cifar,iid,20,9928,9,19,0.329941987991333,0.0,0.0757156048014773,0.0,0.9832587310367996,0.0,0.6146,0.0,,0.9440727201574431,0.0017729234214947,0.0017729234214947,0.4236,0.605715350370633,0.4266472224365015,0.4200609989365264,1.6568049192428589,0.0,0.0,1.6568049192428589,0.4236
cifar,iid,20,9928,10,0,0.3261500000953674,0.0100164793388188,0.0610169491525423,0.0,0.9731528904022972,0.0,0.6357999999999999,0.0,,0.9570559821166216,0.0,0.0,0.474,0.6138224389401135,0.4774789773121765,0.4728460161299618,1.5038652420043943,0.0,0.0,1.5038652420043943,0.474
cifar,iid,20,9928,10,1,0.3261500000953674,0.0,0.0610169491525423,0.0,0.9731528904022972,0.0,0.6357999999999999,0.0053521045751634,,0.9570559821166216,0.0,0.0,0.474,0.6138224389401135,0.4774789773121765,0.4728460161299618,1.5038652420043943,0.0,0.0,1.5038652420043943,0.474
cifar,iid,20,9928,10,2,0.3261500000953674,0.0,0.0610169491525423,0.0,0.9731528904022972,0.0,0.6357999999999999,0.0,,0.9570559821166216,0.0,0.0,0.474,0.6138224389401135,0.4774789773121765,0.4728460161299618,1.5038652420043943,0.0,0.0,1.5038652420043943,0.474
cifar,iid,20,9928,10,3,0.3261500000953674,0.0,0.0610169491525423,0.0,0.9731528904022972,0.0,0.6357999999999999,0.0,,0.9570559821166216,0.0,0.0,0.474,0.6138224389401135,0.4774789773121765,0.4728460161299618,1.5038652420043943,0.0,0.0213938461538461,1.5038652420043943,0.474
cifar,iid,20,9928,10,4,0.3261500000953674,0.0,0.0610169491525423,0.0,0.9731528904022972,0.0,0.6357999999999999,0.0,,0.9570559821166216,0.0,0.0,0.474,0.6138224389401135,0.4774789773121765,0.4728460161299618,1.5038652420043943,0.0,0.0,1.5038652420043943,0.474
cifar,iid,20,9928,10,5,0.3261500000953674,0.0,0.0610169491525423,0.0,0.9731528904022972,0.0,0.6357999999999999,0.0,,0.9570559821166216,0.0,0.0,0.474,0.6138224389401135,0.4774789773121765,0.4728460161299618,1.5038652420043943,0.0,0.0,1.5038652420043943,0.474
cifar,iid,20,9928,10,6,0.3261500000953674,0.0,0.0610169491525423,0.0,0.9731528904022972,0.0002072406684064,0.6357999999999999,0.0,,0.9570559821166216,0.0,0.0,0.474,0.6138224389401135,0.4774789773121765,0.4728460161299618,1.5038652420043943,0.0,0.0,1.5038652420043943,0.474
cifar,iid,20,9928,10,7,0.3261500000953674,0.0,0.0610169491525423,0.0,0.9731528904022972,0.0,0.6357999999999999,0.0,,0.9570559821166216,0.0,0.0,0.474,0.6138224389401135,0.4774789773121765,0.4728460161299618,1.5038652420043943,0.0,0.0,1.5038652420043943,0.474
cifar,iid,20,9928,10,8,0.3261500000953674,0.0,0.0610169491525423,0.0,0.9731528904022972,0.0,0.6357999999999999,0.0,,0.9570559821166216,0.0,0.0,0.474,0.6138224389401135,0.4774789773121765,0.4728460161299618,1.5038652420043943,0.0,0.0,1.5038652420043943,0.474
cifar,iid,20,9928,10,9,0.3261500000953674,0.0,0.0610169491525423,0.0,0.9731528904022972,0.0,0.6357999999999999,0.0,,0.9570559821166216,0.0039082990815813,0.0039082990815813,0.474,0.6138224389401135,0.4774789773121765,0.4728460161299618,1.5038652420043943,0.0,0.0,1.5038652420043943,0.474
cifar,iid,20,9928,10,10,0.3261500000953674,0.0,0.0610169491525423,0.0,0.9731528904022972,0.0,0.6357999999999999,0.0,,0.9570559821166216,0.0,0.0,0.474,0.6138224389401135,0.4774789773121765,0.4728460161299618,1.5038652420043943,0.0,0.0,1.5038652420043943,0.474
cifar,iid,20,9928,10,11,0.3261500000953674,0.0,0.0610169491525423,0.0,0.9731528904022972,0.0,0.6357999999999999,0.0,,0.9570559821166216,0.0016171435974859,0.0016171435974859,0.474,0.6138224389401135,0.4774789773121765,0.4728460161299618,1.5038652420043943,-0.0380586326122283,0.0085461538461538,1.5038652420043943,0.474
cifar,iid,20,9928,10,12,0.3261500000953674,0.0,0.0610169491525423,0.0,0.9731528904022972,0.0,0.6357999999999999,0.0,,0.9570559821166216,0.0,0.0,0.474,0.6138224389401135,0.4774789773121765,0.4728460161299618,1.5038652420043943,0.0,0.0,1.5038652420043943,0.474
cifar,iid,20,9928,10,13,0.3261500000953674,0.0,0.0610169491525423,0.0,0.9731528904022972,-0.0019967508378465,0.6357999999999999,0.0,,0.9570559821166216,0.0,0.0,0.474,0.6138224389401135,0.4774789773121765,0.4728460161299618,1.5038652420043943,-0.0584433710575103,0.0,1.5038652420043943,0.474
cifar,iid,20,9928,10,14,0.3261500000953674,0.0,0.0610169491525423,0.0081983668222374,0.9731528904022972,0.0,0.6357999999999999,0.0,,0.9570559821166216,0.0,0.0,0.474,0.6138224389401135,0.4774789773121765,0.4728460161299618,1.5038652420043943,0.0,0.0,1.5038652420043943,0.474
cifar,iid,20,9928,10,15,0.3261500000953674,0.0,0.0610169491525423,0.0,0.9731528904022972,0.0,0.6357999999999999,0.0094515294117647,,0.9570559821166216,0.0033429351895864,0.0033429351895864,0.474,0.6138224389401135,0.4774789773121765,0.4728460161299618,1.5038652420043943,0.0,0.0,1.5038652420043943,0.474
cifar,iid,20,9928,10,16,0.3261500000953674,0.0,0.0610169491525423,0.0,0.9731528904022972,0.0,0.6357999999999999,0.0,,0.9570559821166216,0.0,0.0,0.474,0.6138224389401135,0.4774789773121765,0.4728460161299618,1.5038652420043943,0.0,0.0,1.5038652420043943,0.474
cifar,iid,20,9928,10,17,0.3261500000953674,0.0,0.0610169491525423,0.0,0.9731528904022972,0.0,0.6357999999999999,0.0,,0.9570559821166216,0.0,0.0,0.474,0.6138224389401135,0.4774789773121765,0.4728460161299618,1.5038652420043943,-0.0773652386665344,0.0,1.5038652420043943,0.474
cifar,iid,20,9928,10,18,0.3261500000953674,0.0,0.0610169491525423,0.0,0.9731528904022972,-0.0027472530230227,0.6357999999999999,0.0,,0.9570559821166216,0.0,0.0,0.474,0.6138224389401135,0.4774789773121765,0.4728460161299618,1.5038652420043943,-0.0742521452903747,0.0153015384615384,1.5038652420043943,0.474
cifar,iid,20,9928,10,19,0.3261500000953674,0.0,0.0610169491525423,0.0,0.9731528904022972,0.0,0.6357999999999999,0.0,,0.9570559821166216,0.0026559068653487,0.0026559068653487,0.474,0.6138224389401135,0.4774789773121765,0.4728460161299618,1.5038652420043943,0.0,0.0,1.5038652420043943,0.474
cifar,iid,4,9928,1,0,0.8309800028800964,-0.0259925246238708,0.664167916041979,0.1599868998063032,1.0,0.0,0.8238444444444444,-0.027521111111111,,0.9801628444011692,0.0076994100873595,0.0076994100873595,0.1334,0.2763350541854933,0.1349472483648577,0.0762323993965667,2.953578233718872,0.0,0.0,2.953578233718872,0.1334
cifar,iid,4,9928,1,1,0.8309800028800964,0.0,0.664167916041979,0.23259038920992,1.0,0.0,0.8238444444444444,0.0,,0.9801628444011692,0.0,0.0,0.1334,0.2763350541854933,0.1349472483648577,0.0762323993965667,2.953578233718872,0.0,0.0,2.953578233718872,0.1334
cifar,iid,4,9928,1,2,0.8309800028800964,0.1322124441464742,0.664167916041979,0.1633123023120683,1.0,0.0,0.8238444444444444,0.0,,0.9801628444011692,-0.001854742421713,0.001854742421713,0.1334,0.2763350541854933,0.1349472483648577,0.0762323993965667,2.953578233718872,0.0714904069900512,0.0138599999999999,2.953578233718872,0.1334
cifar,iid,4,9928,1,3,0.8309800028800964,0.0,0.664167916041979,0.1060055974409601,1.0,0.0,0.8238444444444444,0.0,,0.9801628444011692,0.0,0.0,0.1334,0.2763350541854933,0.1349472483648577,0.0762323993965667,2.953578233718872,0.0,0.0,2.953578233718872,0.1334
cifar,iid,4,9928,2,0,0.4645419716835022,0.0,0.1961214782290523,0.0,0.9699267951228212,-0.0057124374718462,0.6674,0.0034314814814814,,0.9173318151216472,-0.0254460599781803,0.0254460599781803,0.5466,0.6018437534782791,0.5493436777430173,0.5472601430612754,1.3055765628814695,-0.3734234054883321,0.0919933333333333,1.3055765628814695,0.5466
cifar,iid,4,9928,2,1,0.4645419716835022,0.0,0.1961214782290523,-0.1059396237691981,0.9699267951228212,0.0,0.6674,0.0,,0.9173318151216472,-0.0044653834327079,0.0044653834327079,0.5466,0.6018437534782791,0.5493436777430173,0.5472601430612754,1.3055765628814695,-0.5101457913716634,0.1255333333333333,1.3055765628814695,0.5466
cifar,iid,4,9928,2,2,0.4645419716835022,-0.0112489422162373,0.1961214782290523,-0.0824091254697247,0.9699267951228212,-0.0060278516782798,0.6674,0.0,,0.9173318151216472,0.0,0.0,0.5466,0.6018437534782791,0.5493436777430173,0.5472601430612754,1.3055765628814695,0.0,0.0,1.3055765628814695,0.5466
cifar,iid,4,9928,2,3,0.4645419716835022,0.0,0.1961214782290523,0.0,0.9699267951228212,0.0,0.6674,0.0,,0.9173318151216472,0.0,0.0,0.5466,0.6018437534782791,0.5493436777430173,0.5472601430612754,1.3055765628814695,0.0,0.1026466666666666,1.3055765628814695,0.5466
cifar,iid,4,9928,3,0,0.4360359907150268,0.0,0.1420965058236273,0.0,0.9697449455179972,0.0,0.5668666666666666,0.0,,0.9391626904405574,0.0,0.0,0.6036,0.6377388867709206,0.6064247497644436,0.6007684654671352,1.1187379360198977,-0.1216168721516927,0.04318,1.1187379360198977,0.6036
cifar,iid,4,9928,3,1,0.4360359907150268,0.040143879254659,0.1420965058236273,0.0098889475136123,0.9697449455179972,0.0,0.5668666666666666,0.0,,0.9391626904405574,0.0165506583816432,0.0165506583816432,0.6036,0.6377388867709206,0.6064247497644436,0.6007684654671352,1.1187379360198977,0.0,0.0,1.1187379360198977,0.6036
cifar,iid,4,9928,3,2,0.4360359907150268,0.0,0.1420965058236273,0.0071947231599119,0.9697449455179972,0.0,0.5668666666666666,0.0254733333333333,,0.9391626904405574,0.0,0.0,0.6036,0.6377388867709206,0.6064247497644436,0.6007684654671352,1.1187379360198977,-0.0240676482518514,0.0072666666666666,1.1187379360198977,0.6036
cifar,iid,4,9928,3,3,0.4360359907150268,0.0,0.1420965058236273,0.0,0.9697449455179972,0.0,0.5668666666666666,0.0,,0.9391626904405574,0.0095993559362067,0.0095993559362067,0.6036,0.6377388867709206,0.6064247497644436,0.6007684654671352,1.1187379360198977,-0.0631000479062398,0.0091266666666666,1.1187379360198977,0.6036
cifar,iid,4,9928,4,0,0.4484339952468872,0.0,0.1071197411003236,0.0,0.9703543499188964,0.0,0.5973555555555556,0.0,,0.9399189601235192,0.0,0.0,0.6148,0.6538437497871868,0.6167650808352505,0.6113581295840017,1.0867537260055542,-0.1568689306577046,0.04904,1.0867537260055542,0.6148
cifar,iid,4,9928,4,1,0.4484339952468872,0.0,0.1071197411003236,-0.0085567303624973,0.9703543499188964,0.0,0.5973555555555556,0.0,,0.9399189601235192,0.0,0.0,0.6148,0.6538437497871868,0.6167650808352505,0.6113581295840017,1.0867537260055542,0.0,0.0,1.0867537260055542,0.6148
cifar,iid,4,9928,4,2,0.4484339952468872,0.0,0.1071197411003236,0.0084311184751151,0.9703543499188964,0.0,0.5973555555555556,0.0,,0.9399189601235192,0.0,0.0,0.6148,0.6538437497871868,0.6167650808352505,0.6113581295840017,1.0867537260055542,-0.0475778778394063,0.0102933333333332,1.0867537260055542,0.6148
cifar,iid,4,9928,4,3,0.4484339952468872,0.028951875368754,0.1071197411003236,0.0,0.9703543499188964,0.0,0.5973555555555556,0.0523588888888889,,0.9399189601235192,0.0,0.0,0.6148,0.6538437497871868,0.6167650808352505,0.6113581295840017,1.0867537260055542,-0.0491452654202779,0.0031466666666666,1.0867537260055542,0.6148
cifar,iid,4,9928,5,0,0.4208340048789978,0.0,0.0799870466321243,0.0,0.9659705250942044,0.0,0.6578222222222223,0.0315096296296296,,0.9372720390023186,-0.0001814419871364,0.0001814419871364,0.626,0.6649316310665456,0.6280761421779639,0.622509404826454,1.0473411083221436,-0.1805747667948405,0.0322066666666666,1.0473411083221436,0.626
cifar,iid,4,9928,5,1,0.4208340048789978,0.0,0.0799870466321243,0.0,0.9659705250942044,0.0,0.6578222222222223,0.0,,0.9372720390023186,0.0097511074933448,0.0097511074933448,0.626,0.6649316310665456,0.6280761421779639,0.622509404826454,1.0473411083221436,0.0,0.0,1.0473411083221436,0.626
cifar,iid,4,9928,5,2,0.4208340048789978,0.0,0.0799870466321243,0.0164223144519335,0.9659705250942044,0.0,0.6578222222222223,0.0,,0.9372720390023186,0.0,0.0,0.626,0.6649316310665456,0.6280761421779639,0.622509404826454,1.0473411083221436,-0.0771353801091512,0.0455999999999999,1.0473411083221436,0.626
cifar,iid,4,9928,5,3,0.4208340048789978,0.002247130870819,0.0799870466321243,0.0,0.9659705250942044,0.0037722456320812,0.6578222222222223,0.0,,0.9372720390023186,0.0060292474905573,0.0060292474905573,0.626,0.6649316310665456,0.6280761421779639,0.622509404826454,1.0473411083221436,0.0,0.0,1.0473411083221436,0.626
cifar,iid,4,9928,6,0,0.4408640265464782,0.0,0.0645894190197987,0.0,0.9707194372934672,0.0,0.7160888888888888,0.0,,0.9379509840549174,0.0,0.0,0.6028,0.6599124474392644,0.6055413164284189,0.5968586639345344,1.137658715248108,-0.286769680182139,0.0584733333333333,1.137658715248108,0.6028
cifar,iid,4,9928,6,1,0.4408640265464782,0.0356749276320139,0.0645894190197987,0.0,0.9707194372934672,0.0011743412521201,0.7160888888888888,0.0,,0.9379509840549174,0.0,0.0,0.6028,0.6599124474392644,0.6055413164284189,0.5968586639345344,1.137658715248108,0.0,0.0,1.137658715248108,0.6028
cifar,iid,4,9928,6,2,0.4408640265464782,0.0,0.0645894190197987,0.0080293023457031,0.9707194372934672,0.0049035769076914,0.7160888888888888,0.0,,0.9379509840549174,0.0,0.0,0.6028,0.6599124474392644,0.6055413164284189,0.5968586639345344,1.137658715248108,-0.0518348137537638,0.0051599999999999,1.137658715248108,0.6028
cifar,iid,4,9928,6,3,0.4408640265464782,0.0,0.0645894190197987,0.0,0.9707194372934672,0.0,0.7160888888888888,0.0654162962962962,,0.9379509840549174,0.0,0.0,0.6028,0.6599124474392644,0.6055413164284189,0.5968586639345344,1.137658715248108,-0.0678027272224426,-0.0084666666666666,1.137658715248108,0.6028
cifar,iid,4,9928,7,0,0.4330080151557922,0.0,0.0602757294004488,0.0,0.9790296866009464,0.0056316231372851,0.8145111111111112,0.070307037037037,,0.9514631650566162,0.0089669566355646,0.0089669566355646,0.6184,0.6719659963366308,0.6213348623998745,0.6144267143726493,1.1137819290161133,-0.1560188770294189,0.0494333333333333,1.1137819290161133,0.6184
cifar,iid,4,9928,7,1,0.4330080151557922,0.0851942578951517,0.0602757294004488,0.0104002025249961,0.9790296866009464,0.0,0.8145111111111112,-0.003557037037037,,0.9514631650566162,0.0150269518565332,0.0150269518565332,0.6184,0.6719659963366308,0.6213348623998745,0.6144267143726493,1.1137819290161133,0.0,0.0,1.1137819290161133,0.6184
cifar,iid,4,9928,7,2,0.4330080151557922,0.0,0.0602757294004488,0.0011357537958297,0.9790296866009464,0.0,0.8145111111111112,0.0,,0.9514631650566162,0.0,0.0,0.6184,0.6719659963366308,0.6213348623998745,0.6144267143726493,1.1137819290161133,-0.222001838684082,0.0368066666666666,1.1137819290161133,0.6184
cifar,iid,4,9928,7,3,0.4330080151557922,0.0,0.0602757294004488,0.0,0.9790296866009464,0.0,0.8145111111111112,0.0118848148148147,,0.9514631650566162,0.0,0.0,0.6184,0.6719659963366308,0.6213348623998745,0.6144267143726493,1.1137819290161133,-0.2043543815612793,0.0183333333333333,1.1137819290161133,0.6184
cifar,iid,4,9928,8,0,0.4216880202293396,0.0,0.0573607427055702,0.0,0.9707194372934672,0.0,0.5781000000000001,0.0164640740740741,,0.937471136403963,-0.0056184084327177,0.0056184084327177,0.6168,0.6761585998443532,0.6193392186295659,0.6121757333902185,1.1301767826080322,-0.2887935241063435,0.05524,1.1301767826080322,0.6168
cifar,iid,4,9928,8,1,0.4216880202293396,0.0049615482489267,0.0573607427055702,0.012118243063439,0.9707194372934672,-0.0009598003633752,0.5781000000000001,0.0,,0.937471136403963,0.0068510731724635,0.0068510731724635,0.6168,0.6761585998443532,0.6193392186295659,0.6121757333902185,1.1301767826080322,0.0,0.0,1.1301767826080322,0.6168
cifar,iid,4,9928,8,2,0.4216880202293396,0.0,0.0573607427055702,0.0029322085505491,0.9707194372934672,-0.0020969156594951,0.5781000000000001,0.0,,0.937471136403963,0.0,0.0,0.6168,0.6761585998443532,0.6193392186295659,0.6121757333902185,1.1301767826080322,-0.1099699179331461,0.0217,1.1301767826080322,0.6168
cifar,iid,4,9928,8,3,0.4216880202293396,0.0,0.0573607427055702,0.0,0.9707194372934672,0.0,0.5781000000000001,0.0,,0.937471136403963,0.0,0.0,0.6168,0.6761585998443532,0.6193392186295659,0.6121757333902185,1.1301767826080322,-0.1988296429316202,0.0117333333333333,1.1301767826080322,0.6168
cifar,iid,4,9928,9,0,0.4405080080032348,0.0,0.0544747081712062,0.0,0.9738546077705308,0.0,0.5191444444444444,0.0382348148148148,,0.9343666692076228,0.0,0.0,0.6118,0.674037678217772,0.6144663883075665,0.606334314895211,1.1785049438476562,0.0,0.0,1.1785049438476562,0.6118
cifar,iid,4,9928,9,1,0.4405080080032348,0.0128082851568857,0.0544747081712062,0.0109147627846255,0.9738546077705308,1.3002478105753982e-05,0.5191444444444444,0.0,,0.9343666692076228,0.0056979976492205,0.0056979976492205,0.6118,0.674037678217772,0.6144663883075665,0.606334314895211,1.1785049438476562,0.0,0.0,1.1785049438476562,0.6118
cifar,iid,4,9928,9,2,0.4405080080032348,0.0,0.0544747081712062,0.0022491382191419,0.9738546077705308,0.0002515123478426,0.5191444444444444,0.0,,0.9343666692076228,0.0,0.0,0.6118,0.674037678217772,0.6144663883075665,0.606334314895211,1.1785049438476562,-0.1701068798700968,0.0313266666666666,1.1785049438476562,0.6118
cifar,iid,4,9928,9,3,0.4405080080032348,0.0,0.0544747081712062,0.0,0.9738546077705308,0.0,0.5191444444444444,0.0,,0.9343666692076228,0.0092976541973912,0.0092976541973912,0.6118,0.674037678217772,0.6144663883075665,0.606334314895211,1.1785049438476562,-0.0784368673960367,0.00266,1.1785049438476562,0.6118
cifar,iid,4,9928,10,0,0.4426339864730835,0.0,0.045224541429475,-0.0033541836024077,0.9703231162081444,0.0,0.6302666666666665,0.0,,0.9331952468450516,0.0,0.0,0.5934,0.6661214450606164,0.5971574310170993,0.5824456363008721,1.2999777793884275,0.0,0.0,1.2999777793884275,0.5934
cifar,iid,4,9928,10,1,0.4426339864730835,0.0,0.045224541429475,-0.00634291008531,0.9703231162081444,-0.0027442632349378,0.6302666666666665,0.0,,0.9331952468450516,0.0057203114772656,0.0057203114772656,0.5934,0.6661214450606164,0.5971574310170993,0.5824456363008721,1.2999777793884275,0.0,-0.0071266666666666,1.2999777793884275,0.5934
cifar,iid,4,9928,10,2,0.4426339864730835,0.0,0.045224541429475,0.0,0.9703231162081444,0.0010518125616431,0.6302666666666665,0.0,,0.9331952468450516,0.0,0.0,0.5934,0.6661214450606164,0.5971574310170993,0.5824456363008721,1.2999777793884275,-0.1863383293151855,0.0324799999999999,1.2999777793884275,0.5934
cifar,iid,4,9928,10,3,0.4426339864730835,0.033331282933553,0.045224541429475,0.0036438060770566,0.9703231162081444,0.0,0.6302666666666665,-0.0139951851851852,,0.9331952468450516,0.0,0.0,0.5934,0.6661214450606164,0.5971574310170993,0.5824456363008721,1.2999777793884275,-0.1474949240684509,0.0047333333333333,1.2999777793884275,0.5934
