dataset,partition,num_clients,seed,round,client_id,global_l1o_rob,l1o_rob_contribution,global_l1o_adv,l1o_adv_contribution,global_l1o_fair,l1o_fair_contribution,global_l1o_priv,l1o_priv_contribution,l1o_priv_abs_contribution,global_l1o_fair_eo,l1o_fair_eo_contribution,l1o_fair_eo_abs_contribution,accuracy,precision,recall,f1,loss,loss_contribution,acc_contribution,global_l1o_loss,global_l1o_acc
cifar,iid,20,42,1,0,0.999970018863678,3.600120544433594e-05,1.0,0.0,1.0,0.0,0.9055111111111112,0.0835000000000001,,0.9999763200665708,0.0,0.0,0.0982,0.0098199999999999,0.1,0.0178838098706975,2.810378313064575,0.004206895828247,-0.0,2.810378313064575,0.0982
cifar,iid,20,42,1,1,0.999970018863678,-7.987022399902344e-06,1.0,0.0,1.0,0.0,0.9055111111111112,-0.0005333333333332,,0.9999763200665708,0.0,0.0,0.0982,0.0098199999999999,0.1,0.0178838098706975,2.810378313064575,0.0022993087768554,-0.0,2.810378313064575,0.0982
cifar,iid,20,42,1,2,0.999970018863678,0.0001580119132995,1.0,0.0040733197556007,1.0,0.0,0.9055111111111112,0.0566444444444447,,0.9999763200665708,0.0,0.0,0.0982,0.0098199999999999,0.1,0.0178838098706975,2.810378313064575,-0.0007083415985107,-0.0,2.810378313064575,0.0982
cifar,iid,20,42,1,3,0.999970018863678,-2.199411392211914e-05,1.0,0.0,1.0,0.0,0.9055111111111112,0.0177222222222224,,0.9999763200665708,-2.367993342922148e-05,2.367993342922148e-05,0.0982,0.0098199999999999,0.1,0.0178838098706975,2.810378313064575,0.0069305896759033,-0.0,2.810378313064575,0.0982
cifar,iid,20,42,1,4,0.999970018863678,5.602836608886719e-05,1.0,0.0020366598778004,1.0,0.0,0.9055111111111112,-0.0104666666666666,,0.9999763200665708,0.0,0.0,0.0982,0.0098199999999999,0.1,0.0178838098706975,2.810378313064575,0.0110859870910644,-0.0,2.810378313064575,0.0982
cifar,iid,20,42,1,5,0.999970018863678,-1.996755599975586e-05,1.0,0.0,1.0,0.0,0.9055111111111112,0.0142666666666668,,0.9999763200665708,0.0,0.0,0.0982,0.0098199999999999,0.1,0.0178838098706975,2.810378313064575,-0.002392292022705,-0.0,2.810378313064575,0.0982
cifar,iid,20,42,1,6,0.999970018863678,1.6033649444580078e-05,1.0,0.0,1.0,0.0,0.9055111111111112,0.0011111111111112,,0.9999763200665708,0.0,0.0,0.0982,0.0098199999999999,0.1,0.0178838098706975,2.810378313064575,-0.0005199909210205,-0.0,2.810378313064575,0.0982
cifar,iid,20,42,1,7,0.999970018863678,-9.953975677490234e-06,1.0,0.0020366598778004,1.0,0.0,0.9055111111111112,-0.0030222222222222,,0.9999763200665708,0.0,0.0,0.0982,0.0098199999999999,0.1,0.0178838098706975,2.810378313064575,-0.0004985332489013,-0.0,2.810378313064575,0.0982
cifar,iid,20,42,1,8,0.999970018863678,-2.396106719970703e-05,1.0,0.0,1.0,0.0,0.9055111111111112,-0.0006222222222223,,0.9999763200665708,-2.367993342922148e-05,2.367993342922148e-05,0.0982,0.0098199999999999,0.1,0.0178838098706975,2.810378313064575,-0.0095050334930419,-0.0,2.810378313064575,0.0982
cifar,iid,20,42,1,9,0.999970018863678,5.602836608886719e-05,1.0,0.0,1.0,0.0,0.9055111111111112,-0.0156222222222222,,0.9999763200665708,0.0,0.0,0.0982,0.0098199999999999,0.1,0.0178838098706975,2.810378313064575,-0.0012295246124267,-0.0,2.810378313064575,0.0982
cifar,iid,20,42,1,10,0.999970018863678,-2.9981136322021484e-05,1.0,0.0,1.0,0.0,0.9055111111111112,-0.0158444444444445,,0.9999763200665708,-2.367993342922148e-05,2.367993342922148e-05,0.0982,0.0098199999999999,0.1,0.0178838098706975,2.810378313064575,0.0057904720306396,-0.0,2.810378313064575,0.0982
cifar,iid,20,42,1,11,0.999970018863678,0.0001299977302551,1.0,0.0020366598778004,1.0,0.0,0.9055111111111112,0.0265111111111111,,0.9999763200665708,0.0,0.0,0.0982,0.0098199999999999,0.1,0.0178838098706975,2.810378313064575,-0.002267837524414,-0.0,2.810378313064575,0.0982
cifar,iid,20,42,1,12,0.999970018863678,-1.800060272216797e-05,1.0,0.0,1.0,0.0,0.9055111111111112,0.0372333333333334,,0.9999763200665708,0.0,0.0,0.0982,0.0098199999999999,0.1,0.0178838098706975,2.810378313064575,-0.0043885707855224,-0.0,2.810378313064575,0.0982
cifar,iid,20,42,1,13,0.999970018863678,-1.1980533599853516e-05,1.0,0.0,1.0,0.0,0.9055111111111112,-0.0167999999999999,,0.9999763200665708,0.0,0.0,0.0982,0.0098199999999999,0.1,0.0178838098706975,2.810378313064575,-0.0100400447845458,-0.0,2.810378313064575,0.0982
cifar,iid,20,42,1,14,0.999970018863678,-2.9981136322021484e-05,1.0,0.0,1.0,0.0,0.9055111111111112,0.0307111111111111,,0.9999763200665708,-2.367993342922148e-05,2.367993342922148e-05,0.0982,0.0098199999999999,0.1,0.0178838098706975,2.810378313064575,0.001810073852539,-0.0,2.810378313064575,0.0982
cifar,iid,20,42,1,15,0.999970018863678,-3.993511199951172e-06,1.0,0.0,1.0,0.0,0.9055111111111112,0.0104888888888887,,0.9999763200665708,0.0,0.0,0.0982,0.0098199999999999,0.1,0.0178838098706975,2.810378313064575,-0.0043795108795166,-0.0,2.810378313064575,0.0982
cifar,iid,20,42,1,16,0.999970018863678,-7.987022399902344e-06,1.0,0.0,1.0,0.0,0.9055111111111112,-0.0067555555555556,,0.9999763200665708,0.0,0.0,0.0982,0.0098199999999999,0.1,0.0178838098706975,2.810378313064575,0.0007212162017822,-0.0,2.810378313064575,0.0982
cifar,iid,20,42,1,17,0.999970018863678,-1.1980533599853516e-05,1.0,0.0,1.0,0.0,0.9055111111111112,0.0422888888888888,,0.9999763200665708,0.0,0.0,0.0982,0.0098199999999999,0.1,0.0178838098706975,2.810378313064575,0.0002188682556152,-0.0,2.810378313064575,0.0982
cifar,iid,20,42,1,18,0.999970018863678,-1.996755599975586e-05,1.0,0.0,1.0,0.0,0.9055111111111112,0.0655333333333334,,0.9999763200665708,-2.367993342922148e-05,2.367993342922148e-05,0.0982,0.0098199999999999,0.1,0.0178838098706975,2.810378313064575,0.0031006336212158,-0.0,2.810378313064575,0.0982
cifar,iid,20,42,1,19,0.999970018863678,-1.996755599975586e-05,1.0,0.0020366598778004,1.0,0.0,0.9055111111111112,-0.0051111111111112,,0.9999763200665708,0.0,0.0,0.0982,0.0098199999999999,0.1,0.0178838098706975,2.810378313064575,-0.0007400512695312,-0.0,2.810378313064575,0.0982
cifar,iid,20,42,2,0,0.9999979734420776,0.0,1.0,0.0,1.0,0.0,0.8679555555555556,0.0110888888888889,,1.0,0.0,0.0,0.0982,0.0098199999999999,0.1,0.0178838098706975,3.212122678756714,0.00504732131958,-0.0,3.212122678756714,0.0982
cifar,iid,20,42,2,1,0.9999979734420776,-2.026557922363281e-06,1.0,0.0,1.0,0.0,0.8679555555555556,0.0390666666666668,,1.0,0.0,0.0,0.0982,0.0098199999999999,0.1,0.0178838098706975,3.212122678756714,0.0053229331970214,-0.0,3.212122678756714,0.0982
cifar,iid,20,42,2,2,0.9999979734420776,3.993511199951172e-06,1.0,0.0,1.0,0.0,0.8679555555555556,0.0394444444444443,,1.0,0.0,0.0,0.0982,0.0098199999999999,0.1,0.0178838098706975,3.212122678756714,-0.004683494567871,-0.0,3.212122678756714,0.0982
cifar,iid,20,42,2,3,0.9999979734420776,3.993511199951172e-06,1.0,0.0,1.0,0.0,0.8679555555555556,0.0182222222222221,,1.0,0.0,0.0,0.0982,0.0098199999999999,0.1,0.0178838098706975,3.212122678756714,-0.0058362483978271,-0.0,3.212122678756714,0.0982
cifar,iid,20,42,2,4,0.9999979734420776,-2.026557922363281e-06,1.0,0.0,1.0,0.0,0.8679555555555556,0.0356,,1.0,0.0,0.0,0.0982,0.0098199999999999,0.1,0.0178838098706975,3.212122678756714,0.0068831443786621,-0.0,3.212122678756714,0.0982
cifar,iid,20,42,2,5,0.9999979734420776,0.0,1.0,0.0,1.0,0.0,0.8679555555555556,0.0331333333333334,,1.0,0.0,0.0,0.0982,0.0098199999999999,0.1,0.0178838098706975,3.212122678756714,-0.0051074028015136,-0.0,3.212122678756714,0.0982
cifar,iid,20,42,2,6,0.9999979734420776,-2.026557922363281e-06,1.0,0.0,1.0,0.0,0.8679555555555556,0.0508222222222221,,1.0,0.0,0.0,0.0982,0.0098199999999999,0.1,0.0178838098706975,3.212122678756714,-0.002547264099121,-0.0,3.212122678756714,0.0982
cifar,iid,20,42,2,7,0.9999979734420776,1.96695327758789e-06,1.0,0.0,1.0,0.0,0.8679555555555556,0.0353777777777779,,1.0,0.0,0.0,0.0982,0.0098199999999999,0.1,0.0178838098706975,3.212122678756714,-0.0026047229766845,-0.0,3.212122678756714,0.0982
cifar,iid,20,42,2,8,0.9999979734420776,-2.026557922363281e-06,1.0,0.0,1.0,0.0,0.8679555555555556,-0.0074222222222222,,1.0,0.0,0.0,0.0982,0.0098199999999999,0.1,0.0178838098706975,3.212122678756714,-0.0046560764312744,-0.0,3.212122678756714,0.0982
cifar,iid,20,42,2,9,0.9999979734420776,1.96695327758789e-06,1.0,0.0,1.0,0.0,0.8679555555555556,0.0039111111111111,,1.0,0.0,0.0,0.0982,0.0098199999999999,0.1,0.0178838098706975,3.212122678756714,0.0049183368682861,-0.0,3.212122678756714,0.0982
cifar,iid,20,42,2,10,0.9999979734420776,-2.026557922363281e-06,1.0,0.0,1.0,0.0,0.8679555555555556,0.0010222222222222,,1.0,0.0,0.0,0.0982,0.0098199999999999,0.1,0.0178838098706975,3.212122678756714,0.0029351711273193,-0.0,3.212122678756714,0.0982
cifar,iid,20,42,2,11,0.9999979734420776,1.96695327758789e-06,1.0,0.0,1.0,0.0,0.8679555555555556,0.0475777777777779,,1.0,0.0,0.0,0.0982,0.0098199999999999,0.1,0.0178838098706975,3.212122678756714,-0.0053038597106933,-0.0,3.212122678756714,0.0982
cifar,iid,20,42,2,12,0.9999979734420776,0.0,1.0,0.0,1.0,0.0,0.8679555555555556,0.074788888888889,,1.0,0.0,0.0,0.0982,0.0098199999999999,0.1,0.0178838098706975,3.212122678756714,0.0014488697052001,-0.0,3.212122678756714,0.0982
cifar,iid,20,42,2,13,0.9999979734420776,3.993511199951172e-06,1.0,0.0,1.0,0.0,0.8679555555555556,0.0152666666666667,,1.0,0.0,0.0,0.0982,0.0098199999999999,0.1,0.0178838098706975,3.212122678756714,-0.0064449310302734,-0.0,3.212122678756714,0.0982
cifar,iid,20,42,2,14,0.9999979734420776,9.953975677490234e-06,1.0,0.0,1.0,0.0,0.8679555555555556,0.0130444444444446,,1.0,0.0,0.0,0.0982,0.0098199999999999,0.1,0.0178838098706975,3.212122678756714,0.0048925876617431,-0.0,3.212122678756714,0.0982
cifar,iid,20,42,2,15,0.9999979734420776,-2.026557922363281e-06,1.0,0.0,1.0,0.0,0.8679555555555556,-0.0010888888888889,,1.0,0.0,0.0,0.0982,0.0098199999999999,0.1,0.0178838098706975,3.212122678756714,-0.0093774795532226,-0.0,3.212122678756714,0.0982
cifar,iid,20,42,2,16,0.9999979734420776,1.996755599975586e-05,1.0,0.0,1.0,0.0,0.8679555555555556,0.0849999999999999,,1.0,0.0,0.0,0.0982,0.0098199999999999,0.1,0.0178838098706975,3.212122678756714,-0.0011568069458007,-0.0,3.212122678756714,0.0982
cifar,iid,20,42,2,17,0.9999979734420776,-2.026557922363281e-06,1.0,0.0,1.0,0.0,0.8679555555555556,0.0117333333333333,,1.0,0.0,0.0,0.0982,0.0098199999999999,0.1,0.0178838098706975,3.212122678756714,0.0012686252593994,-0.0,3.212122678756714,0.0982
cifar,iid,20,42,2,18,0.9999979734420776,0.0,1.0,0.0,1.0,0.0,0.8679555555555556,0.0441333333333333,,1.0,0.0,0.0,0.0982,0.0098199999999999,0.1,0.0178838098706975,3.212122678756714,0.0062723159790039,-0.0,3.212122678756714,0.0982
cifar,iid,20,42,2,19,0.9999979734420776,5.960464477539063e-06,1.0,0.0,1.0,0.0,0.8679555555555556,0.0831333333333335,,1.0,0.0,0.0,0.0982,0.0098199999999999,0.1,0.0178838098706975,3.212122678756714,0.0051105022430419,-0.0,3.212122678756714,0.0982
cifar,iid,20,42,3,0,0.986248016357422,0.001878023147583,0.9959349593495936,0.0,1.0,0.0,0.8528444444444443,0.039622222222222,,0.9998607680895114,0.0,0.0,0.0984,0.1098239295718287,0.1001949317738791,0.0182794311651247,3.3477206230163574,-0.000887393951416,-0.0,3.3477206230163574,0.0984
cifar,iid,20,42,3,1,0.986248016357422,-0.00068199634552,0.9959349593495936,0.0,1.0,0.0,0.8528444444444443,0.0133555555555553,,0.9998607680895114,0.0,0.0,0.0984,0.1098239295718287,0.1001949317738791,0.0182794311651247,3.3477206230163574,0.0067226886749267,-0.0,3.3477206230163574,0.0984
cifar,iid,20,42,3,2,0.986248016357422,0.003488004207611,0.9959349593495936,0.0,1.0,0.0,0.8528444444444443,0.0760222222222222,,0.9998607680895114,0.0,0.0,0.0984,0.1098239295718287,0.1001949317738791,0.0182794311651247,3.3477206230163574,-0.0075986385345458,-0.0,3.3477206230163574,0.0984
cifar,iid,20,42,3,3,0.986248016357422,0.004576027393341,0.9959349593495936,0.0020325203252032,1.0,0.0,0.8528444444444443,0.0023999999999997,,0.9998607680895114,2.367993342922148e-05,2.367993342922148e-05,0.0984,0.1098239295718287,0.1001949317738791,0.0182794311651247,3.3477206230163574,-0.0078682899475097,-0.0,3.3477206230163574,0.0984
cifar,iid,20,42,3,4,0.986248016357422,0.0006220340728759,0.9959349593495936,0.0,1.0,0.0,0.8528444444444443,0.0062777777777773,,0.9998607680895114,-0.0001155519770593,0.0001155519770593,0.0984,0.1098239295718287,0.1001949317738791,0.0182794311651247,3.3477206230163574,0.0071082115173339,0.0002,3.3477206230163574,0.0984
cifar,iid,20,42,3,5,0.986248016357422,-0.0012179613113403,0.9959349593495936,-0.0020325203252031,1.0,0.0,0.8528444444444443,0.0034222222222217,,0.9998607680895114,0.0,0.0,0.0984,0.1098239295718287,0.1001949317738791,0.0182794311651247,3.3477206230163574,-0.0053081512451171,-0.0,3.3477206230163574,0.0984
cifar,iid,20,42,3,6,0.986248016357422,-5.0008296966552734e-05,0.9959349593495936,0.0020325203252032,1.0,0.0,0.8528444444444443,0.0136,,0.9998607680895114,0.0,0.0,0.0984,0.1098239295718287,0.1001949317738791,0.0182794311651247,3.3477206230163574,0.0032134056091308,-0.0,3.3477206230163574,0.0984
cifar,iid,20,42,3,7,0.986248016357422,-0.0009979605674743,0.9959349593495936,-0.0020325203252031,1.0,0.0,0.8528444444444443,-0.0046444444444444,,0.9998607680895114,0.0,0.0,0.0984,0.1098239295718287,0.1001949317738791,0.0182794311651247,3.3477206230163574,-0.0034234523773193,-0.0,3.3477206230163574,0.0984
cifar,iid,20,42,3,8,0.986248016357422,-0.0025079846382141,0.9959349593495936,-0.0020325203252031,1.0,0.0,0.8528444444444443,0.0056666666666667,,0.9998607680895114,0.0,0.0,0.0984,0.1098239295718287,0.1001949317738791,0.0182794311651247,3.3477206230163574,-0.0092682838439941,-0.0,3.3477206230163574,0.0984
cifar,iid,20,42,3,9,0.986248016357422,0.00245201587677,0.9959349593495936,0.0,1.0,0.0,0.8528444444444443,0.0135777777777776,,0.9998607680895114,2.367993342922148e-05,2.367993342922148e-05,0.0984,0.1098239295718287,0.1001949317738791,0.0182794311651247,3.3477206230163574,0.011824607849121,-0.0,3.3477206230163574,0.0984
cifar,iid,20,42,3,10,0.986248016357422,-0.0019840002059936,0.9959349593495936,-0.0020325203252031,1.0,0.0,0.8528444444444443,0.0399111111111112,,0.9998607680895114,0.0,0.0,0.0984,0.1098239295718287,0.1001949317738791,0.0182794311651247,3.3477206230163574,-0.0046854019165039,-0.0,3.3477206230163574,0.0984
cifar,iid,20,42,3,11,0.986248016357422,0.001002013683319,0.9959349593495936,0.0,1.0,0.0,0.8528444444444443,0.0120222222222221,,0.9998607680895114,0.0,0.0,0.0984,0.1098239295718287,0.1001949317738791,0.0182794311651247,3.3477206230163574,-0.003580093383789,-0.0,3.3477206230163574,0.0984
cifar,iid,20,42,3,12,0.986248016357422,0.0005120038986206,0.9959349593495936,-0.0020325203252031,1.0,0.0,0.8528444444444443,0.0210666666666663,,0.9998607680895114,0.0,0.0,0.0984,0.1098239295718287,0.1001949317738791,0.0182794311651247,3.3477206230163574,0.0046563148498535,0.0002,3.3477206230163574,0.0984
cifar,iid,20,42,3,13,0.986248016357422,0.0043660402297973,0.9959349593495936,0.0020325203252032,1.0,0.0,0.8528444444444443,0.0206888888888887,,0.9998607680895114,2.367993342922148e-05,2.367993342922148e-05,0.0984,0.1098239295718287,0.1001949317738791,0.0182794311651247,3.3477206230163574,-0.010383129119873,-0.0,3.3477206230163574,0.0984
cifar,iid,20,42,3,14,0.986248016357422,0.0014960169792175,0.9959349593495936,0.0,1.0,0.0,0.8528444444444443,0.0095333333333333,,0.9998607680895114,2.367993342922148e-05,2.367993342922148e-05,0.0984,0.1098239295718287,0.1001949317738791,0.0182794311651247,3.3477206230163574,0.0098681449890136,0.0002,3.3477206230163574,0.0984
cifar,iid,20,42,3,15,0.986248016357422,-0.0032219886779785,0.9959349593495936,-0.0020325203252031,1.0,0.0,0.8528444444444443,-0.0121777777777778,,0.9998607680895114,0.0,0.0,0.0984,0.1098239295718287,0.1001949317738791,0.0182794311651247,3.3477206230163574,-0.0119025707244873,-0.0,3.3477206230163574,0.0984
cifar,iid,20,42,3,16,0.986248016357422,0.0022479891777038,0.9959349593495936,0.0,1.0,0.0,0.8528444444444443,0.0138666666666666,,0.9998607680895114,2.367993342922148e-05,2.367993342922148e-05,0.0984,0.1098239295718287,0.1001949317738791,0.0182794311651247,3.3477206230163574,0.0019984245300292,-0.0,3.3477206230163574,0.0984
cifar,iid,20,42,3,17,0.986248016357422,-0.0002979636192321,0.9959349593495936,0.0,1.0,0.0,0.8528444444444443,0.0165555555555554,,0.9998607680895114,0.0,0.0,0.0984,0.1098239295718287,0.1001949317738791,0.0182794311651247,3.3477206230163574,0.0055980682373046,-0.0,3.3477206230163574,0.0984
cifar,iid,20,42,3,18,0.986248016357422,-0.0028379559516906,0.9959349593495936,-0.0020325203252031,1.0,0.0,0.8528444444444443,-0.0032444444444446,,0.9998607680895114,0.0,0.0,0.0984,0.1098239295718287,0.1001949317738791,0.0182794311651247,3.3477206230163574,0.0043349266052246,0.0002,3.3477206230163574,0.0984
cifar,iid,20,42,3,19,0.986248016357422,0.0009199976921081,0.9959349593495936,0.0,1.0,0.0,0.8528444444444443,0.0013999999999998,,0.9998607680895114,0.0,0.0,0.0984,0.1098239295718287,0.1001949317738791,0.0182794311651247,3.3477206230163574,0.0078723430633544,-0.0,3.3477206230163574,0.0984
cifar,iid,20,42,4,0,0.7917860150337219,0.0049400329589843,0.83203125,0.0177179037717601,1.0,0.0,0.8766666666666667,-0.0091555555555553,,0.9955069497612716,6.043959938062393e-05,6.043959938062393e-05,0.1032,0.2863360067940337,0.1049176165683021,0.0272775659562753,3.2499895095825195,-0.0016565322875976,-0.0003999999999999,3.2499895095825195,0.1032
cifar,iid,20,42,4,1,0.7917860150337219,-0.0115099549293518,0.83203125,-0.0114129770058708,1.0,0.0,0.8766666666666667,0.0131777777777777,,0.9955069497612716,-0.0002571362373314,0.0002571362373314,0.1032,0.2863360067940337,0.1049176165683021,0.0272775659562753,3.2499895095825195,0.0015795230865478,0.0003999999999999,3.2499895095825195,0.1032
cifar,iid,20,42,4,2,0.7917860150337219,0.0194860100746154,0.83203125,0.0239698296545105,1.0,0.0,0.8766666666666667,0.0166222222222223,,0.9955069497612716,-0.0001690506425011,0.0001690506425011,0.1032,0.2863360067940337,0.1049176165683021,0.0272775659562753,3.2499895095825195,-0.0057802200317382,-0.0012,3.2499895095825195,0.1032
cifar,iid,20,42,4,3,0.7917860150337219,0.0391340255737304,0.83203125,0.0470024592130517,1.0,0.0,0.8766666666666667,0.0069555555555556,,0.9955069497612716,0.0001861483589378,0.0001861483589378,0.1032,0.2863360067940337,0.1049176165683021,0.0272775659562753,3.2499895095825195,-0.0095422267913818,-0.001,3.2499895095825195,0.1032
cifar,iid,20,42,4,4,0.7917860150337219,-0.0047419667243957,0.83203125,-0.0035851883561643,1.0,0.0,0.8766666666666667,0.0553777777777779,,0.9955069497612716,-0.0004406425265424,0.0004406425265424,0.1032,0.2863360067940337,0.1049176165683021,0.0272775659562753,3.2499895095825195,0.0101256370544433,0.0003999999999999,3.2499895095825195,0.1032
cifar,iid,20,42,4,5,0.7917860150337219,-0.0076239705085754,0.83203125,0.0122638081395348,1.0,0.0,0.8766666666666667,0.0197777777777778,,0.9955069497612716,-0.0002124112114406,0.0002124112114406,0.1032,0.2863360067940337,0.1049176165683021,0.0272775659562753,3.2499895095825195,-0.0058419704437255,-0.0006,3.2499895095825195,0.1032
cifar,iid,20,42,4,6,0.7917860150337219,0.0092040300369262,0.83203125,0.0090740515564202,1.0,0.0,0.8766666666666667,0.0007555555555556,,0.9955069497612716,8.429315294389284e-05,8.429315294389284e-05,0.1032,0.2863360067940337,0.1049176165683021,0.0272775659562753,3.2499895095825195,0.0069398880004882,-0.0,3.2499895095825195,0.1032
cifar,iid,20,42,4,7,0.7917860150337219,-0.0107759833335876,0.83203125,-0.015625,1.0,0.0,0.8766666666666667,0.0712888888888889,,0.9955069497612716,-0.000699869898994,0.000699869898994,0.1032,0.2863360067940337,0.1049176165683021,0.0272775659562753,3.2499895095825195,-0.0088188648223876,0.0006,3.2499895095825195,0.1032
cifar,iid,20,42,4,8,0.7917860150337219,-0.0290079712867736,0.83203125,-0.02734375,1.0,0.0,0.8766666666666667,0.0575555555555555,,0.9955069497612716,-0.0006559608637474,0.0006559608637474,0.1032,0.2863360067940337,0.1049176165683021,0.0272775659562753,3.2499895095825195,-0.0107176303863525,0.0006,3.2499895095825195,0.1032
cifar,iid,20,42,4,9,0.7917860150337219,-0.0032419562339782,0.83203125,-0.009765625,1.0,0.0,0.8766666666666667,0.0185444444444444,,0.9955069497612716,-0.0004761291714456,0.0004761291714456,0.1032,0.2863360067940337,0.1049176165683021,0.0272775659562753,3.2499895095825195,0.0145742893218994,0.0003999999999999,3.2499895095825195,0.1032
cifar,iid,20,42,4,10,0.7917860150337219,-0.0189059972763061,0.83203125,-0.0181633025291828,1.0,0.0,0.8766666666666667,0.0354666666666667,,0.9955069497612716,-0.0002614688784999,0.0002614688784999,0.1032,0.2863360067940337,0.1049176165683021,0.0272775659562753,3.2499895095825195,-0.0036160945892333,-0.0003999999999999,3.2499895095825195,0.1032
cifar,iid,20,42,4,11,0.7917860150337219,0.0026860237121582,0.83203125,0.0087302791262136,1.0,0.0,0.8766666666666667,0.0046444444444444,,0.9955069497612716,-0.0004060235969279,0.0004060235969279,0.1032,0.2863360067940337,0.1049176165683021,0.0272775659562753,3.2499895095825195,-0.0088341236114501,-0.0003999999999999,3.2499895095825195,0.1032
cifar,iid,20,42,4,12,0.7917860150337219,0.0130640268325805,0.83203125,-0.0074990826810176,1.0,0.0,0.8766666666666667,0.0530666666666665,,0.9955069497612716,-0.000173727708941,0.000173727708941,0.1032,0.2863360067940337,0.1049176165683021,0.0272775659562753,3.2499895095825195,-0.0015425682067871,-0.0002,3.2499895095825195,0.1032
cifar,iid,20,42,4,13,0.7917860150337219,0.0216919779777526,0.83203125,0.0293233196324951,1.0,0.0,0.8766666666666667,0.0193333333333332,,0.9955069497612716,-0.0001338179716136,0.0001338179716136,0.1032,0.2863360067940337,0.1049176165683021,0.0272775659562753,3.2499895095825195,-0.0043704509735107,-0.0006,3.2499895095825195,0.1032
cifar,iid,20,42,4,14,0.7917860150337219,0.0086780190467834,0.83203125,0.009765625,1.0,0.0,0.8766666666666667,0.0523111111111112,,0.9955069497612716,0.0006020029088974,0.0006020029088974,0.1032,0.2863360067940337,0.1049176165683021,0.0272775659562753,3.2499895095825195,0.00935959815979,0.0006,3.2499895095825195,0.1032
cifar,iid,20,42,4,15,0.7917860150337219,-0.0165099501609802,0.83203125,-0.0025991001945525,1.0,0.0,0.8766666666666667,0.0186666666666668,,0.9955069497612716,0.0,0.0,0.1032,0.2863360067940337,0.1049176165683021,0.0272775659562753,3.2499895095825195,-0.0163352489471435,-0.0002,3.2499895095825195,0.1032
cifar,iid,20,42,4,16,0.7917860150337219,0.0162720084190368,0.83203125,0.0094191642300194,1.0,0.0,0.8766666666666667,0.0080444444444445,,0.9955069497612716,0.0001631275080339,0.0001631275080339,0.1032,0.2863360067940337,0.1049176165683021,0.0272775659562753,3.2499895095825195,0.0025646686553955,0.0003999999999999,3.2499895095825195,0.1032
cifar,iid,20,42,4,17,0.7917860150337219,-0.005400002002716,0.83203125,-0.0120233308966861,1.0,0.0,0.8766666666666667,0.0425111111111111,,0.9955069497612716,-0.0003499349494969,0.0003499349494969,0.1032,0.2863360067940337,0.1049176165683021,0.0272775659562753,3.2499895095825195,0.0143256187438964,-0.0002,3.2499895095825195,0.1032
cifar,iid,20,42,4,18,0.7917860150337219,-0.0217040181159973,0.83203125,-0.025390625,1.0,0.0,0.8766666666666667,0.0405666666666666,,0.9955069497612716,-0.0002578500567477,0.0002578500567477,0.1032,0.2863360067940337,0.1049176165683021,0.0272775659562753,3.2499895095825195,0.0057246685028076,0.001,3.2499895095825195,0.1032
cifar,iid,20,42,4,19,0.7917860150337219,-0.0040519833564758,0.83203125,0.0099809598646034,1.0,0.0,0.8766666666666667,0.0242666666666668,,0.9955069497612716,-0.0005401932225719,0.0005401932225719,0.1032,0.2863360067940337,0.1049176165683021,0.0272775659562753,3.2499895095825195,0.0125808715820312,-0.0006,3.2499895095825195,0.1032
cifar,iid,20,42,5,0,0.4744619727134704,-0.0042560100555419,0.3513119533527696,-0.0052097857776651,1.0,0.0,0.8155000000000001,-0.0816777777777777,,0.9741307911608872,-0.0001472281156525,0.0001472281156525,0.1358,0.3041826603249976,0.1373427612307821,0.0750375328460134,3.024350166320801,-0.0087397098541259,-0.0,3.024350166320801,0.1358
cifar,iid,20,42,5,1,0.4744619727134704,-0.0007020235061645,0.3513119533527696,-0.00102722793378,1.0,0.0,0.8155000000000001,0.0071000000000001,,0.9741307911608872,0.0001547863838687,0.0001547863838687,0.1358,0.3041826603249976,0.1373427612307821,0.0750375328460134,3.024350166320801,-0.005767822265625,0.0006,3.024350166320801,0.1358
cifar,iid,20,42,5,2,0.4744619727134704,0.0132379531860351,0.3513119533527696,0.0127179791777337,1.0,0.0,0.8155000000000001,-0.0544777777777776,,0.9741307911608872,0.0002424862807236,0.0002424862807236,0.1358,0.3041826603249976,0.1373427612307821,0.0750375328460134,3.024350166320801,-0.0091190338134765,-0.0017999999999999,3.024350166320801,0.1358
cifar,iid,20,42,5,3,0.4744619727134704,0.0261499881744384,0.3513119533527696,0.0398833819241982,1.0,0.0,0.8155000000000001,-0.0031444444444443,,0.9741307911608872,0.0008592227633448,0.0008592227633448,0.1358,0.3041826603249976,0.1373427612307821,0.0750375328460134,3.024350166320801,-0.0095381736755371,-0.0025999999999999,3.024350166320801,0.1358
cifar,iid,20,42,5,4,0.4744619727134704,-0.0027000308036804,0.3513119533527696,-0.0075115760589949,1.0,0.0,0.8155000000000001,0.0044333333333335,,0.9741307911608872,-0.0014490012686035,0.0014490012686035,0.1358,0.3041826603249976,0.1373427612307821,0.0750375328460134,3.024350166320801,0.0060713291168212,0.0002,3.024350166320801,0.1358
cifar,iid,20,42,5,5,0.4744619727134704,-0.0174700021743774,0.3513119533527696,-0.0103595163878643,1.0,0.0,0.8155000000000001,-0.0193888888888889,,0.9741307911608872,0.0006424828335479,0.0006424828335479,0.1358,0.3041826603249976,0.1373427612307821,0.0750375328460134,3.024350166320801,-0.0071804523468017,-0.0,3.024350166320801,0.1358
cifar,iid,20,42,5,6,0.4744619727134704,0.0033439993858337,0.3513119533527696,0.0097779446697016,1.0,0.0,0.8155000000000001,-0.0345444444444442,,0.9741307911608872,-0.0015307350579306,0.0015307350579306,0.1358,0.3041826603249976,0.1373427612307821,0.0750375328460134,3.024350166320801,0.0020132064819335,-0.0015999999999999,3.024350166320801,0.1358
cifar,iid,20,42,5,7,0.4744619727134704,-0.0031700134277343,0.3513119533527696,-0.0117919997951073,1.0,0.0,0.8155000000000001,-0.0147888888888887,,0.9741307911608872,-0.0012464920855663,0.0012464920855663,0.1358,0.3041826603249976,0.1373427612307821,0.0750375328460134,3.024350166320801,-0.0087428092956542,0.0006,3.024350166320801,0.1358
cifar,iid,20,42,5,8,0.4744619727134704,-0.0329880118370056,0.3513119533527696,-0.0309554885076954,1.0,0.0,0.8155000000000001,-0.0457666666666667,,0.9741307911608872,-0.0002525598536319,0.0002525598536319,0.1358,0.3041826603249976,0.1373427612307821,0.0750375328460134,3.024350166320801,-0.0088682174682617,0.0007999999999999,3.024350166320801,0.1358
cifar,iid,20,42,5,9,0.4744619727134704,-0.0063360333442687,0.3513119533527696,-0.0133939290001715,1.0,0.0,0.8155000000000001,0.0036333333333333,,0.9741307911608872,-0.0008892049618846,0.0008892049618846,0.1358,0.3041826603249976,0.1373427612307821,0.0750375328460134,3.024350166320801,0.0130579471588134,0.0007999999999999,3.024350166320801,0.1358
cifar,iid,20,42,5,10,0.4744619727134704,-0.0121740102767944,0.3513119533527696,-0.008222253343009,1.0,0.0,0.8155000000000001,-0.0748111111111109,,0.9741307911608872,0.0003158183915387,0.0003158183915387,0.1358,0.3041826603249976,0.1373427612307821,0.0750375328460134,3.024350166320801,0.0041825771331787,-0.0002,3.024350166320801,0.1358
cifar,iid,20,42,5,11,0.4744619727134704,-0.0048879981040954,0.3513119533527696,-0.000944232964552,1.0,0.0,0.8155000000000001,-0.079522222222222,,0.9741307911608872,0.0002776327181169,0.0002776327181169,0.1358,0.3041826603249976,0.1373427612307821,0.0750375328460134,3.024350166320801,-0.0058214664459228,-0.0002,3.024350166320801,0.1358
cifar,iid,20,42,5,12,0.4744619727134704,0.0405859947204589,0.3513119533527696,0.0170138346841733,1.0,0.0,0.8155000000000001,-0.0161666666666666,,0.9741307911608872,0.0013586846088787,0.0013586846088787,0.1358,0.3041826603249976,0.1373427612307821,0.0750375328460134,3.024350166320801,-0.002486228942871,-0.0005999999999999,3.024350166320801,0.1358
cifar,iid,20,42,5,13,0.4744619727134704,0.005031943321228,0.3513119533527696,0.0121815185701609,1.0,0.0,0.8155000000000001,-0.0003666666666664,,0.9741307911608872,0.0014998561279966,0.0014998561279966,0.1358,0.3041826603249976,0.1373427612307821,0.0750375328460134,3.024350166320801,0.0039830207824707,-0.0013999999999999,3.024350166320801,0.1358
cifar,iid,20,42,5,14,0.4744619727134704,-0.0006980299949645,0.3513119533527696,0.0072416751682894,1.0,0.0,0.8155000000000001,-0.0672999999999999,,0.9741307911608872,-0.0007713627959783,0.0007713627959783,0.1358,0.3041826603249976,0.1373427612307821,0.0750375328460134,3.024350166320801,0.0122139453887939,0.0014,3.024350166320801,0.1358
cifar,iid,20,42,5,15,0.4744619727134704,-0.0215960144996643,0.3513119533527696,-0.008514636242606,1.0,0.0,0.8155000000000001,-0.0079777777777776,,0.9741307911608872,-0.0005480090217221,0.0005480090217221,0.1358,0.3041826603249976,0.1373427612307821,0.0750375328460134,3.024350166320801,-0.0175375938415527,0.001,3.024350166320801,0.1358
cifar,iid,20,42,5,16,0.4744619727134704,0.0152439475059509,0.3513119533527696,0.0082034489539426,1.0,0.0,0.8155000000000001,0.005788888888889,,0.9741307911608872,0.002324833212193,0.002324833212193,0.1358,0.3041826603249976,0.1373427612307821,0.0750375328460134,3.024350166320801,0.0016205310821533,0.0004,3.024350166320801,0.1358
cifar,iid,20,42,5,17,0.4744619727134704,0.0187639594078063,0.3513119533527696,0.0053265518929156,1.0,0.0,0.8155000000000001,-0.0261888888888885,,0.9741307911608872,-0.000311561797992,0.000311561797992,0.1358,0.3041826603249976,0.1373427612307821,0.0750375328460134,3.024350166320801,0.0192563533782959,0.0006,3.024350166320801,0.1358
cifar,iid,20,42,5,18,0.4744619727134704,-0.0138400197029113,0.3513119533527696,-0.015256961603242,1.0,0.0,0.8155000000000001,-0.0450555555555554,,0.9741307911608872,-0.0009979037360517,0.0009979037360517,0.1358,0.3041826603249976,0.1373427612307821,0.0750375328460134,3.024350166320801,0.0057899951934814,0.002,3.024350166320801,0.1358
cifar,iid,20,42,5,19,0.4744619727134704,-0.0145480036735534,0.3513119533527696,-0.0051094030685867,1.0,0.0,0.8155000000000001,-0.0267777777777775,,0.9741307911608872,-9.640085895912254e-05,9.640085895912254e-05,0.1358,0.3041826603249976,0.1373427612307821,0.0750375328460134,3.024350166320801,0.0145416259765625,-0.0012,3.024350166320801,0.1358
cifar,iid,20,42,6,0,0.3872659802436828,-0.0032700300216674,0.1161904761904761,-0.0010640519315447,1.0,0.0002129471890971,0.7432000000000001,0.0166777777777777,,0.9554434158885062,0.0028679871903886,0.0028679871903886,0.207,0.468126220921426,0.2086071781798656,0.1474216692597138,2.60546350479126,-0.0092639923095703,-0.0006,2.60546350479126,0.207
cifar,iid,20,42,6,1,0.3872659802436828,-0.0081220269203186,0.1161904761904761,0.0007324609233005,1.0,0.0,0.7432000000000001,-0.0407111111111111,,0.9554434158885062,-0.0019394210906804,0.0019394210906804,0.207,0.468126220921426,0.2086071781798656,0.1474216692597138,2.60546350479126,-0.001800537109375,-0.0,2.60546350479126,0.207
cifar,iid,20,42,6,2,0.3872659802436828,0.0053119659423828,0.1161904761904761,0.0023384837806089,1.0,0.0,0.7432000000000001,-0.0218222222222219,,0.9554434158885062,0.0029508575886005,0.0029508575886005,0.207,0.468126220921426,0.2086071781798656,0.1474216692597138,2.60546350479126,-0.0092275142669677,-0.0018,2.60546350479126,0.207
cifar,iid,20,42,6,3,0.3872659802436828,-0.0096720457077026,0.1161904761904761,0.0067565139263252,1.0,0.0,0.7432000000000001,-0.051022222222222,,0.9554434158885062,0.0071345397772493,0.0071345397772493,0.207,0.468126220921426,0.2086071781798656,0.1474216692597138,2.60546350479126,-0.0123357772827148,-0.0027999999999999,2.60546350479126,0.207
cifar,iid,20,42,6,4,0.3872659802436828,0.0012300014495849,0.1161904761904761,0.0001789709172259,1.0,0.0002129471890971,0.7432000000000001,-0.0204666666666666,,0.9554434158885062,0.0032802253337366,0.0032802253337366,0.207,0.468126220921426,0.2086071781798656,0.1474216692597138,2.60546350479126,0.0015075206756591,-0.0004,2.60546350479126,0.207
cifar,iid,20,42,6,5,0.3872659802436828,0.0002380013465881,0.1161904761904761,-0.0049927299163941,1.0,0.0,0.7432000000000001,0.005888888888889,,0.9554434158885062,0.0036189196699981,0.0036189196699981,0.207,0.468126220921426,0.2086071781798656,0.1474216692597138,2.60546350479126,-0.0055835247039794,0.0011999999999999,2.60546350479126,0.207
cifar,iid,20,42,6,6,0.3872659802436828,-0.0138840079307556,0.1161904761904761,0.007288961038961,1.0,0.0,0.7432000000000001,-0.0444222222222221,,0.9554434158885062,0.0022109861683192,0.0022109861683192,0.207,0.468126220921426,0.2086071781798656,0.1474216692597138,2.60546350479126,0.0034077167510986,-0.002,2.60546350479126,0.207
cifar,iid,20,42,6,7,0.3872659802436828,0.0089280009269714,0.1161904761904761,0.0035821990008707,1.0,0.0,0.7432000000000001,-0.0252888888888889,,0.9554434158885062,0.00285405414213,0.00285405414213,0.207,0.468126220921426,0.2086071781798656,0.1474216692597138,2.60546350479126,-0.0046124458312988,0.002,2.60546350479126,0.207
cifar,iid,20,42,6,8,0.3872659802436828,0.0073579549789428,0.1161904761904761,-0.0079673678903707,1.0,0.0002129471890971,0.7432000000000001,-0.0229999999999999,,0.9554434158885062,-0.0014389135116752,0.0014389135116752,0.207,0.468126220921426,0.2086071781798656,0.1474216692597138,2.60546350479126,-0.0147318840026855,0.0013999999999999,2.60546350479126,0.207
cifar,iid,20,42,6,9,0.3872659802436828,-0.002310037612915,0.1161904761904761,0.0057142857142856,1.0,0.0002129471890971,0.7432000000000001,-0.0023555555555554,,0.9554434158885062,-0.0003818619193898,0.0003818619193898,0.207,0.468126220921426,0.2086071781798656,0.1474216692597138,2.60546350479126,0.0082228183746337,0.0031999999999999,2.60546350479126,0.207
cifar,iid,20,42,6,10,0.3872659802436828,-0.0001280307769775,0.1161904761904761,-0.0012880338381771,1.0,0.0,0.7432000000000001,-0.0120777777777776,,0.9554434158885062,0.004043470209139,0.004043470209139,0.207,0.468126220921426,0.2086071781798656,0.1474216692597138,2.60546350479126,0.0003588199615478,0.0011999999999999,2.60546350479126,0.207
cifar,iid,20,42,6,11,0.3872659802436828,-0.007822036743164,0.1161904761904761,0.0017958146080166,1.0,0.0,0.7432000000000001,0.0412000000000001,,0.9554434158885062,0.0049938889462456,0.0049938889462456,0.207,0.468126220921426,0.2086071781798656,0.1474216692597138,2.60546350479126,-0.0100114345550537,-0.002,2.60546350479126,0.207
cifar,iid,20,42,6,12,0.3872659802436828,-0.0045440196990966,0.1161904761904761,0.0059171491405233,1.0,0.0002129471890971,0.7432000000000001,-0.0476888888888888,,0.9554434158885062,0.0045272322302338,0.0045272322302338,0.207,0.468126220921426,0.2086071781798656,0.1474216692597138,2.60546350479126,-0.012887954711914,-0.0036,2.60546350479126,0.207
cifar,iid,20,42,6,13,0.3872659802436828,-0.0036280155181884,0.1161904761904761,0.0034875153499794,1.0,0.0,0.7432000000000001,-0.0084555555555554,,0.9554434158885062,0.0017423016589335,0.0017423016589335,0.207,0.468126220921426,0.2086071781798656,0.1474216692597138,2.60546350479126,0.0125684738159179,-0.0008,2.60546350479126,0.207
cifar,iid,20,42,6,14,0.3872659802436828,-0.008783996105194,0.1161904761904761,0.0005442176870747,1.0,0.0002129471890971,0.7432000000000001,-0.0285555555555554,,0.9554434158885062,0.0049782254770803,0.0049782254770803,0.207,0.468126220921426,0.2086071781798656,0.1474216692597138,2.60546350479126,0.0124461650848388,0.0025999999999999,2.60546350479126,0.207
cifar,iid,20,42,6,15,0.3872659802436828,0.004561960697174,0.1161904761904761,-0.0006186406186405,1.0,0.0,0.7432000000000001,-0.0342888888888888,,0.9554434158885062,0.000671308973218,0.000671308973218,0.207,0.468126220921426,0.2086071781798656,0.1474216692597138,2.60546350479126,-0.0170416831970214,-0.0,2.60546350479126,0.207
cifar,iid,20,42,6,16,0.3872659802436828,-0.0050380229949951,0.1161904761904761,0.0014363778298204,1.0,0.0,0.7432000000000001,-0.0137222222222221,,0.9554434158885062,0.002613311552241,0.002613311552241,0.207,0.468126220921426,0.2086071781798656,0.1474216692597138,2.60546350479126,0.0108723640441894,0.0039999999999999,2.60546350479126,0.207
cifar,iid,20,42,6,17,0.3872659802436828,-0.0032960176467895,0.1161904761904761,0.0017673992673992,1.0,0.0,0.7432000000000001,0.0448666666666668,,0.9554434158885062,0.0022133401085903,0.0022133401085903,0.207,0.468126220921426,0.2086071781798656,0.1474216692597138,2.60546350479126,0.0269479751586914,0.002,2.60546350479126,0.207
cifar,iid,20,42,6,18,0.3872659802436828,0.0066679716110229,0.1161904761904761,-0.0004275996112731,1.0,0.0,0.7432000000000001,-0.0362888888888888,,0.9554434158885062,-0.0003617446371847,0.0003617446371847,0.207,0.468126220921426,0.2086071781798656,0.1474216692597138,2.60546350479126,0.0110692977905273,0.0031999999999999,2.60546350479126,0.207
cifar,iid,20,42,6,19,0.3872659802436828,-0.0009419918060302,0.1161904761904761,0.0014677228443958,1.0,0.0,0.7432000000000001,-0.0510888888888889,,0.9554434158885062,0.002627607179062,0.002627607179062,0.207,0.468126220921426,0.2086071781798656,0.1474216692597138,2.60546350479126,0.0116052627563476,0.0015999999999999,2.60546350479126,0.207
cifar,iid,20,42,7,0,0.4227060079574585,0.0067620277404785,0.0945945945945946,0.0007343264223999,0.9990529453958577,-0.000212947189097,0.7345888888888887,0.0061666666666664,,0.9524585626465146,0.00266583413636,0.00266583413636,0.2796,0.6485567064819224,0.2812374039535465,0.227986746523357,2.171006202697754,-0.0068297386169433,-0.0015999999999999,2.171006202697754,0.2796
cifar,iid,20,42,7,1,0.4227060079574585,-0.007062017917633,0.0945945945945946,-0.0023405443932884,0.9990529453958577,-0.000212947189097,0.7345888888888887,0.015711111111111,,0.9524585626465146,0.0004581146007467,0.0004581146007467,0.2796,0.6485567064819224,0.2812374039535465,0.227986746523357,2.171006202697754,-0.0008909702301025,0.0012,2.171006202697754,0.2796
cifar,iid,20,42,7,2,0.4227060079574585,0.0042539834976196,0.0945945945945946,0.0011101753311385,0.9990529453958577,-0.0004258943781941,0.7345888888888887,-0.0316555555555557,,0.9524585626465146,0.0009727903211487,0.0009727903211487,0.2796,0.6485567064819224,0.2812374039535465,0.227986746523357,2.171006202697754,-0.0113496780395507,-0.0021999999999999,2.171006202697754,0.2796
cifar,iid,20,42,7,3,0.4227060079574585,-0.0108799934387207,0.0945945945945946,0.0002414852307632,0.9990529453958577,-0.000212947189097,0.7345888888888887,-0.0049444444444446,,0.9524585626465146,0.003528001630258,0.003528001630258,0.2796,0.6485567064819224,0.2812374039535465,0.227986746523357,2.171006202697754,-0.0061640739440917,-0.0,2.171006202697754,0.2796
cifar,iid,20,42,7,4,0.4227060079574585,-0.0017619729042053,0.0945945945945946,-9.694055605102836e-05,0.9990529453958577,-0.000212947189097,0.7345888888888887,-0.0045555555555558,,0.9524585626465146,-0.0010481958820177,0.0010481958820177,0.2796,0.6485567064819224,0.2812374039535465,0.227986746523357,2.171006202697754,0.0010061264038085,0.0012,2.171006202697754,0.2796
cifar,iid,20,42,7,5,0.4227060079574585,0.0057740211486816,0.0945945945945946,-0.0022025584303163,0.9990529453958577,-0.000212947189097,0.7345888888888887,0.0064999999999999,,0.9524585626465146,0.0017044179954035,0.0017044179954035,0.2796,0.6485567064819224,0.2812374039535465,0.227986746523357,2.171006202697754,-0.010556936264038,-0.004,2.171006202697754,0.2796
cifar,iid,20,42,7,6,0.4227060079574585,-0.0102040171623229,0.0945945945945946,0.0032312826745375,0.9990529453958577,0.0002129471890971,0.7345888888888887,-0.0464111111111111,,0.9524585626465146,0.0032565831494723,0.0032565831494723,0.2796,0.6485567064819224,0.2812374039535465,0.227986746523357,2.171006202697754,-0.0030198097229003,-0.0014,2.171006202697754,0.2796
cifar,iid,20,42,7,7,0.4227060079574585,0.005366027355194,0.0945945945945946,0.006634969504472,0.9990529453958577,0.0006388415672913,0.7345888888888887,-0.0588111111111111,,0.9524585626465146,0.0001323810126295,0.0001323810126295,0.2796,0.6485567064819224,0.2812374039535465,0.227986746523357,2.171006202697754,-0.0039608478546142,0.0008,2.171006202697754,0.2796
cifar,iid,20,42,7,8,0.4227060079574585,0.0270479917526245,0.0945945945945946,-0.000710240724256,0.9990529453958577,-0.0006388415672913,0.7345888888888887,-0.0687222222222223,,0.9524585626465146,0.0011414174811562,0.0011414174811562,0.2796,0.6485567064819224,0.2812374039535465,0.227986746523357,2.171006202697754,-0.0250039100646972,-0.0045999999999999,2.171006202697754,0.2796
cifar,iid,20,42,7,9,0.4227060079574585,0.0009540319442749,0.0945945945945946,0.0040122797132142,0.9990529453958577,-0.000212947189097,0.7345888888888887,-0.001988888888889,,0.9524585626465146,0.0001581629208656,0.0001581629208656,0.2796,0.6485567064819224,0.2812374039535465,0.227986746523357,2.171006202697754,0.0068261623382568,0.0022,2.171006202697754,0.2796
cifar,iid,20,42,7,10,0.4227060079574585,0.0031459927558898,0.0945945945945946,0.0033615226059987,0.9990529453958577,0.0,0.7345888888888887,-0.0334777777777779,,0.9524585626465146,0.0018209088692786,0.0018209088692786,0.2796,0.6485567064819224,0.2812374039535465,0.227986746523357,2.171006202697754,0.00822114944458,-0.0007999999999999,2.171006202697754,0.2796
cifar,iid,20,42,7,11,0.4227060079574585,-0.006689965724945,0.0945945945945946,-0.003208382017737,0.9990529453958577,0.0004258943781942,0.7345888888888887,0.0262888888888888,,0.9524585626465146,0.0029467697177416,0.0029467697177416,0.2796,0.6485567064819224,0.2812374039535465,0.227986746523357,2.171006202697754,-0.0075883865356445,0.0005999999999999,2.171006202697754,0.2796
cifar,iid,20,42,7,12,0.4227060079574585,-0.0179179906845092,0.0945945945945946,0.0014224751066856,0.9990529453958577,-0.0004258943781941,0.7345888888888887,0.0006999999999997,,0.9524585626465146,0.0039082805787277,0.0039082805787277,0.2796,0.6485567064819224,0.2812374039535465,0.227986746523357,2.171006202697754,-0.007869005203247,-0.0021999999999999,2.171006202697754,0.2796
cifar,iid,20,42,7,13,0.4227060079574585,-0.0090959668159484,0.0945945945945946,0.0040773532152842,0.9990529453958577,0.0008517887563884,0.7345888888888887,-0.0069444444444446,,0.9524585626465146,-0.0013242126016346,0.0013242126016346,0.2796,0.6485567064819224,0.2812374039535465,0.227986746523357,2.171006202697754,0.0193948745727539,0.0002,2.171006202697754,0.2796
cifar,iid,20,42,7,14,0.4227060079574585,-0.000349998474121,0.0945945945945946,0.0046743625423828,0.9990529453958577,0.0002129471890971,0.7345888888888887,-0.0658555555555557,,0.9524585626465146,8.433122503082036e-05,8.433122503082036e-05,0.2796,0.6485567064819224,0.2812374039535465,0.227986746523357,2.171006202697754,0.0120956897735595,0.0045999999999999,2.171006202697754,0.2796
cifar,iid,20,42,7,15,0.4227060079574585,0.0048739910125732,0.0945945945945946,-0.0019522693941298,0.9990529453958577,-0.000212947189097,0.7345888888888887,0.0083666666666666,,0.9524585626465146,-0.0004207457565051,0.0004207457565051,0.2796,0.6485567064819224,0.2812374039535465,0.227986746523357,2.171006202697754,-0.0089404582977294,-0.0025999999999999,2.171006202697754,0.2796
cifar,iid,20,42,7,16,0.4227060079574585,-0.0058940052986145,0.0945945945945946,0.0012708329291244,0.9990529453958577,0.0,0.7345888888888887,0.0534555555555555,,0.9524585626465146,0.0015394947176712,0.0015394947176712,0.2796,0.6485567064819224,0.2812374039535465,0.227986746523357,2.171006202697754,0.0046219825744628,0.0022,2.171006202697754,0.2796
cifar,iid,20,42,7,17,0.4227060079574585,-0.0086839795112609,0.0945945945945946,-0.0022262146539603,0.9990529453958577,0.0008517887563884,0.7345888888888887,-0.0917444444444446,,0.9524585626465146,0.001426837298902,0.001426837298902,0.2796,0.6485567064819224,0.2812374039535465,0.227986746523357,2.171006202697754,0.0255141258239746,0.0035999999999999,2.171006202697754,0.2796
cifar,iid,20,42,7,18,0.4227060079574585,0.0071260333061218,0.0945945945945946,0.0036203825602106,0.9990529453958577,0.0004258943781942,0.7345888888888887,-0.0158333333333335,,0.9524585626465146,0.0015628098436166,0.0015628098436166,0.2796,0.6485567064819224,0.2812374039535465,0.227986746523357,2.171006202697754,0.0141282081604003,0.0028,2.171006202697754,0.2796
cifar,iid,20,42,7,19,0.4227060079574585,0.003629982471466,0.0945945945945946,0.0057057057057057,0.9990529453958577,0.0,0.7345888888888887,-0.1092777777777778,,0.9524585626465146,-8.70416209886038e-07,8.70416209886038e-07,0.2796,0.6485567064819224,0.2812374039535465,0.227986746523357,2.171006202697754,0.0090324878692626,-0.0021999999999999,2.171006202697754,0.2796
cifar,iid,20,42,8,0,0.4001759886741638,-0.0002859830856323,0.0829159710628826,-0.0011037982946132,0.9951526495113422,0.0014906303236796,0.6912333333333331,-0.0274888888888891,,0.9494417722147762,0.0060312388501075,0.0060312388501075,0.3584,0.6379498811185005,0.3597117225330645,0.3447865679899673,1.829527735710144,-0.0097249746322631,-0.002,1.829527735710144,0.3584
cifar,iid,20,42,8,1,0.4001759886741638,-0.0077260136604309,0.0829159710628826,-0.0044300535731756,0.9951526495113422,0.0008517887563883,0.6912333333333331,-0.0578666666666669,,0.9494417722147762,0.0030760726193698,0.0030760726193698,0.3584,0.6379498811185005,0.3597117225330645,0.3447865679899673,1.829527735710144,-0.0015265941619873,0.0015999999999999,1.829527735710144,0.3584
cifar,iid,20,42,8,2,0.4001759886741638,-0.0028200149536132,0.0829159710628826,-0.0005555601698425,0.9951526495113422,0.0014906303236796,0.6912333333333331,-0.0953666666666668,,0.9494417722147762,0.0018758967753825,0.0018758967753825,0.3584,0.6379498811185005,0.3597117225330645,0.3447865679899673,1.829527735710144,-0.0130535364151,0.0001999999999999,1.829527735710144,0.3584
cifar,iid,20,42,8,3,0.4001759886741638,-0.0110380053520202,0.0829159710628826,-0.0006979458843676,0.9951526495113422,0.000212947189097,0.6912333333333331,-0.0679222222222226,,0.9494417722147762,0.0015334196902552,0.0015334196902552,0.3584,0.6379498811185005,0.3597117225330645,0.3447865679899673,1.829527735710144,-0.0010720491409301,0.003,1.829527735710144,0.3584
cifar,iid,20,42,8,4,0.4001759886741638,-0.0042359828948974,0.0829159710628826,-0.001622404910421,0.9951526495113422,0.0010647359454855,0.6912333333333331,0.0349666666666665,,0.9494417722147762,0.0030797832912898,0.0030797832912898,0.3584,0.6379498811185005,0.3597117225330645,0.3447865679899673,1.829527735710144,6.091594696044922e-05,0.001,1.829527735710144,0.3584
cifar,iid,20,42,8,5,0.4001759886741638,0.0071179866790771,0.0829159710628826,-0.0017165456409036,0.9951526495113422,0.0006388415672912,0.6912333333333331,-0.0431333333333336,,0.9494417722147762,0.0070351149406526,0.0070351149406526,0.3584,0.6379498811185005,0.3597117225330645,0.3447865679899673,1.829527735710144,-0.0099263191223144,-0.0031999999999999,1.829527735710144,0.3584
cifar,iid,20,42,8,6,0.4001759886741638,-0.0150380134582519,0.0829159710628826,-0.002925723474464,0.9951526495113422,0.0,0.6912333333333331,0.0109444444444442,,0.9494417722147762,0.0001004189858692,0.0001004189858692,0.3584,0.6379498811185005,0.3597117225330645,0.3447865679899673,1.829527735710144,0.0001980066299438,-0.0028,1.829527735710144,0.3584
cifar,iid,20,42,8,7,0.4001759886741638,-0.0005159974098205,0.0829159710628826,-0.0021904119158407,0.9951526495113422,-0.0008517887563884,0.6912333333333331,-0.0477,,0.9494417722147762,0.0063939095893356,0.0063939095893356,0.3584,0.6379498811185005,0.3597117225330645,0.3447865679899673,1.829527735710144,0.0058937072753906,0.0034,1.829527735710144,0.3584
cifar,iid,20,42,8,8,0.4001759886741638,0.0312839746475219,0.0829159710628826,-0.0012316945180077,0.9951526495113422,0.0038330494037478,0.6912333333333331,-0.0077333333333333,,0.9494417722147762,0.0068195516899898,0.0068195516899898,0.3584,0.6379498811185005,0.3597117225330645,0.3447865679899673,1.829527735710144,-0.0290508270263671,-0.0075999999999999,1.829527735710144,0.3584
cifar,iid,20,42,8,9,0.4001759886741638,0.0029659867286682,0.0829159710628826,0.000458859828793,0.9951526495113422,0.0008517887563883,0.6912333333333331,-0.0491444444444446,,0.9494417722147762,0.0014116179077969,0.0014116179077969,0.3584,0.6379498811185005,0.3597117225330645,0.3447865679899673,1.829527735710144,0.0021359920501708,0.0014,1.829527735710144,0.3584
cifar,iid,20,42,8,10,0.4001759886741638,0.0022119879722595,0.0829159710628826,-0.001754753895612,0.9951526495113422,-0.0002129471890971,0.6912333333333331,-0.0511444444444448,,0.9494417722147762,0.0008502939702761,0.0008502939702761,0.3584,0.6379498811185005,0.3597117225330645,0.3447865679899673,1.829527735710144,0.0061185359954833,0.0014,1.829527735710144,0.3584
cifar,iid,20,42,8,11,0.4001759886741638,-0.0070279836654663,0.0829159710628826,-0.0030042063207094,0.9951526495113422,0.000212947189097,0.6912333333333331,-0.0273888888888891,,0.9494417722147762,0.0064641694275789,0.0064641694275789,0.3584,0.6379498811185005,0.3597117225330645,0.3447865679899673,1.829527735710144,-0.0018184185028076,0.0014,1.829527735710144,0.3584
cifar,iid,20,42,8,12,0.4001759886741638,-0.0206100344657897,0.0829159710628826,-0.0062205191878137,0.9951526495113422,0.0004258943781941,0.6912333333333331,-0.0418333333333333,,0.9494417722147762,0.0032177989323107,0.0032177989323107,0.3584,0.6379498811185005,0.3597117225330645,0.3447865679899673,1.829527735710144,-0.0091767311096191,-0.0008,1.829527735710144,0.3584
cifar,iid,20,42,8,13,0.4001759886741638,-0.0168240070343017,0.0829159710628826,-0.000886053684024,0.9951526495113422,0.0015858961714336,0.6912333333333331,-0.0695888888888891,,0.9494417722147762,0.0037670355699909,0.0037670355699909,0.3584,0.6379498811185005,0.3597117225330645,0.3447865679899673,1.829527735710144,0.0160746574401855,0.0021999999999999,1.829527735710144,0.3584
cifar,iid,20,42,8,14,0.4001759886741638,-0.0024020075798034,0.0829159710628826,-0.0009766463867818,0.9951526495113422,0.0004258943781941,0.6912333333333331,-0.0105555555555558,,0.9494417722147762,0.0114990116445546,0.0114990116445546,0.3584,0.6379498811185005,0.3597117225330645,0.3447865679899673,1.829527735710144,0.010870337486267,0.0034,1.829527735710144,0.3584
cifar,iid,20,42,8,15,0.4001759886741638,0.0083699822425842,0.0829159710628826,-9.454360230831682e-05,0.9951526495113422,0.0012776831345825,0.6912333333333331,-0.0668111111111113,,0.9494417722147762,0.003128103168689,0.003128103168689,0.3584,0.6379498811185005,0.3597117225330645,0.3447865679899673,1.829527735710144,-0.0130308866500854,-0.0035999999999999,1.829527735710144,0.3584
cifar,iid,20,42,8,16,0.4001759886741638,-0.0067560076713562,0.0829159710628826,-0.0027983146514031,0.9951526495113422,0.0,0.6912333333333331,0.0073666666666665,,0.9494417722147762,0.005317239876397,0.005317239876397,0.3584,0.6379498811185005,0.3597117225330645,0.3447865679899673,1.829527735710144,0.0075035095214843,-0.0005999999999999,1.829527735710144,0.3584
cifar,iid,20,42,8,17,0.4001759886741638,-0.00626802444458,0.0829159710628826,-0.0043856162387047,0.9951526495113422,-0.0010647359454856,0.6912333333333331,5.555555555547542e-05,,0.9494417722147762,0.0031930886614016,0.0031930886614016,0.3584,0.6379498811185005,0.3597117225330645,0.3447865679899673,1.829527735710144,0.0363539457321167,0.0084,1.829527735710144,0.3584
cifar,iid,20,42,8,18,0.4001759886741638,0.0097500085830688,0.0829159710628826,-0.0014959591565884,0.9951526495113422,0.002437684927822,0.6912333333333331,0.0004333333333332,,0.9494417722147762,0.0131869402137497,0.0131869402137497,0.3584,0.6379498811185005,0.3597117225330645,0.3447865679899673,1.829527735710144,0.0166025161743164,0.0041999999999999,1.829527735710144,0.3584
cifar,iid,20,42,8,19,0.4001759886741638,0.0042839646339416,0.0829159710628826,0.0004706541812224,0.9951526495113422,0.0028635793060162,0.6912333333333331,-0.0890666666666668,,0.9494417722147762,0.0077264550853139,0.0077264550853139,0.3584,0.6379498811185005,0.3597117225330645,0.3447865679899673,1.829527735710144,0.001306414604187,-0.0018,1.829527735710144,0.3584
cifar,iid,20,42,9,0,0.3508319854736328,-0.0006120204925537,0.066546762589928,0.0031883221823073,0.9793497265309782,-0.0046624226665471,0.5825999999999998,0.0076666666666664,,0.9411040151051312,0.0002883664082347,0.0002883664082347,0.436,0.6372444117910272,0.4372782150081614,0.4447747658791499,1.5668822526931765,-0.0178717374801635,-0.0054,1.5668822526931765,0.436
cifar,iid,20,42,9,1,0.3508319854736328,-0.00108003616333,0.066546762589928,-0.0036918686572579,0.9793497265309782,-0.0032894736842105,0.5825999999999998,-0.0653555555555556,,0.9411040151051312,2.6221035485662902e-05,2.6221035485662902e-05,0.436,0.6372444117910272,0.4372782150081614,0.4447747658791499,1.5668822526931765,0.0038707256317138,0.0025999999999999,1.5668822526931765,0.436
cifar,iid,20,42,9,2,0.3508319854736328,-0.0056380033493041,0.066546762589928,8.82434106238561e-05,0.9793497265309782,-0.0027458979646731,0.5825999999999998,-0.0273555555555558,,0.9411040151051312,-0.0025603535717705,0.0025603535717705,0.436,0.6372444117910272,0.4372782150081614,0.4447747658791499,1.5668822526931765,-0.0126609802246093,-0.0044,1.5668822526931765,0.436
cifar,iid,20,42,9,3,0.3508319854736328,-0.0049400329589843,0.066546762589928,0.0009655776057579,0.9793497265309782,-0.0002129471890971,0.5825999999999998,-0.0163555555555556,,0.9411040151051312,-0.0006365116681231,0.0006365116681231,0.436,0.6372444117910272,0.4372782150081614,0.4447747658791499,1.5668822526931765,0.0103626251220703,0.0044,1.5668822526931765,0.436
cifar,iid,20,42,9,4,0.3508319854736328,-0.0056059956550598,0.066546762589928,-0.0002095098115055,0.9793497265309782,-0.0028635793060163,0.5825999999999998,-0.0113333333333336,,0.9411040151051312,-0.0028417301871558,0.0028417301871558,0.436,0.6372444117910272,0.4372782150081614,0.4447747658791499,1.5668822526931765,-0.0025373697280883,-0.003,1.5668822526931765,0.436
cifar,iid,20,42,9,5,0.3508319854736328,0.0051220059394836,0.066546762589928,-0.001675858594991,0.9793497265309782,-0.0057271586120326,0.5825999999999998,-0.0845777777777778,,0.9411040151051312,-0.0003005648350871,0.0003005648350871,0.436,0.6372444117910272,0.4372782150081614,0.4447747658791499,1.5668822526931765,-0.0078216791152954,-0.0054,1.5668822526931765,0.436
cifar,iid,20,42,9,6,0.3508319854736328,-0.0017440319061279,0.066546762589928,-0.0005401352038585,0.9793497265309782,-0.0006388415672913,0.5825999999999998,0.0064444444444442,,0.9411040151051312,0.0027618904528518,0.0027618904528518,0.436,0.6372444117910272,0.4372782150081614,0.4447747658791499,1.5668822526931765,0.0059335231781005,0.002,1.5668822526931765,0.436
cifar,iid,20,42,9,7,0.3508319854736328,-0.0016620159149169,0.066546762589928,-0.0004236246538076,0.9793497265309782,-0.0023424190800681,0.5825999999999998,-0.0348000000000003,,0.9411040151051312,0.0001847844770449,0.0001847844770449,0.436,0.6372444117910272,0.4372782150081614,0.4447747658791499,1.5668822526931765,0.0118597745895385,0.005,1.5668822526931765,0.436
cifar,iid,20,42,9,8,0.3508319854736328,0.0200259685516357,0.066546762589928,-0.0014480403550697,0.9793497265309782,-0.0041188469470098,0.5825999999999998,-0.0672000000000001,,0.9411040151051312,0.001751632093865,0.001751632093865,0.436,0.6372444117910272,0.4372782150081614,0.4447747658791499,1.5668822526931765,-0.0380195379257202,-0.0147999999999999,1.5668822526931765,0.436
cifar,iid,20,42,9,9,0.3508319854736328,0.0027099847793579,0.066546762589928,0.0032613047802333,0.9793497265309782,0.0012776831345825,0.5825999999999998,-0.0565555555555556,,0.9411040151051312,0.0042572013245323,0.0042572013245323,0.436,0.6372444117910272,0.4372782150081614,0.4447747658791499,1.5668822526931765,-0.0014311075210571,-0.0001999999999999,1.5668822526931765,0.436
cifar,iid,20,42,9,10,0.3508319854736328,-0.0071060061454772,0.066546762589928,0.0031189623200225,0.9793497265309782,-0.0032894736842105,0.5825999999999998,-0.1163777777777781,,0.9411040151051312,-0.0020183000372255,0.0020183000372255,0.436,0.6372444117910272,0.4372782150081614,0.4447747658791499,1.5668822526931765,0.004949927330017,0.002,1.5668822526931765,0.436
cifar,iid,20,42,9,11,0.3508319854736328,-0.0067180395126342,0.066546762589928,0.0002110225177258,0.9793497265309782,0.0006388415672913,0.5825999999999998,0.0001555555555552,,0.9411040151051312,0.0014082471298787,0.0014082471298787,0.436,0.6372444117910272,0.4372782150081614,0.4447747658791499,1.5668822526931765,-0.002474308013916,0.0005999999999999,1.5668822526931765,0.436
cifar,iid,20,42,9,12,0.3508319854736328,-0.0230420231819152,0.066546762589928,-0.0049460431654676,0.9793497265309782,0.0004258943781941,0.5825999999999998,0.021411111111111,,0.9411040151051312,0.0006588941102306,0.0006588941102306,0.436,0.6372444117910272,0.4372782150081614,0.4447747658791499,1.5668822526931765,-0.0084240436553955,-0.0018,1.5668822526931765,0.436
cifar,iid,20,42,9,13,0.3508319854736328,-0.0169640183448791,0.066546762589928,0.0019863230294885,0.9793497265309782,-0.0031942078364566,0.5825999999999998,-0.0311777777777777,,0.9411040151051312,-0.0009661894784274,0.0009661894784274,0.436,0.6372444117910272,0.4372782150081614,0.4447747658791499,1.5668822526931765,0.020504355430603,0.0067999999999999,1.5668822526931765,0.436
cifar,iid,20,42,9,14,0.3508319854736328,0.0024299621582031,0.066546762589928,0.0014580051934783,0.9793497265309782,-0.0041412624405989,0.5825999999999998,-0.0432111111111113,,0.9411040151051312,-0.0039944664970704,0.0039944664970704,0.436,0.6372444117910272,0.4372782150081614,0.4447747658791499,1.5668822526931765,0.0128010511398315,0.0015999999999999,1.5668822526931765,0.436
cifar,iid,20,42,9,15,0.3508319854736328,-0.0043120384216308,0.066546762589928,-0.0008590023768124,0.9793497265309782,0.0010647359454855,0.5825999999999998,-0.0027111111111111,,0.9411040151051312,0.0025884546133673,0.0025884546133673,0.436,0.6372444117910272,0.4372782150081614,0.4447747658791499,1.5668822526931765,-0.0116902589797973,-0.0044,1.5668822526931765,0.436
cifar,iid,20,42,9,16,0.3508319854736328,0.0008019804954528,0.066546762589928,0.0002409439160444,0.9793497265309782,-0.0025553662691653,0.5825999999999998,-0.0968,,0.9411040151051312,0.0006328686195008,0.0006328686195008,0.436,0.6372444117910272,0.4372782150081614,0.4447747658791499,1.5668822526931765,0.0077931880950927,0.002,1.5668822526931765,0.436
cifar,iid,20,42,9,17,0.3508319854736328,-0.0003600120544433,0.066546762589928,-0.001876723309286,0.9793497265309782,-0.0031942078364566,0.5825999999999998,-0.0304666666666668,,0.9411040151051312,-0.0006283717856845,0.0006283717856845,0.436,0.6372444117910272,0.4372782150081614,0.4447747658791499,1.5668822526931765,0.0370126962661743,0.0127999999999999,1.5668822526931765,0.436
cifar,iid,20,42,9,18,0.3508319854736328,0.0131219625473022,0.066546762589928,0.0031983463003353,0.9793497265309782,-0.0025553662691653,0.5825999999999998,-0.046088888888889,,0.9411040151051312,-0.003058179795374,0.003058179795374,0.436,0.6372444117910272,0.4372782150081614,0.4447747658791499,1.5668822526931765,0.0134601593017578,-0.0005999999999999,1.5668822526931765,0.436
cifar,iid,20,42,9,19,0.3508319854736328,0.0080040097236633,0.066546762589928,0.0045761874673244,0.9793497265309782,0.000212947189097,0.5825999999999998,-0.0086000000000003,,0.9411040151051312,0.0009826367553403,0.0009826367553403,0.436,0.6372444117910272,0.4372782150081614,0.4447747658791499,1.5668822526931765,-0.0049407482147216,-0.0038,1.5668822526931765,0.436
cifar,iid,20,42,10,0,0.3193960189819336,-0.0041679739952087,0.0531262770739681,-0.0023617747688832,0.9887474222182372,-0.0035976867210615,0.628311111111111,-0.0770222222222223,,0.9408910930908224,-0.0045623711141559,0.0045623711141559,0.4788,0.6407457958984434,0.4808161635183148,0.4896271204486922,1.4402910470962524,-0.0160406827926635,-0.0067999999999999,1.4402910470962524,0.4788
cifar,iid,20,42,10,1,0.3193960189819336,-0.0028939843177795,0.0531262770739681,-0.0048565730689473,0.9887474222182372,0.0014906303236797,0.628311111111111,-0.0175777777777779,,0.9408910930908224,-0.0021288715703088,0.0021288715703088,0.4788,0.6407457958984434,0.4808161635183148,0.4896271204486922,1.4402910470962524,0.001284122467041,0.0024,1.4402910470962524,0.4788
cifar,iid,20,42,10,2,0.3193960189819336,-0.0051620006561279,0.0531262770739681,-0.000423418666397,0.9887474222182372,-0.0008293732627991,0.628311111111111,-0.0039777777777778,,0.9408910930908224,-0.0029211410099556,0.0029211410099556,0.4788,0.6407457958984434,0.4808161635183148,0.4896271204486922,1.4402910470962524,-0.0142815113067626,-0.005,1.4402910470962524,0.4788
cifar,iid,20,42,10,3,0.3193960189819336,0.000294029712677,0.0531262770739681,0.000625243589057,0.9887474222182372,-0.0004258943781941,0.628311111111111,0.0171999999999998,,0.9408910930908224,-0.0034095351060567,0.0034095351060567,0.4788,0.6407457958984434,0.4808161635183148,0.4896271204486922,1.4402910470962524,0.0189361572265625,0.0045999999999999,1.4402910470962524,0.4788
cifar,iid,20,42,10,4,0.3193960189819336,-0.007095992565155,0.0531262770739681,-0.0017692575429921,0.9887474222182372,0.0017035775127769,0.628311111111111,0.0138888888888888,,0.9408910930908224,7.183171334612659e-05,7.183171334612659e-05,0.4788,0.6407457958984434,0.4808161635183148,0.4896271204486922,1.4402910470962524,-0.002948522567749,-0.0008,1.4402910470962524,0.4788
cifar,iid,20,42,10,5,0.3193960189819336,0.0081440210342407,0.0531262770739681,-0.0011594372117461,0.9887474222182372,-0.0011600017932393,0.628311111111111,0.0167333333333332,,0.9408910930908224,0.0005489811983112,0.0005489811983112,0.4788,0.6407457958984434,0.4808161635183148,0.4896271204486922,1.4402910470962524,-0.0091810226440429,-0.0051999999999999,1.4402910470962524,0.4788
cifar,iid,20,42,10,6,0.3193960189819336,0.0045520067214965,0.0531262770739681,-0.0007073281462602,0.9887474222182372,0.0030765264951134,0.628311111111111,-0.0534222222222224,,0.9408910930908224,-0.0027041873895324,0.0027041873895324,0.4788,0.6407457958984434,0.4808161635183148,0.4896271204486922,1.4402910470962524,0.0141828060150146,0.002,1.4402910470962524,0.4788
cifar,iid,20,42,10,7,0.3193960189819336,0.0017560124397277,0.0531262770739681,-0.0006371637862468,0.9887474222182372,0.0005211602259482,0.628311111111111,0.0396888888888888,,0.9408910930908224,-0.003596189033677,0.003596189033677,0.4788,0.6407457958984434,0.4808161635183148,0.4896271204486922,1.4402910470962524,0.0144379138946533,0.0065999999999999,1.4402910470962524,0.4788
cifar,iid,20,42,10,8,0.3193960189819336,0.0131260156631469,0.0531262770739681,-0.0013760925942782,0.9887474222182372,-0.0001905316955078,0.628311111111111,0.0391555555555556,,0.9408910930908224,-0.004649256550318,0.004649256550318,0.4788,0.6407457958984434,0.4808161635183148,0.4896271204486922,1.4402910470962524,-0.0445870161056518,-0.0167999999999999,1.4402910470962524,0.4788
cifar,iid,20,42,10,9,0.3193960189819336,0.0065900087356567,0.0531262770739681,0.0011410130543201,0.9887474222182372,-0.0011600017932393,0.628311111111111,0.0659555555555555,,0.9408910930908224,-0.0002811683968442,0.0002811683968442,0.4788,0.6407457958984434,0.4808161635183148,0.4896271204486922,1.4402910470962524,0.0008556842803955,0.0004,1.4402910470962524,0.4788
cifar,iid,20,42,10,10,0.3193960189819336,-0.0045579671859741,0.0531262770739681,0.000127098766655,0.9887474222182372,0.0026506321169192,0.628311111111111,0.0006444444444442,,0.9408910930908224,-0.0010091735149373,0.0010091735149373,0.4788,0.6407457958984434,0.4808161635183148,0.4896271204486922,1.4402910470962524,0.0018409490585327,-0.0018,1.4402910470962524,0.4788
cifar,iid,20,42,10,11,0.3193960189819336,-0.0065659880638122,0.0531262770739681,-0.0027029511690532,0.9887474222182372,-0.0020117905496278,0.628311111111111,-0.0164666666666668,,0.9408910930908224,-0.0037409997101222,0.0037409997101222,0.4788,0.6407457958984434,0.4808161635183148,0.4896271204486922,1.4402910470962524,-0.0003535747528076,0.0025999999999999,1.4402910470962524,0.4788
cifar,iid,20,42,10,12,0.3193960189819336,-0.0151739716529846,0.0531262770739681,-0.0053821695679766,0.9887474222182372,-0.0004258943781941,0.628311111111111,-0.049888888888889,,0.9408910930908224,0.0004349638519977,0.0004349638519977,0.4788,0.6407457958984434,0.4808161635183148,0.4896271204486922,1.4402910470962524,-0.0032107830047607,0.0005999999999999,1.4402910470962524,0.4788
cifar,iid,20,42,10,13,0.3193960189819336,-0.0121259689331054,0.0531262770739681,-6.959921469174013e-05,0.9887474222182372,0.0005211602259482,0.628311111111111,0.0096222222222221,,0.9408910930908224,0.0024929457912733,0.0024929457912733,0.4788,0.6407457958984434,0.4808161635183148,0.4896271204486922,1.4402910470962524,0.0068241357803344,0.0028,1.4402910470962524,0.4788
cifar,iid,20,42,10,14,0.3193960189819336,0.0030140280723571,0.0531262770739681,-0.0005927311904947,0.9887474222182372,-0.0056318927642786,0.628311111111111,0.0060666666666664,,0.9408910930908224,0.0007510585258754,0.0007510585258754,0.4788,0.6407457958984434,0.4808161635183148,0.4896271204486922,1.4402910470962524,0.0162689685821533,0.0051999999999999,1.4402910470962524,0.4788
cifar,iid,20,42,10,15,0.3193960189819336,-0.003845989704132,0.0531262770739681,-0.002384257772061,0.9887474222182372,0.0007565229086344,0.628311111111111,-0.0082222222222223,,0.9408910930908224,0.0012320530165963,0.0012320530165963,0.4788,0.6407457958984434,0.4808161635183148,0.4896271204486922,1.4402910470962524,-0.0163416862487792,-0.0055999999999999,1.4402910470962524,0.4788
cifar,iid,20,42,10,16,0.3193960189819336,0.0026519894599914,0.0531262770739681,0.0025089931233508,0.9887474222182372,-0.0007565229086343,0.628311111111111,-0.0803777777777776,,0.9408910930908224,-0.0030687334406132,0.0030687334406132,0.4788,0.6407457958984434,0.4808161635183148,0.4896271204486922,1.4402910470962524,0.0136710405349731,0.0045999999999999,1.4402910470962524,0.4788
cifar,iid,20,42,10,17,0.3193960189819336,-0.0036219954490661,0.0531262770739681,-0.0045822317718616,0.9887474222182372,-0.0005435757195373,0.628311111111111,0.0287555555555556,,0.9408910930908224,-0.0015989179403868,0.0015989179403868,0.4788,0.6407457958984434,0.4808161635183148,0.4896271204486922,1.4402910470962524,0.0466315746307373,0.0164,1.4402910470962524,0.4788
cifar,iid,20,42,10,18,0.3193960189819336,0.0093460083007812,0.0531262770739681,-0.00075127394644,0.9887474222182372,0.0029588451537703,0.628311111111111,-0.0607999999999999,,0.9408910930908224,-0.0020201555551921,0.0020201555551921,0.4788,0.6407457958984434,0.4808161635183148,0.4896271204486922,1.4402910470962524,0.0112079381942749,-0.0021999999999999,1.4402910470962524,0.4788
cifar,iid,20,42,10,19,0.3193960189819336,0.0067540407180786,0.0531262770739681,-0.000121000053906,0.9887474222182372,0.0,0.628311111111111,0.0024666666666668,,0.9408910930908224,-0.0017154699938436,0.0017154699938436,0.4788,0.6407457958984434,0.4808161635183148,0.4896271204486922,1.4402910470962524,-0.0116424560546875,-0.0065999999999999,1.4402910470962524,0.4788
cifar,iid,4,42,1,0,0.6022199988365173,-0.0912539958953857,0.1619718309859155,-0.0293033367993194,1.0,0.0,0.8060444444444443,-0.0023777777777778,,0.964031144327047,-0.015089252361599,0.015089252361599,0.1704,0.2754686654953783,0.1699667630536119,0.0973758145201708,3.042136907577514,-0.1343271732330322,-0.0082,3.042136907577514,0.1704
cifar,iid,4,42,1,1,0.6022199988365173,-0.0573999881744384,0.1619718309859155,-0.052960295710917,1.0,0.0,0.8060444444444443,0.0084444444444442,,0.964031144327047,-0.0022339892410182,0.0022339892410182,0.1704,0.2754686654953783,0.1699667630536119,0.0973758145201708,3.042136907577514,0.0119435787200927,-0.0064,3.042136907577514,0.1704
cifar,iid,4,42,1,2,0.6022199988365173,0.1954460144042968,0.1619718309859155,-0.0385423078315652,1.0,0.0,0.8060444444444443,0.0154111111111108,,0.964031144327047,-0.0169352491300583,0.0169352491300583,0.1704,0.2754686654953783,0.1699667630536119,0.0973758145201708,3.042136907577514,0.0710117816925048,0.0148,3.042136907577514,0.1704
cifar,iid,4,42,1,3,0.6022199988365173,0.1275920271873474,0.1619718309859155,-0.0204103030091217,1.0,0.0,0.8060444444444443,-0.0057555555555557,,0.964031144327047,-0.010234669559069,0.010234669559069,0.1704,0.2754686654953783,0.1699667630536119,0.0973758145201708,3.042136907577514,-0.0556983947753906,0.0085999999999999,3.042136907577514,0.1704
cifar,iid,4,42,2,0,0.2995179891586303,-0.0182080268859863,0.1920882464815518,0.0005012483935977,0.995685017484085,-0.0021574912579575,0.7589999999999999,0.1474999999999999,,0.9327770819815664,-0.0116401589642078,0.0116401589642078,0.5334,0.606023002285094,0.5354507815595377,0.5334826923959086,1.3254082202911377,-0.0465539693832397,-0.0088,1.3254082202911377,0.5334
cifar,iid,4,42,2,1,0.2995179891586303,-0.0040040016174316,0.1920882464815518,0.0470252639541239,0.995685017484085,0.0103447502914013,0.7589999999999999,0.091711111111111,,0.9327770819815664,-0.0056356037584999,0.0056356037584999,0.5334,0.606023002285094,0.5354507815595377,0.5334826923959086,1.3254082202911377,0.1223931312561035,0.0307999999999999,1.3254082202911377,0.5334
cifar,iid,4,42,2,2,0.2995179891586303,-0.0057399868965148,0.1920882464815518,-0.004798913051522,0.995685017484085,0.0046624226665471,0.7589999999999999,0.0790888888888887,,0.9327770819815664,-0.0091204872076495,0.0091204872076495,0.5334,0.606023002285094,0.5354507815595377,0.5334826923959086,1.3254082202911377,0.0264800786972045,0.0115999999999999,1.3254082202911377,0.5334
cifar,iid,4,42,2,3,0.2995179891586303,-0.0305280089378356,0.1920882464815518,-0.008447536143783,0.995685017484085,0.0131578947368421,0.7589999999999999,0.0578222222222222,,0.9327770819815664,0.0086652526934759,0.0086652526934759,0.5334,0.606023002285094,0.5354507815595377,0.5334826923959086,1.3254082202911377,-0.0039318799972534,-0.0024,1.3254082202911377,0.5334
cifar,iid,4,42,3,0,0.3270760178565979,-0.0206759572029113,0.1350799591697856,0.0146868387766652,0.9754774500134492,-0.0224603245763471,0.5938666666666668,-0.1148444444444443,,0.9426632538568168,0.009894751167828,0.009894751167828,0.6028,0.6450827336829922,0.6043092199974733,0.603224351920231,1.131746768951416,-0.0281842947006225,-0.0081999999999999,1.131746768951416,0.6028
cifar,iid,4,42,3,1,0.3270760178565979,-0.011817991733551,0.1350799591697856,0.0297993215078793,0.9754774500134492,0.0097283242176993,0.5938666666666668,-0.0922666666666665,,0.9426632538568168,0.0119701299261758,0.0119701299261758,0.6028,0.6450827336829922,0.6043092199974733,0.603224351920231,1.131746768951416,0.0652762651443481,0.0106,1.131746768951416,0.6028
cifar,iid,4,42,3,2,0.3270760178565979,-0.020855963230133,0.1350799591697856,0.0064929631654268,0.9754774500134492,-0.0020790370303953,0.5938666666666668,-0.0510666666666665,,0.9426632538568168,0.0035087350081702,0.0035087350081702,0.6028,0.6450827336829922,0.6043092199974733,0.603224351920231,1.131746768951416,0.0560424327850341,0.0213999999999999,1.131746768951416,0.6028
cifar,iid,4,42,3,3,0.3270760178565979,-0.0215259790420532,0.1350799591697856,-0.004834813557487,0.9754774500134492,-0.0187449565139423,0.5938666666666668,0.0021333333333333,,0.9426632538568168,0.0006500424110299,0.0006500424110299,0.6028,0.6450827336829922,0.6043092199974733,0.603224351920231,1.131746768951416,0.0603989362716674,0.0163999999999999,1.131746768951416,0.6028
cifar,iid,4,42,4,0,0.3363999724388122,-0.0507840514183044,0.0890520268113629,0.0025104012766475,0.9737738725006724,-0.0177810902896081,0.5003333333333333,-0.1566222222222222,,0.9333263499878433,-0.0006381374138395,0.0006381374138395,0.633,0.6709668483054789,0.6340633558886923,0.6357475221219125,1.0661805868148804,-0.0286923646926879,-0.002,1.0661805868148804,0.633
cifar,iid,4,42,4,1,0.3363999724388122,-0.0421340465545654,0.0890520268113629,0.0100437623485529,0.9737738725006724,0.0038106339101587,0.5003333333333333,-0.012911111111111,,0.9333263499878433,0.0068015605114363,0.0068015605114363,0.633,0.6709668483054789,0.6340633558886923,0.6357475221219125,1.0661805868148804,0.0700868368148803,0.0292,1.0661805868148804,0.633
cifar,iid,4,42,4,2,0.3363999724388122,0.0087319612503051,0.0890520268113629,0.0096174929843686,0.9737738725006724,0.0066069667354075,0.5003333333333333,-0.0361666666666666,,0.9333263499878433,0.0082513613956886,0.0082513613956886,0.633,0.6709668483054789,0.6340633558886923,0.6357475221219125,1.0661805868148804,0.1244482994079589,0.046,1.0661805868148804,0.633
cifar,iid,4,42,4,3,0.3363999724388122,-0.0239660143852233,0.0890520268113629,-0.0077986335340485,0.9737738725006724,-0.018201380794405,0.5003333333333333,-0.1264666666666665,,0.9333263499878433,0.0015845746618822,0.0015845746618822,0.633,0.6709668483054789,0.6340633558886923,0.6357475221219125,1.0661805868148804,0.1005979776382446,0.032,1.0661805868148804,0.633
cifar,iid,4,42,5,0,0.3346800208091736,-0.0248459577560424,0.0642230576441102,0.0059140197432356,0.9657042948085716,-0.0339146418004124,0.5676000000000001,-0.2019777777777778,,0.9388024924207644,-0.0031992187719567,0.0031992187719567,0.6234,0.6759023067299347,0.6238968003023228,0.6237158879296218,1.055408596992493,0.0619117021560668,0.0197999999999999,1.055408596992493,0.6234
cifar,iid,4,42,5,1,0.3346800208091736,-0.0430619716644287,0.0642230576441102,0.0080328754891242,0.9657042948085716,-0.0030765264951134,0.5676000000000001,-0.0146666666666666,,0.9388024924207644,0.0066044872159485,0.0066044872159485,0.6234,0.6759023067299347,0.6238968003023228,0.6237158879296218,1.055408596992493,0.0146346092224121,-0.0044,1.055408596992493,0.6234
cifar,iid,4,42,5,2,0.3346800208091736,0.001736044883728,0.0642230576441102,0.0129494883420924,0.9657042948085716,0.0034351743925401,0.5676000000000001,-0.0354444444444443,,0.9388024924207644,0.0017535379093045,0.0017535379093045,0.6234,0.6759023067299347,0.6238968003023228,0.6237158879296218,1.055408596992493,0.079619288444519,0.0175999999999999,1.055408596992493,0.6234
cifar,iid,4,42,5,3,0.3346800208091736,-0.0351559519767761,0.0642230576441102,-0.0179505672730534,0.9657042948085716,-0.0098460055590424,0.5676000000000001,-0.1019999999999998,,0.9388024924207644,-0.0076598050536326,0.0076598050536326,0.6234,0.6759023067299347,0.6238968003023228,0.6237158879296218,1.055408596992493,0.0276151895523071,0.0001999999999999,1.055408596992493,0.6234
cifar,iid,4,42,6,0,0.3612200021743774,-0.0216839909553527,0.0427244582043343,0.0112921834149629,0.9627454496548014,-0.0367782211064288,0.5346777777777776,-0.119188888888889,,0.9430253499807452,0.0048466537899569,0.0048466537899569,0.6436,0.6869271992745178,0.6443588059582236,0.6463998606300603,1.0271871089935305,0.0482997894287109,0.0235999999999999,1.0271871089935305,0.6436
cifar,iid,4,42,6,1,0.3612200021743774,-0.0466639995574951,0.0427244582043343,0.0010963360951761,0.9627454496548014,-0.0017988433605308,0.5346777777777776,0.0244666666666664,,0.9430253499807452,0.0189349830951218,0.0189349830951218,0.6436,0.6869271992745178,0.6443588059582236,0.6463998606300603,1.0271871089935305,0.0025205612182617,0.0051999999999999,1.0271871089935305,0.6436
cifar,iid,4,42,6,2,0.3612200021743774,0.0065019726753234,0.0427244582043343,0.0074418708145924,0.9627454496548014,0.0028915986730027,0.5346777777777776,-0.0251333333333334,,0.9430253499807452,0.0086569946155956,0.0086569946155956,0.6436,0.6869271992745178,0.6443588059582236,0.6463998606300603,1.0271871089935305,0.0513163805007934,0.0181999999999999,1.0271871089935305,0.6436
cifar,iid,4,42,6,3,0.3612200021743774,-0.0261560082435607,0.0427244582043343,-0.0165729958723656,0.9627454496548014,-0.01516968528647,0.5346777777777776,-0.0656000000000003,,0.9430253499807452,0.010509340188493,0.010509340188493,0.6436,0.6869271992745178,0.6443588059582236,0.6463998606300603,1.0271871089935305,0.0951470136642456,0.0239999999999999,1.0271871089935305,0.6436
cifar,iid,4,42,7,0,0.3849020004272461,-0.0352460145950317,0.0431832202344232,0.008124242514895,0.977466825069488,-0.0187001255267641,0.7153777777777777,0.0281111111111111,,0.9363959078091516,0.0024988388064626,0.0024988388064626,0.6608,0.6941098443356899,0.66265230759334,0.6576514258301142,0.9947692155838012,0.1146841049194336,0.0442,0.9947692155838012,0.6608
cifar,iid,4,42,7,1,0.3849020004272461,-0.0560240149497985,0.0431832202344232,-0.0018359368536994,0.977466825069488,0.0010423204518963,0.7153777777777777,-0.0267777777777777,,0.9363959078091516,0.0065925543222145,0.0065925543222145,0.6608,0.6941098443356899,0.66265230759334,0.6576514258301142,0.9947692155838012,-0.0146596431732177,0.0048,0.9947692155838012,0.6608
cifar,iid,4,42,7,2,0.3849020004272461,0.0286899805068969,0.0431832202344232,0.0102196703136625,0.977466825069488,0.0354781224782569,0.7153777777777777,0.012044444444444,,0.9363959078091516,0.0032609736293154,0.0032609736293154,0.6608,0.6941098443356899,0.66265230759334,0.6576514258301142,0.9947692155838012,0.0338355302810668,0.012,0.9947692155838012,0.6608
cifar,iid,4,42,7,3,0.3849020004272461,0.0227659940719604,0.0431832202344232,0.0012208629372927,0.977466825069488,0.0122836904868645,0.7153777777777777,0.0339,,0.9363959078091516,-0.003209071339095,0.003209071339095,0.6608,0.6941098443356899,0.66265230759334,0.6576514258301142,0.9947692155838012,0.1279315948486328,0.0318,0.9947692155838012,0.6608
cifar,iid,4,42,8,0,0.3802319765090942,-0.0333520174026489,0.0362565850635264,0.0014323039133666,0.960167667892047,-0.0269826504079619,0.6609333333333334,0.0043777777777778,,0.9323920744534252,0.008346917503554,0.008346917503554,0.6442,0.685936376434789,0.6460252735044072,0.645373431337451,1.0455100536346436,0.0349729061126709,0.0021999999999999,1.0455100536346436,0.6442
cifar,iid,4,42,8,1,0.3802319765090942,-0.0449640154838562,0.0362565850635264,-0.0034007753425648,0.960167667892047,-0.0098908365462206,0.6609333333333334,-0.0158555555555555,,0.9323920744534252,0.0028008185573832,0.0028008185573832,0.6442,0.685936376434789,0.6460252735044072,0.645373431337451,1.0455100536346436,-0.0430539846420288,-0.0126,1.0455100536346436,0.6442
cifar,iid,4,42,8,2,0.3802319765090942,0.0312479734420776,0.0362565850635264,0.0123636255222713,0.960167667892047,0.0082376938940195,0.6609333333333334,0.0081888888888888,,0.9323920744534252,0.0147021352657971,0.0147021352657971,0.6442,0.685936376434789,0.6460252735044072,0.645373431337451,1.0455100536346436,0.0268009901046752,0.0041999999999999,1.0455100536346436,0.6442
cifar,iid,4,42,8,3,0.3802319765090942,0.0126279592514038,0.0362565850635264,0.0031588986882051,0.960167667892047,-0.0044718909710391,0.6609333333333334,-0.0897777777777777,,0.9323920744534252,-0.0044182938130962,0.0044182938130962,0.6442,0.685936376434789,0.6460252735044072,0.645373431337451,1.0455100536346436,0.3660478591918945,0.0789999999999999,1.0455100536346436,0.6442
cifar,iid,4,42,9,0,0.3911120295524597,-0.0439899563789367,0.0311027332704995,0.002097208408621,0.9779431543082578,-0.0169461131534116,0.652177777777778,-0.0454555555555553,,0.941574971284584,0.0069910071476398,0.0069910071476398,0.6694,0.6817100851378045,0.6712079432305843,0.6628452809832468,0.9529150128364564,0.1271291375160217,0.0295999999999999,0.9529150128364564,0.6694
cifar,iid,4,42,9,1,0.3911120295524597,-0.045005977153778,0.0311027332704995,-0.0005929878071549,0.9779431543082578,0.0132755760781851,0.652177777777778,-0.0340666666666664,,0.941574971284584,0.0175085518905649,0.0175085518905649,0.6694,0.6817100851378045,0.6712079432305843,0.6628452809832468,0.9529150128364564,-0.0249322056770324,-0.0108,0.9529150128364564,0.6694
cifar,iid,4,42,9,2,0.3911120295524597,0.007468044757843,0.0311027332704995,-0.0051107355986237,0.9779431543082578,0.0074083206312203,0.652177777777778,-0.0297777777777776,,0.941574971284584,-0.00388547946739,0.00388547946739,0.6694,0.6817100851378045,0.6712079432305843,0.6628452809832468,0.9529150128364564,0.0567547678947448,0.0201999999999999,0.9529150128364564,0.6694
cifar,iid,4,42,9,3,0.3911120295524597,-0.0366019606590271,0.0311027332704995,-0.01412868327929,0.9779431543082578,0.0016811620191876,0.652177777777778,-0.0857444444444441,,0.941574971284584,-0.0061772154857032,0.0061772154857032,0.6694,0.6817100851378045,0.6712079432305843,0.6628452809832468,0.9529150128364564,0.2161981463432312,0.0395999999999999,0.9529150128364564,0.6694
cifar,iid,4,42,10,0,0.3429840207099914,-0.0206999778747558,0.0332114564290066,0.0029960915945482,0.9840681879314984,-0.0006612570608803,0.712288888888889,0.066777777777778,,0.945742866005302,-0.0044950044648268,0.0044950044648268,0.6644,0.6894521588151363,0.6672136524042211,0.6617909444755442,1.0225427150726318,-0.0077488422393798,0.0055999999999999,1.0225427150726318,0.6644
cifar,iid,4,42,10,1,0.3429840207099914,-0.0501259565353393,0.0332114564290066,0.0012765785329516,0.9840681879314984,0.0159486236886936,0.712288888888889,0.0640666666666667,,0.945742866005302,0.0320168711870201,0.0320168711870201,0.6644,0.6894521588151363,0.6672136524042211,0.6617909444755442,1.0225427150726318,-0.0646630525588989,-0.005,1.0225427150726318,0.6644
cifar,iid,4,42,10,2,0.3429840207099914,-0.0123499631881713,0.0332114564290066,0.0053536274184399,0.9840681879314984,0.0043766251232852,0.712288888888889,0.0804888888888888,,0.945742866005302,-0.002715962182869,0.002715962182869,0.6644,0.6894521588151363,0.6672136524042211,0.6617909444755442,1.0225427150726318,0.0542395114898681,0.0148,1.0225427150726318,0.6644
cifar,iid,4,42,10,3,0.3429840207099914,-0.0127559900283813,0.0332114564290066,-0.0049967122139445,0.9840681879314984,-0.0017484084999551,0.712288888888889,0.0239555555555557,,0.945742866005302,0.0085673948138312,0.0085673948138312,0.6644,0.6894521588151363,0.6672136524042211,0.6617909444755442,1.0225427150726318,0.5384203195571899,0.1056,1.0225427150726318,0.6644
cifar,iid,20,107,1,0,0.9939860105514526,-0.0007719993591308,0.9695121951219512,-0.0020325203252032,1.0,0.0,0.9028,0.0162666666666666,,0.999528730174107,-9.479834653891572e-05,9.479834653891572e-05,0.0984,0.0298298298298298,0.1001968503937007,0.0182899729170619,2.5744028091430664,0.005361795425415,-0.0,2.5744028091430664,0.0984
cifar,iid,20,107,1,1,0.9939860105514526,-0.0007799863815307,0.9695121951219512,-0.008130081300813,1.0,0.0,0.9028,0.0827333333333333,,0.999528730174107,-0.0001394756130068,0.0001394756130068,0.0984,0.0298298298298298,0.1001968503937007,0.0182899729170619,2.5744028091430664,-0.0020394325256347,-0.0,2.5744028091430664,0.0984
cifar,iid,20,107,1,2,0.9939860105514526,0.0083140134811401,0.9695121951219512,0.0504838550409795,1.0,0.0,0.9028,0.012,,0.999528730174107,0.0008512194771771,0.0008512194771771,0.0984,0.0298298298298298,0.1001968503937007,0.0182899729170619,2.5744028091430664,-0.003657579421997,-0.0003999999999999,2.5744028091430664,0.0984
cifar,iid,20,107,1,3,0.9939860105514526,0.005042016506195,0.9695121951219512,0.0444109805470523,1.0,0.0,0.9028,0.0894888888888889,,0.999528730174107,0.0006134673457012,0.0006134673457012,0.0984,0.0298298298298298,0.1001968503937007,0.0182899729170619,2.5744028091430664,-0.0043845176696777,-0.0003999999999999,2.5744028091430664,0.0984
cifar,iid,20,107,1,4,0.9939860105514526,0.0016940236091613,0.9695121951219512,0.0222505318359471,1.0,0.0,0.9028,0.0268888888888887,,0.999528730174107,-7.109875990429781e-05,7.109875990429781e-05,0.0984,0.0298298298298298,0.1001968503937007,0.0182899729170619,2.5744028091430664,0.0022623538970947,-0.0001999999999999,2.5744028091430664,0.0984
cifar,iid,20,107,1,5,0.9939860105514526,-0.0026139616966247,0.9695121951219512,-0.0101626016260163,1.0,0.0,0.9028,0.0023111111111111,,0.999528730174107,-0.0002606954529819,0.0002606954529819,0.0984,0.0298298298298298,0.1001968503937007,0.0182899729170619,2.5744028091430664,-0.0046358108520507,-0.0,2.5744028091430664,0.0984
cifar,iid,20,107,1,6,0.9939860105514526,0.0016639828681945,0.9695121951219512,0.0182926829268292,1.0,0.0,0.9028,0.0769666666666668,,0.999528730174107,0.0001895966930778,0.0001895966930778,0.0984,0.0298298298298298,0.1001968503937007,0.0182899729170619,2.5744028091430664,-0.0018720626831054,-0.0,2.5744028091430664,0.0984
cifar,iid,20,107,1,7,0.9939860105514526,-0.0023800134658813,0.9695121951219512,-0.0101626016260163,1.0,0.0,0.9028,0.1103111111111112,,0.999528730174107,-0.0004475702392582,0.0004475702392582,0.0984,0.0298298298298298,0.1001968503937007,0.0182899729170619,2.5744028091430664,0.0040714740753173,-0.0,2.5744028091430664,0.0984
cifar,iid,20,107,1,8,0.9939860105514526,-0.0033079981803894,0.9695121951219512,-0.0182926829268292,1.0,0.0,0.9028,0.0192222222222222,,0.999528730174107,-0.0004475702392582,0.0004475702392582,0.0984,0.0298298298298298,0.1001968503937007,0.0182899729170619,2.5744028091430664,-0.0023374557495117,-0.0,2.5744028091430664,0.0984
cifar,iid,20,107,1,9,0.9939860105514526,-0.0009160041809082,0.9695121951219512,0.0100801464404096,1.0,0.0,0.9028,0.0253555555555555,,0.999528730174107,-0.0001895966930778,0.0001895966930778,0.0984,0.0298298298298298,0.1001968503937007,0.0182899729170619,2.5744028091430664,0.0067634582519531,-0.0001999999999999,2.5744028091430664,0.0984
cifar,iid,20,107,1,10,0.9939860105514526,-0.0033360123634338,0.9695121951219512,-0.0142276422764228,1.0,0.0,0.9028,0.0079777777777778,,0.999528730174107,-0.0004238706526236,0.0004238706526236,0.0984,0.0298298298298298,0.1001968503937007,0.0182899729170619,2.5744028091430664,0.00797700881958,-0.0,2.5744028091430664,0.0984
cifar,iid,20,107,1,11,0.9939860105514526,0.0041639804840087,0.9695121951219512,0.0302409400612224,1.0,0.0,0.9028,0.0106222222222225,,0.999528730174107,0.000331794212886,0.000331794212886,0.0984,0.0298298298298298,0.1001968503937007,0.0182899729170619,2.5744028091430664,-0.0035841464996337,-0.0003999999999999,2.5744028091430664,0.0984
cifar,iid,20,107,1,12,0.9939860105514526,-0.0008019804954528,0.9695121951219512,-0.0060975609756097,1.0,0.0,0.9028,-0.0105999999999999,,0.999528730174107,-0.0002105743729109,0.0002105743729109,0.0984,0.0298298298298298,0.1001968503937007,0.0182899729170619,2.5744028091430664,-0.0027179718017578,-0.0,2.5744028091430664,0.0984
cifar,iid,20,107,1,13,0.9939860105514526,0.0022940039634704,0.9695121951219512,0.0222505318359471,1.0,0.0,0.9028,0.0170222222222222,,0.999528730174107,2.369958663461791e-05,2.369958663461791e-05,0.0984,0.0298298298298298,0.1001968503937007,0.0182899729170619,2.5744028091430664,-0.0030992031097412,-0.0001999999999999,2.5744028091430664,0.0984
cifar,iid,20,107,1,14,0.9939860105514526,-0.0043379664421081,0.9695121951219512,-0.0243778252446476,1.0,0.0,0.9028,-0.0177777777777778,,0.999528730174107,-0.0004712698258929,0.0004712698258929,0.0984,0.0298298298298298,0.1001968503937007,0.0182899729170619,2.5744028091430664,7.963180541992188e-05,0.0002,2.5744028091430664,0.0984
cifar,iid,20,107,1,15,0.9939860105514526,-0.0025500059127807,0.9695121951219512,-0.0162311857334459,1.0,0.0,0.9028,-0.0045999999999999,,0.999528730174107,-0.0003290723060844,0.0003290723060844,0.0984,0.0298298298298298,0.1001968503937007,0.0182899729170619,2.5744028091430664,-0.0003230571746826,0.0002,2.5744028091430664,0.0984
cifar,iid,20,107,1,16,0.9939860105514526,0.0021139979362487,0.9695121951219512,0.0203252032520324,1.0,0.0,0.9028,0.0292666666666669,,0.999528730174107,0.0001658971064431,0.0001658971064431,0.0984,0.0298298298298298,0.1001968503937007,0.0182899729170619,2.5744028091430664,-0.0005578994750976,-0.0,2.5744028091430664,0.0984
cifar,iid,20,107,1,17,0.9939860105514526,0.0020099878311157,0.9695121951219512,0.0162601626016259,1.0,0.0,0.9028,0.0138,,0.999528730174107,0.0001658971064431,0.0001658971064431,0.0984,0.0298298298298298,0.1001968503937007,0.0182899729170619,2.5744028091430664,0.004220962524414,-0.0,2.5744028091430664,0.0984
cifar,iid,20,107,1,18,0.9939860105514526,-0.0034700036048889,0.9695121951219512,-0.0121951219512195,1.0,0.0,0.9028,0.0130666666666667,,0.999528730174107,-0.0002843950396167,0.0002843950396167,0.0984,0.0298298298298298,0.1001968503937007,0.0182899729170619,2.5744028091430664,0.0054881572723388,-0.0,2.5744028091430664,0.0984
cifar,iid,20,107,1,19,0.9939860105514526,0.0025240182876586,0.9695121951219512,0.0020325203252031,1.0,0.0,0.9028,0.0538,,0.999528730174107,0.0001658971064431,0.0001658971064431,0.0984,0.0298298298298298,0.1001968503937007,0.0182899729170619,2.5744028091430664,-0.0054519176483154,-0.0,2.5744028091430664,0.0984
cifar,iid,20,107,2,0,0.9425879716873168,0.0025659799575805,0.8702594810379242,0.0173767772605881,1.0,0.0,0.7956666666666665,-0.0368666666666668,,0.995666158350077,0.0003263503992829,0.0003263503992829,0.0996,0.1232445162158525,0.1013715785526809,0.0205851044522302,2.9407293796539307,-0.0012710094451904,-0.0004,2.9407293796539307,0.0996
cifar,iid,20,107,2,1,0.9425879716873168,-0.0058220028877258,0.8702594810379242,-0.0231006799278705,1.0,0.0,0.7956666666666665,-0.0527111111111113,,0.995666158350077,-0.0013356793490986,0.0013356793490986,0.0996,0.1232445162158525,0.1013715785526809,0.0205851044522302,2.9407293796539307,0.0075373649597167,0.0005999999999999,2.9407293796539307,0.0996
cifar,iid,20,107,2,2,0.9425879716873168,0.0074059963226318,0.8702594810379242,0.0196618714761711,1.0,0.0,0.7956666666666665,-0.0699111111111112,,0.995666158350077,0.0009172525100783,0.0009172525100783,0.0996,0.1232445162158525,0.1013715785526809,0.0205851044522302,2.9407293796539307,-1.7881393432617188e-05,-0.0004,2.9407293796539307,0.0996
cifar,iid,20,107,2,3,0.9425879716873168,0.0139259696006774,0.8702594810379242,0.0421962399312048,1.0,0.0,0.7956666666666665,-0.068977777777778,,0.995666158350077,0.0022292322725425,0.0022292322725425,0.0996,0.1232445162158525,0.1013715785526809,0.0205851044522302,2.9407293796539307,-0.0017883777618408,-0.0012,2.9407293796539307,0.0996
cifar,iid,20,107,2,4,0.9425879716873168,0.0092339515686035,0.8702594810379242,0.0326357186616865,1.0,0.0,0.7956666666666665,-0.0679777777777779,,0.995666158350077,0.0009172525100783,0.0009172525100783,0.0996,0.1232445162158525,0.1013715785526809,0.0205851044522302,2.9407293796539307,0.0022101402282714,-0.0006,2.9407293796539307,0.0996
cifar,iid,20,107,2,5,0.9425879716873168,-0.0103560090065002,0.8702594810379242,-0.0289340673491725,1.0,0.0,0.7956666666666665,-0.0635777777777779,,0.995666158350077,-0.0013119797624639,0.0013119797624639,0.0996,0.1232445162158525,0.1013715785526809,0.0205851044522302,2.9407293796539307,0.0001142024993896,0.0007999999999999,2.9407293796539307,0.0996
cifar,iid,20,107,2,6,0.9425879716873168,0.0014499425888061,0.8702594810379242,0.0097017121136213,1.0,0.0,0.7956666666666665,-0.0517333333333334,,0.995666158350077,-0.0001157760263719,0.0001157760263719,0.0996,0.1232445162158525,0.1013715785526809,0.0205851044522302,2.9407293796539307,0.0034482479095458,-0.0,2.9407293796539307,0.0996
cifar,iid,20,107,2,7,0.9425879716873168,-0.0043840408325195,0.8702594810379242,-0.0019960079840318,1.0,0.0,0.7956666666666665,-0.0871666666666668,,0.995666158350077,-0.0014541772822722,0.0014541772822722,0.0996,0.1232445162158525,0.1013715785526809,0.0205851044522302,2.9407293796539307,0.0065047740936279,0.0003999999999999,2.9407293796539307,0.0996
cifar,iid,20,107,2,8,0.9425879716873168,-0.0014720559120178,0.8702594810379242,-0.0077405189620758,1.0,0.0,0.7956666666666665,-0.0542222222222223,,0.995666158350077,-0.0012199033227267,0.0012199033227267,0.0996,0.1232445162158525,0.1013715785526809,0.0205851044522302,2.9407293796539307,-0.0034751892089843,-0.0,2.9407293796539307,0.0996
cifar,iid,20,107,2,9,0.9425879716873168,0.0092959403991699,0.8702594810379242,0.0306555206418845,1.0,0.0,0.7956666666666665,-0.0627777777777778,,0.995666158350077,0.0009646516833479,0.0009646516833479,0.0996,0.1232445162158525,0.1013715785526809,0.0205851044522302,2.9407293796539307,0.0019366741180419,-0.0006,2.9407293796539307,0.0996
cifar,iid,20,107,2,10,0.9425879716873168,-0.0214360356330871,0.8702594810379242,-0.0528174420389989,1.0,0.0,0.7956666666666665,-0.0352222222222224,,0.995666158350077,-0.0013621008425349,0.0013621008425349,0.0996,0.1232445162158525,0.1013715785526809,0.0205851044522302,2.9407293796539307,0.0035881996154785,0.0007999999999999,2.9407293796539307,0.0996
cifar,iid,20,107,2,11,0.9425879716873168,0.0005059838294982,0.8702594810379242,-0.0014840059360237,1.0,0.0,0.7956666666666665,-0.0597111111111112,,0.995666158350077,0.0001421975198082,0.0001421975198082,0.0996,0.1232445162158525,0.1013715785526809,0.0205851044522302,2.9407293796539307,-0.0044636726379394,0.0003999999999999,2.9407293796539307,0.0996
cifar,iid,20,107,2,12,0.9425879716873168,-0.0068220496177673,0.8702594810379242,-0.0325745270592418,1.0,0.0,0.7956666666666665,-0.0128444444444446,,0.995666158350077,-0.0013593789357333,0.0013593789357333,0.0996,0.1232445162158525,0.1013715785526809,0.0205851044522302,2.9407293796539307,0.0037887096405029,0.0007999999999999,2.9407293796539307,0.0996
cifar,iid,20,107,2,13,0.9425879716873168,0.0081459879875183,0.8702594810379242,0.0306555206418845,1.0,0.0,0.7956666666666665,-0.0591333333333334,,0.995666158350077,0.0017094289216512,0.0017094289216512,0.0996,0.1232445162158525,0.1013715785526809,0.0205851044522302,2.9407293796539307,-0.011533498764038,-0.001,2.9407293796539307,0.0996
cifar,iid,20,107,2,14,0.9425879716873168,-0.002746045589447,0.8702594810379242,-0.0132746555082605,1.0,0.0,0.7956666666666665,-0.0338444444444445,,0.995666158350077,-0.000397449159187,0.000397449159187,0.0996,0.1232445162158525,0.1013715785526809,0.0205851044522302,2.9407293796539307,0.0026159286499023,0.0007999999999999,2.9407293796539307,0.0996
cifar,iid,20,107,2,15,0.9425879716873168,-0.0165280103683471,0.8702594810379242,-0.0426959845491203,1.0,0.0,0.7956666666666665,-0.0669111111111111,,0.995666158350077,-0.0015699533086444,0.0015699533086444,0.0996,0.1232445162158525,0.1013715785526809,0.0205851044522302,2.9407293796539307,-0.0056638717651367,0.0007999999999999,2.9407293796539307,0.0996
cifar,iid,20,107,2,16,0.9425879716873168,0.0184939503669738,0.8702594810379242,0.0461488091011652,1.0,0.0,0.7956666666666665,-0.0474666666666669,,0.995666158350077,0.0026503810183642,0.0026503810183642,0.0996,0.1232445162158525,0.1013715785526809,0.0205851044522302,2.9407293796539307,-0.0037689208984375,-0.0008,2.9407293796539307,0.0996
cifar,iid,20,107,2,17,0.9425879716873168,0.0115039944648742,0.8702594810379242,0.0273171351134708,1.0,0.0,0.7956666666666665,-0.0187555555555558,,0.995666158350077,0.0007319652788749,0.0007319652788749,0.0996,0.1232445162158525,0.1013715785526809,0.0205851044522302,2.9407293796539307,-0.007214069366455,-0.0006,2.9407293796539307,0.0996
cifar,iid,20,107,2,18,0.9425879716873168,0.0032159686088562,0.8702594810379242,0.0079840319361277,1.0,0.0,0.7956666666666665,-0.0319333333333333,,0.995666158350077,0.0004001710659886,0.0004001710659886,0.0996,0.1232445162158525,0.1013715785526809,0.0205851044522302,2.9407293796539307,0.0020320415496826,-0.0002,2.9407293796539307,0.0996
cifar,iid,20,107,2,19,0.9425879716873168,4.1961669921875e-05,0.8702594810379242,0.0059880239520958,1.0,0.0,0.7956666666666665,-0.0788000000000002,,0.995666158350077,0.0003539062444481,0.0003539062444481,0.0996,0.1232445162158525,0.1013715785526809,0.0205851044522302,2.9407293796539307,0.0059783458709716,-0.0,2.9407293796539307,0.0996
cifar,iid,20,107,3,0,0.8654980063438416,0.0002800226211547,0.8317025440313112,0.0106908708795602,1.0,0.0,0.8520333333333334,0.0271888888888889,,0.9966733769156042,0.0003500499859176,0.0003500499859176,0.103,0.0685197383468276,0.1047052868391451,0.0260182730485597,3.12630558013916,-0.0006783008575439,0.0001999999999999,3.12630558013916,0.103
cifar,iid,20,107,3,1,0.8654980063438416,-0.0099599957466125,0.8317025440313112,-0.0167226528190825,1.0,0.0,0.8520333333333334,0.0509888888888889,,0.9966733769156042,0.0012436925748308,0.0012436925748308,0.103,0.0685197383468276,0.1047052868391451,0.0260182730485597,3.12630558013916,0.0124690532684326,0.0013999999999999,3.12630558013916,0.103
cifar,iid,20,107,3,2,0.8654980063438416,0.0125820040702819,0.8317025440313112,0.0196870401553421,1.0,0.0,0.8520333333333334,0.0679333333333334,,0.9966733769156042,0.0005369247721939,0.0005369247721939,0.103,0.0685197383468276,0.1047052868391451,0.0260182730485597,3.12630558013916,-0.0002229213714599,-0.0002,3.12630558013916,0.103
cifar,iid,20,107,3,3,0.8654980063438416,0.0236780047416687,0.8317025440313112,0.0382662505950177,1.0,0.0,0.8520333333333334,0.089611111111111,,0.9966733769156042,0.001050104757033,0.001050104757033,0.103,0.0685197383468276,0.1047052868391451,0.0260182730485597,3.12630558013916,-0.0065641403198242,-0.001,3.12630558013916,0.103
cifar,iid,20,107,3,4,0.8654980063438416,0.0056620240211486,0.8317025440313112,0.0071411405225392,1.0,0.0,0.8520333333333334,0.0569000000000001,,0.9966733769156042,0.0019955916415747,0.0019955916415747,0.103,0.0685197383468276,0.1047052868391451,0.0260182730485597,3.12630558013916,0.0089294910430908,-0.0004,3.12630558013916,0.103
cifar,iid,20,107,3,5,0.8654980063438416,-0.0100299715995788,0.8317025440313112,-0.0167226528190825,1.0,0.0,0.8520333333333334,0.0554555555555555,,0.9966733769156042,-9.479834653891572e-05,9.479834653891572e-05,0.103,0.0685197383468276,0.1047052868391451,0.0260182730485597,3.12630558013916,-0.0014309883117675,0.001,3.12630558013916,0.103
cifar,iid,20,107,3,6,0.8654980063438416,-0.0015439987182617,0.8317025440313112,0.0016244190313111,1.0,0.0,0.8520333333333334,-0.0008555555555553,,0.9966733769156042,0.0002281960230693,0.0002281960230693,0.103,0.0685197383468276,0.1047052868391451,0.0260182730485597,3.12630558013916,0.0005328655242919,0.0003999999999999,3.12630558013916,0.103
cifar,iid,20,107,3,7,0.8654980063438416,-0.0218380093574523,0.8317025440313112,-0.0265651725041219,1.0,0.0,0.8520333333333334,0.0367555555555556,,0.9966733769156042,-7.54986815431069e-05,7.54986815431069e-05,0.103,0.0685197383468276,0.1047052868391451,0.0260182730485597,3.12630558013916,0.0068790912628173,0.0015999999999999,3.12630558013916,0.103
cifar,iid,20,107,3,8,0.8654980063438416,-0.0007539987564086,0.8317025440313112,-0.0006561304326264,1.0,0.0,0.8520333333333334,0.0515444444444446,,0.9966733769156042,0.0014068677744722,0.0014068677744722,0.103,0.0685197383468276,0.1047052868391451,0.0260182730485597,3.12630558013916,-0.0047283172607421,-0.0,3.12630558013916,0.103
cifar,iid,20,107,3,9,0.8654980063438416,0.0128560066223144,0.8317025440313112,0.0158110711630941,1.0,0.0,0.8520333333333334,0.0399000000000002,,0.9966733769156042,0.0018797930148425,0.0018797930148425,0.103,0.0685197383468276,0.1047052868391451,0.0260182730485597,3.12630558013916,-0.0028481483459472,-0.0006,3.12630558013916,0.103
cifar,iid,20,107,3,10,0.8654980063438416,-0.0198280215263366,0.8317025440313112,-0.0319338196050524,1.0,0.0,0.8520333333333334,-0.0151666666666665,,0.9966733769156042,-0.0005186689991623,0.0005186689991623,0.103,0.0685197383468276,0.1047052868391451,0.0260182730485597,3.12630558013916,0.0078363418579101,0.0021999999999999,3.12630558013916,0.103
cifar,iid,20,107,3,11,0.8654980063438416,0.009078025817871,0.8317025440313112,0.0165274467550465,1.0,0.0,0.8520333333333334,0.0208555555555556,,0.9966733769156042,0.0020876680813119,0.0020876680813119,0.103,0.0685197383468276,0.1047052868391451,0.0260182730485597,3.12630558013916,-0.0113899707794189,-0.0004,3.12630558013916,0.103
cifar,iid,20,107,3,12,0.8654980063438416,0.0054079890251159,0.8317025440313112,0.0,1.0,0.0,0.8520333333333334,0.0242111111111111,,0.9966733769156042,-0.0004001710659886,0.0004001710659886,0.103,0.0685197383468276,0.1047052868391451,0.0260182730485597,3.12630558013916,0.0056111812591552,0.0003999999999999,3.12630558013916,0.103
cifar,iid,20,107,3,13,0.8654980063438416,-0.0088400244712829,0.8317025440313112,-0.0117416829745596,1.0,0.0,0.8520333333333334,0.0839222222222222,,0.9966733769156042,0.0012199703878359,0.0012199703878359,0.103,0.0685197383468276,0.1047052868391451,0.0260182730485597,3.12630558013916,-0.0122349262237548,-0.0002,3.12630558013916,0.103
cifar,iid,20,107,3,14,0.8654980063438416,0.0100600123405456,0.8317025440313112,0.0090904582613305,1.0,0.0,0.8520333333333334,0.0287444444444444,,0.9966733769156042,0.0,0.0,0.103,0.0685197383468276,0.1047052868391451,0.0260182730485597,3.12630558013916,0.0033671855926513,-0.0,3.12630558013916,0.103
cifar,iid,20,107,3,15,0.8654980063438416,-0.0202680230140686,0.8317025440313112,-0.024596668567114,1.0,0.0,0.8520333333333334,0.0045666666666666,,0.9966733769156042,0.0009873970434878,0.0009873970434878,0.103,0.0685197383468276,0.1047052868391451,0.0260182730485597,3.12630558013916,-0.0143637657165527,0.001,3.12630558013916,0.103
cifar,iid,20,107,3,16,0.8654980063438416,0.0233120322227478,0.8317025440313112,0.0289946136638062,1.0,0.0,0.8520333333333334,0.0401,,0.9966733769156042,0.0024803194522476,0.0024803194522476,0.103,0.0685197383468276,0.1047052868391451,0.0260182730485597,3.12630558013916,-0.0074279308319091,-0.0006,3.12630558013916,0.103
cifar,iid,20,107,3,17,0.8654980063438416,0.0141500234603881,0.8317025440313112,0.0106908708795602,1.0,0.0,0.8520333333333334,0.0595666666666667,,0.9966733769156042,0.0019481952886531,0.0019481952886531,0.103,0.0685197383468276,0.1047052868391451,0.0260182730485597,3.12630558013916,-0.0053927898406982,-0.0008,3.12630558013916,0.103
cifar,iid,20,107,3,18,0.8654980063438416,-0.0061320066452026,0.8317025440313112,-0.017020442216233,1.0,0.0,0.8520333333333334,0.016088888888889,,0.9966733769156042,0.0003009501974506,0.0003009501974506,0.103,0.0685197383468276,0.1047052868391451,0.0260182730485597,3.12630558013916,0.0101559162139892,0.0003999999999999,3.12630558013916,0.103
cifar,iid,20,107,3,19,0.8654980063438416,-0.0056959986686706,0.8317025440313112,-0.0100943309686888,1.0,0.0,0.8520333333333334,-0.0149444444444444,,0.9966733769156042,0.0015744428957527,0.0015744428957527,0.103,0.0685197383468276,0.1047052868391451,0.0260182730485597,3.12630558013916,0.0119409561157226,-0.0,3.12630558013916,0.103
cifar,iid,20,107,4,0,0.7268940210342407,0.0063620209693908,0.6615120274914089,0.0085205744999559,1.0,0.0,0.8053333333333332,0.0136444444444443,,0.9886933294902764,-0.0001882515641202,0.0001882515641202,0.1154,0.2376500534664286,0.1168755882897068,0.0473469881472258,3.143401622772217,-0.00230073928833,-0.0006,3.143401622772217,0.1154
cifar,iid,20,107,4,1,0.7268940210342407,-0.0081019401550292,0.6615120274914089,-0.0143500414741083,1.0,0.0,0.8053333333333332,0.0388333333333332,,0.9886933294902764,-0.0013590040629416,0.0013590040629416,0.1154,0.2376500534664286,0.1168755882897068,0.0473469881472258,3.143401622772217,0.0084955692291259,-0.0003999999999999,3.143401622772217,0.1154
cifar,iid,20,107,4,2,0.7268940210342407,0.0247120261192321,0.6615120274914089,0.0251483911277725,1.0,0.0,0.8053333333333332,-0.004288888888889,,0.9886933294902764,-6.255855219416961e-05,6.255855219416961e-05,0.1154,0.2376500534664286,0.1168755882897068,0.0473469881472258,3.143401622772217,-0.0064144134521484,-0.0001999999999999,3.143401622772217,0.1154
cifar,iid,20,107,4,3,0.7268940210342407,0.0235600471496582,0.6615120274914089,0.0472988295218658,1.0,0.0,0.8053333333333332,0.0111333333333332,,0.9886933294902764,0.0022303710891409,0.0022303710891409,0.1154,0.2376500534664286,0.1168755882897068,0.0473469881472258,3.143401622772217,-0.0087866783142089,-0.0011999999999999,3.143401622772217,0.1154
cifar,iid,20,107,4,4,0.7268940210342407,0.0072619915008544,0.6615120274914089,0.0051546391752577,1.0,0.0,0.8053333333333332,0.0929999999999999,,0.9886933294902764,0.0009546328660189,0.0009546328660189,0.1154,0.2376500534664286,0.1168755882897068,0.0473469881472258,3.143401622772217,0.0183770656585693,0.0002,3.143401622772217,0.1154
cifar,iid,20,107,4,5,0.7268940210342407,-0.0210700035095214,0.6615120274914089,-0.038313452438783,1.0,0.0,0.8053333333333332,-0.0063777777777778,,0.9886933294902764,-0.0016988767559225,0.0016988767559225,0.1154,0.2376500534664286,0.1168755882897068,0.0473469881472258,3.143401622772217,0.0008537769317626,0.0017999999999999,3.143401622772217,0.1154
cifar,iid,20,107,4,6,0.7268940210342407,-0.0108360052108764,0.6615120274914089,-0.0286773012521367,1.0,0.0,0.8053333333333332,-0.0053333333333334,,0.9886933294902764,-0.0007239213362153,0.0007239213362153,0.1154,0.2376500534664286,0.1168755882897068,0.0473469881472258,3.143401622772217,0.0001256465911865,0.001,3.143401622772217,0.1154
cifar,iid,20,107,4,7,0.7268940210342407,-0.0234999656677246,0.6615120274914089,-0.031591420784453,1.0,0.0,0.8053333333333332,0.0225333333333332,,0.9886933294902764,-5.470299582521765e-05,5.470299582521765e-05,0.1154,0.2376500534664286,0.1168755882897068,0.0473469881472258,3.143401622772217,0.0088040828704833,0.0017999999999999,3.143401622772217,0.1154
cifar,iid,20,107,4,8,0.7268940210342407,-0.0186179876327514,0.6615120274914089,-0.0280248507247146,1.0,0.0,0.8053333333333332,-0.0170444444444446,,0.9886933294902764,-0.0011989963226458,0.0011989963226458,0.1154,0.2376500534664286,0.1168755882897068,0.0473469881472258,3.143401622772217,-0.0042054653167724,-0.0,3.143401622772217,0.1154
cifar,iid,20,107,4,9,0.7268940210342407,0.016476035118103,0.6615120274914089,0.0273239933033747,1.0,0.0,0.8053333333333332,-0.0499555555555557,,0.9886933294902764,0.0004654409622922,0.0004654409622922,0.1154,0.2376500534664286,0.1168755882897068,0.0473469881472258,3.143401622772217,-0.0069577693939208,-0.0003999999999999,3.143401622772217,0.1154
cifar,iid,20,107,4,10,0.7268940210342407,-0.0270479917526245,0.6615120274914089,-0.0455055163682401,1.0,0.0,0.8053333333333332,0.0214888888888888,,0.9886933294902764,-0.0020764794421651,0.0020764794421651,0.1154,0.2376500534664286,0.1168755882897068,0.0473469881472258,3.143401622772217,0.0082712173461914,0.0023999999999999,3.143401622772217,0.1154
cifar,iid,20,107,4,11,0.7268940210342407,-0.002221941947937,0.6615120274914089,-0.0051546391752578,1.0,0.0,0.8053333333333332,0.0082222222222221,,0.9886933294902764,-5.919265041343103e-06,5.919265041343103e-06,0.1154,0.2376500534664286,0.1168755882897068,0.0473469881472258,3.143401622772217,-0.0153818130493164,-0.0003999999999999,3.143401622772217,0.1154
cifar,iid,20,107,4,12,0.7268940210342407,0.027318000793457,0.6615120274914089,0.0211010685872993,1.0,0.0,0.8053333333333332,0.022088888888889,,0.9886933294902764,1.812676539314495e-06,1.812676539314495e-06,0.1154,0.2376500534664286,0.1168755882897068,0.0473469881472258,3.143401622772217,0.0053658485412597,-0.0003999999999999,3.143401622772217,0.1154
cifar,iid,20,107,4,13,0.7268940210342407,-0.0163580179214477,0.6615120274914089,-0.0253391835812554,1.0,0.0,0.8053333333333332,0.0350999999999996,,0.9886933294902764,-0.0010357731019361,0.0010357731019361,0.1154,0.2376500534664286,0.1168755882897068,0.0473469881472258,3.143401622772217,-0.0133519172668457,0.0008,3.143401622772217,0.1154
cifar,iid,20,107,4,14,0.7268940210342407,0.0162640213966369,0.6615120274914089,0.0023424773183985,1.0,0.0,0.8053333333333332,-0.0283555555555556,,0.9886933294902764,-0.0006400579894483,0.0006400579894483,0.1154,0.2376500534664286,0.1168755882897068,0.0473469881472258,3.143401622772217,0.0122568607330322,0.0006,3.143401622772217,0.1154
cifar,iid,20,107,4,15,0.7268940210342407,-0.0189039707183837,0.6615120274914089,-0.013745704467354,1.0,0.0,0.8053333333333332,-0.019111111111111,,0.9886933294902764,-0.0008950630742798,0.0008950630742798,0.1154,0.2376500534664286,0.1168755882897068,0.0473469881472258,3.143401622772217,-0.0214669704437255,0.0006,3.143401622772217,0.1154
cifar,iid,20,107,4,16,0.7268940210342407,0.0099400281906127,0.6615120274914089,0.0180485300380982,1.0,0.0,0.8053333333333332,0.0471999999999999,,0.9886933294902764,0.0007189515887411,0.0007189515887411,0.1154,0.2376500534664286,0.1168755882897068,0.0473469881472258,3.143401622772217,-0.0073108673095703,-0.0011999999999999,3.143401622772217,0.1154
cifar,iid,20,107,4,17,0.7268940210342407,0.0228720307350158,0.6615120274914089,0.019388739820176,1.0,0.0,0.8053333333333332,0.0064222222222221,,0.9886933294902764,0.0009365178737027,0.0009365178737027,0.1154,0.2376500534664286,0.1168755882897068,0.0473469881472258,3.143401622772217,-0.0166826248168945,-0.001,3.143401622772217,0.1154
cifar,iid,20,107,4,18,0.7268940210342407,-0.0090199708938598,0.6615120274914089,-0.0219662333781562,1.0,0.0,0.8053333333333332,-0.0214666666666667,,0.9886933294902764,-0.0006254489518123,0.0006254489518123,0.1154,0.2376500534664286,0.1168755882897068,0.0473469881472258,3.143401622772217,0.0134553909301757,0.0012,3.143401622772217,0.1154
cifar,iid,20,107,4,19,0.7268940210342407,-0.0056679844856262,0.6615120274914089,-0.0011385749182296,1.0,0.0,0.8053333333333332,0.0681555555555555,,0.9886933294902764,-0.000685462750137,0.000685462750137,0.1154,0.2376500534664286,0.1168755882897068,0.0473469881472258,3.143401622772217,0.0263831615447998,0.0003999999999999,3.143401622772217,0.1154
cifar,iid,20,107,5,0,0.5279240012168884,-0.0010660290718078,0.313180169286578,0.0074247736031247,1.0,0.0,0.708088888888889,0.0189111111111113,,0.9607131390569414,-0.0018068809066762,0.0018068809066762,0.1726,0.2756181824038443,0.1734029844991486,0.119773978461656,2.8834614753723145,-0.0050303936004638,-0.0015999999999999,2.8834614753723145,0.1726
cifar,iid,20,107,5,1,0.5279240012168884,-0.0053420066833496,0.313180169286578,-0.0076430752654801,1.0,0.0,0.708088888888889,-0.0413555555555555,,0.9607131390569414,-0.0011388226028921,0.0011388226028921,0.1726,0.2756181824038443,0.1734029844991486,0.119773978461656,2.8834614753723145,-0.0032551288604736,0.0004,2.8834614753723145,0.1726
cifar,iid,20,107,5,2,0.5279240012168884,0.0141499638557434,0.313180169286578,0.017371786053045,1.0,0.0,0.708088888888889,0.0111444444444448,,0.9607131390569414,0.0009017073854433,0.0009017073854433,0.1726,0.2756181824038443,0.1734029844991486,0.119773978461656,2.8834614753723145,-0.0096275806427001,-0.0002,2.8834614753723145,0.1726
cifar,iid,20,107,5,3,0.5279240012168884,0.0072759985923767,0.313180169286578,0.020055923206964,1.0,0.0,0.708088888888889,-0.0324666666666664,,0.9607131390569414,0.0037161972307449,0.0037161972307449,0.1726,0.2756181824038443,0.1734029844991486,0.119773978461656,2.8834614753723145,-0.0118849277496337,-0.0005999999999999,2.8834614753723145,0.1726
cifar,iid,20,107,5,4,0.5279240012168884,0.0034959912300109,0.313180169286578,0.0031681065604018,1.0,0.0,0.708088888888889,-0.0144888888888889,,0.9607131390569414,0.0023390125935747,0.0023390125935747,0.1726,0.2756181824038443,0.1734029844991486,0.119773978461656,2.8834614753723145,0.0204823017120361,0.0006,2.8834614753723145,0.1726
cifar,iid,20,107,5,5,0.5279240012168884,-0.0124359726905822,0.313180169286578,-0.0287632501476163,1.0,0.0,0.708088888888889,0.0405555555555556,,0.9607131390569414,-0.0040132393298866,0.0040132393298866,0.1726,0.2756181824038443,0.1734029844991486,0.119773978461656,2.8834614753723145,0.0048530101776123,0.0035999999999999,2.8834614753723145,0.1726
cifar,iid,20,107,5,6,0.5279240012168884,-0.0022879838943481,0.313180169286578,-0.0165035290102589,1.0,0.0,0.708088888888889,-0.0220888888888886,,0.9607131390569414,-0.0006281260196994,0.0006281260196994,0.1726,0.2756181824038443,0.1734029844991486,0.119773978461656,2.8834614753723145,0.0006921291351318,0.0022,2.8834614753723145,0.1726
cifar,iid,20,107,5,7,0.5279240012168884,-0.0109760165214538,0.313180169286578,-0.0144481925716126,1.0,0.0,0.708088888888889,0.0241555555555557,,0.9607131390569414,-0.0002361809821342,0.0002361809821342,0.1726,0.2756181824038443,0.1734029844991486,0.119773978461656,2.8834614753723145,0.0132412910461425,0.003,2.8834614753723145,0.1726
cifar,iid,20,107,5,8,0.5279240012168884,-0.0076460242271423,0.313180169286578,-0.0189541232793692,1.0,0.0,0.708088888888889,0.0265777777777778,,0.9607131390569414,-0.0010701655998186,0.0010701655998186,0.1726,0.2756181824038443,0.1734029844991486,0.119773978461656,2.8834614753723145,-0.0026934146881103,0.001,2.8834614753723145,0.1726
cifar,iid,20,107,5,9,0.5279240012168884,-0.0016359686851501,0.313180169286578,0.0040014253252252,1.0,0.0,0.708088888888889,0.0134666666666667,,0.9607131390569414,0.0019154846397078,0.0019154846397078,0.1726,0.2756181824038443,0.1734029844991486,0.119773978461656,2.8834614753723145,-0.0046150684356689,-0.0003999999999999,2.8834614753723145,0.1726
cifar,iid,20,107,5,10,0.5279240012168884,-0.00900399684906,0.313180169286578,-0.0347001299652923,1.0,0.0,0.708088888888889,-0.0332888888888887,,0.9607131390569414,-0.0032455132649283,0.0032455132649283,0.1726,0.2756181824038443,0.1734029844991486,0.119773978461656,2.8834614753723145,0.0101380348205566,0.0047999999999999,2.8834614753723145,0.1726
cifar,iid,20,107,5,11,0.5279240012168884,0.0009160041809082,0.313180169286578,-0.0161029412845034,1.0,0.0,0.708088888888889,0.0280888888888888,,0.9607131390569414,0.0008489730698713,0.0008489730698713,0.1726,0.2756181824038443,0.1734029844991486,0.119773978461656,2.8834614753723145,-0.0104808807373046,0.0014,2.8834614753723145,0.1726
cifar,iid,20,107,5,12,0.5279240012168884,0.0290820002555847,0.313180169286578,0.0183546578545683,1.0,0.0,0.708088888888889,-0.0221555555555557,,0.9607131390569414,0.0029656339964576,0.0029656339964576,0.1726,0.2756181824038443,0.1734029844991486,0.119773978461656,2.8834614753723145,0.0020880699157714,-0.0002,2.8834614753723145,0.1726
cifar,iid,20,107,5,13,0.5279240012168884,-0.005977988243103,0.313180169286578,-0.0181378476420798,1.0,0.0,0.708088888888889,-0.0520222222222221,,0.9607131390569414,-0.0028569325780368,0.0028569325780368,0.1726,0.2756181824038443,0.1734029844991486,0.119773978461656,2.8834614753723145,-0.0165879726409912,0.0017999999999999,2.8834614753723145,0.1726
cifar,iid,20,107,5,14,0.5279240012168884,0.0069699883460998,0.313180169286578,-1.3418876184001505e-05,1.0,0.0,0.708088888888889,-0.1105777777777776,,0.9607131390569414,-0.0040219720664672,0.0040219720664672,0.1726,0.2756181824038443,0.1734029844991486,0.119773978461656,2.8834614753723145,0.0223112106323242,0.0062,2.8834614753723145,0.1726
cifar,iid,20,107,5,15,0.5279240012168884,-0.0093620419502258,0.313180169286578,-0.0137429076364988,1.0,0.0,0.708088888888889,0.0549222222222225,,0.9607131390569414,-0.0023573049410439,0.0023573049410439,0.1726,0.2756181824038443,0.1734029844991486,0.119773978461656,2.8834614753723145,-0.0170803070068359,0.0015999999999999,2.8834614753723145,0.1726
cifar,iid,20,107,5,16,0.5279240012168884,-0.0009480118751525,0.313180169286578,0.0096087407151493,1.0,0.0,0.708088888888889,0.0155555555555557,,0.9607131390569414,0.0016889246248994,0.0016889246248994,0.1726,0.2756181824038443,0.1734029844991486,0.119773978461656,2.8834614753723145,-0.0099999904632568,-0.002,2.8834614753723145,0.1726
cifar,iid,20,107,5,17,0.5279240012168884,0.0118380188941955,0.313180169286578,0.0076909091433798,1.0,0.0,0.708088888888889,-0.0149999999999999,,0.9607131390569414,0.0028660163278466,0.0028660163278466,0.1726,0.2756181824038443,0.1734029844991486,0.119773978461656,2.8834614753723145,-0.019221544265747,-0.0005999999999999,2.8834614753723145,0.1726
cifar,iid,20,107,5,18,0.5279240012168884,0.0018500089645385,0.313180169286578,-0.0181156742342044,1.0,0.0,0.708088888888889,-0.0474666666666665,,0.9607131390569414,-0.0028108247758966,0.0028108247758966,0.1726,0.2756181824038443,0.1734029844991486,0.119773978461656,2.8834614753723145,0.0127928256988525,0.003,2.8834614753723145,0.1726
cifar,iid,20,107,5,19,0.5279240012168884,-0.0087719559669494,0.313180169286578,0.0094586806911398,1.0,0.0,0.708088888888889,-0.0606666666666666,,0.9607131390569414,-0.0011497102501052,0.0011497102501052,0.1726,0.2756181824038443,0.1734029844991486,0.119773978461656,2.8834614753723145,0.0266990661621093,0.001,2.8834614753723145,0.1726
cifar,iid,20,107,6,0,0.4850159883499145,0.0015499591827392,0.16,0.0009810126582279,1.0,0.0,0.713311111111111,-0.0240444444444447,,0.9349873233116828,0.0016592941588282,0.0016592941588282,0.259,0.4656160767168227,0.2599918021775824,0.1943718181854798,2.477118015289306,-0.0134384632110595,-0.0024,2.477118015289306,0.259
cifar,iid,20,107,6,1,0.4850159883499145,0.0001299977302551,0.16,-0.0018589743589743,1.0,0.0,0.713311111111111,-0.0162666666666666,,0.9349873233116828,-0.0021953146781514,0.0021953146781514,0.259,0.4656160767168227,0.2599918021775824,0.1943718181854798,2.477118015289306,-0.0070137977600097,0.0004,2.477118015289306,0.259
cifar,iid,20,107,6,2,0.4850159883499145,-0.0042139887809753,0.16,0.0023955870764381,1.0,0.0,0.713311111111111,-0.0380444444444445,,0.9349873233116828,0.0001821551232377,0.0001821551232377,0.259,0.4656160767168227,0.2599918021775824,0.1943718181854798,2.477118015289306,-0.0130095481872558,-0.0007999999999999,2.477118015289306,0.259
cifar,iid,20,107,6,3,0.4850159883499145,-0.0142620205879211,0.16,-0.0018224666142968,1.0,0.0,0.713311111111111,-0.0501333333333335,,0.9349873233116828,-6.755231467381329e-05,6.755231467381329e-05,0.259,0.4656160767168227,0.2599918021775824,0.1943718181854798,2.477118015289306,-0.0157079696655273,-0.0011999999999999,2.477118015289306,0.259
cifar,iid,20,107,6,4,0.4850159883499145,-0.0024099946022033,0.16,0.0067094703049759,1.0,0.0,0.713311111111111,-0.0376222222222224,,0.9349873233116828,-5.743497849475254e-05,5.743497849475254e-05,0.259,0.4656160767168227,0.2599918021775824,0.1943718181854798,2.477118015289306,0.0083765983581542,0.0002,2.477118015289306,0.259
cifar,iid,20,107,6,5,0.4850159883499145,0.0024839639663696,0.16,-0.005728077232502,1.0,0.0,0.713311111111111,0.011511111111111,,0.9349873233116828,0.0011441561092084,0.0011441561092084,0.259,0.4656160767168227,0.2599918021775824,0.1943718181854798,2.477118015289306,0.005836009979248,0.0004,2.477118015289306,0.259
cifar,iid,20,107,6,6,0.4850159883499145,-0.0008580088615417,0.16,-0.0026409017713364,1.0,0.0,0.713311111111111,-0.0445999999999999,,0.9349873233116828,-0.0004444560199836,0.0004444560199836,0.259,0.4656160767168227,0.2599918021775824,0.1943718181854798,2.477118015289306,0.0083086490631103,-0.0004,2.477118015289306,0.259
cifar,iid,20,107,6,7,0.4850159883499145,0.0089839696884155,0.16,0.0090415335463258,1.0,0.0,0.713311111111111,0.0002999999999999,,0.9349873233116828,0.0011136450409671,0.0011136450409671,0.259,0.4656160767168227,0.2599918021775824,0.1943718181854798,2.477118015289306,0.0087628364562988,0.0004,2.477118015289306,0.259
cifar,iid,20,107,6,8,0.4850159883499145,0.0126999616622924,0.16,-0.0062688941925218,1.0,0.0,0.713311111111111,-0.0243555555555556,,0.9349873233116828,-0.0039137098082031,0.0039137098082031,0.259,0.4656160767168227,0.2599918021775824,0.1943718181854798,2.477118015289306,-0.0070085525512695,-0.0014,2.477118015289306,0.259
cifar,iid,20,107,6,9,0.4850159883499145,0.0013960003852844,0.16,-0.0008,1.0,0.0,0.713311111111111,-0.0188222222222222,,0.9349873233116828,-0.0015327022400987,0.0015327022400987,0.259,0.4656160767168227,0.2599918021775824,0.1943718181854798,2.477118015289306,0.0011296272277832,-0.0,2.477118015289306,0.259
cifar,iid,20,107,6,10,0.4850159883499145,0.0077260136604309,0.16,-0.0007431340872374,1.0,0.0,0.713311111111111,-0.0217333333333333,,0.9349873233116828,-0.0005151250081226,0.0005151250081226,0.259,0.4656160767168227,0.2599918021775824,0.1943718181854798,2.477118015289306,0.0090460777282714,0.0008,2.477118015289306,0.259
cifar,iid,20,107,6,11,0.4850159883499145,-0.001226007938385,0.16,-0.0099920191540302,1.0,0.0,0.713311111111111,-0.0478444444444445,,0.9349873233116828,-0.000620136755068,0.000620136755068,0.259,0.4656160767168227,0.2599918021775824,0.1943718181854798,2.477118015289306,-0.017207384109497,-0.0005999999999999,2.477118015289306,0.259
cifar,iid,20,107,6,12,0.4850159883499145,0.0038179755210876,0.16,0.0062770216172938,1.0,0.0,0.713311111111111,0.014,,0.9349873233116828,-3.791223435756219e-05,3.791223435756219e-05,0.259,0.4656160767168227,0.2599918021775824,0.1943718181854798,2.477118015289306,0.0089986324310302,0.0044,2.477118015289306,0.259
cifar,iid,20,107,6,13,0.4850159883499145,0.0019180178642272,0.16,-0.003882259347653,1.0,0.0,0.713311111111111,0.0742444444444443,,0.9349873233116828,0.0012164001090673,0.0012164001090673,0.259,0.4656160767168227,0.2599918021775824,0.1943718181854798,2.477118015289306,-0.0126304626464843,-0.0025999999999999,2.477118015289306,0.259
cifar,iid,20,107,6,14,0.4850159883499145,0.0016840100288391,0.16,0.0059657701711491,1.0,0.0,0.713311111111111,-0.0554888888888887,,0.9349873233116828,0.0017694815388761,0.0017694815388761,0.259,0.4656160767168227,0.2599918021775824,0.1943718181854798,2.477118015289306,0.0245122909545898,0.0054,2.477118015289306,0.259
cifar,iid,20,107,6,15,0.4850159883499145,0.0015999674797058,0.16,-0.003751987281399,1.0,0.0,0.713311111111111,-0.0440666666666664,,0.9349873233116828,0.0031160913850554,0.0031160913850554,0.259,0.4656160767168227,0.2599918021775824,0.1943718181854798,2.477118015289306,-0.0155270099639892,-0.0011999999999999,2.477118015289306,0.259
cifar,iid,20,107,6,16,0.4850159883499145,-0.0041460394859313,0.16,-0.001624203821656,1.0,0.0,0.713311111111111,-0.0237333333333333,,0.9349873233116828,0.0014679934378621,0.0014679934378621,0.259,0.4656160767168227,0.2599918021775824,0.1943718181854798,2.477118015289306,-0.0050115585327148,0.0002,2.477118015289306,0.259
cifar,iid,20,107,6,17,0.4850159883499145,-0.006812036037445,0.16,0.0034782608695652,1.0,0.0,0.713311111111111,-0.0418444444444443,,0.9349873233116828,0.0008870538306477,0.0008870538306477,0.259,0.4656160767168227,0.2599918021775824,0.1943718181854798,2.477118015289306,-0.0148262977600097,-0.0007999999999999,2.477118015289306,0.259
cifar,iid,20,107,6,18,0.4850159883499145,0.0137220025062561,0.16,0.0038511326860841,1.0,0.0,0.713311111111111,-0.0035666666666667,,0.9349873233116828,-0.0023814061384996,0.0023814061384996,0.259,0.4656160767168227,0.2599918021775824,0.1943718181854798,2.477118015289306,0.0191917419433593,0.0044,2.477118015289306,0.259
cifar,iid,20,107,6,19,0.4850159883499145,0.0024579763412475,0.16,0.0084602917341977,1.0,0.0,0.713311111111111,-0.0270000000000001,,0.9349873233116828,-0.0011005943708493,0.0011005943708493,0.259,0.4656160767168227,0.2599918021775824,0.1943718181854798,2.477118015289306,0.0302000045776367,0.0041999999999999,2.477118015289306,0.259
cifar,iid,20,107,7,0,0.5181800127029419,0.0064859986305236,0.145873320537428,0.0076157447798522,0.9931798806479112,0.000852514919011,0.7449111111111111,0.0254444444444443,,0.936410642566464,-0.0013981782826645,0.0013981782826645,0.3144,0.6430253291435485,0.3154294439862219,0.2632495077809574,2.0860300064086914,-0.015094518661499,-0.0025999999999999,2.0860300064086914,0.3144
cifar,iid,20,107,7,1,0.5181800127029419,0.0063700079917907,0.145873320537428,0.0064716655406107,0.9931798806479112,0.000852514919011,0.7449111111111111,0.0065111111111111,,0.936410642566464,-0.0002935339878472,0.0002935339878472,0.3144,0.6430253291435485,0.3154294439862219,0.2632495077809574,2.0860300064086914,-0.0153019428253173,-0.0001999999999999,2.0860300064086914,0.3144
cifar,iid,20,107,7,2,0.5181800127029419,-0.0069959759712219,0.145873320537428,0.0028345411350123,0.9931798806479112,0.0004262574595055,0.7449111111111111,0.0358444444444443,,0.936410642566464,0.0005003899855652,0.0005003899855652,0.3144,0.6430253291435485,0.3154294439862219,0.2632495077809574,2.0860300064086914,-0.0057878494262695,-0.0007999999999999,2.0860300064086914,0.3144
cifar,iid,20,107,7,3,0.5181800127029419,-0.0171719789505004,0.145873320537428,-0.0058552325995757,0.9931798806479112,0.0,0.7449111111111111,0.033888888888889,,0.936410642566464,0.0018235181663168,0.0018235181663168,0.3144,0.6430253291435485,0.3154294439862219,0.2632495077809574,2.0860300064086914,-0.0091416835784912,-0.0,2.0860300064086914,0.3144
cifar,iid,20,107,7,4,0.5181800127029419,-0.0080119967460632,0.145873320537428,0.0033846035806259,0.9931798806479112,0.000852514919011,0.7449111111111111,0.0413555555555555,,0.936410642566464,-0.0006341414652718,0.0006341414652718,0.3144,0.6430253291435485,0.3154294439862219,0.2632495077809574,2.0860300064086914,0.0052933692932128,0.0014,2.0860300064086914,0.3144
cifar,iid,20,107,7,5,0.5181800127029419,0.0081380009651184,0.145873320537428,0.0002916295011915,0.9931798806479112,0.0002131287297527,0.7449111111111111,0.0730888888888887,,0.936410642566464,0.0016230606580679,0.0016230606580679,0.3144,0.6430253291435485,0.3154294439862219,0.2632495077809574,2.0860300064086914,0.0031130313873291,0.0005999999999999,2.0860300064086914,0.3144
cifar,iid,20,107,7,6,0.5181800127029419,-0.0075600147247314,0.145873320537428,-0.000656242444577,0.9931798806479112,0.0,0.7449111111111111,0.0603777777777776,,0.936410642566464,0.0026307719770898,0.0026307719770898,0.3144,0.6430253291435485,0.3154294439862219,0.2632495077809574,2.0860300064086914,0.0121095180511474,0.0025999999999999,2.0860300064086914,0.3144
cifar,iid,20,107,7,7,0.5181800127029419,0.0085819959640502,0.145873320537428,0.0038387715930903,0.9931798806479112,0.0004262574595055,0.7449111111111111,0.0261777777777778,,0.936410642566464,0.0005113566481018,0.0005113566481018,0.3144,0.6430253291435485,0.3154294439862219,0.2632495077809574,2.0860300064086914,0.0067167282104492,-0.003,2.0860300064086914,0.3144
cifar,iid,20,107,7,8,0.5181800127029419,0.0203980207443237,0.145873320537428,0.0041754428844942,0.9931798806479112,0.0002131287297527,0.7449111111111111,0.0142444444444445,,0.936410642566464,0.0072679027542916,0.0072679027542916,0.3144,0.6430253291435485,0.3154294439862219,0.2632495077809574,2.0860300064086914,-0.0174992084503173,-0.006,2.0860300064086914,0.3144
cifar,iid,20,107,7,9,0.5181800127029419,0.0106340050697326,0.145873320537428,0.0090778803854331,0.9931798806479112,0.0010656436487638,0.7449111111111111,0.0633777777777777,,0.936410642566464,0.0037086821420493,0.0037086821420493,0.3144,0.6430253291435485,0.3154294439862219,0.2632495077809574,2.0860300064086914,-0.0051097869873046,-0.0027999999999999,2.0860300064086914,0.3144
cifar,iid,20,107,7,10,0.5181800127029419,0.0044640302658081,0.145873320537428,0.0038387715930903,0.9931798806479112,-0.0002131287297527,0.7449111111111111,0.0852333333333332,,0.936410642566464,0.0037086840331824,0.0037086840331824,0.3144,0.6430253291435485,0.3154294439862219,0.2632495077809574,2.0860300064086914,0.0105564594268798,0.0014,2.0860300064086914,0.3144
cifar,iid,20,107,7,11,0.5181800127029419,-0.006376028060913,0.145873320537428,-0.0059293360090615,0.9931798806479112,0.0,0.7449111111111111,0.0695555555555555,,0.936410642566464,-0.0068308351755168,0.0068308351755168,0.3144,0.6430253291435485,0.3154294439862219,0.2632495077809574,2.0860300064086914,-0.0123167037963867,-0.002,2.0860300064086914,0.3144
cifar,iid,20,107,7,12,0.5181800127029419,-0.0125179886817932,0.145873320537428,0.000618317309539,0.9931798806479112,0.0002131287297527,0.7449111111111111,0.0293999999999998,,0.936410642566464,0.0035943090629676,0.0035943090629676,0.3144,0.6430253291435485,0.3154294439862219,0.2632495077809574,2.0860300064086914,0.006641149520874,0.006,2.0860300064086914,0.3144
cifar,iid,20,107,7,13,0.5181800127029419,-0.003335952758789,0.145873320537428,-0.0030493664080725,0.9931798806479112,-0.0002131287297527,0.7449111111111111,-0.0082000000000002,,0.936410642566464,-0.0009494837455956,0.0009494837455956,0.3144,0.6430253291435485,0.3154294439862219,0.2632495077809574,2.0860300064086914,-0.0026164054870605,-0.0014,2.0860300064086914,0.3144
cifar,iid,20,107,7,14,0.5181800127029419,0.0032280087471008,0.145873320537428,0.0047890618829539,0.9931798806479112,-0.0006393861892584,0.7449111111111111,0.0212666666666665,,0.936410642566464,-0.0010417660832607,0.0010417660832607,0.3144,0.6430253291435485,0.3154294439862219,0.2632495077809574,2.0860300064086914,0.0317258834838867,0.005,2.0860300064086914,0.3144
cifar,iid,20,107,7,15,0.5181800127029419,0.0055980086326599,0.145873320537428,0.006704554794355,0.9931798806479112,0.000852514919011,0.7449111111111111,0.0385111111111111,,0.936410642566464,-0.0026733273364266,0.0026733273364266,0.3144,0.6430253291435485,0.3154294439862219,0.2632495077809574,2.0860300064086914,-0.0138750076293945,-0.002,2.0860300064086914,0.3144
cifar,iid,20,107,7,16,0.5181800127029419,-0.0024719834327697,0.145873320537428,0.0032889793534688,0.9931798806479112,0.0,0.7449111111111111,0.0603555555555554,,0.936410642566464,0.0005064708846623,0.0005064708846623,0.3144,0.6430253291435485,0.3154294439862219,0.2632495077809574,2.0860300064086914,-0.0065875053405761,-0.001,2.0860300064086914,0.3144
cifar,iid,20,107,7,17,0.5181800127029419,-0.0156559944152832,0.145873320537428,-0.0125931331366933,0.9931798806479112,-0.0004262574595055,0.7449111111111111,0.0303111111111109,,0.936410642566464,-0.004409691560346,0.004409691560346,0.3144,0.6430253291435485,0.3154294439862219,0.2632495077809574,2.0860300064086914,-0.0038027763366699,0.0008,2.0860300064086914,0.3144
cifar,iid,20,107,7,18,0.5181800127029419,0.0154420137405395,0.145873320537428,0.0057581573896353,0.9931798806479112,-0.0002131287297527,0.7449111111111111,0.0801555555555557,,0.936410642566464,-0.0022211053703209,0.0022211053703209,0.3144,0.6430253291435485,0.3154294439862219,0.2632495077809574,2.0860300064086914,0.0162675380706787,0.0002,2.0860300064086914,0.3144
cifar,iid,20,107,7,19,0.5181800127029419,0.0086960196495056,0.145873320537428,0.0118130254764915,0.9931798806479112,-0.0004262574595055,0.7449111111111111,0.0086666666666666,,0.936410642566464,0.0026087569351018,0.0026087569351018,0.3144,0.6430253291435485,0.3154294439862219,0.2632495077809574,2.0860300064086914,0.0232048034667968,-0.0007999999999999,2.0860300064086914,0.3144
cifar,iid,20,107,8,0,0.4872320294380188,0.0010400414466857,0.1576650300054555,0.0073134886317399,0.985443584548444,0.0006393861892584,0.7195888888888891,0.0750333333333332,,0.9355530354552184,-0.0033336601696885,0.0033336601696885,0.3686,0.6262922979084593,0.3698368161066656,0.3437904718659746,1.7532548904418943,-0.0135388374328613,-0.0035999999999999,1.7532548904418943,0.3686
cifar,iid,20,107,8,1,0.4872320294380188,0.0035240054130554,0.1576650300054555,0.0045215587534405,0.985443584548444,-0.0009023372194727,0.7195888888888891,0.0686000000000002,,0.9355530354552184,-8.169634370991385e-05,8.169634370991385e-05,0.3686,0.6262922979084593,0.3698368161066656,0.3437904718659746,1.7532548904418943,-0.0205445289611816,-0.0055999999999999,1.7532548904418943,0.3686
cifar,iid,20,107,8,2,0.4872320294380188,-0.0013279914855957,0.1576650300054555,0.0015674690298457,0.985443584548444,-0.0021811095979893,0.7195888888888891,0.0717666666666667,,0.9355530354552184,0.0001888412710359,0.0001888412710359,0.3686,0.6262922979084593,0.3698368161066656,0.3437904718659746,1.7532548904418943,0.0027354955673217,0.0011999999999999,1.7532548904418943,0.3686
cifar,iid,20,107,8,3,0.4872320294380188,-0.0092819929122924,0.1576650300054555,-0.0067260131403664,0.985443584548444,-0.0028204957872476,0.7195888888888891,0.0327888888888889,,0.9355530354552184,-0.0024827056153231,0.0024827056153231,0.3686,0.6262922979084593,0.3698368161066656,0.3437904718659746,1.7532548904418943,-0.0015392303466796,0.0011999999999999,1.7532548904418943,0.3686
cifar,iid,20,107,8,4,0.4872320294380188,-0.0073839426040649,0.1576650300054555,0.0004289037812987,0.985443584548444,0.0012787723785167,0.7195888888888891,0.0333444444444446,,0.9355530354552184,-9.640704814550816e-05,9.640704814550816e-05,0.3686,0.6262922979084593,0.3698368161066656,0.3437904718659746,1.7532548904418943,0.0006384849548339,0.0003999999999999,1.7532548904418943,0.3686
cifar,iid,20,107,8,5,0.4872320294380188,0.0084560513496398,0.1576650300054555,-0.0007183670453364,0.985443584548444,-0.0023942383277421,0.7195888888888891,0.0145888888888889,,0.9355530354552184,0.0009509183083152,0.0009509183083152,0.3686,0.6262922979084593,0.3698368161066656,0.3437904718659746,1.7532548904418943,-0.0001049041748046,-0.0012,1.7532548904418943,0.3686
cifar,iid,20,107,8,6,0.4872320294380188,-0.0073939561843872,0.1576650300054555,-0.004287271713901,0.985443584548444,0.0067066352232593,0.7195888888888891,0.0427444444444446,,0.9355530354552184,-0.0034416141396077,0.0034416141396077,0.3686,0.6262922979084593,0.3698368161066656,0.3437904718659746,1.7532548904418943,0.0158333778381347,0.008,1.7532548904418943,0.3686
cifar,iid,20,107,8,7,0.4872320294380188,0.0098240375518798,0.1576650300054555,0.0052426021339258,0.985443584548444,-0.0002131287297527,0.7195888888888891,0.0523666666666668,,0.9355530354552184,-0.0006333059420488,0.0006333059420488,0.3686,0.6262922979084593,0.3698368161066656,0.3437904718659746,1.7532548904418943,-0.0028595924377441,-0.0044,1.7532548904418943,0.3686
cifar,iid,20,107,8,8,0.4872320294380188,0.0064680576324462,0.1576650300054555,0.00143175017667,0.985443584548444,0.0006393861892584,0.7195888888888891,0.0220777777777778,,0.9355530354552184,0.0023537467766791,0.0023537467766791,0.3686,0.6262922979084593,0.3698368161066656,0.3437904718659746,1.7532548904418943,-0.0133970975875854,-0.0078,1.7532548904418943,0.3686
cifar,iid,20,107,8,9,0.4872320294380188,0.0105820298194885,0.1576650300054555,0.0058889266685341,0.985443584548444,-0.0021811095979893,0.7195888888888891,0.0202555555555556,,0.9355530354552184,0.0018668368579438,0.0018668368579438,0.3686,0.6262922979084593,0.3698368161066656,0.3437904718659746,1.7532548904418943,-0.0110687017440795,-0.005,1.7532548904418943,0.3686
cifar,iid,20,107,8,10,0.4872320294380188,-0.005075991153717,0.1576650300054555,0.0022302473967598,0.985443584548444,-0.0006393861892582,0.7195888888888891,0.0201444444444445,,0.9355530354552184,0.0014117877322078,0.0014117877322078,0.3686,0.6262922979084593,0.3698368161066656,0.3437904718659746,1.7532548904418943,0.002969741821289,-0.0018,1.7532548904418943,0.3686
cifar,iid,20,107,8,11,0.4872320294380188,-0.0109439492225646,0.1576650300054555,-0.0077321408324116,0.985443584548444,-0.0026073670574948,0.7195888888888891,0.0643222222222226,,0.9355530354552184,0.0012692503654841,0.0012692503654841,0.3686,0.6262922979084593,0.3698368161066656,0.3437904718659746,1.7532548904418943,-0.0069748163223266,-0.0015999999999999,1.7532548904418943,0.3686
cifar,iid,20,107,8,12,0.4872320294380188,-0.0133959650993347,0.1576650300054555,-0.004287271713901,0.985443584548444,0.0002131287297528,0.7195888888888891,0.0433444444444448,,0.9355530354552184,5.464730858384392e-05,5.464730858384392e-05,0.3686,0.6262922979084593,0.3698368161066656,0.3437904718659746,1.7532548904418943,0.0143367052078247,0.0123999999999999,1.7532548904418943,0.3686
cifar,iid,20,107,8,13,0.4872320294380188,-0.0027499794960021,0.1576650300054555,-0.0034672508873043,0.985443584548444,-0.0010656436487638,0.7195888888888891,0.0239666666666669,,0.9355530354552184,-0.001036504546934,0.001036504546934,0.3686,0.6262922979084593,0.3698368161066656,0.3437904718659746,1.7532548904418943,0.0033166408538818,0.0007999999999999,1.7532548904418943,0.3686
cifar,iid,20,107,8,14,0.4872320294380188,0.0021140575408935,0.1576650300054555,-2.5142121140797613e-05,0.985443584548444,0.0050016053852371,0.7195888888888891,0.0480111111111112,,0.9355530354552184,0.0076336921647,0.0076336921647,0.3686,0.6262922979084593,0.3698368161066656,0.3437904718659746,1.7532548904418943,0.0300599336624145,0.0085999999999999,1.7532548904418943,0.3686
cifar,iid,20,107,8,15,0.4872320294380188,0.0033740401268005,0.1576650300054555,0.0031195754600009,0.985443584548444,-0.0004760797599672,0.7195888888888891,0.0470555555555556,,0.9355530354552184,-0.0013197927602821,0.0013197927602821,0.3686,0.6262922979084593,0.3698368161066656,0.3437904718659746,1.7532548904418943,-0.0157684087753295,-0.0044,1.7532548904418943,0.3686
cifar,iid,20,107,8,16,0.4872320294380188,0.0037440061569213,0.1576650300054555,-0.0009444213796613,0.985443584548444,-0.0028204957872476,0.7195888888888891,0.0361666666666669,,0.9355530354552184,-0.0015425959048634,0.0015425959048634,0.3686,0.6262922979084593,0.3698368161066656,0.3437904718659746,1.7532548904418943,-0.0071048736572265,-0.001,1.7532548904418943,0.3686
cifar,iid,20,107,8,17,0.4872320294380188,-0.0081619620323181,0.1576650300054555,-0.0082666127729348,0.985443584548444,-0.0036730107062586,0.7195888888888891,0.0345000000000002,,0.9355530354552184,-0.0011475931118628,0.0011475931118628,0.3686,0.6262922979084593,0.3698368161066656,0.3437904718659746,1.7532548904418943,0.0050023794174194,0.0027999999999999,1.7532548904418943,0.3686
cifar,iid,20,107,8,18,0.4872320294380188,0.0133020281791687,0.1576650300054555,0.0019273250874227,0.985443584548444,-0.0010656436487638,0.7195888888888891,0.0232111111111112,,0.9355530354552184,-0.0013944237632197,0.0013944237632197,0.3686,0.6262922979084593,0.3698368161066656,0.3437904718659746,1.7532548904418943,0.0127007961273193,0.002,1.7532548904418943,0.3686
cifar,iid,20,107,8,19,0.4872320294380188,0.0070960521697998,0.1576650300054555,0.0034415967629487,0.985443584548444,0.0013285946789783,0.7195888888888891,0.0463444444444447,,0.9355530354552184,0.0020012145867885,0.0020012145867885,0.3686,0.6262922979084593,0.3698368161066656,0.3437904718659746,1.7532548904418943,0.0193384885787963,0.0017999999999999,1.7532548904418943,0.3686
cifar,iid,20,107,9,0,0.412883996963501,-0.0002260208129882,0.1320574162679425,0.0064054485107116,0.975362872421696,-0.0011154659492255,0.7104666666666666,0.0413777777777779,,0.9389198363133484,0.0008386010612225,0.0008386010612225,0.4288,0.6355936841016161,0.4309418044870493,0.4171113782282661,1.5512092113494873,-0.0147349834442138,-0.0037999999999999,1.5512092113494873,0.4288
cifar,iid,20,107,9,1,0.412883996963501,-0.0038660168647766,0.1320574162679425,0.0024190884144902,0.975362872421696,-0.0006892084897199,0.7104666666666666,0.0521999999999998,,0.9389198363133484,0.0008425057911417,0.0008425057911417,0.4288,0.6355936841016161,0.4309418044870493,0.4171113782282661,1.5512092113494873,-0.01871919631958,-0.0071999999999999,1.5512092113494873,0.4288
cifar,iid,20,107,9,2,0.412883996963501,-0.0018079876899719,0.1320574162679425,0.0014114716346254,0.975362872421696,-0.0021811095979894,0.7104666666666666,0.0065777777777777,,0.9389198363133484,0.0011391673398278,0.0011391673398278,0.4288,0.6355936841016161,0.4309418044870493,0.4171113782282661,1.5512092113494873,0.0069780349731445,0.0054,1.5512092113494873,0.4288
cifar,iid,20,107,9,3,0.412883996963501,-0.0019680261611938,0.1320574162679425,-0.0096939141626332,0.975362872421696,0.0006393861892582,0.7104666666666666,0.0365111111111109,,0.9389198363133484,0.0057045932104812,0.0057045932104812,0.4288,0.6355936841016161,0.4309418044870493,0.4171113782282661,1.5512092113494873,-0.0013587474822998,0.0055999999999999,1.5512092113494873,0.4288
cifar,iid,20,107,9,4,0.412883996963501,0.0025579929351806,0.1320574162679425,0.0026851115242914,0.975362872421696,-0.0037228330067204,0.7104666666666666,0.0965222222222221,,0.9389198363133484,0.0005763023015517,0.0005763023015517,0.4288,0.6355936841016161,0.4309418044870493,0.4171113782282661,1.5512092113494873,-0.0056556463241577,0.0015999999999999,1.5512092113494873,0.4288
cifar,iid,20,107,9,5,0.412883996963501,0.0067619681358337,0.1320574162679425,-0.0034632684681487,0.975362872421696,0.0040992681657643,0.7104666666666666,0.0129999999999996,,0.9389198363133484,0.0017101068533328,0.0017101068533328,0.4288,0.6355936841016161,0.4309418044870493,0.4171113782282661,1.5512092113494873,-0.0003912448883056,0.0002,1.5512092113494873,0.4288
cifar,iid,20,107,9,6,0.412883996963501,-0.0004060268402099,0.1320574162679425,-0.002894040042737,0.975362872421696,0.0064935064935064,0.7104666666666666,-0.0006666666666668,,0.9389198363133484,-0.0005974699403088,0.0005974699403088,0.4288,0.6355936841016161,0.4309418044870493,0.4171113782282661,1.5512092113494873,0.012101411819458,0.0062,1.5512092113494873,0.4288
cifar,iid,20,107,9,7,0.412883996963501,0.0056179761886596,0.1320574162679425,0.0014138043563191,0.975362872421696,-0.0002131287297527,0.7104666666666666,0.0025111111111109,,0.9389198363133484,0.0019672849310581,0.0019672849310581,0.4288,0.6355936841016161,0.4309418044870493,0.4171113782282661,1.5512092113494873,0.0071569681167602,0.0028,1.5512092113494873,0.4288
cifar,iid,20,107,9,8,0.412883996963501,-0.0001839995384216,0.1320574162679425,-0.0026843677696161,0.975362872421696,0.0038861394360115,0.7104666666666666,0.0361555555555554,,0.9389198363133484,0.0026767336517895,0.0026767336517895,0.4288,0.6355936841016161,0.4309418044870493,0.4171113782282661,1.5512092113494873,-0.0123910903930664,-0.0055999999999999,1.5512092113494873,0.4288
cifar,iid,20,107,9,9,0.412883996963501,0.0058820247650146,0.1320574162679425,0.0055937160337504,0.975362872421696,-0.0037228330067204,0.7104666666666666,0.0582888888888886,,0.9389198363133484,0.0024579412387785,0.0024579412387785,0.4288,0.6355936841016161,0.4309418044870493,0.4171113782282661,1.5512092113494873,-0.0196990966796875,-0.0087999999999999,1.5512092113494873,0.4288
cifar,iid,20,107,9,10,0.412883996963501,-0.0104060173034667,0.1320574162679425,0.0007298135936349,0.975362872421696,0.0030336245170005,0.7104666666666666,0.0393999999999998,,0.9389198363133484,0.0014526278956962,0.0014526278956962,0.4288,0.6355936841016161,0.4309418044870493,0.4171113782282661,1.5512092113494873,0.0043233633041381,0.0008,1.5512092113494873,0.4288
cifar,iid,20,107,9,11,0.412883996963501,-0.0092419981956481,0.1320574162679425,-0.0065373864269564,0.975362872421696,0.0064935064935064,0.7104666666666666,0.0246444444444442,,0.9389198363133484,0.0011040529881525,0.0011040529881525,0.4288,0.6355936841016161,0.4309418044870493,0.4171113782282661,1.5512092113494873,-0.0014666318893432,0.0005999999999999,1.5512092113494873,0.4288
cifar,iid,20,107,9,12,0.412883996963501,-0.0117480158805847,0.1320574162679425,-0.0056523566836862,0.975362872421696,-0.003459881976506,0.7104666666666666,-0.0084444444444446,,0.9389198363133484,0.0039897838507608,0.0039897838507608,0.4288,0.6355936841016161,0.4309418044870493,0.4171113782282661,1.5512092113494873,0.0252506732940673,0.0138,1.5512092113494873,0.4288
cifar,iid,20,107,9,13,0.412883996963501,0.001688003540039,0.1320574162679425,-0.0056411874874738,0.975362872421696,0.0047884766554843,0.7104666666666666,0.0602222222222221,,0.9389198363133484,0.000123033946369,0.000123033946369,0.4288,0.6355936841016161,0.4309418044870493,0.4171113782282661,1.5512092113494873,0.0060971975326538,0.0025999999999999,1.5512092113494873,0.4288
cifar,iid,20,107,9,14,0.412883996963501,0.0088040232658386,0.1320574162679425,0.0045340287740971,0.975362872421696,-0.0014919011082693,0.7104666666666666,0.0219555555555555,,0.9389198363133484,0.003421620885344,0.003421620885344,0.4288,0.6355936841016161,0.4309418044870493,0.4171113782282661,1.5512092113494873,0.0311999320983886,0.0148,1.5512092113494873,0.4288
cifar,iid,20,107,9,15,0.412883996963501,-0.0012639760971069,0.1320574162679425,0.002340435135867,0.975362872421696,-0.0032965755472149,0.7104666666666666,0.0990888888888887,,0.9389198363133484,0.0025738177437008,0.0025738177437008,0.4288,0.6355936841016161,0.4309418044870493,0.4171113782282661,1.5512092113494873,-0.0193688869476318,-0.0057999999999999,1.5512092113494873,0.4288
cifar,iid,20,107,9,16,0.412883996963501,0.0013579726219177,0.1320574162679425,0.0018515761530549,0.975362872421696,-0.0017548521384838,0.7104666666666666,-0.0137555555555557,,0.9389198363133484,0.0013846178769129,0.0013846178769129,0.4288,0.6355936841016161,0.4309418044870493,0.4171113782282661,1.5512092113494873,-0.0104169845581054,-0.0027999999999999,1.5512092113494873,0.4288
cifar,iid,20,107,9,17,0.412883996963501,-0.0053160190582275,0.1320574162679425,-0.0082162885218912,0.975362872421696,0.005001605385237,0.7104666666666666,0.0156333333333331,,0.9389198363133484,0.0008261957709884,0.0008261957709884,0.4288,0.6355936841016161,0.4309418044870493,0.4171113782282661,1.5512092113494873,0.0135496854782104,0.0116,1.5512092113494873,0.4288
cifar,iid,20,107,9,18,0.412883996963501,0.0089479684829711,0.1320574162679425,0.00955029376082,0.975362872421696,-0.0010656436487638,0.7104666666666666,-0.0106222222222223,,0.9389198363133484,0.0010614406672724,0.0010614406672724,0.4288,0.6355936841016161,0.4309418044870493,0.4171113782282661,1.5512092113494873,0.0089609622955322,0.002,1.5512092113494873,0.4288
cifar,iid,20,107,9,19,0.412883996963501,0.0039839744567871,0.1320574162679425,0.006694395938804,0.975362872421696,0.0011154659492255,0.7104666666666666,0.0354000000000001,,0.9389198363133484,0.0022857053777661,0.0022857053777661,0.4288,0.6355936841016161,0.4309418044870493,0.4171113782282661,1.5512092113494873,0.0080698728561401,-0.0001999999999999,1.5512092113494873,0.4288
cifar,iid,20,107,10,0,0.4010519981384277,-0.0007439851760864,0.1111111111111111,-0.000676622686192,0.976890756302521,0.0003764351590438,0.5868222222222224,-0.0297333333333331,,0.9385024258741378,-0.0054355849667002,0.0054355849667002,0.4466,0.6358320896544558,0.4493650884186023,0.4328989707730017,1.4880553483963013,-0.0150239467620849,-0.006,1.4880553483963013,0.4466
cifar,iid,20,107,10,1,0.4010519981384277,0.0010219812393188,0.1111111111111111,-4.7872085786715424e-05,0.976890756302521,0.0014420788078076,0.5868222222222224,-0.027611111111111,,0.9385024258741378,0.0004990831492145,0.0004990831492145,0.4466,0.6358320896544558,0.4493650884186023,0.4328989707730017,1.4880553483963013,-0.0243144035339355,-0.0105999999999999,1.4880553483963013,0.4466
cifar,iid,20,107,10,2,0.4010519981384277,-0.0017539858818054,0.1111111111111111,0.0043621036122138,0.976890756302521,-0.0015417234087311,0.5868222222222224,-0.0939333333333332,,0.9385024258741378,-0.0039572749068469,0.0039572749068469,0.4466,0.6358320896544558,0.4493650884186023,0.4328989707730017,1.4880553483963013,0.0172737836837768,0.0041999999999999,1.4880553483963013,0.4466
cifar,iid,20,107,10,3,0.4010519981384277,0.00068199634552,0.1111111111111111,-0.0032505910165484,0.976890756302521,-0.0019679808682366,0.5868222222222224,-0.0299111111111107,,0.9385024258741378,-0.0034654340768253,0.0034654340768253,0.4466,0.6358320896544558,0.4493650884186023,0.4328989707730017,1.4880553483963013,0.0019088983535766,0.0044,1.4880553483963013,0.4466
cifar,iid,20,107,10,4,0.4010519981384277,0.0075780153274536,0.1111111111111111,0.0022174017835623,0.976890756302521,0.0057544757033247,0.5868222222222224,0.0004888888888889,,0.9385024258741378,-0.0007581782427122,0.0007581782427122,0.4466,0.6358320896544558,0.4493650884186023,0.4328989707730017,1.4880553483963013,-0.0057535171508789,-0.0021999999999999,1.4880553483963013,0.4466
cifar,iid,20,107,10,5,0.4010519981384277,0.0024639964103698,0.1111111111111111,-0.0039873571602235,0.976890756302521,0.0010656436487638,0.5868222222222224,-0.0982888888888886,,0.9385024258741378,-0.0004034042804382,0.0004034042804382,0.4466,0.6358320896544558,0.4493650884186023,0.4328989707730017,1.4880553483963013,-0.0061539411544799,-0.001,1.4880553483963013,0.4466
cifar,iid,20,107,10,6,0.4010519981384277,-0.0020080208778381,0.1111111111111111,0.001819075712881,0.976890756302521,-0.0023942383277422,0.5868222222222224,-0.0307777777777777,,0.9385024258741378,0.0010456572455225,0.0010456572455225,0.4466,0.6358320896544558,0.4493650884186023,0.4328989707730017,1.4880553483963013,0.0103180408477783,0.0028,1.4880553483963013,0.4466
cifar,iid,20,107,10,7,0.4010519981384277,0.0034139752388,0.1111111111111111,-0.0015153737107101,0.976890756302521,-0.0014919011082694,0.5868222222222224,-0.0083666666666666,,0.9385024258741378,0.0013499074018034,0.0013499074018034,0.4466,0.6358320896544558,0.4493650884186023,0.4328989707730017,1.4880553483963013,0.0065959692001342,0.0028,1.4880553483963013,0.4466
cifar,iid,20,107,10,8,0.4010519981384277,-0.0089679956436157,0.1111111111111111,-0.0047056563910495,0.976890756302521,0.0012787723785165,0.5868222222222224,0.0086222222222223,,0.9385024258741378,-0.0021764360055621,0.0021764360055621,0.4466,0.6358320896544558,0.4493650884186023,0.4328989707730017,1.4880553483963013,-0.0163838863372802,-0.0084,1.4880553483963013,0.4466
cifar,iid,20,107,10,9,0.4010519981384277,0.0088880062103271,0.1111111111111111,0.005667476306139,0.976890756302521,0.0016552075375604,0.5868222222222224,-0.0073555555555555,,0.9385024258741378,0.0021645594790798,0.0021645594790798,0.4466,0.6358320896544558,0.4493650884186023,0.4328989707730017,1.4880553483963013,-0.0166088342666625,-0.0054,1.4880553483963013,0.4466
cifar,iid,20,107,10,10,0.4010519981384277,-0.0053920149803161,0.1111111111111111,0.0002434511636966,0.976890756302521,0.0002131287297527,0.5868222222222224,-0.0488222222222221,,0.9385024258741378,-0.0038343105405804,0.0038343105405804,0.4466,0.6358320896544558,0.4493650884186023,0.4328989707730017,1.4880553483963013,-0.0031321048736572,-0.0,1.4880553483963013,0.4466
cifar,iid,20,107,10,11,0.4010519981384277,-0.0067440271377563,0.1111111111111111,-0.005584693084693,0.976890756302521,-0.0036730107062588,0.5868222222222224,-0.0518999999999998,,0.9385024258741378,-0.0016341424497019,0.0016341424497019,0.4466,0.6358320896544558,0.4493650884186023,0.4328989707730017,1.4880553483963013,-0.00362229347229,-0.001,1.4880553483963013,0.4466
cifar,iid,20,107,10,12,0.4010519981384277,-0.0063260197639465,0.1111111111111111,-0.0005981755645281,0.976890756302521,0.0011154659492255,0.5868222222222224,-0.0719555555555555,,0.9385024258741378,-0.0041394265597326,0.0041394265597326,0.4466,0.6358320896544558,0.4493650884186023,0.4328989707730017,1.4880553483963013,0.0317165851593017,0.0116,1.4880553483963013,0.4466
cifar,iid,20,107,10,13,0.4010519981384277,-0.0008220076560974,0.1111111111111111,-0.0011248043818465,0.976890756302521,0.0006892084897199,0.5868222222222224,-0.0226111111111111,,0.9385024258741378,-0.0024001002738648,0.0024001002738648,0.4466,0.6358320896544558,0.4493650884186023,0.4328989707730017,1.4880553483963013,0.0064830780029296,0.0011999999999999,1.4880553483963013,0.4466
cifar,iid,20,107,10,14,0.4010519981384277,0.0083479881286621,0.1111111111111111,0.0036804933850592,0.976890756302521,-0.0019181585677749,0.5868222222222224,0.0489222222222223,,0.9385024258741378,0.0029889223705905,0.0029889223705905,0.4466,0.6358320896544558,0.4493650884186023,0.4328989707730017,1.4880553483963013,0.0373321771621704,0.0134,1.4880553483963013,0.4466
cifar,iid,20,107,10,15,0.4010519981384277,-0.0004119873046875,0.1111111111111111,0.0031197504199664,0.976890756302521,0.0027208511863242,0.5868222222222224,0.0438333333333333,,0.9385024258741378,0.0007234151092331,0.0007234151092331,0.4466,0.6358320896544558,0.4493650884186023,0.4328989707730017,1.4880553483963013,-0.0165629386901855,-0.0044,1.4880553483963013,0.4466
cifar,iid,20,107,10,16,0.4010519981384277,0.0035820007324218,0.1111111111111111,0.0038131093734916,0.976890756302521,0.0010656436487638,0.5868222222222224,-0.0427555555555556,,0.9385024258741378,-0.0005312204669175,0.0005312204669175,0.4466,0.6358320896544558,0.4493650884186023,0.4328989707730017,1.4880553483963013,-0.0051921606063842,-0.001,1.4880553483963013,0.4466
cifar,iid,20,107,10,17,0.4010519981384277,-0.0042800307273864,0.1111111111111111,-0.0062724014336916,0.976890756302521,-0.0010656436487638,0.5868222222222224,-0.0724555555555555,,0.9385024258741378,-0.0003632002955298,0.0003632002955298,0.4466,0.6358320896544558,0.4493650884186023,0.4328989707730017,1.4880553483963013,0.0142987966537475,0.0067999999999999,1.4880553483963013,0.4466
cifar,iid,20,107,10,18,0.4010519981384277,0.0094760060310363,0.1111111111111111,0.0065814943863724,0.976890756302521,-0.0019181585677749,0.5868222222222224,-0.0124888888888887,,0.9385024258741378,-0.0010709917917361,0.0010709917917361,0.4466,0.6358320896544558,0.4493650884186023,0.4328989707730017,1.4880553483963013,0.0025506019592285,0.001,1.4880553483963013,0.4466
cifar,iid,20,107,10,19,0.4010519981384277,0.0032500028610229,0.1111111111111111,0.0047281323877068,0.976890756302521,0.0019679808682365,0.5868222222222224,-0.0707555555555552,,0.9385024258741378,0.0032040644747585,0.0032040644747585,0.4466,0.6358320896544558,0.4493650884186023,0.4328989707730017,1.4880553483963013,0.008461594581604,-0.0001999999999999,1.4880553483963013,0.4466
cifar,iid,4,107,1,0,0.711430013179779,0.0386040210723876,0.5337487019730011,0.0448823052118674,1.0,0.0,0.7969777777777778,-0.0051111111111112,,0.9572111841476962,0.0008374940211457,0.0008374940211457,0.1926,0.2346094913462262,0.1953906317778029,0.1406764058494377,2.6821908950805664,-0.0575017929077148,-0.0052,2.6821908950805664,0.1926
cifar,iid,4,107,1,1,0.711430013179779,-0.0093979835510253,0.5337487019730011,0.0575582257825249,1.0,0.0,0.7969777777777778,-0.0160222222222221,,0.9572111841476962,-0.0024070102264633,0.0024070102264633,0.1926,0.2346094913462262,0.1953906317778029,0.1406764058494377,2.6821908950805664,0.0140759944915771,-0.0092,2.6821908950805664,0.1926
cifar,iid,4,107,1,2,0.711430013179779,-0.0519439578056335,0.5337487019730011,-0.0865656873861283,1.0,0.0,0.7969777777777778,0.0268555555555556,,0.9572111841476962,-0.0016146245774493,0.0016146245774493,0.1926,0.2346094913462262,0.1953906317778029,0.1406764058494377,2.6821908950805664,0.0568411350250244,0.0272,2.6821908950805664,0.1926
cifar,iid,4,107,1,3,0.711430013179779,-0.0139039754867553,0.5337487019730011,0.009093869625861,1.0,0.0,0.7969777777777778,0.0221999999999999,,0.9572111841476962,-0.0072450099164802,0.0072450099164802,0.1926,0.2346094913462262,0.1953906317778029,0.1406764058494377,2.6821908950805664,-0.0065729618072509,-0.0102,2.6821908950805664,0.1926
cifar,iid,4,107,2,0,0.3933079838752746,-0.0333279967308044,0.2069492172584955,-0.001712200064339,0.969793846392312,-0.007921745773408,0.6445555555555555,-0.0001222222222223,,0.907437256154864,-0.006465414097569,0.006465414097569,0.5334,0.6049777236506164,0.5353549707021755,0.5332932205292016,1.3043537139892578,0.0150614976882934,0.0148,1.3043537139892578,0.5334
cifar,iid,4,107,2,1,0.3933079838752746,0.0114359855651855,0.2069492172584955,0.0176138231317567,0.969793846392312,-0.0014559183357136,0.6445555555555555,0.0432888888888889,,0.907437256154864,-0.0052275235296997,0.0052275235296997,0.5334,0.6049777236506164,0.5353549707021755,0.5332932205292016,1.3043537139892578,0.0726047754287719,0.0118,1.3043537139892578,0.5334
cifar,iid,4,107,2,2,0.3933079838752746,0.014411985874176,0.2069492172584955,0.01176305704789,0.969793846392312,-0.0086746160914957,0.6445555555555555,-0.0422,,0.907437256154864,0.002361628910481,0.002361628910481,0.5334,0.6049777236506164,0.5353549707021755,0.5332932205292016,1.3043537139892578,-0.0030357837677001,-0.0006,1.3043537139892578,0.5334
cifar,iid,4,107,2,3,0.3933079838752746,-0.0247520208358764,0.2069492172584955,-0.0008429905337121,0.969793846392312,-0.0068561021246442,0.6445555555555555,0.0195999999999998,,0.907437256154864,0.0084431564134884,0.0084431564134884,0.5334,0.6049777236506164,0.5353549707021755,0.5332932205292016,1.3043537139892578,-0.0134434700012207,-0.0063999999999999,1.3043537139892578,0.5334
cifar,iid,4,107,3,0,0.3813980221748352,-0.0443419814109802,0.1545268890401634,-0.0022819142610744,0.9674494303650314,-0.0076449552152877,0.6268666666666665,0.0813555555555556,,0.914721047270952,0.0010020442811802,0.0010020442811802,0.5634,0.6365105403707204,0.5665750752476482,0.5605444791115225,1.21535062789917,-0.0240803956985473,-0.0043999999999999,1.21535062789917,0.5634
cifar,iid,4,107,3,1,0.3813980221748352,0.0155140161514282,0.1545268890401634,0.0183387528520272,0.9674494303650314,0.0007251912622756,0.6268666666666665,-0.0518222222222224,,0.914721047270952,0.0068675038177788,0.0068675038177788,0.5634,0.6365105403707204,0.5665750752476482,0.5605444791115225,1.21535062789917,0.0863134860992431,0.0221999999999999,1.21535062789917,0.5634
cifar,iid,4,107,3,2,0.3813980221748352,0.0067620277404785,0.1545268890401634,-0.0041868039058946,0.9674494303650314,-0.0089375671217103,0.6268666666666665,0.0670222222222218,,0.914721047270952,-0.0077481922893871,0.0077481922893871,0.5634,0.6365105403707204,0.5665750752476482,0.5605444791115225,1.21535062789917,-0.0054773092269897,-0.005,1.21535062789917,0.5634
cifar,iid,4,107,3,3,0.3813980221748352,-0.0260619521141052,0.1545268890401634,-0.0039804714528184,0.9674494303650314,-0.0004124179315995,0.6268666666666665,0.0285999999999997,,0.914721047270952,-0.0150855420375026,0.0150855420375026,0.5634,0.6365105403707204,0.5665750752476482,0.5605444791115225,1.21535062789917,0.0172697305679321,0.004,1.21535062789917,0.5634
cifar,iid,4,107,4,0,0.3387579917907715,-0.0359619855880737,0.100983606557377,0.0054928903770057,0.964905725135904,0.0059177821326158,0.689877777777778,0.0579333333333333,,0.9218093153394344,0.0022412125200251,0.0022412125200251,0.5748,0.6530416769217626,0.576881236254661,0.5700583097123858,1.191204071044922,-0.0181771516799926,-0.0018,1.191204071044922,0.5748
cifar,iid,4,107,4,1,0.3387579917907715,-0.0121340155601501,0.100983606557377,0.0077427053442055,0.964905725135904,-0.001931998095681,0.689877777777778,0.0710000000000001,,0.9218093153394344,0.0042698734729127,0.0042698734729127,0.5748,0.6530416769217626,0.576881236254661,0.5700583097123858,1.191204071044922,0.08927583694458,0.025,1.191204071044922,0.5748
cifar,iid,4,107,4,2,0.3387579917907715,-0.0022220015525817,0.100983606557377,0.0018211274954005,0.964905725135904,-0.0060174267335393,0.689877777777778,0.0081666666666671,,0.9218093153394344,0.0009386573702375,0.0009386573702375,0.5748,0.6530416769217626,0.576881236254661,0.5700583097123858,1.191204071044922,-0.006365418434143,-0.0,1.191204071044922,0.5748
cifar,iid,4,107,4,3,0.3387579917907715,-0.0352200269699096,0.100983606557377,-0.012363140592187,0.964905725135904,-0.0030197849890944,0.689877777777778,0.0240333333333337,,0.9218093153394344,-0.0086390943393688,0.0086390943393688,0.5748,0.6530416769217626,0.576881236254661,0.5700583097123858,1.191204071044922,0.0637848377227783,0.014,1.191204071044922,0.5748
cifar,iid,4,107,5,0,0.368664026260376,-0.0257359743118286,0.0730743910467413,0.0071960126683628,0.9620713898207504,-0.0019043190398688,0.6522555555555556,-0.112611111111111,,0.9266340287670356,0.010627973129056,0.010627973129056,0.5936,0.6657230258305803,0.5949754540944154,0.5892267710372812,1.1466386318206787,-0.0373557806015014,-0.0025999999999999,1.1466386318206787,0.5936
cifar,iid,4,107,5,1,0.368664026260376,-0.0464179515838623,0.0730743910467413,-0.0042288210958637,0.9620713898207504,-0.0050791067415107,0.6522555555555556,0.0140333333333333,,0.9266340287670356,0.0045430101211717,0.0045430101211717,0.5936,0.6657230258305803,0.5949754540944154,0.5892267710372812,1.1466386318206787,0.0966922044754028,0.0256,1.1466386318206787,0.5936
cifar,iid,4,107,5,2,0.368664026260376,0.0014000535011291,0.0730743910467413,0.0014527694251196,0.9620713898207504,-0.0153452685421994,0.6522555555555556,-0.0551444444444442,,0.9266340287670356,0.0137489386239492,0.0137489386239492,0.5936,0.6657230258305803,0.5949754540944154,0.5892267710372812,1.1466386318206787,0.0587903261184692,0.023,1.1466386318206787,0.5936
cifar,iid,4,107,5,3,0.368664026260376,-0.0065459609031677,0.0730743910467413,0.0028359068912365,0.9620713898207504,-0.0132222849614154,0.6522555555555556,0.108511111111111,,0.9266340287670356,0.0046808215196492,0.0046808215196492,0.5936,0.6657230258305803,0.5949754540944154,0.5892267710372812,1.1466386318206787,0.0133846998214721,-0.0035999999999999,1.1466386318206787,0.5936
cifar,iid,4,107,6,0,0.3822000026702881,-0.0244380235671997,0.0579993483219289,0.0091468893055355,0.9577091706247716,-0.0062665382358476,0.5939444444444446,-0.0537777777777777,,0.9089916044402476,-0.002201755063822,0.002201755063822,0.6244,0.6715503007468919,0.6259215892792318,0.6240437483350099,1.0625172853469849,-0.0431280136108398,-0.0076,1.0625172853469849,0.6244
cifar,iid,4,107,6,1,0.3822000026702881,-0.0312939882278442,0.0579993483219289,-0.0043707140481333,0.9577091706247716,-0.004865978011758,0.5939444444444446,-0.0259222222222221,,0.9089916044402476,0.0004903180318995,0.0004903180318995,0.6244,0.6715503007468919,0.6259215892792318,0.6240437483350099,1.0625172853469849,0.1910861730575561,0.0574,1.0625172853469849,0.6244
cifar,iid,4,107,6,2,0.3822000026702881,0.0129079818725585,0.0579993483219289,0.0031192957422379,0.9577091706247716,-0.0142796248934355,0.5939444444444446,-0.037511111111111,,0.9089916044402476,0.0048221662356683,0.0048221662356683,0.6244,0.6715503007468919,0.6259215892792318,0.6240437483350099,1.0625172853469849,0.0244221687316894,0.0119999999999999,1.0625172853469849,0.6244
cifar,iid,4,107,6,3,0.3822000026702881,-0.016681969165802,0.0579993483219289,-0.0076216503976612,0.9577091706247716,-0.0163195713067835,0.5939444444444446,0.0143888888888892,,0.9089916044402476,-0.0023591078026456,0.0023591078026456,0.6244,0.6715503007468919,0.6259215892792318,0.6240437483350099,1.0625172853469849,0.0361806154251098,0.0045999999999999,1.0625172853469849,0.6244
cifar,iid,4,107,7,0,0.370851993560791,-0.0420160293579101,0.0485166872682324,0.0022917257890336,0.966646737746482,-0.0004124179315995,0.6403555555555556,-0.1128444444444443,,0.8931938776795466,-0.0034174722767014,0.0034174722767014,0.6324,0.6738137546662586,0.633340766717676,0.6323324347737583,1.0385849475860596,-0.0151309967041015,-0.0028,1.0385849475860596,0.6324
cifar,iid,4,107,7,1,0.370851993560791,-0.0177559852600097,0.0485166872682324,-0.0011454748939296,0.966646737746482,0.0023167369714685,0.6403555555555556,-0.0972777777777778,,0.8931938776795466,-0.0209672670282685,0.0209672670282685,0.6324,0.6738137546662586,0.633340766717676,0.6323324347737583,1.0385849475860596,0.1764588356018066,0.0412,1.0385849475860596,0.6324
cifar,iid,4,107,7,2,0.370851993560791,0.0177819728851318,0.0485166872682324,0.0034744601803375,0.966646737746482,-0.0047524938829286,0.6403555555555556,-0.0583555555555554,,0.8931938776795466,-0.0118675960273427,0.0118675960273427,0.6324,0.6738137546662586,0.633340766717676,0.6323324347737583,1.0385849475860596,0.0585442781448364,0.0107999999999999,1.0385849475860596,0.6324
cifar,iid,4,107,7,3,0.370851993560791,-0.0283300280570983,0.0485166872682324,-0.0070038174636287,0.966646737746482,-0.0079577285459637,0.6403555555555556,0.0258666666666667,,0.8931938776795466,-0.0251145474926998,0.0251145474926998,0.6324,0.6738137546662586,0.633340766717676,0.6323324347737583,1.0385849475860596,0.0026137828826904,-0.0114,1.0385849475860596,0.6324
cifar,iid,4,107,8,0,0.3818100094795227,-0.0292459726333618,0.0424187725631769,0.0065306947042961,0.9756839494691156,-0.0107422415606558,0.5406222222222221,-0.0604000000000002,,0.90233179142598,0.0109976583108998,0.0109976583108998,0.6484,0.6745800641246564,0.649219087787552,0.6472919755096668,0.997646987438202,0.025137722492218,0.003,0.997646987438202,0.6484
cifar,iid,4,107,8,1,0.3818100094795227,-0.0119760036468505,0.0424187725631769,0.0027641515206441,0.9756839494691156,0.0174350372560091,0.5406222222222221,-0.0678,,0.90233179142598,-0.0096789988412295,0.0096789988412295,0.6484,0.6745800641246564,0.649219087787552,0.6472919755096668,0.997646987438202,0.191766083240509,0.0459999999999999,0.997646987438202,0.6484
cifar,iid,4,107,8,2,0.3818100094795227,0.0261099934577941,0.0424187725631769,0.0013728619520488,0.9756839494691156,-0.0022945937268187,0.5406222222222221,-0.0779777777777777,,0.90233179142598,-0.004150960684933,0.004150960684933,0.6484,0.6745800641246564,0.649219087787552,0.6472919755096668,0.997646987438202,0.0574995875358581,0.0115999999999999,0.997646987438202,0.6484
cifar,iid,4,107,8,3,0.3818100094795227,-0.0309199690818786,0.0424187725631769,-0.0100309761805416,0.9756839494691156,-0.0216976118510644,0.5406222222222221,0.0106444444444444,,0.90233179142598,-0.0169916087736471,0.0169916087736471,0.6484,0.6745800641246564,0.649219087787552,0.6472919755096668,0.997646987438202,-0.0132868289947509,-0.0126,0.997646987438202,0.6484
cifar,iid,4,107,9,0,0.40351402759552,-0.0198059678077697,0.0469096671949287,0.0111048509718615,0.963876064259696,-0.0195303417809811,0.6233444444444445,-0.0318,,0.9034000143333596,-0.0005647417544221,0.0005647417544221,0.6748,0.6931256072279551,0.6753638410913704,0.677521094823921,0.950751781463623,0.0646384954452514,0.0165999999999999,0.950751781463623,0.6748
cifar,iid,4,107,9,1,0.40351402759552,-0.0199880003929138,0.0469096671949287,0.0076202924084579,0.963876064259696,0.0137260437771946,0.6233444444444445,-0.0186555555555554,,0.9034000143333596,-0.0077401106473252,0.0077401106473252,0.6748,0.6931256072279551,0.6753638410913704,0.677521094823921,0.950751781463623,0.2136129140853881,0.0491999999999999,0.950751781463623,0.6748
cifar,iid,4,107,9,2,0.40351402759552,0.0160280466079711,0.0469096671949287,-0.0011581933140251,0.963876064259696,-0.0009659990478404,0.6233444444444445,0.032,,0.9034000143333596,-0.00771170190424,0.00771170190424,0.6748,0.6931256072279551,0.6753638410913704,0.677521094823921,0.950751781463623,0.0227074027061462,0.0027999999999999,0.950751781463623,0.6748
cifar,iid,4,107,9,3,0.40351402759552,-0.0189119577407836,0.0469096671949287,-0.0086275228877159,0.963876064259696,-0.0003625956311378,0.6233444444444445,0.0529888888888891,,0.9034000143333596,-0.0100896218013625,0.0100896218013625,0.6748,0.6931256072279551,0.6753638410913704,0.677521094823921,0.950751781463623,0.0225546360015869,0.0037999999999999,0.950751781463623,0.6748
cifar,iid,4,107,10,0,0.4094380140304565,-0.0393359661102294,0.0385534967124925,0.0057023815828963,0.9569064780062222,-0.0187276491624318,0.6504888888888889,0.0175555555555555,,0.903546156934458,-0.0072472974816631,0.0072472974816631,0.6674,0.6955583015475761,0.6684689075829329,0.666911060560959,0.961297571659088,0.0286541581153869,0.006,0.961297571659088,0.6674
cifar,iid,4,107,10,1,0.4094380140304565,0.0077400207519531,0.0385534967124925,0.0120132123523029,0.9569064780062222,0.0028564785598033,0.6504888888888889,0.0281111111111109,,0.903546156934458,-0.0022411775473318,0.0022411775473318,0.6674,0.6955583015475761,0.6684689075829329,0.666911060560959,0.961297571659088,0.2497619986534118,0.0584,0.961297571659088,0.6674
cifar,iid,4,107,10,2,0.4094380140304565,0.0053139925003051,0.0385534967124925,0.0004725371922525,0.9569064780062222,-0.006756457523721,0.6504888888888889,-0.0787555555555554,,0.903546156934458,-0.0039821187273343,0.0039821187273343,0.6674,0.6955583015475761,0.6684689075829329,0.666911060560959,0.961297571659088,0.0343958139419555,0.0078,0.961297571659088,0.6674
cifar,iid,4,107,10,3,0.4094380140304565,-0.0121259689331054,0.0385534967124925,-0.0017957956693201,0.9569064780062222,0.0033104150751208,0.6504888888888889,0.0224444444444444,,0.903546156934458,0.0011668326389293,0.0011668326389293,0.6674,0.6955583015475761,0.6684689075829329,0.666911060560959,0.961297571659088,0.0121004581451416,-0.0016,0.961297571659088,0.6674
cifar,iid,20,123,1,0,0.9983580112457277,0.0016120076179504,1.0,0.0098231827111984,1.0,0.0,0.9458888888888888,0.0149333333333332,,1.0,7.104824527792708e-05,7.104824527792708e-05,0.1016,0.0101701701701701,0.1,0.0184626567326912,2.605429649353028,-0.0014576911926269,-0.0002,2.605429649353028,0.1016
cifar,iid,20,123,1,1,0.9983580112457277,-7.998943328857422e-05,1.0,0.0019685039370078,1.0,0.0,0.9458888888888888,0.0197333333333333,,1.0,0.0004772852378012,0.0004772852378012,0.1016,0.0101701701701701,0.1,0.0184626567326912,2.605429649353028,-0.0084004402160644,-0.0,2.605429649353028,0.1016
cifar,iid,20,123,1,2,0.9983580112457277,0.0001000165939331,1.0,0.0,1.0,0.0,0.9458888888888888,0.0051555555555553,,1.0,0.0,0.0,0.1016,0.0101701701701701,0.1,0.0184626567326912,2.605429649353028,-0.0009791851043701,-0.0,2.605429649353028,0.1016
cifar,iid,20,123,1,3,0.9983580112457277,0.0003080368041992,1.0,0.0,1.0,0.0,0.9458888888888888,0.0100444444444443,,1.0,0.0,0.0,0.1016,0.0101701701701701,0.1,0.0184626567326912,2.605429649353028,0.0003461837768554,-0.0,2.605429649353028,0.1016
cifar,iid,20,123,1,4,0.9983580112457277,0.0002080202102661,1.0,0.0,1.0,0.0,0.9458888888888888,0.0249555555555553,,1.0,0.0,0.0,0.1016,0.0101701701701701,0.1,0.0184626567326912,2.605429649353028,-0.0049023628234863,-0.0,2.605429649353028,0.1016
cifar,iid,20,123,1,5,0.9983580112457277,0.0007920265197753,1.0,0.0039370078740157,1.0,0.0,0.9458888888888888,0.0341333333333331,,1.0,0.0,0.0,0.1016,0.0101701701701701,0.1,0.0184626567326912,2.605429649353028,-0.0022823810577392,-0.0,2.605429649353028,0.1016
cifar,iid,20,123,1,6,0.9983580112457277,-0.0001739859580993,1.0,0.0,1.0,0.0,0.9458888888888888,0.0161555555555554,,1.0,0.0,0.0,0.1016,0.0101701701701701,0.1,0.0184626567326912,2.605429649353028,0.0067918300628662,-0.0,2.605429649353028,0.1016
cifar,iid,20,123,1,7,0.9983580112457277,3.802776336669922e-05,1.0,0.0,1.0,0.0,0.9458888888888888,0.0287333333333332,,1.0,0.0,0.0,0.1016,0.0101701701701701,0.1,0.0184626567326912,2.605429649353028,-0.001716136932373,-0.0,2.605429649353028,0.1016
cifar,iid,20,123,1,8,0.9983580112457277,4.202127456665039e-05,1.0,0.0,1.0,0.0,0.9458888888888888,0.0037111111111109,,1.0,0.0,0.0,0.1016,0.0101701701701701,0.1,0.0184626567326912,2.605429649353028,0.0039384365081787,-0.0,2.605429649353028,0.1016
cifar,iid,20,123,1,9,0.9983580112457277,0.0007259845733642,1.0,0.0059055118110236,1.0,0.0,0.9458888888888888,0.0200666666666664,,1.0,0.0,0.0,0.1016,0.0101701701701701,0.1,0.0184626567326912,2.605429649353028,0.0024707317352294,-0.0,2.605429649353028,0.1016
cifar,iid,20,123,1,10,0.9983580112457277,0.0023019909858703,1.0,0.0078585461689587,1.0,0.0,0.9458888888888888,0.0028888888888887,,1.0,0.0,0.0,0.1016,0.0101701701701701,0.1,0.0184626567326912,2.605429649353028,0.0066118240356445,-0.0002,2.605429649353028,0.1016
cifar,iid,20,123,1,11,0.9983580112457277,-0.0003100037574768,1.0,0.0,1.0,0.0,0.9458888888888888,0.0344222222222221,,1.0,0.0,0.0,0.1016,0.0101701701701701,0.1,0.0184626567326912,2.605429649353028,-0.0002055168151855,-0.0,2.605429649353028,0.1016
cifar,iid,20,123,1,12,0.9983580112457277,-0.0002099871635437,1.0,0.0,1.0,0.0,0.9458888888888888,0.0171111111111108,,1.0,0.0,0.0,0.1016,0.0101701701701701,0.1,0.0184626567326912,2.605429649353028,-2.2172927856445312e-05,-0.0,2.605429649353028,0.1016
cifar,iid,20,123,1,13,0.9983580112457277,-0.0004439949989318,1.0,0.0,1.0,0.0,0.9458888888888888,0.0019555555555554,,1.0,4.73654968520254e-05,4.73654968520254e-05,0.1016,0.0101701701701701,0.1,0.0184626567326912,2.605429649353028,0.003403902053833,-0.0,2.605429649353028,0.1016
cifar,iid,20,123,1,14,0.9983580112457277,0.0028980374336242,1.0,0.011787819253438,1.0,0.0,0.9458888888888888,0.0162222222222221,,1.0,0.0008401630341314,0.0008401630341314,0.1016,0.0101701701701701,0.1,0.0184626567326912,2.605429649353028,0.0006322860717773,-0.0002,2.605429649353028,0.1016
cifar,iid,20,123,1,15,0.9983580112457277,0.0001360177993774,1.0,0.0,1.0,0.0,0.9458888888888888,0.0295333333333334,,1.0,0.0004567680554895,0.0004567680554895,0.1016,0.0101701701701701,0.1,0.0184626567326912,2.605429649353028,-0.0059633255004882,-0.0,2.605429649353028,0.1016
cifar,iid,20,123,1,16,0.9983580112457277,-8.797645568847656e-05,1.0,0.0,1.0,0.0,0.9458888888888888,-0.0044222222222223,,1.0,0.0,0.0,0.1016,0.0101701701701701,0.1,0.0184626567326912,2.605429649353028,-0.0035054683685302,-0.0,2.605429649353028,0.1016
cifar,iid,20,123,1,17,0.9983580112457277,-0.0005159974098205,1.0,0.0,1.0,0.0,0.9458888888888888,0.0176666666666664,,1.0,0.0001196238318904,0.0001196238318904,0.1016,0.0101701701701701,0.1,0.0184626567326912,2.605429649353028,0.0075116157531738,-0.0,2.605429649353028,0.1016
cifar,iid,20,123,1,18,0.9983580112457277,6.401538848876953e-05,1.0,0.0019685039370078,1.0,0.0,0.9458888888888888,0.0150444444444441,,1.0,0.0012718123300008,0.0012718123300008,0.1016,0.0101701701701701,0.1,0.0184626567326912,2.605429649353028,-0.0012638568878173,-0.0,2.605429649353028,0.1016
cifar,iid,20,123,1,19,0.9983580112457277,0.0002999901771545,1.0,0.0,1.0,0.0,0.9458888888888888,0.0271888888888889,,1.0,2.36827484260127e-05,2.36827484260127e-05,0.1016,0.0101701701701701,0.1,0.0184626567326912,2.605429649353028,-0.0057692527770996,-0.0,2.605429649353028,0.1016
cifar,iid,20,123,2,0,0.8066580295562744,0.0261620283126831,0.2365930599369085,0.045070296985574,1.0,0.0,0.8665333333333334,-0.0426222222222221,,0.9656892381539168,-0.0036858282134902,0.0036858282134902,0.1264,0.0254673436122444,0.1261610564972657,0.0423652419561131,2.989734411239624,0.0028808116912841,0.0002,2.989734411239624,0.1264
cifar,iid,20,123,2,1,0.8066580295562744,-0.005571961402893,0.2365930599369085,-0.0193687842602298,1.0,0.0,0.8665333333333334,-0.0645777777777776,,0.9656892381539168,-0.0025411433870565,0.0025411433870565,0.1264,0.0254673436122444,0.1261610564972657,0.0423652419561131,2.989734411239624,0.0019276142120361,0.0006,2.989734411239624,0.1264
cifar,iid,20,123,2,2,0.8066580295562744,0.0057960152626037,0.2365930599369085,0.0058238291676777,1.0,0.0,0.8665333333333334,-0.019311111111111,,0.9656892381539168,-0.0021308453595668,0.0021308453595668,0.1264,0.0254673436122444,0.1261610564972657,0.0423652419561131,2.989734411239624,6.437301635742188e-06,0.0004,2.989734411239624,0.1264
cifar,iid,20,123,2,3,0.8066580295562744,0.0001980066299438,0.2365930599369085,-0.0098298335448084,1.0,0.0,0.8665333333333334,-0.0237777777777776,,0.9656892381539168,-0.0045087318423974,0.0045087318423974,0.1264,0.0254673436122444,0.1261610564972657,0.0423652419561131,2.989734411239624,-0.0003457069396972,0.0012,2.989734411239624,0.1264
cifar,iid,20,123,2,4,0.8066580295562744,-0.0229599475860595,0.2365930599369085,-0.034648770128451,1.0,0.0,0.8665333333333334,-0.0316888888888888,,0.9656892381539168,-0.0011904684798818,0.0011904684798818,0.1264,0.0254673436122444,0.1261610564972657,0.0423652419561131,2.989734411239624,0.0004055500030517,0.0034,2.989734411239624,0.1264
cifar,iid,20,123,2,5,0.8066580295562744,-0.0004679560661315,0.2365930599369085,0.0048470281908767,1.0,0.0,0.8665333333333334,-0.0746444444444445,,0.9656892381539168,0.000891888366665,0.000891888366665,0.1264,0.0254673436122444,0.1261610564972657,0.0423652419561131,2.989734411239624,0.0010864734649658,0.0014,2.989734411239624,0.1264
cifar,iid,20,123,2,6,0.8066580295562744,0.0082160234451293,0.2365930599369085,0.0133075734935272,1.0,0.0,0.8665333333333334,-0.0120444444444445,,0.9656892381539168,-6.286448451930937e-05,6.286448451930937e-05,0.1264,0.0254673436122444,0.1261610564972657,0.0423652419561131,2.989734411239624,0.0065715312957763,0.001,2.989734411239624,0.1264
cifar,iid,20,123,2,7,0.8066580295562744,-0.0014079809188842,0.2365930599369085,0.0066718000943888,1.0,0.0,0.8665333333333334,-0.0308888888888887,,0.9656892381539168,0.0012396237277201,0.0012396237277201,0.1264,0.0254673436122444,0.1261610564972657,0.0423652419561131,2.989734411239624,-0.004408836364746,-0.0005999999999999,2.989734411239624,0.1264
cifar,iid,20,123,2,8,0.8066580295562744,-0.0003799796104431,0.2365930599369085,-0.0082726588624596,1.0,0.0,0.8665333333333334,-0.0781999999999998,,0.9656892381539168,0.0012561893713656,0.0012561893713656,0.1264,0.0254673436122444,0.1261610564972657,0.0423652419561131,2.989734411239624,-0.004385232925415,-0.0,2.989734411239624,0.1264
cifar,iid,20,123,2,9,0.8066580295562744,-0.0156579613685607,0.2365930599369085,-0.0242765052804828,1.0,0.0,0.8665333333333334,-0.0768888888888887,,0.9656892381539168,-0.0065965018559658,0.0065965018559658,0.1264,0.0254673436122444,0.1261610564972657,0.0423652419561131,2.989734411239624,0.005852460861206,0.0012,2.989734411239624,0.1264
cifar,iid,20,123,2,10,0.8066580295562744,0.0105780363082885,0.2365930599369085,-0.0078158857499924,1.0,0.0,0.8665333333333334,-0.0145555555555554,,0.9656892381539168,0.002583018822116,0.002583018822116,0.1264,0.0254673436122444,0.1261610564972657,0.0423652419561131,2.989734411239624,0.0008139610290527,0.0012,2.989734411239624,0.1264
cifar,iid,20,123,2,11,0.8066580295562744,-0.0170959830284118,0.2365930599369085,-0.0274971171967468,1.0,0.0,0.8665333333333334,-0.0816888888888887,,0.9656892381539168,-0.0021032853432433,0.0021032853432433,0.1264,0.0254673436122444,0.1261610564972657,0.0423652419561131,2.989734411239624,-0.0106813907623291,0.0018,2.989734411239624,0.1264
cifar,iid,20,123,2,12,0.8066580295562744,-0.003167986869812,0.2365930599369085,-0.0114196586640453,1.0,0.0,0.8665333333333334,-0.0778888888888889,,0.9656892381539168,0.00089527863981,0.00089527863981,0.1264,0.0254673436122444,0.1261610564972657,0.0423652419561131,2.989734411239624,-0.0009300708770751,0.0012,2.989734411239624,0.1264
cifar,iid,20,123,2,13,0.8066580295562744,-0.0141979455947875,0.2365930599369085,-0.0178352814479546,1.0,0.0,0.8665333333333334,-0.0252444444444444,,0.9656892381539168,-0.0051121401404278,0.0051121401404278,0.1264,0.0254673436122444,0.1261610564972657,0.0423652419561131,2.989734411239624,0.0039122104644775,0.0018,2.989734411239624,0.1264
cifar,iid,20,123,2,14,0.8066580295562744,0.0010480284690856,0.2365930599369085,0.0004599379083823,1.0,0.0,0.8665333333333334,-0.0618,,0.9656892381539168,-0.0008684666915577,0.0008684666915577,0.1264,0.0254673436122444,0.1261610564972657,0.0423652419561131,2.989734411239624,0.0098872184753417,0.0006,2.989734411239624,0.1264
cifar,iid,20,123,2,15,0.8066580295562744,-0.0258079767227172,0.2365930599369085,-0.0343746819985754,1.0,0.0,0.8665333333333334,-0.0100888888888888,,0.9656892381539168,-0.0018496435629895,0.0018496435629895,0.1264,0.0254673436122444,0.1261610564972657,0.0423652419561131,2.989734411239624,-0.0060458183288574,0.002,2.989734411239624,0.1264
cifar,iid,20,123,2,16,0.8066580295562744,0.0067740082740783,0.2365930599369085,0.0268138801261829,1.0,0.0,0.8665333333333334,0.0082222222222221,,0.9656892381539168,-0.0002240838431167,0.0002240838431167,0.1264,0.0254673436122444,0.1261610564972657,0.0423652419561131,2.989734411239624,-0.0065126419067382,-0.0013999999999999,2.989734411239624,0.1264
cifar,iid,20,123,2,17,0.8066580295562744,0.0054700374603271,0.2365930599369085,0.002044723962265,1.0,0.0,0.8665333333333334,-0.0113222222222222,,0.9656892381539168,0.0003178102994834,0.0003178102994834,0.1264,0.0254673436122444,0.1261610564972657,0.0423652419561131,2.989734411239624,0.0047135353088378,0.0004,2.989734411239624,0.1264
cifar,iid,20,123,2,18,0.8066580295562744,0.033619999885559,0.2365930599369085,0.023556493959166,1.0,0.0,0.8665333333333334,0.0307555555555554,,0.9656892381539168,0.0002841578292273,0.0002841578292273,0.1264,0.0254673436122444,0.1261610564972657,0.0423652419561131,2.989734411239624,-0.0007421970367431,0.0022,2.989734411239624,0.1264
cifar,iid,20,123,2,19,0.8066580295562744,0.0077120065689086,0.2365930599369085,-0.0058311824873339,1.0,0.0,0.8665333333333334,-0.0459555555555555,,0.9656892381539168,0.0023716904640634,0.0023716904640634,0.1264,0.0254673436122444,0.1261610564972657,0.0423652419561131,2.989734411239624,-0.0048251152038574,0.0004,2.989734411239624,0.1264
cifar,iid,20,123,3,0,0.7839080095291138,-0.0107539892196655,0.6453382084095064,-0.0231700788833112,1.0,0.0,0.8585333333333334,0.0270000000000001,,0.9831160691419384,-0.0003499377686884,0.0003499377686884,0.1074,0.0427285223367697,0.1090346713279984,0.0331673485322296,3.1360204219818115,-0.0050032138824462,0.001,3.1360204219818115,0.1074
cifar,iid,20,123,3,1,0.7839080095291138,-0.0006519556045532,0.6453382084095064,-0.0164264974728465,1.0,0.0,0.8585333333333334,0.0388222222222223,,0.9831160691419384,-0.0021364618941159,0.0021364618941159,0.1074,0.0427285223367697,0.1090346713279984,0.0331673485322296,3.1360204219818115,0.0126125812530517,0.0005999999999999,3.1360204219818115,0.1074
cifar,iid,20,123,3,2,0.7839080095291138,-0.0119099617004394,0.6453382084095064,-0.02929414453167,1.0,0.0,0.8585333333333334,0.0066888888888889,,0.9831160691419384,-0.0010273095654326,0.0010273095654326,0.1074,0.0427285223367697,0.1090346713279984,0.0331673485322296,3.1360204219818115,-0.0105078220367431,0.0005999999999999,3.1360204219818115,0.1074
cifar,iid,20,123,3,3,0.7839080095291138,0.0063920021057128,0.6453382084095064,0.0210187891717569,1.0,0.0,0.8585333333333334,-0.027511111111111,,0.9831160691419384,-2.40263272202057e-05,2.40263272202057e-05,0.1074,0.0427285223367697,0.1090346713279984,0.0331673485322296,3.1360204219818115,0.0025675296783447,-0.0018,3.1360204219818115,0.1074
cifar,iid,20,123,3,4,0.7839080095291138,0.0148580074310302,0.6453382084095064,0.0406450676152826,1.0,0.0,0.8585333333333334,0.004288888888889,,0.9831160691419384,-6.399410951207773e-05,6.399410951207773e-05,0.1074,0.0427285223367697,0.1090346713279984,0.0331673485322296,3.1360204219818115,-0.0002315044403076,-0.0022,3.1360204219818115,0.1074
cifar,iid,20,123,3,5,0.7839080095291138,0.0063199996948242,0.6453382084095064,0.0101294969757496,1.0,0.0,0.8585333333333334,-0.0195555555555555,,0.9831160691419384,-0.0008453978225723,0.0008453978225723,0.1074,0.0427285223367697,0.1090346713279984,0.0331673485322296,3.1360204219818115,-0.0047845840454101,-0.0002,3.1360204219818115,0.1074
cifar,iid,20,123,3,6,0.7839080095291138,0.0026320219039916,0.6453382084095064,0.0054844606946983,1.0,0.0,0.8585333333333334,0.0677777777777777,,0.9831160691419384,-0.0022208486849828,0.0022208486849828,0.1074,0.0427285223367697,0.1090346713279984,0.0331673485322296,3.1360204219818115,0.0087659358978271,-0.0002,3.1360204219818115,0.1074
cifar,iid,20,123,3,7,0.7839080095291138,-0.0132200121879577,0.6453382084095064,-0.0250116995094623,1.0,0.0,0.8585333333333334,-0.0064666666666666,,0.9831160691419384,-0.0013047304890321,0.0013047304890321,0.1074,0.0427285223367697,0.1090346713279984,0.0331673485322296,3.1360204219818115,-0.0038836002349853,0.001,3.1360204219818115,0.1074
cifar,iid,20,123,3,8,0.7839080095291138,-0.00831800699234,0.6453382084095064,-0.0237794386493171,1.0,0.0,0.8585333333333334,0.0086444444444444,,0.9831160691419384,-0.0003075610626678,0.0003075610626678,0.1074,0.0427285223367697,0.1090346713279984,0.0331673485322296,3.1360204219818115,-0.0016591548919677,0.0003999999999999,3.1360204219818115,0.1074
cifar,iid,20,123,3,9,0.7839080095291138,0.0177339911460876,0.6453382084095064,0.0518130285533913,1.0,0.0,0.8585333333333334,0.0160222222222221,,0.9831160691419384,-0.0006711924526132,0.0006711924526132,0.1074,0.0427285223367697,0.1090346713279984,0.0331673485322296,3.1360204219818115,0.0094392299652099,-0.0022,3.1360204219818115,0.1074
cifar,iid,20,123,3,10,0.7839080095291138,-0.0122640132904052,0.6453382084095064,-0.0348836030507523,1.0,0.0,0.8585333333333334,0.0481,,0.9831160691419384,-0.0020975280263115,0.0020975280263115,0.1074,0.0427285223367697,0.1090346713279984,0.0331673485322296,3.1360204219818115,0.0004751682281494,0.0015999999999999,3.1360204219818115,0.1074
cifar,iid,20,123,3,11,0.7839080095291138,0.0207819938659667,0.6453382084095064,0.0525454156167136,1.0,0.0,0.8585333333333334,-0.0097777777777776,,0.9831160691419384,0.0001138282753972,0.0001138282753972,0.1074,0.0427285223367697,0.1090346713279984,0.0331673485322296,3.1360204219818115,-0.0138497352600097,-0.0028,3.1360204219818115,0.1074
cifar,iid,20,123,3,12,0.7839080095291138,-0.0017820000648498,0.6453382084095064,-0.0237794386493171,1.0,0.0,0.8585333333333334,0.0835555555555556,,0.9831160691419384,-0.0017494105072168,0.0017494105072168,0.1074,0.0427285223367697,0.1090346713279984,0.0331673485322296,3.1360204219818115,0.0052993297576904,0.0007999999999999,3.1360204219818115,0.1074
cifar,iid,20,123,3,13,0.7839080095291138,-0.0095660090446472,0.6453382084095064,-0.0007597952202577,1.0,0.0,0.8585333333333334,-0.0107888888888889,,0.9831160691419384,-0.0014565278474939,0.0014565278474939,0.1074,0.0427285223367697,0.1090346713279984,0.0331673485322296,3.1360204219818115,0.0011963844299316,-0.0,3.1360204219818115,0.1074
cifar,iid,20,123,3,14,0.7839080095291138,0.0225419998168945,0.6453382084095064,0.0662015177620244,1.0,0.0,0.8585333333333334,0.0004333333333332,,0.9831160691419384,-0.0017921657125051,0.0017921657125051,0.1074,0.0427285223367697,0.1090346713279984,0.0331673485322296,3.1360204219818115,0.0051856040954589,-0.0026,3.1360204219818115,0.1074
cifar,iid,20,123,3,15,0.7839080095291138,0.0038679838180541,0.6453382084095064,0.0406450676152826,1.0,0.0,0.8585333333333334,0.0222666666666666,,0.9831160691419384,-0.0021535009156288,0.0021535009156288,0.1074,0.0427285223367697,0.1090346713279984,0.0331673485322296,3.1360204219818115,-0.0061547756195068,-0.002,3.1360204219818115,0.1074
cifar,iid,20,123,3,16,0.7839080095291138,-0.0098440051078796,0.6453382084095064,-0.0146252285191955,1.0,0.0,0.8585333333333334,0.0473777777777777,,0.9831160691419384,-0.0020861090786078,0.0020861090786078,0.1074,0.0427285223367697,0.1090346713279984,0.0331673485322296,3.1360204219818115,-0.0105249881744384,0.0001999999999999,3.1360204219818115,0.1074
cifar,iid,20,123,3,17,0.7839080095291138,-0.0170140266418457,0.6453382084095064,-0.0520787657602352,1.0,0.0,0.8585333333333334,-0.0035555555555557,,0.9831160691419384,-0.0028058813592556,0.0028058813592556,0.1074,0.0427285223367697,0.1090346713279984,0.0331673485322296,3.1360204219818115,0.0027964115142822,0.0021999999999999,3.1360204219818115,0.1074
cifar,iid,20,123,3,18,0.7839080095291138,-0.0333340167999267,0.6453382084095064,-0.0966580251121508,1.0,0.0,0.8585333333333334,-0.0107555555555554,,0.9831160691419384,0.0004524596100514,0.0004524596100514,0.1074,0.0427285223367697,0.1090346713279984,0.0331673485322296,3.1360204219818115,0.0050814151763916,0.0021999999999999,3.1360204219818115,0.1074
cifar,iid,20,123,3,19,0.7839080095291138,-0.0025420188903808,0.6453382084095064,0.0035200265913245,1.0,0.0,0.8585333333333334,0.043911111111111,,0.9831160691419384,-0.0005838044851237,0.0005838044851237,0.1074,0.0427285223367697,0.1090346713279984,0.0331673485322296,3.1360204219818115,0.0030333995819091,0.0001999999999999,3.1360204219818115,0.1074
cifar,iid,20,123,4,0,0.7068979740142822,-0.0007580518722534,0.5922671353251319,0.0205888136468102,1.0,0.0,0.830511111111111,0.0113555555555555,,0.981402877453862,-0.0010030619284849,0.0010030619284849,0.1104,0.3212332390349364,0.1120916525489476,0.0385044243908091,3.037758111953736,-0.0094101428985595,0.0001999999999999,3.037758111953736,0.1104
cifar,iid,20,123,4,1,0.7068979740142822,-0.0033119916915893,0.5922671353251319,-0.0254319797191159,1.0,0.0,0.830511111111111,-0.0007777777777779,,0.981402877453862,0.0006924316034844,0.0006924316034844,0.1104,0.3212332390349364,0.1120916525489476,0.0385044243908091,3.037758111953736,0.0111329555511474,0.0006,3.037758111953736,0.1104
cifar,iid,20,123,4,2,0.7068979740142822,0.0163999795913696,0.5922671353251319,0.005879700770158,1.0,0.0,0.830511111111111,0.0020444444444442,,0.981402877453862,-0.0005587911839874,0.0005587911839874,0.1104,0.3212332390349364,0.1120916525489476,0.0385044243908091,3.037758111953736,-0.0150861740112304,-0.0002,3.037758111953736,0.1104
cifar,iid,20,123,4,3,0.7068979740142822,0.0027879476547241,0.5922671353251319,0.0278072050115429,1.0,0.0,0.830511111111111,0.0097555555555552,,0.981402877453862,0.0023459320913429,0.0023459320913429,0.1104,0.3212332390349364,0.1120916525489476,0.0385044243908091,3.037758111953736,0.0040249824523925,-0.0,3.037758111953736,0.1104
cifar,iid,20,123,4,4,0.7068979740142822,0.0049759745597839,0.5922671353251319,0.0317135021071388,1.0,0.0,0.830511111111111,-0.0141111111111111,,0.981402877453862,-0.0012048647956639,0.0012048647956639,0.1104,0.3212332390349364,0.1120916525489476,0.0385044243908091,3.037758111953736,0.004894733428955,-0.0,3.037758111953736,0.1104
cifar,iid,20,123,4,5,0.7068979740142822,0.0030539631843566,0.5922671353251319,0.0253106135860015,1.0,0.0,0.830511111111111,-0.0135777777777779,,0.981402877453862,0.0002020705967502,0.0002020705967502,0.1104,0.3212332390349364,0.1120916525489476,0.0385044243908091,3.037758111953736,-0.0066878795623779,0.0001999999999999,3.037758111953736,0.1104
cifar,iid,20,123,4,6,0.7068979740142822,-0.0039560198783874,0.5922671353251319,0.0017574692442883,1.0,0.0,0.830511111111111,-0.0134222222222224,,0.981402877453862,0.0015381583293574,0.0015381583293574,0.1104,0.3212332390349364,0.1120916525489476,0.0385044243908091,3.037758111953736,0.0118863582611083,0.0001999999999999,3.037758111953736,0.1104
cifar,iid,20,123,4,7,0.7068979740142822,-0.0115460157394409,0.5922671353251319,-0.0405314386499127,1.0,0.0,0.830511111111111,0.0182444444444442,,0.981402877453862,0.0013511914092999,0.0013511914092999,0.1104,0.3212332390349364,0.1120916525489476,0.0385044243908091,3.037758111953736,-0.0059559345245361,0.0006,3.037758111953736,0.1104
cifar,iid,20,123,4,8,0.7068979740142822,-0.0075380206108093,0.5922671353251319,-0.007380130988801,1.0,0.0,0.830511111111111,0.0031333333333329,,0.981402877453862,0.0020367098618565,0.0020367098618565,0.1104,0.3212332390349364,0.1120916525489476,0.0385044243908091,3.037758111953736,-0.0022201538085937,0.0006,3.037758111953736,0.1104
cifar,iid,20,123,4,9,0.7068979740142822,0.0037199854850769,0.5922671353251319,0.0432137790428599,1.0,0.0,0.830511111111111,0.0146444444444444,,0.981402877453862,6.425301090418056e-05,6.425301090418056e-05,0.1104,0.3212332390349364,0.1120916525489476,0.0385044243908091,3.037758111953736,0.011439561843872,-0.0003999999999999,3.037758111953736,0.1104
cifar,iid,20,123,4,10,0.7068979740142822,0.0113439559936523,0.5922671353251319,0.0,1.0,0.0,0.830511111111111,0.0022222222222221,,0.981402877453862,-0.0018441427549199,0.0018441427549199,0.1104,0.3212332390349364,0.1120916525489476,0.0385044243908091,3.037758111953736,0.002941608428955,0.0001999999999999,3.037758111953736,0.1104
cifar,iid,20,123,4,11,0.7068979740142822,0.0170239806175231,0.5922671353251319,0.0486773917353882,1.0,0.0,0.830511111111111,0.0352555555555553,,0.981402877453862,-0.0006609863146177,0.0006609863146177,0.1104,0.3212332390349364,0.1120916525489476,0.0385044243908091,3.037758111953736,-0.0129752159118652,-0.0006,3.037758111953736,0.1104
cifar,iid,20,123,4,12,0.7068979740142822,0.0042319297790527,0.5922671353251319,-0.0045638505903611,1.0,0.0,0.830511111111111,-0.0089111111111113,,0.981402877453862,0.0014078694637716,0.0014078694637716,0.1104,0.3212332390349364,0.1120916525489476,0.0385044243908091,3.037758111953736,0.001988410949707,0.0006,3.037758111953736,0.1104
cifar,iid,20,123,4,13,0.7068979740142822,-0.0029480457305908,0.5922671353251319,0.0243228844540517,1.0,0.0,0.830511111111111,0.0042888888888887,,0.981402877453862,-0.0008734143043929,0.0008734143043929,0.1104,0.3212332390349364,0.1120916525489476,0.0385044243908091,3.037758111953736,0.0027928352355957,-0.0003999999999999,3.037758111953736,0.1104
cifar,iid,20,123,4,14,0.7068979740142822,0.0031019449234008,0.5922671353251319,0.0485278557367956,1.0,0.0,0.830511111111111,0.0204222222222221,,0.981402877453862,-0.0020269517307399,0.0020269517307399,0.1104,0.3212332390349364,0.1120916525489476,0.0385044243908091,3.037758111953736,0.0037703514099121,-0.0007999999999999,3.037758111953736,0.1104
cifar,iid,20,123,4,15,0.7068979740142822,-0.0007140636444091,0.5922671353251319,0.0186102895712323,1.0,0.0,0.830511111111111,0.0511555555555554,,0.981402877453862,-0.0011291010359002,0.0011291010359002,0.1104,0.3212332390349364,0.1120916525489476,0.0385044243908091,3.037758111953736,-0.006845474243164,-0.0006,3.037758111953736,0.1104
cifar,iid,20,123,4,16,0.7068979740142822,-0.0080339908599853,0.5922671353251319,-0.0382834863444951,1.0,0.0,0.830511111111111,0.0257333333333331,,0.981402877453862,-0.0020340134000804,0.0020340134000804,0.1104,0.3212332390349364,0.1120916525489476,0.0385044243908091,3.037758111953736,-0.0077004432678222,0.0011999999999999,3.037758111953736,0.1104
cifar,iid,20,123,4,17,0.7068979740142822,-0.0103660225868225,0.5922671353251319,-0.056669034887634,1.0,0.0,0.830511111111111,-0.0078444444444443,,0.981402877453862,0.0028087789433751,0.0028087789433751,0.1104,0.3212332390349364,0.1120916525489476,0.0385044243908091,3.037758111953736,0.003364086151123,0.0017999999999999,3.037758111953736,0.1104
cifar,iid,20,123,4,18,0.7068979740142822,-0.0204120278358459,0.5922671353251319,-0.0714019294230695,1.0,0.0,0.830511111111111,0.001222222222222,,0.981402877453862,0.0011118092094154,0.0011118092094154,0.1104,0.3212332390349364,0.1120916525489476,0.0385044243908091,3.037758111953736,0.0078856945037841,0.0017999999999999,3.037758111953736,0.1104
cifar,iid,20,123,4,19,0.7068979740142822,-0.0010499954223632,0.5922671353251319,0.0148758309773058,1.0,0.0,0.830511111111111,-0.0043999999999999,,0.981402877453862,0.0007748563582637,0.0007748563582637,0.1104,0.3212332390349364,0.1120916525489476,0.0385044243908091,3.037758111953736,0.0012543201446533,-0.0,3.037758111953736,0.1104
cifar,iid,20,123,5,0,0.5184019804000854,-0.0079500079154968,0.3367875647668393,0.0,1.0,0.0,0.8246,0.0840444444444443,,0.954825121289888,0.0005394887970245,0.0005394887970245,0.1562,0.3292184603165887,0.1585476638831951,0.1068461923914342,2.748522520065308,-0.0083284378051757,-0.0012,2.748522520065308,0.1562
cifar,iid,20,123,5,1,0.5184019804000854,0.0077400207519531,0.3367875647668393,0.0025770384510498,1.0,0.0,0.8246,0.0354222222222222,,0.954825121289888,-0.0038385086908396,0.0038385086908396,0.1562,0.3292184603165887,0.1585476638831951,0.1068461923914342,2.748522520065308,0.0060863494873046,0.0024,2.748522520065308,0.1562
cifar,iid,20,123,5,2,0.5184019804000854,0.0163480043411254,0.3367875647668393,-0.0007920530675555,1.0,0.0,0.8246,0.0380111111111109,,0.954825121289888,-0.0001320174324341,0.0001320174324341,0.1562,0.3292184603165887,0.1585476638831951,0.1068461923914342,2.748522520065308,-0.0170466899871826,-0.0033999999999999,2.748522520065308,0.1562
cifar,iid,20,123,5,3,0.5184019804000854,0.0033699870109558,0.3367875647668393,0.0055855187310337,1.0,0.0,0.8246,0.0235666666666667,,0.954825121289888,0.0013444946551096,0.0013444946551096,0.1562,0.3292184603165887,0.1585476638831951,0.1068461923914342,2.748522520065308,0.0051026344299316,-0.0022,2.748522520065308,0.1562
cifar,iid,20,123,5,4,0.5184019804000854,0.0014119744300842,0.3367875647668393,0.0060382107616714,1.0,0.0,0.8246,-0.0086000000000001,,0.954825121289888,-0.0074551889588226,0.0074551889588226,0.1562,0.3292184603165887,0.1585476638831951,0.1068461923914342,2.748522520065308,0.0057711601257324,-0.0012,2.748522520065308,0.1562
cifar,iid,20,123,5,5,0.5184019804000854,-0.0070060491561889,0.3367875647668393,0.0012953367875647,1.0,0.0,0.8246,0.0141999999999999,,0.954825121289888,-0.0035381158057561,0.0035381158057561,0.1562,0.3292184603165887,0.1585476638831951,0.1068461923914342,2.748522520065308,-0.0028479099273681,-0.0002,2.748522520065308,0.1562
cifar,iid,20,123,5,6,0.5184019804000854,0.0011539459228515,0.3367875647668393,0.0034542314335059,1.0,0.0,0.8246,0.0226777777777777,,0.954825121289888,-0.0007573544202248,0.0007573544202248,0.1562,0.3292184603165887,0.1585476638831951,0.1068461923914342,2.748522520065308,0.0154163837432861,0.001,2.748522520065308,0.1562
cifar,iid,20,123,5,7,0.5184019804000854,-0.0010820627212524,0.3367875647668393,-0.0047708767916021,1.0,0.0,0.8246,-0.0136444444444445,,0.954825121289888,-0.0040092871629608,0.0040092871629608,0.1562,0.3292184603165887,0.1585476638831951,0.1068461923914342,2.748522520065308,-0.0078232288360595,-0.001,2.748522520065308,0.1562
cifar,iid,20,123,5,8,0.5184019804000854,-0.0066879987716674,0.3367875647668393,0.0017426353701769,1.0,0.0,0.8246,0.0095888888888888,,0.954825121289888,-0.0042259071264098,0.0042259071264098,0.1562,0.3292184603165887,0.1585476638831951,0.1068461923914342,2.748522520065308,-0.0054895877838134,-0.001,2.748522520065308,0.1562
cifar,iid,20,123,5,9,0.5184019804000854,-0.0052480101585388,0.3367875647668393,-0.0030561852331606,1.0,0.0,0.8246,0.0631777777777777,,0.954825121289888,-0.0043529039516607,0.0043529039516607,0.1562,0.3292184603165887,0.1585476638831951,0.1068461923914342,2.748522520065308,0.0125918388366699,0.0016,2.748522520065308,0.1562
cifar,iid,20,123,5,10,0.5184019804000854,0.0156220197677612,0.3367875647668393,0.008234761637765,1.0,0.0,0.8246,-0.0064666666666666,,0.954825121289888,-0.0027439056097284,0.0027439056097284,0.1562,0.3292184603165887,0.1585476638831951,0.1068461923914342,2.748522520065308,0.0030357837677001,0.0004,2.748522520065308,0.1562
cifar,iid,20,123,5,11,0.5184019804000854,0.0152959823608398,0.3367875647668393,0.0102830833327804,1.0,0.0,0.8246,-0.0130222222222222,,0.954825121289888,-0.00251896748026,0.00251896748026,0.1562,0.3292184603165887,0.1585476638831951,0.1068461923914342,2.748522520065308,-0.0069501399993896,-0.0015999999999999,2.748522520065308,0.1562
cifar,iid,20,123,5,12,0.5184019804000854,0.0245119929313659,0.3367875647668393,0.0077888651569564,1.0,0.0,0.8246,0.0377555555555553,,0.954825121289888,-0.0059662308278826,0.0059662308278826,0.1562,0.3292184603165887,0.1585476638831951,0.1068461923914342,2.748522520065308,0.0039732456207275,0.0002,2.748522520065308,0.1562
cifar,iid,20,123,5,13,0.5184019804000854,-0.0114480257034301,0.3367875647668393,0.0012953367875647,1.0,0.0,0.8246,0.0396000000000003,,0.954825121289888,-0.0009684768734514,0.0009684768734514,0.1562,0.3292184603165887,0.1585476638831951,0.1068461923914342,2.748522520065308,0.0032856464385986,-0.001,2.748522520065308,0.1562
cifar,iid,20,123,5,14,0.5184019804000854,0.0014519691467285,0.3367875647668393,0.0116580310880828,1.0,0.0,0.8246,0.0239777777777778,,0.954825121289888,-0.0055011457864739,0.0055011457864739,0.1562,0.3292184603165887,0.1585476638831951,0.1068461923914342,2.748522520065308,0.0023515224456787,-0.0,2.748522520065308,0.1562
cifar,iid,20,123,5,15,0.5184019804000854,-0.0136899948120117,0.3367875647668393,-0.0021299610063565,1.0,0.0,0.8246,0.0150666666666665,,0.954825121289888,-0.0007773724620039,0.0007773724620039,0.1562,0.3292184603165887,0.1585476638831951,0.1068461923914342,2.748522520065308,-0.0112905502319335,-0.002,2.748522520065308,0.1562
cifar,iid,20,123,5,16,0.5184019804000854,-0.000614047050476,0.3367875647668393,-0.0121099709011243,1.0,0.0,0.8246,0.0327555555555556,,0.954825121289888,-0.0020942293560631,0.0020942293560631,0.1562,0.3292184603165887,0.1585476638831951,0.1068461923914342,2.748522520065308,-0.0087978839874267,0.0002,2.748522520065308,0.1562
cifar,iid,20,123,5,17,0.5184019804000854,-0.0064300298690795,0.3367875647668393,-0.0239967489586508,1.0,0.0,0.8246,0.0696444444444444,,0.954825121289888,-0.0006777486669463,0.0006777486669463,0.1562,0.3292184603165887,0.1585476638831951,0.1068461923914342,2.748522520065308,-0.0007545948028564,-0.0005999999999999,2.748522520065308,0.1562
cifar,iid,20,123,5,18,0.5184019804000854,-0.0114279985427856,0.3367875647668393,-0.0131469044336849,1.0,0.0,0.8246,-0.0081333333333333,,0.954825121289888,-0.0021920385565952,0.0021920385565952,0.1562,0.3292184603165887,0.1585476638831951,0.1068461923914342,2.748522520065308,0.0095059871673583,0.0017999999999999,2.748522520065308,0.1562
cifar,iid,20,123,5,19,0.5184019804000854,-0.0046620368957519,0.3367875647668393,-0.0044197843145254,1.0,0.0,0.8246,-0.0045555555555554,,0.954825121289888,-0.0002432571336601,0.0002432571336601,0.1562,0.3292184603165887,0.1585476638831951,0.1068461923914342,2.748522520065308,0.0021536350250244,0.001,2.748522520065308,0.1562
cifar,iid,20,123,6,0,0.4374780058860779,0.0010880231857299,0.1695616211745244,-0.0010896566490534,1.0,0.0,0.7592666666666665,0.0342666666666664,,0.9456601986427796,-0.0022419282303799,0.0022419282303799,0.2382,0.3656319312893653,0.2417590257106494,0.1826671424882306,2.389413595199585,-0.0100252628326416,0.0003999999999999,2.389413595199585,0.2382
cifar,iid,20,123,6,1,0.4374780058860779,0.0013200044631958,0.1695616211745244,-0.0010069406983852,1.0,0.0,0.7592666666666665,0.0684444444444443,,0.9456601986427796,-0.0027434473803852,0.0027434473803852,0.2382,0.3656319312893653,0.2417590257106494,0.1826671424882306,2.389413595199585,0.0036001205444335,0.0041999999999999,2.389413595199585,0.2382
cifar,iid,20,123,6,2,0.4374780058860779,0.0037900209426879,0.1695616211745244,-0.0013504577079734,1.0,0.0,0.7592666666666665,-0.0098222222222223,,0.9456601986427796,0.002108597724059,0.002108597724059,0.2382,0.3656319312893653,0.2417590257106494,0.1826671424882306,2.389413595199585,-0.0163140296936035,-0.002,2.389413595199585,0.2382
cifar,iid,20,123,6,3,0.4374780058860779,-0.0026900172233581,0.1695616211745244,1.4296071643826735e-05,1.0,0.0,0.7592666666666665,0.0575999999999998,,0.9456601986427796,0.0015223463746798,0.0015223463746798,0.2382,0.3656319312893653,0.2417590257106494,0.1826671424882306,2.389413595199585,0.0060768127441406,-0.0027999999999999,2.389413595199585,0.2382
cifar,iid,20,123,6,4,0.4374780058860779,-0.0105479955673217,0.1695616211745244,0.0048265218367761,1.0,0.0,0.7592666666666665,0.0322444444444443,,0.9456601986427796,-0.0012798381639157,0.0012798381639157,0.2382,0.3656319312893653,0.2417590257106494,0.1826671424882306,2.389413595199585,0.0038325786590576,0.0012,2.389413595199585,0.2382
cifar,iid,20,123,6,5,0.4374780058860779,-0.0059040188789367,0.1695616211745244,-0.0080864188588366,1.0,0.0,0.7592666666666665,0.0242444444444442,,0.9456601986427796,-0.0012314702352407,0.0012314702352407,0.2382,0.3656319312893653,0.2417590257106494,0.1826671424882306,2.389413595199585,0.001533031463623,0.001,2.389413595199585,0.2382
cifar,iid,20,123,6,6,0.4374780058860779,-0.0058900117874145,0.1695616211745244,0.0008168165194953,1.0,0.0,0.7592666666666665,0.0023777777777775,,0.9456601986427796,0.0014364079168769,0.0014364079168769,0.2382,0.3656319312893653,0.2417590257106494,0.1826671424882306,2.389413595199585,0.015531301498413,0.0015999999999999,2.389413595199585,0.2382
cifar,iid,20,123,6,7,0.4374780058860779,0.0061920285224914,0.1695616211745244,0.0024834318741129,1.0,0.0,0.7592666666666665,0.0955777777777775,,0.9456601986427796,0.0041280913182785,0.0041280913182785,0.2382,0.3656319312893653,0.2417590257106494,0.1826671424882306,2.389413595199585,-0.0049877166748046,-0.002,2.389413595199585,0.2382
cifar,iid,20,123,6,8,0.4374780058860779,0.0052140355110168,0.1695616211745244,-0.0029093572666032,1.0,0.0,0.7592666666666665,0.0105777777777777,,0.9456601986427796,0.0049576031914388,0.0049576031914388,0.2382,0.3656319312893653,0.2417590257106494,0.1826671424882306,2.389413595199585,-0.0080053806304931,-0.0002,2.389413595199585,0.2382
cifar,iid,20,123,6,9,0.4374780058860779,-0.0016459822654724,0.1695616211745244,-0.0014141920031236,1.0,0.0,0.7592666666666665,0.1376222222222221,,0.9456601986427796,-0.0008340389320627,0.0008340389320627,0.2382,0.3656319312893653,0.2417590257106494,0.1826671424882306,2.389413595199585,0.0014917850494384,0.0005999999999999,2.389413595199585,0.2382
cifar,iid,20,123,6,10,0.4374780058860779,-0.0022519826889038,0.1695616211745244,0.0057756129440718,1.0,0.0,0.7592666666666665,0.1083111111111105,,0.9456601986427796,5.800841586545147e-05,5.800841586545147e-05,0.2382,0.3656319312893653,0.2417590257106494,0.1826671424882306,2.389413595199585,0.0015685558319091,-0.0022,2.389413595199585,0.2382
cifar,iid,20,123,6,11,0.4374780058860779,0.0016800165176391,0.1695616211745244,0.0037200370161085,1.0,0.0,0.7592666666666665,0.0412222222222218,,0.9456601986427796,0.0033229237279857,0.0033229237279857,0.2382,0.3656319312893653,0.2417590257106494,0.1826671424882306,2.389413595199585,-0.0006806850433349,-0.0,2.389413595199585,0.2382
cifar,iid,20,123,6,12,0.4374780058860779,0.0052379965782165,0.1695616211745244,0.0088622040221514,1.0,0.0,0.7592666666666665,0.0442222222222223,,0.9456601986427796,-0.0041548727380169,0.0041548727380169,0.2382,0.3656319312893653,0.2417590257106494,0.1826671424882306,2.389413595199585,0.0042953491210937,0.0023999999999999,2.389413595199585,0.2382
cifar,iid,20,123,6,13,0.4374780058860779,-0.0013200044631958,0.1695616211745244,0.0020616211745244,1.0,0.0,0.7592666666666665,0.0666666666666664,,0.9456601986427796,-0.0015944992491327,0.0015944992491327,0.2382,0.3656319312893653,0.2417590257106494,0.1826671424882306,2.389413595199585,0.0068469047546386,0.0007999999999999,2.389413595199585,0.2382
cifar,iid,20,123,6,14,0.4374780058860779,-0.0090739727020263,0.1695616211745244,-0.0011700861425487,1.0,0.0,0.7592666666666665,0.032,,0.9456601986427796,0.0028508067484258,0.0028508067484258,0.2382,0.3656319312893653,0.2417590257106494,0.1826671424882306,2.389413595199585,0.001828908920288,0.0012,2.389413595199585,0.2382
cifar,iid,20,123,6,15,0.4374780058860779,-0.0059220194816589,0.1695616211745244,-0.0042439801434327,1.0,0.0,0.7592666666666665,0.0725555555555552,,0.9456601986427796,-0.0035874387660028,0.0035874387660028,0.2382,0.3656319312893653,0.2417590257106494,0.1826671424882306,2.389413595199585,-0.0050837993621826,-0.001,2.389413595199585,0.2382
cifar,iid,20,123,6,16,0.4374780058860779,0.0031279921531677,0.1695616211745244,-0.0033085194375516,1.0,0.0,0.7592666666666665,0.0653777777777775,,0.9456601986427796,-0.0019010289109051,0.0019010289109051,0.2382,0.3656319312893653,0.2417590257106494,0.1826671424882306,2.389413595199585,-0.0045413970947265,-0.0004,2.389413595199585,0.2382
cifar,iid,20,123,6,17,0.4374780058860779,7.987022399902344e-06,0.1695616211745244,-0.0037717121588088,1.0,0.0,0.7592666666666665,0.0111999999999998,,0.9456601986427796,-0.0018010751466551,0.0018010751466551,0.2382,0.3656319312893653,0.2417590257106494,0.1826671424882306,2.389413595199585,0.0025520324707031,0.0017999999999999,2.389413595199585,0.2382
cifar,iid,20,123,6,18,0.4374780058860779,0.0096319913864135,0.1695616211745244,-0.0033707096525432,1.0,0.0,0.7592666666666665,-0.0374444444444446,,0.9456601986427796,0.0024956147526445,0.0024956147526445,0.2382,0.3656319312893653,0.2417590257106494,0.1826671424882306,2.389413595199585,0.0032706260681152,0.0022,2.389413595199585,0.2382
cifar,iid,20,123,6,19,0.4374780058860779,-0.0014079809188842,0.1695616211745244,-0.0006331290371606,1.0,0.0,0.7592666666666665,0.0091111111111108,,0.9456601986427796,-0.0003352282435938,0.0003352282435938,0.2382,0.3656319312893653,0.2417590257106494,0.1826671424882306,2.389413595199585,0.0013878345489501,0.004,2.389413595199585,0.2382
cifar,iid,20,123,7,0,0.4334620237350464,0.0041940212249755,0.1436781609195402,-0.0016373266521615,0.9977862742017144,0.0002129925452608,0.7443777777777778,-0.0117555555555555,,0.9351536154285915,-0.0010487180545639,0.0010487180545639,0.313,0.6386818456063003,0.3167184027787483,0.2676486714241632,2.016393184661865,-0.0114095211029052,-0.002,2.016393184661865,0.313
cifar,iid,20,123,7,1,0.4334620237350464,-6.598234176635742e-05,0.1436781609195402,-0.0011094838681046,0.9977862742017144,0.0,0.7443777777777778,-0.0047777777777775,,0.9351536154285915,-0.0015493317467458,0.0015493317467458,0.313,0.6386818456063003,0.3167184027787483,0.2676486714241632,2.016393184661865,-0.0002415180206298,0.0014,2.016393184661865,0.313
cifar,iid,20,123,7,2,0.4334620237350464,-0.000137984752655,0.1436781609195402,-0.0041644786743684,0.9977862742017144,0.0,0.7443777777777778,-0.0142444444444442,,0.9351536154285915,-0.0006317778242216,0.0006317778242216,0.313,0.6386818456063003,0.3167184027787483,0.2676486714241632,2.016393184661865,-0.014430284500122,-0.0008,2.016393184661865,0.313
cifar,iid,20,123,7,3,0.4334620237350464,-0.0042960047721862,0.1436781609195402,0.0001804030720066,0.9977862742017144,0.0,0.7443777777777778,-0.068,,0.9351536154285915,-0.0004038453002352,0.0004038453002352,0.313,0.6386818456063003,0.3167184027787483,0.2676486714241632,2.016393184661865,0.0085082054138183,0.0021999999999999,2.016393184661865,0.313
cifar,iid,20,123,7,4,0.4334620237350464,-0.0077160000801086,0.1436781609195402,-0.0005650473598906,0.9977862742017144,0.0,0.7443777777777778,-0.0312222222222222,,0.9351536154285915,0.0025068459875129,0.0025068459875129,0.313,0.6386818456063003,0.3167184027787483,0.2676486714241632,2.016393184661865,0.0094375610351562,0.003,2.016393184661865,0.313
cifar,iid,20,123,7,5,0.4334620237350464,0.0016060471534729,0.1436781609195402,-0.0024609584167711,0.9977862742017144,0.0,0.7443777777777778,-0.0109333333333334,,0.9351536154285915,0.0023668567320213,0.0023668567320213,0.313,0.6386818456063003,0.3167184027787483,0.2676486714241632,2.016393184661865,0.0005021095275878,0.0011999999999999,2.016393184661865,0.313
cifar,iid,20,123,7,6,0.4334620237350464,-0.0099239945411682,0.1436781609195402,-0.004588848066339,0.9977862742017144,0.0004259850905218,0.7443777777777778,0.004677777777778,,0.9351536154285915,0.0023437419251979,0.0023437419251979,0.313,0.6386818456063003,0.3167184027787483,0.2676486714241632,2.016393184661865,0.0135908126831054,0.0028,2.016393184661865,0.313
cifar,iid,20,123,7,7,0.4334620237350464,0.0033940076828002,0.1436781609195402,0.0031718318056161,0.9977862742017144,0.0002129925452608,0.7443777777777778,0.0043111111111113,,0.9351536154285915,0.0034938640041479,0.0034938640041479,0.313,0.6386818456063003,0.3167184027787483,0.2676486714241632,2.016393184661865,-0.0058763027191162,-0.001,2.016393184661865,0.313
cifar,iid,20,123,7,8,0.4334620237350464,0.0078980326652526,0.1436781609195402,0.0035386555295592,0.9977862742017144,0.0,0.7443777777777778,-0.0101222222222223,,0.9351536154285915,-0.0023329201706449,0.0023329201706449,0.313,0.6386818456063003,0.3167184027787483,0.2676486714241632,2.016393184661865,-0.0095787048339843,-0.004,2.016393184661865,0.313
cifar,iid,20,123,7,9,0.4334620237350464,-0.002541959285736,0.1436781609195402,8.841732979658623e-05,0.9977862742017144,0.0004259850905218,0.7443777777777778,0.0149999999999999,,0.9351536154285915,0.0008255087583992,0.0008255087583992,0.313,0.6386818456063003,0.3167184027787483,0.2676486714241632,2.016393184661865,-2.47955322265625e-05,0.0001999999999999,2.016393184661865,0.313
cifar,iid,20,123,7,10,0.4334620237350464,-0.0048179626464843,0.1436781609195402,0.0033834780239604,0.9977862742017144,0.0,0.7443777777777778,0.0041777777777778,,0.9351536154285915,-0.0022714531837756,0.0022714531837756,0.313,0.6386818456063003,0.3167184027787483,0.2676486714241632,2.016393184661865,3.981590270996094e-05,0.0001999999999999,2.016393184661865,0.313
cifar,iid,20,123,7,11,0.4334620237350464,0.0023660063743591,0.1436781609195402,-0.0015447690167654,0.9977862742017144,0.0,0.7443777777777778,0.0516,,0.9351536154285915,-0.0008282496519148,0.0008282496519148,0.313,0.6386818456063003,0.3167184027787483,0.2676486714241632,2.016393184661865,0.0002996921539306,-0.0008,2.016393184661865,0.313
cifar,iid,20,123,7,12,0.4334620237350464,-0.0022580027580261,0.1436781609195402,0.0063724614376748,0.9977862742017144,0.0,0.7443777777777778,-0.0148666666666665,,0.9351536154285915,0.0025205884262551,0.0025205884262551,0.313,0.6386818456063003,0.3167184027787483,0.2676486714241632,2.016393184661865,0.0073261260986328,0.0021999999999999,2.016393184661865,0.313
cifar,iid,20,123,7,13,0.4334620237350464,0.0025400519371032,0.1436781609195402,0.0035629977717475,0.9977862742017144,0.0004259850905218,0.7443777777777778,0.0223333333333333,,0.9351536154285915,0.0035789405003834,0.0035789405003834,0.313,0.6386818456063003,0.3167184027787483,0.2676486714241632,2.016393184661865,0.0056545734405517,0.0001999999999999,2.016393184661865,0.313
cifar,iid,20,123,7,14,0.4334620237350464,-0.0130299925804138,0.1436781609195402,-0.0021150311164264,0.9977862742017144,0.0004259850905218,0.7443777777777778,0.0345666666666668,,0.9351536154285915,0.0038980095284876,0.0038980095284876,0.313,0.6386818456063003,0.3167184027787483,0.2676486714241632,2.016393184661865,0.0025751590728759,0.0028,2.016393184661865,0.313
cifar,iid,20,123,7,15,0.4334620237350464,-0.0034239888191223,0.1436781609195402,-0.0025392580251514,0.9977862742017144,0.0002129925452608,0.7443777777777778,0.0173111111111112,,0.9351536154285915,0.0025428857302247,0.0025428857302247,0.313,0.6386818456063003,0.3167184027787483,0.2676486714241632,2.016393184661865,-0.0032286643981933,0.0004,2.016393184661865,0.313
cifar,iid,20,123,7,16,0.4334620237350464,0.001550018787384,0.1436781609195402,-0.0019157088122605,0.9977862742017144,0.0,0.7443777777777778,-0.0192111111111108,,0.9351536154285915,-0.0001255090527236,0.0001255090527236,0.313,0.6386818456063003,0.3167184027787483,0.2676486714241632,2.016393184661865,-0.0034236907958984,-0.0018,2.016393184661865,0.313
cifar,iid,20,123,7,17,0.4334620237350464,-0.0011299848556518,0.1436781609195402,-0.0008305096006909,0.9977862742017144,0.0002129925452608,0.7443777777777778,0.0050888888888889,,0.9351536154285915,0.0018083524130109,0.0018083524130109,0.313,0.6386818456063003,0.3167184027787483,0.2676486714241632,2.016393184661865,0.0039563179016113,-0.0001999999999999,2.016393184661865,0.313
cifar,iid,20,123,7,18,0.4334620237350464,0.010450005531311,0.1436781609195402,0.0044537489678555,0.9977862742017144,0.0004259850905218,0.7443777777777778,0.0103999999999999,,0.9351536154285915,0.0010351266539663,0.0010351266539663,0.313,0.6386818456063003,0.3167184027787483,0.2676486714241632,2.016393184661865,-0.0011630058288574,0.0005999999999999,2.016393184661865,0.313
cifar,iid,20,123,7,19,0.4334620237350464,-0.0039419531822204,0.1436781609195402,-0.0047294823925616,0.9977862742017144,0.0004259850905218,0.7443777777777778,0.0137333333333331,,0.9351536154285915,0.0055085464347111,0.0055085464347111,0.313,0.6386818456063003,0.3167184027787483,0.2676486714241632,2.016393184661865,0.0030395984649658,0.002,2.016393184661865,0.313
cifar,iid,20,123,8,0,0.3839820027351379,0.0001460313796997,0.1260288065843621,-0.0001203251827471,0.9951395799507672,0.0004259850905218,0.7695333333333334,-0.0056222222222221,,0.945991855895705,0.000151362003204,0.000151362003204,0.3906,0.6199317678966976,0.3944357934606995,0.3705782119435231,1.6883527040481567,-0.0090726613998413,-0.003,1.6883527040481567,0.3906
cifar,iid,20,123,8,1,0.3839820027351379,-0.0031499862670898,0.1260288065843621,-0.0061728395061728,0.9951395799507672,0.0014909478168264,0.7695333333333334,0.0026888888888887,,0.945991855895705,0.0010537852107668,0.0010537852107668,0.3906,0.6199317678966976,0.3944357934606995,0.3705782119435231,1.6883527040481567,0.002639889717102,0.001,1.6883527040481567,0.3906
cifar,iid,20,123,8,2,0.3839820027351379,-0.0007719993591308,0.1260288065843621,-0.0044059760243335,0.9951395799507672,0.0008519701810436,0.7695333333333334,0.000177777777778,,0.945991855895705,-0.0023222992493389,0.0023222992493389,0.3906,0.6199317678966976,0.3944357934606995,0.3705782119435231,1.6883527040481567,-0.0094339847564697,-0.0014,1.6883527040481567,0.3906
cifar,iid,20,123,8,3,0.3839820027351379,0.0001839995384216,0.1260288065843621,-0.0002651892748511,0.9951395799507672,0.0002129925452608,0.7695333333333334,0.0225333333333335,,0.945991855895705,0.0070580568898086,0.0070580568898086,0.3906,0.6199317678966976,0.3944357934606995,0.3705782119435231,1.6883527040481567,0.0080733299255371,0.001,1.6883527040481567,0.3906
cifar,iid,20,123,8,4,0.3839820027351379,-0.0028799772262573,0.1260288065843621,-0.0008484590810962,0.9951395799507672,0.0004259850905218,0.7695333333333334,0.0168666666666668,,0.945991855895705,-0.0019987925827515,0.0019987925827515,0.3906,0.6199317678966976,0.3944357934606995,0.3705782119435231,1.6883527040481567,0.0080810785293579,0.003,1.6883527040481567,0.3906
cifar,iid,20,123,8,5,0.3839820027351379,0.0046139955520629,0.1260288065843621,-0.0038211675491092,0.9951395799507672,0.0006389776357828,0.7695333333333334,0.0294444444444443,,0.945991855895705,0.0014494124328454,0.0014494124328454,0.3906,0.6199317678966976,0.3944357934606995,0.3705782119435231,1.6883527040481567,0.0031664371490478,-0.0,1.6883527040481567,0.3906
cifar,iid,20,123,8,6,0.3839820027351379,-0.0118820071220397,0.1260288065843621,-0.0002049596494041,0.9951395799507672,-0.0006389776357828,0.7695333333333334,0.0095555555555555,,0.945991855895705,-0.0086661958113336,0.0086661958113336,0.3906,0.6199317678966976,0.3944357934606995,0.3705782119435231,1.6883527040481567,0.0085755586624145,0.0028,1.6883527040481567,0.3906
cifar,iid,20,123,8,7,0.3839820027351379,0.004688024520874,0.1260288065843621,7.266176029274707e-05,0.9951395799507672,-0.0037046736151119,0.7695333333333334,0.0486222222222223,,0.945991855895705,0.0053108168791018,0.0053108168791018,0.3906,0.6199317678966976,0.3944357934606995,0.3705782119435231,1.6883527040481567,-0.0096065998077392,-0.0028,1.6883527040481567,0.3906
cifar,iid,20,123,8,8,0.3839820027351379,0.0085880160331726,0.1260288065843621,-0.0033829581215202,0.9951395799507672,0.0006389776357828,0.7695333333333334,-0.0303333333333333,,0.945991855895705,0.0006757644157726,0.0006757644157726,0.3906,0.6199317678966976,0.3944357934606995,0.3705782119435231,1.6883527040481567,-0.0044267177581787,-0.0044,1.6883527040481567,0.3906
cifar,iid,20,123,8,9,0.3839820027351379,0.0039979815483093,0.1260288065843621,0.0040277856553166,0.9951395799507672,-0.0006389776357828,0.7695333333333334,0.016077777777778,,0.945991855895705,-0.0023675923341253,0.0023675923341253,0.3906,0.6199317678966976,0.3944357934606995,0.3705782119435231,1.6883527040481567,-0.0060404539108276,-0.0031999999999999,1.6883527040481567,0.3906
cifar,iid,20,123,8,10,0.3839820027351379,-0.0037299990653991,0.1260288065843621,0.0006418096803373,0.9951395799507672,0.0012779552715654,0.7695333333333334,-0.020933333333333,,0.945991855895705,0.0039357763189024,0.0039357763189024,0.3906,0.6199317678966976,0.3944357934606995,0.3705782119435231,1.6883527040481567,0.0010597705841064,0.0001999999999999,1.6883527040481567,0.3906
cifar,iid,20,123,8,11,0.3839820027351379,0.0020480155944824,0.1260288065843621,-0.0019381696798277,0.9951395799507672,-0.0039176661603729,0.7695333333333334,0.0080444444444442,,0.945991855895705,-0.0022396248840338,0.0022396248840338,0.3906,0.6199317678966976,0.3944357934606995,0.3705782119435231,1.6883527040481567,0.0031437873840332,0.0018,1.6883527040481567,0.3906
cifar,iid,20,123,8,12,0.3839820027351379,-0.0016359686851501,0.1260288065843621,-0.0034563728228141,0.9951395799507672,0.0,0.7695333333333334,-0.0099777777777778,,0.945991855895705,0.0010297436595089,0.0010297436595089,0.3906,0.6199317678966976,0.3944357934606995,0.3705782119435231,1.6883527040481567,0.0099941492080688,0.0038,1.6883527040481567,0.3906
cifar,iid,20,123,8,13,0.3839820027351379,0.0027620196342468,0.1260288065843621,0.004863162412583,0.9951395799507672,-0.0004259850905218,0.7695333333333334,-0.0277777777777776,,0.945991855895705,0.0004351456237503,0.0004351456237503,0.3906,0.6199317678966976,0.3944357934606995,0.3705782119435231,1.6883527040481567,0.0042002201080322,-0.0018,1.6883527040481567,0.3906
cifar,iid,20,123,8,14,0.3839820027351379,-0.0107979774475097,0.1260288065843621,-0.0011207504766072,0.9951395799507672,-0.0006389776357828,0.7695333333333334,0.0241111111111111,,0.945991855895705,0.0062899046347313,0.0062899046347313,0.3906,0.6199317678966976,0.3944357934606995,0.3705782119435231,1.6883527040481567,0.0064785480499267,0.0025999999999999,1.6883527040481567,0.3906
cifar,iid,20,123,8,15,0.3839820027351379,-0.0007240176200866,0.1260288065843621,-0.0014776201508563,0.9951395799507672,0.0012779552715654,0.7695333333333334,0.0196444444444445,,0.945991855895705,-0.0013779047314871,0.0013779047314871,0.3906,0.6199317678966976,0.3944357934606995,0.3705782119435231,1.6883527040481567,-0.0061941146850585,-0.0031999999999999,1.6883527040481567,0.3906
cifar,iid,20,123,8,16,0.3839820027351379,0.0007640123367309,0.1260288065843621,0.0001295260088225,0.9951395799507672,0.0002129925452608,0.7695333333333334,-0.0043555555555554,,0.945991855895705,0.0045976316336299,0.0045976316336299,0.3906,0.6199317678966976,0.3944357934606995,0.3705782119435231,1.6883527040481567,-0.0008701086044311,-0.0024,1.6883527040481567,0.3906
cifar,iid,20,123,8,17,0.3839820027351379,-0.0028640031814575,0.1260288065843621,0.0010933393670157,0.9951395799507672,-0.0002129925452609,0.7695333333333334,0.0239777777777778,,0.945991855895705,-0.0024936158686441,0.0024936158686441,0.3906,0.6199317678966976,0.3944357934606995,0.3705782119435231,1.6883527040481567,0.0044355392456054,-0.0008,1.6883527040481567,0.3906
cifar,iid,20,123,8,18,0.3839820027351379,0.0119680166244506,0.1260288065843621,0.0045382501780323,0.9951395799507672,-0.0010649627263046,0.7695333333333334,0.0116888888888888,,0.945991855895705,-0.0011726703877328,0.0011726703877328,0.3906,0.6199317678966976,0.3944357934606995,0.3705782119435231,1.6883527040481567,-0.0047085285186767,-0.0041999999999999,1.6883527040481567,0.3906
cifar,iid,20,123,8,19,0.3839820027351379,-0.0069779753684997,0.1260288065843621,0.0007721330730684,0.9951395799507672,-0.0002129925452609,0.7695333333333334,0.0305999999999999,,0.945991855895705,-0.0012579494456571,0.0012579494456571,0.3906,0.6199317678966976,0.3944357934606995,0.3705782119435231,1.6883527040481567,0.0032888650894165,-0.0,1.6883527040481567,0.3906
cifar,iid,20,123,9,0,0.3500419855117798,-0.0038620233535766,0.110916264796142,0.0002890870957935,0.9955585816791496,0.0006389776357828,0.6747333333333334,0.0135888888888888,,0.9492997838374254,0.001467195138001,0.001467195138001,0.4626,0.6264608670167082,0.46646857639964,0.4551850407184837,1.4828168153762815,-0.0120719671249389,-0.0037999999999999,1.4828168153762815,0.4626
cifar,iid,20,123,9,1,0.3500419855117798,-0.0035040378570556,0.110916264796142,-0.0035841772905069,0.9955585816791496,0.0029818956336528,0.6747333333333334,0.0596222222222224,,0.9492997838374254,0.004216655293488,0.004216655293488,0.4626,0.6264608670167082,0.46646857639964,0.4551850407184837,1.4828168153762815,0.0033148527145385,0.0008,1.4828168153762815,0.4626
cifar,iid,20,123,9,2,0.3500419855117798,-0.0075600147247314,0.110916264796142,-0.0052099402871182,0.9955585816791496,0.0004259850905218,0.6747333333333334,0.0405444444444444,,0.9492997838374254,0.0001190174577431,0.0001190174577431,0.4626,0.6264608670167082,0.46646857639964,0.4551850407184837,1.4828168153762815,-0.0031477212905883,-0.0005999999999999,1.4828168153762815,0.4626
cifar,iid,20,123,9,3,0.3500419855117798,0.0044119954109191,0.110916264796142,-0.0008822327734558,0.9955585816791496,0.003704673615112,0.6747333333333334,0.0165555555555556,,0.9492997838374254,0.0060339794947887,0.0060339794947887,0.4626,0.6264608670167082,0.46646857639964,0.4551850407184837,1.4828168153762815,0.0037131309509277,0.0034,1.4828168153762815,0.4626
cifar,iid,20,123,9,4,0.3500419855117798,-0.000618040561676,0.110916264796142,-4.7484098641303873e-05,0.9955585816791496,0.0014909478168264,0.6747333333333334,0.0265999999999999,,0.9492997838374254,0.0037344492922769,0.0037344492922769,0.4626,0.6264608670167082,0.46646857639964,0.4551850407184837,1.4828168153762815,0.0068790912628173,0.0034,1.4828168153762815,0.4626
cifar,iid,20,123,9,5,0.3500419855117798,1.4007091522216795e-05,0.110916264796142,-0.0027000039925405,0.9955585816791496,0.0017039403620873,0.6747333333333334,0.1152333333333335,,0.9492997838374254,-0.0006419595904271,0.0006419595904271,0.4626,0.6264608670167082,0.46646857639964,0.4551850407184837,1.4828168153762815,0.0034363269805908,0.0042,1.4828168153762815,0.4626
cifar,iid,20,123,9,6,0.3500419855117798,-0.0013400316238403,0.110916264796142,-0.0034715814951895,0.9955585816791496,0.0013617556172419,0.6747333333333334,0.070688888888889,,0.9492997838374254,0.0026517518613627,0.0026517518613627,0.4626,0.6264608670167082,0.46646857639964,0.4551850407184837,1.4828168153762815,0.0064964294433593,0.004,1.4828168153762815,0.4626
cifar,iid,20,123,9,7,0.3500419855117798,0.0029659867286682,0.110916264796142,0.0020400076907638,0.9955585816791496,-0.0006389776357826,0.6747333333333334,0.0898444444444446,,0.9492997838374254,-0.0033106843254205,0.0033106843254205,0.4626,0.6264608670167082,0.46646857639964,0.4551850407184837,1.4828168153762815,-0.0093144178390502,-0.0011999999999999,1.4828168153762815,0.4626
cifar,iid,20,123,9,8,0.3500419855117798,-0.0009940266609191,0.110916264796142,-0.0015617668383043,0.9955585816791496,0.0012779552715654,0.6747333333333334,0.041422222222222,,0.9492997838374254,-0.0008569949678388,0.0008569949678388,0.4626,0.6264608670167082,0.46646857639964,0.4551850407184837,1.4828168153762815,-0.001339316368103,-0.0007999999999999,1.4828168153762815,0.4626
cifar,iid,20,123,9,9,0.3500419855117798,0.0019260048866271,0.110916264796142,0.0041624521599764,0.9955585816791496,0.0015747481625029,0.6747333333333334,0.0473111111111113,,0.9492997838374254,0.0002066361304757,0.0002066361304757,0.4626,0.6264608670167082,0.46646857639964,0.4551850407184837,1.4828168153762815,-0.0090340375900268,-0.0047999999999999,1.4828168153762815,0.4626
cifar,iid,20,123,9,10,0.3500419855117798,0.0005879998207092,0.110916264796142,0.0032576214701026,0.9955585816791496,0.0017039403620873,0.6747333333333334,0.0510111111111111,,0.9492997838374254,0.0007267243942112,0.0007267243942112,0.4626,0.6264608670167082,0.46646857639964,0.4551850407184837,1.4828168153762815,-0.000807762145996,-0.0005999999999999,1.4828168153762815,0.4626
cifar,iid,20,123,9,11,0.3500419855117798,-0.0023120045661926,0.110916264796142,-0.0040569972359435,0.9955585816791496,-0.0004259850905218,0.6747333333333334,0.0378,,0.9492997838374254,0.0031156619535653,0.0031156619535653,0.4626,0.6264608670167082,0.46646857639964,0.4551850407184837,1.4828168153762815,0.009160041809082,0.0032,1.4828168153762815,0.4626
cifar,iid,20,123,9,12,0.3500419855117798,-0.0027220249176025,0.110916264796142,0.0007430084656222,0.9955585816791496,0.003491681069851,0.6747333333333334,0.0024444444444444,,0.9492997838374254,0.0062933174836405,0.0062933174836405,0.4626,0.6264608670167082,0.46646857639964,0.4551850407184837,1.4828168153762815,0.0147998332977294,0.0044,1.4828168153762815,0.4626
cifar,iid,20,123,9,13,0.3500419855117798,0.0026099681854248,0.110916264796142,0.0017057384803526,0.9955585816791496,0.0057054068681366,0.6747333333333334,-0.0185777777777775,,0.9492997838374254,0.0037049444530991,0.0037049444530991,0.4626,0.6264608670167082,0.46646857639964,0.4551850407184837,1.4828168153762815,0.0052417516708374,0.0008,1.4828168153762815,0.4626
cifar,iid,20,123,9,14,0.3500419855117798,-0.0066820383071899,0.110916264796142,-0.0018590656003337,0.9955585816791496,0.004640444141832,0.6747333333333334,0.0691444444444444,,0.9492997838374254,-0.0002731830510781,0.0002731830510781,0.4626,0.6264608670167082,0.46646857639964,0.4551850407184837,1.4828168153762815,0.0040779113769531,0.0024,1.4828168153762815,0.4626
cifar,iid,20,123,9,15,0.3500419855117798,-0.0037320256233215,0.110916264796142,-0.0016000893250964,0.9955585816791496,0.0027689030883919,0.6747333333333334,0.0791333333333335,,0.9492997838374254,0.0034419509014133,0.0034419509014133,0.4626,0.6264608670167082,0.46646857639964,0.4551850407184837,1.4828168153762815,-0.007375955581665,-0.0025999999999999,1.4828168153762815,0.4626
cifar,iid,20,123,9,16,0.3500419855117798,-0.0007780194282531,0.110916264796142,0.0028199847086146,0.9955585816791496,0.0020007332530247,0.6747333333333334,0.0918000000000001,,0.9492997838374254,0.0029603009820128,0.0029603009820128,0.4626,0.6264608670167082,0.46646857639964,0.4551850407184837,1.4828168153762815,0.0007077455520629,0.0004,1.4828168153762815,0.4626
cifar,iid,20,123,9,17,0.3500419855117798,-0.0011579990386962,0.110916264796142,-0.0012788571550774,0.9955585816791496,-0.0008519701810436,0.6747333333333334,0.0640333333333333,,0.9492997838374254,0.0028708351076011,0.0028708351076011,0.4626,0.6264608670167082,0.46646857639964,0.4551850407184837,1.4828168153762815,0.0102025270462036,0.0054,1.4828168153762815,0.4626
cifar,iid,20,123,9,18,0.3500419855117798,0.005433976650238,0.110916264796142,0.0035072336694431,0.9955585816791496,0.001148763071981,0.6747333333333334,0.0530777777777777,,0.9492997838374254,0.0004898282677942,0.0004898282677942,0.4626,0.6264608670167082,0.46646857639964,0.4551850407184837,1.4828168153762815,-0.0053282976150512,-0.0047999999999999,1.4828168153762815,0.4626
cifar,iid,20,123,9,19,0.3500419855117798,-0.0063660144805908,0.110916264796142,-0.0038953040031568,0.9955585816791496,-0.0017039403620873,0.6747333333333334,-0.016333333333333,,0.9492997838374254,0.0001133500230477,0.0001133500230477,0.4626,0.6264608670167082,0.46646857639964,0.4551850407184837,1.4828168153762815,-0.0006994009017944,0.0012,1.4828168153762815,0.4626
cifar,iid,20,123,10,0,0.3629559874534607,-0.0048480033874511,0.0992676973148901,-8.830016299588017e-06,0.9936800572635696,-0.0015747481625028,0.5845333333333331,-0.1016000000000001,,0.9470926519097776,0.0035060177304958,0.0035060177304958,0.5004,0.6299729864767626,0.5046192662373336,0.4922424697815358,1.391396403312683,-0.0095893144607543,-0.0042,1.391396403312683,0.5004
cifar,iid,20,123,10,1,0.3629559874534607,0.0007539987564086,0.0992676973148901,0.0017564774046494,0.9936800572635696,0.0007681698353672,0.5845333333333331,-0.0024888888888892,,0.9470926519097776,0.0027530663092838,0.0027530663092838,0.5004,0.6299729864767626,0.5046192662373336,0.4922424697815358,1.391396403312683,0.0083903074264526,0.0025999999999999,1.391396403312683,0.5004
cifar,iid,20,123,10,2,0.3629559874534607,-0.0017940402030944,0.0992676973148901,-0.0045020635282391,0.9936800572635696,0.0,0.5845333333333331,-0.0222444444444447,,0.9470926519097776,-0.0010506715041143,0.0010506715041143,0.5004,0.6299729864767626,0.5046192662373336,0.4922424697815358,1.391396403312683,-0.0022252798080444,-0.0016,1.391396403312683,0.5004
cifar,iid,20,123,10,3,0.3629559874534607,0.0057979822158813,0.0992676973148901,0.0024410089503661,0.9936800572635696,0.0002129925452609,0.5845333333333331,-0.059066666666667,,0.9470926519097776,0.0014348251396095,0.0014348251396095,0.5004,0.6299729864767626,0.5046192662373336,0.4922424697815358,1.391396403312683,0.0051681995391845,0.0029999999999999,1.391396403312683,0.5004
cifar,iid,20,123,10,4,0.3629559874534607,0.0031319856643676,0.0992676973148901,0.0037598057730042,0.9936800572635696,-0.0015747481625028,0.5845333333333331,-0.0138222222222226,,0.9470926519097776,0.0005816678352182,0.0005816678352182,0.5004,0.6299729864767626,0.5046192662373336,0.4922424697815358,1.391396403312683,-0.0022646188735961,-0.0,1.391396403312683,0.5004
cifar,iid,20,123,10,5,0.3629559874534607,-0.0005820393562316,0.0992676973148901,-0.0036615134255492,0.9936800572635696,0.0006389776357828,0.5845333333333331,-0.0389555555555556,,0.9470926519097776,-0.0005101191768361,0.0005101191768361,0.5004,0.6299729864767626,0.5046192662373336,0.4922424697815358,1.391396403312683,0.0035796165466308,-0.0032,1.391396403312683,0.5004
cifar,iid,20,123,10,6,0.3629559874534607,0.0069760084152221,0.0992676973148901,0.004377186365985,0.9936800572635696,-0.0017039403620873,0.5845333333333331,-0.0851111111111113,,0.9470926519097776,-0.003824736169402,0.003824736169402,0.5004,0.6299729864767626,0.5046192662373336,0.4922424697815358,1.391396403312683,0.003490924835205,0.0039999999999999,1.391396403312683,0.5004
cifar,iid,20,123,10,7,0.3629559874534607,0.0049999952316284,0.0992676973148901,0.0005569801513124,0.9936800572635696,-0.0008519701810436,0.5845333333333331,-0.036488888888889,,0.9470926519097776,-0.0029542718307643,0.0029542718307643,0.5004,0.6299729864767626,0.5046192662373336,0.4922424697815358,1.391396403312683,-0.0127911567687988,-0.003,1.391396403312683,0.5004
cifar,iid,20,123,10,8,0.3629559874534607,-0.0063480138778686,0.0992676973148901,-0.0023649557463343,0.9936800572635696,-0.0009357705267201,0.5845333333333331,-0.0434666666666669,,0.9470926519097776,0.0005478844482169,0.0005478844482169,0.5004,0.6299729864767626,0.5046192662373336,0.4922424697815358,1.391396403312683,0.0067627429962158,0.0021999999999999,1.391396403312683,0.5004
cifar,iid,20,123,10,9,0.3629559874534607,0.0059639811515808,0.0992676973148901,0.0045859890151318,0.9936800572635696,-0.0012779552715654,0.5845333333333331,-0.0212666666666667,,0.9470926519097776,-0.0003191260492293,0.0003191260492293,0.5004,0.6299729864767626,0.5046192662373336,0.4922424697815358,1.391396403312683,-0.0081909894943237,-0.0024,1.391396403312683,0.5004
cifar,iid,20,123,10,10,0.3629559874534607,0.0031999945640563,0.0992676973148901,0.0035661563578747,0.9936800572635696,-0.0017877407077637,0.5845333333333331,-0.0420444444444445,,0.9470926519097776,0.0041202174402936,0.0041202174402936,0.5004,0.6299729864767626,0.5046192662373336,0.4922424697815358,1.391396403312683,-0.0063089132308959,-0.0016,1.391396403312683,0.5004
cifar,iid,20,123,10,11,0.3629559874534607,-0.0007939934730529,0.0992676973148901,0.0021763413132515,0.9936800572635696,-0.0004259850905218,0.5845333333333331,0.0367333333333332,,0.9470926519097776,0.0042644984344232,0.0042644984344232,0.5004,0.6299729864767626,0.5046192662373336,0.4922424697815358,1.391396403312683,0.0116194486618042,0.0065999999999999,1.391396403312683,0.5004
cifar,iid,20,123,10,12,0.3629559874534607,0.0021659731864929,0.0992676973148901,0.0057867625055421,0.9936800572635696,-0.0030656959793292,0.5845333333333331,-0.0265333333333335,,0.9470926519097776,0.0011963188684321,0.0011963188684321,0.5004,0.6299729864767626,0.5046192662373336,0.4922424697815358,1.391396403312683,0.0151053667068481,0.0055999999999999,1.391396403312683,0.5004
cifar,iid,20,123,10,13,0.3629559874534607,0.0039319992065429,0.0992676973148901,0.0035273322033282,0.9936800572635696,-0.0004259850905218,0.5845333333333331,-0.0372666666666667,,0.9470926519097776,0.0024549219239133,0.0024549219239133,0.5004,0.6299729864767626,0.5046192662373336,0.4922424697815358,1.391396403312683,0.0066962242126464,0.0021999999999999,1.391396403312683,0.5004
cifar,iid,20,123,10,14,0.3629559874534607,0.0014159679412841,0.0992676973148901,0.0016177783521672,0.9936800572635696,0.0015747481625028,0.5845333333333331,-0.0420222222222224,,0.9470926519097776,0.0024532601164489,0.0024532601164489,0.5004,0.6299729864767626,0.5046192662373336,0.4922424697815358,1.391396403312683,-0.0001029968261718,0.0021999999999999,1.391396403312683,0.5004
cifar,iid,20,123,10,15,0.3629559874534607,-0.0028420090675354,0.0992676973148901,0.0009925268375535,0.9936800572635696,-0.0005097854361982,0.5845333333333331,-0.016177777777778,,0.9470926519097776,-0.0032546762836046,0.0032546762836046,0.5004,0.6299729864767626,0.5046192662373336,0.4922424697815358,1.391396403312683,-0.007516860961914,-0.0032,1.391396403312683,0.5004
cifar,iid,20,123,10,16,0.3629559874534607,0.0005399584770202,0.0992676973148901,0.0014503973957309,0.9936800572635696,-0.0004259850905218,0.5845333333333331,-0.1103555555555557,,0.9470926519097776,0.0010972770586322,0.0010972770586322,0.5004,0.6299729864767626,0.5046192662373336,0.4922424697815358,1.391396403312683,0.0038994550704956,-0.0004,1.391396403312683,0.5004
cifar,iid,20,123,10,17,0.3629559874534607,0.0025680065155029,0.0992676973148901,0.0024016004487933,0.9936800572635696,0.0,0.5845333333333331,-0.0554000000000001,,0.9470926519097776,0.0023509956948069,0.0023509956948069,0.5004,0.6299729864767626,0.5046192662373336,0.4922424697815358,1.391396403312683,0.0107120275497436,0.0031999999999999,1.391396403312683,0.5004
cifar,iid,20,123,10,18,0.3629559874534607,0.005511999130249,0.0992676973148901,0.0033939109071231,0.9936800572635696,-0.0019169329073481,0.5845333333333331,-0.0415111111111112,,0.9470926519097776,0.0028381264842022,0.0028381264842022,0.5004,0.6299729864767626,0.5046192662373336,0.4922424697815358,1.391396403312683,-0.0006296634674072,-0.0018,1.391396403312683,0.5004
cifar,iid,20,123,10,19,0.3629559874534607,-0.0033420324325561,0.0992676973148901,-0.003524694429343,0.9936800572635696,-0.0006389776357826,0.5845333333333331,-0.050688888888889,,0.9470926519097776,-0.0032180222992277,0.0032180222992277,0.5004,0.6299729864767626,0.5046192662373336,0.4922424697815358,1.391396403312683,-0.0012788772583007,0.0003999999999999,1.391396403312683,0.5004
cifar,iid,4,123,1,0,0.6401360034942627,0.0463479757308959,0.6995447647951442,0.1468455360033703,1.0,0.0,0.8418444444444444,0.0053111111111112,,0.9800209372351754,0.0162428589964251,0.0162428589964251,0.132,0.2853927023141588,0.1348005956924241,0.0727222719284279,2.824450731277466,-0.036107063293457,-0.0235999999999999,2.824450731277466,0.132
cifar,iid,4,123,1,1,0.6401360034942627,-0.1346939802169799,0.6995447647951442,-0.0680834403330609,1.0,0.0,0.8418444444444444,-0.0022666666666666,,0.9800209372351754,-0.0032606813202109,0.0032606813202109,0.132,0.2853927023141588,0.1348005956924241,0.0727222719284279,2.824450731277466,0.0600242614746093,0.0072,2.824450731277466,0.132
cifar,iid,4,123,1,2,0.6401360034942627,-0.0676699876785278,0.6995447647951442,-0.0951260815998401,1.0,0.0,0.8418444444444444,-0.0503111111111111,,0.9800209372351754,-0.0079372664921211,0.0079372664921211,0.132,0.2853927023141588,0.1348005956924241,0.0727222719284279,2.824450731277466,-0.0299689769744873,0.0044,2.824450731277466,0.132
cifar,iid,4,123,1,3,0.6401360034942627,0.0081579685211181,0.6995447647951442,0.115522726227651,1.0,0.0,0.8418444444444444,-0.0386444444444444,,0.9800209372351754,0.0200863070298964,0.0200863070298964,0.132,0.2853927023141588,0.1348005956924241,0.0727222719284279,2.824450731277466,-0.0458521842956543,-0.0131999999999999,2.824450731277466,0.132
cifar,iid,4,123,2,0,0.3766040205955505,-0.031029999256134,0.209703947368421,-0.0006910630265893,0.9852895476527174,0.0031948881789136,0.5788666666666669,0.0160000000000004,,0.9378647708534412,0.0152646203038019,0.0152646203038019,0.5016,0.5982193774001582,0.5056801047764232,0.4973472816856219,1.3723591566085815,0.0198209285736084,0.0102,1.3723591566085815,0.5016
cifar,iid,4,123,2,1,0.3766040205955505,0.0192800164222717,0.209703947368421,0.0166788054381695,0.9852895476527174,-0.0043436512508947,0.5788666666666669,-0.1357777777777775,,0.9378647708534412,0.006354255012641,0.006354255012641,0.5016,0.5982193774001582,0.5056801047764232,0.4973472816856219,1.3723591566085815,0.0143940448760986,-0.0033999999999999,1.3723591566085815,0.5016
cifar,iid,4,123,2,2,0.3766040205955505,-0.0013279914855957,0.209703947368421,-0.0025582090797819,0.9852895476527174,-0.005111821086262,0.5788666666666669,-0.0637999999999998,,0.9378647708534412,-0.0107128443302616,0.0107128443302616,0.5016,0.5982193774001582,0.5056801047764232,0.4973472816856219,1.3723591566085815,0.0328289270401001,0.0124,1.3723591566085815,0.5016
cifar,iid,4,123,2,3,0.3766040205955505,-0.0270599722862243,0.209703947368421,-0.0032285073268013,0.9852895476527174,0.0081775170655912,0.5788666666666669,-0.0945999999999998,,0.9378647708534412,0.0080754159995072,0.0080754159995072,0.5016,0.5982193774001582,0.5056801047764232,0.4973472816856219,1.3723591566085815,-0.0004341602325439,0.003,1.3723591566085815,0.5016
cifar,iid,4,123,3,0,0.3892760276794433,-0.0131759643554687,0.1623563218390804,0.019757043860741,0.9870703049983416,0.0017039403620873,0.6662444444444444,-0.1102666666666667,,0.960917357861002,0.0077824517069725,0.0077824517069725,0.5672,0.6340893279103456,0.5708534393680968,0.5551062955134145,1.1871438026428225,0.0025175809860229,-0.0027999999999999,1.1871438026428225,0.5672
cifar,iid,4,123,3,1,0.3892760276794433,0.0003080368041992,0.1623563218390804,0.0043670938318991,0.9870703049983416,0.0066027689030884,0.6662444444444444,-0.1481555555555556,,0.960917357861002,0.0206413546427839,0.0206413546427839,0.5672,0.6340893279103456,0.5708534393680968,0.5551062955134145,1.1871438026428225,0.0028661489486694,0.001,1.1871438026428225,0.5672
cifar,iid,4,123,3,2,0.3892760276794433,0.0022440552711486,0.1623563218390804,-0.0018170575241723,0.9870703049983416,-0.0020077166151643,0.6662444444444444,-0.0254666666666667,,0.960917357861002,-0.0056120346558014,0.0056120346558014,0.5672,0.6340893279103456,0.5708534393680968,0.5551062955134145,1.1871438026428225,0.0659517049789428,0.0282,1.1871438026428225,0.5672
cifar,iid,4,123,3,3,0.3892760276794433,-0.0294419527053833,0.1623563218390804,-0.0023960112549612,0.9870703049983416,0.0030272874875608,0.6662444444444444,-0.1234444444444446,,0.960917357861002,0.0192744073821229,0.0192744073821229,0.5672,0.6340893279103456,0.5708534393680968,0.5551062955134145,1.1871438026428225,0.0376657247543334,0.0101999999999999,1.1871438026428225,0.5672
cifar,iid,4,123,4,0,0.3728520274162292,-0.0048699975013732,0.1054177545691905,0.0124562671853923,0.9877476911258926,-0.0055378061767837,0.5830888888888888,-0.1139555555555555,,0.9587345356817693,0.0078163559562828,0.0078163559562828,0.5742,0.6552316558747227,0.5775976395406466,0.562582664352959,1.1710442304611206,0.0302332639694213,0.0096,1.1710442304611206,0.5742
cifar,iid,4,123,4,1,0.3728520274162292,-0.0007619857788085,0.1054177545691905,0.0023894464717579,0.9877476911258926,0.0046020356500636,0.5830888888888888,-0.1033555555555558,,0.9587345356817693,-0.0007335456253815,0.0007335456253815,0.5742,0.6552316558747227,0.5775976395406466,0.562582664352959,1.1710442304611206,-0.0322215557098388,-0.0131999999999999,1.1710442304611206,0.5742
cifar,iid,4,123,4,2,0.3728520274162292,-0.0065099596977233,0.1054177545691905,-0.0039995896042511,0.9877476911258926,-0.0030726793414689,0.5830888888888888,-0.1111111111111111,,0.9587345356817693,-0.0038662819755245,0.0038662819755245,0.5742,0.6552316558747227,0.5775976395406466,0.562582664352959,1.1710442304611206,0.0825288295745849,0.0288,1.1710442304611206,0.5742
cifar,iid,4,123,4,3,0.3728520274162292,-0.0199319720268249,0.1054177545691905,0.0095228448811773,0.9877476911258926,0.0093716719914802,0.5830888888888888,0.0007777777777777,,0.9587345356817693,0.0038920699477019,0.0038920699477019,0.5742,0.6552316558747227,0.5775976395406466,0.562582664352959,1.1710442304611206,0.0170710086822509,0.0008,1.1710442304611206,0.5742
cifar,iid,4,123,5,0,0.3797280192375183,-0.0089240074157714,0.0876412187606984,0.0044220406785066,0.9791441889697796,-0.0079645245203302,0.6635555555555552,-0.0412888888888891,,0.9507877281201826,0.0114989545145405,0.0114989545145405,0.5826,0.6616436291060481,0.585369745100546,0.5709468336483491,1.1582214832305908,0.0003049373626708,0.001,1.1582214832305908,0.5826
cifar,iid,4,123,5,1,0.3797280192375183,-0.0069419741630554,0.0876412187606984,0.0013102835088998,0.9791441889697796,0.0013233471254735,0.6635555555555552,-0.0662222222222226,,0.9507877281201826,-0.0028837053718888,0.0028837053718888,0.5826,0.6616436291060481,0.585369745100546,0.5709468336483491,1.1582214832305908,-0.0325524806976318,-0.0091999999999999,1.1582214832305908,0.5826
cifar,iid,4,123,5,2,0.3797280192375183,-0.0241720080375671,0.0876412187606984,-0.0125077015669262,0.9791441889697796,-0.0057961905759528,0.6635555555555552,0.0256888888888886,,0.9507877281201826,-0.0053659925331939,0.0053659925331939,0.5826,0.6616436291060481,0.585369745100546,0.5709468336483491,1.1582214832305908,0.1304454803466797,0.0368,1.1582214832305908,0.5826
cifar,iid,4,123,5,3,0.3797280192375183,-0.0091339945793151,0.0876412187606984,0.0062899605738663,0.9791441889697796,-0.0013617556172419,0.6635555555555552,-0.0036666666666669,,0.9507877281201826,-0.0024084059936062,0.0024084059936062,0.5826,0.6616436291060481,0.585369745100546,0.5709468336483491,1.1582214832305908,0.0390276908874511,0.0048,1.1582214832305908,0.5826
cifar,iid,4,123,6,0,0.4078800082206726,-0.0048800110816955,0.0652322404371584,0.0110867243627084,0.9883866687616754,-0.0020077166151643,0.7592222222222222,0.0270666666666665,,0.9542465474223272,0.0132837006784566,0.0132837006784566,0.5976,0.6739401306159525,0.6008490374242078,0.588249837178367,1.1217352151870728,0.0554560422897338,0.0101999999999999,1.1217352151870728,0.5976
cifar,iid,4,123,6,1,0.4078800082206726,-0.0164039731025695,0.0652322404371584,0.0102977147265228,0.9883866687616754,0.0124373679708096,0.7592222222222222,0.0893777777777775,,0.9542465474223272,0.0081724620533517,0.0081724620533517,0.5976,0.6739401306159525,0.6008490374242078,0.588249837178367,1.1217352151870728,-0.0436489582061767,-0.0113999999999999,1.1217352151870728,0.5976
cifar,iid,4,123,6,2,0.4078800082206726,-0.0412819981575012,0.0652322404371584,-0.0180359378271104,0.9883866687616754,0.002297526143962,0.7592222222222222,0.0516,,0.9542465474223272,0.0003866493028376,0.0003866493028376,0.5976,0.6739401306159525,0.6008490374242078,0.588249837178367,1.1217352151870728,0.0339808464050293,0.0066,1.1217352151870728,0.5976
cifar,iid,4,123,6,3,0.4078800082206726,-0.0081039667129516,0.0652322404371584,0.0045326519597922,0.9883866687616754,0.0095846645367412,0.7592222222222222,0.2208444444444444,,0.9542465474223272,0.004691153224788,0.004691153224788,0.5976,0.6739401306159525,0.6008490374242078,0.588249837178367,1.1217352151870728,0.0772174596786499,0.0068,1.1217352151870728,0.5976
cifar,iid,4,123,7,0,0.4039239883422851,0.0047399997711181,0.0603937270603937,0.0101668962113982,0.9883866687616754,0.0028911119258367,0.5882000000000001,0.025322222222222,,0.9515635979680276,-0.005534782835354,0.005534782835354,0.598,0.6897152972664236,0.6010778077282876,0.586837890392537,1.19107186794281,0.0577507019042968,0.0177999999999999,1.19107186794281,0.598
cifar,iid,4,123,7,1,0.4039239883422851,-0.0188100337982177,0.0603937270603937,0.0096418473611455,0.9883866687616754,0.0023429179978701,0.5882000000000001,-0.0287777777777777,,0.9515635979680276,0.0022422409420753,0.0022422409420753,0.598,0.6897152972664236,0.6010778077282876,0.586837890392537,1.19107186794281,-0.1543445587158203,-0.034,1.19107186794281,0.598
cifar,iid,4,123,7,2,0.4039239883422851,-0.0254480242729187,0.0603937270603937,-0.0065919188726206,0.9883866687616754,0.0013617556172419,0.5882000000000001,-0.0503777777777778,,0.9515635979680276,-0.0057049988850791,0.0057049988850791,0.598,0.6897152972664236,0.6010778077282876,0.586837890392537,1.19107186794281,0.1823657751083374,0.0435999999999999,1.19107186794281,0.598
cifar,iid,4,123,7,3,0.4039239883422851,-0.0159739851951599,0.0603937270603937,-0.0045506575825915,0.9883866687616754,0.0097138567363257,0.5882000000000001,-0.0556444444444443,,0.9515635979680276,0.0016010831180377,0.0016010831180377,0.598,0.6897152972664236,0.6010778077282876,0.586837890392537,1.19107186794281,0.1834937334060669,0.0393999999999999,1.19107186794281,0.598
cifar,iid,4,123,8,0,0.3873760104179382,0.0015560388565063,0.041969075418113,-0.0001394710572456,0.9919691335393426,0.0059114160512578,0.6091666666666669,-0.0780555555555553,,0.9615112747118394,0.0078071301241193,0.0078071301241193,0.5992,0.6765614208240198,0.6016678953739311,0.5926627542673668,1.1858519315719604,0.0292603969573974,-0.0016,1.1858519315719604,0.5992
cifar,iid,4,123,8,1,0.3873760104179382,-0.0450279712677001,0.041969075418113,0.0029641614131989,0.9919691335393426,0.0063059760121511,0.6091666666666669,0.0151777777777779,,0.9615112747118394,0.0059395576092503,0.0059395576092503,0.5992,0.6765614208240198,0.6016678953739311,0.5926627542673668,1.1858519315719604,-0.1420791149139404,-0.0322,1.1858519315719604,0.5992
cifar,iid,4,123,8,2,0.3873760104179382,-0.0171560049057006,0.041969075418113,-0.0011046668286134,0.9919691335393426,-0.0070287539936101,0.6091666666666669,-0.0462333333333333,,0.9615112747118394,0.0014804336204046,0.0014804336204046,0.5992,0.6765614208240198,0.6016678953739311,0.5926627542673668,1.1858519315719604,0.1854588985443115,0.0429999999999999,1.1858519315719604,0.5992
cifar,iid,4,123,8,3,0.3873760104179382,-0.0106359720230102,0.041969075418113,-0.0015979769984969,0.9919691335393426,0.0061383753207981,0.6091666666666669,0.0445888888888892,,0.9615112747118394,-0.0003245174627914,0.0003245174627914,0.5992,0.6765614208240198,0.6016678953739311,0.5926627542673668,1.1858519315719604,0.2468613386154174,0.0484,1.1858519315719604,0.5992
cifar,iid,4,123,9,0,0.4104660153388977,-0.0048379898071289,0.0450677592184053,-0.0031596441670944,0.9952024302100246,0.0028073115801603,0.6692444444444443,-0.0234111111111112,,0.9630329505010332,-0.0026683177503686,0.0026683177503686,0.6202,0.6759819537218054,0.623662162220187,0.609478009080601,1.120328068733215,0.1480554342269897,0.0285999999999999,1.120328068733215,0.6202
cifar,iid,4,123,9,1,0.4104660153388977,0.0016760230064392,0.0450677592184053,0.0053948337187081,0.9952024302100246,0.0027304945966235,0.6692444444444443,0.0772111111111109,,0.9630329505010332,0.0006144734649974,0.0006144734649974,0.6202,0.6759819537218054,0.623662162220187,0.609478009080601,1.120328068733215,-0.07958984375,-0.0213999999999999,1.120328068733215,0.6202
cifar,iid,4,123,9,2,0.4104660153388977,-0.022267997264862,0.0450677592184053,0.0030008496456991,0.9952024302100246,0.0048918451788614,0.6692444444444443,-0.0045555555555556,,0.9630329505010332,0.0072480539931962,0.0072480539931962,0.6202,0.6759819537218054,0.623662162220187,0.609478009080601,1.120328068733215,0.1272950172424316,0.03,1.120328068733215,0.6202
cifar,iid,4,123,9,3,0.4104660153388977,-0.0016859769821166,0.0450677592184053,0.004048903776791,0.9952024302100246,0.0129471534070078,0.6692444444444443,0.0601777777777778,,0.9630329505010332,0.0156297306215448,0.0156297306215448,0.6202,0.6759819537218054,0.623662162220187,0.609478009080601,1.120328068733215,0.1156251430511474,0.0221999999999999,1.120328068733215,0.6202
cifar,iid,4,123,10,0,0.3889679908752441,0.0123019814491271,0.0397745067334794,-0.0062883628588018,0.9853593812741144,-0.0035754814155275,0.606022222222222,0.020744444444444,,0.9630646921869048,0.0035698349397257,0.0035698349397257,0.6564,0.6986381608319342,0.6590223680709271,0.6529625750268186,1.0295590162277222,0.0332691669464111,0.0113999999999999,1.0295590162277222,0.6564
cifar,iid,4,123,10,1,0.3889679908752441,-0.0438860058784484,0.0397745067334794,0.0095858274881964,0.9853593812741144,0.0073255468845475,0.606022222222222,-0.0259333333333335,,0.9630646921869048,0.0120627709854655,0.0120627709854655,0.6564,0.6986381608319342,0.6590223680709271,0.6529625750268186,1.0295590162277222,-0.0052000284194946,0.002,1.0295590162277222,0.6564
cifar,iid,4,123,10,2,0.3889679908752441,-0.0142679810523986,0.0397745067334794,-0.0011650905819567,0.9853593812741144,0.0025943190348992,0.606022222222222,-0.0309222222222225,,0.9630646921869048,0.0072688813807541,0.0072688813807541,0.6564,0.6986381608319342,0.6590223680709271,0.6529625750268186,1.0295590162277222,0.0438663959503173,0.0125999999999999,1.0295590162277222,0.6564
cifar,iid,4,123,10,3,0.3889679908752441,-0.0127419829368591,0.0397745067334794,-0.0049712559783848,0.9853593812741144,-0.0046404441418321,0.606022222222222,-0.0981444444444445,,0.9630646921869048,-0.0047431187138393,0.0047431187138393,0.6564,0.6986381608319342,0.6590223680709271,0.6529625750268186,1.0295590162277222,0.1555314064025879,0.0355999999999999,1.0295590162277222,0.6564
cifar,iid,20,2025,1,0,0.9999979734420776,0.0,1.0,0.0,1.0,0.0,0.8963111111111111,0.0465555555555554,,1.0,0.0,0.0,0.0982,0.0098199999999999,0.1,0.0178838098706975,2.4521703720092773,-0.0028321743011474,-0.0,2.4521703720092773,0.0982
cifar,iid,20,2025,1,1,0.9999979734420776,-2.026557922363281e-06,1.0,0.0,1.0,0.0,0.8963111111111111,0.0143333333333333,,1.0,0.0,0.0,0.0982,0.0098199999999999,0.1,0.0178838098706975,2.4521703720092773,0.003965139389038,-0.0,2.4521703720092773,0.0982
cifar,iid,20,2025,1,2,0.9999979734420776,5.996227264404297e-05,1.0,0.0,1.0,0.0,0.8963111111111111,0.0426222222222223,,1.0,0.0,0.0,0.0982,0.0098199999999999,0.1,0.0178838098706975,2.4521703720092773,-0.003810167312622,-0.0,2.4521703720092773,0.0982
cifar,iid,20,2025,1,3,0.9999979734420776,0.0,1.0,0.0,1.0,0.0,0.8963111111111111,-0.0227333333333332,,1.0,0.0,0.0,0.0982,0.0098199999999999,0.1,0.0178838098706975,2.4521703720092773,0.0024869441986083,-0.0,2.4521703720092773,0.0982
cifar,iid,20,2025,1,4,0.9999979734420776,3.1948089599609375e-05,1.0,0.0,1.0,0.0,0.8963111111111111,-0.0541777777777778,,1.0,0.0,0.0,0.0982,0.0098199999999999,0.1,0.0178838098706975,2.4521703720092773,0.0011699199676513,-0.0,2.4521703720092773,0.0982
cifar,iid,20,2025,1,5,0.9999979734420776,-2.026557922363281e-06,1.0,0.0,1.0,0.0,0.8963111111111111,-0.0582333333333333,,1.0,0.0,0.0,0.0982,0.0098199999999999,0.1,0.0178838098706975,2.4521703720092773,0.0013484954833984,-0.0,2.4521703720092773,0.0982
cifar,iid,20,2025,1,6,0.9999979734420776,2.396106719970703e-05,1.0,0.0,1.0,0.0,0.8963111111111111,0.0240777777777776,,1.0,0.0,0.0,0.0982,0.0098199999999999,0.1,0.0178838098706975,2.4521703720092773,-0.0029165744781494,-0.0,2.4521703720092773,0.0982
cifar,iid,20,2025,1,7,0.9999979734420776,-2.026557922363281e-06,1.0,0.0,1.0,0.0,0.8963111111111111,0.0451333333333332,,1.0,0.0,0.0,0.0982,0.0098199999999999,0.1,0.0178838098706975,2.4521703720092773,0.0114874839782714,-0.0,2.4521703720092773,0.0982
cifar,iid,20,2025,1,8,0.9999979734420776,-2.026557922363281e-06,1.0,0.0,1.0,0.0,0.8963111111111111,0.0149555555555556,,1.0,0.0,0.0,0.0982,0.0098199999999999,0.1,0.0178838098706975,2.4521703720092773,0.0040316581726074,-0.0,2.4521703720092773,0.0982
cifar,iid,20,2025,1,9,0.9999979734420776,-2.026557922363281e-06,1.0,0.0,1.0,0.0,0.8963111111111111,0.0155999999999998,,1.0,0.0,0.0,0.0982,0.0098199999999999,0.1,0.0178838098706975,2.4521703720092773,0.0002171993255615,-0.0,2.4521703720092773,0.0982
cifar,iid,20,2025,1,10,0.9999979734420776,-2.026557922363281e-06,1.0,0.0,1.0,0.0,0.8963111111111111,0.0177666666666667,,1.0,0.0,0.0,0.0982,0.0098199999999999,0.1,0.0178838098706975,2.4521703720092773,-0.0029337406158447,-0.0,2.4521703720092773,0.0982
cifar,iid,20,2025,1,11,0.9999979734420776,3.3974647521972656e-05,1.0,0.0,1.0,0.0,0.8963111111111111,-0.0448999999999999,,1.0,0.0,0.0,0.0982,0.0098199999999999,0.1,0.0178838098706975,2.4521703720092773,-0.0025067329406738,-0.0,2.4521703720092773,0.0982
cifar,iid,20,2025,1,12,0.9999979734420776,-2.026557922363281e-06,1.0,0.0,1.0,0.0,0.8963111111111111,0.0108222222222222,,1.0,0.0,0.0,0.0982,0.0098199999999999,0.1,0.0178838098706975,2.4521703720092773,0.0024971961975097,-0.0,2.4521703720092773,0.0982
cifar,iid,20,2025,1,13,0.9999979734420776,3.999471664428711e-05,1.0,0.0,1.0,0.0,0.8963111111111111,0.0336222222222222,,1.0,0.0,0.0,0.0982,0.0098199999999999,0.1,0.0178838098706975,2.4521703720092773,-0.0050210952758789,-0.0,2.4521703720092773,0.0982
cifar,iid,20,2025,1,14,0.9999979734420776,-2.026557922363281e-06,1.0,0.0,1.0,0.0,0.8963111111111111,-0.0152666666666667,,1.0,0.0,0.0,0.0982,0.0098199999999999,0.1,0.0178838098706975,2.4521703720092773,0.0072641372680664,-0.0,2.4521703720092773,0.0982
cifar,iid,20,2025,1,15,0.9999979734420776,-2.026557922363281e-06,1.0,0.0,1.0,0.0,0.8963111111111111,-0.0226444444444444,,1.0,0.0,0.0,0.0982,0.0098199999999999,0.1,0.0178838098706975,2.4521703720092773,-0.0062513351440429,-0.0,2.4521703720092773,0.0982
cifar,iid,20,2025,1,16,0.9999979734420776,-2.026557922363281e-06,1.0,0.0,1.0,0.0,0.8963111111111111,-0.0186444444444444,,1.0,0.0,0.0,0.0982,0.0098199999999999,0.1,0.0178838098706975,2.4521703720092773,-0.005434513092041,-0.0,2.4521703720092773,0.0982
cifar,iid,20,2025,1,17,0.9999979734420776,-2.026557922363281e-06,1.0,0.0,1.0,0.0,0.8963111111111111,-0.0162666666666666,,1.0,0.0,0.0,0.0982,0.0098199999999999,0.1,0.0178838098706975,2.4521703720092773,0.0033771991729736,-0.0,2.4521703720092773,0.0982
cifar,iid,20,2025,1,18,0.9999979734420776,-2.026557922363281e-06,1.0,0.0,1.0,0.0,0.8963111111111111,0.0149777777777777,,1.0,0.0,0.0,0.0982,0.0098199999999999,0.1,0.0178838098706975,2.4521703720092773,-0.0020532608032226,-0.0,2.4521703720092773,0.0982
cifar,iid,20,2025,1,19,0.9999979734420776,-2.026557922363281e-06,1.0,0.0,1.0,0.0,0.8963111111111111,0.0217777777777776,,1.0,0.0,0.0,0.0982,0.0098199999999999,0.1,0.0178838098706975,2.4521703720092773,0.0025296211242675,-0.0,2.4521703720092773,0.0982
cifar,iid,20,2025,2,0,0.9182800054550172,-0.0032240152359008,0.7625482625482626,0.0077220077220078,1.0,0.0,0.8268,-0.0345333333333333,,0.9991640996473166,-8.898451489458559e-05,8.898451489458559e-05,0.1014,0.0221411170906076,0.1031427907051333,0.0235565859769883,2.85729718208313,0.0001499652862548,-0.0001999999999999,2.85729718208313,0.1014
cifar,iid,20,2025,2,1,0.9182800054550172,-0.0066919922828674,0.7625482625482626,-0.0382406920868458,1.0,0.0,0.8268,-0.027511111111111,,0.9991640996473166,-0.0003468851008324,0.0003468851008324,0.1014,0.0221411170906076,0.1031427907051333,0.0235565859769883,2.85729718208313,0.0132770538330078,0.0008,2.85729718208313,0.1014
cifar,iid,20,2025,2,2,0.9182800054550172,0.0058879852294921,0.7625482625482626,0.0212355212355211,1.0,0.0,0.8268,-0.0150222222222222,,0.9991640996473166,-0.0002105238689317,0.0002105238689317,0.1014,0.0221411170906076,0.1031427907051333,0.0235565859769883,2.85729718208313,0.0020079612731933,-0.0013999999999999,2.85729718208313,0.1014
cifar,iid,20,2025,2,3,0.9182800054550172,0.0277019739151,0.7625482625482626,0.1425104553648978,1.0,0.0,0.8268,-0.0455333333333334,,0.9991640996473166,0.0008099668405099,0.0008099668405099,0.1014,0.0221411170906076,0.1031427907051333,0.0235565859769883,2.85729718208313,0.0021967887878417,-0.0034,2.85729718208313,0.1014
cifar,iid,20,2025,2,4,0.9182800054550172,0.0141140222549438,0.7625482625482626,0.0446979746403931,1.0,0.0,0.8268,-0.0246000000000001,,0.9991640996473166,0.0003178540271372,0.0003178540271372,0.1014,0.0221411170906076,0.1031427907051333,0.0235565859769883,2.85729718208313,0.0052757263183593,-0.0023999999999999,2.85729718208313,0.1014
cifar,iid,20,2025,2,5,0.9182800054550172,-0.0165719985961914,0.7625482625482626,-0.0747533247533247,1.0,0.0,0.8268,-0.0602666666666666,,0.9991640996473166,-0.0002548030244161,0.0002548030244161,0.1014,0.0221411170906076,0.1031427907051333,0.0235565859769883,2.85729718208313,-0.002371072769165,0.001,2.85729718208313,0.1014
cifar,iid,20,2025,2,6,0.9182800054550172,-0.0034400224685668,0.7625482625482626,-0.0152295152295152,1.0,0.0,0.8268,-0.0675555555555553,,0.9991640996473166,0.0003736710208572,0.0003736710208572,0.1014,0.0221411170906076,0.1031427907051333,0.0235565859769883,2.85729718208313,-0.0078351497650146,0.0003999999999999,2.85729718208313,0.1014
cifar,iid,20,2025,2,7,0.9182800054550172,-0.0030040144920349,0.7625482625482626,-0.0176073794750837,1.0,0.0,0.8268,-0.0290222222222222,,0.9991640996473166,-1.7919439385338798e-05,1.7919439385338798e-05,0.1014,0.0221411170906076,0.1031427907051333,0.0235565859769883,2.85729718208313,0.0012528896331787,0.0002,2.85729718208313,0.1014
cifar,iid,20,2025,2,8,0.9182800054550172,-0.0076720118522644,0.7625482625482626,-0.0350941736010498,1.0,0.0,0.8268,-0.0056444444444445,,0.9991640996473166,-0.0001631471519255,0.0001631471519255,0.1014,0.0221411170906076,0.1031427907051333,0.0235565859769883,2.85729718208313,-0.0061907768249511,0.0003999999999999,2.85729718208313,0.1014
cifar,iid,20,2025,2,9,0.9182800054550172,0.0320160388946533,0.7625482625482626,0.1444008145331397,1.0,0.0,0.8268,0.0125555555555556,,0.9991640996473166,0.0005073608951619,0.0005073608951619,0.1014,0.0221411170906076,0.1031427907051333,0.0235565859769883,2.85729718208313,0.0043480396270751,-0.0037999999999999,2.85729718208313,0.1014
cifar,iid,20,2025,2,10,0.9182800054550172,-0.0279840230941772,0.7625482625482626,-0.1196872663938531,1.0,0.0,0.8268,-0.0516444444444446,,0.9991640996473166,-0.0004805749751369,0.0004805749751369,0.1014,0.0221411170906076,0.1031427907051333,0.0235565859769883,2.85729718208313,-0.0018017292022705,0.0018,2.85729718208313,0.1014
cifar,iid,20,2025,2,11,0.9182800054550172,0.0052520036697387,0.7625482625482626,0.0356251856251855,1.0,0.0,0.8268,-0.0258444444444445,,0.9991640996473166,-4.7376717006164526e-05,4.7376717006164526e-05,0.1014,0.0221411170906076,0.1031427907051333,0.0235565859769883,2.85729718208313,-0.0032839775085449,-0.001,2.85729718208313,0.1014
cifar,iid,20,2025,2,12,0.9182800054550172,-0.0056459903717041,0.7625482625482626,-0.0417995635386939,1.0,0.0,0.8268,-0.0188888888888889,,0.9991640996473166,-0.0004710958124658,0.0004710958124658,0.1014,0.0221411170906076,0.1031427907051333,0.0235565859769883,2.85729718208313,0.0030157566070556,0.0006,2.85729718208313,0.1014
cifar,iid,20,2025,2,13,0.9182800054550172,0.0134220123291015,0.7625482625482626,0.0375482625482626,1.0,0.0,0.8268,-0.0307777777777777,,0.9991640996473166,0.0004836725366587,0.0004836725366587,0.1014,0.0221411170906076,0.1031427907051333,0.0235565859769883,2.85729718208313,-0.0066931247711181,-0.0021999999999999,2.85729718208313,0.1014
cifar,iid,20,2025,2,14,0.9182800054550172,0.0069580078125,0.7625482625482626,0.0245906517582817,1.0,0.0,0.8268,-0.0389333333333332,,0.9991640996473166,0.0001631471519255,0.0001631471519255,0.1014,0.0221411170906076,0.1031427907051333,0.0235565859769883,2.85729718208313,0.0078291893005371,-0.0007999999999999,2.85729718208313,0.1014
cifar,iid,20,2025,2,15,0.9182800054550172,0.0008180141448974,0.7625482625482626,0.0091763935694572,1.0,0.0,0.8268,0.0035777777777776,,0.9991640996473166,7.106507550924679e-05,7.106507550924679e-05,0.1014,0.0221411170906076,0.1031427907051333,0.0235565859769883,2.85729718208313,-0.0054156780242919,-0.0005999999999999,2.85729718208313,0.1014
cifar,iid,20,2025,2,16,0.9182800054550172,-0.0068159699440002,0.7625482625482626,-0.0421854652623883,1.0,0.0,0.8268,-0.0196222222222222,,0.9991640996473166,7.683399462710128e-05,7.683399462710128e-05,0.1014,0.0221411170906076,0.1031427907051333,0.0235565859769883,2.85729718208313,-0.0016908645629882,0.0008,2.85729718208313,0.1014
cifar,iid,20,2025,2,17,0.9182800054550172,-0.0028299689292907,0.7625482625482626,-0.0342959189113034,1.0,0.0,0.8268,-0.0474444444444444,,0.9991640996473166,-2.368835850297124e-05,2.368835850297124e-05,0.1014,0.0221411170906076,0.1031427907051333,0.0235565859769883,2.85729718208313,-0.0030498504638671,0.0003999999999999,2.85729718208313,0.1014
cifar,iid,20,2025,2,18,0.9182800054550172,0.0017899870872497,0.7625482625482626,-0.0147954874517374,1.0,0.0,0.8268,-0.0097777777777778,,0.9991640996473166,-0.0002131952265276,0.0002131952265276,0.1014,0.0221411170906076,0.1031427907051333,0.0235565859769883,2.85729718208313,0.0025713443756103,0.0003999999999999,2.85729718208313,0.1014
cifar,iid,20,2025,2,19,0.9182800054550172,0.004468023777008,0.7625482625482626,0.0193050193050193,1.0,0.0,0.8268,-0.0062444444444444,,0.9991640996473166,0.0002552292283418,0.0002552292283418,0.1014,0.0221411170906076,0.1031427907051333,0.0235565859769883,2.85729718208313,-0.0021095275878906,-0.0001999999999999,2.85729718208313,0.1014
cifar,iid,20,2025,3,0,0.7384699583053589,-0.0100440382957458,0.2480857580398162,-0.001531393568147,1.0,0.0,0.8455777777777778,-0.0012888888888888,,0.9832379678242678,0.0056393175021269,0.0056393175021269,0.126,0.0263716661857976,0.126973715861892,0.0420277915344212,3.128964424133301,-0.0069155693054199,-0.0005999999999999,3.128964424133301,0.126
cifar,iid,20,2025,3,1,0.7384699583053589,0.0026679635047912,0.2480857580398162,-0.001145011190953,1.0,0.0,0.8455777777777778,-0.0108222222222225,,0.9832379678242678,0.0014127436836478,0.0014127436836478,0.126,0.0263716661857976,0.126973715861892,0.0420277915344212,3.128964424133301,0.0187764167785644,-0.0002,3.128964424133301,0.126
cifar,iid,20,2025,3,2,0.7384699583053589,0.0034519433975219,0.2480857580398162,-0.0019142419601837,1.0,0.0,0.8455777777777778,-0.0134444444444445,,0.9832379678242678,-0.0014115518575474,0.0014115518575474,0.126,0.0263716661857976,0.126973715861892,0.0420277915344212,3.128964424133301,-0.0056099891662597,0.0004,3.128964424133301,0.126
cifar,iid,20,2025,3,3,0.7384699583053589,-0.0008240342140197,0.2480857580398162,0.0204681556118951,1.0,0.0,0.8455777777777778,-0.0158222222222221,,0.9832379678242678,5.2399297070460094e-05,5.2399297070460094e-05,0.126,0.0263716661857976,0.126973715861892,0.0420277915344212,3.128964424133301,-0.0034155845642089,-0.0043999999999999,3.128964424133301,0.126
cifar,iid,20,2025,3,4,0.7384699583053589,-0.0030920505523681,0.2480857580398162,0.0011345385276211,1.0,0.0,0.8455777777777778,0.0094,,0.9832379678242678,-0.000922640356379,0.000922640356379,0.126,0.0263716661857976,0.126973715861892,0.0420277915344212,3.128964424133301,0.0017805099487304,-0.0005999999999999,3.128964424133301,0.126
cifar,iid,20,2025,3,5,0.7384699583053589,0.0081279277801513,0.2480857580398162,-0.0003898517162813,1.0,0.0,0.8455777777777778,0.0006888888888889,,0.9832379678242678,0.0045597946876198,0.0045597946876198,0.126,0.0263716661857976,0.126973715861892,0.0420277915344212,3.128964424133301,-0.0060422420501708,0.0007999999999999,3.128964424133301,0.126
cifar,iid,20,2025,3,6,0.7384699583053589,0.0045199394226074,0.2480857580398162,0.0083285501490727,1.0,0.0,0.8455777777777778,-0.0342666666666666,,0.9832379678242678,0.0007275222776905,0.0007275222776905,0.126,0.0263716661857976,0.126973715861892,0.0420277915344212,3.128964424133301,-0.0022063255310058,-0.0004,3.128964424133301,0.126
cifar,iid,20,2025,3,7,0.7384699583053589,0.0056379437446594,0.2480857580398162,-0.0049630224479886,1.0,0.0,0.8455777777777778,0.0180666666666664,,0.9832379678242678,0.0036325890471744,0.0036325890471744,0.126,0.0263716661857976,0.126973715861892,0.0420277915344212,3.128964424133301,-0.0050799846649169,0.001,3.128964424133301,0.126
cifar,iid,20,2025,3,8,0.7384699583053589,-0.0028920173645019,0.2480857580398162,-0.0327254744094817,1.0,0.0,0.8455777777777778,0.0117555555555555,,0.9832379678242678,0.0051262998316996,0.0051262998316996,0.126,0.0263716661857976,0.126973715861892,0.0420277915344212,3.128964424133301,-0.0078916549682617,0.0016,3.128964424133301,0.126
cifar,iid,20,2025,3,9,0.7384699583053589,-0.0064780712127685,0.2480857580398162,0.003062787136294,1.0,0.0,0.8455777777777778,-0.0098222222222221,,0.9832379678242678,0.0008492673551607,0.0008492673551607,0.126,0.0263716661857976,0.126973715861892,0.0420277915344212,3.128964424133301,0.0075113773345947,-0.0035999999999999,3.128964424133301,0.126
cifar,iid,20,2025,3,10,0.7384699583053589,0.0113799571990966,0.2480857580398162,-0.0555708397344285,1.0,0.0,0.8455777777777778,-0.0003777777777778,,0.9832379678242678,0.0051944417353645,0.0051944417353645,0.126,0.0263716661857976,0.126973715861892,0.0420277915344212,3.128964424133301,0.0016064643859863,0.0046,3.128964424133301,0.126
cifar,iid,20,2025,3,11,0.7384699583053589,-0.0015079975128173,0.2480857580398162,-0.0196065496524914,1.0,0.0,0.8455777777777778,-0.0251555555555555,,0.9832379678242678,0.0002981965886228,0.0002981965886228,0.126,0.0263716661857976,0.126973715861892,0.0420277915344212,3.128964424133301,-0.0085723400115966,0.0004,3.128964424133301,0.126
cifar,iid,20,2025,3,12,0.7384699583053589,-0.0004000663757324,0.2480857580398162,-0.006125574272588,1.0,0.0,0.8455777777777778,-0.0337555555555555,,0.9832379678242678,0.0073189116592707,0.0073189116592707,0.126,0.0263716661857976,0.126973715861892,0.0420277915344212,3.128964424133301,0.0078282356262207,0.0004,3.128964424133301,0.126
cifar,iid,20,2025,3,13,0.7384699583053589,-0.0021960735321044,0.2480857580398162,-0.0068459566794554,1.0,0.0,0.8455777777777778,-0.0009777777777779,,0.9832379678242678,0.0017322543677386,0.0017322543677386,0.126,0.0263716661857976,0.126973715861892,0.0420277915344212,3.128964424133301,-0.0039248466491699,-0.003,3.128964424133301,0.126
cifar,iid,20,2025,3,14,0.7384699583053589,0.0007979869842529,0.2480857580398162,-0.010719754977029,1.0,0.0,0.8455777777777778,-0.0128000000000001,,0.9832379678242678,0.0043377383864239,0.0043377383864239,0.126,0.0263716661857976,0.126973715861892,0.0420277915344212,3.128964424133301,0.0103390216827392,0.0005999999999999,3.128964424133301,0.126
cifar,iid,20,2025,3,15,0.7384699583053589,-0.0018640756607055,0.2480857580398162,0.0,1.0,0.0,0.8455777777777778,0.0156666666666664,,0.9832379678242678,-0.0018420016074065,0.0018420016074065,0.126,0.0263716661857976,0.126973715861892,0.0420277915344212,3.128964424133301,-0.0062358379364013,-0.002,3.128964424133301,0.126
cifar,iid,20,2025,3,16,0.7384699583053589,0.0022339820861816,0.2480857580398162,-0.003447984291472,1.0,0.0,0.8455777777777778,-0.0003333333333332,,0.9832379678242678,-0.0019436085239492,0.0019436085239492,0.126,0.0263716661857976,0.126973715861892,0.0420277915344212,3.128964424133301,0.0033702850341796,0.0002,3.128964424133301,0.126
cifar,iid,20,2025,3,17,0.7384699583053589,0.0040299892425537,0.2480857580398162,-0.009978758089216,1.0,0.0,0.8455777777777778,0.0081666666666666,,0.9832379678242678,0.0010796415747215,0.0010796415747215,0.126,0.0263716661857976,0.126973715861892,0.0420277915344212,3.128964424133301,0.0011887550354003,0.0005999999999999,3.128964424133301,0.126
cifar,iid,20,2025,3,18,0.7384699583053589,0.0112359523773193,0.2480857580398162,-0.003447984291472,1.0,0.0,0.8455777777777778,-0.0030888888888889,,0.9832379678242678,0.0029600317141943,0.0029600317141943,0.126,0.0263716661857976,0.126973715861892,0.0420277915344212,3.128964424133301,0.0039491653442382,0.001,3.128964424133301,0.126
cifar,iid,20,2025,3,19,0.7384699583053589,-3.403425216674805e-05,0.2480857580398162,-0.0003804996288954,1.0,0.0,0.8455777777777778,-0.0172444444444443,,0.9832379678242678,-0.0001775027356794,0.0001775027356794,0.126,0.0263716661857976,0.126973715861892,0.0420277915344212,3.128964424133301,-9.918212890625e-05,-0.0042,3.128964424133301,0.126
cifar,iid,20,2025,4,0,0.6844260096549988,-0.0016599893569946,0.2293178519593613,-0.0084343094239238,1.0,0.0,0.8009777777777778,0.0155777777777779,,0.9747053006988504,0.0067616676260181,0.0067616676260181,0.1374,0.2038448418817739,0.1379379574373155,0.0503678807357571,3.1468944549560547,-0.0076656341552734,-0.0006,3.1468944549560547,0.1374
cifar,iid,20,2025,4,1,0.6844260096549988,-0.000786006450653,0.2293178519593613,0.0029027576197387,1.0,0.0,0.8009777777777778,0.0314888888888889,,0.9747053006988504,-0.002588450239634,0.002588450239634,0.1374,0.2038448418817739,0.1379379574373155,0.0503678807357571,3.1468944549560547,0.0126402378082275,0.0007999999999999,3.1468944549560547,0.1374
cifar,iid,20,2025,4,2,0.6844260096549988,0.005124032497406,0.2293178519593613,-0.0012296984729153,1.0,0.0,0.8009777777777778,0.0103111111111111,,0.9747053006988504,0.0010725600859302,0.0010725600859302,0.1374,0.2038448418817739,0.1379379574373155,0.0503678807357571,3.1468944549560547,-0.013392686843872,0.0002,3.1468944549560547,0.1374
cifar,iid,20,2025,4,3,0.6844260096549988,-0.0164139866828918,0.2293178519593613,0.0111875403446305,1.0,0.0,0.8009777777777778,0.0107333333333332,,0.9747053006988504,-0.0004037908124416,0.0004037908124416,0.1374,0.2038448418817739,0.1379379574373155,0.0503678807357571,3.1468944549560547,-0.0075650215148925,-0.0002,3.1468944549560547,0.1374
cifar,iid,20,2025,4,4,0.6844260096549988,-0.0061439871788024,0.2293178519593613,0.0,1.0,0.0,0.8009777777777778,-0.0083333333333333,,0.9747053006988504,0.0003801267620249,0.0003801267620249,0.1374,0.2038448418817739,0.1379379574373155,0.0503678807357571,3.1468944549560547,-0.0026803016662597,0.0003999999999999,3.1468944549560547,0.1374
cifar,iid,20,2025,4,5,0.6844260096549988,0.0094780325889587,0.2293178519593613,-0.0043541364296081,1.0,0.0,0.8009777777777778,0.0477333333333334,,0.9747053006988504,0.0087373554565252,0.0087373554565252,0.1374,0.2038448418817739,0.1379379574373155,0.0503678807357571,3.1468944549560547,-0.0032956600189208,0.0007999999999999,3.1468944549560547,0.1374
cifar,iid,20,2025,4,6,0.6844260096549988,-0.0038819909095764,0.2293178519593613,0.005329412653003,1.0,0.0,0.8009777777777778,0.007311111111111,,0.9747053006988504,-0.0015676457156615,0.0015676457156615,0.1374,0.2038448418817739,0.1379379574373155,0.0503678807357571,3.1468944549560547,0.0012421607971191,-0.0002,3.1468944549560547,0.1374
cifar,iid,20,2025,4,7,0.6844260096549988,0.0052999854087829,0.2293178519593613,-0.005214522141358,1.0,0.0,0.8009777777777778,-0.0047111111111111,,0.9747053006988504,0.009279270915988,0.009279270915988,0.1374,0.2038448418817739,0.1379379574373155,0.0503678807357571,3.1468944549560547,-2.7179718017578125e-05,-0.0002,3.1468944549560547,0.1374
cifar,iid,20,2025,4,8,0.6844260096549988,0.0011519789695739,0.2293178519593613,-0.0069933872337222,1.0,0.0,0.8009777777777778,0.0181111111111111,,0.9747053006988504,0.0038803918022036,0.0038803918022036,0.1374,0.2038448418817739,0.1379379574373155,0.0503678807357571,3.1468944549560547,-0.0095820426940917,-0.0006,3.1468944549560547,0.1374
cifar,iid,20,2025,4,9,0.6844260096549988,-0.0142440199851989,0.2293178519593613,-0.0033411075782108,1.0,0.0,0.8009777777777778,-0.0058888888888888,,0.9747053006988504,-0.0007573280419199,0.0007573280419199,0.1374,0.2038448418817739,0.1379379574373155,0.0503678807357571,3.1468944549560547,0.0077247619628906,0.0012,3.1468944549560547,0.1374
cifar,iid,20,2025,4,10,0.6844260096549988,0.0127599835395812,0.2293178519593613,-0.0080193405153129,1.0,0.0,0.8009777777777778,0.0037555555555559,,0.9747053006988504,0.0103081608647329,0.0103081608647329,0.1374,0.2038448418817739,0.1379379574373155,0.0503678807357571,3.1468944549560547,-0.0014622211456298,0.0003999999999999,3.1468944549560547,0.1374
cifar,iid,20,2025,4,11,0.6844260096549988,0.0060940384864807,0.2293178519593613,-0.0047861942834132,1.0,0.0,0.8009777777777778,-0.0184444444444444,,0.9747053006988504,0.0023419106514485,0.0023419106514485,0.1374,0.2038448418817739,0.1379379574373155,0.0503678807357571,3.1468944549560547,-0.0044918060302734,0.0012,3.1468944549560547,0.1374
cifar,iid,20,2025,4,12,0.6844260096549988,0.0079399943351745,0.2293178519593613,0.0035580835078418,1.0,0.0,0.8009777777777778,0.0058666666666666,,0.9747053006988504,0.0043716461715973,0.0043716461715973,0.1374,0.2038448418817739,0.1379379574373155,0.0503678807357571,3.1468944549560547,0.0153579711914062,0.0005999999999999,3.1468944549560547,0.1374
cifar,iid,20,2025,4,13,0.6844260096549988,-0.0063039660453796,0.2293178519593613,-0.0037756732204947,1.0,0.0,0.8009777777777778,-0.0033777777777777,,0.9747053006988504,0.0035759727070509,0.0035759727070509,0.1374,0.2038448418817739,0.1379379574373155,0.0503678807357571,3.1468944549560547,-0.0080921649932861,-0.0006,3.1468944549560547,0.1374
cifar,iid,20,2025,4,14,0.6844260096549988,-0.0040739774703979,0.2293178519593613,-0.00898624160789,1.0,0.0,0.8009777777777778,-0.0076222222222221,,0.9747053006988504,-0.0015698134083711,0.0015698134083711,0.1374,0.2038448418817739,0.1379379574373155,0.0503678807357571,3.1468944549560547,0.0080130100250244,0.0007999999999999,3.1468944549560547,0.1374
cifar,iid,20,2025,4,15,0.6844260096549988,-0.0022940039634704,0.2293178519593613,0.0055014961487444,1.0,0.0,0.8009777777777778,-0.0171555555555555,,0.9747053006988504,-0.0009006088287797,0.0009006088287797,0.1374,0.2038448418817739,0.1379379574373155,0.0503678807357571,3.1468944549560547,-0.0007627010345458,0.0002,3.1468944549560547,0.1374
cifar,iid,20,2025,4,16,0.6844260096549988,-0.0099139809608459,0.2293178519593613,0.0004194256360423,1.0,0.0,0.8009777777777778,0.0034666666666667,,0.9747053006988504,-0.0002658369062821,0.0002658369062821,0.1374,0.2038448418817739,0.1379379574373155,0.0503678807357571,3.1468944549560547,0.00014328956604,0.0005999999999999,3.1468944549560547,0.1374
cifar,iid,20,2025,4,17,0.6844260096549988,0.0116299986839294,0.2293178519593613,-0.0020039871210983,1.0,0.0,0.8009777777777778,0.0101555555555554,,0.9747053006988504,0.0047245644640495,0.0047245644640495,0.1374,0.2038448418817739,0.1379379574373155,0.0503678807357571,3.1468944549560547,-0.0038442611694335,0.0003999999999999,3.1468944549560547,0.1374
cifar,iid,20,2025,4,18,0.6844260096549988,0.0108919739723205,0.2293178519593613,-0.0002373847694765,1.0,0.0,0.8009777777777778,-0.0002666666666666,,0.9747053006988504,0.003177173756284,0.003177173756284,0.1374,0.2038448418817739,0.1379379574373155,0.0503678807357571,3.1468944549560547,0.0143544673919677,0.0002,3.1468944549560547,0.1374
cifar,iid,20,2025,4,19,0.6844260096549988,-0.0157659649848938,0.2293178519593613,0.0023674973494323,1.0,0.0,0.8009777777777778,-0.0124000000000001,,0.9747053006988504,0.0030357548906458,0.0030357548906458,0.1374,0.2038448418817739,0.1379379574373155,0.0503678807357571,3.1468944549560547,0.0041263103485107,-0.0017999999999999,3.1468944549560547,0.1374
cifar,iid,20,2025,5,0,0.662958025932312,-0.003737986087799,0.2333333333333332,0.0055979643765903,1.0,0.0,0.785511111111111,0.0908666666666666,,0.9702291155470296,0.0029056184916171,0.0029056184916171,0.1554,0.3462330172667284,0.1556059899164759,0.0729495244990426,2.9614081382751465,-0.0048356056213378,0.001,2.9614081382751465,0.1554
cifar,iid,20,2025,5,1,0.662958025932312,-0.0023939609527587,0.2333333333333332,0.0011673151750972,1.0,0.0,0.785511111111111,0.017022222222222,,0.9702291155470296,-0.0045205879205445,0.0045205879205445,0.1554,0.3462330172667284,0.1556059899164759,0.0729495244990426,2.9614081382751465,0.0097730159759521,0.0008,2.9614081382751465,0.1554
cifar,iid,20,2025,5,2,0.662958025932312,0.0086480379104614,0.2333333333333332,0.0043256997455469,1.0,0.0,0.785511111111111,-0.0034,,0.9702291155470296,0.0021120307530987,0.0021120307530987,0.1554,0.3462330172667284,0.1556059899164759,0.0729495244990426,2.9614081382751465,-0.0200045108795166,0.0006,2.9614081382751465,0.1554
cifar,iid,20,2025,5,3,0.662958025932312,-0.0015419721603393,0.2333333333333332,0.0052405498281786,1.0,0.0,0.785511111111111,0.037622222222222,,0.9702291155470296,-0.0026344292124412,0.0026344292124412,0.1554,0.3462330172667284,0.1556059899164759,0.0729495244990426,2.9614081382751465,-0.009429931640625,0.0008,2.9614081382751465,0.1554
cifar,iid,20,2025,5,4,0.662958025932312,-0.0009759664535522,0.2333333333333332,-0.0024179620034542,1.0,0.0,0.785511111111111,0.049511111111111,,0.9702291155470296,-1.699277815059297e-05,1.699277815059297e-05,0.1554,0.3462330172667284,0.1556059899164759,0.0729495244990426,2.9614081382751465,-0.004530906677246,0.0008,2.9614081382751465,0.1554
cifar,iid,20,2025,5,5,0.662958025932312,0.0051380395889282,0.2333333333333332,0.0025641025641025,1.0,0.0,0.785511111111111,-0.0036888888888888,,0.9702291155470296,0.0036524664731619,0.0036524664731619,0.1554,0.3462330172667284,0.1556059899164759,0.0729495244990426,2.9614081382751465,-0.0034787654876708,0.0016,2.9614081382751465,0.1554
cifar,iid,20,2025,5,6,0.662958025932312,0.0024880170822143,0.2333333333333332,-0.0021129797326434,1.0,0.0,0.785511111111111,-0.0032888888888888,,0.9702291155470296,-0.0011747180486483,0.0011747180486483,0.1554,0.3462330172667284,0.1556059899164759,0.0729495244990426,2.9614081382751465,0.0029456615447998,0.0006,2.9614081382751465,0.1554
cifar,iid,20,2025,5,7,0.662958025932312,0.0070060491561889,0.2333333333333332,0.005420401195049,1.0,0.0,0.785511111111111,-0.0143333333333333,,0.9702291155470296,0.0011235387105799,0.0011235387105799,0.1554,0.3462330172667284,0.1556059899164759,0.0729495244990426,2.9614081382751465,0.0007827281951904,0.0006,2.9614081382751465,0.1554
cifar,iid,20,2025,5,8,0.662958025932312,0.0016500353813171,0.2333333333333332,0.0020753917831426,1.0,0.0,0.785511111111111,0.0097777777777776,,0.9702291155470296,0.0045195195211452,0.0045195195211452,0.1554,0.3462330172667284,0.1556059899164759,0.0729495244990426,2.9614081382751465,-0.0150072574615478,-0.0005999999999999,2.9614081382751465,0.1554
cifar,iid,20,2025,5,9,0.662958025932312,-0.0083879828453063,0.2333333333333332,-0.0006535947712418,1.0,0.0,0.785511111111111,0.0023555555555554,,0.9702291155470296,-0.0008201467951964,0.0008201467951964,0.1554,0.3462330172667284,0.1556059899164759,0.0729495244990426,2.9614081382751465,0.0131239891052246,0.0008,2.9614081382751465,0.1554
cifar,iid,20,2025,5,10,0.662958025932312,0.0084739923477172,0.2333333333333332,-0.002491408934708,1.0,0.0,0.785511111111111,0.0096444444444443,,0.9702291155470296,0.0031487617413813,0.0031487617413813,0.1554,0.3462330172667284,0.1556059899164759,0.0729495244990426,2.9614081382751465,0.0023283958435058,-0.0003999999999999,2.9614081382751465,0.1554
cifar,iid,20,2025,5,11,0.662958025932312,0.0045239925384521,0.2333333333333332,-0.000900900900901,1.0,0.0,0.785511111111111,0.0477333333333331,,0.9702291155470296,0.0005187024936739,0.0005187024936739,0.1554,0.3462330172667284,0.1556059899164759,0.0729495244990426,2.9614081382751465,0.0011329650878906,0.0008,2.9614081382751465,0.1554
cifar,iid,20,2025,5,12,0.662958025932312,0.007718026638031,0.2333333333333332,0.0020671834625322,1.0,0.0,0.785511111111111,0.0322888888888885,,0.9702291155470296,-0.0012592126397682,0.0012592126397682,0.1554,0.3462330172667284,0.1556059899164759,0.0729495244990426,2.9614081382751465,0.0158371925354003,0.0008,2.9614081382751465,0.1554
cifar,iid,20,2025,5,13,0.662958025932312,-0.0063740015029907,0.2333333333333332,-0.004150620453573,1.0,0.0,0.785511111111111,0.0516666666666665,,0.9702291155470296,0.0014305820496464,0.0014305820496464,0.1554,0.3462330172667284,0.1556059899164759,0.0729495244990426,2.9614081382751465,-0.0073297023773193,-0.0,2.9614081382751465,0.1554
cifar,iid,20,2025,5,14,0.662958025932312,0.0005420446395874,0.2333333333333332,-0.006926406926407,1.0,0.0,0.785511111111111,0.015222222222222,,0.9702291155470296,-0.0020151952941647,0.0020151952941647,0.1554,0.3462330172667284,0.1556059899164759,0.0729495244990426,2.9614081382751465,0.006521463394165,0.0026,2.9614081382751465,0.1554
cifar,iid,20,2025,5,15,0.662958025932312,-0.0021599531173706,0.2333333333333332,0.0026632302405498,1.0,0.0,0.785511111111111,0.0023777777777778,,0.9702291155470296,-0.0020005406039872,0.0020005406039872,0.1554,0.3462330172667284,0.1556059899164759,0.0729495244990426,2.9614081382751465,-0.0020132064819335,0.0004,2.9614081382751465,0.1554
cifar,iid,20,2025,5,16,0.662958025932312,-0.0040860176086425,0.2333333333333332,-0.0011226252158894,1.0,0.0,0.785511111111111,0.0061333333333331,,0.9702291155470296,-0.0003802829581545,0.0003802829581545,0.1554,0.3462330172667284,0.1556059899164759,0.0729495244990426,2.9614081382751465,-0.00282883644104,0.0006,2.9614081382751465,0.1554
cifar,iid,20,2025,5,17,0.662958025932312,0.0069020390510559,0.2333333333333332,0.000212314225053,1.0,0.0,0.785511111111111,-0.0153333333333334,,0.9702291155470296,0.0006598977470853,0.0006598977470853,0.1554,0.3462330172667284,0.1556059899164759,0.0729495244990426,2.9614081382751465,-0.0062000751495361,0.0004,2.9614081382751465,0.1554
cifar,iid,20,2025,5,18,0.662958025932312,0.0068780183792114,0.2333333333333332,0.0,1.0,0.0,0.785511111111111,0.0174888888888888,,0.9702291155470296,0.0043499037784319,0.0043499037784319,0.1554,0.3462330172667284,0.1556059899164759,0.0729495244990426,2.9614081382751465,0.0133647918701171,0.0008,2.9614081382751465,0.1554
cifar,iid,20,2025,5,19,0.662958025932312,-0.0071879625320434,0.2333333333333332,0.0058269065981148,1.0,0.0,0.785511111111111,0.0003777777777778,,0.9702291155470296,-0.0012715522493221,0.0012715522493221,0.1554,0.3462330172667284,0.1556059899164759,0.0729495244990426,2.9614081382751465,0.009052038192749,-0.0007999999999999,2.9614081382751465,0.1554
cifar,iid,20,2025,6,0,0.5938400030136108,-0.0038299560546875,0.1775325977933801,0.005905613666396,1.0,0.0,0.7919777777777779,0.0436222222222222,,0.9742026950871367,0.0045137790104006,0.0045137790104006,0.2002,0.3612410308007963,0.2001254660401693,0.1383106927713661,2.6414151191711426,-0.0031814575195312,-0.0012,2.6414151191711426,0.2002
cifar,iid,20,2025,6,1,0.5938400030136108,-0.0151259899139404,0.1775325977933801,0.0021479824087647,1.0,0.0,0.7919777777777779,0.0140000000000002,,0.9742026950871367,-0.0012044022841093,0.0012044022841093,0.2002,0.3612410308007963,0.2001254660401693,0.1383106927713661,2.6414151191711426,0.0058021545410156,0.0025999999999999,2.6414151191711426,0.2002
cifar,iid,20,2025,6,2,0.5938400030136108,0.0095379948616027,0.1775325977933801,0.0002417611399937,1.0,0.0,0.7919777777777779,0.0609777777777778,,0.9742026950871367,0.0023825059825594,0.0023825059825594,0.2002,0.3612410308007963,0.2001254660401693,0.1383106927713661,2.6414151191711426,-0.0191495418548584,-0.0044,2.6414151191711426,0.2002
cifar,iid,20,2025,6,3,0.5938400030136108,-0.0031659603118896,0.1775325977933801,0.0024082196839274,1.0,0.0,0.7919777777777779,-0.0215111111111108,,0.9742026950871367,0.0008213724252036,0.0008213724252036,0.2002,0.3612410308007963,0.2001254660401693,0.1383106927713661,2.6414151191711426,-0.0083892345428466,-0.0014,2.6414151191711426,0.2002
cifar,iid,20,2025,6,4,0.5938400030136108,-0.0057399868965148,0.1775325977933801,0.0041859044066066,1.0,0.0,0.7919777777777779,0.0153777777777777,,0.9742026950871367,-0.0014226407480634,0.0014226407480634,0.2002,0.3612410308007963,0.2001254660401693,0.1383106927713661,2.6414151191711426,-0.0115289688110351,-0.0022,2.6414151191711426,0.2002
cifar,iid,20,2025,6,5,0.5938400030136108,0.0032340288162231,0.1775325977933801,0.008363428624211,1.0,0.0,0.7919777777777779,0.0159555555555557,,0.9742026950871367,0.0029341737246056,0.0029341737246056,0.2002,0.3612410308007963,0.2001254660401693,0.1383106927713661,2.6414151191711426,7.009506225585938e-05,-0.0012,2.6414151191711426,0.2002
cifar,iid,20,2025,6,6,0.5938400030136108,-0.0114439725875854,0.1775325977933801,-0.0032641335651489,1.0,0.0,0.7919777777777779,-0.0021111111111109,,0.9742026950871367,9.46270710978636e-05,9.46270710978636e-05,0.2002,0.3612410308007963,0.2001254660401693,0.1383106927713661,2.6414151191711426,0.0107371807098388,0.0011999999999999,2.6414151191711426,0.2002
cifar,iid,20,2025,6,7,0.5938400030136108,0.001255989074707,0.1775325977933801,0.0046682761853399,1.0,0.0,0.7919777777777779,0.0192222222222222,,0.9742026950871367,-0.0035585909417974,0.0035585909417974,0.2002,0.3612410308007963,0.2001254660401693,0.1383106927713661,2.6414151191711426,0.0073022842407226,0.0007999999999999,2.6414151191711426,0.2002
cifar,iid,20,2025,6,8,0.5938400030136108,0.0157359838485717,0.1775325977933801,0.0055209359857999,1.0,0.0,0.7919777777777779,0.0224222222222221,,0.9742026950871367,0.0032397427742575,0.0032397427742575,0.2002,0.3612410308007963,0.2001254660401693,0.1383106927713661,2.6414151191711426,-0.0235061645507812,-0.0046,2.6414151191711426,0.2002
cifar,iid,20,2025,6,9,0.5938400030136108,-0.0090340375900268,0.1775325977933801,0.000227633254373,1.0,0.0,0.7919777777777779,-0.0221111111111109,,0.9742026950871367,-0.0014627548250387,0.0014627548250387,0.2002,0.3612410308007963,0.2001254660401693,0.1383106927713661,2.6414151191711426,0.0088419914245605,0.0015999999999999,2.6414151191711426,0.2002
cifar,iid,20,2025,6,10,0.5938400030136108,0.0002679824829101,0.1775325977933801,0.0016532008084555,1.0,0.0,0.7919777777777779,0.0473111111111113,,0.9742026950871367,0.0014062619539603,0.0014062619539603,0.2002,0.3612410308007963,0.2001254660401693,0.1383106927713661,2.6414151191711426,0.0086934566497802,0.001,2.6414151191711426,0.2002
cifar,iid,20,2025,6,11,0.5938400030136108,0.0025440454483032,0.1775325977933801,-0.0039190151098456,1.0,0.0,0.7919777777777779,0.0219555555555557,,0.9742026950871367,0.0027238599765105,0.0027238599765105,0.2002,0.3612410308007963,0.2001254660401693,0.1383106927713661,2.6414151191711426,0.0063178539276123,-0.001,2.6414151191711426,0.2002
cifar,iid,20,2025,6,12,0.5938400030136108,-0.0070739984512329,0.1775325977933801,0.0033522699245276,1.0,0.0,0.7919777777777779,0.016288888888889,,0.9742026950871367,0.0004832535606187,0.0004832535606187,0.2002,0.3612410308007963,0.2001254660401693,0.1383106927713661,2.6414151191711426,0.0221428871154785,0.0035999999999999,2.6414151191711426,0.2002
cifar,iid,20,2025,6,13,0.5938400030136108,-0.0065400004386901,0.1775325977933801,-0.0016465813857989,1.0,0.0,0.7919777777777779,0.0091777777777779,,0.9742026950871367,0.0045459325172405,0.0045459325172405,0.2002,0.3612410308007963,0.2001254660401693,0.1383106927713661,2.6414151191711426,-0.008380651473999,-0.0012,2.6414151191711426,0.2002
cifar,iid,20,2025,6,14,0.5938400030136108,-0.0036059617996215,0.1775325977933801,-0.0042855840248016,1.0,0.0,0.7919777777777779,0.0069777777777779,,0.9742026950871367,-0.0021910156667402,0.0021910156667402,0.2002,0.3612410308007963,0.2001254660401693,0.1383106927713661,2.6414151191711426,0.0033185482025146,0.0027999999999999,2.6414151191711426,0.2002
cifar,iid,20,2025,6,15,0.5938400030136108,-0.0029859542846679,0.1775325977933801,0.0030090270812437,1.0,0.0,0.7919777777777779,-0.0017999999999998,,0.9742026950871367,0.0019433208449418,0.0019433208449418,0.2002,0.3612410308007963,0.2001254660401693,0.1383106927713661,2.6414151191711426,-0.0016419887542724,-0.0006,2.6414151191711426,0.2002
cifar,iid,20,2025,6,16,0.5938400030136108,-0.0050539970397949,0.1775325977933801,-0.0016171997774701,1.0,0.0,0.7919777777777779,0.0048666666666667,,0.9742026950871367,-0.0025068338401231,0.0025068338401231,0.2002,0.3612410308007963,0.2001254660401693,0.1383106927713661,2.6414151191711426,-0.0091955661773681,0.0023999999999999,2.6414151191711426,0.2002
cifar,iid,20,2025,6,17,0.5938400030136108,0.0060200095176696,0.1775325977933801,-0.0009683883999137,1.0,0.0,0.7919777777777779,0.0087333333333334,,0.9742026950871367,0.0041184565571784,0.0041184565571784,0.2002,0.3612410308007963,0.2001254660401693,0.1383106927713661,2.6414151191711426,-0.006486177444458,-0.002,2.6414151191711426,0.2002
cifar,iid,20,2025,6,18,0.5938400030136108,0.0093579888343811,0.1775325977933801,0.0026084319693154,1.0,0.0,0.7919777777777779,0.0059333333333335,,0.9742026950871367,0.0021401043705087,0.0021401043705087,0.2002,0.3612410308007963,0.2001254660401693,0.1383106927713661,2.6414151191711426,0.0069372653961181,0.0007999999999999,2.6414151191711426,0.2002
cifar,iid,20,2025,6,19,0.5938400030136108,-0.0068839788436889,0.1775325977933801,0.0017084219692042,1.0,0.0,0.7919777777777779,0.0402222222222223,,0.9742026950871367,0.0024056919234308,0.0024056919234308,0.2002,0.3612410308007963,0.2001254660401693,0.1383106927713661,2.6414151191711426,0.0112025737762451,-0.0018,2.6414151191711426,0.2002
cifar,iid,20,2025,7,0,0.4375439882278442,0.0015199780464172,0.1334310850439882,0.0014106619951188,0.9982956966340008,-0.0002130379207498,0.6771111111111112,-0.0517777777777777,,0.957728252626489,0.0005180524560943,0.0005180524560943,0.2716,0.6332820803340534,0.2722839103700071,0.2307916488508844,2.263575315475464,0.0005929470062255,-0.0017999999999999,2.263575315475464,0.2716
cifar,iid,20,2025,7,1,0.4375439882278442,-0.011817991733551,0.1334310850439882,-0.0010980629380745,0.9982956966340008,-0.0002130379207498,0.6771111111111112,-0.0660222222222219,,0.957728252626489,-0.0019721548905587,0.0019721548905587,0.2716,0.6332820803340534,0.2722839103700071,0.2307916488508844,2.263575315475464,0.0045063495635986,0.006,2.263575315475464,0.2716
cifar,iid,20,2025,7,2,0.4375439882278442,0.0127800107002258,0.1334310850439882,-0.0001927348543414,0.9982956966340008,0.0004260758414997,0.6771111111111112,-0.0562444444444441,,0.957728252626489,-0.0015045976122254,0.0015045976122254,0.2716,0.6332820803340534,0.2722839103700071,0.2307916488508844,2.263575315475464,-0.0175006389617919,-0.0025999999999999,2.263575315475464,0.2716
cifar,iid,20,2025,7,3,0.4375439882278442,-0.0039860010147094,0.1334310850439882,-0.0032648213887602,0.9982956966340008,0.0002130379207498,0.6771111111111112,-0.0793111111111108,,0.957728252626489,0.000523226705555,0.000523226705555,0.2716,0.6332820803340534,0.2722839103700071,0.2307916488508844,2.263575315475464,-0.0067644119262695,-0.0014,2.263575315475464,0.2716
cifar,iid,20,2025,7,4,0.4375439882278442,-0.0026379823684692,0.1334310850439882,-0.0001455572917781,0.9982956966340008,0.0002130379207498,0.6771111111111112,0.0155777777777779,,0.957728252626489,0.0002815460679906,0.0002815460679906,0.2716,0.6332820803340534,0.2722839103700071,0.2307916488508844,2.263575315475464,-0.0087637901306152,-0.0027999999999999,2.263575315475464,0.2716
cifar,iid,20,2025,7,5,0.4375439882278442,0.0093359947204589,0.1334310850439882,-0.001466275659824,0.9982956966340008,-0.0002130379207498,0.6771111111111112,-0.0412444444444444,,0.957728252626489,0.0051059169945748,0.0051059169945748,0.2716,0.6332820803340534,0.2722839103700071,0.2307916488508844,2.263575315475464,0.0001821517944335,-0.0007999999999999,2.263575315475464,0.2716
cifar,iid,20,2025,7,6,0.4375439882278442,-0.0121600031852722,0.1334310850439882,-0.0042934658542153,0.9982956966340008,-0.0004260758414997,0.6771111111111112,0.0206444444444444,,0.957728252626489,0.0013787516854717,0.0013787516854717,0.2716,0.6332820803340534,0.2722839103700071,0.2307916488508844,2.263575315475464,0.0176053047180175,0.0055999999999999,2.263575315475464,0.2716
cifar,iid,20,2025,7,7,0.4375439882278442,-0.0027940273284912,0.1334310850439882,-0.0052929505643203,0.9982956966340008,-0.0004260758414997,0.6771111111111112,-0.0528888888888887,,0.957728252626489,-0.0019253116510761,0.0019253116510761,0.2716,0.6332820803340534,0.2722839103700071,0.2307916488508844,2.263575315475464,0.0126879215240478,0.0031999999999999,2.263575315475464,0.2716
cifar,iid,20,2025,7,8,0.4375439882278442,0.0225059986114501,0.1334310850439882,0.0006241934431268,0.9982956966340008,0.0004260758414997,0.6771111111111112,-0.0964888888888886,,0.957728252626489,-0.0009553030686817,0.0009553030686817,0.2716,0.6332820803340534,0.2722839103700071,0.2307916488508844,2.263575315475464,-0.0304031372070312,-0.0087999999999999,2.263575315475464,0.2716
cifar,iid,20,2025,7,9,0.4375439882278442,0.0043559670448303,0.1334310850439882,-0.0056221693938816,0.9982956966340008,0.0,0.6771111111111112,-0.1070888888888885,,0.957728252626489,-0.0029302676802702,0.0029302676802702,0.2716,0.6332820803340534,0.2722839103700071,0.2307916488508844,2.263575315475464,0.0004413127899169,0.0014,2.263575315475464,0.2716
cifar,iid,20,2025,7,10,0.4375439882278442,-0.0029340386390686,0.1334310850439882,-0.0041970262298037,0.9982956966340008,0.0,0.6771111111111112,-0.0272333333333332,,0.957728252626489,-0.0001152267459998,0.0001152267459998,0.2716,0.6332820803340534,0.2722839103700071,0.2307916488508844,2.263575315475464,0.0082228183746337,-0.0005999999999999,2.263575315475464,0.2716
cifar,iid,20,2025,7,11,0.4375439882278442,-0.0054700374603271,0.1334310850439882,-0.0051098139980161,0.9982956966340008,-0.0006391137622496,0.6771111111111112,-0.0805111111111112,,0.957728252626489,0.0006784631454227,0.0006784631454227,0.2716,0.6332820803340534,0.2722839103700071,0.2307916488508844,2.263575315475464,0.0106275081634521,0.0005999999999999,2.263575315475464,0.2716
cifar,iid,20,2025,7,12,0.4375439882278442,-0.0077520012855529,0.1334310850439882,0.0014552177740033,0.9982956966340008,-0.0004260758414997,0.6771111111111112,-0.1086222222222219,,0.957728252626489,-0.0012655494972545,0.0012655494972545,0.2716,0.6332820803340534,0.2722839103700071,0.2307916488508844,2.263575315475464,0.0190396308898925,0.0081999999999999,2.263575315475464,0.2716
cifar,iid,20,2025,7,13,0.4375439882278442,-0.0033020377159118,0.1334310850439882,-0.0002431297113075,0.9982956966340008,0.0,0.6771111111111112,-0.0283333333333331,,0.957728252626489,0.0059281271211469,0.0059281271211469,0.2716,0.6332820803340534,0.2722839103700071,0.2307916488508844,2.263575315475464,-0.0111720561981201,-0.0014,2.263575315475464,0.2716
cifar,iid,20,2025,7,14,0.4375439882278442,-0.0059540271759033,0.1334310850439882,-0.0066726955342177,0.9982956966340008,-0.0002130379207498,0.6771111111111112,-0.0427111111111109,,0.957728252626489,0.0002870651318674,0.0002870651318674,0.2716,0.6332820803340534,0.2722839103700071,0.2307916488508844,2.263575315475464,-0.0004932880401611,0.0012,2.263575315475464,0.2716
cifar,iid,20,2025,7,15,0.4375439882278442,-0.0089899897575378,0.1334310850439882,0.0073313782991202,0.9982956966340008,0.0002130379207498,0.6771111111111112,-0.0869777777777776,,0.957728252626489,0.0033327567516794,0.0033327567516794,0.2716,0.6332820803340534,0.2722839103700071,0.2307916488508844,2.263575315475464,-0.0017280578613281,-0.0024,2.263575315475464,0.2716
cifar,iid,20,2025,7,16,0.4375439882278442,5.996227264404297e-05,0.1334310850439882,-0.0032648213887602,0.9982956966340008,0.0,0.6771111111111112,-0.0917999999999998,,0.957728252626489,-0.0013309029231833,0.0013309029231833,0.2716,0.6332820803340534,0.2722839103700071,0.2307916488508844,2.263575315475464,-0.0107190608978271,0.001,2.263575315475464,0.2716
cifar,iid,20,2025,7,17,0.4375439882278442,0.0062059760093688,0.1334310850439882,-0.0036951002222407,0.9982956966340008,0.0,0.6771111111111112,-0.0406777777777778,,0.957728252626489,0.0006392938417189,0.0006392938417189,0.2716,0.6332820803340534,0.2722839103700071,0.2307916488508844,2.263575315475464,-0.0080177783966064,-0.0024,2.263575315475464,0.2716
cifar,iid,20,2025,7,18,0.4375439882278442,0.0086979866027832,0.1334310850439882,-0.0019017606034148,0.9982956966340008,-0.0002130379207498,0.6771111111111112,-0.0754888888888887,,0.957728252626489,-0.0013837086723642,0.0013837086723642,0.2716,0.6332820803340534,0.2722839103700071,0.2307916488508844,2.263575315475464,0.0071766376495361,-0.002,2.263575315475464,0.2716
cifar,iid,20,2025,7,19,0.4375439882278442,-0.0022760033607482,0.1334310850439882,0.0023199739328771,0.9982956966340008,-0.0002130379207498,0.6771111111111112,-0.073422222222222,,0.957728252626489,-0.0018952057475957,0.0018952057475957,0.2716,0.6332820803340534,0.2722839103700071,0.2307916488508844,2.263575315475464,0.0181522369384765,0.0022,2.263575315475464,0.2716
cifar,iid,20,2025,8,0,0.3141779899597168,0.0022099614143371,0.1136757068667051,-0.0005447385930321,0.9887089902002556,-0.0006391137622496,0.7126777777777777,-0.0249222222222222,,0.9525195570789848,-0.0009301443596759,0.0009301443596759,0.3394,0.6191712202502959,0.340452183047933,0.3152106410276031,1.9565808773040767,-0.0022953748703002,-0.0054,1.9565808773040767,0.3394
cifar,iid,20,2025,8,1,0.3141779899597168,-0.0069720149040222,0.1136757068667051,-0.0033517945961386,0.9887089902002556,0.0002130379207498,0.7126777777777777,-0.0578111111111112,,0.9525195570789848,-0.0009411513353845,0.0009411513353845,0.3394,0.6191712202502959,0.340452183047933,0.3152106410276031,1.9565808773040767,0.0093660354614257,0.0053999999999999,1.9565808773040767,0.3394
cifar,iid,20,2025,8,2,0.3141779899597168,0.0086640119552612,0.1136757068667051,0.0013034026669321,0.9887089902002556,0.0008521516829995,0.7126777777777777,-0.0367000000000001,,0.9525195570789848,0.0021805359459566,0.0021805359459566,0.3394,0.6191712202502959,0.340452183047933,0.3152106410276031,1.9565808773040767,-0.0212197303771972,-0.0075999999999999,1.9565808773040767,0.3394
cifar,iid,20,2025,8,3,0.3141779899597168,0.0011039972305297,0.1136757068667051,0.0004573160621074,0.9887089902002556,0.0002130379207498,0.7126777777777777,-0.0393111111111112,,0.9525195570789848,-0.0013808604929359,0.0013808604929359,0.3394,0.6191712202502959,0.340452183047933,0.3152106410276031,1.9565808773040767,-0.0077745914459228,-0.0012,1.9565808773040767,0.3394
cifar,iid,20,2025,8,4,0.3141779899597168,-0.0022100210189819,0.1136757068667051,-0.0017307740883829,0.9887089902002556,0.0006391137622496,0.7126777777777777,-0.0470777777777777,,0.9525195570789848,0.0018190559413312,0.0018190559413312,0.3394,0.6191712202502959,0.340452183047933,0.3152106410276031,1.9565808773040767,-0.0103836059570312,-0.004,1.9565808773040767,0.3394
cifar,iid,20,2025,8,5,0.3141779899597168,0.0062959790229797,0.1136757068667051,-0.0020650338740355,0.9887089902002556,-0.0008521516829995,0.7126777777777777,0.0071888888888889,,0.9525195570789848,0.0002867441245747,0.0002867441245747,0.3394,0.6191712202502959,0.340452183047933,0.3152106410276031,1.9565808773040767,-0.0005488395690917,-0.0004,1.9565808773040767,0.3394
cifar,iid,20,2025,8,6,0.3141779899597168,-0.0096639990806579,0.1136757068667051,0.0016474049799126,0.9887089902002556,-0.0010651896037494,0.7126777777777777,-0.0394111111111112,,0.9525195570789848,0.003456985281285,0.003456985281285,0.3394,0.6191712202502959,0.340452183047933,0.3152106410276031,1.9565808773040767,0.0198739767074584,0.007,1.9565808773040767,0.3394
cifar,iid,20,2025,8,7,0.3141779899597168,-0.0009700059890747,0.1136757068667051,-0.002426976913925,0.9887089902002556,-0.0014912654452492,0.7126777777777777,-0.0658888888888888,,0.9525195570789848,0.0001833611229041,0.0001833611229041,0.3394,0.6191712202502959,0.340452183047933,0.3152106410276031,1.9565808773040767,0.0176727771759033,0.004,1.9565808773040767,0.3394
cifar,iid,20,2025,8,8,0.3141779899597168,0.0080400109291076,0.1136757068667051,0.0023762718384565,0.9887089902002556,0.001917341286749,0.7126777777777777,-0.0034444444444445,,0.9525195570789848,0.0026054118906495,0.0026054118906495,0.3394,0.6191712202502959,0.340452183047933,0.3152106410276031,1.9565808773040767,-0.0244241952896118,-0.0104,1.9565808773040767,0.3394
cifar,iid,20,2025,8,9,0.3141779899597168,0.0057259798049926,0.1136757068667051,0.0012837760309702,0.9887089902002556,0.0002130379207498,0.7126777777777777,-0.0344333333333335,,0.9525195570789848,6.624935112886643e-05,6.624935112886643e-05,0.3394,0.6191712202502959,0.340452183047933,0.3152106410276031,1.9565808773040767,0.0019624233245849,-0.0024,1.9565808773040767,0.3394
cifar,iid,20,2025,8,10,0.3141779899597168,-0.0051860213279724,0.1136757068667051,0.0004463596685537,0.9887089902002556,0.0,0.7126777777777777,-0.0509444444444444,,0.9525195570789848,0.0025370260214284,0.0025370260214284,0.3394,0.6191712202502959,0.340452183047933,0.3152106410276031,1.9565808773040767,0.0073038339614868,0.0011999999999999,1.9565808773040767,0.3394
cifar,iid,20,2025,8,11,0.3141779899597168,-0.0074819922447204,0.1136757068667051,-0.0026710063386468,0.9887089902002556,-0.0012782275244993,0.7126777777777777,-0.0290888888888889,,0.9525195570789848,0.0016312880419814,0.0016312880419814,0.3394,0.6191712202502959,0.340452183047933,0.3152106410276031,1.9565808773040767,0.0103074312210083,0.003,1.9565808773040767,0.3394
cifar,iid,20,2025,8,12,0.3141779899597168,-0.0039139986038208,0.1136757068667051,7.947378842376729e-05,0.9887089902002556,-0.0006391137622496,0.7126777777777777,0.0005444444444446,,0.9525195570789848,-0.0013070322800649,0.0013070322800649,0.3394,0.6191712202502959,0.340452183047933,0.3152106410276031,1.9565808773040767,0.0120798349380493,0.0073999999999999,1.9565808773040767,0.3394
cifar,iid,20,2025,8,13,0.3141779899597168,-0.001688003540039,0.1136757068667051,-0.0022164331218204,0.9887089902002556,-0.0002130379207498,0.7126777777777777,-0.0771555555555556,,0.9525195570789848,0.0017198647958537,0.0017198647958537,0.3394,0.6191712202502959,0.340452183047933,0.3152106410276031,1.9565808773040767,-0.004641056060791,-0.0026,1.9565808773040767,0.3394
cifar,iid,20,2025,8,14,0.3141779899597168,-0.0071820020675659,0.1136757068667051,-0.0002261622921733,0.9887089902002556,-0.0008521516829995,0.7126777777777777,-0.025011111111111,,0.9525195570789848,0.0014003708247999,0.0014003708247999,0.3394,0.6191712202502959,0.340452183047933,0.3152106410276031,1.9565808773040767,0.0033200979232788,0.0021999999999999,1.9565808773040767,0.3394
cifar,iid,20,2025,8,15,0.3141779899597168,-0.0083060264587402,0.1136757068667051,0.0058156953922358,0.9887089902002556,0.0017043033659991,0.7126777777777777,-0.0877222222222222,,0.9525195570789848,0.000480624522712,0.000480624522712,0.3394,0.6191712202502959,0.340452183047933,0.3152106410276031,1.9565808773040767,-0.0043898820877075,-0.0022,1.9565808773040767,0.3394
cifar,iid,20,2025,8,16,0.3141779899597168,-0.0014399886131286,0.1136757068667051,-0.0031627811058034,0.9887089902002556,0.0006391137622496,0.7126777777777777,-0.0459666666666667,,0.9525195570789848,0.0014554046572727,0.0014554046572727,0.3394,0.6191712202502959,0.340452183047933,0.3152106410276031,1.9565808773040767,-0.0180240869522094,-0.0048,1.9565808773040767,0.3394
cifar,iid,20,2025,8,17,0.3141779899597168,-0.0014780163764953,0.1136757068667051,-0.0058645230183523,0.9887089902002556,-0.0002130379207498,0.7126777777777777,-0.056788888888889,,0.9525195570789848,-1.4211244365625042e-05,1.4211244365625042e-05,0.3394,0.6191712202502959,0.340452183047933,0.3152106410276031,1.9565808773040767,-0.0046621561050415,-0.0028,1.9565808773040767,0.3394
cifar,iid,20,2025,8,18,0.3141779899597168,0.0052520036697387,0.1136757068667051,6.555692437526517e-05,0.9887089902002556,0.0,0.7126777777777777,-0.0421888888888888,,0.9525195570789848,0.000783899642971,0.000783899642971,0.3394,0.6191712202502959,0.340452183047933,0.3152106410276031,1.9565808773040767,0.0071128606796264,-0.0008,1.9565808773040767,0.3394
cifar,iid,20,2025,8,19,0.3141779899597168,0.0005499720573425,0.1136757068667051,0.0055990072734454,0.9887089902002556,-0.0008521516829995,0.7126777777777777,-0.0013444444444445,,0.9525195570789848,0.0031972003246358,0.0031972003246358,0.3394,0.6191712202502959,0.340452183047933,0.3152106410276031,1.9565808773040767,0.0172730684280395,0.0011999999999999,1.9565808773040767,0.3394
cifar,iid,20,2025,9,0,0.2795100212097168,0.0009840130805969,0.0925652387986213,0.0017892505116521,0.9816105109846808,0.0006391137622496,0.6948444444444444,0.0252444444444444,,0.9416790344176402,0.0001933375490148,0.0001933375490148,0.4008,0.6087094726806417,0.4023819820820939,0.3882176347887014,1.7177835702896118,-0.0097163915634155,-0.008,1.7177835702896118,0.4008
cifar,iid,20,2025,9,1,0.2795100212097168,-0.0047679543495178,0.0925652387986213,0.0008404132751915,0.9816105109846808,0.0012782275244993,0.6948444444444444,-0.0390444444444448,,0.9416790344176402,-0.0002139718776272,0.0002139718776272,0.4008,0.6087094726806417,0.4023819820820939,0.3882176347887014,1.7177835702896118,0.0039719343185424,0.003,1.7177835702896118,0.4008
cifar,iid,20,2025,9,2,0.2795100212097168,-0.0008800029754638,0.0925652387986213,2.6479108698795883e-05,0.9816105109846808,0.0025564550489987,0.6948444444444444,0.0160666666666666,,0.9416790344176402,-0.0004990843223179,0.0004990843223179,0.4008,0.6087094726806417,0.4023819820820939,0.3882176347887014,1.7177835702896118,-0.0166859626770019,-0.0045999999999999,1.7177835702896118,0.4008
cifar,iid,20,2025,9,3,0.2795100212097168,-0.0018360018730163,0.0925652387986213,-0.0007549969577637,0.9816105109846808,0.0043331634599586,0.6948444444444444,0.0064444444444444,,0.9416790344176402,0.002038593440965,0.002038593440965,0.4008,0.6087094726806417,0.4023819820820939,0.3882176347887014,1.7177835702896118,-0.0064198970794677,-0.0014,1.7177835702896118,0.4008
cifar,iid,20,2025,9,4,0.2795100212097168,0.0006760358810424,0.0925652387986213,-0.0020227670521831,0.9816105109846808,0.0012782275244993,0.6948444444444444,-0.0236666666666667,,0.9416790344176402,0.0012356115064804,0.0012356115064804,0.4008,0.6087094726806417,0.4023819820820939,0.3882176347887014,1.7177835702896118,-0.0115915536880493,-0.0044,1.7177835702896118,0.4008
cifar,iid,20,2025,9,5,0.2795100212097168,-0.0019919872283935,0.0925652387986213,-0.0006760044179549,0.9816105109846808,0.0032679738562091,0.6948444444444444,-0.0062222222222221,,0.9416790344176402,-0.0019480014538406,0.0019480014538406,0.4008,0.6087094726806417,0.4023819820820939,0.3882176347887014,1.7177835702896118,0.007730484008789,-0.0004,1.7177835702896118,0.4008
cifar,iid,20,2025,9,6,0.2795100212097168,-0.0011519789695739,0.0925652387986213,1.896566205306094e-05,0.9816105109846808,-0.0012782275244993,0.6948444444444444,-0.0040222222222221,,0.9416790344176402,-0.0017335681233571,0.0017335681233571,0.4008,0.6087094726806417,0.4023819820820939,0.3882176347887014,1.7177835702896118,0.0185996294021606,0.0054,1.7177835702896118,0.4008
cifar,iid,20,2025,9,7,0.2795100212097168,0.0007399916648864,0.0925652387986213,0.002968424463131,0.9816105109846808,-0.0017043033659991,0.6948444444444444,-0.0332444444444446,,0.9416790344176402,8.88334896604892e-05,8.88334896604892e-05,0.4008,0.6087094726806417,0.4023819820820939,0.3882176347887014,1.7177835702896118,0.0187070369720459,0.0027999999999999,1.7177835702896118,0.4008
cifar,iid,20,2025,9,8,0.2795100212097168,-0.0032339692115783,0.0925652387986213,-0.0004129694338241,0.9816105109846808,0.003834682573498,0.6948444444444444,0.0026666666666665,,0.9416790344176402,-0.0066295130110312,0.0066295130110312,0.4008,0.6087094726806417,0.4023819820820939,0.3882176347887014,1.7177835702896118,-0.0184448957443237,-0.0104,1.7177835702896118,0.4008
cifar,iid,20,2025,9,9,0.2795100212097168,-0.001609981060028,0.0925652387986213,0.0008579217254506,0.9816105109846808,0.001917341286749,0.6948444444444444,-0.0169111111111111,,0.9416790344176402,-0.0011436976966798,0.0011436976966798,0.4008,0.6087094726806417,0.4023819820820939,0.3882176347887014,1.7177835702896118,-0.0092170238494873,-0.0042,1.7177835702896118,0.4008
cifar,iid,20,2025,9,10,0.2795100212097168,-0.0037139654159545,0.0925652387986213,-0.0006300274735679,0.9816105109846808,0.0,0.6948444444444444,0.0011777777777779,,0.9416790344176402,-0.000946769150645,0.000946769150645,0.4008,0.6087094726806417,0.4023819820820939,0.3882176347887014,1.7177835702896118,0.0057188272476196,0.001,1.7177835702896118,0.4008
cifar,iid,20,2025,9,11,0.2795100212097168,-0.0014779567718505,0.0925652387986213,-0.0006760044179549,0.9816105109846808,-0.0014912654452492,0.6948444444444444,-0.0284222222222223,,0.9416790344176402,-0.0005870455591086,0.0005870455591086,0.4008,0.6087094726806417,0.4023819820820939,0.3882176347887014,1.7177835702896118,0.0067250728607177,0.0007999999999999,1.7177835702896118,0.4008
cifar,iid,20,2025,9,12,0.2795100212097168,-0.0016779899597167,0.0925652387986213,-0.0014646119476473,0.9816105109846808,0.0019897463317097,0.6948444444444444,0.0310444444444444,,0.9416790344176402,0.0028124235587704,0.0028124235587704,0.4008,0.6087094726806417,0.4023819820820939,0.3882176347887014,1.7177835702896118,0.0097420215606689,0.0037999999999999,1.7177835702896118,0.4008
cifar,iid,20,2025,9,13,0.2795100212097168,0.000182032585144,0.0925652387986213,0.0069488004424569,0.9816105109846808,0.0004260758414997,0.6948444444444444,0.0346666666666666,,0.9416790344176402,0.0010433585680371,0.0010433585680371,0.4008,0.6087094726806417,0.4023819820820939,0.3882176347887014,1.7177835702896118,-0.0040513277053833,-0.0065999999999999,1.7177835702896118,0.4008
cifar,iid,20,2025,9,14,0.2795100212097168,-0.0075939893722534,0.0925652387986213,0.0002651400819382,0.9816105109846808,-0.0006391137622496,0.6948444444444444,-0.0120666666666666,,0.9416790344176402,0.0007652834829143,0.0007652834829143,0.4008,0.6087094726806417,0.4023819820820939,0.3882176347887014,1.7177835702896118,0.0085426568984985,0.0031999999999999,1.7177835702896118,0.4008
cifar,iid,20,2025,9,15,0.2795100212097168,-0.0082659721374511,0.0925652387986213,-0.000127257523105,0.9816105109846808,0.0029825308904984,0.6948444444444444,-0.0438888888888888,,0.9416790344176402,0.0032935203331032,0.0032935203331032,0.4008,0.6087094726806417,0.4023819820820939,0.3882176347887014,1.7177835702896118,-0.0090769529342651,-0.0038,1.7177835702896118,0.4008
cifar,iid,20,2025,9,16,0.2795100212097168,-0.0048499703407287,0.0925652387986213,-0.0003660513645027,0.9816105109846808,0.0,0.6948444444444444,-0.0231777777777779,,0.9416790344176402,-0.0006097105723469,0.0006097105723469,0.4008,0.6087094726806417,0.4023819820820939,0.3882176347887014,1.7177835702896118,-0.0065345764160156,-0.0022,1.7177835702896118,0.4008
cifar,iid,20,2025,9,17,0.2795100212097168,-0.0031599998474121,0.0925652387986213,-0.003142703973949,0.9816105109846808,0.003481011776959,0.6948444444444444,-0.0409111111111111,,0.9416790344176402,-0.0011333790657166,0.0011333790657166,0.4008,0.6087094726806417,0.4023819820820939,0.3882176347887014,1.7177835702896118,-0.0015581846237182,-0.0032,1.7177835702896118,0.4008
cifar,iid,20,2025,9,18,0.2795100212097168,0.0005040168762207,0.0925652387986213,0.0006336984563229,0.9816105109846808,-0.0008521516829995,0.6948444444444444,-0.0056,,0.9416790344176402,-0.0019955515252024,0.0019955515252024,0.4008,0.6087094726806417,0.4023819820820939,0.3882176347887014,1.7177835702896118,0.0044500827789306,-0.0005999999999999,1.7177835702896118,0.4008
cifar,iid,20,2025,9,19,0.2795100212097168,0.0008720159530639,0.0925652387986213,0.0042573946940333,0.9816105109846808,-0.0006391137622496,0.6948444444444444,-0.0220222222222223,,0.9416790344176402,-0.0080635827735455,0.0080635827735455,0.4008,0.6087094726806417,0.4023819820820939,0.3882176347887014,1.7177835702896118,0.0221906900405883,0.0017999999999999,1.7177835702896118,0.4008
cifar,iid,20,2025,10,0,0.2774080038070678,0.0013660192489624,0.0818926296633303,0.0066911972550939,0.9831059536440624,0.0,0.6548666666666665,-0.0543111111111112,,0.9449261746747132,0.0037106843403936,0.0037106843403936,0.448,0.6232019131703674,0.4500545038387374,0.4406644357178296,1.5663095712661743,-0.0140022039413452,-0.005,1.5663095712661743,0.448
cifar,iid,20,2025,10,1,0.2774080038070678,-0.0018540024757385,0.0818926296633303,0.0021296396906775,0.9831059536440624,-0.0006391137622496,0.6548666666666665,-0.0161111111111114,,0.9449261746747132,-0.003898655986562,0.003898655986562,0.448,0.6232019131703674,0.4500545038387374,0.4406644357178296,1.5663095712661743,0.0126383304595947,0.005,1.5663095712661743,0.448
cifar,iid,20,2025,10,2,0.2774080038070678,-0.0011680126190185,0.0818926296633303,0.0006651928402255,0.9831059536440624,-0.0048316443464191,0.6548666666666665,0.0536444444444441,,0.9449261746747132,-3.716555845711955e-05,3.716555845711955e-05,0.448,0.6232019131703674,0.4500545038387374,0.4406644357178296,1.5663095712661743,-0.0156973600387573,-0.0054,1.5663095712661743,0.448
cifar,iid,20,2025,10,3,0.2774080038070678,7.802248001098633e-05,0.0818926296633303,-0.0016641174322907,0.9831059536440624,0.0002130379207498,0.6548666666666665,-0.0451555555555556,,0.9449261746747132,-0.0012523141915049,0.0012523141915049,0.448,0.6232019131703674,0.4500545038387374,0.4406644357178296,1.5663095712661743,-0.006029725074768,-0.0015999999999999,1.5663095712661743,0.448
cifar,iid,20,2025,10,4,0.2774080038070678,0.0006800293922424,0.0818926296633303,-0.001029826634294,0.9831059536440624,0.0012782275244993,0.6548666666666665,0.0408888888888885,,0.9449261746747132,-0.0011281053844731,0.0011281053844731,0.448,0.6232019131703674,0.4500545038387374,0.4406644357178296,1.5663095712661743,-0.0138092041015625,-0.004,1.5663095712661743,0.448
cifar,iid,20,2025,10,5,0.2774080038070678,-0.0011360049247741,0.0818926296633303,0.0004549590536851,0.9831059536440624,-0.0017043033659991,0.6548666666666665,-0.0052444444444446,,0.9449261746747132,-0.0011312732003819,0.0011312732003819,0.448,0.6232019131703674,0.4500545038387374,0.4406644357178296,1.5663095712661743,0.0149170160293579,0.0044,1.5663095712661743,0.448
cifar,iid,20,2025,10,6,0.2774080038070678,-0.0002279877662658,0.0818926296633303,0.0040181450091846,0.9831059536440624,-0.0008521516829995,0.6548666666666665,-0.001155555555556,,0.9449261746747132,-0.0028337975740893,0.0028337975740893,0.448,0.6232019131703674,0.4500545038387374,0.4406644357178296,1.5663095712661743,0.0158780813217163,0.0048,1.5663095712661743,0.448
cifar,iid,20,2025,10,7,0.2774080038070678,0.0014939904212951,0.0818926296633303,0.0019109111989793,0.9831059536440624,0.0019897463317097,0.6548666666666665,-0.0526000000000002,,0.9449261746747132,0.0028404152377161,0.0028404152377161,0.448,0.6232019131703674,0.4500545038387374,0.4406644357178296,1.5663095712661743,0.0220739841461181,0.0055999999999999,1.5663095712661743,0.448
cifar,iid,20,2025,10,8,0.2774080038070678,-0.006056010723114,0.0818926296633303,-0.0008074150393965,0.9831059536440624,0.0031955688112483,0.6548666666666665,-0.0590222222222225,,0.9449261746747132,0.0024153153323428,0.0024153153323428,0.448,0.6232019131703674,0.4500545038387374,0.4406644357178296,1.5663095712661743,-0.0112873315811157,-0.007,1.5663095712661743,0.448
cifar,iid,20,2025,10,9,0.2774080038070678,0.0010139942169189,0.0818926296633303,0.0014070181525389,0.9831059536440624,-0.00156367049021,0.6548666666666665,-0.0203222222222223,,0.9449261746747132,0.0043816727211215,0.0043816727211215,0.448,0.6232019131703674,0.4500545038387374,0.4406644357178296,1.5663095712661743,-0.0113345384597778,-0.0031999999999999,1.5663095712661743,0.448
cifar,iid,20,2025,10,10,0.2774080038070678,-0.0012159943580627,0.0818926296633303,0.0016401499518785,0.9831059536440624,-0.0006391137622496,0.6548666666666665,-0.0251777777777779,,0.9449261746747132,-0.0041243339383347,0.0041243339383347,0.448,0.6232019131703674,0.4500545038387374,0.4406644357178296,1.5663095712661743,-0.0022388696670532,-0.0014,1.5663095712661743,0.448
cifar,iid,20,2025,10,11,0.2774080038070678,-0.0034400224685668,0.0818926296633303,0.0024194234871268,0.9831059536440624,-0.0014912654452492,0.6548666666666665,-0.056577777777778,,0.9449261746747132,-0.0037342710656449,0.0037342710656449,0.448,0.6232019131703674,0.4500545038387374,0.4406644357178296,1.5663095712661743,0.0099472999572753,0.0038,1.5663095712661743,0.448
cifar,iid,20,2025,10,12,0.2774080038070678,0.0018500089645385,0.0818926296633303,-0.0012513957796501,0.9831059536440624,-0.0014912654452492,0.6548666666666665,0.0156666666666667,,0.9449261746747132,-0.0059373851672736,0.0059373851672736,0.448,0.6232019131703674,0.4500545038387374,0.4406644357178296,1.5663095712661743,0.0085073709487915,0.0042,1.5663095712661743,0.448
cifar,iid,20,2025,10,13,0.2774080038070678,0.000432014465332,0.0818926296633303,0.0062169539876546,0.9831059536440624,0.0002130379207498,0.6548666666666665,-0.0265111111111113,,0.9449261746747132,-0.0003290725183342,0.0003290725183342,0.448,0.6232019131703674,0.4500545038387374,0.4406644357178296,1.5663095712661743,-0.0030183792114257,-0.0031999999999999,1.5663095712661743,0.448
cifar,iid,20,2025,10,14,0.2774080038070678,-0.0042719841003417,0.0818926296633303,0.0001116210308905,0.9831059536440624,0.00156367049021,0.6548666666666665,-0.0078000000000002,,0.9449261746747132,-0.0024610507217583,0.0024610507217583,0.448,0.6232019131703674,0.4500545038387374,0.4406644357178296,1.5663095712661743,0.010528564453125,0.002,1.5663095712661743,0.448
cifar,iid,20,2025,10,15,0.2774080038070678,-0.0015400052070617,0.0818926296633303,0.0092794517162214,0.9831059536440624,-0.0007115188072104,0.6548666666666665,-0.0222666666666668,,0.9449261746747132,0.0002753397877598,0.0002753397877598,0.448,0.6232019131703674,0.4500545038387374,0.4406644357178296,1.5663095712661743,-0.023701786994934,-0.0064,1.5663095712661743,0.448
cifar,iid,20,2025,10,16,0.2774080038070678,-0.0015599727630615,0.0818926296633303,-0.0049660562052564,0.9831059536440624,-0.0008521516829995,0.6548666666666665,-0.0478444444444443,,0.9449261746747132,-0.0004085777736416,0.0004085777736416,0.448,0.6232019131703674,0.4500545038387374,0.4406644357178296,1.5663095712661743,0.0010156631469726,0.0004,1.5663095712661743,0.448
cifar,iid,20,2025,10,17,0.2774080038070678,-0.0019019842147827,0.0818926296633303,-0.0018198362147406,0.9831059536440624,0.0030549359354592,0.6548666666666665,-0.0215555555555555,,0.9449261746747132,-0.004946661690138,0.004946661690138,0.448,0.6232019131703674,0.4500545038387374,0.4406644357178296,1.5663095712661743,0.0039767026901245,0.0012,1.5663095712661743,0.448
cifar,iid,20,2025,10,18,0.2774080038070678,-0.0017259716987609,0.0818926296633303,0.000920969744302,0.9831059536440624,-0.001917341286749,0.6548666666666665,-0.0238,,0.9449261746747132,-0.0023471260625297,0.0023471260625297,0.448,0.6232019131703674,0.4500545038387374,0.4406644357178296,1.5663095712661743,0.0005043745040893,0.0018,1.5663095712661743,0.448
cifar,iid,20,2025,10,19,0.2774080038070678,0.0021380186080932,0.0818926296633303,0.0060935429053394,0.9831059536440624,-0.0017043033659991,0.6548666666666665,0.0606888888888887,,0.9449261746747132,0.0001045776440772,0.0001045776440772,0.448,0.6232019131703674,0.4500545038387374,0.4406644357178296,1.5663095712661743,0.0189753770828247,0.0032,1.5663095712661743,0.448
cifar,iid,4,2025,1,0,0.6734600067138672,0.009950041770935,0.3705234159779614,0.0768171222716677,1.0,0.0,0.8213333333333332,-0.0183999999999999,,0.9761310881355716,-0.0065795656254341,0.0065795656254341,0.1538,0.2699046143299143,0.1543432691951388,0.0757221601683807,2.8220245838165283,0.00362229347229,0.0025999999999999,2.8220245838165283,0.1538
cifar,iid,4,2025,1,1,0.6734600067138672,0.0001460313796997,0.3705234159779614,-0.1967703611566261,1.0,0.0,0.8213333333333332,-0.0344222222222223,,0.9761310881355716,-0.0048822045815185,0.0048822045815185,0.1538,0.2699046143299143,0.1543432691951388,0.0757221601683807,2.8220245838165283,0.0106792449951171,0.0073999999999999,2.8220245838165283,0.1538
cifar,iid,4,2025,1,2,0.6734600067138672,-0.0278719663619995,0.3705234159779614,-0.0421271864316771,1.0,0.0,0.8213333333333332,-0.0081555555555556,,0.9761310881355716,0.0012426489265257,0.0012426489265257,0.1538,0.2699046143299143,0.1543432691951388,0.0757221601683807,2.8220245838165283,0.0235311985015869,0.0177999999999999,2.8220245838165283,0.1538
cifar,iid,4,2025,1,3,0.6734600067138672,-0.110830008983612,0.3705234159779614,0.0733873777918039,1.0,0.0,0.8213333333333332,0.0038888888888888,,0.9761310881355716,0.0023344793560827,0.0023344793560827,0.1538,0.2699046143299143,0.1543432691951388,0.0757221601683807,2.8220245838165283,-0.0142316818237304,0.0101999999999999,2.8220245838165283,0.1538
cifar,iid,4,2025,2,0,0.3627160191535949,-0.0060479640960693,0.2197238658777119,-0.0121545440989053,0.9943412672553754,-0.000584809978529,0.5577111111111113,-0.1104444444444441,,0.9517526160888627,0.0005390680902334,0.0005390680902334,0.5132,0.5863668589671304,0.5149845636601361,0.5162962530073841,1.381785869598389,-0.0604523420333862,-0.017,1.381785869598389,0.5132
cifar,iid,4,2025,2,1,0.3627160191535949,-0.0169739723205566,0.2197238658777119,0.0127715619165155,0.9943412672553754,0.0088877192689318,0.5577111111111113,-0.0745999999999997,,0.9517526160888627,0.0148197772227517,0.0148197772227517,0.5132,0.5863668589671304,0.5149845636601361,0.5162962530073841,1.381785869598389,0.0534151792526245,0.0183999999999999,1.381785869598389,0.5132
cifar,iid,4,2025,2,2,0.3627160191535949,-0.0288319587707519,0.2197238658777119,-0.0082384137450842,0.9943412672553754,0.008738731964878,0.5577111111111113,0.0228111111111113,,0.9517526160888627,0.0026736831069027,0.0026736831069027,0.5132,0.5863668589671304,0.5149845636601361,0.5162962530073841,1.381785869598389,0.0291899442672729,0.0125999999999999,1.381785869598389,0.5132
cifar,iid,4,2025,2,3,0.3627160191535949,-0.0009099841117858,0.2197238658777119,0.0166923541106597,0.9943412672553754,-1.8101261240133223e-05,0.5577111111111113,-0.1326444444444443,,0.9517526160888627,-0.000756919270866,0.000756919270866,0.5132,0.5863668589671304,0.5149845636601361,0.5162962530073841,1.381785869598389,0.0554660558700561,0.0171999999999999,1.381785869598389,0.5132
cifar,iid,4,2025,3,0,0.3658000230789184,0.0070500373840332,0.1481481481481481,-0.0027691242644514,0.9969840513964426,-0.0021972146336165,0.7269111111111113,0.0827777777777776,,0.9561757964616042,0.0008675279210702,0.0008675279210702,0.565,0.6281243935673166,0.566394745316078,0.568925646348274,1.2402652502059937,-0.0776435136795044,-0.0204,1.2402652502059937,0.565
cifar,iid,4,2025,3,1,0.3658000230789184,0.0125720500946044,0.1481481481481481,0.0308426893792747,0.9969840513964426,0.0142192369065222,0.7269111111111113,0.0425333333333335,,0.9561757964616042,0.0072065098263423,0.0072065098263423,0.565,0.6281243935673166,0.566394745316078,0.568925646348274,1.2402652502059937,0.0516893863677978,0.0101999999999999,1.2402652502059937,0.565
cifar,iid,4,2025,3,2,0.3658000230789184,-0.0703519582748413,0.1481481481481481,-0.0113159832260956,0.9969840513964426,0.0018546830747637,0.7269111111111113,0.0794000000000001,,0.9561757964616042,-0.004419680348815,0.004419680348815,0.565,0.6281243935673166,0.566394745316078,0.568925646348274,1.2402652502059937,0.0116345882415771,0.0071999999999999,1.2402652502059937,0.565
cifar,iid,4,2025,3,3,0.3658000230789184,-0.038979947566986,0.1481481481481481,-0.0076711474108105,0.9969840513964426,-0.0021262019933666,0.7269111111111113,0.0570222222222223,,0.9561757964616042,0.0023428044280106,0.0023428044280106,0.565,0.6281243935673166,0.566394745316078,0.568925646348274,1.2402652502059937,0.1292259693145752,0.0293999999999999,1.2402652502059937,0.565
cifar,iid,4,2025,4,0,0.3174700140953064,-0.0007339715957641,0.1032967032967032,-0.0043139161723232,0.9944944317735616,0.0103706302859163,0.6523777777777777,0.072888888888889,,0.9477154052339688,0.0019588881358878,0.0019588881358878,0.5778,0.643971037318488,0.5796099729381561,0.580095867377327,1.1953896284103394,-0.0537474155426025,-0.0118,1.1953896284103394,0.5778
cifar,iid,4,2025,4,1,0.3174700140953064,-0.0305339694023132,0.1032967032967032,0.0173620723749258,0.9944944317735616,0.0105920226349309,0.6523777777777777,-0.0586444444444447,,0.9477154052339688,0.0210477501741124,0.0210477501741124,0.5778,0.643971037318488,0.5796099729381561,0.580095867377327,1.1953896284103394,0.0498520135879516,0.0148,1.1953896284103394,0.5778
cifar,iid,4,2025,4,2,0.3174700140953064,-0.0246559977531433,0.1032967032967032,0.0017146883091928,0.9944944317735616,-0.0054679732992473,0.6523777777777777,0.1093111111111113,,0.9477154052339688,-0.0088947200685158,0.0088947200685158,0.5778,0.643971037318488,0.5796099729381561,0.580095867377327,1.1953896284103394,0.2008701562881469,0.0505999999999999,1.1953896284103394,0.5778
cifar,iid,4,2025,4,3,0.3174700140953064,-0.0258359909057617,0.1032967032967032,-0.00493774474357,0.9944944317735616,0.0039029104043264,0.6523777777777777,0.0421333333333333,,0.9477154052339688,8.962216059915651e-05,8.962216059915651e-05,0.5778,0.643971037318488,0.5796099729381561,0.580095867377327,1.1953896284103394,0.0427370071411132,0.0091999999999999,1.1953896284103394,0.5778
cifar,iid,4,2025,5,0,0.3314539790153503,-0.0148659944534301,0.0749912800837111,-0.001879235802862,0.9863906363568008,0.0090241749305886,0.715888888888889,0.0190222222222222,,0.942833193635451,0.0065283657980936,0.0065283657980936,0.6036,0.6692092762366062,0.6048597527036488,0.6049831234197904,1.112731695175171,0.0096106529235839,0.008,1.112731695175171,0.6036
cifar,iid,4,2025,5,1,0.3314539790153503,-0.0292960405349731,0.0749912800837111,0.0130351366796039,0.9863906363568008,-0.004755062087326,0.715888888888889,0.012188888888889,,0.942833193635451,-0.0012408238088659,0.0012408238088659,0.6036,0.6692092762366062,0.6048597527036488,0.6049831234197904,1.112731695175171,0.0374976396560668,0.0151999999999999,1.112731695175171,0.6036
cifar,iid,4,2025,5,2,0.3314539790153503,-0.0530280470848083,0.0749912800837111,-0.0060785067946841,0.9863906363568008,-0.0041925305841694,0.715888888888889,0.0596222222222226,,0.942833193635451,0.0003347855540429,0.0003347855540429,0.6036,0.6692092762366062,0.6048597527036488,0.6049831234197904,1.112731695175171,0.1710031032562255,0.0504,1.112731695175171,0.6036
cifar,iid,4,2025,5,3,0.3314539790153503,-0.0140480399131774,0.0749912800837111,0.0069686058589695,0.9863906363568008,-0.0054749353228011,0.715888888888889,0.0037555555555555,,0.942833193635451,-0.0067762902103023,0.0067762902103023,0.6036,0.6692092762366062,0.6048597527036488,0.6049831234197904,1.112731695175171,0.0202350616455078,0.0056,1.112731695175171,0.6036
cifar,iid,4,2025,6,0,0.3428059816360473,-0.0073960423469543,0.050034746351633,-0.001773320407755,0.9883762054743784,0.0083126561233781,0.7696000000000001,0.1185444444444445,,0.9479827687920668,0.0158188805545631,0.0158188805545631,0.6144,0.6689048865461378,0.6154479239778181,0.6143598998157604,1.109208583831787,-0.0136607885360717,-0.0014,1.109208583831787,0.6144
cifar,iid,4,2025,6,1,0.3428059816360473,-0.0472580194473266,0.050034746351633,0.0082803603867207,0.9883762054743784,0.0031997460253807,0.7696000000000001,0.0779777777777779,,0.9479827687920668,0.0109994211300844,0.0109994211300844,0.6144,0.6689048865461378,0.6154479239778181,0.6143598998157604,1.109208583831787,-0.0139479637145996,0.0001999999999999,1.109208583831787,0.6144
cifar,iid,4,2025,6,2,0.3428059816360473,-0.0262620449066162,0.050034746351633,-0.0018614612331973,0.9883762054743784,0.0117212628553764,0.7696000000000001,0.0382888888888888,,0.9479827687920668,0.0098111322003655,0.0098111322003655,0.6144,0.6689048865461378,0.6154479239778181,0.6143598998157604,1.109208583831787,0.2059528827667236,0.0487999999999999,1.109208583831787,0.6144
cifar,iid,4,2025,6,3,0.3428059816360473,0.0074679851531982,0.050034746351633,-0.0015846868467475,0.9883762054743784,-0.0008563288971319,0.7696000000000001,0.0404222222222221,,0.9479827687920668,-0.0078836081337861,0.0078836081337861,0.6144,0.6689048865461378,0.6154479239778181,0.6143598998157604,1.109208583831787,0.0812224149703979,0.0181999999999999,1.109208583831787,0.6144
cifar,iid,4,2025,7,0,0.3744480013847351,-0.0049459934234619,0.0466141732283464,-0.0007776842780148,0.9857473453804187,0.0013506325694601,0.6352222222222224,-0.1114444444444444,,0.940529821525086,-0.010925462933792,0.010925462933792,0.6328,0.6741241069145528,0.6335716127711901,0.6300491491983407,1.0649887323379517,0.052598237991333,0.0094,1.0649887323379517,0.6328
cifar,iid,4,2025,7,1,0.3744480013847351,-0.0476279854774475,0.0466141732283464,0.0047038418443309,0.9857473453804187,-0.0123784778788663,0.6352222222222224,0.0152000000000001,,0.940529821525086,-0.0027256838930324,0.0027256838930324,0.6328,0.6741241069145528,0.6335716127711901,0.6300491491983407,1.0649887323379517,-0.0239437818527221,-0.0018,1.0649887323379517,0.6328
cifar,iid,4,2025,7,2,0.3744480013847351,0.0037720203399658,0.0466141732283464,0.0013360361002739,0.9857473453804187,0.0110821490931267,0.6352222222222224,0.0077111111111112,,0.940529821525086,-0.0146302519618146,0.0146302519618146,0.6328,0.6741241069145528,0.6335716127711901,0.6300491491983407,1.0649887323379517,0.1735265254974365,0.0432,1.0649887323379517,0.6328
cifar,iid,4,2025,7,3,0.3744480013847351,0.017840027809143,0.0466141732283464,0.0001457717413576,0.9857473453804187,-0.0020621513766705,0.6352222222222224,0.0188999999999999,,0.940529821525086,-0.0124905999293967,0.0124905999293967,0.6328,0.6741241069145528,0.6335716127711901,0.6300491491983407,1.0649887323379517,0.0596777200698852,0.016,1.0649887323379517,0.6328
cifar,iid,4,2025,8,0,0.3463559746742248,-7.200241088867188e-05,0.0356917245735944,-0.0013453124634426,0.979782283599422,-0.0034086067319982,0.6833111111111112,0.0001555555555556,,0.9392436497483032,0.0002826620378477,0.0002826620378477,0.6394,0.6764001506217511,0.6403889980641345,0.6383508967046898,1.0556631088256836,0.0100831985473632,-0.001,1.0556631088256836,0.6394
cifar,iid,4,2025,8,1,0.3463559746742248,-0.0363060235977172,0.0356917245735944,0.0046192220677475,0.979782283599422,-0.016697717291717,0.6833111111111112,-0.0327555555555554,,0.9392436497483032,0.0081875287906088,0.0081875287906088,0.6394,0.6764001506217511,0.6403889980641345,0.6383508967046898,1.0556631088256836,0.0092397928237915,0.0107999999999999,1.0556631088256836,0.6394
cifar,iid,4,2025,8,2,0.3463559746742248,0.0073499679565429,0.0356917245735944,0.0058744754552872,0.979782283599422,0.0065401249265506,0.6833111111111112,-0.1018222222222222,,0.9392436497483032,-0.0028361098443083,0.0028361098443083,0.6394,0.6764001506217511,0.6403889980641345,0.6383508967046898,1.0556631088256836,0.2089461088180542,0.0465999999999999,1.0556631088256836,0.6394
cifar,iid,4,2025,8,3,0.3463559746742248,-0.0102460384368896,0.0356917245735944,-0.0002121155762649,0.979782283599422,-0.0088835420547994,0.6833111111111112,-0.1137444444444444,,0.9392436497483032,-0.0027821358736801,0.0027821358736801,0.6394,0.6764001506217511,0.6403889980641345,0.6383508967046898,1.0556631088256836,0.0706356763839721,0.0227999999999999,1.0556631088256836,0.6394
cifar,iid,4,2025,9,0,0.3462420105934143,-0.0081399679183959,0.0379429288178112,-0.0060131151382326,0.9787853218265008,-0.0003578480106714,0.7214222222222222,-0.0366000000000001,,0.9394653758981008,-0.0048292910027866,0.0048292910027866,0.6318,0.6840463567899946,0.6332421677028321,0.6282764267872292,1.12269926071167,0.0556718111038208,0.0101999999999999,1.12269926071167,0.6318
cifar,iid,4,2025,9,1,0.3462420105934143,-0.0103279948234558,0.0379429288178112,0.0065806289158184,0.9787853218265008,0.0034127839461306,0.7214222222222222,-0.0931999999999999,,0.9394653758981008,0.0131551596235972,0.0131551596235972,0.6318,0.6840463567899946,0.6332421677028321,0.6282764267872292,1.12269926071167,-0.0006657838821411,0.0064,1.12269926071167,0.6318
cifar,iid,4,2025,9,2,0.3462420105934143,-0.0027359724044799,0.0379429288178112,0.0062855731381091,0.9787853218265008,-0.0005667087172889,0.7214222222222222,-0.0018222222222221,,0.9394653758981008,0.0055904186437004,0.0055904186437004,0.6318,0.6840463567899946,0.6332421677028321,0.6282764267872292,1.12269926071167,0.1247651576995849,0.0196,1.12269926071167,0.6318
cifar,iid,4,2025,9,3,0.3462420105934143,-0.0064259767532348,0.0379429288178112,-0.004886402785044,0.9787853218265008,-0.0089559470997602,0.7214222222222222,0.0874222222222222,,0.9394653758981008,2.209554635002053e-05,2.209554635002053e-05,0.6318,0.6840463567899946,0.6332421677028321,0.6282764267872292,1.12269926071167,0.1083946228027343,0.0236,1.12269926071167,0.6318
cifar,iid,4,2025,10,0,0.3813400268554687,-0.0012159943580627,0.0301312649164677,0.0023110264572809,0.985534307459669,0.0,0.780211111111111,0.0185444444444442,,0.9386984536776536,-0.0031995622097609,0.0031995622097609,0.616,0.6903215658206363,0.617868250000327,0.6128257959749918,1.255085587501526,0.095426321029663,0.0171999999999999,1.255085587501526,0.616
cifar,iid,4,2025,10,1,0.3813400268554687,0.000648021697998,0.0301312649164677,0.0014130061498414,0.985534307459669,0.0057562010743794,0.780211111111111,0.0571666666666665,,0.9386984536776536,0.0047377827433582,0.0047377827433582,0.616,0.6903215658206363,0.617868250000327,0.6128257959749918,1.255085587501526,0.0087659358978271,0.008,1.255085587501526,0.616
cifar,iid,4,2025,10,2,0.3813400268554687,-0.0225159525871276,0.0301312649164677,0.0035852618998765,0.985534307459669,0.0063953148366291,0.780211111111111,0.047811111111111,,0.9386984536776536,-0.0133382099085359,0.0133382099085359,0.616,0.6903215658206363,0.617868250000327,0.6128257959749918,1.255085587501526,0.2270829677581787,0.0565999999999999,1.255085587501526,0.616
cifar,iid,4,2025,10,3,0.3813400268554687,-0.0052119493484497,0.0301312649164677,-0.0023044755976081,0.985534307459669,-0.0009245567279603,0.780211111111111,0.0573444444444444,,0.9386984536776536,-0.0021876205897749,0.0021876205897749,0.616,0.6903215658206363,0.617868250000327,0.6128257959749918,1.255085587501526,-0.0405348539352417,-0.0028,1.255085587501526,0.616
cifar,iid,20,9928,1,0,0.9639220237731934,-0.007125973701477,0.6095238095238096,-0.0997099822247169,1.0,0.0,0.9159555555555556,-0.011022222222222,,0.9848245938178564,0.0039815840879299,0.0039815840879299,0.1044,0.028555599995676,0.1059115255705053,0.0322141081562778,2.5228171348571777,0.0106508731842041,0.0024,2.5228171348571777,0.1044
cifar,iid,20,9928,1,1,0.9639220237731934,-0.0033479928970336,0.6095238095238096,-0.0181153459464399,1.0,0.0,0.9159555555555556,0.034577777777778,,0.9848245938178564,-0.008841728280406,0.008841728280406,0.1044,0.028555599995676,0.1059115255705053,0.0322141081562778,2.5228171348571777,0.0019834041595458,0.0022,2.5228171348571777,0.1044
cifar,iid,20,9928,1,2,0.9639220237731934,-0.0007159709930419,0.6095238095238096,-0.0123571885568045,1.0,0.0,0.9159555555555556,0.0209777777777779,,0.9848245938178564,-0.0069092844669935,0.0069092844669935,0.1044,0.028555599995676,0.1059115255705053,0.0322141081562778,2.5228171348571777,1.2636184692382812e-05,0.0012,2.5228171348571777,0.1044
cifar,iid,20,9928,1,3,0.9639220237731934,-0.0025140047073364,0.6095238095238096,-0.0411479755049812,1.0,0.0,0.9159555555555556,-0.0456444444444443,,0.9848245938178564,-0.0070728173606741,0.0070728173606741,0.1044,0.028555599995676,0.1059115255705053,0.0322141081562778,2.5228171348571777,-0.0029354095458984,0.0008,2.5228171348571777,0.1044
cifar,iid,20,9928,1,4,0.9639220237731934,0.0028280019760131,0.6095238095238096,0.0703447050461976,1.0,0.0,0.9159555555555556,-0.0282888888888885,,0.9848245938178564,-0.0066205163943893,0.0066205163943893,0.1044,0.028555599995676,0.1059115255705053,0.0322141081562778,2.5228171348571777,0.0066766738891601,-0.0005999999999999,2.5228171348571777,0.1044
cifar,iid,20,9928,1,5,0.9639220237731934,-0.0025519728660583,0.6095238095238096,0.0269811150266559,1.0,0.0,0.9159555555555556,-0.0293999999999998,,0.9848245938178564,0.0080568000994988,0.0080568000994988,0.1044,0.028555599995676,0.1059115255705053,0.0322141081562778,2.5228171348571777,-0.0004470348358154,0.0004,2.5228171348571777,0.1044
cifar,iid,20,9928,1,6,0.9639220237731934,-0.0022940039634704,0.6095238095238096,0.0201701973565091,1.0,0.0,0.9159555555555556,-0.0267333333333332,,0.9848245938178564,-0.0094271217419793,0.0094271217419793,0.1044,0.028555599995676,0.1059115255705053,0.0322141081562778,2.5228171348571777,-0.0004119873046875,-0.0001999999999999,2.5228171348571777,0.1044
cifar,iid,20,9928,1,7,0.9639220237731934,-0.0025999546051025,0.6095238095238096,-0.0745847176079733,1.0,0.0,0.9159555555555556,-0.0352888888888887,,0.9848245938178564,-0.0002512779684037,0.0002512779684037,0.1044,0.028555599995676,0.1059115255705053,0.0322141081562778,2.5228171348571777,0.0060794353485107,0.002,2.5228171348571777,0.1044
cifar,iid,20,9928,1,8,0.9639220237731934,0.0002100467681884,0.6095238095238096,-0.0436553812276354,1.0,0.0,0.9159555555555556,-0.0436222222222222,,0.9848245938178564,-0.0062438532942662,0.0062438532942662,0.1044,0.028555599995676,0.1059115255705053,0.0322141081562778,2.5228171348571777,-0.0043818950653076,0.0014,2.5228171348571777,0.1044
cifar,iid,20,9928,1,9,0.9639220237731934,-0.0010079741477966,0.6095238095238096,0.0171428571428571,1.0,0.0,0.9159555555555556,-0.0186444444444444,,0.9848245938178564,0.0024632194584565,0.0024632194584565,0.1044,0.028555599995676,0.1059115255705053,0.0322141081562778,2.5228171348571777,0.0027105808258056,-0.0001999999999999,2.5228171348571777,0.1044
cifar,iid,20,9928,1,10,0.9639220237731934,0.0008839964866638,0.6095238095238096,0.0394303515798843,1.0,0.0,0.9159555555555556,-0.0347999999999999,,0.9848245938178564,0.0101677597738737,0.0101677597738737,0.1044,0.028555599995676,0.1059115255705053,0.0322141081562778,2.5228171348571777,-0.0007092952728271,-0.0005999999999999,2.5228171348571777,0.1044
cifar,iid,20,9928,1,11,0.9639220237731934,0.0008900165557861,0.6095238095238096,0.0676243681830275,1.0,0.0,0.9159555555555556,-0.0376777777777777,,0.9848245938178564,-0.0070440421075741,0.0070440421075741,0.1044,0.028555599995676,0.1059115255705053,0.0322141081562778,2.5228171348571777,-0.0001237392425537,-0.0011999999999999,2.5228171348571777,0.1044
cifar,iid,20,9928,1,12,0.9639220237731934,-0.002839982509613,0.6095238095238096,-0.0787114845938374,1.0,0.0,0.9159555555555556,0.0025111111111111,,0.9848245938178564,0.0043051464064484,0.0043051464064484,0.1044,0.028555599995676,0.1059115255705053,0.0322141081562778,2.5228171348571777,0.0007638931274414,0.0022,2.5228171348571777,0.1044
cifar,iid,20,9928,1,13,0.9639220237731934,0.0012200474739074,0.6095238095238096,0.0458533975387909,1.0,0.0,0.9159555555555556,-0.0343111111111111,,0.9848245938178564,-0.0079048898840804,0.0079048898840804,0.1044,0.028555599995676,0.1059115255705053,0.0322141081562778,2.5228171348571777,0.002953290939331,-0.0003999999999999,2.5228171348571777,0.1044
cifar,iid,20,9928,1,14,0.9639220237731934,0.002153992652893,0.6095238095238096,0.0087633532500452,1.0,0.0,0.9159555555555556,-0.0220333333333333,,0.9848245938178564,0.004032781749515,0.004032781749515,0.1044,0.028555599995676,0.1059115255705053,0.0322141081562778,2.5228171348571777,-0.0007455348968505,0.0004,2.5228171348571777,0.1044
cifar,iid,20,9928,1,15,0.9639220237731934,-0.0055359601974487,0.6095238095238096,-0.0779761904761904,1.0,0.0,0.9159555555555556,-0.0302444444444442,,0.9848245938178564,0.0124473483383945,0.0124473483383945,0.1044,0.028555599995676,0.1059115255705053,0.0322141081562778,2.5228171348571777,-0.0014801025390625,0.002,2.5228171348571777,0.1044
cifar,iid,20,9928,1,16,0.9639220237731934,0.000569999217987,0.6095238095238096,0.0418546365914787,1.0,0.0,0.9159555555555556,-0.0389555555555554,,0.9848245938178564,0.0092557231354069,0.0092557231354069,0.1044,0.028555599995676,0.1059115255705053,0.0322141081562778,2.5228171348571777,-0.0143303871154785,-0.0005999999999999,2.5228171348571777,0.1044
cifar,iid,20,9928,1,17,0.9639220237731934,-0.0008080005645751,0.6095238095238096,-0.0334704323188008,1.0,0.0,0.9159555555555556,0.0551333333333334,,0.9848245938178564,-0.0004012832231901,0.0004012832231901,0.1044,0.028555599995676,0.1059115255705053,0.0322141081562778,2.5228171348571777,-4.3392181396484375e-05,0.002,2.5228171348571777,0.1044
cifar,iid,20,9928,1,18,0.9639220237731934,0.006052017211914,0.6095238095238096,0.0827215914092069,1.0,0.0,0.9159555555555556,0.044,,0.9848245938178564,0.0051994577400239,0.0051994577400239,0.1044,0.028555599995676,0.1059115255705053,0.0322141081562778,2.5228171348571777,-0.0020554065704345,-0.0013999999999999,2.5228171348571777,0.1044
cifar,iid,20,9928,1,19,0.9639220237731934,-0.0023979544639587,0.6095238095238096,-0.0449163449163448,1.0,0.0,0.9159555555555556,-0.0454888888888889,,0.9848245938178564,0.0090519688319342,0.0090519688319342,0.1044,0.028555599995676,0.1059115255705053,0.0322141081562778,2.5228171348571777,-0.0045027732849121,0.0018,2.5228171348571777,0.1044
cifar,iid,20,9928,2,0,0.8816080093383789,-0.0009939670562744,0.5147826086956522,-0.0246219447194091,1.0,0.0,0.8432222222222223,-0.0209555555555553,,0.9915186070336636,0.0035626043191986,0.0035626043191986,0.1158,0.0279181795108252,0.1169275301890726,0.0403664651738975,2.986824989318848,0.0103721618652343,0.0026,2.986824989318848,0.1158
cifar,iid,20,9928,2,1,0.8816080093383789,-0.0039319992065429,0.5147826086956522,-0.0042485331728598,1.0,0.0,0.8432222222222223,-0.0893999999999999,,0.9915186070336636,-0.0014394664092411,0.0014394664092411,0.1158,0.0279181795108252,0.1169275301890726,0.0403664651738975,2.986824989318848,0.003169298171997,0.0013999999999999,2.986824989318848,0.1158
cifar,iid,20,9928,2,2,0.8816080093383789,-0.0034679770469665,0.5147826086956522,-0.0159731030793917,1.0,0.0,0.8432222222222223,-0.0398888888888886,,0.9915186070336636,-0.0006192588348423,0.0006192588348423,0.1158,0.0279181795108252,0.1169275301890726,0.0403664651738975,2.986824989318848,-0.0067911148071289,0.002,2.986824989318848,0.1158
cifar,iid,20,9928,2,3,0.8816080093383789,-0.0032799839973449,0.5147826086956522,0.0044019858582819,1.0,0.0,0.8432222222222223,-0.0745777777777776,,0.9915186070336636,0.0020846077544384,0.0020846077544384,0.1158,0.0279181795108252,0.1169275301890726,0.0403664651738975,2.986824989318848,0.0027248859405517,0.0002,2.986824989318848,0.1158
cifar,iid,20,9928,2,4,0.8816080093383789,0.0015740394592285,0.5147826086956522,0.0095742753623189,1.0,0.0,0.8432222222222223,0.0126888888888889,,0.9915186070336636,0.0053314754845011,0.0053314754845011,0.1158,0.0279181795108252,0.1169275301890726,0.0403664651738975,2.986824989318848,-0.0012574195861816,0.002,2.986824989318848,0.1158
cifar,iid,20,9928,2,5,0.8816080093383789,-0.0082379579544067,0.5147826086956522,-0.0146291560102301,1.0,0.0,0.8432222222222223,-0.0153333333333331,,0.9915186070336636,0.0010331564196225,0.0010331564196225,0.1158,0.0279181795108252,0.1169275301890726,0.0403664651738975,2.986824989318848,-0.0002963542938232,0.0006,2.986824989318848,0.1158
cifar,iid,20,9928,2,6,0.8816080093383789,-0.0023599863052368,0.5147826086956522,0.0044019858582819,1.0,0.0,0.8432222222222223,-0.0543888888888888,,0.9915186070336636,-7.610628364795868e-05,7.610628364795868e-05,0.1158,0.0279181795108252,0.1169275301890726,0.0403664651738975,2.986824989318848,0.000838279724121,0.0002,2.986824989318848,0.1158
cifar,iid,20,9928,2,7,0.8816080093383789,0.0003939867019653,0.5147826086956522,0.0035174440509381,1.0,0.0,0.8432222222222223,-0.1030222222222221,,0.9915186070336636,-0.0008439284377098,0.0008439284377098,0.1158,0.0279181795108252,0.1169275301890726,0.0403664651738975,2.986824989318848,0.0026385784149169,-0.0002,2.986824989318848,0.1158
cifar,iid,20,9928,2,8,0.8816080093383789,0.003167986869812,0.5147826086956522,-0.0050108508568434,1.0,0.0,0.8432222222222223,-0.0187999999999997,,0.9915186070336636,0.0003073868284287,0.0003073868284287,0.1158,0.0279181795108252,0.1169275301890726,0.0403664651738975,2.986824989318848,-0.010725975036621,0.0002,2.986824989318848,0.1158
cifar,iid,20,9928,2,9,0.8816080093383789,5.602836608886719e-05,0.5147826086956522,0.0017391304347826,1.0,0.0,0.8432222222222223,-0.0831777777777775,,0.9915186070336636,-0.0023459909175224,0.0023459909175224,0.1158,0.0279181795108252,0.1169275301890726,0.0403664651738975,2.986824989318848,0.0047214031219482,0.0006,2.986824989318848,0.1158
cifar,iid,20,9928,2,10,0.8816080093383789,0.0025659799575805,0.5147826086956522,-0.0067320212527126,1.0,0.0,0.8432222222222223,-0.0171777777777775,,0.9915186070336636,0.0072288562988451,0.0072288562988451,0.1158,0.0279181795108252,0.1169275301890726,0.0403664651738975,2.986824989318848,0.0072901248931884,0.0013999999999999,2.986824989318848,0.1158
cifar,iid,20,9928,2,11,0.8816080093383789,-0.0003820061683654,0.5147826086956522,0.0035950011225024,1.0,0.0,0.8432222222222223,-0.0867111111111109,,0.9915186070336636,0.0006118708195878,0.0006118708195878,0.1158,0.0279181795108252,0.1169275301890726,0.0403664651738975,2.986824989318848,-0.0073077678680419,0.0003999999999999,2.986824989318848,0.1158
cifar,iid,20,9928,2,12,0.8816080093383789,0.0042639970779418,0.5147826086956522,0.0216319237641453,1.0,0.0,0.8432222222222223,0.0168222222222222,,0.9915186070336636,0.0003165786696727,0.0003165786696727,0.1158,0.0279181795108252,0.1169275301890726,0.0403664651738975,2.986824989318848,0.0064723491668701,-0.0002,2.986824989318848,0.1158
cifar,iid,20,9928,2,13,0.8816080093383789,0.0006400346755981,0.5147826086956522,0.0190415524775942,1.0,0.0,0.8432222222222223,-0.0290666666666665,,0.9915186070336636,-0.0004967247451177,0.0004967247451177,0.1158,0.0279181795108252,0.1169275301890726,0.0403664651738975,2.986824989318848,-0.0009295940399169,-0.0006,2.986824989318848,0.1158
cifar,iid,20,9928,2,14,0.8816080093383789,0.0041379928588867,0.5147826086956522,0.0009895052473762,1.0,0.0,0.8432222222222223,-0.0572666666666665,,0.9915186070336636,0.0019159990964962,0.0019159990964962,0.1158,0.0279181795108252,0.1169275301890726,0.0403664651738975,2.986824989318848,0.0044667720794677,0.0012,2.986824989318848,0.1158
cifar,iid,20,9928,2,15,0.8816080093383789,-0.011601984500885,0.5147826086956522,-0.0102605691972665,1.0,0.0,0.8432222222222223,-0.0313555555555555,,0.9915186070336636,-0.0007631504871479,0.0007631504871479,0.1158,0.0279181795108252,0.1169275301890726,0.0403664651738975,2.986824989318848,-0.0102059841156005,0.0016,2.986824989318848,0.1158
cifar,iid,20,9928,2,16,0.8816080093383789,0.0020320415496826,0.5147826086956522,0.019919594997022,1.0,0.0,0.8432222222222223,-0.0449999999999999,,0.9915186070336636,0.0001661611661886,0.0001661611661886,0.1158,0.0279181795108252,0.1169275301890726,0.0403664651738975,2.986824989318848,-0.010012149810791,-0.0003999999999999,2.986824989318848,0.1158
cifar,iid,20,9928,2,17,0.8816080093383789,0.002556025981903,0.5147826086956522,0.0025874867444326,1.0,0.0,0.8432222222222223,0.0249555555555558,,0.9915186070336636,-0.0002368558384654,0.0002368558384654,0.1158,0.0279181795108252,0.1169275301890726,0.0403664651738975,2.986824989318848,-0.0015914440155029,0.0013999999999999,2.986824989318848,0.1158
cifar,iid,20,9928,2,18,0.8816080093383789,0.0042380094528198,0.5147826086956522,0.0300368459837877,1.0,0.0,0.8432222222222223,-0.0931111111111109,,0.9915186070336636,0.0017507412931925,0.0017507412931925,0.1158,0.0279181795108252,0.1169275301890726,0.0403664651738975,2.986824989318848,0.0003955364227294,0.0002,2.986824989318848,0.1158
cifar,iid,20,9928,2,19,0.8816080093383789,0.0029820203781127,0.5147826086956522,-0.0034149649611936,1.0,0.0,0.8432222222222223,-0.0292888888888889,,0.9915186070336636,0.002618346011153,0.002618346011153,0.1158,0.0279181795108252,0.1169275301890726,0.0403664651738975,2.986824989318848,0.0049819946289062,0.0007999999999999,2.986824989318848,0.1158
cifar,iid,20,9928,3,0,0.7911760210990906,-0.0062359571456909,0.427620632279534,-0.0123793677204658,1.0,0.0,0.7660888888888888,-0.0303999999999999,,0.983097075308352,0.0003549073443592,0.0003549073443592,0.1224,0.1043611675390855,0.1235132556388431,0.043972088564342,3.197113275527954,0.0026526451110839,0.0001999999999999,3.197113275527954,0.1224
cifar,iid,20,9928,3,1,0.7911760210990906,-0.0037919878959655,0.427620632279534,-0.015523180429496,1.0,0.0,0.7660888888888888,-0.0240666666666666,,0.983097075308352,-0.001119848762154,0.001119848762154,0.1224,0.1043611675390855,0.1235132556388431,0.043972088564342,3.197113275527954,0.0069000720977783,0.0011999999999999,3.197113275527954,0.1224
cifar,iid,20,9928,3,2,0.7911760210990906,-0.0001239776611328,0.427620632279534,-0.0097750271528532,1.0,0.0,0.7660888888888888,0.0151333333333334,,0.983097075308352,-0.0024301785636833,0.0024301785636833,0.1224,0.1043611675390855,0.1235132556388431,0.043972088564342,3.197113275527954,-0.0167574882507324,0.001,3.197113275527954,0.1224
cifar,iid,20,9928,3,3,0.7911760210990906,-0.0010899901390075,0.427620632279534,0.0161452224434685,1.0,0.0,0.7660888888888888,0.0041333333333333,,0.983097075308352,-0.0035793892094605,0.0035793892094605,0.1224,0.1043611675390855,0.1235132556388431,0.043972088564342,3.197113275527954,0.00407075881958,-0.0006,3.197113275527954,0.1224
cifar,iid,20,9928,3,4,0.7911760210990906,-0.0019999742507934,0.427620632279534,0.0004849538875743,1.0,0.0,0.7660888888888888,-0.0444777777777778,,0.983097075308352,0.0037975564942002,0.0037975564942002,0.1224,0.1043611675390855,0.1235132556388431,0.043972088564342,3.197113275527954,0.010941743850708,0.0007999999999999,3.197113275527954,0.1224
cifar,iid,20,9928,3,5,0.7911760210990906,-0.0083540081977844,0.427620632279534,-0.0188676620348472,1.0,0.0,0.7660888888888888,-0.0360000000000002,,0.983097075308352,-0.00067621483002,0.00067621483002,0.1224,0.1043611675390855,0.1235132556388431,0.043972088564342,3.197113275527954,-0.0073130130767822,0.0003999999999999,3.197113275527954,0.1224
cifar,iid,20,9928,3,6,0.7911760210990906,0.001908004283905,0.427620632279534,-0.0066555740432612,1.0,0.0,0.7660888888888888,-0.0113555555555555,,0.983097075308352,-0.0016355182049362,0.0016355182049362,0.1224,0.1043611675390855,0.1235132556388431,0.043972088564342,3.197113275527954,0.0002765655517578,0.0003999999999999,3.197113275527954,0.1224
cifar,iid,20,9928,3,7,0.7911760210990906,-0.0018079876899719,0.427620632279534,-0.0097750271528532,1.0,0.0,0.7660888888888888,-0.0263333333333333,,0.983097075308352,-0.0006253635022918,0.0006253635022918,0.1224,0.1043611675390855,0.1235132556388431,0.043972088564342,3.197113275527954,3.838539123535156e-05,0.0001999999999999,3.197113275527954,0.1224
cifar,iid,20,9928,3,8,0.7911760210990906,-0.004036009311676,0.427620632279534,-0.0281389670526862,1.0,0.0,0.7660888888888888,-0.0459555555555557,,0.983097075308352,-0.0060323381262831,0.0060323381262831,0.1224,0.1043611675390855,0.1235132556388431,0.043972088564342,3.197113275527954,-0.0084843635559082,0.0015999999999999,3.197113275527954,0.1224
cifar,iid,20,9928,3,9,0.7911760210990906,-0.0005919933319091,0.427620632279534,0.0259812880172389,1.0,0.0,0.7660888888888888,-0.0086222222222223,,0.983097075308352,-0.0031442733881348,0.0031442733881348,0.1224,0.1043611675390855,0.1235132556388431,0.043972088564342,3.197113275527954,0.0032374858856201,-0.0016,3.197113275527954,0.1224
cifar,iid,20,9928,3,10,0.7911760210990906,0.0041740536689758,0.427620632279534,-0.0095652973687071,1.0,0.0,0.7660888888888888,-0.034577777777778,,0.983097075308352,0.0016589732467261,0.0016589732467261,0.1224,0.1043611675390855,0.1235132556388431,0.043972088564342,3.197113275527954,0.002866506576538,0.0013999999999999,3.197113275527954,0.1224
cifar,iid,20,9928,3,11,0.7911760210990906,-0.0069980025291442,0.427620632279534,0.0095878453942881,1.0,0.0,0.7660888888888888,0.0015999999999998,,0.983097075308352,0.0007407194940853,0.0007407194940853,0.1224,0.1043611675390855,0.1235132556388431,0.043972088564342,3.197113275527954,-0.007746934890747,0.0003999999999999,3.197113275527954,0.1224
cifar,iid,20,9928,3,12,0.7911760210990906,0.0079500079154968,0.427620632279534,0.0040325924124243,1.0,0.0,0.7660888888888888,0.0317555555555555,,0.983097075308352,-0.0003744375410281,0.0003744375410281,0.1224,0.1043611675390855,0.1235132556388431,0.043972088564342,3.197113275527954,0.0015761852264404,0.0005999999999999,3.197113275527954,0.1224
cifar,iid,20,9928,3,13,0.7911760210990906,-0.0016339421272277,0.427620632279534,0.0210632552303536,1.0,0.0,0.7660888888888888,-0.0323555555555554,,0.983097075308352,-0.0034316074086149,0.0034316074086149,0.1224,0.1043611675390855,0.1235132556388431,0.043972088564342,3.197113275527954,-0.0010108947753906,-0.0008,3.197113275527954,0.1224
cifar,iid,20,9928,3,14,0.7911760210990906,0.0031380057334899,0.427620632279534,0.0007103332762118,1.0,0.0,0.7660888888888888,0.0281555555555554,,0.983097075308352,0.0007377959453819,0.0007377959453819,0.1224,0.1043611675390855,0.1235132556388431,0.043972088564342,3.197113275527954,0.0112922191619873,-0.0002,3.197113275527954,0.1224
cifar,iid,20,9928,3,15,0.7911760210990906,-0.0176079869270324,0.427620632279534,-0.0302918256329238,1.0,0.0,0.7660888888888888,-0.0319111111111112,,0.983097075308352,0.0009819694957011,0.0009819694957011,0.1224,0.1043611675390855,0.1235132556388431,0.043972088564342,3.197113275527954,-0.0102183818817138,0.0015999999999999,3.197113275527954,0.1224
cifar,iid,20,9928,3,16,0.7911760210990906,0.0040000081062316,0.427620632279534,0.0200919907083393,1.0,0.0,0.7660888888888888,-0.0074888888888888,,0.983097075308352,-0.0037870925246604,0.0037870925246604,0.1224,0.1043611675390855,0.1235132556388431,0.043972088564342,3.197113275527954,-0.0102965831756591,-0.0008,3.197113275527954,0.1224
cifar,iid,20,9928,3,17,0.7911760210990906,0.0063860416412353,0.427620632279534,0.0087464600941036,1.0,0.0,0.7660888888888888,-0.0204222222222223,,0.983097075308352,-0.0022287647640787,0.0022287647640787,0.1224,0.1043611675390855,0.1235132556388431,0.043972088564342,3.197113275527954,0.0035827159881591,-0.0,3.197113275527954,0.1224
cifar,iid,20,9928,3,18,0.7911760210990906,0.0036620497703552,0.427620632279534,-0.0140460343871325,1.0,0.0,0.7660888888888888,0.0196888888888888,,0.983097075308352,-0.0008706265688386,0.0008706265688386,0.1224,0.1043611675390855,0.1235132556388431,0.043972088564342,3.197113275527954,0.005584716796875,0.0005999999999999,3.197113275527954,0.1224
cifar,iid,20,9928,3,19,0.7911760210990906,0.0050240159034729,0.427620632279534,0.0052500145833738,1.0,0.0,0.7660888888888888,-0.0418,,0.983097075308352,-0.0015004320434941,0.0015004320434941,0.1224,0.1043611675390855,0.1235132556388431,0.043972088564342,3.197113275527954,0.0079827308654785,0.0011999999999999,3.197113275527954,0.1224
cifar,iid,20,9928,4,0,0.7130500078201294,-0.0083799958229064,0.3079222720478326,-0.0103960462704857,1.0,0.0,0.7669222222222223,-0.0255888888888886,,0.9703693688161495,0.0100806163127407,0.0100806163127407,0.1376,0.298767901260976,0.1384204023183421,0.0570642804928412,3.145580768585205,-0.00083589553833,0.002,3.145580768585205,0.1376
cifar,iid,20,9928,4,1,0.7130500078201294,-0.0040379762649536,0.3079222720478326,-0.0049519794491733,1.0,0.0,0.7669222222222223,-0.0404555555555556,,0.9703693688161495,-0.0034144939736804,0.0034144939736804,0.1376,0.298767901260976,0.1384204023183421,0.0570642804928412,3.145580768585205,0.0021567344665527,0.0042,3.145580768585205,0.1376
cifar,iid,20,9928,4,2,0.7130500078201294,0.0020760297775268,0.3079222720478326,-0.0132898491642885,1.0,0.0,0.7669222222222223,-0.0054444444444443,,0.9703693688161495,-0.0006913473454654,0.0006913473454654,0.1376,0.298767901260976,0.1384204023183421,0.0570642804928412,3.145580768585205,-0.0198736190795898,0.0042,3.145580768585205,0.1376
cifar,iid,20,9928,4,3,0.7130500078201294,-0.00164794921875,0.3079222720478326,0.0192925344385032,1.0,0.0,0.7669222222222223,-0.0161888888888888,,0.9703693688161495,0.0013773411569117,0.0013773411569117,0.1376,0.298767901260976,0.1384204023183421,0.0570642804928412,3.145580768585205,0.004328966140747,-0.0032,3.145580768585205,0.1376
cifar,iid,20,9928,4,4,0.7130500078201294,-0.0004019737243652,0.3079222720478326,-0.0024225555383742,1.0,0.0,0.7669222222222223,-0.0081666666666666,,0.9703693688161495,0.0063098967276224,0.0063098967276224,0.1376,0.298767901260976,0.1384204023183421,0.0570642804928412,3.145580768585205,0.0132040977478027,0.0007999999999999,3.145580768585205,0.1376
cifar,iid,20,9928,4,5,0.7130500078201294,-0.0102440118789672,0.3079222720478326,-0.0044843049327354,1.0,0.0,0.7669222222222223,0.0072333333333334,,0.9703693688161495,0.0112260817910132,0.0112260817910132,0.1376,0.298767901260976,0.1384204023183421,0.0570642804928412,3.145580768585205,-0.0101566314697265,0.0002,3.145580768585205,0.1376
cifar,iid,20,9928,4,6,0.7130500078201294,0.00135999917984,0.3079222720478326,-0.0014947683109117,1.0,0.0,0.7669222222222223,0.0054333333333334,,0.9703693688161495,-0.0017464024791937,0.0017464024791937,0.1376,0.298767901260976,0.1384204023183421,0.0570642804928412,3.145580768585205,0.0077705383300781,0.0014,3.145580768585205,0.1376
cifar,iid,20,9928,4,7,0.7130500078201294,-0.0010739564895629,0.3079222720478326,-0.0019579674731254,1.0,0.0,0.7669222222222223,-0.0333888888888889,,0.9703693688161495,0.0114591844331517,0.0114591844331517,0.1376,0.298767901260976,0.1384204023183421,0.0570642804928412,3.145580768585205,8.416175842285156e-05,0.0007999999999999,3.145580768585205,0.1376
cifar,iid,20,9928,4,8,0.7130500078201294,-0.0091480016708374,0.3079222720478326,-0.0249067748508058,1.0,0.0,0.7669222222222223,-0.0110777777777777,,0.9703693688161495,-0.0034612400231459,0.0034612400231459,0.1376,0.298767901260976,0.1384204023183421,0.0570642804928412,3.145580768585205,-0.0039300918579101,0.0027999999999999,3.145580768585205,0.1376
cifar,iid,20,9928,4,9,0.7130500078201294,-0.0049319863319396,0.3079222720478326,0.0175996914026713,1.0,0.0,0.7669222222222223,-0.0053888888888886,,0.9703693688161495,-0.0005673050949106,0.0005673050949106,0.1376,0.298767901260976,0.1384204023183421,0.0570642804928412,3.145580768585205,-0.0029096603393554,-0.0025999999999999,3.145580768585205,0.1376
cifar,iid,20,9928,4,10,0.7130500078201294,-0.0018860101699829,0.3079222720478326,-0.006920306662812,1.0,0.0,0.7669222222222223,-0.0041222222222221,,0.9703693688161495,0.0039679641556759,0.0039679641556759,0.1376,0.298767901260976,0.1384204023183421,0.0570642804928412,3.145580768585205,0.0009288787841796,0.0014,3.145580768585205,0.1376
cifar,iid,20,9928,4,11,0.7130500078201294,-0.0082039833068847,0.3079222720478326,0.0110241922841693,1.0,0.0,0.7669222222222223,-0.0011444444444443,,0.9703693688161495,-0.0021494666217853,0.0021494666217853,0.1376,0.298767901260976,0.1384204023183421,0.0570642804928412,3.145580768585205,-0.001293659210205,-0.002,3.145580768585205,0.1376
cifar,iid,20,9928,4,12,0.7130500078201294,0.00518798828125,0.3079222720478326,0.0077736836377285,1.0,0.0,0.7669222222222223,0.0207444444444444,,0.9703693688161495,-0.0023672488087485,0.0023672488087485,0.1376,0.298767901260976,0.1384204023183421,0.0570642804928412,3.145580768585205,-0.005009651184082,-0.0022,3.145580768585205,0.1376
cifar,iid,20,9928,4,13,0.7130500078201294,-0.0065659880638122,0.3079222720478326,0.0192925344385032,1.0,0.0,0.7669222222222223,0.0243999999999999,,0.9703693688161495,0.0005897513765921,0.0005897513765921,0.1376,0.298767901260976,0.1384204023183421,0.0570642804928412,3.145580768585205,0.0037364959716796,-0.003,3.145580768585205,0.1376
cifar,iid,20,9928,4,14,0.7130500078201294,-0.0020099878311157,0.3079222720478326,0.020750260386025,1.0,0.0,0.7669222222222223,-0.0414777777777777,,0.9703693688161495,0.0064846915007329,0.0064846915007329,0.1376,0.298767901260976,0.1384204023183421,0.0570642804928412,3.145580768585205,0.0184669494628906,-0.0024,3.145580768585205,0.1376
cifar,iid,20,9928,4,15,0.7130500078201294,-0.0195599794387817,0.3079222720478326,-0.0376998477678355,1.0,0.0,0.7669222222222223,0.0056444444444443,,0.9703693688161495,-0.0015858169152768,0.0015858169152768,0.1376,0.298767901260976,0.1384204023183421,0.0570642804928412,3.145580768585205,-0.0127928256988525,0.0042,3.145580768585205,0.1376
cifar,iid,20,9928,4,16,0.7130500078201294,0.0001540184020996,0.3079222720478326,0.021585062745507,1.0,0.0,0.7669222222222223,-0.0100333333333333,,0.9703693688161495,-0.0020122558476765,0.0020122558476765,0.1376,0.298767901260976,0.1384204023183421,0.0570642804928412,3.145580768585205,-0.0131285190582275,-0.0035999999999999,3.145580768585205,0.1376
cifar,iid,20,9928,4,17,0.7130500078201294,0.006003975868225,0.3079222720478326,0.0144119475640568,1.0,0.0,0.7669222222222223,0.0242555555555556,,0.9703693688161495,-0.0042645965980032,0.0042645965980032,0.1376,0.298767901260976,0.1384204023183421,0.0570642804928412,3.145580768585205,0.0003478527069091,-0.0012,3.145580768585205,0.1376
cifar,iid,20,9928,4,18,0.7130500078201294,0.0010600090026855,0.3079222720478326,-0.0330214113616041,1.0,0.0,0.7669222222222223,-0.002522222222222,,0.9703693688161495,-0.0002912273679595,0.0002912273679595,0.1376,0.298767901260976,0.1384204023183421,0.0570642804928412,3.145580768585205,0.008014440536499,0.0032,3.145580768585205,0.1376
cifar,iid,20,9928,4,19,0.7130500078201294,0.0034719705581665,0.3079222720478326,0.0102683131035511,1.0,0.0,0.7669222222222223,0.0040555555555557,,0.9703693688161495,0.0006663882160866,0.0006663882160866,0.1376,0.298767901260976,0.1384204023183421,0.0570642804928412,3.145580768585205,0.0100667476654052,-0.0005999999999999,3.145580768585205,0.1376
cifar,iid,20,9928,5,0,0.653596043586731,-0.0024259686470031,0.2208588957055214,-0.0008159811417691,1.0,0.0,0.7765333333333331,-0.0253111111111112,,0.9523220538036024,0.0021844382267579,0.0021844382267579,0.1668,0.3040984096365305,0.1670825915750706,0.0914615942677775,2.977874517440796,-0.0078396797180175,0.0006,2.977874517440796,0.1668
cifar,iid,20,9928,5,1,0.653596043586731,-0.0002459287643432,0.2208588957055214,0.0012559180380276,1.0,0.0,0.7765333333333331,-0.0049777777777779,,0.9523220538036024,-0.0072007621632289,0.0072007621632289,0.1668,0.3040984096365305,0.1670825915750706,0.0914615942677775,2.977874517440796,-0.0068297386169433,-0.0003999999999999,2.977874517440796,0.1668
cifar,iid,20,9928,5,2,0.653596043586731,0.0121940374374389,0.2208588957055214,-0.0012269938650307,1.0,0.0,0.7765333333333331,-0.0012888888888891,,0.9523220538036024,0.0026089384254013,0.0026089384254013,0.1668,0.3040984096365305,0.1670825915750706,0.0914615942677775,2.977874517440796,-0.025789737701416,-0.0005999999999999,2.977874517440796,0.1668
cifar,iid,20,9928,5,3,0.653596043586731,-0.0016059875488281,0.2208588957055214,-0.0001423252956995,1.0,0.0,0.7765333333333331,-0.0270444444444446,,0.9523220538036024,0.0003714560207095,0.0003714560207095,0.1668,0.3040984096365305,0.1670825915750706,0.0914615942677775,2.977874517440796,0.0103590488433837,-0.0023999999999999,2.977874517440796,0.1668
cifar,iid,20,9928,5,4,0.653596043586731,-0.0007559657096862,0.2208588957055214,-0.0019195773858428,1.0,0.0,0.7765333333333331,0.0063555555555552,,0.9523220538036024,-0.0017017833309314,0.0017017833309314,0.1668,0.3040984096365305,0.1670825915750706,0.0914615942677775,2.977874517440796,0.0166974067687988,0.001,2.977874517440796,0.1668
cifar,iid,20,9928,5,5,0.653596043586731,-0.0042959451675415,0.2208588957055214,0.0014961506074822,1.0,0.0,0.7765333333333331,-0.0021666666666668,,0.9523220538036024,0.0008475839500088,0.0008475839500088,0.1668,0.3040984096365305,0.1670825915750706,0.0914615942677775,2.977874517440796,-0.0127298831939697,-0.0,2.977874517440796,0.1668
cifar,iid,20,9928,5,6,0.653596043586731,-0.0003299713134765,0.2208588957055214,-0.0051086448687607,1.0,0.0,0.7765333333333331,-0.0110000000000003,,0.9523220538036024,-0.0016700889394213,0.0016700889394213,0.1668,0.3040984096365305,0.1670825915750706,0.0914615942677775,2.977874517440796,0.0103504657745361,-0.0,2.977874517440796,0.1668
cifar,iid,20,9928,5,7,0.653596043586731,0.0055280327796936,0.2208588957055214,-0.0004019201164811,1.0,0.0,0.7765333333333331,-0.0534000000000003,,0.9523220538036024,0.0028709995096511,0.0028709995096511,0.1668,0.3040984096365305,0.1670825915750706,0.0914615942677775,2.977874517440796,0.000441551208496,-0.0002,2.977874517440796,0.1668
cifar,iid,20,9928,5,8,0.653596043586731,0.0009600520133972,0.2208588957055214,-0.0130519953835874,1.0,0.0,0.7765333333333331,-0.0462000000000002,,0.9523220538036024,-0.0026886614716441,0.0026886614716441,0.1668,0.3040984096365305,0.1670825915750706,0.0914615942677775,2.977874517440796,-0.0080518722534179,0.0002,2.977874517440796,0.1668
cifar,iid,20,9928,5,9,0.653596043586731,-0.0098359584808349,0.2208588957055214,0.004212628875656,1.0,0.0,0.7765333333333331,0.0215555555555553,,0.9523220538036024,-0.0032092577249176,0.0032092577249176,0.1668,0.3040984096365305,0.1670825915750706,0.0914615942677775,2.977874517440796,-0.0062861442565917,-0.001,2.977874517440796,0.1668
cifar,iid,20,9928,5,10,0.653596043586731,-0.0068519711494445,0.2208588957055214,0.004212628875656,1.0,0.0,0.7765333333333331,0.0181222222222219,,0.9523220538036024,0.0034170581226362,0.0034170581226362,0.1668,0.3040984096365305,0.1670825915750706,0.0914615942677775,2.977874517440796,0.0011656284332275,-0.0005999999999999,2.977874517440796,0.1668
cifar,iid,20,9928,5,11,0.653596043586731,-0.0078539848327636,0.2208588957055214,0.0008099959500201,1.0,0.0,0.7765333333333331,0.0347111111111109,,0.9523220538036024,-0.001530957292542,0.001530957292542,0.1668,0.3040984096365305,0.1670825915750706,0.0914615942677775,2.977874517440796,-0.0036225318908691,-0.0,2.977874517440796,0.1668
cifar,iid,20,9928,5,12,0.653596043586731,0.0073840618133544,0.2208588957055214,0.0074442615591799,1.0,0.0,0.7765333333333331,-0.0210888888888889,,0.9523220538036024,-0.0033126570450456,0.0033126570450456,0.1668,0.3040984096365305,0.1670825915750706,0.0914615942677775,2.977874517440796,-0.0098650455474853,-0.0023999999999999,2.977874517440796,0.1668
cifar,iid,20,9928,5,13,0.653596043586731,-0.007651925086975,0.2208588957055214,-0.0001423252956995,1.0,0.0,0.7765333333333331,-0.0244000000000002,,0.9523220538036024,0.0028267339876469,0.0028267339876469,0.1668,0.3040984096365305,0.1670825915750706,0.0914615942677775,2.977874517440796,0.0084040164947509,-0.0007999999999999,2.977874517440796,0.1668
cifar,iid,20,9928,5,14,0.653596043586731,-0.0033159255981445,0.2208588957055214,0.0081449592752035,1.0,0.0,0.7765333333333331,-0.0114222222222224,,0.9523220538036024,0.0003396213646612,0.0003396213646612,0.1668,0.3040984096365305,0.1670825915750706,0.0914615942677775,2.977874517440796,0.0210907459259033,-0.0005999999999999,2.977874517440796,0.1668
cifar,iid,20,9928,5,15,0.653596043586731,-0.0094239711761474,0.2208588957055214,-0.0112615559883305,1.0,0.0,0.7765333333333331,-0.0326888888888892,,0.9523220538036024,0.0024317296756042,0.0024317296756042,0.1668,0.3040984096365305,0.1670825915750706,0.0914615942677775,2.977874517440796,-0.0144367218017578,0.0017999999999999,2.977874517440796,0.1668
cifar,iid,20,9928,5,16,0.653596043586731,-0.0029339790344238,0.2208588957055214,0.0082985092320915,1.0,0.0,0.7765333333333331,-0.0107333333333334,,0.9523220538036024,-0.0035070406119199,0.0035070406119199,0.1668,0.3040984096365305,0.1670825915750706,0.0914615942677775,2.977874517440796,-0.0075900554656982,-0.0007999999999999,2.977874517440796,0.1668
cifar,iid,20,9928,5,17,0.653596043586731,0.0050280094146728,0.2208588957055214,0.0071836820303077,1.0,0.0,0.7765333333333331,0.0353888888888889,,0.9523220538036024,-0.0115216073088152,0.0115216073088152,0.1668,0.3040984096365305,0.1670825915750706,0.0914615942677775,2.977874517440796,0.0041229724884033,-0.0013999999999999,2.977874517440796,0.1668
cifar,iid,20,9928,5,18,0.653596043586731,0.008660078048706,0.2208588957055214,-0.0078911042944785,1.0,0.0,0.7765333333333331,0.0383999999999997,,0.9523220538036024,-0.0023644064415412,0.0023644064415412,0.1668,0.3040984096365305,0.1670825915750706,0.0914615942677775,2.977874517440796,0.01983642578125,0.0015999999999999,2.977874517440796,0.1668
cifar,iid,20,9928,5,19,0.653596043586731,0.0065260529518127,0.2208588957055214,-0.0012269938650307,1.0,0.0,0.7765333333333331,0.0064444444444442,,0.9523220538036024,-0.0037222010028008,0.0037222010028008,0.1668,0.3040984096365305,0.1670825915750706,0.0914615942677775,2.977874517440796,0.0110437870025634,0.0002,2.977874517440796,0.1668
cifar,iid,20,9928,6,0,0.573572039604187,-0.0016039609909057,0.1683366733466933,-0.0021518610501162,1.0,0.0,0.7669555555555556,0.0032444444444443,,0.9540329654275878,-0.0034036837200537,0.0034036837200537,0.2072,0.4570114711305401,0.2077862666294442,0.1482216882010889,2.657149314880371,-0.0118758678436279,0.0007999999999999,2.657149314880371,0.2072
cifar,iid,20,9928,6,1,0.573572039604187,-6.395578384399414e-05,0.1683366733466933,0.0089307327526338,1.0,0.0,0.7669555555555556,0.0437333333333334,,0.9540329654275878,1.969746521657268e-05,1.969746521657268e-05,0.2072,0.4570114711305401,0.2077862666294442,0.1482216882010889,2.657149314880371,-0.011460542678833,0.0002,2.657149314880371,0.2072
cifar,iid,20,9928,6,2,0.573572039604187,0.0160120725631713,0.1683366733466933,0.0054098440784006,1.0,0.0,0.7669555555555556,0.0214222222222222,,0.9540329654275878,-0.0013605724645223,0.0013605724645223,0.2072,0.4570114711305401,0.2077862666294442,0.1482216882010889,2.657149314880371,-0.028672456741333,-0.0044,2.657149314880371,0.2072
cifar,iid,20,9928,6,3,0.573572039604187,-0.0050099492073059,0.1683366733466933,-0.002048722190832,1.0,0.0,0.7669555555555556,-0.0025333333333334,,0.9540329654275878,-0.0003402994263943,0.0003402994263943,0.2072,0.4570114711305401,0.2077862666294442,0.1482216882010889,2.657149314880371,0.0163440704345703,0.003,2.657149314880371,0.2072
cifar,iid,20,9928,6,4,0.573572039604187,-0.0015299320220947,0.1683366733466933,0.0052161059708067,1.0,0.0,0.7669555555555556,-0.028822222222222,,0.9540329654275878,-0.003024556189189,0.003024556189189,0.2072,0.4570114711305401,0.2077862666294442,0.1482216882010889,2.657149314880371,0.0237596035003662,0.0022,2.657149314880371,0.2072
cifar,iid,20,9928,6,5,0.573572039604187,-0.0052579641342163,0.1683366733466933,-0.0016633266533067,1.0,0.0,0.7669555555555556,0.0575777777777777,,0.9540329654275878,-0.0005615540499965,0.0005615540499965,0.2072,0.4570114711305401,0.2077862666294442,0.1482216882010889,2.657149314880371,-0.008707046508789,-0.0007999999999999,2.657149314880371,0.2072
cifar,iid,20,9928,6,6,0.573572039604187,-0.0099239349365234,0.1683366733466933,-0.0007060965107404,1.0,0.0,0.7669555555555556,0.0277444444444445,,0.9540329654275878,-0.0002703891879275,0.0002703891879275,0.2072,0.4570114711305401,0.2077862666294442,0.1482216882010889,2.657149314880371,0.0139155387878417,0.0025999999999999,2.657149314880371,0.2072
cifar,iid,20,9928,6,7,0.573572039604187,0.0060240030288696,0.1683366733466933,0.0011695061795261,1.0,0.0,0.7669555555555556,-0.0112888888888886,,0.9540329654275878,-0.0010654683444814,0.0010654683444814,0.2072,0.4570114711305401,0.2077862666294442,0.1482216882010889,2.657149314880371,0.0021388530731201,-0.0,2.657149314880371,0.2072
cifar,iid,20,9928,6,8,0.573572039604187,0.0126080513000488,0.1683366733466933,0.0021587652333013,1.0,0.0,0.7669555555555556,-0.0142666666666664,,0.9540329654275878,-0.0028565681439106,0.0028565681439106,0.2072,0.4570114711305401,0.2077862666294442,0.1482216882010889,2.657149314880371,-0.0178790092468261,-0.0007999999999999,2.657149314880371,0.2072
cifar,iid,20,9928,6,9,0.573572039604187,-0.0045939683914184,0.1683366733466933,-0.0008324958224757,1.0,0.0,0.7669555555555556,0.0225333333333332,,0.9540329654275878,-0.0006226742659459,0.0006226742659459,0.2072,0.4570114711305401,0.2077862666294442,0.1482216882010889,2.657149314880371,-0.0093507766723632,-0.0004,2.657149314880371,0.2072
cifar,iid,20,9928,6,10,0.573572039604187,-0.0046859979629516,0.1683366733466933,-0.0046633266533067,1.0,0.0,0.7669555555555556,0.0699000000000003,,0.9540329654275878,0.0005446142897304,0.0005446142897304,0.2072,0.4570114711305401,0.2077862666294442,0.1482216882010889,2.657149314880371,-0.0014283657073974,0.001,2.657149314880371,0.2072
cifar,iid,20,9928,6,11,0.573572039604187,-0.0094359517097473,0.1683366733466933,-0.0024676960674079,1.0,0.0,0.7669555555555556,-0.0070888888888887,,0.9540329654275878,-0.0015203787877785,0.0015203787877785,0.2072,0.4570114711305401,0.2077862666294442,0.1482216882010889,2.657149314880371,0.0028197765350341,0.0007999999999999,2.657149314880371,0.2072
cifar,iid,20,9928,6,12,0.573572039604187,-0.0014759302139282,0.1683366733466933,0.0026561999739123,1.0,0.0,0.7669555555555556,0.0415777777777779,,0.9540329654275878,0.002050412685666,0.002050412685666,0.2072,0.4570114711305401,0.2077862666294442,0.1482216882010889,2.657149314880371,-0.0147204399108886,-0.0016,2.657149314880371,0.2072
cifar,iid,20,9928,6,13,0.573572039604187,-0.0102479457855224,0.1683366733466933,0.0001502498411208,1.0,0.0,0.7669555555555556,0.0004666666666666,,0.9540329654275878,0.0009918571267339,0.0009918571267339,0.2072,0.4570114711305401,0.2077862666294442,0.1482216882010889,2.657149314880371,0.0116496086120605,0.0015999999999999,2.657149314880371,0.2072
cifar,iid,20,9928,6,14,0.573572039604187,-0.0090999603271484,0.1683366733466933,-0.0042884543346141,1.0,0.0,0.7669555555555556,0.0231777777777777,,0.9540329654275878,0.0001715927159767,0.0001715927159767,0.2072,0.4570114711305401,0.2077862666294442,0.1482216882010889,2.657149314880371,0.0214648246765136,0.0041999999999999,2.657149314880371,0.2072
cifar,iid,20,9928,6,15,0.573572039604187,0.0038200616836547,0.1683366733466933,-0.0019820517529082,1.0,0.0,0.7669555555555556,-0.0287777777777777,,0.9540329654275878,-0.0009996235526434,0.0009996235526434,0.2072,0.4570114711305401,0.2077862666294442,0.1482216882010889,2.657149314880371,-0.008312702178955,0.0013999999999999,2.657149314880371,0.2072
cifar,iid,20,9928,6,16,0.573572039604187,-0.0106779336929321,0.1683366733466933,-0.0069621314341831,1.0,0.0,0.7669555555555556,-0.029422222222222,,0.9540329654275878,0.002015624443576,0.002015624443576,0.2072,0.4570114711305401,0.2077862666294442,0.1482216882010889,2.657149314880371,-0.0047986507415771,-0.0006,2.657149314880371,0.2072
cifar,iid,20,9928,6,17,0.573572039604187,-0.000987946987152,0.1683366733466933,0.0029901386932279,1.0,0.0,0.7669555555555556,-0.0055555555555553,,0.9540329654275878,0.0031267657990428,0.0031267657990428,0.2072,0.4570114711305401,0.2077862666294442,0.1482216882010889,2.657149314880371,-0.0040829181671142,-0.0,2.657149314880371,0.2072
cifar,iid,20,9928,6,18,0.573572039604187,0.0159600377082824,0.1683366733466933,-0.0005207584025482,1.0,0.0,0.7669555555555556,0.0564,,0.9540329654275878,-0.0026611794043285,0.0026611794043285,0.2072,0.4570114711305401,0.2077862666294442,0.1482216882010889,2.657149314880371,0.0186216831207275,0.003,2.657149314880371,0.2072
cifar,iid,20,9928,6,19,0.573572039604187,0.0048500299453735,0.1683366733466933,0.0043690620106608,1.0,0.0,0.7669555555555556,0.0490222222222223,,0.9540329654275878,-0.0014717295245472,0.0014717295245472,0.2072,0.4570114711305401,0.2077862666294442,0.1482216882010889,2.657149314880371,0.0146765708923339,0.0025999999999999,2.657149314880371,0.2072
cifar,iid,20,9928,7,0,0.4460499882698059,0.006164014339447,0.1169383416017009,-0.0026346121349538,0.9987215001065416,0.0002130833155764,0.7785555555555557,0.0451555555555556,,0.9420609176925828,-0.0010039146547683,0.0010039146547683,0.2904,0.6214971509825409,0.2921392364045773,0.2546698363562721,2.22932243347168,-0.0124652385711669,0.0014,2.22932243347168,0.2904
cifar,iid,20,9928,7,1,0.4460499882698059,-0.0047619938850402,0.1169383416017009,-0.0040580996794379,0.9987215001065416,0.0002130833155764,0.7785555555555557,0.0405333333333333,,0.9420609176925828,0.000412083419886,0.000412083419886,0.2904,0.6214971509825409,0.2921392364045773,0.2546698363562721,2.22932243347168,-0.0127630233764648,-0.0015999999999999,2.22932243347168,0.2904
cifar,iid,20,9928,7,2,0.4460499882698059,0.0093820095062255,0.1169383416017009,0.0011269685087744,0.9987215001065416,0.0002130833155764,0.7785555555555557,0.0051333333333334,,0.9420609176925828,-0.0005672602916297,0.0005672602916297,0.2904,0.6214971509825409,0.2921392364045773,0.2546698363562721,2.22932243347168,-0.0283064842224121,-0.0064,2.22932243347168,0.2904
cifar,iid,20,9928,7,3,0.4460499882698059,-0.0011640191078186,0.1169383416017009,-0.0040351730726011,0.9987215001065416,0.0,0.7785555555555557,0.0005111111111113,,0.9420609176925828,-0.0003710372247225,0.0003710372247225,0.2904,0.6214971509825409,0.2921392364045773,0.2546698363562721,2.22932243347168,0.0172877311706542,0.0031999999999999,2.22932243347168,0.2904
cifar,iid,20,9928,7,4,0.4460499882698059,-0.0019140243530273,0.1169383416017009,-0.0017178413861475,0.9987215001065416,0.0002130833155764,0.7785555555555557,0.0300000000000002,,0.9420609176925828,-0.0048153774193331,0.0048153774193331,0.2904,0.6214971509825409,0.2921392364045773,0.2546698363562721,2.22932243347168,0.0207786560058593,0.0045999999999999,2.22932243347168,0.2904
cifar,iid,20,9928,7,5,0.4460499882698059,-0.0092599987983703,0.1169383416017009,-0.0027500436674209,0.9987215001065416,0.0,0.7785555555555557,0.0475444444444443,,0.9420609176925828,-0.0009518205944252,0.0009518205944252,0.2904,0.6214971509825409,0.2921392364045773,0.2546698363562721,2.22932243347168,-0.0046274662017822,-0.0002,2.22932243347168,0.2904
cifar,iid,20,9928,7,6,0.4460499882698059,-0.0094940066337585,0.1169383416017009,-0.0041639064041003,0.9987215001065416,0.0,0.7785555555555557,0.0933555555555556,,0.9420609176925828,-0.0012906880293073,0.0012906880293073,0.2904,0.6214971509825409,0.2921392364045773,0.2546698363562721,2.22932243347168,0.0179855823516845,0.004,2.22932243347168,0.2904
cifar,iid,20,9928,7,7,0.4460499882698059,0.0011619925498962,0.1169383416017009,0.0014714848661342,0.9987215001065416,0.0,0.7785555555555557,-0.0092222222222222,,0.9420609176925828,-0.0008280539589766,0.0008280539589766,0.2904,0.6214971509825409,0.2921392364045773,0.2546698363562721,2.22932243347168,0.0035874843597412,0.0024,2.22932243347168,0.2904
cifar,iid,20,9928,7,8,0.4460499882698059,0.0087479948997497,0.1169383416017009,-0.0077988693303243,0.9987215001065416,0.0002130833155764,0.7785555555555557,0.0186666666666668,,0.9420609176925828,0.0011303676724885,0.0011303676724885,0.2904,0.6214971509825409,0.2921392364045773,0.2546698363562721,2.22932243347168,-0.0260348320007324,-0.0051999999999999,2.22932243347168,0.2904
cifar,iid,20,9928,7,9,0.4460499882698059,-0.0007939934730529,0.1169383416017009,-0.0056832228803286,0.9987215001065416,0.0002130833155764,0.7785555555555557,-0.0081333333333331,,0.9420609176925828,0.0011119427842994,0.0011119427842994,0.2904,0.6214971509825409,0.2921392364045773,0.2546698363562721,2.22932243347168,-0.0098388195037841,-0.0014,2.22932243347168,0.2904
cifar,iid,20,9928,7,10,0.4460499882698059,-0.0031480193138122,0.1169383416017009,-0.0067214153675628,0.9987215001065416,0.0002130833155764,0.7785555555555557,0.0046666666666668,,0.9420609176925828,-0.00310910239852,0.00310910239852,0.2904,0.6214971509825409,0.2921392364045773,0.2546698363562721,2.22932243347168,0.0060200691223144,0.0007999999999999,2.22932243347168,0.2904
cifar,iid,20,9928,7,11,0.4460499882698059,-0.007494032382965,0.1169383416017009,-0.0043170078990123,0.9987215001065416,0.0,0.7785555555555557,0.0380222222222224,,0.9420609176925828,0.0006714462476979,0.0006714462476979,0.2904,0.6214971509825409,0.2921392364045773,0.2546698363562721,2.22932243347168,0.0068738460540771,0.0011999999999999,2.22932243347168,0.2904
cifar,iid,20,9928,7,12,0.4460499882698059,-0.0048760175704956,0.1169383416017009,-0.0009563952404043,0.9987215001065416,0.0002130833155764,0.7785555555555557,0.0195555555555555,,0.9420609176925828,-0.0029668125895636,0.0029668125895636,0.2904,0.6214971509825409,0.2921392364045773,0.2546698363562721,2.22932243347168,-0.0236117839813232,-0.0025999999999999,2.22932243347168,0.2904
cifar,iid,20,9928,7,13,0.4460499882698059,-0.0079259872436523,0.1169383416017009,0.0005928740785031,0.9987215001065416,-0.0002130833155763,0.7785555555555557,0.0487333333333332,,0.9420609176925828,-0.0027750282910257,0.0027750282910257,0.2904,0.6214971509825409,0.2921392364045773,0.2546698363562721,2.22932243347168,0.009951114654541,0.0044,2.22932243347168,0.2904
cifar,iid,20,9928,7,14,0.4460499882698059,-0.0124379992485046,0.1169383416017009,-0.0077881354223691,0.9987215001065416,0.0,0.7785555555555557,0.0685111111111114,,0.9420609176925828,-0.0079867438419652,0.0079867438419652,0.2904,0.6214971509825409,0.2921392364045773,0.2546698363562721,2.22932243347168,0.019899845123291,0.006,2.22932243347168,0.2904
cifar,iid,20,9928,7,15,0.4460499882698059,0.0103999972343444,0.1169383416017009,-0.0046639473825623,0.9987215001065416,0.0,0.7785555555555557,0.0627777777777778,,0.9420609176925828,-0.0007129938431886,0.0007129938431886,0.2904,0.6214971509825409,0.2921392364045773,0.2546698363562721,2.22932243347168,-0.0079908370971679,-0.0002,2.22932243347168,0.2904
cifar,iid,20,9928,7,16,0.4460499882698059,-0.0039840340614318,0.1169383416017009,-0.0056697377746279,0.9987215001065416,0.0,0.7785555555555557,0.0235333333333334,,0.9420609176925828,-0.0028994606745702,0.0028994606745702,0.2904,0.6214971509825409,0.2921392364045773,0.2546698363562721,2.22932243347168,-0.0082120895385742,-0.0015999999999999,2.22932243347168,0.2904
cifar,iid,20,9928,7,17,0.4460499882698059,-0.0119020342826843,0.1169383416017009,-0.0009593856710263,0.9987215001065416,0.0,0.7785555555555557,0.0450666666666668,,0.9420609176925828,-0.0046947016233791,0.0046947016233791,0.2904,0.6214971509825409,0.2921392364045773,0.2546698363562721,2.22932243347168,-0.0033309459686279,0.0017999999999999,2.22932243347168,0.2904
cifar,iid,20,9928,7,18,0.4460499882698059,0.0091620087623596,0.1169383416017009,-0.0019377390899417,0.9987215001065416,0.0,0.7785555555555557,-0.0101555555555554,,0.9420609176925828,-0.0013732566447441,0.0013732566447441,0.2904,0.6214971509825409,0.2921392364045773,0.2546698363562721,2.22932243347168,0.019700288772583,0.0045999999999999,2.22932243347168,0.2904
cifar,iid,20,9928,7,19,0.4460499882698059,0.0079339742660522,0.1169383416017009,-0.0030905810302586,0.9987215001065416,-0.0002130833155763,0.7785555555555557,0.0238666666666669,,0.9420609176925828,0.0016824402955512,0.0016824402955512,0.2904,0.6214971509825409,0.2921392364045773,0.2546698363562721,2.22932243347168,0.0238752365112304,0.0064,2.22932243347168,0.2904
cifar,iid,20,9928,8,0,0.3625119924545288,0.0032039880752563,0.0959367945823927,-0.0019259725717128,0.9883414968998808,0.0008523332623056,0.7307555555555556,-0.0008111111111108,,0.9422895654471682,-0.003815287994319,0.003815287994319,0.3688,0.5891408955177277,0.3714190681721774,0.354992816141902,1.8539671897888184,-0.0135538578033447,-0.002,1.8539671897888184,0.3688
cifar,iid,20,9928,8,1,0.3625119924545288,-0.00449800491333,0.0959367945823927,-0.0024884022680009,0.9883414968998808,0.0006392499467291,0.7307555555555556,0.0110222222222222,,0.9422895654471682,-0.0028658347208784,0.0028658347208784,0.3688,0.5891408955177277,0.3714190681721774,0.354992816141902,1.8539671897888184,-0.0171742439270019,-0.002,1.8539671897888184,0.3688
cifar,iid,20,9928,8,2,0.3625119924545288,0.0014259815216064,0.0959367945823927,-0.002964304318706,0.9883414968998808,0.0012784998934584,0.7307555555555556,-0.0252666666666665,,0.9422895654471682,-0.0054779892711588,0.0054779892711588,0.3688,0.5891408955177277,0.3714190681721774,0.354992816141902,1.8539671897888184,-0.0166730880737304,-0.0067999999999999,1.8539671897888184,0.3688
cifar,iid,20,9928,8,3,0.3625119924545288,-0.0029720067977905,0.0959367945823927,-0.0048604719324135,0.9883414968998808,-0.0012784998934582,0.7307555555555556,0.0040444444444445,,0.9422895654471682,-0.00215222569242,0.00215222569242,0.3688,0.5891408955177277,0.3714190681721774,0.354992816141902,1.8539671897888184,0.019749641418457,0.0038,1.8539671897888184,0.3688
cifar,iid,20,9928,8,4,0.3625119924545288,-0.0019720196723937,0.0959367945823927,0.0025053110036838,0.9883414968998808,-0.0010654165778819,0.7307555555555556,0.0136666666666669,,0.9422895654471682,-0.0008764829244697,0.0008764829244697,0.3688,0.5891408955177277,0.3714190681721774,0.354992816141902,1.8539671897888184,0.015809416770935,0.0012,1.8539671897888184,0.3688
cifar,iid,20,9928,8,5,0.3625119924545288,-0.0055199861526489,0.0959367945823927,-0.0036714874545406,0.9883414968998808,0.0004261666311528,0.7307555555555556,-0.0262222222222221,,0.9422895654471682,-9.968087719214314e-05,9.968087719214314e-05,0.3688,0.5891408955177277,0.3714190681721774,0.354992816141902,1.8539671897888184,0.0020222663879394,0.0002,1.8539671897888184,0.3688
cifar,iid,20,9928,8,6,0.3625119924545288,-0.0089260339736938,0.0959367945823927,-0.0044625208768199,0.9883414968998808,0.0028311623590752,0.7307555555555556,-0.0279555555555557,,0.9422895654471682,-0.0013250151075242,0.0013250151075242,0.3688,0.5891408955177277,0.3714190681721774,0.354992816141902,1.8539671897888184,0.0113847255706787,0.0018,1.8539671897888184,0.3688
cifar,iid,20,9928,8,7,0.3625119924545288,0.0029839873313903,0.0959367945823927,-0.0018160144063712,0.9883414968998808,0.0,0.7307555555555556,0.0300444444444445,,0.9422895654471682,-0.0016436711660804,0.0016436711660804,0.3688,0.5891408955177277,0.3714190681721774,0.354992816141902,1.8539671897888184,0.0036472082138061,-0.0,1.8539671897888184,0.3688
cifar,iid,20,9928,8,8,0.3625119924545288,0.0012940168380737,0.0959367945823927,-0.0047786704698912,0.9883414968998808,0.0014915832090347,0.7307555555555556,-0.0217444444444443,,0.9422895654471682,0.0002815203244567,0.0002815203244567,0.3688,0.5891408955177277,0.3714190681721774,0.354992816141902,1.8539671897888184,-0.0261847972869873,-0.0065999999999999,1.8539671897888184,0.3688
cifar,iid,20,9928,8,9,0.3625119924545288,-0.0015420317649841,0.0959367945823927,-0.0029891522802414,0.9883414968998808,0.0006392499467291,0.7307555555555556,0.0541,,0.9422895654471682,0.0016463431406306,0.0016463431406306,0.3688,0.5891408955177277,0.3714190681721774,0.354992816141902,1.8539671897888184,-0.0052847862243652,-0.0017999999999999,1.8539671897888184,0.3688
cifar,iid,20,9928,8,10,0.3625119924545288,-0.0043619871139526,0.0959367945823927,-0.0025825676043953,0.9883414968998808,0.003257328990228,0.7307555555555556,0.0340666666666666,,0.9422895654471682,0.0024817405586384,0.0024817405586384,0.3688,0.5891408955177277,0.3714190681721774,0.354992816141902,1.8539671897888184,0.0071327686309814,0.0014,1.8539671897888184,0.3688
cifar,iid,20,9928,8,11,0.3625119924545288,-0.0093160271644592,0.0959367945823927,-0.0085749130132668,0.9883414968998808,-0.0002130833155763,0.7307555555555556,0.0737000000000001,,0.9422895654471682,-0.0021559125706005,0.0021559125706005,0.3688,0.5891408955177277,0.3714190681721774,0.354992816141902,1.8539671897888184,0.0015844106674194,0.0022,1.8539671897888184,0.3688
cifar,iid,20,9928,8,12,0.3625119924545288,-0.0054979920387268,0.0959367945823927,-0.0046746562236105,0.9883414968998808,0.0004261666311528,0.7307555555555556,0.0417444444444443,,0.9422895654471682,0.0001342969836869,0.0001342969836869,0.3688,0.5891408955177277,0.3714190681721774,0.354992816141902,1.8539671897888184,-0.0234876871109008,-0.0041999999999999,1.8539671897888184,0.3688
cifar,iid,20,9928,8,13,0.3625119924545288,-0.0053359866142272,0.0959367945823927,-0.0055288198482723,0.9883414968998808,-0.0012784998934582,0.7307555555555556,0.0060888888888888,,0.9422895654471682,-0.0004689011460561,0.0004689011460561,0.3688,0.5891408955177277,0.3714190681721774,0.354992816141902,1.8539671897888184,0.0123336315155029,0.0014,1.8539671897888184,0.3688
cifar,iid,20,9928,8,14,0.3625119924545288,-0.0084680318832397,0.0959367945823927,-0.004699411316971,0.9883414968998808,0.0030442456746516,0.7307555555555556,-0.0409111111111109,,0.9422895654471682,-0.002448686263021,0.002448686263021,0.3688,0.5891408955177277,0.3714190681721774,0.354992816141902,1.8539671897888184,0.0110818147659301,0.0048,1.8539671897888184,0.3688
cifar,iid,20,9928,8,15,0.3625119924545288,0.0055279731750488,0.0959367945823927,0.0017338960316681,0.9883414968998808,0.0008523332623056,0.7307555555555556,0.0291999999999998,,0.9422895654471682,-0.0039415255843809,0.0039415255843809,0.3688,0.5891408955177277,0.3714190681721774,0.354992816141902,1.8539671897888184,-0.0075331926345825,-0.003,1.8539671897888184,0.3688
cifar,iid,20,9928,8,16,0.3625119924545288,-0.004065990447998,0.0959367945823927,-0.0029951896784279,0.9883414968998808,-0.0004261666311528,0.7307555555555556,0.0241111111111111,,0.9422895654471682,-0.0001097985891792,0.0001097985891792,0.3688,0.5891408955177277,0.3714190681721774,0.354992816141902,1.8539671897888184,-0.0072277784347534,-0.0021999999999999,1.8539671897888184,0.3688
cifar,iid,20,9928,8,17,0.3625119924545288,-0.0103160142898559,0.0959367945823927,-0.0096568127235432,0.9883414968998808,0.0030442456746516,0.7307555555555556,0.0017777777777776,,0.9422895654471682,-0.0014848384745207,0.0014848384745207,0.3688,0.5891408955177277,0.3714190681721774,0.354992816141902,1.8539671897888184,0.0074918270111083,0.005,1.8539671897888184,0.3688
cifar,iid,20,9928,8,18,0.3625119924545288,0.0080119967460632,0.0959367945823927,-0.0006188237123558,0.9883414968998808,-0.0008523332623054,0.7307555555555556,-0.0132666666666667,,0.9422895654471682,-0.0039744559741795,0.0039744559741795,0.3688,0.5891408955177277,0.3714190681721774,0.354992816141902,1.8539671897888184,0.0166391134262084,0.0018,1.8539671897888184,0.3688
cifar,iid,20,9928,8,19,0.3625119924545288,0.0052419900894165,0.0959367945823927,-0.0035515510685452,0.9883414968998808,-0.0008523332623054,0.7307555555555556,0.0040444444444445,,0.9422895654471682,-0.0031913993174396,0.0031913993174396,0.3688,0.5891408955177277,0.3714190681721774,0.354992816141902,1.8539671897888184,0.0200192928314209,0.0042,1.8539671897888184,0.3688
cifar,iid,20,9928,9,0,0.3360400199890136,0.0027660131454467,0.0854108956602031,0.0006651329483386,0.9832587310367996,0.0077931578739143,0.5495888888888887,-0.0686999999999999,,0.9440727201574431,-0.0031953045047629,0.0031953045047629,0.4346,0.5998597377001837,0.4377677636441969,0.4320712260253597,1.6197290420532229,-0.0161418914794921,-0.005,1.6197290420532229,0.4346
cifar,iid,20,9928,9,1,0.3360400199890136,-5.996227264404297e-05,0.0854108956602031,-0.0003164185212835,0.9832587310367996,0.0010654165778819,0.5495888888888887,-0.0436555555555557,,0.9440727201574431,-0.0038143234929624,0.0038143234929624,0.4346,0.5998597377001837,0.4377677636441969,0.4320712260253597,1.6197290420532229,-0.0071024894714355,-0.0002,1.6197290420532229,0.4346
cifar,iid,20,9928,9,2,0.3360400199890136,-0.0003460049629211,0.0854108956602031,-0.0008904742028106,0.9832587310367996,0.0014915832090346,0.5495888888888887,-0.046966666666667,,0.9440727201574431,0.0003722056026893,0.0003722056026893,0.4346,0.5998597377001837,0.4377677636441969,0.4320712260253597,1.6197290420532229,-0.0180225372314453,-0.0068,1.6197290420532229,0.4346
cifar,iid,20,9928,9,3,0.3360400199890136,-0.0028479695320129,0.0854108956602031,0.0023084025854108,0.9832587310367996,0.0024049957279224,0.5495888888888887,0.0130777777777777,,0.9440727201574431,0.0052099172841147,0.0052099172841147,0.4346,0.5998597377001837,0.4377677636441969,0.4320712260253597,1.6197290420532229,0.0179700851440429,0.0043999999999999,1.6197290420532229,0.4346
cifar,iid,20,9928,9,4,0.3360400199890136,0.001188039779663,0.0854108956602031,0.0033832458906178,0.9832587310367996,0.0038965789369571,0.5495888888888887,-0.053988888888889,,0.9440727201574431,-0.0002426779595335,0.0002426779595335,0.4346,0.5998597377001837,0.4377677636441969,0.4320712260253597,1.6197290420532229,0.010171890258789,0.0004,1.6197290420532229,0.4346
cifar,iid,20,9928,9,5,0.3360400199890136,-0.0043919682502746,0.0854108956602031,-0.0012649918455599,0.9832587310367996,0.0002130833155763,0.5495888888888887,-0.0213777777777781,,0.9440727201574431,-0.0019475676936668,0.0019475676936668,0.4346,0.5998597377001837,0.4377677636441969,0.4320712260253597,1.6197290420532229,-0.0066752433776855,-0.004,1.6197290420532229,0.4346
cifar,iid,20,9928,9,6,0.3360400199890136,-0.0050539970397949,0.0854108956602031,-0.0011590622246822,0.9832587310367996,0.0060884913493032,0.5495888888888887,-0.0865444444444447,,0.9440727201574431,0.0010358277625159,0.0010358277625159,0.4346,0.5998597377001837,0.4377677636441969,0.4320712260253597,1.6197290420532229,0.0103896856307983,0.0031999999999999,1.6197290420532229,0.4346
cifar,iid,20,9928,9,7,0.3360400199890136,0.0017980337142944,0.0854108956602031,0.0005008818161791,0.9832587310367996,0.0002130833155763,0.5495888888888887,-0.0091444444444446,,0.9440727201574431,-3.5864334556601207e-06,3.5864334556601207e-06,0.4346,0.5998597377001837,0.4377677636441969,0.4320712260253597,1.6197290420532229,-0.0008827447891235,0.0004,1.6197290420532229,0.4346
cifar,iid,20,9928,9,8,0.3360400199890136,-0.0044999718666076,0.0854108956602031,-0.0024912339274725,0.9832587310367996,0.0019177498401874,0.5495888888888887,-0.0541333333333335,,0.9440727201574431,-0.0022995059611666,0.0022995059611666,0.4346,0.5998597377001837,0.4377677636441969,0.4320712260253597,1.6197290420532229,-0.0297095775604248,-0.0091999999999999,1.6197290420532229,0.4346
cifar,iid,20,9928,9,9,0.3360400199890136,-0.0008779764175415,0.0854108956602031,0.0022315980631605,0.9832587310367996,0.0010654165778819,0.5495888888888887,-0.0815222222222225,,0.9440727201574431,-0.0021174782409181,0.0021174782409181,0.4346,0.5998597377001837,0.4377677636441969,0.4320712260253597,1.6197290420532229,-0.0017826557159423,-0.0024,1.6197290420532229,0.4346
cifar,iid,20,9928,9,10,0.3360400199890136,-0.0016379952430725,0.0854108956602031,-0.0006356159677038,0.9832587310367996,0.0067277412960323,0.5495888888888887,-0.0519777777777781,,0.9440727201574431,0.0012534174593146,0.0012534174593146,0.4346,0.5998597377001837,0.4377677636441969,0.4320712260253597,1.6197290420532229,0.0044281482696533,0.0005999999999999,1.6197290420532229,0.4346
cifar,iid,20,9928,9,11,0.3360400199890136,-0.003737986087799,0.0854108956602031,0.0008776861850521,0.9832587310367996,0.0,0.5495888888888887,-0.1137222222222225,,0.9440727201574431,0.0017146207950426,0.0017146207950426,0.4346,0.5998597377001837,0.4377677636441969,0.4320712260253597,1.6197290420532229,0.0055229663848876,0.0005999999999999,1.6197290420532229,0.4346
cifar,iid,20,9928,9,12,0.3360400199890136,-0.0047360062599182,0.0854108956602031,0.0021912503668879,0.9832587310367996,0.0047489121992626,0.5495888888888887,-0.0201666666666668,,0.9440727201574431,-0.0015940650760694,0.0015940650760694,0.4346,0.5998597377001837,0.4377677636441969,0.4320712260253597,1.6197290420532229,-0.0213454961776733,-0.0055999999999999,1.6197290420532229,0.4346
cifar,iid,20,9928,9,13,0.3360400199890136,-0.0012999773025512,0.0854108956602031,0.0043675794049632,0.9832587310367996,0.0026180790434987,0.5495888888888887,-0.0541333333333333,,0.9440727201574431,0.0006022722720583,0.0006022722720583,0.4346,0.5998597377001837,0.4377677636441969,0.4320712260253597,1.6197290420532229,0.0176920890808105,0.0041999999999999,1.6197290420532229,0.4346
cifar,iid,20,9928,9,14,0.3360400199890136,0.0002980232238769,0.0854108956602031,0.0002846094113724,0.9832587310367996,0.0036834956213807,0.5495888888888887,-0.0505000000000002,,0.9440727201574431,-0.001797242706008,0.001797242706008,0.4346,0.5998597377001837,0.4377677636441969,0.4320712260253597,1.6197290420532229,0.0111452341079711,0.0035999999999999,1.6197290420532229,0.4346
cifar,iid,20,9928,9,15,0.3360400199890136,0.0032240152359008,0.0854108956602031,0.0007814354589221,0.9832587310367996,0.0019177498401874,0.5495888888888887,-0.011411111111111,,0.9440727201574431,-0.0014608213685131,0.0014608213685131,0.4346,0.5998597377001837,0.4377677636441969,0.4320712260253597,1.6197290420532229,-0.0087026357650756,-0.003,1.6197290420532229,0.4346
cifar,iid,20,9928,9,16,0.3360400199890136,-0.0024659633636474,0.0854108956602031,-2.778141834536285e-05,0.9832587310367996,0.0002130833155763,0.5495888888888887,-0.0430777777777777,,0.9440727201574431,-0.0014167900570487,0.0014167900570487,0.4346,0.5998597377001837,0.4377677636441969,0.4320712260253597,1.6197290420532229,-0.0019811391830444,-0.002,1.6197290420532229,0.4346
cifar,iid,20,9928,9,17,0.3360400199890136,-0.0058760046958923,0.0854108956602031,-0.0001031230313857,0.9832587310367996,0.0026180790434987,0.5495888888888887,-0.0665222222222223,,0.9440727201574431,-0.00305285298367,0.00305285298367,0.4346,0.5998597377001837,0.4377677636441969,0.4320712260253597,1.6197290420532229,0.0156531333923339,0.0033999999999999,1.6197290420532229,0.4346
cifar,iid,20,9928,9,18,0.3360400199890136,0.0067140460014343,0.0854108956602031,0.000403889588274,0.9832587310367996,0.0056623247181504,0.5495888888888887,-0.0545444444444445,,0.9440727201574431,0.0002238809251997,0.0002238809251997,0.4346,0.5998597377001837,0.4377677636441969,0.4320712260253597,1.6197290420532229,0.0131200551986694,0.001,1.6197290420532229,0.4346
cifar,iid,20,9928,9,19,0.3360400199890136,0.0042120218276977,0.0854108956602031,0.0046075327456771,0.9832587310367996,0.0041096622525335,0.5495888888888887,-0.0253333333333336,,0.9440727201574431,-0.0015701300746252,0.0015701300746252,0.4346,0.5998597377001837,0.4377677636441969,0.4320712260253597,1.6197290420532229,0.022739291191101,0.0047999999999999,1.6197290420532229,0.4346
cifar,iid,20,9928,10,0,0.3257780075073242,0.0017480254173278,0.0661016949152542,0.0002511250545534,0.9731528904022972,0.0002130833155763,0.6874222222222222,0.1006555555555555,,0.9570559821166216,0.0036893440434321,0.0036893440434321,0.4772,0.6093364931924192,0.4803544819878482,0.4785317690796388,1.486642837524414,-0.0137404203414917,-0.0047999999999999,1.486642837524414,0.4772
cifar,iid,20,9928,10,1,0.3257780075073242,0.0010380148887634,0.0661016949152542,0.0017077555213147,0.9731528904022972,0.0008523332623056,0.6874222222222222,0.0078222222222221,,0.9570559821166216,0.0030051467673326,0.0030051467673326,0.4772,0.6093364931924192,0.4803544819878482,0.4785317690796388,1.486642837524414,-0.0098037719726562,-0.0027999999999999,1.486642837524414,0.4772
cifar,iid,20,9928,10,2,0.3257780075073242,-0.0034139752388,0.0661016949152542,-0.001290519400359,0.9731528904022972,0.0010654165778819,0.6874222222222222,0.0501888888888888,,0.9570559821166216,0.0076983480627288,0.0076983480627288,0.4772,0.6093364931924192,0.4803544819878482,0.4785317690796388,1.486642837524414,-0.0194011926651,-0.0034,1.486642837524414,0.4772
cifar,iid,20,9928,10,3,0.3257780075073242,-0.0020599961280822,0.0661016949152542,0.0012552785330016,0.9731528904022972,-0.0014915832090347,0.6874222222222222,0.0592888888888889,,0.9570559821166216,0.002879724902904,0.002879724902904,0.4772,0.6093364931924192,0.4803544819878482,0.4785317690796388,1.486642837524414,0.0198144912719726,0.002,1.486642837524414,0.4772
cifar,iid,20,9928,10,4,0.3257780075073242,0.0022799968719482,0.0661016949152542,0.0014758445751181,0.9731528904022972,-0.0038965789369571,0.6874222222222222,0.075711111111111,,0.9570559821166216,0.0059372815061359,0.0059372815061359,0.4772,0.6093364931924192,0.4803544819878482,0.4785317690796388,1.486642837524414,0.011640191078186,0.0024,1.486642837524414,0.4772
cifar,iid,20,9928,10,5,0.3257780075073242,-0.002012014389038,0.0661016949152542,0.0017766843354827,0.9731528904022972,-0.0002130833155763,0.6874222222222222,-0.0006444444444446,,0.9570559821166216,0.0037875543752847,0.0037875543752847,0.4772,0.6093364931924192,0.4803544819878482,0.4785317690796388,1.486642837524414,-0.0078047513961791,-0.005,1.486642837524414,0.4772
cifar,iid,20,9928,10,6,0.3257780075073242,-0.0030360221862792,0.0661016949152542,3.178869189524036e-05,0.9731528904022972,-0.001704666524611,0.6874222222222222,-0.0397666666666665,,0.9570559821166216,0.0055634772949941,0.0055634772949941,0.4772,0.6093364931924192,0.4803544819878482,0.4785317690796388,1.486642837524414,0.0061193704605102,0.0014,1.486642837524414,0.4772
cifar,iid,20,9928,10,7,0.3257780075073242,0.0033420324325561,0.0661016949152542,0.0017221947034795,0.9731528904022972,-0.0002130833155763,0.6874222222222222,0.0066444444444442,,0.9570559821166216,0.0093526197544792,0.0093526197544792,0.4772,0.6093364931924192,0.4803544819878482,0.4785317690796388,1.486642837524414,0.0026344060897827,-0.0004,1.486642837524414,0.4772
cifar,iid,20,9928,10,8,0.3257780075073242,-0.0032379627227783,0.0661016949152542,-0.0006762683568659,0.9731528904022972,0.0008523332623056,0.6874222222222222,0.0179333333333333,,0.9570559821166216,0.0052611530566052,0.0052611530566052,0.4772,0.6093364931924192,0.4803544819878482,0.4785317690796388,1.486642837524414,-0.0253372192382812,-0.0103999999999999,1.486642837524414,0.4772
cifar,iid,20,9928,10,9,0.3257780075073242,0.0024380087852478,0.0661016949152542,-0.0001403433013063,0.9731528904022972,-0.0034704123058043,0.6874222222222222,-0.0297999999999998,,0.9570559821166216,0.0088652960338312,0.0088652960338312,0.4772,0.6093364931924192,0.4803544819878482,0.4785317690796388,1.486642837524414,0.0067143440246582,-0.0007999999999999,1.486642837524414,0.4772
cifar,iid,20,9928,10,10,0.3257780075073242,-0.0017359852790832,0.0661016949152542,-0.0005084026664173,0.9731528904022972,-0.0014915832090347,0.6874222222222222,0.0082444444444444,,0.9570559821166216,0.0006921911084701,0.0006921911084701,0.4772,0.6093364931924192,0.4803544819878482,0.4785317690796388,1.486642837524414,-0.0021686553955078,-0.002,1.486642837524414,0.4772
cifar,iid,20,9928,10,11,0.3257780075073242,-0.0042060017585754,0.0661016949152542,0.0026704475759609,0.9731528904022972,-0.0034704123058043,0.6874222222222222,0.0468222222222221,,0.9570559821166216,0.0103277816391772,0.0103277816391772,0.4772,0.6093364931924192,0.4803544819878482,0.4785317690796388,1.486642837524414,0.0040259361267089,-0.0005999999999999,1.486642837524414,0.4772
cifar,iid,20,9928,10,12,0.3257780075073242,-0.0039719939231872,0.0661016949152542,0.0023348030233623,0.9731528904022972,0.0008523332623056,0.6874222222222222,0.0350111111111111,,0.9570559821166216,0.0045660989549084,0.0045660989549084,0.4772,0.6093364931924192,0.4803544819878482,0.4785317690796388,1.486642837524414,-0.012850284576416,-0.0041999999999999,1.486642837524414,0.4772
cifar,iid,20,9928,10,13,0.3257780075073242,0.0010420083999633,0.0661016949152542,0.0028267911102093,0.9731528904022972,-0.002770083102493,0.6874222222222222,0.0871111111111109,,0.9570559821166216,0.0067869780386102,0.0067869780386102,0.4772,0.6093364931924192,0.4803544819878482,0.4785317690796388,1.486642837524414,0.0173876285552978,0.0045999999999999,1.486642837524414,0.4772
cifar,iid,20,9928,10,14,0.3257780075073242,0.0055260062217712,0.0661016949152542,0.0032543242440271,0.9731528904022972,-0.0002130833155763,0.6874222222222222,-0.0129555555555556,,0.9570559821166216,-0.0023989525937104,0.0023989525937104,0.4772,0.6093364931924192,0.4803544819878482,0.4785317690796388,1.486642837524414,0.0126315355300903,0.0025999999999999,1.486642837524414,0.4772
cifar,iid,20,9928,10,15,0.3257780075073242,-0.0011559724807739,0.0661016949152542,-0.0022239060969769,0.9731528904022972,-0.0026180790434988,0.6874222222222222,0.0551111111111111,,0.9570559821166216,0.0112956774199797,0.0112956774199797,0.4772,0.6093364931924192,0.4803544819878482,0.4785317690796388,1.486642837524414,-0.014349341392517,-0.008,1.486642837524414,0.4772
cifar,iid,20,9928,10,16,0.3257780075073242,-0.0012540221214294,0.0661016949152542,0.0005625828645142,0.9731528904022972,0.0,0.6874222222222222,0.0444111111111109,,0.9570559821166216,0.0083367309099439,0.0083367309099439,0.4772,0.6093364931924192,0.4803544819878482,0.4785317690796388,1.486642837524414,-0.0052287578582763,-0.002,1.486642837524414,0.4772
cifar,iid,20,9928,10,17,0.3257780075073242,-0.0031279921531677,0.0661016949152542,0.000837633086143,0.9731528904022972,-0.0023439164713402,0.6874222222222222,0.0453888888888887,,0.9570559821166216,0.005370803874054,0.005370803874054,0.4772,0.6093364931924192,0.4803544819878482,0.4785317690796388,1.486642837524414,0.0213431119918823,0.004,1.486642837524414,0.4772
cifar,iid,20,9928,10,18,0.3257780075073242,0.0028920173645019,0.0661016949152542,0.0025351420142303,0.9731528904022972,-0.0014915832090347,0.6874222222222222,0.0002444444444444,,0.9570559821166216,0.0035969535555375,0.0035969535555375,0.4772,0.6093364931924192,0.4803544819878482,0.4785317690796388,1.486642837524414,0.0045274496078491,-0.0015999999999999,1.486642837524414,0.4772
cifar,iid,20,9928,10,19,0.3257780075073242,-0.000573992729187,0.0661016949152542,-0.0014429100125282,0.9731528904022972,-0.0045358288836863,0.6874222222222222,-0.0035777777777779,,0.9570559821166216,0.0074602192369932,0.0074602192369932,0.4772,0.6093364931924192,0.4803544819878482,0.4785317690796388,1.486642837524414,0.0221837759017944,0.0024,1.486642837524414,0.4772
cifar,iid,4,9928,1,0,0.8033599853515625,0.0220419764518737,0.6706586826347305,0.0335989582855726,1.0,0.0,0.8216444444444444,-0.0132444444444446,,0.9801628444011692,0.0012612648128854,0.0012612648128854,0.1258,0.2845094478851865,0.1274630798991442,0.0664201829405609,2.9995574951171875,-0.0668997764587402,0.0065999999999999,2.9995574951171875,0.1258
cifar,iid,4,9928,1,1,0.8033599853515625,-0.0125759840011596,0.6706586826347305,0.1967575837336316,1.0,0.0,0.8216444444444444,-0.0113555555555555,,0.9801628444011692,0.0024235787961892,0.0024235787961892,0.1258,0.2845094478851865,0.1274630798991442,0.0664201829405609,2.9995574951171875,0.0314998626708984,-0.0012,2.9995574951171875,0.1258
cifar,iid,4,9928,1,2,0.8033599853515625,0.1073359847068786,0.6706586826347305,0.0537947773092867,1.0,0.0,0.8216444444444444,-0.0174222222222222,,0.9801628444011692,0.0039542249085039,0.0039542249085039,0.1258,0.2845094478851865,0.1274630798991442,0.0664201829405609,2.9995574951171875,-0.0513191223144531,-0.0113999999999999,2.9995574951171875,0.1258
cifar,iid,4,9928,1,3,0.8033599853515625,-0.0284700393676757,0.6706586826347305,0.0418202313663726,1.0,0.0,0.8216444444444444,0.0218222222222221,,0.9801628444011692,-0.0040333427593818,0.0040333427593818,0.1258,0.2845094478851865,0.1274630798991442,0.0664201829405609,2.9995574951171875,-0.065896987915039,-0.0075999999999999,2.9995574951171875,0.1258
cifar,iid,4,9928,2,0,0.4250320196151733,-0.0658599734306335,0.2096597145993414,-0.0207268142946501,0.9699267951228212,-0.0044449040812742,0.6506000000000001,0.0315777777777779,,0.9173318151216472,0.0008186062857279,0.0008186062857279,0.534,0.5993164362665002,0.5371920936775956,0.5328356120356902,1.3197236061096191,0.0133876800537109,0.0118,1.3197236061096191,0.534
cifar,iid,4,9928,2,1,0.4250320196151733,5.799531936645508e-05,0.2096597145993414,0.0213189074244535,0.9699267951228212,-0.0085844118796377,0.6506000000000001,-0.0683111111111112,,0.9173318151216472,-0.0058436632714851,0.0058436632714851,0.534,0.5993164362665002,0.5371920936775956,0.5328356120356902,1.3197236061096191,0.030852198600769,0.0006,1.3197236061096191,0.534
cifar,iid,4,9928,2,2,0.4250320196151733,0.0303919911384582,0.2096597145993414,0.0230027696485576,0.9699267951228212,-0.0078542371304966,0.6506000000000001,-0.0863555555555555,,0.9173318151216472,-0.021477586981954,0.021477586981954,0.534,0.5993164362665002,0.5371920936775956,0.5328356120356902,1.3197236061096191,-0.000482439994812,-0.0023999999999999,1.3197236061096191,0.534
cifar,iid,4,9928,2,3,0.4250320196151733,-0.0248679518699646,0.2096597145993414,-0.0196608171584133,0.9699267951228212,0.0026791583000809,0.6506000000000001,0.0004222222222223,,0.9173318151216472,-0.0092231553532249,0.0092231553532249,0.534,0.5993164362665002,0.5371920936775956,0.5328356120356902,1.3197236061096191,0.0181590318679809,0.0021999999999999,1.3197236061096191,0.534
cifar,iid,4,9928,3,0,0.435118019580841,-0.0293479561805725,0.1507487520798669,-0.0027493335449155,0.9697449455179972,-0.0047489121992627,0.6805111111111111,0.0305555555555554,,0.9391626904405574,-0.006714577500389,0.006714577500389,0.5988,0.6341092452450396,0.6018419235134895,0.5951052833536972,1.1264687776565552,0.0324974060058593,0.0151999999999999,1.1264687776565552,0.5988
cifar,iid,4,9928,3,1,0.435118019580841,0.0084940195083618,0.1507487520798669,0.023339408728021,0.9697449455179972,-0.0038965789369572,0.6805111111111111,0.0712666666666668,,0.9391626904405574,0.017153986780318,0.017153986780318,0.5988,0.6341092452450396,0.6018419235134895,0.5951052833536972,1.1264687776565552,-0.0397138595581054,-0.009,1.1264687776565552,0.5988
cifar,iid,4,9928,3,2,0.435118019580841,0.0152280330657958,0.1507487520798669,0.01436984714201,0.9697449455179972,0.0014617376632047,0.6805111111111111,0.0678222222222222,,0.9391626904405574,-0.008093041460307,0.008093041460307,0.5988,0.6341092452450396,0.6018419235134895,0.5951052833536972,1.1264687776565552,0.0523890256881713,0.0178,1.1264687776565552,0.5988
cifar,iid,4,9928,3,3,0.435118019580841,-0.038558006286621,0.1507487520798669,-0.0252431095681493,0.9697449455179972,0.002282837214758,0.6805111111111111,0.0115777777777776,,0.9391626904405574,-0.000187400966097,0.000187400966097,0.5988,0.6341092452450396,0.6018419235134895,0.5951052833536972,1.1264687776565552,0.0737501382827758,0.024,1.1264687776565552,0.5988
cifar,iid,4,9928,4,0,0.4143819808959961,-0.0225459933280944,0.1126213592233009,0.0071791823525526,0.9703543499188964,0.0024660749845045,0.5762777777777779,-0.0682666666666667,,0.9399189601235192,0.0001436749589737,0.0001436749589737,0.6256,0.6536694585616234,0.6277377254670127,0.6164952657733083,1.0456725358963013,0.0319681167602539,0.0171999999999999,1.0456725358963013,0.6256
cifar,iid,4,9928,4,1,0.4143819808959961,-0.0149080157279968,0.1126213592233009,0.0022481776926241,0.9703543499188964,-0.0032260952794758,0.5762777777777779,-0.0305222222222221,,0.9399189601235192,0.0099866533354499,0.0099866533354499,0.6256,0.6536694585616234,0.6277377254670127,0.6164952657733083,1.0456725358963013,-0.0225182771682739,-0.0077999999999999,1.0456725358963013,0.6256
cifar,iid,4,9928,4,2,0.4143819808959961,-0.0030120015144348,0.1126213592233009,0.003968783265573,0.9703543499188964,-0.0146118239723588,0.5762777777777779,-0.0643888888888886,,0.9399189601235192,-0.0081153041372188,0.0081153041372188,0.6256,0.6536694585616234,0.6277377254670127,0.6164952657733083,1.0456725358963013,0.0901538133621215,0.034,1.0456725358963013,0.6256
cifar,iid,4,9928,4,3,0.4143819808959961,-0.0155500173568725,0.1126213592233009,-0.0176696460677043,0.9703543499188964,0.0038653452262049,0.5762777777777779,-0.0238999999999998,,0.9399189601235192,-0.001788854839628,0.001788854839628,0.6256,0.6536694585616234,0.6277377254670127,0.6164952657733083,1.0456725358963013,0.0573195219039917,0.0176,1.0456725358963013,0.6256
cifar,iid,4,9928,5,0,0.4072200059890747,-0.0127679705619812,0.0867875647668393,0.0074924105818173,0.9659705250942044,-0.0053881621459919,0.6456222222222219,0.1090333333333331,,0.9372720390023186,-0.0022629043922652,0.0022629043922652,0.604,0.6654750176620093,0.606112467956314,0.5955316922053274,1.1415568590164185,0.0617109537124633,0.0185999999999999,1.1415568590164185,0.604
cifar,iid,4,9928,5,1,0.4072200059890747,-0.0236179828643798,0.0867875647668393,-0.0066827700027993,0.9659705250942044,-0.0133631696247303,0.6456222222222219,0.0105999999999994,,0.9372720390023186,0.0033520199585186,0.0033520199585186,0.604,0.6654750176620093,0.606112467956314,0.5955316922053274,1.1415568590164185,-0.0806890726089477,-0.0168,1.1415568590164185,0.604
cifar,iid,4,9928,5,2,0.4072200059890747,-0.0140559673309326,0.0867875647668393,0.0191385359657676,0.9659705250942044,-0.0119326656722779,0.6456222222222219,0.0986777777777774,,0.9372720390023186,-0.0259723443302946,0.0259723443302946,0.604,0.6654750176620093,0.606112467956314,0.5955316922053274,1.1415568590164185,0.1436247825622558,0.0457999999999999,1.1415568590164185,0.604
cifar,iid,4,9928,5,3,0.4072200059890747,0.0062760114669799,0.0867875647668393,-0.0050818334405869,0.9659705250942044,-0.0077945460388366,0.6456222222222219,0.0632222222222218,,0.9372720390023186,-0.0016546707980172,0.0016546707980172,0.604,0.6654750176620093,0.606112467956314,0.5955316922053274,1.1415568590164185,0.0502282381057739,0.0063999999999999,1.1415568590164185,0.604
cifar,iid,4,9928,6,0,0.3744459748268127,-0.0208100080490112,0.0707562479714378,-0.0020845428714341,0.9707194372934672,-0.0013395791500404,0.5959777777777777,-0.0637333333333334,,0.9379509840549174,0.0069184516111343,0.0069184516111343,0.6104,0.6688113671114805,0.6128230447951306,0.6034175814453493,1.142570734024048,0.0504505634307861,0.011,1.142570734024048,0.6104
cifar,iid,4,9928,6,1,0.3744459748268127,-0.0192900300025939,0.0707562479714378,0.0014714459280151,0.9707194372934672,-0.0039264244827871,0.5959777777777777,-0.0436888888888891,,0.9379509840549174,0.001408733481683,0.001408733481683,0.6104,0.6688113671114805,0.6128230447951306,0.6034175814453493,1.142570734024048,-0.1148939132690429,-0.0295999999999999,1.142570734024048,0.6104
cifar,iid,4,9928,6,2,0.3744459748268127,-0.0244100093841552,0.0707562479714378,0.0067507421214723,0.9707194372934672,-0.0022217579581759,0.5959777777777777,-0.0395666666666669,,0.9379509840549174,-0.0093318782665259,0.0093318782665259,0.6104,0.6688113671114805,0.6128230447951306,0.6034175814453493,1.142570734024048,0.1970130205154419,0.0482,1.142570734024048,0.6104
cifar,iid,4,9928,6,3,0.3744459748268127,-0.0011740326881408,0.0707562479714378,-0.003687838396593,0.9707194372934672,0.0027388493917408,0.5959777777777777,0.0002444444444442,,0.9379509840549174,-0.0093640976461963,0.0093640976461963,0.6104,0.6688113671114805,0.6128230447951306,0.6034175814453493,1.142570734024048,0.1257517337799072,0.0264,1.142570734024048,0.6104
cifar,iid,4,9928,7,0,0.3802580237388611,-0.0298859477043151,0.0673724735322425,0.0015739814143534,0.9790296866009464,0.0053881621459919,0.6760222222222221,-0.0180222222222223,,0.9514631650566162,0.0070932378384138,0.0070932378384138,0.5982,0.6704521063848767,0.6007910314909146,0.5946363435811829,1.2299782037734983,0.0629606246948242,0.0143999999999999,1.2299782037734983,0.5982
cifar,iid,4,9928,7,1,0.3802580237388611,-0.0094099640846252,0.0673724735322425,0.0091231032551644,0.9790296866009464,-0.005570011750816,0.6760222222222221,-0.1174666666666668,,0.9514631650566162,0.013229095674711,0.013229095674711,0.5982,0.6704521063848767,0.6007910314909146,0.5946363435811829,1.2299782037734983,-0.1761152744293213,-0.0358,1.2299782037734983,0.5982
cifar,iid,4,9928,7,2,0.3802580237388611,-0.0294039845466613,0.0673724735322425,5.834091335432667e-05,0.9790296866009464,-0.0053881621459919,0.6760222222222221,-0.0379333333333333,,0.9514631650566162,-0.0006079176334411,0.0006079176334411,0.5982,0.6704521063848767,0.6007910314909146,0.5946363435811829,1.2299782037734983,0.3639664649963379,0.0743999999999999,1.2299782037734983,0.5982
cifar,iid,4,9928,7,3,0.3802580237388611,0.0047900080680847,0.0673724735322425,0.0014984375425253,0.9790296866009464,0.0070615949598508,0.6760222222222221,0.0201333333333333,,0.9514631650566162,0.0081244426402378,0.0081244426402378,0.5982,0.6704521063848767,0.6007910314909146,0.5946363435811829,1.2299782037734983,0.161855936050415,0.0355999999999999,1.2299782037734983,0.5982
cifar,iid,4,9928,8,0,0.3926180005073547,-0.0110939741134643,0.0649867374005305,-0.0028679575960425,0.9707194372934672,0.001156341380294,0.4944555555555556,-0.006233333333333,,0.937471136403963,-0.0005307353035157,0.0005307353035157,0.597,0.6693382419355813,0.5992879541413089,0.5940755127047694,1.2470378875732422,0.0432449579238891,0.014,1.2470378875732422,0.597
cifar,iid,4,9928,8,1,0.3926180005073547,0.0075420141220092,0.0649867374005305,0.0138848530185439,0.9707194372934672,-0.0069706701574386,0.4944555555555556,-0.0244444444444444,,0.937471136403963,-0.0039634254600247,0.0039634254600247,0.597,0.6693382419355813,0.5992879541413089,0.5940755127047694,1.2470378875732422,-0.1161843538284301,-0.0246,1.2470378875732422,0.597
cifar,iid,4,9928,8,2,0.3926180005073547,-0.0383359789848327,0.0649867374005305,0.0031672783207974,0.9707194372934672,-0.0034704123058043,0.4944555555555556,-0.1730777777777778,,0.937471136403963,-0.0138870694032308,0.0138870694032308,0.597,0.6693382419355813,0.5992879541413089,0.5940755127047694,1.2470378875732422,0.2123236656188964,0.0412,1.2470378875732422,0.597
cifar,iid,4,9928,8,3,0.3926180005073547,-0.0042439699172973,0.0649867374005305,0.0048015522153452,0.9707194372934672,-0.0084025622748136,0.4944555555555556,-0.1783777777777775,,0.937471136403963,-0.0016218813714883,0.0016218813714883,0.597,0.6693382419355813,0.5992879541413089,0.5940755127047694,1.2470378875732422,0.1182304620742797,0.021,1.2470378875732422,0.597
cifar,iid,4,9928,9,0,0.3902639746665954,-0.0202700495719909,0.0606355382619974,-0.00448074080777,0.9738546077705308,0.0049009162582569,0.6762333333333332,0.0670888888888887,,0.9343666692076228,-0.0021520405448723,0.0021520405448723,0.5804,0.6693941866187274,0.5832065123806727,0.5803364102299142,1.400612473487854,0.0652908086776733,0.0178,1.400612473487854,0.5804
cifar,iid,4,9928,9,1,0.3902639746665954,0.0084539651870727,0.0606355382619974,0.0104449410574231,0.9738546077705308,-0.0059663328361388,0.6762333333333332,0.0466666666666666,,0.9343666692076228,-0.0016070699853917,0.0016070699853917,0.5804,0.6693941866187274,0.5832065123806727,0.5803364102299142,1.400612473487854,-0.1375949382781982,-0.0272,1.400612473487854,0.5804
cifar,iid,4,9928,9,2,0.3902639746665954,-0.0343680381774902,0.0606355382619974,0.0100413107577529,0.9738546077705308,-0.0020086746425995,0.6762333333333332,0.1176777777777777,,0.9343666692076228,-0.0122283316454017,0.0122283316454017,0.5804,0.6693941866187274,0.5832065123806727,0.5803364102299142,1.400612473487854,0.5732718706130981,0.0882,1.400612473487854,0.5804
cifar,iid,4,9928,9,3,0.3902639746665954,-0.000324010848999,0.0606355382619974,-0.0045603787613809,0.9738546077705308,-0.0043539792788621,0.6762333333333332,0.0910555555555554,,0.9343666692076228,0.0085028675916851,0.0085028675916851,0.5804,0.6693941866187274,0.5832065123806727,0.5803364102299142,1.400612473487854,-0.0855730772018432,-0.0197999999999999,1.400612473487854,0.5804
cifar,iid,4,9928,10,0,0.421235978603363,0.0128780007362365,0.0499683744465527,0.0036779495892287,0.9703231162081444,0.0128759237369955,0.6966111111111113,0.1157333333333336,,0.9331952468450516,0.0126672805670592,0.0126672805670592,0.6148,0.6720294305588022,0.6176103622563334,0.6071197728270639,1.285632610321045,0.032641053199768,0.0083999999999999,1.285632610321045,0.6148
cifar,iid,4,9928,10,1,0.421235978603363,-0.0181919932365417,0.0499683744465527,-0.0037750241244319,0.9703231162081444,-0.0091015033132025,0.6966111111111113,0.0555111111111112,,0.9331952468450516,0.0036167908756594,0.0036167908756594,0.6148,0.6720294305588022,0.6176103622563334,0.6071197728270639,1.285632610321045,0.0804740190505981,0.0203999999999999,1.285632610321045,0.6148
cifar,iid,4,9928,10,2,0.421235978603363,-0.0078720450401306,0.0499683744465527,-0.0079554784659106,0.9703231162081444,0.0018566705836053,0.6966111111111113,0.0026333333333337,,0.9331952468450516,-0.0107635814747805,0.0107635814747805,0.6148,0.6720294305588022,0.6176103622563334,0.6071197728270639,1.285632610321045,0.2935236692428589,0.0547999999999999,1.285632610321045,0.6148
cifar,iid,4,9928,10,3,0.421235978603363,-0.0128099918365478,0.0499683744465527,0.0051430613285566,0.9703231162081444,0.0070928286706031,0.6966111111111113,0.0276666666666667,,0.9331952468450516,0.0051536290586143,0.0051536290586143,0.6148,0.6720294305588022,0.6176103622563334,0.6071197728270639,1.285632610321045,-0.0926043987274169,-0.0151999999999999,1.285632610321045,0.6148
