dataset,partition,num_clients,seed,round,client_id,global_l1o_rob,l1o_rob_contribution,global_l1o_adv,l1o_adv_contribution,global_l1o_priv,l1o_priv_contribution,l1o_priv_abs_contribution,accuracy,precision,recall,f1,loss,l1o_loss_contribution,l1o_acc_contribution,global_l1o_loss,global_l1o_acc,acc_contribution
imdb,iid,20,42,1,0,0.6620399951934814,-0.0012080073356628,0.1277284026145935,-0.0020210146903991,0.9058444444444445,0.0039111111111111,,0.5228,0.5472636815920398,0.2216848045143087,0.3155479059093516,0.6916329860687256,-3.576278686523437e-06,-0.0,0.6916329860687256,0.5228,-0.0
imdb,iid,20,42,1,1,0.6620399951934814,-0.0016559958457946,0.1277284026145935,0.0020210742950439,0.9058444444444445,0.0021111111111111,,0.5228,0.5472636815920398,0.2216848045143087,0.3155479059093516,0.6916329860687256,4.589557647705078e-06,0.0008,0.6916329860687256,0.5228,0.0008
imdb,iid,20,42,1,2,0.6620399951934814,0.002120018005371,0.1277284026145935,0.0035876631736755,0.9058444444444445,0.0085999999999999,,0.5228,0.5472636815920398,0.2216848045143087,0.3155479059093516,0.6916329860687256,1.6093254089355469e-06,0.0004,0.6916329860687256,0.5228,0.0004
imdb,iid,20,42,1,3,0.6620399951934814,-0.0002039670944213,0.1277284026145935,0.000757098197937,0.9058444444444445,-0.0056444444444443,,0.5228,0.5472636815920398,0.2216848045143087,0.3155479059093516,0.6916329860687256,2.1457672119140625e-06,0.0002,0.6916329860687256,0.5228,0.0002
imdb,iid,20,42,1,4,0.6620399951934814,-0.001878023147583,0.1277284026145935,-0.0016167759895324,0.9058444444444445,0.0032444444444443,,0.5228,0.5472636815920398,0.2216848045143087,0.3155479059093516,0.6916329860687256,1.3172626495361328e-05,-0.0007999999999999,0.6916329860687256,0.5228,-0.0007999999999999
imdb,iid,20,42,1,5,0.6620399951934814,0.000573992729187,0.1277284026145935,0.0019193291664123,0.9058444444444445,0.0054444444444445,,0.5228,0.5472636815920398,0.2216848045143087,0.3155479059093516,0.6916329860687256,-7.748603820800781e-07,-0.0001999999999999,0.6916329860687256,0.5228,-0.0001999999999999
imdb,iid,20,42,1,6,0.6620399951934814,-0.0012279748916625,0.1277284026145935,-0.0032336115837097,0.9058444444444445,0.0077111111111112,,0.5228,0.5472636815920398,0.2216848045143087,0.3155479059093516,0.6916329860687256,7.331371307373047e-06,-0.0003999999999999,0.6916329860687256,0.5228,-0.0003999999999999
imdb,iid,20,42,1,7,0.6620399951934814,-0.0007140040397644,0.1277284026145935,0.000757098197937,0.9058444444444445,0.0059111111111112,,0.5228,0.5472636815920398,0.2216848045143087,0.3155479059093516,0.6916329860687256,4.708766937255859e-06,-0.0,0.6916329860687256,0.5228,-0.0
imdb,iid,20,42,1,8,0.6620399951934814,-0.0021920204162597,0.1277284026145935,-0.002829372882843,0.9058444444444445,0.0001555555555556,,0.5228,0.5472636815920398,0.2216848045143087,0.3155479059093516,0.6916329860687256,-8.404254913330078e-06,0.0002,0.6916329860687256,0.5228,0.0002
imdb,iid,20,42,1,9,0.6620399951934814,-0.004144012928009,0.1277284026145935,-0.0064672231674194,0.9058444444444445,0.003311111111111,,0.5228,0.5472636815920398,0.2216848045143087,0.3155479059093516,0.6916329860687256,-6.556510925292969e-07,0.0004,0.6916329860687256,0.5228,0.0004
imdb,iid,20,42,1,10,0.6620399951934814,-0.0008299946784973,0.1277284026145935,0.0019702315330505,0.9058444444444445,-0.0016888888888888,,0.5228,0.5472636815920398,0.2216848045143087,0.3155479059093516,0.6916329860687256,-7.867813110351562e-06,-0.0003999999999999,0.6916329860687256,0.5228,-0.0003999999999999
imdb,iid,20,42,1,11,0.6620399951934814,1.800060272216797e-05,0.1277284026145935,-0.0016691088676452,0.9058444444444445,-0.0093999999999998,,0.5228,0.5472636815920398,0.2216848045143087,0.3155479059093516,0.6916329860687256,-1.0192394256591795e-05,-0.0001999999999999,0.6916329860687256,0.5228,-0.0001999999999999
imdb,iid,20,42,1,12,0.6620399951934814,-7.998943328857422e-05,0.1277284026145935,0.0031833052635192,0.9058444444444445,0.0029333333333334,,0.5228,0.5472636815920398,0.2216848045143087,0.3155479059093516,0.6916329860687256,1.4007091522216795e-05,0.0004,0.6916329860687256,0.5228,0.0004
imdb,iid,20,42,1,13,0.6620399951934814,-0.0022059679031372,0.1277284026145935,-0.0036377906799316,0.9058444444444445,0.0873111111111111,,0.5228,0.5472636815920398,0.2216848045143087,0.3155479059093516,0.6916329860687256,-5.424022674560547e-06,-0.0001999999999999,0.6916329860687256,0.5228,-0.0001999999999999
imdb,iid,20,42,1,14,0.6620399951934814,0.0014320015907287,0.1277284026145935,0.0039920210838317,0.9058444444444445,0.0074555555555555,,0.5228,0.5472636815920398,0.2216848045143087,0.3155479059093516,0.6916329860687256,-7.68899917602539e-06,-0.0003999999999999,0.6916329860687256,0.5228,-0.0003999999999999
imdb,iid,20,42,1,15,0.6620399951934814,-0.0004520416259765,0.1277284026145935,0.0011614561080932,0.9058444444444445,0.0025555555555556,,0.5228,0.5472636815920398,0.2216848045143087,0.3155479059093516,0.6916329860687256,-1.8477439880371087e-06,-0.0,0.6916329860687256,0.5228,-0.0
imdb,iid,20,42,1,16,0.6620399951934814,0.0001720190048217,0.1277284026145935,-5.161762237548828e-05,0.9058444444444445,-0.0006444444444444,,0.5228,0.5472636815920398,0.2216848045143087,0.3155479059093516,0.6916329860687256,-9.775161743164062e-06,0.0002,0.6916329860687256,0.5228,0.0002
imdb,iid,20,42,1,17,0.6620399951934814,-0.0011919736862182,0.1277284026145935,-0.0004041790962219,0.9058444444444445,0.0018444444444443,,0.5228,0.5472636815920398,0.2216848045143087,0.3155479059093516,0.6916329860687256,4.529953002929688e-06,-0.0,0.6916329860687256,0.5228,-0.0
imdb,iid,20,42,1,18,0.6620399951934814,-0.0015740394592285,0.1277284026145935,-0.002425193786621,0.9058444444444445,0.0078444444444445,,0.5228,0.5472636815920398,0.2216848045143087,0.3155479059093516,0.6916329860687256,-8.344650268554688e-07,0.0004,0.6916329860687256,0.5228,0.0004
imdb,iid,20,42,1,19,0.6620399951934814,0.0007879734039306,0.1277284026145935,0.004446268081665,0.9058444444444445,-0.01,,0.5228,0.5472636815920398,0.2216848045143087,0.3155479059093516,0.6916329860687256,6.67572021484375e-06,-0.0,0.6916329860687256,0.5228,-0.0
imdb,iid,20,42,2,0,0.8421679735183716,7.987022399902344e-06,0.6908504962921143,-0.0036275386810302,0.9862444444444444,0.0376555555555555,,0.5204,0.6640316205533597,0.0677146311970979,0.1228968544257498,0.6904266476631165,4.470348358154297e-06,0.0005999999999999,0.6904266476631165,0.5204,0.0005999999999999
imdb,iid,20,42,2,1,0.8421679735183716,-4.804134368896485e-05,0.6908504962921143,0.0008061528205871,0.9862444444444444,0.0141555555555556,,0.5204,0.6640316205533597,0.0677146311970979,0.1228968544257498,0.6904266476631165,2.443790435791016e-06,0.0001999999999999,0.6904266476631165,0.5204,0.0001999999999999
imdb,iid,20,42,2,2,0.8421679735183716,0.0009219646453857,0.6908504962921143,0.004030704498291,0.9862444444444444,0.0962444444444443,,0.5204,0.6640316205533597,0.0677146311970979,0.1228968544257498,0.6904266476631165,-8.58306884765625e-06,-0.0004,0.6904266476631165,0.5204,-0.0004
imdb,iid,20,42,2,3,0.8421679735183716,0.0004839897155761,0.6908504962921143,0.0012092590332031,0.9862444444444444,0.0025111111111111,,0.5204,0.6640316205533597,0.0677146311970979,0.1228968544257498,0.6904266476631165,1.1801719665527344e-05,0.0005999999999999,0.6904266476631165,0.5204,0.0005999999999999
imdb,iid,20,42,2,4,0.8421679735183716,0.0002199411392211,0.6908504962921143,-0.0004030466079711,0.9862444444444444,-0.008911111111111,,0.5204,0.6640316205533597,0.0677146311970979,0.1228968544257498,0.6904266476631165,8.702278137207031e-06,0.0003999999999999,0.6904266476631165,0.5204,0.0003999999999999
imdb,iid,20,42,2,5,0.8421679735183716,0.00027596950531,0.6908504962921143,0.0,0.9862444444444444,0.0031333333333334,,0.5204,0.6640316205533597,0.0677146311970979,0.1228968544257498,0.6904266476631165,-8.64267349243164e-06,-0.0006,0.6904266476631165,0.5204,-0.0006
imdb,iid,20,42,2,6,0.8421679735183716,-0.000510036945343,0.6908504962921143,-0.0028214454650878,0.9862444444444444,0.0019555555555554,,0.5204,0.6640316205533597,0.0677146311970979,0.1228968544257498,0.6904266476631165,2.6226043701171875e-06,0.0001999999999999,0.6904266476631165,0.5204,0.0001999999999999
imdb,iid,20,42,2,7,0.8421679735183716,0.0006499886512756,0.6908504962921143,0.0,0.9862444444444444,0.017111111111111,,0.5204,0.6640316205533597,0.0677146311970979,0.1228968544257498,0.6904266476631165,2.682209014892578e-06,-0.0,0.6904266476631165,0.5204,-0.0
imdb,iid,20,42,2,8,0.8421679735183716,-0.0007120370864868,0.6908504962921143,-0.0028214454650878,0.9862444444444444,0.0389222222222223,,0.5204,0.6640316205533597,0.0677146311970979,0.1228968544257498,0.6904266476631165,-7.62939453125e-06,-0.0,0.6904266476631165,0.5204,-0.0
imdb,iid,20,42,2,9,0.8421679735183716,-0.0005379915237426,0.6908504962921143,-0.0044336318969726,0.9862444444444444,0.0101777777777778,,0.5204,0.6640316205533597,0.0677146311970979,0.1228968544257498,0.6904266476631165,1.3709068298339844e-06,-0.0,0.6904266476631165,0.5204,-0.0
imdb,iid,20,42,2,10,0.8421679735183716,-4.804134368896485e-05,0.6908504962921143,0.0016123056411743,0.9862444444444444,0.0335,,0.5204,0.6640316205533597,0.0677146311970979,0.1228968544257498,0.6904266476631165,-1.430511474609375e-06,-0.0,0.6904266476631165,0.5204,-0.0
imdb,iid,20,42,2,11,0.8421679735183716,4.398822784423828e-05,0.6908504962921143,-0.0004030466079711,0.9862444444444444,0.038588888888889,,0.5204,0.6640316205533597,0.0677146311970979,0.1228968544257498,0.6904266476631165,-8.58306884765625e-06,-0.0008,0.6904266476631165,0.5204,-0.0008
imdb,iid,20,42,2,12,0.8421679735183716,0.0007759928703308,0.6908504962921143,0.0,0.9862444444444444,0.0070666666666665,,0.5204,0.6640316205533597,0.0677146311970979,0.1228968544257498,0.6904266476631165,1.621246337890625e-05,0.0003999999999999,0.6904266476631165,0.5204,0.0003999999999999
imdb,iid,20,42,2,13,0.8421679735183716,0.0003419518470764,0.6908504962921143,-0.0020152926445007,0.9862444444444444,0.011711111111111,,0.5204,0.6640316205533597,0.0677146311970979,0.1228968544257498,0.6904266476631165,-1.043081283569336e-05,-0.0004,0.6904266476631165,0.5204,-0.0004
imdb,iid,20,42,2,14,0.8421679735183716,0.0014019608497619,0.6908504962921143,0.004030704498291,0.9862444444444444,0.0865111111111112,,0.5204,0.6640316205533597,0.0677146311970979,0.1228968544257498,0.6904266476631165,-9.775161743164062e-06,-0.0006,0.6904266476631165,0.5204,-0.0006
imdb,iid,20,42,2,15,0.8421679735183716,0.0013359785079956,0.6908504962921143,0.0,0.9862444444444444,0.0647777777777778,,0.5204,0.6640316205533597,0.0677146311970979,0.1228968544257498,0.6904266476631165,5.602836608886719e-06,0.0003999999999999,0.6904266476631165,0.5204,0.0003999999999999
imdb,iid,20,42,2,16,0.8421679735183716,-7.802248001098633e-05,0.6908504962921143,-0.0004030466079711,0.9862444444444444,0.0194666666666667,,0.5204,0.6640316205533597,0.0677146311970979,0.1228968544257498,0.6904266476631165,-7.212162017822266e-06,-0.0,0.6904266476631165,0.5204,-0.0
imdb,iid,20,42,2,17,0.8421679735183716,0.0002439618110656,0.6908504962921143,-0.0004030466079711,0.9862444444444444,0.0070666666666667,,0.5204,0.6640316205533597,0.0677146311970979,0.1228968544257498,0.6904266476631165,1.3113021850585938e-06,0.0001999999999999,0.6904266476631165,0.5204,0.0001999999999999
imdb,iid,20,42,2,18,0.8421679735183716,0.0003359913825988,0.6908504962921143,-0.003224492073059,0.9862444444444444,0.0112,,0.5204,0.6640316205533597,0.0677146311970979,0.1228968544257498,0.6904266476631165,-5.543231964111328e-06,-0.0,0.6904266476631165,0.5204,-0.0
imdb,iid,20,42,2,19,0.8421679735183716,0.0025979876518249,0.6908504962921143,0.0044337511062622,0.9862444444444444,-0.0030666666666667,,0.5204,0.6640316205533597,0.0677146311970979,0.1228968544257498,0.6904266476631165,1.233816146850586e-05,0.0003999999999999,0.6904266476631165,0.5204,0.0003999999999999
imdb,iid,20,42,3,0,0.8780580163002014,-0.000465989112854,0.8153970241546631,-0.0012091994285583,0.9018666666666666,-0.0116,,0.5152,0.8,0.0306328093510681,0.0590062111801242,0.6890340447425842,1.3530254364013672e-05,0.0003999999999999,0.6890340447425842,0.5152,0.0003999999999999
imdb,iid,20,42,3,1,0.8780580163002014,0.0008100271224975,0.8153970241546631,0.0004030466079711,0.9018666666666666,0.0063999999999997,,0.5152,0.8,0.0306328093510681,0.0590062111801242,0.6890340447425842,3.159046173095703e-06,-0.0,0.6890340447425842,0.5152,-0.0
imdb,iid,20,42,3,2,0.8780580163002014,-6.395578384399414e-05,0.8153970241546631,0.0028214454650878,0.9018666666666666,-0.0047777777777779,,0.5152,0.8,0.0306328093510681,0.0590062111801242,0.6890340447425842,-1.6450881958007812e-05,-0.0003999999999999,0.6890340447425842,0.5152,-0.0003999999999999
imdb,iid,20,42,3,3,0.8780580163002014,9.000301361083984e-05,0.8153970241546631,0.0004030466079711,0.9018666666666666,0.0105777777777775,,0.5152,0.8,0.0306328093510681,0.0590062111801242,0.6890340447425842,2.16364860534668e-05,0.0003999999999999,0.6890340447425842,0.5152,0.0003999999999999
imdb,iid,20,42,3,4,0.8780580163002014,0.0002000331878662,0.8153970241546631,-0.0004030466079711,0.9018666666666666,0.0094,,0.5152,0.8,0.0306328093510681,0.0590062111801242,0.6890340447425842,8.165836334228516e-06,-0.0,0.6890340447425842,0.5152,-0.0
imdb,iid,20,42,3,5,0.8780580163002014,0.0005220174789428,0.8153970241546631,0.0012091994285583,0.9018666666666666,-0.0025777777777777,,0.5152,0.8,0.0306328093510681,0.0590062111801242,0.6890340447425842,-1.4841556549072266e-05,-0.0006,0.6890340447425842,0.5152,-0.0006
imdb,iid,20,42,3,6,0.8780580163002014,-0.0008599758148193,0.8153970241546631,-0.0028214454650878,0.9018666666666666,0.0373666666666665,,0.5152,0.8,0.0306328093510681,0.0590062111801242,0.6890340447425842,1.9073486328125e-06,-0.0,0.6890340447425842,0.5152,-0.0
imdb,iid,20,42,3,7,0.8780580163002014,0.0013459920883178,0.8153970241546631,0.0,0.9018666666666666,-0.0069999999999998,,0.5152,0.8,0.0306328093510681,0.0590062111801242,0.6890340447425842,2.443790435791016e-06,-0.0,0.6890340447425842,0.5152,-0.0
imdb,iid,20,42,3,8,0.8780580163002014,-0.0002020001411437,0.8153970241546631,-0.003224492073059,0.9018666666666666,-0.0144222222222223,,0.5152,0.8,0.0306328093510681,0.0590062111801242,0.6890340447425842,-9.357929229736328e-06,-0.0,0.6890340447425842,0.5152,-0.0
imdb,iid,20,42,3,9,0.8780580163002014,-0.0010460019111633,0.8153970241546631,-0.0048367381095886,0.9018666666666666,-0.0137555555555555,,0.5152,0.8,0.0306328093510681,0.0590062111801242,0.6890340447425842,-6.556510925292969e-07,-0.0001999999999999,0.6890340447425842,0.5152,-0.0001999999999999
imdb,iid,20,42,3,10,0.8780580163002014,0.0002740025520324,0.8153970241546631,0.0016122460365295,0.9018666666666666,0.0069555555555556,,0.5152,0.8,0.0306328093510681,0.0590062111801242,0.6890340447425842,2.9206275939941406e-06,-0.0,0.6890340447425842,0.5152,-0.0
imdb,iid,20,42,3,11,0.8780580163002014,0.0001739859580993,0.8153970241546631,-0.0012091994285583,0.9018666666666666,-0.0115777777777779,,0.5152,0.8,0.0306328093510681,0.0590062111801242,0.6890340447425842,-1.323223114013672e-05,-0.0003999999999999,0.6890340447425842,0.5152,-0.0003999999999999
imdb,iid,20,42,3,12,0.8780580163002014,-0.0001179575920104,0.8153970241546631,0.0004030466079711,0.9018666666666666,0.0026444444444444,,0.5152,0.8,0.0306328093510681,0.0590062111801242,0.6890340447425842,1.5676021575927734e-05,-0.0,0.6890340447425842,0.5152,-0.0
imdb,iid,20,42,3,13,0.8780580163002014,0.0001879930496215,0.8153970241546631,-0.0016122460365295,0.9018666666666666,0.0034555555555553,,0.5152,0.8,0.0306328093510681,0.0590062111801242,0.6890340447425842,-1.3709068298339844e-05,-0.0001999999999999,0.6890340447425842,0.5152,-0.0001999999999999
imdb,iid,20,42,3,14,0.8780580163002014,0.0011979937553405,0.8153970241546631,0.0028214454650878,0.9018666666666666,-0.0061999999999999,,0.5152,0.8,0.0306328093510681,0.0590062111801242,0.6890340447425842,-1.4960765838623049e-05,-0.0006,0.6890340447425842,0.5152,-0.0006
imdb,iid,20,42,3,15,0.8780580163002014,-0.000349998474121,0.8153970241546631,0.0004030466079711,0.9018666666666666,-0.0030888888888889,,0.5152,0.8,0.0306328093510681,0.0590062111801242,0.6890340447425842,1.0728836059570312e-05,0.0001999999999999,0.6890340447425842,0.5152,0.0001999999999999
imdb,iid,20,42,3,16,0.8780580163002014,0.0005159974098205,0.8153970241546631,0.0008061528205871,0.9018666666666666,0.0093333333333334,,0.5152,0.8,0.0306328093510681,0.0590062111801242,0.6890340447425842,-7.808208465576172e-06,-0.0,0.6890340447425842,0.5152,-0.0
imdb,iid,20,42,3,17,0.8780580163002014,8.803606033325195e-05,0.8153970241546631,0.0004030466079711,0.9018666666666666,-0.0131333333333334,,0.5152,0.8,0.0306328093510681,0.0590062111801242,0.6890340447425842,1.0132789611816406e-06,-0.0,0.6890340447425842,0.5152,-0.0
imdb,iid,20,42,3,18,0.8780580163002014,0.0003080368041992,0.8153970241546631,-0.0020152926445007,0.9018666666666666,-0.0115777777777779,,0.5152,0.8,0.0306328093510681,0.0590062111801242,0.6890340447425842,-7.927417755126953e-06,-0.0,0.6890340447425842,0.5152,-0.0
imdb,iid,20,42,3,19,0.8780580163002014,0.0015119910240173,0.8153970241546631,0.0040306448936462,0.9018666666666666,-0.0017555555555557,,0.5152,0.8,0.0306328093510681,0.0590062111801242,0.6890340447425842,1.823902130126953e-05,-0.0,0.6890340447425842,0.5152,-0.0
imdb,iid,20,42,4,0,0.87077796459198,0.0001619458198547,0.7952438592910767,-0.0012091994285583,0.9405333333333334,-0.0072666666666665,,0.513,0.8484848484848485,0.0225715437323659,0.0439733019238319,0.6872466206550598,2.175569534301757e-05,0.0004,0.6872466206550598,0.513,0.0004
imdb,iid,20,42,4,1,0.87077796459198,0.0008339881896972,0.7952438592910767,0.0004030466079711,0.9405333333333334,-0.0019777777777776,,0.513,0.8484848484848485,0.0225715437323659,0.0439733019238319,0.6872466206550598,5.543231964111328e-06,0.0001999999999999,0.6872466206550598,0.513,0.0001999999999999
imdb,iid,20,42,4,2,0.87077796459198,0.0006319284439086,0.7952438592910767,0.0020153522491455,0.9405333333333334,0.0061333333333333,,0.513,0.8484848484848485,0.0225715437323659,0.0439733019238319,0.6872466206550598,-2.4259090423583984e-05,-0.0,0.6872466206550598,0.513,-0.0
imdb,iid,20,42,4,3,0.87077796459198,0.0001939535140991,0.7952438592910767,0.0,0.9405333333333334,0.0137777777777778,,0.513,0.8484848484848485,0.0225715437323659,0.0439733019238319,0.6872466206550598,3.0517578125e-05,0.0006,0.6872466206550598,0.513,0.0006
imdb,iid,20,42,4,4,0.87077796459198,0.001285970211029,0.7952438592910767,-0.0004030466079711,0.9405333333333334,-0.0043999999999999,,0.513,0.8484848484848485,0.0225715437323659,0.0439733019238319,0.6872466206550598,9.47713851928711e-06,-0.0,0.6872466206550598,0.513,-0.0
imdb,iid,20,42,4,5,0.87077796459198,0.0006899833679199,0.7952438592910767,0.0004030466079711,0.9405333333333334,0.0064666666666668,,0.513,0.8484848484848485,0.0225715437323659,0.0439733019238319,0.6872466206550598,-2.026557922363281e-05,-0.0,0.6872466206550598,0.513,-0.0
imdb,iid,20,42,4,6,0.87077796459198,-2.205371856689453e-05,0.7952438592910767,-0.0012091994285583,0.9405333333333334,0.0032444444444446,,0.513,0.8484848484848485,0.0225715437323659,0.0439733019238319,0.6872466206550598,1.728534698486328e-06,-0.0,0.6872466206550598,0.513,-0.0
imdb,iid,20,42,4,7,0.87077796459198,0.0005939602851867,0.7952438592910767,-0.0004030466079711,0.9405333333333334,0.0455888888888891,,0.513,0.8484848484848485,0.0225715437323659,0.0439733019238319,0.6872466206550598,2.5033950805664062e-06,-0.0,0.6872466206550598,0.513,-0.0
imdb,iid,20,42,4,8,0.87077796459198,0.0007719993591308,0.7952438592910767,-0.0004030466079711,0.9405333333333334,-0.0178222222222221,,0.513,0.8484848484848485,0.0225715437323659,0.0439733019238319,0.6872466206550598,-1.1086463928222656e-05,-0.0,0.6872466206550598,0.513,-0.0
imdb,iid,20,42,4,9,0.87077796459198,-0.0008420348167419,0.7952438592910767,-0.0036275386810302,0.9405333333333334,0.0058666666666669,,0.513,0.8484848484848485,0.0225715437323659,0.0439733019238319,0.6872466206550598,-3.0994415283203125e-06,-0.0,0.6872466206550598,0.513,-0.0
imdb,iid,20,42,4,10,0.87077796459198,-0.000178039073944,0.7952438592910767,0.0008061528205871,0.9405333333333334,-0.0088666666666668,,0.513,0.8484848484848485,0.0225715437323659,0.0439733019238319,0.6872466206550598,6.794929504394531e-06,0.0001999999999999,0.6872466206550598,0.513,0.0001999999999999
imdb,iid,20,42,4,11,0.87077796459198,0.0003399848937988,0.7952438592910767,-0.0016122460365295,0.9405333333333334,0.0049333333333334,,0.513,0.8484848484848485,0.0225715437323659,0.0439733019238319,0.6872466206550598,-1.9550323486328125e-05,-0.0,0.6872466206550598,0.513,-0.0
imdb,iid,20,42,4,12,0.87077796459198,0.0011419653892517,0.7952438592910767,0.0,0.9405333333333334,0.0110333333333334,,0.513,0.8484848484848485,0.0225715437323659,0.0439733019238319,0.6872466206550598,1.6987323760986328e-05,0.0001999999999999,0.6872466206550598,0.513,0.0001999999999999
imdb,iid,20,42,4,13,0.87077796459198,3.933906555175781e-06,0.7952438592910767,-0.0012091994285583,0.9405333333333334,-0.003511111111111,,0.513,0.8484848484848485,0.0225715437323659,0.0439733019238319,0.6872466206550598,-1.7344951629638672e-05,-0.0,0.6872466206550598,0.513,-0.0
imdb,iid,20,42,4,14,0.87077796459198,0.0015379786491394,0.7952438592910767,0.0012091994285583,0.9405333333333334,0.0192444444444446,,0.513,0.8484848484848485,0.0225715437323659,0.0439733019238319,0.6872466206550598,-2.1219253540039062e-05,-0.0001999999999999,0.6872466206550598,0.513,-0.0001999999999999
imdb,iid,20,42,4,15,0.87077796459198,0.0015399456024169,0.7952438592910767,0.0,0.9405333333333334,-0.0110888888888889,,0.513,0.8484848484848485,0.0225715437323659,0.0439733019238319,0.6872466206550598,1.609325408935547e-05,0.0006,0.6872466206550598,0.513,0.0006
imdb,iid,20,42,4,16,0.87077796459198,0.0005779862403869,0.7952438592910767,0.0012091994285583,0.9405333333333334,-0.000622222222222,,0.513,0.8484848484848485,0.0225715437323659,0.0439733019238319,0.6872466206550598,-1.0013580322265623e-05,-0.0,0.6872466206550598,0.513,-0.0
imdb,iid,20,42,4,17,0.87077796459198,0.0007179975509643,0.7952438592910767,-0.0008060932159423,0.9405333333333334,-0.0002888888888887,,0.513,0.8484848484848485,0.0225715437323659,0.0439733019238319,0.6872466206550598,1.728534698486328e-06,-0.0,0.6872466206550598,0.513,-0.0
imdb,iid,20,42,4,18,0.87077796459198,0.0001439452171325,0.7952438592910767,-0.0016122460365295,0.9405333333333334,-0.0103555555555554,,0.513,0.8484848484848485,0.0225715437323659,0.0439733019238319,0.6872466206550598,-8.881092071533203e-06,-0.0,0.6872466206550598,0.513,-0.0
imdb,iid,20,42,4,19,0.87077796459198,0.0014359951019287,0.7952438592910767,0.0012091994285583,0.9405333333333334,-0.0060888888888885,,0.513,0.8484848484848485,0.0225715437323659,0.0439733019238319,0.6872466206550598,2.437829971313477e-05,-0.0,0.6872466206550598,0.513,-0.0
imdb,iid,20,42,5,0,0.8405479788780212,0.0007579922676086,0.7014925479888916,-0.0009267926216125,0.9010666666666668,-0.0053333333333334,,0.513,0.8382352941176471,0.022974607013301,0.0447234209493919,0.6847935318946838,3.063678741455078e-05,-0.0005999999999999,0.6847935318946838,0.513,-0.0005999999999999
imdb,iid,20,42,5,1,0.8405479788780212,-0.0001720190048217,0.7014925479888916,0.0008068084716796,0.9010666666666668,0.0193555555555555,,0.513,0.8382352941176471,0.022974607013301,0.0447234209493919,0.6847935318946838,7.748603820800781e-06,-0.0001999999999999,0.6847935318946838,0.513,-0.0001999999999999
imdb,iid,20,42,5,2,0.8405479788780212,0.0010640025138854,0.7014925479888916,0.0008068084716796,0.9010666666666668,0.0067555555555556,,0.513,0.8382352941176471,0.022974607013301,0.0447234209493919,0.6847935318946838,-3.3020973205566406e-05,-0.0003999999999999,0.6847935318946838,0.513,-0.0003999999999999
imdb,iid,20,42,5,3,0.8405479788780212,-0.0001140236854553,0.7014925479888916,0.0004034042358398,0.9010666666666668,0.0017555555555557,,0.513,0.8382352941176471,0.022974607013301,0.0447234209493919,0.6847935318946838,3.898143768310547e-05,-0.0001999999999999,0.6847935318946838,0.513,-0.0001999999999999
imdb,iid,20,42,5,4,0.8405479788780212,0.0001819729804992,0.7014925479888916,0.0006861090660095,0.9010666666666668,0.0003333333333332,,0.513,0.8382352941176471,0.022974607013301,0.0447234209493919,0.6847935318946838,8.165836334228516e-06,-0.0001999999999999,0.6847935318946838,0.513,-0.0001999999999999
imdb,iid,20,42,5,5,0.8405479788780212,0.0009059906005859,0.7014925479888916,0.0008068084716796,0.9010666666666668,-0.0036888888888886,,0.513,0.8382352941176471,0.022974607013301,0.0447234209493919,0.6847935318946838,-2.4557113647460938e-05,-0.0003999999999999,0.6847935318946838,0.513,-0.0003999999999999
imdb,iid,20,42,5,6,0.8405479788780212,0.0002139806747436,0.7014925479888916,-0.000523567199707,0.9010666666666668,-0.0074222222222222,,0.513,0.8382352941176471,0.022974607013301,0.0447234209493919,0.6847935318946838,2.086162567138672e-06,-0.0,0.6847935318946838,0.513,-0.0
imdb,iid,20,42,5,7,0.8405479788780212,0.0005959868431091,0.7014925479888916,-0.0001203417778015,0.9010666666666668,-0.0098888888888888,,0.513,0.8382352941176471,0.022974607013301,0.0447234209493919,0.6847935318946838,2.384185791015625e-06,-0.0001999999999999,0.6847935318946838,0.513,-0.0001999999999999
imdb,iid,20,42,5,8,0.8405479788780212,0.0002859830856323,0.7014925479888916,-0.000523567199707,0.9010666666666668,0.0237666666666667,,0.513,0.8382352941176471,0.022974607013301,0.0447234209493919,0.6847935318946838,-1.2576580047607422e-05,-0.0001999999999999,0.6847935318946838,0.513,-0.0001999999999999
imdb,iid,20,42,5,9,0.8405479788780212,-0.0010460019111633,0.7014925479888916,-0.0025397539138793,0.9010666666666668,0.0093555555555555,,0.513,0.8382352941176471,0.022974607013301,0.0447234209493919,0.6847935318946838,-4.231929779052734e-06,-0.0,0.6847935318946838,0.513,-0.0
imdb,iid,20,42,5,10,0.8405479788780212,0.0003259778022766,0.7014925479888916,0.0020169615745544,0.9010666666666668,0.0234777777777777,,0.513,0.8382352941176471,0.022974607013301,0.0447234209493919,0.6847935318946838,1.0371208190917969e-05,-0.0001999999999999,0.6847935318946838,0.513,-0.0001999999999999
imdb,iid,20,42,5,11,0.8405479788780212,0.0006979703903198,0.7014925479888916,0.001089334487915,0.9010666666666668,-0.0099333333333333,,0.513,0.8382352941176471,0.022974607013301,0.0447234209493919,0.6847935318946838,-2.6047229766845703e-05,-0.0003999999999999,0.6847935318946838,0.513,-0.0003999999999999
imdb,iid,20,42,5,12,0.8405479788780212,0.0003739595413208,0.7014925479888916,-0.0004034042358398,0.9010666666666668,-0.0118222222222221,,0.513,0.8382352941176471,0.022974607013301,0.0447234209493919,0.6847935318946838,1.806020736694336e-05,-0.0001999999999999,0.6847935318946838,0.513,-0.0001999999999999
imdb,iid,20,42,5,13,0.8405479788780212,-0.0009600520133972,0.7014925479888916,-0.0020169019699096,0.9010666666666668,0.0015777777777776,,0.513,0.8382352941176471,0.022974607013301,0.0447234209493919,0.6847935318946838,-2.002716064453125e-05,-0.0003999999999999,0.6847935318946838,0.513,-0.0003999999999999
imdb,iid,20,42,5,14,0.8405479788780212,0.0002599954605102,0.7014925479888916,0.0016135573387145,0.9010666666666668,0.0034666666666667,,0.513,0.8382352941176471,0.022974607013301,0.0447234209493919,0.6847935318946838,-2.771615982055664e-05,-0.0003999999999999,0.6847935318946838,0.513,-0.0003999999999999
imdb,iid,20,42,5,15,0.8405479788780212,-9.399652481079102e-05,0.7014925479888916,0.0008068084716796,0.9010666666666668,-0.0068888888888889,,0.513,0.8382352941176471,0.022974607013301,0.0447234209493919,0.6847935318946838,2.056360244750977e-05,-0.0001999999999999,0.6847935318946838,0.513,-0.0001999999999999
imdb,iid,20,42,5,16,0.8405479788780212,0.0002619624137878,0.7014925479888916,0.001089334487915,0.9010666666666668,0.0067555555555556,,0.513,0.8382352941176471,0.022974607013301,0.0447234209493919,0.6847935318946838,-1.055002212524414e-05,-0.0,0.6847935318946838,0.513,-0.0
imdb,iid,20,42,5,17,0.8405479788780212,0.0012199878692626,0.7014925479888916,0.0004034042358398,0.9010666666666668,0.0059888888888888,,0.513,0.8382352941176471,0.022974607013301,0.0447234209493919,0.6847935318946838,1.9073486328125e-06,-0.0001999999999999,0.6847935318946838,0.513,-0.0001999999999999
imdb,iid,20,42,5,18,0.8405479788780212,-0.0001000165939331,0.7014925479888916,-0.0021364688873291,0.9010666666666668,0.0015111111111112,,0.513,0.8382352941176471,0.022974607013301,0.0447234209493919,0.6847935318946838,-1.0073184967041016e-05,-0.0003999999999999,0.6847935318946838,0.513,-0.0003999999999999
imdb,iid,20,42,5,19,0.8405479788780212,0.0009239912033081,0.7014925479888916,0.0032271146774291,0.9010666666666668,-0.0041555555555556,,0.513,0.8382352941176471,0.022974607013301,0.0447234209493919,0.6847935318946838,2.920627593994141e-05,-0.0001999999999999,0.6847935318946838,0.513,-0.0001999999999999
imdb,iid,20,42,6,0,0.7965999841690063,0.0004839897155761,0.5562726855278015,-0.0012101531028747,0.8531111111111112,0.0030888888888889,,0.5168,0.891566265060241,0.0298266827891979,0.0577223088923556,0.6813507676124573,3.707408905029297e-05,0.0002,0.6813507676124573,0.5168,0.0002
imdb,iid,20,42,6,1,0.7965999841690063,-8.404254913330078e-05,0.5562726855278015,0.0018371939659118,0.8531111111111112,-0.0187999999999999,,0.5168,0.891566265060241,0.0298266827891979,0.0577223088923556,0.6813507676124573,1.0132789611816406e-05,0.0002,0.6813507676124573,0.5168,0.0002
imdb,iid,20,42,6,2,0.7965999841690063,0.0012159943580627,0.5562726855278015,0.0022404193878173,0.8531111111111112,0.0010666666666667,,0.5168,0.891566265060241,0.0298266827891979,0.0577223088923556,0.6813507676124573,-4.07099723815918e-05,-0.0001999999999999,0.6813507676124573,0.5168,-0.0001999999999999
imdb,iid,20,42,6,3,0.7965999841690063,9.000301361083984e-05,0.5562726855278015,-0.0012101531028747,0.8531111111111112,-0.005711111111111,,0.5168,0.891566265060241,0.0298266827891979,0.0577223088923556,0.6813507676124573,4.631280899047852e-05,0.0002,0.6813507676124573,0.5168,0.0002
imdb,iid,20,42,6,4,0.7965999841690063,-0.0001280307769775,0.5562726855278015,-0.0008067488670349,0.8531111111111112,-0.0047555555555554,,0.5168,0.891566265060241,0.0298266827891979,0.0577223088923556,0.6813507676124573,6.973743438720703e-06,0.0002,0.6813507676124573,0.5168,0.0002
imdb,iid,20,42,6,5,0.7965999841690063,0.0006519556045532,0.5562726855278015,0.000403344631195,0.8531111111111112,0.0070666666666667,,0.5168,0.891566265060241,0.0298266827891979,0.0577223088923556,0.6813507676124573,-2.646446228027344e-05,-0.0001999999999999,0.6813507676124573,0.5168,-0.0001999999999999
imdb,iid,20,42,6,6,0.7965999841690063,-0.0001519918441772,0.5562726855278015,-0.0012101531028747,0.8531111111111112,-0.0069777777777777,,0.5168,0.891566265060241,0.0298266827891979,0.0577223088923556,0.6813507676124573,2.026557922363281e-06,-0.0,0.6813507676124573,0.5168,-0.0
imdb,iid,20,42,6,7,0.7965999841690063,0.0009059906005859,0.5562726855278015,-0.0012101531028747,0.8531111111111112,-0.0124666666666666,,0.5168,0.891566265060241,0.0298266827891979,0.0577223088923556,0.6813507676124573,3.516674041748047e-06,-0.0,0.6813507676124573,0.5168,-0.0
imdb,iid,20,42,6,8,0.7965999841690063,-0.000465989112854,0.5562726855278015,-0.0028237104415893,0.8531111111111112,-0.0087111111111111,,0.5168,0.891566265060241,0.0298266827891979,0.0577223088923556,0.6813507676124573,-1.531839370727539e-05,-0.0,0.6813507676124573,0.5168,-0.0
imdb,iid,20,42,6,9,0.7965999841690063,3.796815872192383e-05,0.5562726855278015,-0.0032271146774291,0.8531111111111112,-0.0114888888888886,,0.5168,0.891566265060241,0.0298266827891979,0.0577223088923556,0.6813507676124573,-3.576278686523437e-06,-0.0,0.6813507676124573,0.5168,-0.0
imdb,iid,20,42,6,10,0.7965999841690063,0.0003859996795654,0.5562726855278015,0.0012101531028747,0.8531111111111112,-0.0108666666666668,,0.5168,0.891566265060241,0.0298266827891979,0.0577223088923556,0.6813507676124573,1.347064971923828e-05,0.0002,0.6813507676124573,0.5168,0.0002
imdb,iid,20,42,6,11,0.7965999841690063,-0.0004940032958984,0.5562726855278015,-0.0012101531028747,0.8531111111111112,-0.0264888888888887,,0.5168,0.891566265060241,0.0298266827891979,0.0577223088923556,0.6813507676124573,-3.24249267578125e-05,-0.0003999999999999,0.6813507676124573,0.5168,-0.0003999999999999
imdb,iid,20,42,6,12,0.7965999841690063,-0.0003939867019653,0.5562726855278015,0.0,0.8531111111111112,-0.0110888888888887,,0.5168,0.891566265060241,0.0298266827891979,0.0577223088923556,0.6813507676124573,1.9669532775878903e-05,-0.0,0.6813507676124573,0.5168,-0.0
imdb,iid,20,42,6,13,0.7965999841690063,-0.0007700324058532,0.5562726855278015,-0.0016135573387145,0.8531111111111112,-0.0011777777777779,,0.5168,0.891566265060241,0.0298266827891979,0.0577223088923556,0.6813507676124573,-2.2530555725097656e-05,-0.0001999999999999,0.6813507676124573,0.5168,-0.0001999999999999
imdb,iid,20,42,6,14,0.7965999841690063,-3.999471664428711e-05,0.5562726855278015,0.0006275177001953,0.8531111111111112,0.0007333333333332,,0.5168,0.891566265060241,0.0298266827891979,0.0577223088923556,0.6813507676124573,-3.260374069213867e-05,-0.0,0.6813507676124573,0.5168,-0.0
imdb,iid,20,42,6,15,0.7965999841690063,0.0005220174789428,0.5562726855278015,0.0,0.8531111111111112,-0.0005555555555554,,0.5168,0.891566265060241,0.0298266827891979,0.0577223088923556,0.6813507676124573,2.3603439331054688e-05,0.0002,0.6813507676124573,0.5168,0.0002
imdb,iid,20,42,6,16,0.7965999841690063,-0.0002560019493103,0.5562726855278015,0.0,0.8531111111111112,-0.0228888888888887,,0.5168,0.891566265060241,0.0298266827891979,0.0577223088923556,0.6813507676124573,-1.2218952178955078e-05,-0.0,0.6813507676124573,0.5168,-0.0
imdb,iid,20,42,6,17,0.7965999841690063,-0.0002300143241882,0.5562726855278015,0.000403344631195,0.8531111111111112,-0.0084555555555554,,0.5168,0.891566265060241,0.0298266827891979,0.0577223088923556,0.6813507676124573,1.5497207641601562e-06,0.0002,0.6813507676124573,0.5168,0.0002
imdb,iid,20,42,6,18,0.7965999841690063,0.0006200075149536,0.5562726855278015,-0.0032271146774291,0.8531111111111112,-0.0023777777777778,,0.5168,0.891566265060241,0.0298266827891979,0.0577223088923556,0.6813507676124573,-1.150369644165039e-05,-0.0001999999999999,0.6813507676124573,0.5168,-0.0001999999999999
imdb,iid,20,42,6,19,0.7965999841690063,0.0010719895362854,0.5562726855278015,0.0018371939659118,0.8531111111111112,-0.0024222222222223,,0.5168,0.891566265060241,0.0298266827891979,0.0577223088923556,0.6813507676124573,3.272294998168945e-05,0.0002,0.6813507676124573,0.5168,0.0002
imdb,iid,20,42,7,0,0.7443879842758179,-0.0013719797134399,0.3961737751960754,-0.0023913979530334,0.8816444444444445,-0.0006666666666668,,0.5258,0.9104477611940298,0.049173720274083,0.0933078393881453,0.676573634147644,4.279613494873047e-05,0.0004,0.676573634147644,0.5258,0.0004
imdb,iid,20,42,7,1,0.7443879842758179,0.0003299713134765,0.3961737751960754,-0.000797152519226,0.8816444444444445,-0.0034666666666667,,0.5258,0.9104477611940298,0.049173720274083,0.0933078393881453,0.676573634147644,1.2516975402832031e-05,0.0002,0.676573634147644,0.5258,0.0002
imdb,iid,20,42,7,2,0.7443879842758179,0.0007779598236083,0.3961737751960754,0.0023913979530334,0.8816444444444445,0.0047555555555556,,0.5258,0.9104477611940298,0.049173720274083,0.0933078393881453,0.676573634147644,-4.792213439941406e-05,-0.0,0.676573634147644,0.5258,-0.0
imdb,iid,20,42,7,3,0.7443879842758179,0.0007100105285644,0.3961737751960754,0.0,0.8816444444444445,0.0040888888888888,,0.5258,0.9104477611940298,0.049173720274083,0.0933078393881453,0.676573634147644,5.078315734863281e-05,0.0004,0.676573634147644,0.5258,0.0004
imdb,iid,20,42,7,4,0.7443879842758179,0.0009299516677856,0.3961737751960754,-0.000797152519226,0.8816444444444445,0.0032888888888888,,0.5258,0.9104477611940298,0.049173720274083,0.0933078393881453,0.676573634147644,6.258487701416016e-06,0.0002,0.676573634147644,0.5258,0.0002
imdb,iid,20,42,7,5,0.7443879842758179,0.0009019970893859,0.3961737751960754,-0.000398576259613,0.8816444444444445,-0.004288888888889,,0.5258,0.9104477611940298,0.049173720274083,0.0933078393881453,0.676573634147644,-2.7835369110107425e-05,-0.0,0.676573634147644,0.5258,-0.0
imdb,iid,20,42,7,6,0.7443879842758179,0.0002479553222656,0.3961737751960754,0.0,0.8816444444444445,0.0177888888888886,,0.5258,0.9104477611940298,0.049173720274083,0.0933078393881453,0.676573634147644,2.205371856689453e-06,0.0002,0.676573634147644,0.5258,0.0002
imdb,iid,20,42,7,7,0.7443879842758179,0.0001219511032104,0.3961737751960754,0.0,0.8816444444444445,0.0189555555555556,,0.5258,0.9104477611940298,0.049173720274083,0.0933078393881453,0.676573634147644,6.616115570068359e-06,-0.0,0.676573634147644,0.5258,-0.0
imdb,iid,20,42,7,8,0.7443879842758179,0.0005519390106201,0.3961737751960754,-0.000398576259613,0.8816444444444445,-0.0146888888888887,,0.5258,0.9104477611940298,0.049173720274083,0.0933078393881453,0.676573634147644,-1.9729137420654297e-05,-0.0,0.676573634147644,0.5258,-0.0
imdb,iid,20,42,7,9,0.7443879842758179,-0.0017300248146057,0.3961737751960754,-0.0033477544784545,0.8816444444444445,-0.0238666666666667,,0.5258,0.9104477611940298,0.049173720274083,0.0933078393881453,0.676573634147644,-1.4901161193847656e-06,-0.0,0.676573634147644,0.5258,-0.0
imdb,iid,20,42,7,10,0.7443879842758179,0.0004099607467651,0.3961737751960754,0.000398576259613,0.8816444444444445,0.0012222222222222,,0.5258,0.9104477611940298,0.049173720274083,0.0933078393881453,0.676573634147644,1.5735626220703125e-05,0.0002,0.676573634147644,0.5258,0.0002
imdb,iid,20,42,7,11,0.7443879842758179,0.0004040002822875,0.3961737751960754,-0.0011956691741943,0.8816444444444445,0.0189111111111111,,0.5258,0.9104477611940298,0.049173720274083,0.0933078393881453,0.676573634147644,-3.874301910400391e-05,-0.0,0.676573634147644,0.5258,-0.0
imdb,iid,20,42,7,12,0.7443879842758179,0.0017399787902832,0.3961737751960754,0.000797152519226,0.8816444444444445,-2.222222222214576e-05,,0.5258,0.9104477611940298,0.049173720274083,0.0933078393881453,0.676573634147644,2.157688140869141e-05,0.0002,0.676573634147644,0.5258,0.0002
imdb,iid,20,42,7,13,0.7443879842758179,-0.0005540251731872,0.3961737751960754,-0.000797152519226,0.8816444444444445,0.0014444444444443,,0.5258,0.9104477611940298,0.049173720274083,0.0933078393881453,0.676573634147644,-2.300739288330078e-05,-0.0,0.676573634147644,0.5258,-0.0
imdb,iid,20,42,7,14,0.7443879842758179,0.0014619827270507,0.3961737751960754,0.000797152519226,0.8816444444444445,0.0457666666666667,,0.5258,0.9104477611940298,0.049173720274083,0.0933078393881453,0.676573634147644,-3.707408905029297e-05,-0.0,0.676573634147644,0.5258,-0.0
imdb,iid,20,42,7,15,0.7443879842758179,0.0001099705696105,0.3961737751960754,0.000398576259613,0.8816444444444445,-0.0364222222222221,,0.5258,0.9104477611940298,0.049173720274083,0.0933078393881453,0.676573634147644,2.4616718292236328e-05,0.0002,0.676573634147644,0.5258,0.0002
imdb,iid,20,42,7,16,0.7443879842758179,2.026557922363281e-06,0.3961737751960754,0.000797152519226,0.8816444444444445,0.0267777777777777,,0.5258,0.9104477611940298,0.049173720274083,0.0933078393881453,0.676573634147644,-1.245737075805664e-05,-0.0,0.676573634147644,0.5258,-0.0
imdb,iid,20,42,7,17,0.7443879842758179,0.0007640123367309,0.3961737751960754,0.000398576259613,0.8816444444444445,-0.0135555555555555,,0.5258,0.9104477611940298,0.049173720274083,0.0933078393881453,0.676573634147644,4.172325134277344e-07,0.0002,0.676573634147644,0.5258,0.0002
imdb,iid,20,42,7,18,0.7443879842758179,-0.0014400482177734,0.3961737751960754,-0.0011956691741943,0.8816444444444445,0.0419666666666667,,0.5258,0.9104477611940298,0.049173720274083,0.0933078393881453,0.676573634147644,-1.0728836059570312e-05,-0.0,0.676573634147644,0.5258,-0.0
imdb,iid,20,42,7,19,0.7443879842758179,0.0010939836502075,0.3961737751960754,0.0031885504722595,0.8816444444444445,0.0023333333333335,,0.5258,0.9104477611940298,0.049173720274083,0.0933078393881453,0.676573634147644,3.62396240234375e-05,0.0002,0.676573634147644,0.5258,0.0002
imdb,iid,20,42,8,0,0.6919599771499634,0.0003039836883544,0.2421541810035705,-0.0003874897956848,0.7968222222222221,0.0278444444444443,,0.541,0.9043478260869564,0.0838371624345022,0.1534489118406492,0.6700732707977295,4.57763671875e-05,0.0002,0.6700732707977295,0.541,0.0002
imdb,iid,20,42,8,1,0.6919599771499634,-0.000290036201477,0.2421541810035705,0.0004810690879821,0.7968222222222221,0.0040222222222219,,0.541,0.9043478260869564,0.0838371624345022,0.1534489118406492,0.6700732707977295,1.3530254364013672e-05,-0.0,0.6700732707977295,0.541,-0.0
imdb,iid,20,42,8,2,0.6919599771499634,-0.0003920197486877,0.2421541810035705,0.0009617805480957,0.7968222222222221,0.0022666666666664,,0.541,0.9043478260869564,0.0838371624345022,0.1534489118406492,0.6700732707977295,-5.2988529205322266e-05,-0.0007999999999999,0.6700732707977295,0.541,-0.0007999999999999
imdb,iid,20,42,8,3,0.6919599771499634,-0.0007799863815307,0.2421541810035705,0.0,0.7968222222222221,-0.0075777777777779,,0.541,0.9043478260869564,0.0838371624345022,0.1534489118406492,0.6700732707977295,5.424022674560547e-05,0.0004,0.6700732707977295,0.541,0.0004
imdb,iid,20,42,8,4,0.6919599771499634,-0.0008400678634643,0.2421541810035705,-9.387731552124023e-05,0.7968222222222221,0.0138444444444443,,0.541,0.9043478260869564,0.0838371624345022,0.1534489118406492,0.6700732707977295,3.6954879760742175e-06,-0.0001999999999999,0.6700732707977295,0.541,-0.0001999999999999
imdb,iid,20,42,8,5,0.6919599771499634,0.0011199712753295,0.2421541810035705,0.0004810690879821,0.7968222222222221,-0.020288888888889,,0.541,0.9043478260869564,0.0838371624345022,0.1534489118406492,0.6700732707977295,-2.7835369110107425e-05,-0.0005999999999999,0.6700732707977295,0.541,-0.0005999999999999
imdb,iid,20,42,8,6,0.6919599771499634,0.0003719329833984,0.2421541810035705,-0.0003874897956848,0.7968222222222221,0.0208888888888889,,0.541,0.9043478260869564,0.0838371624345022,0.1534489118406492,0.6700732707977295,3.457069396972656e-06,-0.0,0.6700732707977295,0.541,-0.0
imdb,iid,20,42,8,7,0.6919599771499634,-0.0007200241088867,0.2421541810035705,-0.0004814863204956,0.7968222222222221,-0.0126222222222225,,0.541,0.9043478260869564,0.0838371624345022,0.1534489118406492,0.6700732707977295,9.59634780883789e-06,-0.0001999999999999,0.6700732707977295,0.541,-0.0001999999999999
imdb,iid,20,42,8,8,0.6919599771499634,-0.0004240274429321,0.2421541810035705,-9.387731552124023e-05,0.7968222222222221,0.0060444444444445,,0.541,0.9043478260869564,0.0838371624345022,0.1534489118406492,0.6700732707977295,-2.5153160095214844e-05,-0.0003999999999999,0.6700732707977295,0.541,-0.0003999999999999
imdb,iid,20,42,8,9,0.6919599771499634,-0.0006940364837646,0.2421541810035705,-0.0029020309448242,0.7968222222222221,-0.0152222222222224,,0.541,0.9043478260869564,0.0838371624345022,0.1534489118406492,0.6700732707977295,1.8477439880371087e-06,-0.0003999999999999,0.6700732707977295,0.541,-0.0003999999999999
imdb,iid,20,42,8,10,0.6919599771499634,-0.0003920197486877,0.2421541810035705,9.375810623168944e-05,0.7968222222222221,0.0037111111111109,,0.541,0.9043478260869564,0.0838371624345022,0.1534489118406492,0.6700732707977295,1.531839370727539e-05,0.0002,0.6700732707977295,0.541,0.0002
imdb,iid,20,42,8,11,0.6919599771499634,5.400180816650391e-05,0.2421541810035705,-0.0007749199867248,0.7968222222222221,0.0044222222222221,,0.541,0.9043478260869564,0.0838371624345022,0.1534489118406492,0.6700732707977295,-4.38690185546875e-05,-0.0007999999999999,0.6700732707977295,0.541,-0.0007999999999999
imdb,iid,20,42,8,12,0.6919599771499634,0.0007239580154418,0.2421541810035705,0.0005746483802795,0.7968222222222221,0.0077333333333333,,0.541,0.9043478260869564,0.0838371624345022,0.1534489118406492,0.6700732707977295,2.41994857788086e-05,-0.0001999999999999,0.6700732707977295,0.541,-0.0001999999999999
imdb,iid,20,42,8,13,0.6919599771499634,-0.0006240606307983,0.2421541810035705,-0.0012566447257995,0.7968222222222221,-0.0049555555555558,,0.541,0.9043478260869564,0.0838371624345022,0.1534489118406492,0.6700732707977295,-2.306699752807617e-05,-0.0003999999999999,0.6700732707977295,0.541,-0.0003999999999999
imdb,iid,20,42,8,14,0.6919599771499634,-0.0001760125160217,0.2421541810035705,0.0025103688240051,0.7968222222222221,0.009222222222222,,0.541,0.9043478260869564,0.0838371624345022,0.1534489118406492,0.6700732707977295,-4.041194915771485e-05,-0.0005999999999999,0.6700732707977295,0.541,-0.0005999999999999
imdb,iid,20,42,8,15,0.6919599771499634,0.0011279582977294,0.2421541810035705,0.0005746483802795,0.7968222222222221,-0.0023333333333332,,0.541,0.9043478260869564,0.0838371624345022,0.1534489118406492,0.6700732707977295,2.4139881134033203e-05,0.0002,0.6700732707977295,0.541,0.0002
imdb,iid,20,42,8,16,0.6919599771499634,0.0002679824829101,0.2421541810035705,0.0008683800697326,0.7968222222222221,0.0018222222222221,,0.541,0.9043478260869564,0.0838371624345022,0.1534489118406492,0.6700732707977295,-1.341104507446289e-05,-0.0,0.6700732707977295,0.541,-0.0
imdb,iid,20,42,8,17,0.6919599771499634,-1.0013580322265623e-05,0.2421541810035705,0.0,0.7968222222222221,0.0060888888888888,,0.541,0.9043478260869564,0.0838371624345022,0.1534489118406492,0.6700732707977295,1.8477439880371087e-06,0.0002,0.6700732707977295,0.541,0.0002
imdb,iid,20,42,8,18,0.6919599771499634,-0.0002640485763549,0.2421541810035705,-0.0009633302688598,0.7968222222222221,0.0171333333333332,,0.541,0.9043478260869564,0.0838371624345022,0.1534489118406492,0.6700732707977295,-1.049041748046875e-05,-0.0003999999999999,0.6700732707977295,0.541,-0.0003999999999999
imdb,iid,20,42,8,19,0.6919599771499634,0.000349998474121,0.2421541810035705,0.0014421343803405,0.7968222222222221,0.0129777777777775,,0.541,0.9043478260869564,0.0838371624345022,0.1534489118406492,0.6700732707977295,4.011392593383789e-05,0.0002,0.6700732707977295,0.541,0.0002
imdb,iid,20,42,9,0,0.6489160060882568,-0.0010240077972412,0.137918472290039,-0.0011929869651794,0.7660888888888888,0.0057999999999998,,0.5688,0.9093198992443324,0.1455058444175735,0.250868658790827,0.6615352034568787,4.744529724121094e-05,0.001,0.6615352034568787,0.5688,0.001
imdb,iid,20,42,9,1,0.6489160060882568,0.0001959800720214,0.137918472290039,-0.0005766153335571,0.7660888888888888,0.0138666666666666,,0.5688,0.9093198992443324,0.1455058444175735,0.250868658790827,0.6615352034568787,1.4722347259521484e-05,0.0001999999999999,0.6615352034568787,0.5688,0.0001999999999999
imdb,iid,20,42,9,2,0.6489160060882568,0.0007240176200866,0.137918472290039,0.0001503825187683,0.7660888888888888,-0.000822222222222,,0.5688,0.9093198992443324,0.1455058444175735,0.250868658790827,0.6615352034568787,-5.698204040527344e-05,0.0001999999999999,0.6615352034568787,0.5688,0.0001999999999999
imdb,iid,20,42,9,3,0.6489160060882568,-0.0015259981155395,0.137918472290039,-0.0011423230171203,0.7660888888888888,-0.0014666666666667,,0.5688,0.9093198992443324,0.1455058444175735,0.250868658790827,0.6615352034568787,5.447864532470703e-05,0.001,0.6615352034568787,0.5688,0.001
imdb,iid,20,42,9,4,0.6489160060882568,-0.0005940198898315,0.137918472290039,-0.0008288025856018,0.7660888888888888,0.0046444444444442,,0.5688,0.9093198992443324,0.1455058444175735,0.250868658790827,0.6615352034568787,-1.132488250732422e-06,-0.0,0.6615352034568787,0.5688,-0.0
imdb,iid,20,42,9,5,0.6489160060882568,-0.0012179613113403,0.137918472290039,-0.0009401440620422,0.7660888888888888,0.017888888888889,,0.5688,0.9093198992443324,0.1455058444175735,0.250868658790827,0.6615352034568787,-2.6166439056396484e-05,-0.0,0.6615352034568787,0.5688,-0.0
imdb,iid,20,42,9,6,0.6489160060882568,0.0001560449600219,0.137918472290039,-0.0015571117401123,0.7660888888888888,-0.003022222222222,,0.5688,0.9093198992443324,0.1455058444175735,0.250868658790827,0.6615352034568787,5.364418029785156e-06,-0.0,0.6615352034568787,0.5688,-0.0
imdb,iid,20,42,9,7,0.6489160060882568,-0.0005040168762207,0.137918472290039,-0.001091718673706,0.7660888888888888,-0.0129777777777777,,0.5688,0.9093198992443324,0.1455058444175735,0.250868658790827,0.6615352034568787,1.3887882232666016e-05,-0.0,0.6615352034568787,0.5688,-0.0
imdb,iid,20,42,9,8,0.6489160060882568,-7.599592208862305e-05,0.137918472290039,-0.0008288025856018,0.7660888888888888,-0.0101777777777778,,0.5688,0.9093198992443324,0.1455058444175735,0.250868658790827,0.6615352034568787,-3.129243850708008e-05,0.0001999999999999,0.6615352034568787,0.5688,0.0001999999999999
imdb,iid,20,42,9,9,0.6489160060882568,-0.0007820129394531,0.137918472290039,-0.0030651092529296,0.7660888888888888,-0.0085333333333335,,0.5688,0.9093198992443324,0.1455058444175735,0.250868658790827,0.6615352034568787,4.231929779052734e-06,-0.0,0.6615352034568787,0.5688,-0.0
imdb,iid,20,42,9,10,0.6489160060882568,-0.0011060237884521,0.137918472290039,0.0004639029502868,0.7660888888888888,-0.0029333333333334,,0.5688,0.9093198992443324,0.1455058444175735,0.250868658790827,0.6615352034568787,1.4483928680419922e-05,0.0001999999999999,0.6615352034568787,0.5688,0.0001999999999999
imdb,iid,20,42,9,11,0.6489160060882568,0.0016720294952392,0.137918472290039,-0.0001004934310913,0.7660888888888888,-0.0028000000000001,,0.5688,0.9093198992443324,0.1455058444175735,0.250868658790827,0.6615352034568787,-4.798173904418945e-05,-0.0,0.6615352034568787,0.5688,-0.0
imdb,iid,20,42,9,12,0.6489160060882568,-0.0007339715957641,0.137918472290039,-0.0009906291961669,0.7660888888888888,0.0018888888888888,,0.5688,0.9093198992443324,0.1455058444175735,0.250868658790827,0.6615352034568787,2.7418136596679688e-05,0.0003999999999999,0.6615352034568787,0.5688,0.0003999999999999
imdb,iid,20,42,9,13,0.6489160060882568,-9.399652481079102e-05,0.137918472290039,-0.0004646182060241,0.7660888888888888,-0.0027777777777775,,0.5688,0.9093198992443324,0.1455058444175735,0.250868658790827,0.6615352034568787,-2.2530555725097656e-05,-0.0,0.6615352034568787,0.5688,-0.0
imdb,iid,20,42,9,14,0.6489160060882568,0.0002480149269104,0.137918472290039,0.0001503825187683,0.7660888888888888,0.009511111111111,,0.5688,0.9093198992443324,0.1455058444175735,0.250868658790827,0.6615352034568787,-4.082918167114258e-05,-0.0,0.6615352034568787,0.5688,-0.0
imdb,iid,20,42,9,15,0.6489160060882568,-0.0004019737243652,0.137918472290039,0.0001003146171569,0.7660888888888888,-0.0009555555555555,,0.5688,0.9093198992443324,0.1455058444175735,0.250868658790827,0.6615352034568787,2.2709369659423828e-05,0.0005999999999999,0.6615352034568787,0.5688,0.0005999999999999
imdb,iid,20,42,9,16,0.6489160060882568,0.0004780292510986,0.137918472290039,-0.0003136396408081,0.7660888888888888,0.0057555555555557,,0.5688,0.9093198992443324,0.1455058444175735,0.250868658790827,0.6615352034568787,-1.537799835205078e-05,-0.0,0.6615352034568787,0.5688,-0.0
imdb,iid,20,42,9,17,0.6489160060882568,-0.0001919865608215,0.137918472290039,-0.0006774067878723,0.7660888888888888,-0.0072,,0.5688,0.9093198992443324,0.1455058444175735,0.250868658790827,0.6615352034568787,4.827976226806641e-06,0.0003999999999999,0.6615352034568787,0.5688,0.0003999999999999
imdb,iid,20,42,9,18,0.6489160060882568,0.0004079937934875,0.137918472290039,-0.0027008652687072,0.7660888888888888,0.0035999999999998,,0.5688,0.9093198992443324,0.1455058444175735,0.250868658790827,0.6615352034568787,-8.821487426757812e-06,-0.0,0.6615352034568787,0.5688,-0.0
imdb,iid,20,42,9,19,0.6489160060882568,-0.0012379884719848,0.137918472290039,0.0009272098541259,0.7660888888888888,-0.0076222222222224,,0.5688,0.9093198992443324,0.1455058444175735,0.250868658790827,0.6615352034568787,4.285573959350586e-05,0.0003999999999999,0.6615352034568787,0.5688,0.0003999999999999
imdb,iid,20,42,10,0,0.6220160126686096,0.0010899901390075,0.0799728631973266,0.000338852405548,0.8185555555555555,0.0161777777777778,,0.5974,0.875,0.2200725513905683,0.3516908212560386,0.6505993604660034,4.494190216064453e-05,0.0006,0.6505993604660034,0.5974,0.0006
imdb,iid,20,42,10,1,0.6220160126686096,0.0020480155944824,0.0799728631973266,0.0010165572166442,0.8185555555555555,0.0333333333333334,,0.5974,0.875,0.2200725513905683,0.3516908212560386,0.6505993604660034,1.2934207916259766e-05,-0.0001999999999999,0.6505993604660034,0.5974,-0.0001999999999999
imdb,iid,20,42,10,2,0.6220160126686096,0.0026519894599914,0.0799728631973266,0.0010700821876525,0.8185555555555555,0.0268444444444442,,0.5974,0.875,0.2200725513905683,0.3516908212560386,0.6505993604660034,-5.775690078735352e-05,-0.0003999999999999,0.6505993604660034,0.5974,-0.0003999999999999
imdb,iid,20,42,10,3,0.6220160126686096,0.0016700029373168,0.0799728631973266,0.0003657937049865,0.8185555555555555,0.0399111111111112,,0.5974,0.875,0.2200725513905683,0.3516908212560386,0.6505993604660034,5.14984130859375e-05,0.0004,0.6505993604660034,0.5974,0.0004
imdb,iid,20,42,10,4,0.6220160126686096,0.0016860365867614,0.0799728631973266,0.000338852405548,0.8185555555555555,0.0221333333333331,,0.5974,0.875,0.2200725513905683,0.3516908212560386,0.6505993604660034,-7.152557373046875e-06,-0.0003999999999999,0.6505993604660034,0.5974,-0.0003999999999999
imdb,iid,20,42,10,5,0.6220160126686096,0.0011979937553405,0.0799728631973266,0.0006508231163024,0.8185555555555555,0.0186666666666666,,0.5974,0.875,0.2200725513905683,0.3516908212560386,0.6505993604660034,-2.6047229766845703e-05,-0.0001999999999999,0.6505993604660034,0.5974,-0.0001999999999999
imdb,iid,20,42,10,6,0.6220160126686096,0.0014980435371398,0.0799728631973266,0.000338852405548,0.8185555555555555,0.0227111111111109,,0.5974,0.875,0.2200725513905683,0.3516908212560386,0.6505993604660034,7.62939453125e-06,0.0002,0.6505993604660034,0.5974,0.0002
imdb,iid,20,42,10,7,0.6220160126686096,0.0024259686470031,0.0799728631973266,0.0013554692268371,0.8185555555555555,0.0204444444444444,,0.5974,0.875,0.2200725513905683,0.3516908212560386,0.6505993604660034,1.7702579498291016e-05,-0.0,0.6505993604660034,0.5974,-0.0
imdb,iid,20,42,10,8,0.6220160126686096,0.0012480020523071,0.0799728631973266,0.000338852405548,0.8185555555555555,0.0168888888888887,,0.5974,0.875,0.2200725513905683,0.3516908212560386,0.6505993604660034,-3.55839729309082e-05,-0.0,0.6505993604660034,0.5974,-0.0
imdb,iid,20,42,10,9,0.6220160126686096,0.0010539889335632,0.0799728631973266,-0.0003389120101928,0.8185555555555555,0.0075333333333331,,0.5974,0.875,0.2200725513905683,0.3516908212560386,0.6505993604660034,9.59634780883789e-06,0.0002,0.6505993604660034,0.5974,0.0002
imdb,iid,20,42,10,10,0.6220160126686096,0.0012820363044738,0.0799728631973266,0.0006777048110961,0.8185555555555555,0.0175999999999998,,0.5974,0.875,0.2200725513905683,0.3516908212560386,0.6505993604660034,1.0609626770019531e-05,-0.0,0.6505993604660034,0.5974,-0.0
imdb,iid,20,42,10,11,0.6220160126686096,0.0012599825859069,0.0799728631973266,0.000338852405548,0.8185555555555555,0.0211333333333332,,0.5974,0.875,0.2200725513905683,0.3516908212560386,0.6505993604660034,-5.030632019042969e-05,-0.0001999999999999,0.6505993604660034,0.5974,-0.0001999999999999
imdb,iid,20,42,10,12,0.6220160126686096,0.0008580088615417,0.0799728631973266,0.0006508231163024,0.8185555555555555,0.001511111111111,,0.5974,0.875,0.2200725513905683,0.3516908212560386,0.6505993604660034,2.8908252716064453e-05,-0.0001999999999999,0.6505993604660034,0.5974,-0.0001999999999999
imdb,iid,20,42,10,13,0.6220160126686096,0.000536024570465,0.0799728631973266,0.0003657937049865,0.8185555555555555,0.0278222222222221,,0.5974,0.875,0.2200725513905683,0.3516908212560386,0.6505993604660034,-1.937150955200196e-05,0.0002,0.6505993604660034,0.5974,0.0002
imdb,iid,20,42,10,14,0.6220160126686096,0.0014980435371398,0.0799728631973266,0.0016677975654602,0.8185555555555555,0.020822222222222,,0.5974,0.875,0.2200725513905683,0.3516908212560386,0.6505993604660034,-4.00543212890625e-05,-0.0005999999999999,0.6505993604660034,0.5974,-0.0005999999999999
imdb,iid,20,42,10,15,0.6220160126686096,0.0018760561943054,0.0799728631973266,0.0003118515014648,0.8185555555555555,0.0077777777777776,,0.5974,0.875,0.2200725513905683,0.3516908212560386,0.6505993604660034,2.205371856689453e-05,-0.0,0.6505993604660034,0.5974,-0.0
imdb,iid,20,42,10,16,0.6220160126686096,0.0020380020141601,0.0799728631973266,0.000338852405548,0.8185555555555555,-0.0040222222222221,,0.5974,0.875,0.2200725513905683,0.3516908212560386,0.6505993604660034,-1.7881393432617188e-05,-0.0,0.6505993604660034,0.5974,-0.0
imdb,iid,20,42,10,17,0.6220160126686096,0.0014820098876953,0.0799728631973266,0.0003118515014648,0.8185555555555555,0.0212666666666667,,0.5974,0.875,0.2200725513905683,0.3516908212560386,0.6505993604660034,9.059906005859377e-06,0.0002,0.6505993604660034,0.5974,0.0002
imdb,iid,20,42,10,18,0.6220160126686096,0.0008360147476196,0.0799728631973266,0.000338852405548,0.8185555555555555,0.0536,,0.5974,0.875,0.2200725513905683,0.3516908212560386,0.6505993604660034,-6.318092346191406e-06,-0.0,0.6505993604660034,0.5974,-0.0
imdb,iid,20,42,10,19,0.6220160126686096,0.0023180246353149,0.0799728631973266,0.0023720264434814,0.8185555555555555,-0.004911111111111,,0.5974,0.875,0.2200725513905683,0.3516908212560386,0.6505993604660034,4.565715789794922e-05,0.0002,0.6505993604660034,0.5974,0.0002
imdb,iid,4,42,1,0,0.9023299813270568,0.0002619624137878,0.7122128009796143,0.003224492073059,0.8814666666666666,0.0104444444444444,,0.5174,0.8695652173913043,0.0322450624748085,0.0621842207539836,0.6846798062324524,7.092952728271484e-06,-0.0,0.6846798062324524,0.5174,-0.0
imdb,iid,4,42,1,1,0.9023299813270568,-0.0033000111579895,0.7122128009796143,-0.0161225795745849,0.8814666666666666,0.0136222222222222,,0.5174,0.8695652173913043,0.0322450624748085,0.0621842207539836,0.6846798062324524,-2.872943878173828e-05,0.0001999999999999,0.6846798062324524,0.5174,0.0001999999999999
imdb,iid,4,42,1,2,0.9023299813270568,0.0033079981803894,0.7122128009796143,0.0201531648635864,0.8814666666666666,0.004822222222222,,0.5174,0.8695652173913043,0.0322450624748085,0.0621842207539836,0.6846798062324524,-0.0004237294197082,-0.0044,0.6846798062324524,0.5174,-0.0044
imdb,iid,4,42,1,3,0.9023299813270568,-0.0036460161209106,0.7122128009796143,-0.0201531648635864,0.8814666666666666,-0.0062444444444442,,0.5174,0.8695652173913043,0.0322450624748085,0.0621842207539836,0.6846798062324524,0.0004686117172241,0.004,0.6846798062324524,0.5174,0.004
imdb,iid,4,42,2,0,0.7262719869613647,0.0020359754562377,0.0541838407516479,-0.0007801055908203,0.831777777777778,-0.0273111111111108,,0.6014,0.8641791044776119,0.2333736396614268,0.3675023801967629,0.6520155072212219,-0.0001237392425537,0.0004,0.6520155072212219,0.6014,0.0004
imdb,iid,4,42,2,1,0.7262719869613647,0.0007159709930419,0.0541838407516479,-0.0009909272193908,0.831777777777778,-0.0067111111111108,,0.6014,0.8641791044776119,0.2333736396614268,0.3675023801967629,0.6520155072212219,5.835294723510742e-05,0.0008,0.6520155072212219,0.6014,0.0008
imdb,iid,4,42,2,2,0.7262719869613647,0.0033959746360778,0.0541838407516479,0.0007408857345581,0.831777777777778,-0.0047111111111108,,0.6014,0.8641791044776119,0.2333736396614268,0.3675023801967629,0.6520155072212219,-0.0007485747337341,-0.0047999999999999,0.6520155072212219,0.6014,-0.0047999999999999
imdb,iid,4,42,2,3,0.7262719869613647,0.0002020001411437,0.0541838407516479,-0.0032439231872558,0.831777777777778,-0.0121999999999999,,0.6014,0.8641791044776119,0.2333736396614268,0.3675023801967629,0.6520155072212219,0.0008412599563598,0.0052,0.6520155072212219,0.6014,0.0052
imdb,iid,4,42,3,0,0.652616024017334,0.0005180239677429,0.0215227603912353,0.0005493760108947,0.8005,3.333333333355171e-05,,0.753,0.8087215064420218,0.6577992744860943,0.7254945543454101,0.5708624720573425,-0.0002772808074951,-0.0,0.5708624720573425,0.753,-0.0
imdb,iid,4,42,3,1,0.652616024017334,-0.0004999637603759,0.0215227603912353,0.0002862215042114,0.8005,0.0033666666666667,,0.753,0.8087215064420218,0.6577992744860943,0.7254945543454101,0.5708624720573425,0.0001991391181945,0.0006,0.5708624720573425,0.753,0.0006
imdb,iid,4,42,3,2,0.652616024017334,0.0014160275459289,0.0215227603912353,0.0008127093315124,0.8005,0.0191888888888889,,0.753,0.8087215064420218,0.6577992744860943,0.7254945543454101,0.5708624720573425,-0.0004804134368896,-0.0006,0.5708624720573425,0.753,-0.0006
imdb,iid,4,42,3,3,0.652616024017334,0.0002220273017883,0.0215227603912353,0.0002804994583129,0.8005,0.0024111111111111,,0.753,0.8087215064420218,0.6577992744860943,0.7254945543454101,0.5708624720573425,0.0006041526794433,0.0011999999999999,0.5708624720573425,0.753,0.0011999999999999
imdb,iid,4,42,4,0,0.6470180153846741,-0.0003519654273986,0.0405405163764953,0.0004383325576782,0.7329555555555556,0.0078888888888888,,0.7896,0.7936703658035348,0.7783151954856913,0.7859177859177859,0.4881584048271179,-4.953145980834961e-05,0.0013999999999999,0.4881584048271179,0.7896,0.0013999999999999
imdb,iid,4,42,4,1,0.6470180153846741,-4.798173904418945e-05,0.0405405163764953,0.0003062486648559,0.7329555555555556,0.0150444444444446,,0.7896,0.7936703658035348,0.7783151954856913,0.7859177859177859,0.4881584048271179,0.0001740157604217,0.0018,0.4881584048271179,0.7896,0.0018
imdb,iid,4,42,4,2,0.6470180153846741,0.0001340508460998,0.0405405163764953,0.0007547736167907,0.7329555555555556,-0.0372888888888887,,0.7896,0.7936703658035348,0.7783151954856913,0.7859177859177859,0.4881584048271179,-0.00016450881958,0.001,0.4881584048271179,0.7896,0.001
imdb,iid,4,42,4,3,0.6470180153846741,-0.0002779960632324,0.0405405163764953,0.0004792809486389,0.7329555555555556,-0.0333333333333332,,0.7896,0.7936703658035348,0.7783151954856913,0.7859177859177859,0.4881584048271179,0.0001318156719207,-0.0004,0.4881584048271179,0.7896,-0.0004
imdb,iid,4,42,5,0,0.659932017326355,-0.0001440048217773,0.0728855729103088,-0.0004975199699401,0.779711111111111,-0.0068444444444444,,0.803,0.8004016064257028,0.8033051189036678,0.8018507342587005,0.4451404213905334,0.0001120269298553,0.0012,0.4451404213905334,0.803,0.0012
imdb,iid,4,42,5,1,0.659932017326355,0.0012400150299072,0.0728855729103088,-0.0007829070091247,0.779711111111111,0.0280888888888888,,0.803,0.8004016064257028,0.8033051189036678,0.8018507342587005,0.4451404213905334,0.0001665651798248,-0.0001999999999999,0.4451404213905334,0.803,-0.0001999999999999
imdb,iid,4,42,5,2,0.659932017326355,-0.0001360177993774,0.0728855729103088,0.000461459159851,0.779711111111111,0.0292888888888886,,0.803,0.8004016064257028,0.8033051189036678,0.8018507342587005,0.4451404213905334,-0.0001166462898254,0.0008,0.4451404213905334,0.803,0.0008
imdb,iid,4,42,5,3,0.659932017326355,-0.0006619691848754,0.0728855729103088,-0.0001089572906494,0.779711111111111,0.0198444444444443,,0.803,0.8004016064257028,0.8033051189036678,0.8018507342587005,0.4451404213905334,-4.482269287109375e-05,0.0014,0.4451404213905334,0.803,0.0014
imdb,iid,4,42,6,0,0.6713899970054626,-0.0008379817008972,0.101870059967041,-0.0005930066108703,0.6869777777777779,-0.0945777777777776,,0.8084,0.8061921994370728,0.8081418782748891,0.8071658615136876,0.4231562614440918,0.0001356899738311,-0.0003999999999999,0.4231562614440918,0.8084,-0.0003999999999999
imdb,iid,4,42,6,1,0.6713899970054626,-0.00040203332901,0.101870059967041,-7.528066635131836e-05,0.6869777777777779,-0.0541777777777774,,0.8084,0.8061921994370728,0.8081418782748891,0.8071658615136876,0.4231562614440918,0.0001976788043975,-0.0006,0.4231562614440918,0.8084,-0.0006
imdb,iid,4,42,6,2,0.6713899970054626,-0.0008240342140197,0.101870059967041,-0.0005173087120056,0.6869777777777779,-0.0489999999999999,,0.8084,0.8061921994370728,0.8081418782748891,0.8071658615136876,0.4231562614440918,-0.0001394748687744,0.0011999999999999,0.4231562614440918,0.8084,0.0011999999999999
imdb,iid,4,42,6,3,0.6713899970054626,-0.0001659989356994,0.101870059967041,0.0004920959472656,0.6869777777777779,-0.0837333333333332,,0.8084,0.8061921994370728,0.8081418782748891,0.8071658615136876,0.4231562614440918,-6.416440010070801e-05,-0.001,0.4231562614440918,0.8084,-0.001
imdb,iid,4,42,7,0,0.6802999973297119,-0.000972032546997,0.13037109375,-0.0010282397270202,0.7498666666666667,0.0387333333333335,,0.8146,0.8135593220338984,0.8125755743651754,0.8130671506352087,0.4083649814128876,0.0001291632652282,-0.0001999999999999,0.4083649814128876,0.8146,-0.0001999999999999
imdb,iid,4,42,7,1,0.6802999973297119,-0.0006400346755981,0.13037109375,0.0007640719413757,0.7498666666666667,-0.0067333333333332,,0.8146,0.8135593220338984,0.8125755743651754,0.8130671506352087,0.4083649814128876,0.0002047419548034,-0.0006,0.4083649814128876,0.8146,-0.0006
imdb,iid,4,42,7,2,0.6802999973297119,0.0007719993591308,0.13037109375,0.0010796189308166,0.7498666666666667,0.0241555555555554,,0.8146,0.8135593220338984,0.8125755743651754,0.8130671506352087,0.4083649814128876,-0.0001622140407562,-0.0006,0.4083649814128876,0.8146,-0.0006
imdb,iid,4,42,7,3,0.6802999973297119,0.0001180171966552,0.13037109375,0.0014095902442932,0.7498666666666667,0.0276444444444445,,0.8146,0.8135593220338984,0.8125755743651754,0.8130671506352087,0.4083649814128876,-4.595518112182617e-05,0.0001999999999999,0.4083649814128876,0.8146,0.0001999999999999
imdb,iid,4,42,8,0,0.6873739957809448,-0.000133991241455,0.1580731272697448,-0.0019656419754028,0.7006444444444444,-0.0483111111111111,,0.8226,0.8213709677419355,0.8210399032648126,0.821205402136666,0.396988570690155,0.0001213550567626,0.0003999999999999,0.396988570690155,0.8226,0.0003999999999999
imdb,iid,4,42,8,1,0.6873739957809448,-0.0002640485763549,0.1580731272697448,0.0002421140670776,0.7006444444444444,-0.0487555555555556,,0.8226,0.8213709677419355,0.8210399032648126,0.821205402136666,0.396988570690155,0.0001952350139617,0.0011999999999999,0.396988570690155,0.8226,0.0011999999999999
imdb,iid,4,42,8,2,0.6873739957809448,0.0007439851760864,0.1580731272697448,-0.0008416175842285,0.7006444444444444,-0.038,,0.8226,0.8213709677419355,0.8210399032648126,0.821205402136666,0.396988570690155,-0.0001751482486724,0.0013999999999999,0.396988570690155,0.8226,0.0013999999999999
imdb,iid,4,42,8,3,0.6873739957809448,-0.0005780458450317,0.1580731272697448,0.0004329085350036,0.7006444444444444,-0.0187333333333334,,0.8226,0.8213709677419355,0.8210399032648126,0.821205402136666,0.396988570690155,-2.4110078811645508e-05,-0.0001999999999999,0.396988570690155,0.8226,-0.0001999999999999
imdb,iid,4,42,9,0,0.6942859888076782,0.0001759529113769,0.1753074526786804,-0.0004822611808776,0.6819555555555556,-0.0385555555555554,,0.8258,0.8267045454545454,0.8210399032648126,0.8238624873609707,0.3877060413360595,0.0001161992549896,0.0001999999999999,0.3877060413360595,0.8258,0.0001999999999999
imdb,iid,4,42,9,1,0.6942859888076782,-0.0003620386123657,0.1753074526786804,-0.0004822611808776,0.6819555555555556,-0.0351999999999999,,0.8258,0.8267045454545454,0.8210399032648126,0.8238624873609707,0.3877060413360595,0.000189185142517,0.0003999999999999,0.3877060413360595,0.8258,0.0003999999999999
imdb,iid,4,42,9,2,0.6942859888076782,0.0015100240707397,0.1753074526786804,0.0011325478553771,0.6819555555555556,-0.0191666666666665,,0.8258,0.8267045454545454,0.8210399032648126,0.8238624873609707,0.3877060413360595,-0.0001778602600097,-0.0006,0.3877060413360595,0.8258,-0.0006
imdb,iid,4,42,9,3,0.6942859888076782,-0.0004019737243652,0.1753074526786804,0.0016143918037414,0.6819555555555556,-0.0492444444444444,,0.8258,0.8267045454545454,0.8210399032648126,0.8238624873609707,0.3877060413360595,-4.291534423828125e-06,-0.0006,0.3877060413360595,0.8258,-0.0006
imdb,iid,4,42,10,0,0.6979080438613892,-0.0006459951400756,0.1940907835960388,0.0003407597541809,0.7607333333333333,0.0554888888888889,,0.8288,0.829882257409663,0.8238613462313583,0.8268608414239482,0.3799667358398437,9.676814079284668e-05,0.0008,0.3799667358398437,0.8288,0.0008
imdb,iid,4,42,10,1,0.6979080438613892,-0.0013519525527954,0.1940907835960388,-0.0002402067184448,0.7607333333333333,0.0804,,0.8288,0.829882257409663,0.8238613462313583,0.8268608414239482,0.3799667358398437,0.0001827776432037,-0.0001999999999999,0.3799667358398437,0.8288,-0.0001999999999999
imdb,iid,4,42,10,2,0.6979080438613892,-0.00136399269104,0.1940907835960388,0.0003407597541809,0.7607333333333333,0.0256888888888888,,0.8288,0.829882257409663,0.8238613462313583,0.8268608414239482,0.3799667358398437,-0.0001682639122009,-0.0001999999999999,0.3799667358398437,0.8288,-0.0001999999999999
imdb,iid,4,42,10,3,0.6979080438613892,-0.0010559558868408,0.1940907835960388,-0.0001400113105773,0.7607333333333333,0.0328666666666666,,0.8288,0.829882257409663,0.8238613462313583,0.8268608414239482,0.3799667358398437,1.6361474990844727e-05,-0.0011999999999999,0.3799667358398437,0.8288,-0.0011999999999999
imdb,iid,20,107,1,0,0.7559800148010254,-0.0018959641456604,0.1420545578002929,-0.0055587887763977,0.9348444444444444,-0.0134555555555555,,0.4962,0.4962,1.0,0.663280310118968,0.6951901316642761,2.288818359375e-05,-0.0,0.6951901316642761,0.4962,-0.0
imdb,iid,20,107,1,1,0.7559800148010254,8.404254913330078e-05,0.1420545578002929,0.0004012584686279,0.9348444444444444,0.037111111111111,,0.4962,0.4962,1.0,0.663280310118968,0.6951901316642761,5.322694778442383e-05,-0.0,0.6951901316642761,0.4962,-0.0
imdb,iid,20,107,1,2,0.7559800148010254,0.0009980201721191,0.1420545578002929,0.001950204372406,0.9348444444444444,-0.0170555555555556,,0.4962,0.4962,1.0,0.663280310118968,0.6951901316642761,-2.110004425048828e-05,-0.0,0.6951901316642761,0.4962,-0.0
imdb,iid,20,107,1,3,0.7559800148010254,-0.0001419782638549,0.1420545578002929,-0.0019486546516418,0.9348444444444444,-0.0622666666666668,,0.4962,0.4962,1.0,0.663280310118968,0.6951901316642761,-1.4662742614746094e-05,-0.0,0.6951901316642761,0.4962,-0.0
imdb,iid,20,107,1,4,0.7559800148010254,0.0017279982566833,0.1420545578002929,0.0,0.9348444444444444,-0.0582666666666666,,0.4962,0.4962,1.0,0.663280310118968,0.6951901316642761,-5.185604095458984e-06,-0.0,0.6951901316642761,0.4962,-0.0
imdb,iid,20,107,1,5,0.7559800148010254,0.0011740326881408,0.1420545578002929,0.0044693350791931,0.9348444444444444,0.0021333333333333,,0.4962,0.4962,1.0,0.663280310118968,0.6951901316642761,-2.1159648895263672e-05,-0.0,0.6951901316642761,0.4962,-0.0
imdb,iid,20,107,1,6,0.7559800148010254,-0.0004580020904541,0.1420545578002929,0.0004012584686279,0.9348444444444444,-0.0147777777777777,,0.4962,0.4962,1.0,0.663280310118968,0.6951901316642761,1.0728836059570312e-05,-0.0,0.6951901316642761,0.4962,-0.0
imdb,iid,20,107,1,7,0.7559800148010254,-0.0007779598236083,0.1420545578002929,-0.0020064115524291,0.9348444444444444,0.0263444444444442,,0.4962,0.4962,1.0,0.663280310118968,0.6951901316642761,-1.8417835235595703e-05,-0.0,0.6951901316642761,0.4962,-0.0
imdb,iid,20,107,1,8,0.7559800148010254,-0.0005679726600646,0.1420545578002929,0.0004012584686279,0.9348444444444444,-0.0438444444444445,,0.4962,0.4962,1.0,0.663280310118968,0.6951901316642761,1.6391277313232422e-05,-0.0,0.6951901316642761,0.4962,-0.0
imdb,iid,20,107,1,9,0.7559800148010254,0.0003700256347656,0.1420545578002929,0.0024076700210571,0.9348444444444444,-0.0104444444444444,,0.4962,0.4962,1.0,0.663280310118968,0.6951901316642761,3.2186508178710938e-06,-0.0,0.6951901316642761,0.4962,-0.0
imdb,iid,20,107,1,10,0.7559800148010254,0.0018479824066162,0.1420545578002929,0.004815399646759,0.9348444444444444,-0.0506333333333333,,0.4962,0.4962,1.0,0.663280310118968,0.6951901316642761,-9.298324584960938e-06,-0.0,0.6951901316642761,0.4962,-0.0
imdb,iid,20,107,1,11,0.7559800148010254,0.0003620386123657,0.1420545578002929,0.0028648376464843,0.9348444444444444,-0.0540555555555557,,0.4962,0.4962,1.0,0.663280310118968,0.6951901316642761,2.0682811737060547e-05,-0.0,0.6951901316642761,0.4962,-0.0
imdb,iid,20,107,1,12,0.7559800148010254,-0.000137984752655,0.1420545578002929,-0.0016051530838012,0.9348444444444444,-0.0360111111111112,,0.4962,0.4962,1.0,0.663280310118968,0.6951901316642761,-4.708766937255859e-06,-0.0,0.6951901316642761,0.4962,-0.0
imdb,iid,20,107,1,13,0.7559800148010254,-0.0008080005645751,0.1420545578002929,-0.0039542913436889,0.9348444444444444,-0.0109666666666667,,0.4962,0.4962,1.0,0.663280310118968,0.6951901316642761,1.1146068572998049e-05,-0.0,0.6951901316642761,0.4962,-0.0
imdb,iid,20,107,1,14,0.7559800148010254,-1.96695327758789e-06,0.1420545578002929,-0.0015475153923034,0.9348444444444444,-0.0615555555555555,,0.4962,0.4962,1.0,0.663280310118968,0.6951901316642761,2.0205974578857425e-05,-0.0,0.6951901316642761,0.4962,-0.0
imdb,iid,20,107,1,15,0.7559800148010254,-0.0001419782638549,0.1420545578002929,-0.0027508735656738,0.9348444444444444,-0.0089777777777777,,0.4962,0.4962,1.0,0.663280310118968,0.6951901316642761,-1.7404556274414062e-05,-0.0,0.6951901316642761,0.4962,-0.0
imdb,iid,20,107,1,16,0.7559800148010254,0.0001959800720214,0.1420545578002929,0.0008025765419006,0.9348444444444444,-0.0585555555555554,,0.4962,0.4962,1.0,0.663280310118968,0.6951901316642761,1.8656253814697266e-05,-0.0,0.6951901316642761,0.4962,-0.0
imdb,iid,20,107,1,17,0.7559800148010254,-0.0012739896774291,0.1420545578002929,-0.0059598684310913,0.9348444444444444,0.0201555555555554,,0.4962,0.4962,1.0,0.663280310118968,0.6951901316642761,-3.439188003540039e-05,-0.0,0.6951901316642761,0.4962,-0.0
imdb,iid,20,107,1,18,0.7559800148010254,3.600120544433594e-05,0.1420545578002929,-0.0047565102577209,0.9348444444444444,-0.0340555555555557,,0.4962,0.4962,1.0,0.663280310118968,0.6951901316642761,-1.7642974853515625e-05,-0.0,0.6951901316642761,0.4962,-0.0
imdb,iid,20,107,1,19,0.7559800148010254,0.0002360343933105,0.1420545578002929,0.004815399646759,0.9348444444444444,-0.0181222222222223,,0.4962,0.4962,1.0,0.663280310118968,0.6951901316642761,-1.4424324035644531e-05,-0.0,0.6951901316642761,0.4962,-0.0
imdb,iid,20,107,2,0,0.8227720260620117,-0.001315951347351,0.4170692563056946,-0.0084540843963623,0.9030222222222222,-0.0065000000000001,,0.4962,0.4962,1.0,0.663280310118968,0.7082784175872803,3.606081008911133e-05,-0.0,0.7082784175872803,0.4962,-0.0
imdb,iid,20,107,2,1,0.8227720260620117,0.0001000165939331,0.4170692563056946,0.0012077689170837,0.9030222222222222,-0.0029333333333332,,0.4962,0.4962,1.0,0.663280310118968,0.7082784175872803,9.340047836303712e-05,-0.0,0.7082784175872803,0.4962,-0.0
imdb,iid,20,107,2,2,0.8227720260620117,0.0011700391769409,0.4170692563056946,0.0012077689170837,0.9030222222222222,0.0128444444444444,,0.4962,0.4962,1.0,0.663280310118968,0.7082784175872803,-4.202127456665039e-05,-0.0,0.7082784175872803,0.4962,-0.0
imdb,iid,20,107,2,3,0.8227720260620117,-0.0002439618110656,0.4170692563056946,-0.0020128488540649,0.9030222222222222,0.023511111111111,,0.4962,0.4962,1.0,0.663280310118968,0.7082784175872803,-2.408027648925781e-05,-0.0,0.7082784175872803,0.4962,-0.0
imdb,iid,20,107,2,4,0.8227720260620117,-3.3974647521972656e-05,0.4170692563056946,0.0008051395416259,0.9030222222222222,-0.0128444444444444,,0.4962,0.4962,1.0,0.663280310118968,0.7082784175872803,3.0994415283203125e-06,-0.0,0.7082784175872803,0.4962,-0.0
imdb,iid,20,107,2,5,0.8227720260620117,0.0002980232238769,0.4170692563056946,0.0048309564590454,0.9030222222222222,0.0174666666666665,,0.4962,0.4962,1.0,0.663280310118968,0.7082784175872803,-3.844499588012695e-05,-0.0,0.7082784175872803,0.4962,-0.0
imdb,iid,20,107,2,6,0.8227720260620117,-7.998943328857422e-05,0.4170692563056946,-0.0016102790832519,0.9030222222222222,0.0036,,0.4962,0.4962,1.0,0.663280310118968,0.7082784175872803,1.704692840576172e-05,-0.0,0.7082784175872803,0.4962,-0.0
imdb,iid,20,107,2,7,0.8227720260620117,-0.0002299547195434,0.4170692563056946,-0.0016102790832519,0.9030222222222222,-0.0048888888888889,,0.4962,0.4962,1.0,0.663280310118968,0.7082784175872803,-4.011392593383789e-05,-0.0,0.7082784175872803,0.4962,-0.0
imdb,iid,20,107,2,8,0.8227720260620117,-0.0006059408187866,0.4170692563056946,0.0004025697708129,0.9030222222222222,0.0061333333333333,,0.4962,0.4962,1.0,0.663280310118968,0.7082784175872803,3.2007694244384766e-05,-0.0,0.7082784175872803,0.4962,-0.0
imdb,iid,20,107,2,9,0.8227720260620117,0.0010980367660522,0.4170692563056946,0.0032206177711486,0.9030222222222222,0.0092444444444443,,0.4962,0.4962,1.0,0.663280310118968,0.7082784175872803,6.556510925292969e-07,-0.0,0.7082784175872803,0.4962,-0.0
imdb,iid,20,107,2,10,0.8227720260620117,0.0012060403823852,0.4170692563056946,0.0040257573127746,0.9030222222222222,-0.0083777777777778,,0.4962,0.4962,1.0,0.663280310118968,0.7082784175872803,-3.039836883544922e-05,-0.0,0.7082784175872803,0.4962,-0.0
imdb,iid,20,107,2,11,0.8227720260620117,0.0006700158119201,0.4170692563056946,0.0032206177711486,0.9030222222222222,-0.0077555555555555,,0.4962,0.4962,1.0,0.663280310118968,0.7082784175872803,5.2034854888916016e-05,-0.0,0.7082784175872803,0.4962,-0.0
imdb,iid,20,107,2,12,0.8227720260620117,-0.000133991241455,0.4170692563056946,-0.0028180480003356,0.9030222222222222,0.0167111111111111,,0.4962,0.4962,1.0,0.663280310118968,0.7082784175872803,-2.372264862060547e-05,-0.0,0.7082784175872803,0.4962,-0.0
imdb,iid,20,107,2,13,0.8227720260620117,-0.0001659393310546,0.4170692563056946,-0.0060386061668396,0.9030222222222222,0.0085555555555556,,0.4962,0.4962,1.0,0.663280310118968,0.7082784175872803,2.306699752807617e-05,-0.0,0.7082784175872803,0.4962,-0.0
imdb,iid,20,107,2,14,0.8227720260620117,-0.0013999938964843,0.4170692563056946,-0.0016102790832519,0.9030222222222222,0.0068888888888889,,0.4962,0.4962,1.0,0.663280310118968,0.7082784175872803,4.404783248901367e-05,-0.0,0.7082784175872803,0.4962,-0.0
imdb,iid,20,107,2,15,0.8227720260620117,0.0002380609512329,0.4170692563056946,-0.0028180480003356,0.9030222222222222,0.0254222222222222,,0.4962,0.4962,1.0,0.663280310118968,0.7082784175872803,-2.2530555725097656e-05,-0.0,0.7082784175872803,0.4962,-0.0
imdb,iid,20,107,2,16,0.8227720260620117,-0.0002719759941101,0.4170692563056946,0.0,0.9030222222222222,0.0080666666666666,,0.4962,0.4962,1.0,0.663280310118968,0.7082784175872803,4.118680953979492e-05,-0.0,0.7082784175872803,0.4962,-0.0
imdb,iid,20,107,2,17,0.8227720260620117,-0.0014439821243286,0.4170692563056946,-0.0072463750839233,0.9030222222222222,-0.0109333333333332,,0.4962,0.4962,1.0,0.663280310118968,0.7082784175872803,-6.216764450073242e-05,-0.0,0.7082784175872803,0.4962,-0.0
imdb,iid,20,107,2,18,0.8227720260620117,-0.0022279620170593,0.4170692563056946,-0.0064412355422973,0.9030222222222222,0.0006444444444442,,0.4962,0.4962,1.0,0.663280310118968,0.7082784175872803,-2.920627593994141e-05,-0.0,0.7082784175872803,0.4962,-0.0
imdb,iid,20,107,2,19,0.8227720260620117,0.000789999961853,0.4170692563056946,0.0068438053131103,0.9030222222222222,0.020622222222222,,0.4962,0.4962,1.0,0.663280310118968,0.7082784175872803,-3.069639205932617e-05,-0.0,0.7082784175872803,0.4962,-0.0
imdb,iid,20,107,3,0,0.8300020098686218,-0.0007819533348083,0.4935535788536072,-0.0044319033622741,0.8505555555555557,0.0089777777777779,,0.4962,0.4962,1.0,0.663280310118968,0.7227413058280945,4.51207160949707e-05,-0.0,0.7227413058280945,0.4962,-0.0
imdb,iid,20,107,3,1,0.8300020098686218,0.0005879998207092,0.4935535788536072,0.0024173855781555,0.8505555555555557,-0.0076222222222219,,0.4962,0.4962,1.0,0.663280310118968,0.7227413058280945,0.0001289844512939,-0.0,0.7227413058280945,0.4962,-0.0
imdb,iid,20,107,3,2,0.8300020098686218,0.0003439784049987,0.4935535788536072,0.0020145177841186,0.8505555555555557,0.0001777777777778,,0.4962,0.4962,1.0,0.663280310118968,0.7227413058280945,-6.467103958129883e-05,-0.0,0.7227413058280945,0.4962,-0.0
imdb,iid,20,107,3,3,0.8300020098686218,-0.0001260042190551,0.4935535788536072,-0.0008057951927185,0.8505555555555557,0.0154666666666667,,0.4962,0.4962,1.0,0.663280310118968,0.7227413058280945,-3.808736801147461e-05,-0.0,0.7227413058280945,0.4962,-0.0
imdb,iid,20,107,3,4,0.8300020098686218,7.003545761108398e-05,0.4935535788536072,0.0004028677940368,0.8505555555555557,-0.0041555555555552,,0.4962,0.4962,1.0,0.663280310118968,0.7227413058280945,8.52346420288086e-06,-0.0,0.7227413058280945,0.4962,-0.0
imdb,iid,20,107,3,5,0.8300020098686218,0.0007160305976867,0.4935535788536072,0.0028203129768371,0.8505555555555557,0.012577777777778,,0.4962,0.4962,1.0,0.663280310118968,0.7227413058280945,-4.744529724121094e-05,-0.0,0.7227413058280945,0.4962,-0.0
imdb,iid,20,107,3,6,0.8300020098686218,-0.0004319548606872,0.4935535788536072,0.0,0.8505555555555557,0.0107111111111113,,0.4962,0.4962,1.0,0.663280310118968,0.7227413058280945,1.823902130126953e-05,-0.0,0.7227413058280945,0.4962,-0.0
imdb,iid,20,107,3,7,0.8300020098686218,0.000286042690277,0.4935535788536072,0.0004028677940368,0.8505555555555557,-0.0063999999999997,,0.4962,0.4962,1.0,0.663280310118968,0.7227413058280945,-5.567073822021485e-05,-0.0,0.7227413058280945,0.4962,-0.0
imdb,iid,20,107,3,8,0.8300020098686218,0.0007700324058532,0.4935535788536072,0.001611590385437,0.8505555555555557,-0.0067555555555554,,0.4962,0.4962,1.0,0.663280310118968,0.7227413058280945,4.523992538452149e-05,-0.0,0.7227413058280945,0.4962,-0.0
imdb,iid,20,107,3,9,0.8300020098686218,0.0006600022315979,0.4935535788536072,0.0052376985549926,0.8505555555555557,-0.0103777777777773,,0.4962,0.4962,1.0,0.663280310118968,0.7227413058280945,-3.6954879760742175e-06,-0.0,0.7227413058280945,0.4962,-0.0
imdb,iid,20,107,3,10,0.8300020098686218,0.0001739859580993,0.4935535788536072,0.0044319033622741,0.8505555555555557,0.0034000000000002,,0.4962,0.4962,1.0,0.663280310118968,0.7227413058280945,-5.412101745605469e-05,-0.0,0.7227413058280945,0.4962,-0.0
imdb,iid,20,107,3,11,0.8300020098686218,0.0009040236473083,0.4935535788536072,0.0056406259536743,0.8505555555555557,-0.0059111111111109,,0.4962,0.4962,1.0,0.663280310118968,0.7227413058280945,7.283687591552734e-05,-0.0,0.7227413058280945,0.4962,-0.0
imdb,iid,20,107,3,12,0.8300020098686218,-0.0004839897155761,0.4935535788536072,-0.0012087225914001,0.8505555555555557,0.0073111111111112,,0.4962,0.4962,1.0,0.663280310118968,0.7227413058280945,-3.713369369506836e-05,-0.0,0.7227413058280945,0.4962,-0.0
imdb,iid,20,107,3,13,0.8300020098686218,-0.0003119707107543,0.4935535788536072,-0.0040290355682373,0.8505555555555557,0.0176222222222222,,0.4962,0.4962,1.0,0.663280310118968,0.7227413058280945,4.2319297790527344e-05,-0.0,0.7227413058280945,0.4962,-0.0
imdb,iid,20,107,3,14,0.8300020098686218,0.0004540085792541,0.4935535788536072,-0.0012087225914001,0.8505555555555557,0.0169111111111113,,0.4962,0.4962,1.0,0.663280310118968,0.7227413058280945,6.687641143798828e-05,-0.0,0.7227413058280945,0.4962,-0.0
imdb,iid,20,107,3,15,0.8300020098686218,-0.0011540055274963,0.4935535788536072,-0.0028203129768371,0.8505555555555557,0.0647222222222225,,0.4962,0.4962,1.0,0.663280310118968,0.7227413058280945,-2.712011337280273e-05,-0.0,0.7227413058280945,0.4962,-0.0
imdb,iid,20,107,3,16,0.8300020098686218,0.0006160140037536,0.4935535788536072,0.0008057951927185,0.8505555555555557,0.0068666666666667,,0.4962,0.4962,1.0,0.663280310118968,0.7227413058280945,6.0439109802246094e-05,-0.0,0.7227413058280945,0.4962,-0.0
imdb,iid,20,107,3,17,0.8300020098686218,-7.987022399902344e-06,0.4935535788536072,-0.0032232403755187,0.8505555555555557,0.0082444444444447,,0.4962,0.4962,1.0,0.663280310118968,0.7227413058280945,-7.981061935424805e-05,-0.0,0.7227413058280945,0.4962,-0.0
imdb,iid,20,107,3,18,0.8300020098686218,-0.0014179944992065,0.4935535788536072,-0.0044319033622741,0.8505555555555557,0.0084888888888889,,0.4962,0.4962,1.0,0.663280310118968,0.7227413058280945,-3.528594970703125e-05,-0.0,0.7227413058280945,0.4962,-0.0
imdb,iid,20,107,3,19,0.8300020098686218,0.0012460350990295,0.4935535788536072,0.0072522163391113,0.8505555555555557,-0.0033999999999996,,0.4962,0.4962,1.0,0.663280310118968,0.7227413058280945,-4.57763671875e-05,-0.0,0.7227413058280945,0.4962,-0.0
imdb,iid,20,107,4,0,0.8102279901504517,-0.0009859800338745,0.440643846988678,-0.003621757030487,0.9120444444444444,0.0071333333333334,,0.4962,0.4962,1.0,0.663280310118968,0.7337993383407593,4.947185516357422e-05,-0.0,0.7337993383407593,0.4962,-0.0
imdb,iid,20,107,4,1,0.8102279901504517,-0.0015439987182617,0.440643846988678,0.000804841518402,0.9120444444444444,0.0096444444444443,,0.4962,0.4962,1.0,0.663280310118968,0.7337993383407593,0.0001495480537414,-0.0,0.7337993383407593,0.4962,-0.0
imdb,iid,20,107,4,2,0.8102279901504517,-0.0005379915237426,0.440643846988678,0.0012072324752807,0.9120444444444444,0.0152888888888889,,0.4962,0.4962,1.0,0.663280310118968,0.7337993383407593,-8.07642936706543e-05,-0.0,0.7337993383407593,0.4962,-0.0
imdb,iid,20,107,4,3,0.8102279901504517,-0.0005159974098205,0.440643846988678,-0.0004024505615234,0.9120444444444444,0.001888888888889,,0.4962,0.4962,1.0,0.663280310118968,0.7337993383407593,-4.929304122924805e-05,-0.0,0.7337993383407593,0.4962,-0.0
imdb,iid,20,107,4,4,0.8102279901504517,-0.0007200241088867,0.440643846988678,0.0012072324752807,0.9120444444444444,0.0016,,0.4962,0.4962,1.0,0.663280310118968,0.7337993383407593,1.7344951629638672e-05,-0.0,0.7337993383407593,0.4962,-0.0
imdb,iid,20,107,4,5,0.8102279901504517,0.0005419850349426,0.440643846988678,0.0024144649505615,0.9120444444444444,0.0199333333333333,,0.4962,0.4962,1.0,0.663280310118968,0.7337993383407593,-5.179643630981445e-05,-0.0,0.7337993383407593,0.4962,-0.0
imdb,iid,20,107,4,6,0.8102279901504517,-0.0010000467300415,0.440643846988678,0.0004023909568786,0.9120444444444444,0.0045333333333332,,0.4962,0.4962,1.0,0.663280310118968,0.7337993383407593,1.8537044525146484e-05,-0.0,0.7337993383407593,0.4962,-0.0
imdb,iid,20,107,4,7,0.8102279901504517,-0.0014160275459289,0.440643846988678,0.0020120739936828,0.9120444444444444,0.0066111111111111,,0.4962,0.4962,1.0,0.663280310118968,0.7337993383407593,-6.556510925292969e-05,-0.0,0.7337993383407593,0.4962,-0.0
imdb,iid,20,107,4,8,0.8102279901504517,-0.0013680458068847,0.440643846988678,0.000804841518402,0.9120444444444444,-0.0042222222222221,,0.4962,0.4962,1.0,0.663280310118968,0.7337993383407593,5.745887756347656e-05,-0.0,0.7337993383407593,0.4962,-0.0
imdb,iid,20,107,4,9,0.8102279901504517,-4.804134368896485e-05,0.440643846988678,0.0028168559074401,0.9120444444444444,0.0375333333333334,,0.4962,0.4962,1.0,0.663280310118968,0.7337993383407593,-8.64267349243164e-06,-0.0,0.7337993383407593,0.4962,-0.0
imdb,iid,20,107,4,10,0.8102279901504517,-0.0002220273017883,0.440643846988678,0.0040241479873657,0.9120444444444444,-0.0021777777777776,,0.4962,0.4962,1.0,0.663280310118968,0.7337993383407593,-7.539987564086914e-05,-0.0,0.7337993383407593,0.4962,-0.0
imdb,iid,20,107,4,11,0.8102279901504517,-0.0002999901771545,0.440643846988678,0.0024144649505615,0.9120444444444444,-0.0017555555555555,,0.4962,0.4962,1.0,0.663280310118968,0.7337993383407593,8.51750373840332e-05,-0.0,0.7337993383407593,0.4962,-0.0
imdb,iid,20,107,4,12,0.8102279901504517,-0.000573992729187,0.440643846988678,0.0,0.9120444444444444,0.0005111111111111,,0.4962,0.4962,1.0,0.663280310118968,0.7337993383407593,-4.482269287109375e-05,-0.0,0.7337993383407593,0.4962,-0.0
imdb,iid,20,107,4,13,0.8102279901504517,-0.0018520355224609,0.440643846988678,-0.0020120739936828,0.9120444444444444,0.0623777777777776,,0.4962,0.4962,1.0,0.663280310118968,0.7337993383407593,5.877017974853516e-05,-0.0,0.7337993383407593,0.4962,-0.0
imdb,iid,20,107,4,14,0.8102279901504517,-0.0012800097465515,0.440643846988678,-0.000804841518402,0.9120444444444444,0.0270999999999999,,0.4962,0.4962,1.0,0.663280310118968,0.7337993383407593,8.70823860168457e-05,-0.0,0.7337993383407593,0.4962,-0.0
imdb,iid,20,107,4,15,0.8102279901504517,-0.0001400113105773,0.440643846988678,-0.0020120739936828,0.9120444444444444,0.0163111111111111,,0.4962,0.4962,1.0,0.663280310118968,0.7337993383407593,-3.421306610107422e-05,-0.0,0.7337993383407593,0.4962,-0.0
imdb,iid,20,107,4,16,0.8102279901504517,-0.0012000203132629,0.440643846988678,0.0004023909568786,0.9120444444444444,0.0230777777777777,,0.4962,0.4962,1.0,0.663280310118968,0.7337993383407593,7.802248001098633e-05,-0.0,0.7337993383407593,0.4962,-0.0
imdb,iid,20,107,4,17,0.8102279901504517,-0.0013580322265625,0.440643846988678,-0.0032193064689636,0.9120444444444444,0.0441333333333333,,0.4962,0.4962,1.0,0.663280310118968,0.7337993383407593,-9.167194366455078e-05,-0.0,0.7337993383407593,0.4962,-0.0
imdb,iid,20,107,4,18,0.8102279901504517,-0.0012159943580627,0.440643846988678,-0.0040241479873657,0.9120444444444444,0.092211111111111,,0.4962,0.4962,1.0,0.663280310118968,0.7337993383407593,-4.202127456665039e-05,-0.0,0.7337993383407593,0.4962,-0.0
imdb,iid,20,107,4,19,0.8102279901504517,0.0007059574127197,0.440643846988678,0.0072434544563293,0.9120444444444444,0.0075555555555555,,0.4962,0.4962,1.0,0.663280310118968,0.7337993383407593,-5.751848220825195e-05,-0.0,0.7337993383407593,0.4962,-0.0
imdb,iid,20,107,5,0,0.777321994304657,-0.0017060041427612,0.3179816007614136,-0.0024028420448303,0.853333333333333,0.0012444444444441,,0.4962,0.4962,1.0,0.663280310118968,0.7395161390304565,5.125999450683594e-05,-0.0,0.7395161390304565,0.4962,-0.0
imdb,iid,20,107,5,1,0.777321994304657,-0.0008460283279418,0.3179816007614136,0.0,0.853333333333333,-0.0078000000000002,,0.4962,0.4962,1.0,0.663280310118968,0.7395161390304565,0.0001632571220397,-0.0,0.7395161390304565,0.4962,-0.0
imdb,iid,20,107,5,2,0.777321994304657,-0.00176602602005,0.3179816007614136,0.0016019344329833,0.853333333333333,-0.0145777777777782,,0.4962,0.4962,1.0,0.663280310118968,0.7395161390304565,-9.435415267944336e-05,-0.0,0.7395161390304565,0.4962,-0.0
imdb,iid,20,107,5,3,0.777321994304657,-0.0013960003852844,0.3179816007614136,-0.0008009672164916,0.853333333333333,0.0218888888888886,,0.4962,0.4962,1.0,0.663280310118968,0.7395161390304565,-5.793571472167969e-05,-0.0,0.7395161390304565,0.4962,-0.0
imdb,iid,20,107,5,4,0.777321994304657,-0.0007659792900085,0.3179816007614136,0.0008009672164916,0.853333333333333,-0.0065555555555558,,0.4962,0.4962,1.0,0.663280310118968,0.7395161390304565,2.8789043426513672e-05,-0.0,0.7395161390304565,0.4962,-0.0
imdb,iid,20,107,5,5,0.777321994304657,-0.0004560351371765,0.3179816007614136,0.0016019344329833,0.853333333333333,0.0361777777777776,,0.4962,0.4962,1.0,0.663280310118968,0.7395161390304565,-5.638599395751953e-05,-0.0,0.7395161390304565,0.4962,-0.0
imdb,iid,20,107,5,6,0.777321994304657,-0.0017380118370056,0.3179816007614136,-0.0008009672164916,0.853333333333333,-0.0084444444444446,,0.4962,0.4962,1.0,0.663280310118968,0.7395161390304565,1.71661376953125e-05,-0.0,0.7395161390304565,0.4962,-0.0
imdb,iid,20,107,5,7,0.777321994304657,2.80141830444336e-05,0.3179816007614136,0.0,0.853333333333333,0.008622222222222,,0.4962,0.4962,1.0,0.663280310118968,0.7395161390304565,-6.514787673950195e-05,-0.0,0.7395161390304565,0.4962,-0.0
imdb,iid,20,107,5,8,0.777321994304657,-0.0002800226211547,0.3179816007614136,0.0008009672164916,0.853333333333333,-0.0043333333333337,,0.4962,0.4962,1.0,0.663280310118968,0.7395161390304565,6.99162483215332e-05,-0.0,0.7395161390304565,0.4962,-0.0
imdb,iid,20,107,5,9,0.777321994304657,-0.0001479983329772,0.3179816007614136,0.0012014508247375,0.853333333333333,-0.0007777777777782,,0.4962,0.4962,1.0,0.663280310118968,0.7395161390304565,-1.0907649993896484e-05,-0.0,0.7395161390304565,0.4962,-0.0
imdb,iid,20,107,5,10,0.777321994304657,0.0004040002822875,0.3179816007614136,0.0020024180412292,0.853333333333333,0.0147777777777773,,0.4962,0.4962,1.0,0.663280310118968,0.7395161390304565,-9.298324584960938e-05,-0.0,0.7395161390304565,0.4962,-0.0
imdb,iid,20,107,5,11,0.777321994304657,-0.0009099841117858,0.3179816007614136,0.0016019344329833,0.853333333333333,-0.0216222222222226,,0.4962,0.4962,1.0,0.663280310118968,0.7395161390304565,9.179115295410156e-05,-0.0,0.7395161390304565,0.4962,-0.0
imdb,iid,20,107,5,12,0.777321994304657,-0.0013859868049621,0.3179816007614136,-0.0008009672164916,0.853333333333333,0.0043111111111109,,0.4962,0.4962,1.0,0.663280310118968,0.7395161390304565,-5.120038986206055e-05,-0.0,0.7395161390304565,0.4962,-0.0
imdb,iid,20,107,5,13,0.777321994304657,-0.0025380253791809,0.3179816007614136,-0.0020023584365844,0.853333333333333,-0.0072222222222224,,0.4962,0.4962,1.0,0.663280310118968,0.7395161390304565,6.902217864990234e-05,-0.0,0.7395161390304565,0.4962,-0.0
imdb,iid,20,107,5,14,0.777321994304657,-0.0015240311622619,0.3179816007614136,-0.0004004836082458,0.853333333333333,-0.0002888888888892,,0.4962,0.4962,1.0,0.663280310118968,0.7395161390304565,9.816884994506836e-05,-0.0,0.7395161390304565,0.4962,-0.0
imdb,iid,20,107,5,15,0.777321994304657,-0.0009340047836303,0.3179816007614136,0.0004004836082458,0.853333333333333,-0.0087777777777779,,0.4962,0.4962,1.0,0.663280310118968,0.7395161390304565,-4.410743713378906e-05,-0.0,0.7395161390304565,0.4962,-0.0
imdb,iid,20,107,5,16,0.777321994304657,-0.0008600354194641,0.3179816007614136,-0.0004004836082458,0.853333333333333,0.0136888888888886,,0.4962,0.4962,1.0,0.663280310118968,0.7395161390304565,9.28640365600586e-05,-0.0,0.7395161390304565,0.4962,-0.0
imdb,iid,20,107,5,17,0.777321994304657,-0.0017780065536499,0.3179816007614136,-0.0020023584365844,0.853333333333333,0.0030888888888886,,0.4962,0.4962,1.0,0.663280310118968,0.7395161390304565,-9.804964065551758e-05,-0.0,0.7395161390304565,0.4962,-0.0
imdb,iid,20,107,5,18,0.777321994304657,-0.0014820098876953,0.3179816007614136,-0.0020023584365844,0.853333333333333,-0.0046666666666668,,0.4962,0.4962,1.0,0.663280310118968,0.7395161390304565,-4.64320182800293e-05,-0.0,0.7395161390304565,0.4962,-0.0
imdb,iid,20,107,5,19,0.777321994304657,0.0002959966659545,0.3179816007614136,0.0028033852577209,0.853333333333333,0.0018222222222221,,0.4962,0.4962,1.0,0.663280310118968,0.7395161390304565,-6.669759750366211e-05,-0.0,0.7395161390304565,0.4962,-0.0
imdb,iid,20,107,6,0,0.7397440075874329,-0.0008960366249084,0.2044829130172729,-0.0020473599433898,0.8528,-0.0130000000000001,,0.4962,0.4962,1.0,0.663280310118968,0.7394319176673889,5.048513412475586e-05,-0.0,0.7394319176673889,0.4962,-0.0
imdb,iid,20,107,6,1,0.7397440075874329,6.598234176635742e-05,0.2044829130172729,0.0007864832878112,0.8528,-0.013688888888889,,0.4962,0.4962,1.0,0.663280310118968,0.7394319176673889,0.0001683831214904,-0.0,0.7394319176673889,0.4962,-0.0
imdb,iid,20,107,6,2,0.7397440075874329,-0.0002779960632324,0.2044829130172729,0.0024389028549194,0.8528,-0.0137333333333333,,0.4962,0.4962,1.0,0.663280310118968,0.7394319176673889,-0.000104010105133,-0.0,0.7394319176673889,0.4962,-0.0
imdb,iid,20,107,6,3,0.7397440075874329,-0.0002020001411437,0.2044829130172729,0.000393271446228,0.8528,-0.0190222222222222,,0.4962,0.4962,1.0,0.663280310118968,0.7394319176673889,-6.16908073425293e-05,-0.0,0.7394319176673889,0.4962,-0.0
imdb,iid,20,107,6,4,0.7397440075874329,6.401538848876953e-05,0.2044829130172729,-0.0003126859664916,0.8528,-0.0170444444444444,,0.4962,0.4962,1.0,0.663280310118968,0.7394319176673889,4.357099533081055e-05,-0.0,0.7394319176673889,0.4962,-0.0
imdb,iid,20,107,6,5,0.7397440075874329,0.0002200007438659,0.2044829130172729,0.0004734992980957,0.8528,-0.0127999999999999,,0.4962,0.4962,1.0,0.663280310118968,0.7394319176673889,-5.906820297241211e-05,-0.0,0.7394319176673889,0.4962,-0.0
imdb,iid,20,107,6,6,0.7397440075874329,-0.0006119608879089,0.2044829130172729,0.000393271446228,0.8528,-0.0031555555555553,,0.4962,0.4962,1.0,0.663280310118968,0.7394319176673889,1.3053417205810549e-05,-0.0,0.7394319176673889,0.4962,-0.0
imdb,iid,20,107,6,7,0.7397440075874329,0.0010439753532409,0.2044829130172729,0.000393271446228,0.8528,0.0026444444444444,,0.4962,0.4962,1.0,0.663280310118968,0.7394319176673889,-5.859136581420898e-05,-0.0,0.7394319176673889,0.4962,-0.0
imdb,iid,20,107,6,8,0.7397440075874329,0.0003300309181213,0.2044829130172729,0.0008665323257446,0.8528,-0.0025333333333334,,0.4962,0.4962,1.0,0.663280310118968,0.7394319176673889,7.87973403930664e-05,-0.0,0.7394319176673889,0.4962,-0.0
imdb,iid,20,107,6,9,0.7397440075874329,-0.0002099871635437,0.2044829130172729,0.0024389028549194,0.8528,-0.0029444444444444,,0.4962,0.4962,1.0,0.663280310118968,0.7394319176673889,-8.404254913330078e-06,-0.0,0.7394319176673889,0.4962,-0.0
imdb,iid,20,107,6,10,0.7397440075874329,0.0013999938964843,0.2044829130172729,0.0029112100601196,0.8528,0.0058222222222219,,0.4962,0.4962,1.0,0.663280310118968,0.7394319176673889,-0.0001057386398315,-0.0,0.7394319176673889,0.4962,-0.0
imdb,iid,20,107,6,11,0.7397440075874329,-0.0004360079765319,0.2044829130172729,0.0011797547340393,0.8528,0.0162666666666664,,0.4962,0.4962,1.0,0.663280310118968,0.7394319176673889,9.936094284057616e-05,-0.0,0.7394319176673889,0.4962,-0.0
imdb,iid,20,107,6,12,0.7397440075874329,-0.0006539821624755,0.2044829130172729,-0.0007864832878112,0.8528,0.0008222222222222,,0.4962,0.4962,1.0,0.663280310118968,0.7394319176673889,-5.620718002319336e-05,-0.0,0.7394319176673889,0.4962,-0.0
imdb,iid,20,107,6,13,0.7397440075874329,-0.0003319978713989,0.2044829130172729,-0.0012605786323547,0.8528,-0.0046222222222223,,0.4962,0.4962,1.0,0.663280310118968,0.7394319176673889,7.62939453125e-05,-0.0,0.7394319176673889,0.4962,-0.0
imdb,iid,20,107,6,14,0.7397440075874329,1.996755599975586e-05,0.2044829130172729,-0.0003932118415832,0.8528,-0.0110222222222222,,0.4962,0.4962,1.0,0.663280310118968,0.7394319176673889,0.0001042485237121,-0.0,0.7394319176673889,0.4962,-0.0
imdb,iid,20,107,6,15,0.7397440075874329,-0.0006340146064758,0.2044829130172729,-0.0003932118415832,0.8528,-0.0264444444444444,,0.4962,0.4962,1.0,0.663280310118968,0.7394319176673889,-5.453824996948242e-05,-0.0,0.7394319176673889,0.4962,-0.0
imdb,iid,20,107,6,16,0.7397440075874329,-0.0007039904594421,0.2044829130172729,-0.0007864832878112,0.8528,-0.0205555555555554,,0.4962,0.4962,1.0,0.663280310118968,0.7394319176673889,0.0001025795936584,-0.0,0.7394319176673889,0.4962,-0.0
imdb,iid,20,107,6,17,0.7397440075874329,0.0006520152091979,0.2044829130172729,-0.0008671879768371,0.8528,-0.0174666666666667,,0.4962,0.4962,1.0,0.663280310118968,0.7394319176673889,-0.0001026988029479,-0.0,0.7394319176673889,0.4962,-0.0
imdb,iid,20,107,6,18,0.7397440075874329,-0.0005819797515869,0.2044829130172729,-0.0020473599433898,0.8528,-0.0211777777777779,,0.4962,0.4962,1.0,0.663280310118968,0.7394319176673889,-5.048513412475586e-05,-0.0,0.7394319176673889,0.4962,-0.0
imdb,iid,20,107,6,19,0.7397440075874329,0.0010120272636413,0.2044829130172729,0.0040900111198425,0.8528,0.0023333333333332,,0.4962,0.4962,1.0,0.663280310118968,0.7394319176673889,-7.432699203491211e-05,-0.0,0.7394319176673889,0.4962,-0.0
imdb,iid,20,107,7,0,0.7034740447998047,-0.0005819797515869,0.1243947744369506,-0.0006052255630493,0.8476666666666666,0.002,,0.4962,0.4962,1.0,0.663280310118968,0.7336974740028381,5.096197128295898e-05,-0.0,0.7336974740028381,0.4962,-0.0
imdb,iid,20,107,7,1,0.7034740447998047,0.0006900429725646,0.1243947744369506,-4.637241363525391e-05,0.8476666666666666,0.0107777777777777,,0.4962,0.4962,1.0,0.663280310118968,0.7336974740028381,0.000167965888977,-0.0,0.7336974740028381,0.4962,-0.0
imdb,iid,20,107,7,2,0.7034740447998047,0.0004300475120544,0.1243947744369506,0.0004186034202575,0.8476666666666666,0.0121777777777776,,0.4962,0.4962,1.0,0.663280310118968,0.7336974740028381,-0.0001090168952941,-0.0,0.7336974740028381,0.4962,-0.0
imdb,iid,20,107,7,3,0.7034740447998047,0.0008880496025085,0.1243947744369506,0.0002337098121643,0.8476666666666666,0.0197555555555555,,0.4962,0.4962,1.0,0.663280310118968,0.7336974740028381,-5.984306335449219e-05,-0.0,0.7336974740028381,0.4962,-0.0
imdb,iid,20,107,7,4,0.7034740447998047,-0.0002719163894653,0.1243947744369506,0.0003724098205566,0.8476666666666666,0.0133999999999998,,0.4962,0.4962,1.0,0.663280310118968,0.7336974740028381,5.9723854064941406e-05,-0.0,0.7336974740028381,0.4962,-0.0
imdb,iid,20,107,7,5,0.7034740447998047,-0.0001519918441772,0.1243947744369506,0.0015354752540588,0.8476666666666666,0.015111111111111,,0.4962,0.4962,1.0,0.663280310118968,0.7336974740028381,-5.918741226196289e-05,-0.0,0.7336974740028381,0.4962,-0.0
imdb,iid,20,107,7,6,0.7034740447998047,0.0002380609512329,0.1243947744369506,-0.0007914900779724,0.8476666666666666,0.0021555555555554,,0.4962,0.4962,1.0,0.663280310118968,0.7336974740028381,4.231929779052734e-06,-0.0,0.7336974740028381,0.4962,-0.0
imdb,iid,20,107,7,7,0.7034740447998047,0.0005620718002319,0.1243947744369506,0.0009794235229492,0.8476666666666666,0.0292888888888886,,0.4962,0.4962,1.0,0.663280310118968,0.7336974740028381,-4.875659942626953e-05,-0.0,0.7336974740028381,0.4962,-0.0
imdb,iid,20,107,7,8,0.7034740447998047,0.0005580186843872,0.1243947744369506,0.0010254383087158,0.8476666666666666,0.0319444444444443,,0.4962,0.4962,1.0,0.663280310118968,0.7336974740028381,8.869171142578125e-05,-0.0,0.7336974740028381,0.4962,-0.0
imdb,iid,20,107,7,9,0.7034740447998047,0.0008160471916198,0.1243947744369506,0.0019078254699707,0.8476666666666666,0.0138222222222221,,0.4962,0.4962,1.0,0.663280310118968,0.7336974740028381,-8.761882781982422e-06,-0.0,0.7336974740028381,0.4962,-0.0
imdb,iid,20,107,7,10,0.7034740447998047,0.0009760856628417,0.1243947744369506,0.0003724098205566,0.8476666666666666,0.0084222222222221,,0.4962,0.4962,1.0,0.663280310118968,0.7336974740028381,-0.0001129508018493,-0.0,0.7336974740028381,0.4962,-0.0
imdb,iid,20,107,7,11,0.7034740447998047,0.000972032546997,0.1243947744369506,0.000744879245758,0.8476666666666666,0.0121777777777776,,0.4962,0.4962,1.0,0.663280310118968,0.7336974740028381,0.0001072883605957,-0.0,0.7336974740028381,0.4962,-0.0
imdb,iid,20,107,7,12,0.7034740447998047,-0.0007679462432861,0.1243947744369506,-0.0001856088638305,0.8476666666666666,0.0135555555555555,,0.4962,0.4962,1.0,0.663280310118968,0.7336974740028381,-5.888938903808594e-05,-0.0,0.7336974740028381,0.4962,-0.0
imdb,iid,20,107,7,13,0.7034740447998047,-0.0001959800720214,0.1243947744369506,-0.0009316205978393,0.8476666666666666,0.0098444444444441,,0.4962,0.4962,1.0,0.663280310118968,0.7336974740028381,7.838010787963867e-05,-0.0,0.7336974740028381,0.4962,-0.0
imdb,iid,20,107,7,14,0.7034740447998047,-0.0001919269561767,0.1243947744369506,-0.0012577176094055,0.8476666666666666,0.025511111111111,,0.4962,0.4962,1.0,0.663280310118968,0.7336974740028381,0.0001051425933837,-0.0,0.7336974740028381,0.4962,-0.0
imdb,iid,20,107,7,15,0.7034740447998047,0.000432014465332,0.1243947744369506,-9.27448272705078e-05,0.8476666666666666,0.0171555555555555,,0.4962,0.4962,1.0,0.663280310118968,0.7336974740028381,-6.651878356933594e-05,-0.0,0.7336974740028381,0.4962,-0.0
imdb,iid,20,107,7,16,0.7034740447998047,0.0007740259170532,0.1243947744369506,0.0006988048553466,0.8476666666666666,0.0182777777777778,,0.4962,0.4962,1.0,0.663280310118968,0.7336974740028381,0.00010746717453,-0.0,0.7336974740028381,0.4962,-0.0
imdb,iid,20,107,7,17,0.7034740447998047,0.0002780556678771,0.1243947744369506,-0.0016775727272033,0.8476666666666666,0.0154,,0.4962,0.4962,1.0,0.663280310118968,0.7336974740028381,-0.0001096129417419,-0.0,0.7336974740028381,0.4962,-0.0
imdb,iid,20,107,7,18,0.7034740447998047,-0.0007359981536865,0.1243947744369506,-0.0010719895362854,0.8476666666666666,0.0143777777777778,,0.4962,0.4962,1.0,0.663280310118968,0.7336974740028381,-5.733966827392578e-05,-0.0,0.7336974740028381,0.4962,-0.0
imdb,iid,20,107,7,19,0.7034740447998047,0.0016440153121948,0.1243947744369506,0.0022801160812377,0.8476666666666666,0.0206444444444444,,0.4962,0.4962,1.0,0.663280310118968,0.7336974740028381,-8.07046890258789e-05,-0.0,0.7336974740028381,0.4962,-0.0
imdb,iid,20,107,8,0,0.6741540431976318,0.0008220672607421,0.0736154317855835,-0.0001013875007629,0.9185777777777776,0.0112555555555555,,0.4962,0.4962,1.0,0.663280310118968,0.7227785587310791,5.1021575927734375e-05,-0.0,0.7227785587310791,0.4962,-0.0
imdb,iid,20,107,8,1,0.6741540431976318,0.001628041267395,0.0736154317855835,0.0007381439208984,0.9185777777777776,0.0120222222222221,,0.4962,0.4962,1.0,0.663280310118968,0.7227785587310791,0.0001633167266845,-0.0,0.7227785587310791,0.4962,-0.0
imdb,iid,20,107,8,2,0.6741540431976318,0.0004100799560546,0.0736154317855835,0.001056969165802,0.9185777777777776,-0.0038222222222223,,0.4962,0.4962,1.0,0.663280310118968,0.7227785587310791,-0.0001139044761657,-0.0,0.7227785587310791,0.4962,-0.0
imdb,iid,20,107,8,3,0.6741540431976318,0.0003760457038879,0.0736154317855835,-0.0003439784049987,0.9185777777777776,0.0006222222222223,,0.4962,0.4962,1.0,0.663280310118968,0.7227785587310791,-5.698204040527344e-05,-0.0,0.7227785587310791,0.4962,-0.0
imdb,iid,20,107,8,4,0.6741540431976318,0.002090036869049,0.0736154317855835,0.0,0.9185777777777776,0.011711111111111,,0.4962,0.4962,1.0,0.663280310118968,0.7227785587310791,7.724761962890625e-05,-0.0,0.7227785587310791,0.4962,-0.0
imdb,iid,20,107,8,5,0.6741540431976318,0.0013900399208068,0.0736154317855835,-2.5331974029541016e-05,0.9185777777777776,0.0123777777777778,,0.4962,0.4962,1.0,0.663280310118968,0.7227785587310791,-5.710124969482422e-05,-0.0,0.7227785587310791,0.4962,-0.0
imdb,iid,20,107,8,6,0.6741540431976318,0.0001880526542663,0.0736154317855835,0.0002935528755187,0.9185777777777776,0.0083111111111111,,0.4962,0.4962,1.0,0.663280310118968,0.7227785587310791,-7.390975952148437e-06,-0.0,0.7227785587310791,0.4962,-0.0
imdb,iid,20,107,8,7,0.6741540431976318,0.000942051410675,0.0736154317855835,0.0006378293037414,0.9185777777777776,0.0575666666666667,,0.4962,0.4962,1.0,0.663280310118968,0.7227785587310791,-3.790855407714844e-05,-0.0,0.7227785587310791,0.4962,-0.0
imdb,iid,20,107,8,8,0.6741540431976318,0.0015080571174621,0.0736154317855835,0.0007381439208984,0.9185777777777776,-0.0018888888888888,,0.4962,0.4962,1.0,0.663280310118968,0.7227785587310791,9.822845458984376e-05,-0.0,0.7227785587310791,0.4962,-0.0
imdb,iid,20,107,8,9,0.6741540431976318,0.000830054283142,0.0736154317855835,2.5331974029541016e-05,0.9185777777777776,-0.0005999999999999,,0.4962,0.4962,1.0,0.663280310118968,0.7227785587310791,-3.576278686523437e-06,-0.0,0.7227785587310791,0.4962,-0.0
imdb,iid,20,107,8,10,0.6741540431976318,5.0067901611328125e-05,0.0736154317855835,-0.0003439784049987,0.9185777777777776,0.0087888888888887,,0.4962,0.4962,1.0,0.663280310118968,0.7227785587310791,-0.0001142621040344,-0.0,0.7227785587310791,0.4962,-0.0
imdb,iid,20,107,8,11,0.6741540431976318,-0.0001259446144104,0.0736154317855835,-0.0001013875007629,0.9185777777777776,0.0064444444444444,,0.4962,0.4962,1.0,0.663280310118968,0.7227785587310791,0.0001117587089538,-0.0,0.7227785587310791,0.4962,-0.0
imdb,iid,20,107,8,12,0.6741540431976318,0.0015120506286621,0.0736154317855835,2.5331974029541016e-05,0.9185777777777776,-0.0031333333333334,,0.4962,0.4962,1.0,0.663280310118968,0.7227785587310791,-6.264448165893555e-05,-0.0,0.7227785587310791,0.4962,-0.0
imdb,iid,20,107,8,13,0.6741540431976318,0.0005700588226318,0.0736154317855835,-0.0004203915596008,0.9185777777777776,0.0609666666666668,,0.4962,0.4962,1.0,0.663280310118968,0.7227785587310791,7.647275924682617e-05,-0.0,0.7227785587310791,0.4962,-0.0
imdb,iid,20,107,8,14,0.6741540431976318,0.0016160011291503,0.0736154317855835,-0.0003694295883178,0.9185777777777776,0.0547555555555554,,0.4962,0.4962,1.0,0.663280310118968,0.7227785587310791,0.0001060962677001,-0.0,0.7227785587310791,0.4962,-0.0
imdb,iid,20,107,8,15,0.6741540431976318,0.0018860101699829,0.0736154317855835,5.060434341430664e-05,0.9185777777777776,0.0478444444444443,,0.4962,0.4962,1.0,0.663280310118968,0.7227785587310791,-7.891654968261719e-05,-0.0,0.7227785587310791,0.4962,-0.0
imdb,iid,20,107,8,16,0.6741540431976318,0.0014140605926513,0.0736154317855835,0.0003440380096435,0.9185777777777776,0.0022777777777778,,0.4962,0.4962,1.0,0.663280310118968,0.7227785587310791,0.0001053214073181,-0.0,0.7227785587310791,0.4962,-0.0
imdb,iid,20,107,8,17,0.6741540431976318,0.0008240342140197,0.0736154317855835,-0.0007647275924682,0.9185777777777776,0.0061111111111111,,0.4962,0.4962,1.0,0.663280310118968,0.7227785587310791,-0.0001102685928344,-0.0,0.7227785587310791,0.4962,-0.0
imdb,iid,20,107,8,18,0.6741540431976318,0.0001600384712219,0.0736154317855835,-0.0004459023475646,0.9185777777777776,0.0211555555555555,,0.4962,0.4962,1.0,0.663280310118968,0.7227785587310791,-6.246566772460938e-05,-0.0,0.7227785587310791,0.4962,-0.0
imdb,iid,20,107,8,19,0.6741540431976318,0.0025040507316589,0.0736154317855835,0.0014752745628356,0.9185777777777776,0.0102444444444445,,0.4962,0.4962,1.0,0.663280310118968,0.7227785587310791,-8.249282836914062e-05,-0.0,0.7227785587310791,0.4962,-0.0
imdb,iid,20,107,9,0,0.6529139876365662,-0.0006240010261535,0.049652099609375,-0.0006484389305114,0.8494222222222223,0.0043999999999999,,0.4964,0.4962992598519704,1.0,0.6633689839572192,0.7073028087615967,5.239248275756836e-05,-0.0,0.7073028087615967,0.4964,-0.0
imdb,iid,20,107,9,1,0.6529139876365662,-0.0016420483589172,0.049652099609375,-0.0003479123115539,0.8494222222222223,-0.0119999999999997,,0.4964,0.4962992598519704,1.0,0.6633689839572192,0.7073028087615967,0.0001522898674011,-0.0,0.7073028087615967,0.4964,-0.0
imdb,iid,20,107,9,2,0.6529139876365662,-0.0007299780845642,0.049652099609375,-0.0003162622451782,0.8494222222222223,-0.0054444444444443,,0.4964,0.4962992598519704,1.0,0.6633689839572192,0.7073028087615967,-0.0001147985458374,-0.0,0.7073028087615967,0.4964,-0.0
imdb,iid,20,107,9,3,0.6529139876365662,-0.0005460381507873,0.049652099609375,0.0,0.8494222222222223,0.0034666666666667,,0.4964,0.4962992598519704,1.0,0.6633689839572192,0.7073028087615967,-5.2034854888916016e-05,-0.0,0.7073028087615967,0.4964,-0.0
imdb,iid,20,107,9,4,0.6529139876365662,0.0005779862403869,0.049652099609375,-0.0003004670143127,0.8494222222222223,-0.0154444444444443,,0.4964,0.4962992598519704,1.0,0.6633689839572192,0.7073028087615967,0.0001010298728942,-0.0,0.7073028087615967,0.4964,-0.0
imdb,iid,20,107,9,5,0.6529139876365662,-0.0005920529365539,0.049652099609375,0.0,0.8494222222222223,0.0022222222222223,,0.4964,0.4962992598519704,1.0,0.6633689839572192,0.7073028087615967,-5.805492401123047e-05,-0.0,0.7073028087615967,0.4964,-0.0
imdb,iid,20,107,9,6,0.6529139876365662,0.0006919503211975,0.049652099609375,1.5676021575927734e-05,0.8494222222222223,0.0109777777777777,,0.4964,0.4962992598519704,1.0,0.6633689839572192,0.7073028087615967,-1.6748905181884766e-05,-0.0,0.7073028087615967,0.4964,-0.0
imdb,iid,20,107,9,7,0.6529139876365662,-0.0002719759941101,0.049652099609375,-0.0006325244903564,0.8494222222222223,0.0306333333333332,,0.4964,0.4962992598519704,1.0,0.6633689839572192,0.7073028087615967,-2.264976501464844e-05,-0.0,0.7073028087615967,0.4964,-0.0
imdb,iid,20,107,9,8,0.6529139876365662,-0.0004400014877319,0.049652099609375,-0.0006166100502014,0.8494222222222223,0.0148222222222225,,0.4964,0.4962992598519704,1.0,0.6633689839572192,0.7073028087615967,0.0001078248023986,-0.0,0.7073028087615967,0.4964,-0.0
imdb,iid,20,107,9,9,0.6529139876365662,0.0002679824829101,0.049652099609375,1.5676021575927734e-05,0.8494222222222223,0.0070888888888889,,0.4964,0.4962992598519704,1.0,0.6633689839572192,0.7073028087615967,-1.3709068298339844e-06,-0.0,0.7073028087615967,0.4964,-0.0
imdb,iid,20,107,9,10,0.6529139876365662,-0.0012440085411071,0.049652099609375,0.0006479620933532,0.8494222222222223,0.0054222222222224,,0.4964,0.4962992598519704,1.0,0.6633689839572192,0.7073028087615967,-0.0001145005226135,-0.0,0.7073028087615967,0.4964,-0.0
imdb,iid,20,107,9,11,0.6529139876365662,-0.0003320574760437,0.049652099609375,-0.0002846717834472,0.8494222222222223,0.0040666666666668,,0.4964,0.4962992598519704,1.0,0.6633689839572192,0.7073028087615967,0.0001128911972045,-0.0,0.7073028087615967,0.4964,-0.0
imdb,iid,20,107,9,12,0.6529139876365662,-0.0013139843940734,0.049652099609375,-0.0006484389305114,0.8494222222222223,0.0007777777777777,,0.4964,0.4962992598519704,1.0,0.6633689839572192,0.7073028087615967,-6.335973739624023e-05,-0.0,0.7073028087615967,0.4964,-0.0
imdb,iid,20,107,9,13,0.6529139876365662,0.0002859830856323,0.049652099609375,-0.0003004670143127,0.8494222222222223,0.0583444444444445,,0.4964,0.4962992598519704,1.0,0.6633689839572192,0.7073028087615967,7.289648056030273e-05,-0.0,0.7073028087615967,0.4964,-0.0
imdb,iid,20,107,9,14,0.6529139876365662,-0.0021219849586486,0.049652099609375,0.0,0.8494222222222223,0.0142333333333333,,0.4964,0.4962992598519704,1.0,0.6633689839572192,0.7073028087615967,9.965896606445312e-05,-0.0,0.7073028087615967,0.4964,-0.0
imdb,iid,20,107,9,15,0.6529139876365662,-0.0007800459861755,0.049652099609375,-0.0003320574760437,0.8494222222222223,-0.0157333333333331,,0.4964,0.4962992598519704,1.0,0.6633689839572192,0.7073028087615967,-9.673833847045898e-05,-0.0,0.7073028087615967,0.4964,-0.0
imdb,iid,20,107,9,16,0.6529139876365662,-0.0003120303153991,0.049652099609375,0.0003162622451782,0.8494222222222223,0.0127777777777777,,0.4964,0.4962992598519704,1.0,0.6633689839572192,0.7073028087615967,9.888410568237303e-05,-0.0,0.7073028087615967,0.4964,-0.0
imdb,iid,20,107,9,17,0.6529139876365662,-0.0015940070152282,0.049652099609375,-0.0003479123115539,0.8494222222222223,-0.0131999999999998,,0.4964,0.4962992598519704,1.0,0.6633689839572192,0.7073028087615967,-0.0001095533370971,-0.0,0.7073028087615967,0.4964,-0.0
imdb,iid,20,107,9,18,0.6529139876365662,-0.0009920001029968,0.049652099609375,-0.0006962418556213,0.8494222222222223,-0.0025999999999999,,0.4964,0.4962992598519704,1.0,0.6633689839572192,0.7073028087615967,-7.069110870361328e-05,-0.0,0.7073028087615967,0.4964,-0.0
imdb,iid,20,107,9,19,0.6529139876365662,-0.0015739798545837,0.049652099609375,4.70280647277832e-05,0.8494222222222223,0.0330222222222222,,0.4964,0.4962992598519704,1.0,0.6633689839572192,0.7073028087615967,-7.909536361694336e-05,-0.0,0.7073028087615967,0.4964,-0.0
imdb,iid,20,107,10,0,0.6428040266036987,0.0003080368041992,0.0335195660591125,-3.9458274841308594e-05,0.8215777777777777,-0.0176888888888888,,0.501,0.4985932475884244,1.0,0.6654150462652542,0.687788188457489,5.2809715270996094e-05,-0.0001999999999999,0.687788188457489,0.501,-0.0001999999999999
imdb,iid,20,107,10,1,0.6428040266036987,0.0008780360221862,0.0335195660591125,0.0002744793891906,0.8215777777777777,-0.0112444444444443,,0.501,0.4985932475884244,1.0,0.6654150462652542,0.687788188457489,0.0001405477523803,-0.0,0.687788188457489,0.501,-0.0
imdb,iid,20,107,10,2,0.6428040266036987,0.0002460479736328,0.0335195660591125,-9.834766387939451e-06,0.8215777777777777,-0.0274666666666667,,0.501,0.4985932475884244,1.0,0.6654150462652542,0.687788188457489,-0.0001146793365478,-0.0,0.687788188457489,0.501,-0.0
imdb,iid,20,107,10,3,0.6428040266036987,0.001550018787384,0.0335195660591125,-0.000274121761322,0.8215777777777777,0.0093555555555553,,0.501,0.4985932475884244,1.0,0.6654150462652542,0.687788188457489,-4.392862319946289e-05,-0.0001999999999999,0.687788188457489,0.501,-0.0001999999999999
imdb,iid,20,107,10,4,0.6428040266036987,0.0029000043869018,0.0335195660591125,0.0,0.8215777777777777,-0.0015333333333333,,0.501,0.4985932475884244,1.0,0.6654150462652542,0.687788188457489,0.0001214146614074,-0.0,0.687788188457489,0.501,-0.0
imdb,iid,20,107,10,5,0.6428040266036987,0.0013600587844848,0.0335195660591125,0.0003135800361633,0.8215777777777777,-0.0156222222222222,,0.501,0.4985932475884244,1.0,0.6654150462652542,0.687788188457489,-5.906820297241211e-05,-0.0001999999999999,0.687788188457489,0.501,-0.0001999999999999
imdb,iid,20,107,10,6,0.6428040266036987,0.0012160539627075,0.0335195660591125,-9.834766387939451e-06,0.8215777777777777,-0.0055777777777779,,0.501,0.4985932475884244,1.0,0.6654150462652542,0.687788188457489,-2.1398067474365234e-05,-0.0,0.687788188457489,0.501,-0.0
imdb,iid,20,107,10,7,0.6428040266036987,0.0001000165939331,0.0335195660591125,-9.834766387939451e-06,0.8215777777777777,-0.0225777777777778,,0.501,0.4985932475884244,1.0,0.6654150462652542,0.687788188457489,-3.2186508178710938e-06,-0.0,0.687788188457489,0.501,-0.0
imdb,iid,20,107,10,8,0.6428040266036987,0.0009320378303527,0.0335195660591125,-0.0003238916397094,0.8215777777777777,-0.0043333333333333,,0.501,0.4985932475884244,1.0,0.6654150462652542,0.687788188457489,0.0001111030578613,-0.0,0.687788188457489,0.501,-0.0
imdb,iid,20,107,10,9,0.6428040266036987,0.0015780329704284,0.0335195660591125,-0.0002840757369995,0.8215777777777777,-0.0051555555555555,,0.501,0.4985932475884244,1.0,0.6654150462652542,0.687788188457489,5.364418029785156e-07,-0.0,0.687788188457489,0.501,-0.0
imdb,iid,20,107,10,10,0.6428040266036987,0.0008900165557861,0.0335195660591125,-0.000274121761322,0.8215777777777777,-4.444444444429152e-05,,0.501,0.4985932475884244,1.0,0.6654150462652542,0.687788188457489,-0.0001097917556762,-0.0001999999999999,0.687788188457489,0.501,-0.0001999999999999
imdb,iid,20,107,10,11,0.6428040266036987,0.0008420348167419,0.0335195660591125,-0.0003039836883544,0.8215777777777777,-0.0089777777777777,,0.501,0.4985932475884244,1.0,0.6654150462652542,0.687788188457489,0.000117003917694,-0.0,0.687788188457489,0.501,-0.0
imdb,iid,20,107,10,12,0.6428040266036987,0.0018579959869384,0.0335195660591125,9.894371032714844e-06,0.8215777777777777,-0.0079111111111112,,0.501,0.4985932475884244,1.0,0.6654150462652542,0.687788188457489,-6.55055046081543e-05,-0.0,0.687788188457489,0.501,-0.0
imdb,iid,20,107,10,13,0.6428040266036987,0.0016520023345947,0.0335195660591125,-0.0003139376640319,0.8215777777777777,-0.0169777777777779,,0.501,0.4985932475884244,1.0,0.6654150462652542,0.687788188457489,6.622076034545898e-05,-0.0,0.687788188457489,0.501,-0.0
imdb,iid,20,107,10,14,0.6428040266036987,0.0023820400238037,0.0335195660591125,0.0003038048744201,0.8215777777777777,0.0048222222222222,,0.501,0.4985932475884244,1.0,0.6654150462652542,0.687788188457489,8.600950241088867e-05,-0.0,0.687788188457489,0.501,-0.0
imdb,iid,20,107,10,15,0.6428040266036987,0.0008720159530639,0.0335195660591125,-0.0002840757369995,0.8215777777777777,-0.0238222222222224,,0.501,0.4985932475884244,1.0,0.6654150462652542,0.687788188457489,-0.0001136064529418,-0.0001999999999999,0.687788188457489,0.501,-0.0001999999999999
imdb,iid,20,107,10,16,0.6428040266036987,0.0019220113754272,0.0335195660591125,0.0002842545509338,0.8215777777777777,-0.0034666666666669,,0.501,0.4985932475884244,1.0,0.6654150462652542,0.687788188457489,8.565187454223633e-05,-0.0,0.687788188457489,0.501,-0.0
imdb,iid,20,107,10,17,0.6428040266036987,0.0011520385742187,0.0335195660591125,0.0002842545509338,0.8215777777777777,-0.0172888888888889,,0.501,0.4985932475884244,1.0,0.6654150462652542,0.687788188457489,-0.000105082988739,-0.0001999999999999,0.687788188457489,0.501,-0.0001999999999999
imdb,iid,20,107,10,18,0.6428040266036987,0.0023239850997924,0.0335195660591125,-1.9729137420654297e-05,0.8215777777777777,-0.0066666666666668,,0.501,0.4985932475884244,1.0,0.6654150462652542,0.687788188457489,-7.462501525878906e-05,-0.0001999999999999,0.687788188457489,0.501,-0.0001999999999999
imdb,iid,20,107,10,19,0.6428040266036987,0.0020660161972045,0.0335195660591125,0.0003038048744201,0.8215777777777777,0.0267888888888887,,0.501,0.4985932475884244,1.0,0.6654150462652542,0.687788188457489,-7.206201553344727e-05,-0.0001999999999999,0.687788188457489,0.501,-0.0001999999999999
imdb,iid,4,107,1,0,0.5981760025024414,-0.0005040168762207,0.0014779567718505,-0.0002945661544799,0.9932444444444444,0.042,,0.4962,0.4962,1.0,0.663280310118968,0.7343862652778625,0.0010418891906738,-0.0,0.7343862652778625,0.4962,-0.0
imdb,iid,4,107,1,1,0.5981760025024414,-0.0012300014495849,0.0014779567718505,-3.516674041748047e-06,0.9932444444444444,0.0812111111111111,,0.4962,0.4962,1.0,0.663280310118968,0.7343862652778625,-6.943941116333008e-05,-0.0,0.7343862652778625,0.4962,-0.0
imdb,iid,4,107,1,2,0.5981760025024414,-0.0006519556045532,0.0014779567718505,-0.0003045797348022,0.9932444444444444,0.0714444444444444,,0.4962,0.4962,1.0,0.663280310118968,0.7343862652778625,0.0001292824745178,-0.0,0.7343862652778625,0.4962,-0.0
imdb,iid,4,107,1,3,0.5981760025024414,-0.0030319690704345,0.0014779567718505,3.457069396972656e-06,0.9932444444444444,0.0265555555555554,,0.4962,0.4962,1.0,0.663280310118968,0.7343862652778625,-0.0010979175567626,-0.0,0.7343862652778625,0.4962,-0.0
imdb,iid,4,107,2,0,0.6251260042190552,-0.0005519986152648,0.0155228972434997,0.0,0.8390333333333333,-0.0504111111111109,,0.5008,0.4984930681133213,1.0,0.66532582461786,0.6865197420120239,0.0009512305259704,0.0001999999999999,0.6865197420120239,0.5008,0.0001999999999999
imdb,iid,4,107,2,1,0.6251260042190552,-0.0009939670562744,0.0155228972434997,-0.0005885362625122,0.8390333333333333,-0.0615444444444444,,0.5008,0.4984930681133213,1.0,0.66532582461786,0.6865197420120239,-0.0001096129417419,-0.0003999999999999,0.6865197420120239,0.5008,-0.0003999999999999
imdb,iid,4,107,2,2,0.6251260042190552,-0.0010579824447631,0.0155228972434997,0.0010814666748046,0.8390333333333333,-0.0521666666666666,,0.5008,0.4984930681133213,1.0,0.66532582461786,0.6865197420120239,0.0003266930580139,-0.0,0.6865197420120239,0.5008,-0.0
imdb,iid,4,107,2,3,0.6251260042190552,-0.0008620023727416,0.0155228972434997,-0.0002766251564025,0.8390333333333333,-0.0547222222222223,,0.5008,0.4984930681133213,1.0,0.66532582461786,0.6865197420120239,-0.0011625885963439,-0.0003999999999999,0.6865197420120239,0.5008,-0.0003999999999999
imdb,iid,4,107,3,0,0.6449459791183472,0.0002959966659545,0.0313796401023864,0.0003157258033752,0.7867999999999999,0.0261555555555557,,0.7236,0.66006408389164,0.913341394598952,0.7663172133919514,0.5708511471748352,0.0002889037132263,0.0018,0.5708511471748352,0.7236,0.0018
imdb,iid,4,107,3,1,0.6449459791183472,-1.800060272216797e-05,0.0313796401023864,0.0005106329917907,0.7867999999999999,0.0261111111111111,,0.7236,0.66006408389164,0.913341394598952,0.7663172133919514,0.5708511471748352,-0.0001001954078674,0.001,0.5708511471748352,0.7236,0.001
imdb,iid,4,107,3,2,0.6449459791183472,0.0013999938964843,0.0313796401023864,0.001853585243225,0.7867999999999999,0.0253333333333332,,0.7236,0.66006408389164,0.913341394598952,0.7663172133919514,0.5708511471748352,0.0004066824913024,0.001,0.5708511471748352,0.7236,0.001
imdb,iid,4,107,3,3,0.6449459791183472,0.0007519721984863,0.0313796401023864,-1.633167266845703e-05,0.7867999999999999,0.0104222222222221,,0.7236,0.66006408389164,0.913341394598952,0.7663172133919514,0.5708511471748352,-0.0005655288696289,-0.0025999999999999,0.5708511471748352,0.7236,-0.0025999999999999
imdb,iid,4,107,4,0,0.6637099981307983,-0.0016759634017944,0.053598403930664,-0.0005577802658081,0.7522666666666666,0.049911111111111,,0.7912,0.7779497098646034,0.8105602579604998,0.7939202526648244,0.4814043343067169,-2.41994857788086e-05,-0.0005999999999999,0.4814043343067169,0.7912,-0.0005999999999999
imdb,iid,4,107,4,1,0.6637099981307983,0.0004220008850097,0.053598403930664,0.0002516508102416,0.7522666666666666,0.0297111111111112,,0.7912,0.7779497098646034,0.8105602579604998,0.7939202526648244,0.4814043343067169,-7.659196853637695e-06,-0.0003999999999999,0.4814043343067169,0.7912,-0.0003999999999999
imdb,iid,4,107,4,2,0.6637099981307983,0.0004520416259765,0.053598403930664,-0.0004488825798034,0.7522666666666666,0.0402444444444445,,0.7912,0.7779497098646034,0.8105602579604998,0.7939202526648244,0.4814043343067169,0.0002061128616333,-0.0005999999999999,0.4814043343067169,0.7912,-0.0005999999999999
imdb,iid,4,107,4,3,0.6637099981307983,-0.0010440349578857,0.053598403930664,-0.0018311738967895,0.7522666666666666,0.0540222222222221,,0.7912,0.7779497098646034,0.8105602579604998,0.7939202526648244,0.4814043343067169,-0.0001181960105895,0.0006,0.4814043343067169,0.7912,0.0006
imdb,iid,4,107,5,0,0.6810879707336426,-0.0004000663757324,0.0812019109725952,-0.0006230473518371,0.8003333333333331,0.0159333333333331,,0.807,0.808130081300813,0.8012898024989923,0.804695405788302,0.4394539594650268,-0.0001556575298309,0.0018,0.4394539594650268,0.807,0.0018
imdb,iid,4,107,5,1,0.6810879707336426,0.0004859566688537,0.0812019109725952,-0.0004763603210449,0.8003333333333331,0.0143999999999997,,0.807,0.808130081300813,0.8012898024989923,0.804695405788302,0.4394539594650268,6.592273712158203e-05,-0.0,0.4394539594650268,0.807,-0.0
imdb,iid,4,107,5,2,0.6810879707336426,0.0011860132217407,0.0812019109725952,6.049871444702149e-05,0.8003333333333331,0.0152666666666663,,0.807,0.808130081300813,0.8012898024989923,0.804695405788302,0.4394539594650268,5.7578086853027344e-05,0.001,0.4394539594650268,0.807,0.001
imdb,iid,4,107,5,3,0.6810879707336426,0.0001620054244995,0.0812019109725952,-0.001633882522583,0.8003333333333331,0.0417333333333331,,0.807,0.808130081300813,0.8012898024989923,0.804695405788302,0.4394539594650268,9.40859317779541e-05,0.0018,0.4394539594650268,0.807,0.0018
imdb,iid,4,107,6,0,0.6928179860115051,0.0004839897155761,0.1060643196105957,-0.0009558200836181,0.7665777777777778,-0.014,,0.8152,0.8189266693977878,0.8057234985892785,0.8122714343762698,0.4174429178237915,-0.0001348555088043,-0.0,0.4174429178237915,0.8152,-0.0
imdb,iid,4,107,6,1,0.6928179860115051,0.0019199848175048,0.1060643196105957,-0.0012276172637939,0.7665777777777778,-0.0122222222222221,,0.8152,0.8189266693977878,0.8057234985892785,0.8122714343762698,0.4174429178237915,0.0001346170902252,0.0002,0.4174429178237915,0.8152,0.0002
imdb,iid,4,107,6,2,0.6928179860115051,0.0002380013465881,0.1060643196105957,-0.0005434155464172,0.7665777777777778,0.018288888888889,,0.8152,0.8189266693977878,0.8057234985892785,0.8122714343762698,0.4174429178237915,-1.1801719665527344e-05,-0.0003999999999999,0.4174429178237915,0.8152,-0.0003999999999999
imdb,iid,4,107,6,3,0.6928179860115051,0.0001940131187438,0.1060643196105957,-0.001034677028656,0.7665777777777778,-0.0260666666666669,,0.8152,0.8189266693977878,0.8057234985892785,0.8122714343762698,0.4174429178237915,8.448958396911621e-05,-0.0003999999999999,0.4174429178237915,0.8152,-0.0003999999999999
imdb,iid,4,107,7,0,0.70210200548172,0.0007320046424865,0.1367729306221008,0.0017826557159423,0.7840222222222222,0.0161333333333333,,0.821,0.8236734693877551,0.8133817009270455,0.8184952342324072,0.402411937713623,-0.0001130104064941,-0.0004,0.402411937713623,0.821,-0.0004
imdb,iid,4,107,7,1,0.70210200548172,0.0012400150299072,0.1367729306221008,0.0009734630584716,0.7840222222222222,0.0140888888888888,,0.821,0.8236734693877551,0.8133817009270455,0.8184952342324072,0.402411937713623,0.0001994371414184,-0.0,0.402411937713623,0.821,-0.0
imdb,iid,4,107,7,2,0.70210200548172,0.0021960139274597,0.1367729306221008,0.0028552412986755,0.7840222222222222,0.0075222222222222,,0.821,0.8236734693877551,0.8133817009270455,0.8184952342324072,0.402411937713623,-7.528066635131836e-05,-0.0,0.402411937713623,0.821,-0.0
imdb,iid,4,107,7,3,0.70210200548172,0.0001299977302551,0.1367729306221008,-9.995698928833008e-05,0.7840222222222222,0.0331111111111108,,0.821,0.8236734693877551,0.8133817009270455,0.8184952342324072,0.402411937713623,6.809830665588379e-05,0.0003999999999999,0.402411937713623,0.821,0.0003999999999999
imdb,iid,4,107,8,0,0.708079993724823,-0.0007939934730529,0.1585572361946106,-0.0016169548034667,0.7287777777777777,-0.0150888888888891,,0.8272,0.8312167144612863,0.8178153970173317,0.8244616009752134,0.3909120261669159,-7.62641429901123e-05,0.0012,0.3909120261669159,0.8272,0.0012
imdb,iid,4,107,8,1,0.708079993724823,-0.0014119744300842,0.1585572361946106,-0.0010842084884643,0.7287777777777777,-0.0008444444444444,,0.8272,0.8312167144612863,0.8178153970173317,0.8244616009752134,0.3909120261669159,0.0001959204673767,0.0006,0.3909120261669159,0.8272,0.0006
imdb,iid,4,107,8,2,0.708079993724823,-0.0002400279045104,0.1585572361946106,-0.0006106495857238,0.7287777777777777,-0.0070444444444444,,0.8272,0.8312167144612863,0.8178153970173317,0.8244616009752134,0.3909120261669159,-8.445978164672852e-05,0.0006,0.3909120261669159,0.8272,0.0006
imdb,iid,4,107,8,3,0.708079993724823,0.0004859566688537,0.1585572361946106,-0.0015299320220947,0.7287777777777777,-0.0191777777777779,,0.8272,0.8312167144612863,0.8178153970173317,0.8244616009752134,0.3909120261669159,2.6673078536987305e-05,0.0002,0.3909120261669159,0.8272,0.0002
imdb,iid,4,107,9,0,0.7145619988441467,0.0001960396766662,0.1804583668708801,0.0001977682113647,0.705311111111111,0.013111111111111,,0.8294,0.8336065573770491,0.8198307134220073,0.8266612477138793,0.3816501200199127,-3.081560134887695e-05,0.0011999999999999,0.3816501200199127,0.8294,0.0011999999999999
imdb,iid,4,107,9,1,0.7145619988441467,3.999471664428711e-05,0.1804583668708801,-0.0011624693870544,0.705311111111111,0.0179111111111112,,0.8294,0.8336065573770491,0.8198307134220073,0.8266612477138793,0.3816501200199127,0.0001607239246368,0.0006,0.3816501200199127,0.8294,0.0006
imdb,iid,4,107,9,2,0.7145619988441467,0.0020139813423156,0.1804583668708801,0.0009403228759765,0.705311111111111,0.0103555555555554,,0.8294,0.8336065573770491,0.8198307134220073,0.8266612477138793,0.3816501200199127,-8.678436279296875e-05,0.001,0.3816501200199127,0.8294,0.001
imdb,iid,4,107,9,3,0.7145619988441467,-0.0013859868049621,0.1804583668708801,-0.000877559185028,0.705311111111111,0.0176222222222219,,0.8294,0.8336065573770491,0.8198307134220073,0.8266612477138793,0.3816501200199127,2.1219253540039062e-05,0.0004,0.3816501200199127,0.8294,0.0004
imdb,iid,4,107,10,0,0.7188979983329773,0.0010420083999633,0.1976939439773559,0.0010080933570861,0.7808444444444445,0.0346000000000001,,0.8322,0.8364754098360656,0.822652156388553,0.8295061979272506,0.3740057051181793,3.904104232788086e-06,-0.0001999999999999,0.3740057051181793,0.8322,-0.0001999999999999
imdb,iid,4,107,10,1,0.7188979983329773,-0.0003580451011657,0.1976939439773559,-9.506940841674803e-05,0.7808444444444445,0.0689333333333332,,0.8322,0.8364754098360656,0.822652156388553,0.8295061979272506,0.3740057051181793,0.0001369416713714,-0.0003999999999999,0.3740057051181793,0.8322,-0.0003999999999999
imdb,iid,4,107,10,2,0.7188979983329773,-0.0002400279045104,0.1976939439773559,-0.0004328489303588,0.7808444444444445,0.0240222222222221,,0.8322,0.8364754098360656,0.822652156388553,0.8295061979272506,0.3740057051181793,-8.285045623779297e-05,-0.0003999999999999,0.3740057051181793,0.8322,-0.0003999999999999
imdb,iid,4,107,10,3,0.7188979983329773,0.0009979605674743,0.1976939439773559,-0.0007187724113464,0.7808444444444445,0.0099111111111112,,0.8322,0.8364754098360656,0.822652156388553,0.8295061979272506,0.3740057051181793,7.063150405883789e-06,0.0002,0.3740057051181793,0.8322,0.0002
imdb,iid,20,123,1,0,0.6102380156517029,-0.0008179545402526,0.010674774646759,-1.633167266845703e-05,0.8910444444444445,-0.0026444444444442,,0.4936,0.4926406926406926,0.6880290205562273,0.574167507568113,0.6937146782875061,5.245208740234375e-06,-0.0008,0.6937146782875061,0.4936,-0.0008
imdb,iid,20,123,1,1,0.6102380156517029,-0.0026559829711914,0.010674774646759,-1.2218952178955078e-05,0.8910444444444445,-0.0039555555555554,,0.4936,0.4926406926406926,0.6880290205562273,0.574167507568113,0.6937146782875061,6.437301635742188e-06,0.0005999999999999,0.6937146782875061,0.4936,0.0005999999999999
imdb,iid,20,123,1,2,0.6102380156517029,0.0012320280075073,0.010674774646759,4.0531158447265625e-06,0.8910444444444445,-0.0151555555555553,,0.4936,0.4926406926406926,0.6880290205562273,0.574167507568113,0.6937146782875061,-1.1920928955078125e-06,0.0001999999999999,0.6937146782875061,0.4936,0.0001999999999999
imdb,iid,20,123,1,3,0.6102380156517029,-0.0008519887924194,0.010674774646759,-8.165836334228516e-06,0.8910444444444445,-0.0143555555555554,,0.4936,0.4926406926406926,0.6880290205562273,0.574167507568113,0.6937146782875061,2.384185791015625e-06,-0.0,0.6937146782875061,0.4936,-0.0
imdb,iid,20,123,1,4,0.6102380156517029,-0.0001159906387329,0.010674774646759,4.0531158447265625e-06,0.8910444444444445,-0.0081111111111111,,0.4936,0.4926406926406926,0.6880290205562273,0.574167507568113,0.6937146782875061,5.4836273193359375e-06,0.0005999999999999,0.6937146782875061,0.4936,0.0005999999999999
imdb,iid,20,123,1,5,0.6102380156517029,0.001143991947174,0.010674774646759,4.0531158447265625e-06,0.8910444444444445,-0.0301777777777776,,0.4936,0.4926406926406926,0.6880290205562273,0.574167507568113,0.6937146782875061,-2.980232238769531e-07,0.0001999999999999,0.6937146782875061,0.4936,0.0001999999999999
imdb,iid,20,123,1,6,0.6102380156517029,0.0009320378303527,0.010674774646759,4.0531158447265625e-06,0.8910444444444445,-0.0229555555555553,,0.4936,0.4926406926406926,0.6880290205562273,0.574167507568113,0.6937146782875061,4.589557647705078e-06,-0.0,0.6937146782875061,0.4936,-0.0
imdb,iid,20,123,1,7,0.6102380156517029,-0.0016359686851501,0.010674774646759,-1.2218952178955078e-05,0.8910444444444445,0.0168333333333334,,0.4936,0.4926406926406926,0.6880290205562273,0.574167507568113,0.6937146782875061,-1.6689300537109375e-06,-0.0012,0.6937146782875061,0.4936,-0.0012
imdb,iid,20,123,1,8,0.6102380156517029,-3.993511199951172e-06,0.010674774646759,-4.112720489501953e-06,0.8910444444444445,0.0390111111111113,,0.4936,0.4926406926406926,0.6880290205562273,0.574167507568113,0.6937146782875061,-8.821487426757812e-06,-0.0008,0.6937146782875061,0.4936,-0.0008
imdb,iid,20,123,1,9,0.6102380156517029,-0.0006800293922424,0.010674774646759,-1.633167266845703e-05,0.8910444444444445,-0.0147777777777777,,0.4936,0.4926406926406926,0.6880290205562273,0.574167507568113,0.6937146782875061,-8.940696716308594e-06,-0.0005999999999999,0.6937146782875061,0.4936,-0.0005999999999999
imdb,iid,20,123,1,10,0.6102380156517029,1.6033649444580078e-05,0.010674774646759,0.0,0.8910444444444445,0.0303111111111111,,0.4936,0.4926406926406926,0.6880290205562273,0.574167507568113,0.6937146782875061,4.172325134277344e-06,-0.0004,0.6937146782875061,0.4936,-0.0004
imdb,iid,20,123,1,11,0.6102380156517029,0.0005660057067871,0.010674774646759,4.0531158447265625e-06,0.8910444444444445,-0.023711111111111,,0.4936,0.4926406926406926,0.6880290205562273,0.574167507568113,0.6937146782875061,7.212162017822266e-06,0.0005999999999999,0.6937146782875061,0.4936,0.0005999999999999
imdb,iid,20,123,1,12,0.6102380156517029,-0.0006960034370422,0.010674774646759,4.0531158447265625e-06,0.8910444444444445,-0.0180222222222221,,0.4936,0.4926406926406926,0.6880290205562273,0.574167507568113,0.6937146782875061,-3.3974647521972656e-06,-0.0012,0.6937146782875061,0.4936,-0.0012
imdb,iid,20,123,1,13,0.6102380156517029,-0.0003380179405212,0.010674774646759,1.2159347534179688e-05,0.8910444444444445,0.0190555555555556,,0.4936,0.4926406926406926,0.6880290205562273,0.574167507568113,0.6937146782875061,2.9206275939941406e-06,0.0007999999999999,0.6937146782875061,0.4936,0.0007999999999999
imdb,iid,20,123,1,14,0.6102380156517029,0.0017340183258056,0.010674774646759,8.106231689453125e-06,0.8910444444444445,0.0038,,0.4936,0.4926406926406926,0.6880290205562273,0.574167507568113,0.6937146782875061,-3.337860107421875e-06,-0.0005999999999999,0.6937146782875061,0.4936,-0.0005999999999999
imdb,iid,20,123,1,15,0.6102380156517029,-0.0013440251350402,0.010674774646759,1.2159347534179688e-05,0.8910444444444445,-0.0045555555555554,,0.4936,0.4926406926406926,0.6880290205562273,0.574167507568113,0.6937146782875061,-8.58306884765625e-06,0.0001999999999999,0.6937146782875061,0.4936,0.0001999999999999
imdb,iid,20,123,1,16,0.6102380156517029,-0.0003899931907653,0.010674774646759,-8.165836334228516e-06,0.8910444444444445,-0.0109999999999998,,0.4936,0.4926406926406926,0.6880290205562273,0.574167507568113,0.6937146782875061,9.834766387939451e-06,0.0007999999999999,0.6937146782875061,0.4936,0.0007999999999999
imdb,iid,20,123,1,17,0.6102380156517029,-0.0010920166969299,0.010674774646759,-3.266334533691406e-05,0.8910444444444445,0.0014333333333333,,0.4936,0.4926406926406926,0.6880290205562273,0.574167507568113,0.6937146782875061,3.635883331298828e-06,-0.0,0.6937146782875061,0.4936,-0.0
imdb,iid,20,123,1,18,0.6102380156517029,-0.0016619563102722,0.010674774646759,-1.2218952178955078e-05,0.8910444444444445,-0.0237555555555555,,0.4936,0.4926406926406926,0.6880290205562273,0.574167507568113,0.6937146782875061,3.337860107421875e-06,0.0007999999999999,0.6937146782875061,0.4936,0.0007999999999999
imdb,iid,20,123,1,19,0.6102380156517029,-0.0005059838294982,0.010674774646759,-4.112720489501953e-06,0.8910444444444445,-0.0269333333333332,,0.4936,0.4926406926406926,0.6880290205562273,0.574167507568113,0.6937146782875061,-1.8715858459472656e-05,-0.0015999999999999,0.6937146782875061,0.4936,-0.0015999999999999
imdb,iid,20,123,2,0,0.7201780080795288,0.0002920031547546,0.105614423751831,-0.0035336017608642,0.9364333333333332,-0.0063888888888889,,0.5044,0.5004336513443192,0.6977025392986699,0.5828282828282828,0.6932089924812317,4.112720489501953e-06,-0.0,0.6932089924812317,0.5044,-0.0
imdb,iid,20,123,2,1,0.7201780080795288,-0.0006799697875976,0.105614423751831,-0.0039262175559997,0.9364333333333332,0.0099222222222221,,0.5044,0.5004336513443192,0.6977025392986699,0.5828282828282828,0.6932089924812317,7.092952728271484e-06,0.0005999999999999,0.6932089924812317,0.5044,0.0005999999999999
imdb,iid,20,123,2,2,0.7201780080795288,0.0013940334320068,0.105614423751831,0.0007852315902709,0.9364333333333332,0.009411111111111,,0.5044,0.5004336513443192,0.6977025392986699,0.5828282828282828,0.6932089924812317,1.728534698486328e-06,0.0001999999999999,0.6932089924812317,0.5044,0.0001999999999999
imdb,iid,20,123,2,3,0.7201780080795288,0.0007400512695312,0.105614423751831,-0.0011779069900512,0.9364333333333332,0.0017999999999998,,0.5044,0.5004336513443192,0.6977025392986699,0.5828282828282828,0.6932089924812317,2.9206275939941406e-06,0.0005999999999999,0.6932089924812317,0.5044,0.0005999999999999
imdb,iid,20,123,2,4,0.7201780080795288,0.0004999637603759,0.105614423751831,-0.0019631385803222,0.9364333333333332,0.0695999999999998,,0.5044,0.5004336513443192,0.6977025392986699,0.5828282828282828,0.6932089924812317,7.331371307373047e-06,-0.0002,0.6932089924812317,0.5044,-0.0002
imdb,iid,20,123,2,5,0.7201780080795288,0.0006520152091979,0.105614423751831,-0.0015705227851867,0.9364333333333332,0.0709999999999999,,0.5044,0.5004336513443192,0.6977025392986699,0.5828282828282828,0.6932089924812317,-1.7881393432617188e-06,0.0001999999999999,0.6932089924812317,0.5044,0.0001999999999999
imdb,iid,20,123,2,6,0.7201780080795288,0.0009180307388305,0.105614423751831,0.0023556947708129,0.9364333333333332,0.0262444444444445,,0.5044,0.5004336513443192,0.6977025392986699,0.5828282828282828,0.6932089924812317,5.364418029785156e-06,0.0003999999999999,0.6932089924812317,0.5044,0.0003999999999999
imdb,iid,20,123,2,7,0.7201780080795288,-0.0005339980125427,0.105614423751831,-0.0023557543754577,0.9364333333333332,0.0015888888888886,,0.5044,0.5004336513443192,0.6977025392986699,0.5828282828282828,0.6932089924812317,-5.304813385009766e-06,-0.0004,0.6932089924812317,0.5044,-0.0004
imdb,iid,20,123,2,8,0.7201780080795288,-0.0001460313796997,0.105614423751831,-0.0007852911949157,0.9364333333333332,-0.0062777777777778,,0.5044,0.5004336513443192,0.6977025392986699,0.5828282828282828,0.6932089924812317,-7.808208465576172e-06,-0.0,0.6932089924812317,0.5044,-0.0
imdb,iid,20,123,2,9,0.7201780080795288,0.0003880262374877,0.105614423751831,-0.0039262175559997,0.9364333333333332,-0.0073888888888888,,0.5044,0.5004336513443192,0.6977025392986699,0.5828282828282828,0.6932089924812317,-6.079673767089844e-06,0.0001999999999999,0.6932089924812317,0.5044,0.0001999999999999
imdb,iid,20,123,2,10,0.7201780080795288,0.0009039640426635,0.105614423751831,0.0007852315902709,0.9364333333333332,-0.0023222222222223,,0.5044,0.5004336513443192,0.6977025392986699,0.5828282828282828,0.6932089924812317,5.4836273193359375e-06,0.0005999999999999,0.6932089924812317,0.5044,0.0005999999999999
imdb,iid,20,123,2,11,0.7201780080795288,-0.0005019903182983,0.105614423751831,0.0,0.9364333333333332,0.0060777777777776,,0.5044,0.5004336513443192,0.6977025392986699,0.5828282828282828,0.6932089924812317,6.616115570068359e-06,0.0001999999999999,0.6932089924812317,0.5044,0.0001999999999999
imdb,iid,20,123,2,12,0.7201780080795288,0.0009160041809082,0.105614423751831,0.0003926157951354,0.9364333333333332,-0.0041888888888887,,0.5044,0.5004336513443192,0.6977025392986699,0.5828282828282828,0.6932089924812317,-6.079673767089844e-06,-0.0002,0.6932089924812317,0.5044,-0.0002
imdb,iid,20,123,2,13,0.7201780080795288,0.0002720355987548,0.105614423751831,0.0003926157951354,0.9364333333333332,0.0025444444444442,,0.5044,0.5004336513443192,0.6977025392986699,0.5828282828282828,0.6932089924812317,1.8477439880371087e-06,0.0003999999999999,0.6932089924812317,0.5044,0.0003999999999999
imdb,iid,20,123,2,14,0.7201780080795288,0.0017000436782836,0.105614423751831,0.0031811594963073,0.9364333333333332,0.0441666666666666,,0.5044,0.5004336513443192,0.6977025392986699,0.5828282828282828,0.6932089924812317,-4.76837158203125e-06,-0.0004,0.6932089924812317,0.5044,-0.0004
imdb,iid,20,123,2,15,0.7201780080795288,0.0004799962043762,0.105614423751831,0.0003926157951354,0.9364333333333332,0.039022222222222,,0.5044,0.5004336513443192,0.6977025392986699,0.5828282828282828,0.6932089924812317,-5.304813385009766e-06,-0.0002,0.6932089924812317,0.5044,-0.0002
imdb,iid,20,123,2,16,0.7201780080795288,-0.0005099773406982,0.105614423751831,-0.0019631385803222,0.9364333333333332,-0.0039111111111111,,0.5044,0.5004336513443192,0.6977025392986699,0.5828282828282828,0.6932089924812317,8.64267349243164e-06,0.0007999999999999,0.6932089924812317,0.5044,0.0007999999999999
imdb,iid,20,123,2,17,0.7201780080795288,-0.0009679794311523,0.105614423751831,-0.0060207843780517,0.9364333333333332,0.0116777777777776,,0.5044,0.5004336513443192,0.6977025392986699,0.5828282828282828,0.6932089924812317,1.1920928955078125e-07,-0.0,0.6932089924812317,0.5044,-0.0
imdb,iid,20,123,2,18,0.7201780080795288,-0.0014740228652954,0.105614423751831,-0.0039262175559997,0.9364333333333332,-0.0025666666666668,,0.5044,0.5004336513443192,0.6977025392986699,0.5828282828282828,0.6932089924812317,7.62939453125e-06,-0.0002,0.6932089924812317,0.5044,-0.0002
imdb,iid,20,123,2,19,0.7201780080795288,0.0006400346755981,0.105614423751831,-0.0007852911949157,0.9364333333333332,-0.0052555555555555,,0.5044,0.5004336513443192,0.6977025392986699,0.5828282828282828,0.6932089924812317,-2.110004425048828e-05,-0.0002,0.6932089924812317,0.5044,-0.0002
imdb,iid,20,123,3,0,0.7601699829101562,0.0003919601440429,0.2513812184333801,-0.0031570792198181,0.9291111111111112,0.0071555555555555,,0.5204,0.5114672561481072,0.7460701330108828,0.6068852459016394,0.6921037435531616,3.6954879760742175e-06,0.0001999999999999,0.6921037435531616,0.5204,0.0001999999999999
imdb,iid,20,123,3,1,0.7601699829101562,0.0007679462432861,0.2513812184333801,-0.0031570792198181,0.9291111111111112,0.0162222222222223,,0.5204,0.5114672561481072,0.7460701330108828,0.6068852459016394,0.6921037435531616,7.808208465576172e-06,0.0001999999999999,0.6921037435531616,0.5204,0.0001999999999999
imdb,iid,20,123,3,2,0.7601699829101562,0.0016279816627502,0.2513812184333801,0.0031570792198181,0.9291111111111112,0.0789444444444447,,0.5204,0.5114672561481072,0.7460701330108828,0.6068852459016394,0.6921037435531616,2.9206275939941406e-06,0.0005999999999999,0.6921037435531616,0.5204,0.0005999999999999
imdb,iid,20,123,3,3,0.7601699829101562,0.0006420016288757,0.2513812184333801,0.0003946423530578,0.9291111111111112,-0.0010888888888889,,0.5204,0.5114672561481072,0.7460701330108828,0.6068852459016394,0.6921037435531616,4.529953002929688e-06,0.0001999999999999,0.6921037435531616,0.5204,0.0001999999999999
imdb,iid,20,123,3,4,0.7601699829101562,0.0005179643630981,0.2513812184333801,0.0003946423530578,0.9291111111111112,0.0105111111111111,,0.5204,0.5114672561481072,0.7460701330108828,0.6068852459016394,0.6921037435531616,8.285045623779297e-06,0.0003999999999999,0.6921037435531616,0.5204,0.0003999999999999
imdb,iid,20,123,3,5,0.7601699829101562,0.0011919736862182,0.2513812184333801,0.0,0.9291111111111112,0.013311111111111,,0.5204,0.5114672561481072,0.7460701330108828,0.6068852459016394,0.6921037435531616,-2.026557922363281e-06,-0.0,0.6921037435531616,0.5204,-0.0
imdb,iid,20,123,3,6,0.7601699829101562,0.0017520189285278,0.2513812184333801,0.0031570792198181,0.9291111111111112,0.0086444444444446,,0.5204,0.5114672561481072,0.7460701330108828,0.6068852459016394,0.6921037435531616,6.9141387939453125e-06,-0.0006,0.6921037435531616,0.5204,-0.0006
imdb,iid,20,123,3,7,0.7601699829101562,0.0001659989356994,0.2513812184333801,0.0007892847061157,0.9291111111111112,0.0066888888888891,,0.5204,0.5114672561481072,0.7460701330108828,0.6068852459016394,0.6921037435531616,-6.556510925292969e-06,0.0001999999999999,0.6921037435531616,0.5204,0.0001999999999999
imdb,iid,20,123,3,8,0.7601699829101562,0.0007859468460083,0.2513812184333801,0.0,0.9291111111111112,0.0375666666666667,,0.5204,0.5114672561481072,0.7460701330108828,0.6068852459016394,0.6921037435531616,-9.059906005859377e-06,0.0003999999999999,0.6921037435531616,0.5204,0.0003999999999999
imdb,iid,20,123,3,9,0.7601699829101562,0.0005899667739868,0.2513812184333801,-0.0003946423530578,0.9291111111111112,0.0107777777777779,,0.5204,0.5114672561481072,0.7460701330108828,0.6068852459016394,0.6921037435531616,-6.258487701416016e-06,0.0001999999999999,0.6921037435531616,0.5204,0.0001999999999999
imdb,iid,20,123,3,10,0.7601699829101562,0.0008419752120971,0.2513812184333801,0.0027624368667602,0.9291111111111112,0.0186444444444446,,0.5204,0.5114672561481072,0.7460701330108828,0.6068852459016394,0.6921037435531616,5.900859832763672e-06,0.0001999999999999,0.6921037435531616,0.5204,0.0001999999999999
imdb,iid,20,123,3,11,0.7601699829101562,0.0014079809188842,0.2513812184333801,0.0011839270591735,0.9291111111111112,-0.0055333333333331,,0.5204,0.5114672561481072,0.7460701330108828,0.6068852459016394,0.6921037435531616,8.344650268554688e-06,-0.0,0.6921037435531616,0.5204,-0.0
imdb,iid,20,123,3,12,0.7601699829101562,0.0015900135040283,0.2513812184333801,0.0023677945137023,0.9291111111111112,0.0141333333333335,,0.5204,0.5114672561481072,0.7460701330108828,0.6068852459016394,0.6921037435531616,-7.748603820800781e-06,0.0005999999999999,0.6921037435531616,0.5204,0.0005999999999999
imdb,iid,20,123,3,13,0.7601699829101562,0.0010559558868408,0.2513812184333801,0.0027624368667602,0.9291111111111112,0.0047777777777779,,0.5204,0.5114672561481072,0.7460701330108828,0.6068852459016394,0.6921037435531616,2.682209014892578e-06,-0.0,0.6921037435531616,0.5204,-0.0
imdb,iid,20,123,3,14,0.7601699829101562,0.0016239881515502,0.2513812184333801,0.0035517215728759,0.9291111111111112,0.0485444444444445,,0.5204,0.5114672561481072,0.7460701330108828,0.6068852459016394,0.6921037435531616,-5.424022674560547e-06,0.0001999999999999,0.6921037435531616,0.5204,0.0001999999999999
imdb,iid,20,123,3,15,0.7601699829101562,0.0009119510650634,0.2513812184333801,0.0027624368667602,0.9291111111111112,0.0068666666666667,,0.5204,0.5114672561481072,0.7460701330108828,0.6068852459016394,0.6921037435531616,-5.0067901611328125e-06,-0.0008,0.6921037435531616,0.5204,-0.0008
imdb,iid,20,123,3,16,0.7601699829101562,0.0007539987564086,0.2513812184333801,-0.0003946423530578,0.9291111111111112,0.0144222222222223,,0.5204,0.5114672561481072,0.7460701330108828,0.6068852459016394,0.6921037435531616,7.390975952148437e-06,-0.0,0.6921037435531616,0.5204,-0.0
imdb,iid,20,123,3,17,0.7601699829101562,-0.0008240342140197,0.2513812184333801,-0.0044419169425964,0.9291111111111112,0.0111333333333334,,0.5204,0.5114672561481072,0.7460701330108828,0.6068852459016394,0.6921037435531616,1.132488250732422e-06,0.0003999999999999,0.6921037435531616,0.5204,0.0003999999999999
imdb,iid,20,123,3,18,0.7601699829101562,0.0004940032958984,0.2513812184333801,-0.0015785098075866,0.9291111111111112,0.0303111111111111,,0.5204,0.5114672561481072,0.7460701330108828,0.6068852459016394,0.6921037435531616,8.761882781982422e-06,-0.0008,0.6921037435531616,0.5204,-0.0008
imdb,iid,20,123,3,19,0.7601699829101562,4.601478576660156e-05,0.2513812184333801,0.0011839270591735,0.9291111111111112,0.0107333333333334,,0.5204,0.5114672561481072,0.7460701330108828,0.6068852459016394,0.6921037435531616,-2.4616718292236328e-05,-0.0001999999999999,0.6921037435531616,0.5204,-0.0001999999999999
imdb,iid,20,123,4,0,0.7611560225486755,-0.0012699961662292,0.3195266127586365,-0.0019723773002624,0.921,-0.0655333333333332,,0.5324,0.5187319884726225,0.7980652962515115,0.6287710384248968,0.6904525756835938,3.3974647521972656e-06,0.0001999999999999,0.6904525756835938,0.5324,0.0001999999999999
imdb,iid,20,123,4,1,0.7611560225486755,-0.0003159642219543,0.3195266127586365,-0.0011834502220153,0.921,-0.0769999999999999,,0.5324,0.5187319884726225,0.7980652962515115,0.6287710384248968,0.6904525756835938,7.271766662597656e-06,-0.0001999999999999,0.6904525756835938,0.5324,-0.0001999999999999
imdb,iid,20,123,4,2,0.7611560225486755,0.0006800293922424,0.3195266127586365,0.0027613043785095,0.921,-0.0647555555555556,,0.5324,0.5187319884726225,0.7980652962515115,0.6287710384248968,0.6904525756835938,3.2782554626464844e-06,0.0003999999999999,0.6904525756835938,0.5324,0.0003999999999999
imdb,iid,20,123,4,3,0.7611560225486755,-0.0007439851760864,0.3195266127586365,-0.0003944635391235,0.921,-0.0769777777777778,,0.5324,0.5187319884726225,0.7980652962515115,0.6287710384248968,0.6904525756835938,5.900859832763672e-06,0.0001999999999999,0.6904525756835938,0.5324,0.0001999999999999
imdb,iid,20,123,4,4,0.7611560225486755,-0.0002519488334655,0.3195266127586365,0.000788927078247,0.921,-0.065222222222222,,0.5324,0.5187319884726225,0.7980652962515115,0.6287710384248968,0.6904525756835938,1.0728836059570312e-05,0.0001999999999999,0.6904525756835938,0.5324,0.0001999999999999
imdb,iid,20,123,4,5,0.7611560225486755,-0.0004180073738098,0.3195266127586365,0.0011833906173706,0.921,-0.0289111111111111,,0.5324,0.5187319884726225,0.7980652962515115,0.6287710384248968,0.6904525756835938,-2.682209014892578e-06,0.0003999999999999,0.6904525756835938,0.5324,0.0003999999999999
imdb,iid,20,123,4,6,0.7611560225486755,-0.0001499652862548,0.3195266127586365,0.0031558275222778,0.921,-0.0282777777777776,,0.5324,0.5187319884726225,0.7980652962515115,0.6287710384248968,0.6904525756835938,8.761882781982422e-06,-0.0,0.6904525756835938,0.5324,-0.0
imdb,iid,20,123,4,7,0.7611560225486755,-0.0008599758148193,0.3195266127586365,0.0,0.921,-0.0698,,0.5324,0.5187319884726225,0.7980652962515115,0.6287710384248968,0.6904525756835938,-8.52346420288086e-06,0.0003999999999999,0.6904525756835938,0.5324,0.0003999999999999
imdb,iid,20,123,4,8,0.7611560225486755,0.0006220340728759,0.3195266127586365,0.0,0.921,-0.0789777777777777,,0.5324,0.5187319884726225,0.7980652962515115,0.6287710384248968,0.6904525756835938,-9.715557098388672e-06,-0.0,0.6904525756835938,0.5324,-0.0
imdb,iid,20,123,4,9,0.7611560225486755,-0.0012459754943847,0.3195266127586365,0.0003944635391235,0.921,-0.0687999999999999,,0.5324,0.5187319884726225,0.7980652962515115,0.6287710384248968,0.6904525756835938,-6.377696990966797e-06,-0.0,0.6904525756835938,0.5324,-0.0
imdb,iid,20,123,4,10,0.7611560225486755,-0.0004119873046875,0.3195266127586365,0.0027613043785095,0.921,-0.0604222222222221,,0.5324,0.5187319884726225,0.7980652962515115,0.6287710384248968,0.6904525756835938,7.390975952148437e-06,-0.0001999999999999,0.6904525756835938,0.5324,-0.0001999999999999
imdb,iid,20,123,4,11,0.7611560225486755,-0.0005519986152648,0.3195266127586365,0.0019723773002624,0.921,-0.0360666666666664,,0.5324,0.5187319884726225,0.7980652962515115,0.6287710384248968,0.6904525756835938,1.0311603546142578e-05,0.0001999999999999,0.6904525756835938,0.5324,0.0001999999999999
imdb,iid,20,123,4,12,0.7611560225486755,-0.0001059770584106,0.3195266127586365,0.000788927078247,0.921,-0.0608666666666666,,0.5324,0.5187319884726225,0.7980652962515115,0.6287710384248968,0.6904525756835938,-9.775161743164062e-06,0.0003999999999999,0.6904525756835938,0.5324,0.0003999999999999
imdb,iid,20,123,4,13,0.7611560225486755,-0.0001220107078552,0.3195266127586365,0.000788927078247,0.921,-0.0580777777777776,,0.5324,0.5187319884726225,0.7980652962515115,0.6287710384248968,0.6904525756835938,3.75509262084961e-06,0.0003999999999999,0.6904525756835938,0.5324,0.0003999999999999
imdb,iid,20,123,4,14,0.7611560225486755,-0.0002779960632324,0.3195266127586365,0.0063115954399108,0.921,-0.0676222222222222,,0.5324,0.5187319884726225,0.7980652962515115,0.6287710384248968,0.6904525756835938,-6.020069122314453e-06,-0.0,0.6904525756835938,0.5324,-0.0
imdb,iid,20,123,4,15,0.7611560225486755,0.0003020167350769,0.3195266127586365,0.0003944635391235,0.921,-0.0681555555555555,,0.5324,0.5187319884726225,0.7980652962515115,0.6287710384248968,0.6904525756835938,-6.556510925292969e-06,0.0003999999999999,0.6904525756835938,0.5324,0.0003999999999999
imdb,iid,20,123,4,16,0.7611560225486755,-0.0010859966278076,0.3195266127586365,-0.0011834502220153,0.921,-0.0730444444444444,,0.5324,0.5187319884726225,0.7980652962515115,0.6287710384248968,0.6904525756835938,7.68899917602539e-06,0.0001999999999999,0.6904525756835938,0.5324,0.0001999999999999
imdb,iid,20,123,4,17,0.7611560225486755,-0.0023639798164367,0.3195266127586365,-0.0031558275222778,0.921,-0.0131777777777777,,0.5324,0.5187319884726225,0.7980652962515115,0.6287710384248968,0.6904525756835938,3.457069396972656e-06,-0.0,0.6904525756835938,0.5324,-0.0
imdb,iid,20,123,4,18,0.7611560225486755,-0.0001019835472106,0.3195266127586365,-0.0003944635391235,0.921,-0.0643555555555555,,0.5324,0.5187319884726225,0.7980652962515115,0.6287710384248968,0.6904525756835938,1.0073184967041016e-05,0.001,0.6904525756835938,0.5324,0.001
imdb,iid,20,123,4,19,0.7611560225486755,0.0005540251731872,0.3195266127586365,0.0011833906173706,0.921,-0.0524666666666666,,0.5324,0.5187319884726225,0.7980652962515115,0.6287710384248968,0.6904525756835938,-3.081560134887695e-05,-0.0,0.6904525756835938,0.5324,-0.0
imdb,iid,20,123,5,0,0.7431899905204773,-0.0025400519371032,0.3160784244537353,-0.00272798538208,0.9277111111111112,0.010088888888889,,0.5432,0.5247798742138364,0.8407900040306329,0.6462205700123915,0.6881911158561707,2.443790435791016e-06,0.0001999999999999,0.6881911158561707,0.5432,0.0001999999999999
imdb,iid,20,123,5,1,0.7431899905204773,-0.0015900135040283,0.3160784244537353,-0.0018179416656494,0.9277111111111112,-0.0014222222222222,,0.5432,0.5247798742138364,0.8407900040306329,0.6462205700123915,0.6881911158561707,7.987022399902344e-06,0.0004,0.6881911158561707,0.5432,0.0004
imdb,iid,20,123,5,2,0.7431899905204773,-0.0005920529365539,0.3160784244537353,0.0035294294357299,0.9277111111111112,-0.0128444444444444,,0.5432,0.5247798742138364,0.8407900040306329,0.6462205700123915,0.6881911158561707,3.6954879760742175e-06,0.001,0.6881911158561707,0.5432,0.001
imdb,iid,20,123,5,3,0.7431899905204773,-0.0006399750709533,0.3160784244537353,-0.0003921389579772,0.9277111111111112,0.0269444444444444,,0.5432,0.5247798742138364,0.8407900040306329,0.6462205700123915,0.6881911158561707,6.735324859619141e-06,0.0004,0.6881911158561707,0.5432,0.0004
imdb,iid,20,123,5,4,0.7431899905204773,0.0001760125160217,0.3160784244537353,-0.0001240372657775,0.9277111111111112,0.0273777777777777,,0.5432,0.5247798742138364,0.8407900040306329,0.6462205700123915,0.6881911158561707,1.245737075805664e-05,0.0001999999999999,0.6881911158561707,0.5432,0.0001999999999999
imdb,iid,20,123,5,5,0.7431899905204773,-0.0003740191459655,0.3160784244537353,0.0007842779159545,0.9277111111111112,0.0220888888888888,,0.5432,0.5247798742138364,0.8407900040306329,0.6462205700123915,0.6881911158561707,-4.112720489501953e-06,0.0001999999999999,0.6881911158561707,0.5432,0.0001999999999999
imdb,iid,20,123,5,6,0.7431899905204773,-0.0001500248908996,0.3160784244537353,0.0050980448722839,0.9277111111111112,-0.0039777777777778,,0.5432,0.5247798742138364,0.8407900040306329,0.6462205700123915,0.6881911158561707,1.1444091796875e-05,0.0016,0.6881911158561707,0.5432,0.0016
imdb,iid,20,123,5,7,0.7431899905204773,-0.00067800283432,0.3160784244537353,0.0014452338218688,0.9277111111111112,0.0045777777777777,,0.5432,0.5247798742138364,0.8407900040306329,0.6462205700123915,0.6881911158561707,-9.715557098388672e-06,0.0004,0.6881911158561707,0.5432,0.0004
imdb,iid,20,123,5,8,0.7431899905204773,-0.0015680193901062,0.3160784244537353,-0.0005162954330444,0.9277111111111112,-0.0051555555555553,,0.5432,0.5247798742138364,0.8407900040306329,0.6462205700123915,0.6881911158561707,-1.2516975402832031e-05,-0.0,0.6881911158561707,0.5432,-0.0
imdb,iid,20,123,5,9,0.7431899905204773,-0.0001700520515441,0.3160784244537353,-0.0028702020645141,0.9277111111111112,-0.0076666666666664,,0.5432,0.5247798742138364,0.8407900040306329,0.6462205700123915,0.6881911158561707,-7.569789886474609e-06,0.0004,0.6881911158561707,0.5432,0.0004
imdb,iid,20,123,5,10,0.7431899905204773,-0.0013859868049621,0.3160784244537353,0.0019607543945312,0.9277111111111112,0.0017777777777778,,0.5432,0.5247798742138364,0.8407900040306329,0.6462205700123915,0.6881911158561707,9.834766387939451e-06,0.0004,0.6881911158561707,0.5432,0.0004
imdb,iid,20,123,5,11,0.7431899905204773,0.0008179545402526,0.3160784244537353,0.0011764764785766,0.9277111111111112,0.0035999999999998,,0.5432,0.5247798742138364,0.8407900040306329,0.6462205700123915,0.6881911158561707,1.2159347534179688e-05,0.0008,0.6881911158561707,0.5432,0.0008
imdb,iid,20,123,5,12,0.7431899905204773,-0.0013520121574401,0.3160784244537353,0.0019607543945312,0.9277111111111112,-0.0080777777777776,,0.5432,0.5247798742138364,0.8407900040306329,0.6462205700123915,0.6881911158561707,-1.1920928955078123e-05,-0.0001999999999999,0.6881911158561707,0.5432,-0.0001999999999999
imdb,iid,20,123,5,13,0.7431899905204773,0.000320017337799,0.3160784244537353,0.0011764764785766,0.9277111111111112,0.0302444444444445,,0.5432,0.5247798742138364,0.8407900040306329,0.6462205700123915,0.6881911158561707,5.066394805908203e-06,0.0008,0.6881911158561707,0.5432,0.0008
imdb,iid,20,123,5,14,0.7431899905204773,-2.6047229766845703e-05,0.3160784244537353,0.0035294294357299,0.9277111111111112,0.0248222222222223,,0.5432,0.5247798742138364,0.8407900040306329,0.6462205700123915,0.6881911158561707,-4.76837158203125e-06,-0.0001999999999999,0.6881911158561707,0.5432,-0.0001999999999999
imdb,iid,20,123,5,15,0.7431899905204773,-0.0009359717369079,0.3160784244537353,0.0019607543945312,0.9277111111111112,0.0084222222222221,,0.5432,0.5247798742138364,0.8407900040306329,0.6462205700123915,0.6881911158561707,-8.106231689453125e-06,0.0011999999999999,0.6881911158561707,0.5432,0.0011999999999999
imdb,iid,20,123,5,16,0.7431899905204773,-0.0006460547447204,0.3160784244537353,-0.0026028752326965,0.9277111111111112,-0.0158666666666666,,0.5432,0.5247798742138364,0.8407900040306329,0.6462205700123915,0.6881911158561707,8.285045623779297e-06,0.0004,0.6881911158561707,0.5432,0.0004
imdb,iid,20,123,5,17,0.7431899905204773,-0.0026200413703918,0.3160784244537353,-0.0035132765769958,0.9277111111111112,-0.005111111111111,,0.5432,0.5247798742138364,0.8407900040306329,0.6462205700123915,0.6881911158561707,6.437301635742188e-06,0.0004,0.6881911158561707,0.5432,0.0004
imdb,iid,20,123,5,18,0.7431899905204773,-0.0016340017318725,0.3160784244537353,-0.0016932487487792,0.9277111111111112,0.0131222222222222,,0.5432,0.5247798742138364,0.8407900040306329,0.6462205700123915,0.6881911158561707,1.1444091796875e-05,0.0014,0.6881911158561707,0.5432,0.0014
imdb,iid,20,123,5,19,0.7431899905204773,-0.0011740326881408,0.3160784244537353,0.000268280506134,0.9277111111111112,-0.0007999999999999,,0.5432,0.5247798742138364,0.8407900040306329,0.6462205700123915,0.6881911158561707,-3.808736801147461e-05,-0.0,0.6881911158561707,0.5432,-0.0
imdb,iid,20,123,6,0,0.7152140140533447,-0.0005819797515869,0.2726571559906006,-0.0028058290481567,0.9202444444444444,0.0237111111111112,,0.5534,0.5304219823356232,0.8714228133817009,0.6594479182552997,0.6851850748062134,1.6689300537109375e-06,-0.0,0.6851850748062134,0.5534,-0.0
imdb,iid,20,123,6,1,0.7152140140533447,-0.0012300014495849,0.2726571559906006,-0.0025261640548706,0.9202444444444444,0.0359555555555555,,0.5534,0.5304219823356232,0.8714228133817009,0.6594479182552997,0.6851850748062134,6.377696990966797e-06,0.0003999999999999,0.6851850748062134,0.5534,0.0003999999999999
imdb,iid,20,123,6,2,0.7152140140533447,-0.0004860162734985,0.2726571559906006,0.0025222897529602,0.9202444444444444,-0.0005111111111111,,0.5534,0.5304219823356232,0.8714228133817009,0.6594479182552997,0.6851850748062134,3.3974647521972656e-06,0.0001999999999999,0.6851850748062134,0.5534,0.0001999999999999
imdb,iid,20,123,6,3,0.7152140140533447,-0.0011799931526184,0.2726571559906006,-0.0007712841033935,0.9202444444444444,0.0685222222222223,,0.5534,0.5304219823356232,0.8714228133817009,0.6594479182552997,0.6851850748062134,6.9141387939453125e-06,0.0001999999999999,0.6851850748062134,0.5534,0.0001999999999999
imdb,iid,20,123,6,4,0.7152140140533447,-0.0005779862403869,0.2726571559906006,0.001438021659851,0.9202444444444444,0.0317777777777779,,0.5534,0.5304219823356232,0.8714228133817009,0.6594479182552997,0.6851850748062134,1.5914440155029297e-05,0.001,0.6851850748062134,0.5534,0.001
imdb,iid,20,123,6,5,0.7152140140533447,7.402896881103516e-05,0.2726571559906006,-0.0011569857597351,0.9202444444444444,0.0265777777777775,,0.5534,0.5304219823356232,0.8714228133817009,0.6594479182552997,0.6851850748062134,-4.649162292480469e-06,-0.0001999999999999,0.6851850748062134,0.5534,-0.0001999999999999
imdb,iid,20,123,6,6,0.7152140140533447,-0.0001759529113769,0.2726571559906006,0.0036783218383789,0.9202444444444444,0.0248666666666668,,0.5534,0.5304219823356232,0.8714228133817009,0.6594479182552997,0.6851850748062134,1.3172626495361328e-05,0.0001999999999999,0.6851850748062134,0.5534,0.0001999999999999
imdb,iid,20,123,6,7,0.7152140140533447,-0.0014939904212951,0.2726571559906006,-0.0011569857597351,0.9202444444444444,0.021511111111111,,0.5534,0.5304219823356232,0.8714228133817009,0.6594479182552997,0.6851850748062134,-1.1682510375976562e-05,-0.0001999999999999,0.6851850748062134,0.5534,-0.0001999999999999
imdb,iid,20,123,6,8,0.7152140140533447,-0.0005459785461425,0.2726571559906006,0.0,0.9202444444444444,0.0125555555555554,,0.5534,0.5304219823356232,0.8714228133817009,0.6594479182552997,0.6851850748062134,-1.4781951904296877e-05,-0.0001999999999999,0.6851850748062134,0.5534,-0.0001999999999999
imdb,iid,20,123,6,9,0.7152140140533447,-0.0017199516296386,0.2726571559906006,-0.0010514259338378,0.9202444444444444,-0.006577777777778,,0.5534,0.5304219823356232,0.8714228133817009,0.6594479182552997,0.6851850748062134,-9.5367431640625e-06,-0.0001999999999999,0.6851850748062134,0.5534,-0.0001999999999999
imdb,iid,20,123,6,10,0.7152140140533447,0.0001300573348999,0.2726571559906006,0.0017515420913696,0.9202444444444444,0.0147999999999999,,0.5534,0.5304219823356232,0.8714228133817009,0.6594479182552997,0.6851850748062134,1.245737075805664e-05,0.0001999999999999,0.6851850748062134,0.5534,0.0001999999999999
imdb,iid,20,123,6,11,0.7152140140533447,-0.0003899931907653,0.2726571559906006,0.0008761286735534,0.9202444444444444,0.0204666666666666,,0.5534,0.5304219823356232,0.8714228133817009,0.6594479182552997,0.6851850748062134,1.341104507446289e-05,0.0001999999999999,0.6851850748062134,0.5534,0.0001999999999999
imdb,iid,20,123,6,12,0.7152140140533447,-0.0008559823036193,0.2726571559906006,0.0025222897529602,0.9202444444444444,0.0038888888888888,,0.5534,0.5304219823356232,0.8714228133817009,0.6594479182552997,0.6851850748062134,-1.519918441772461e-05,-0.0,0.6851850748062134,0.5534,-0.0
imdb,iid,20,123,6,13,0.7152140140533447,-0.0007959604263305,0.2726571559906006,0.0021369457244873,0.9202444444444444,0.0265999999999999,,0.5534,0.5304219823356232,0.8714228133817009,0.6594479182552997,0.6851850748062134,6.020069122314453e-06,-0.0001999999999999,0.6851850748062134,0.5534,-0.0001999999999999
imdb,iid,20,123,6,14,0.7152140140533447,0.0006920099258422,0.2726571559906006,0.0025222897529602,0.9202444444444444,0.0076444444444443,,0.5534,0.5304219823356232,0.8714228133817009,0.6594479182552997,0.6851850748062134,-2.9206275939941406e-06,-0.0,0.6851850748062134,0.5534,-0.0
imdb,iid,20,123,6,15,0.7152140140533447,0.000104010105133,0.2726571559906006,0.0021369457244873,0.9202444444444444,0.0590444444444446,,0.5534,0.5304219823356232,0.8714228133817009,0.6594479182552997,0.6851850748062134,-9.775161743164062e-06,0.0001999999999999,0.6851850748062134,0.5534,0.0001999999999999
imdb,iid,20,123,6,16,0.7152140140533447,-0.0013539791107177,0.2726571559906006,-0.0009823441505432,0.9202444444444444,0.0146000000000001,,0.5534,0.5304219823356232,0.8714228133817009,0.6594479182552997,0.6851850748062134,1.1801719665527344e-05,0.0008,0.6851850748062134,0.5534,0.0008
imdb,iid,20,123,6,17,0.7152140140533447,-0.0012259483337402,0.2726571559906006,-0.0040699839591979,0.9202444444444444,0.0020888888888888,,0.5534,0.5304219823356232,0.8714228133817009,0.6594479182552997,0.6851850748062134,9.179115295410156e-06,0.0001999999999999,0.6851850748062134,0.5534,0.0001999999999999
imdb,iid,20,123,6,18,0.7152140140533447,-0.0023199915885925,0.2726571559906006,-0.0015426278114318,0.9202444444444444,0.0099333333333333,,0.5534,0.5304219823356232,0.8714228133817009,0.6594479182552997,0.6851850748062134,1.347064971923828e-05,0.0003999999999999,0.6851850748062134,0.5534,0.0003999999999999
imdb,iid,20,123,6,19,0.7152140140533447,-0.0001999735832214,0.2726571559906006,0.0003856420516967,0.9202444444444444,0.0276888888888888,,0.5534,0.5304219823356232,0.8714228133817009,0.6594479182552997,0.6851850748062134,-4.559755325317383e-05,-0.0001999999999999,0.6851850748062134,0.5534,-0.0001999999999999
imdb,iid,20,123,7,0,0.684444010257721,0.0028600096702575,0.2221388220787048,-0.0007504820823669,0.8750888888888888,0.0110888888888889,,0.565,0.5371900826446281,0.890769850866586,0.6702047005307051,0.6812147498130798,2.026557922363281e-06,-0.0002,0.6812147498130798,0.565,-0.0002
imdb,iid,20,123,7,1,0.684444010257721,0.0019140243530273,0.2221388220787048,0.0,0.8750888888888888,-0.0017555555555555,,0.565,0.5371900826446281,0.890769850866586,0.6702047005307051,0.6812147498130798,5.900859832763672e-06,-0.0,0.6812147498130798,0.565,-0.0
imdb,iid,20,123,7,2,0.684444010257721,0.0008880496025085,0.2221388220787048,0.0028734803199768,0.8750888888888888,0.0060666666666666,,0.565,0.5371900826446281,0.890769850866586,0.6702047005307051,0.6812147498130798,3.6954879760742175e-06,0.0003999999999999,0.6812147498130798,0.565,0.0003999999999999
imdb,iid,20,123,7,3,0.684444010257721,0.0012620091438293,0.2221388220787048,0.000833511352539,0.8750888888888888,0.0086444444444444,,0.565,0.5371900826446281,0.890769850866586,0.6702047005307051,0.6812147498130798,7.867813110351562e-06,0.0003999999999999,0.6812147498130798,0.565,0.0003999999999999
imdb,iid,20,123,7,4,0.684444010257721,0.0006300210952758,0.2221388220787048,0.000375211238861,0.8750888888888888,-0.0053777777777779,,0.565,0.5371900826446281,0.890769850866586,0.6702047005307051,0.6812147498130798,1.931190490722656e-05,0.0003999999999999,0.6812147498130798,0.565,0.0003999999999999
imdb,iid,20,123,7,5,0.684444010257721,0.0014839768409729,0.2221388220787048,0.0019587874412536,0.8750888888888888,-0.0125777777777777,,0.565,0.5371900826446281,0.890769850866586,0.6702047005307051,0.6812147498130798,-3.993511199951172e-06,0.0005999999999999,0.6812147498130798,0.565,0.0005999999999999
imdb,iid,20,123,7,6,0.684444010257721,0.0009300112724304,0.2221388220787048,0.0016663670539855,0.8750888888888888,0.006288888888889,,0.565,0.5371900826446281,0.890769850866586,0.6702047005307051,0.6812147498130798,1.5676021575927734e-05,0.0003999999999999,0.6812147498130798,0.565,0.0003999999999999
imdb,iid,20,123,7,7,0.684444010257721,-5.0008296966552734e-05,0.2221388220787048,0.000375211238861,0.8750888888888888,-0.0133777777777779,,0.565,0.5371900826446281,0.890769850866586,0.6702047005307051,0.6812147498130798,-1.3113021850585938e-05,-0.0,0.6812147498130798,0.565,-0.0
imdb,iid,20,123,7,8,0.684444010257721,0.0024259686470031,0.2221388220787048,-0.0003752708435058,0.8750888888888888,0.0211999999999998,,0.565,0.5371900826446281,0.890769850866586,0.6702047005307051,0.6812147498130798,-1.6987323760986328e-05,-0.0002,0.6812147498130798,0.565,-0.0002
imdb,iid,20,123,7,9,0.684444010257721,0.0006120204925537,0.2221388220787048,0.0015836954116821,0.8750888888888888,0.0087333333333334,,0.565,0.5371900826446281,0.890769850866586,0.6702047005307051,0.6812147498130798,-1.0967254638671877e-05,-0.0004,0.6812147498130798,0.565,-0.0004
imdb,iid,20,123,7,10,0.684444010257721,0.0020920038223266,0.2221388220787048,0.0024163126945495,0.8750888888888888,-0.0050000000000001,,0.565,0.5371900826446281,0.890769850866586,0.6702047005307051,0.6812147498130798,1.6570091247558594e-05,-0.0,0.6812147498130798,0.565,-0.0
imdb,iid,20,123,7,11,0.684444010257721,0.0013900399208068,0.2221388220787048,-0.0002917647361755,0.8750888888888888,0.0029555555555553,,0.565,0.5371900826446281,0.890769850866586,0.6702047005307051,0.6812147498130798,1.3172626495361328e-05,0.0003999999999999,0.6812147498130798,0.565,0.0003999999999999
imdb,iid,20,123,7,12,0.684444010257721,0.0017340183258056,0.2221388220787048,0.0012914538383483,0.8750888888888888,0.010622222222222,,0.565,0.5371900826446281,0.890769850866586,0.6702047005307051,0.6812147498130798,-1.823902130126953e-05,-0.0,0.6812147498130798,0.565,-0.0
imdb,iid,20,123,7,13,0.684444010257721,0.0017680525779724,0.2221388220787048,0.000833511352539,0.8750888888888888,-0.0056444444444445,,0.565,0.5371900826446281,0.890769850866586,0.6702047005307051,0.6812147498130798,6.318092346191406e-06,-0.0,0.6812147498130798,0.565,-0.0
imdb,iid,20,123,7,14,0.684444010257721,0.0018860101699829,0.2221388220787048,0.0024163126945495,0.8750888888888888,0.0105999999999999,,0.565,0.5371900826446281,0.890769850866586,0.6702047005307051,0.6812147498130798,-1.1920928955078125e-06,0.0001999999999999,0.6812147498130798,0.565,0.0001999999999999
imdb,iid,20,123,7,15,0.684444010257721,0.0018200278282165,0.2221388220787048,0.0001665949821472,0.8750888888888888,-0.0010444444444446,,0.565,0.5371900826446281,0.890769850866586,0.6702047005307051,0.6812147498130798,-1.347064971923828e-05,0.0007999999999999,0.6812147498130798,0.565,0.0007999999999999
imdb,iid,20,123,7,16,0.684444010257721,-2.5987625122070312e-05,0.2221388220787048,-0.0007504820823669,0.8750888888888888,-0.0153333333333331,,0.565,0.5371900826446281,0.890769850866586,0.6702047005307051,0.6812147498130798,1.3172626495361328e-05,0.0001999999999999,0.6812147498130798,0.565,0.0001999999999999
imdb,iid,20,123,7,17,0.684444010257721,-0.0001179575920104,0.2221388220787048,-0.001960277557373,0.8750888888888888,0.0027111111111108,,0.565,0.5371900826446281,0.890769850866586,0.6702047005307051,0.6812147498130798,1.1265277862548828e-05,0.0003999999999999,0.6812147498130798,0.565,0.0003999999999999
imdb,iid,20,123,7,18,0.684444010257721,0.000428020954132,0.2221388220787048,0.0,0.8750888888888888,0.0215333333333331,,0.565,0.5371900826446281,0.890769850866586,0.6702047005307051,0.6812147498130798,1.537799835205078e-05,0.0001999999999999,0.6812147498130798,0.565,0.0001999999999999
imdb,iid,20,123,7,19,0.684444010257721,0.0011480450630187,0.2221388220787048,0.0018761754035949,0.8750888888888888,0.0187777777777775,,0.565,0.5371900826446281,0.890769850866586,0.6702047005307051,0.6812147498130798,-5.292892456054688e-05,-0.0002,0.6812147498130798,0.565,-0.0002
imdb,iid,20,123,8,0,0.6518999934196472,0.0001980066299438,0.1688873171806335,-0.0012027621269226,0.958911111111111,0.0773999999999999,,0.5826,0.5480487804878049,0.905683192261185,0.6828749430177784,0.6759390830993652,3.457069396972656e-06,-0.0008,0.6759390830993652,0.5826,-0.0008
imdb,iid,20,123,8,1,0.6518999934196472,0.000137984752655,0.1688873171806335,-0.0023455619812011,0.958911111111111,0.0134444444444443,,0.5826,0.5480487804878049,0.905683192261185,0.6828749430177784,0.6759390830993652,1.96695327758789e-06,-0.0,0.6759390830993652,0.5826,-0.0
imdb,iid,20,123,8,2,0.6518999934196472,0.0010219812393188,0.1688873171806335,0.0008412599563598,0.958911111111111,0.0361,,0.5826,0.5480487804878049,0.905683192261185,0.6828749430177784,0.6759390830993652,2.6226043701171875e-06,-0.0,0.6759390830993652,0.5826,-0.0
imdb,iid,20,123,8,3,0.6518999934196472,0.0008879899978637,0.1688873171806335,-0.0012027621269226,0.958911111111111,-0.0009555555555555,,0.5826,0.5480487804878049,0.905683192261185,0.6828749430177784,0.6759390830993652,1.1205673217773438e-05,-0.0,0.6759390830993652,0.5826,-0.0
imdb,iid,20,123,8,4,0.6518999934196472,0.0016140341758728,0.1688873171806335,0.0004208087921142,0.958911111111111,0.0533999999999998,,0.5826,0.5480487804878049,0.905683192261185,0.6828749430177784,0.6759390830993652,2.4616718292236328e-05,0.0001999999999999,0.6759390830993652,0.5826,0.0001999999999999
imdb,iid,20,123,8,5,0.6518999934196472,0.0001019835472106,0.1688873171806335,-0.0007812976837158,0.958911111111111,0.0171333333333334,,0.5826,0.5480487804878049,0.905683192261185,0.6828749430177784,0.6759390830993652,-2.9206275939941406e-06,-0.0,0.6759390830993652,0.5826,-0.0
imdb,iid,20,123,8,6,0.6518999934196472,0.000894010066986,0.1688873171806335,-0.0002382397651672,0.958911111111111,-0.0081333333333333,,0.5826,0.5480487804878049,0.905683192261185,0.6828749430177784,0.6759390830993652,1.8656253814697266e-05,-0.0001999999999999,0.6759390830993652,0.5826,-0.0001999999999999
imdb,iid,20,123,8,7,0.6518999934196472,-0.0001320242881774,0.1688873171806335,0.0006596446037292,0.958911111111111,0.0500333333333333,,0.5826,0.5480487804878049,0.905683192261185,0.6828749430177784,0.6759390830993652,-1.3530254364013672e-05,0.0001999999999999,0.6759390830993652,0.5826,0.0001999999999999
imdb,iid,20,123,8,8,0.6518999934196472,0.0008060336112976,0.1688873171806335,-0.0015017390251159,0.958911111111111,0.0503555555555554,,0.5826,0.5480487804878049,0.905683192261185,0.6828749430177784,0.6759390830993652,-2.0325183868408203e-05,0.0003999999999999,0.6759390830993652,0.5826,0.0003999999999999
imdb,iid,20,123,8,9,0.6518999934196472,0.0010480284690856,0.1688873171806335,-0.0010190606117248,0.958911111111111,-0.0160444444444445,,0.5826,0.5480487804878049,0.905683192261185,0.6828749430177784,0.6759390830993652,-1.329183578491211e-05,0.0001999999999999,0.6759390830993652,0.5826,0.0001999999999999
imdb,iid,20,123,8,10,0.6518999934196472,-0.0003660321235656,0.1688873171806335,0.0007807612419128,0.958911111111111,0.0074444444444443,,0.5826,0.5480487804878049,0.905683192261185,0.6828749430177784,0.6759390830993652,2.16364860534668e-05,-0.0,0.6759390830993652,0.5826,-0.0
imdb,iid,20,123,8,11,0.6518999934196472,-0.0001580119132995,0.1688873171806335,-0.0007201433181762,0.958911111111111,0.0100888888888888,,0.5826,0.5480487804878049,0.905683192261185,0.6828749430177784,0.6759390830993652,1.4901161193847656e-05,-0.0003999999999999,0.6759390830993652,0.5826,-0.0003999999999999
imdb,iid,20,123,8,12,0.6518999934196472,0.000461995601654,0.1688873171806335,-0.0017390251159667,0.958911111111111,0.0269333333333332,,0.5826,0.5480487804878049,0.905683192261185,0.6828749430177784,0.6759390830993652,-2.104043960571289e-05,-0.0001999999999999,0.6759390830993652,0.5826,-0.0001999999999999
imdb,iid,20,123,8,13,0.6518999934196472,0.0016259551048278,0.1688873171806335,-0.0007201433181762,0.958911111111111,0.0056444444444443,,0.5826,0.5480487804878049,0.905683192261185,0.6828749430177784,0.6759390830993652,5.960464477539063e-06,-0.0001999999999999,0.6759390830993652,0.5826,-0.0001999999999999
imdb,iid,20,123,8,14,0.6518999934196472,0.0002099871635437,0.1688873171806335,0.0019207596778869,0.958911111111111,-0.0008222222222222,,0.5826,0.5480487804878049,0.905683192261185,0.6828749430177784,0.6759390830993652,-1.1920928955078125e-07,-0.0,0.6759390830993652,0.5826,-0.0
imdb,iid,20,123,8,15,0.6518999934196472,0.0004779696464538,0.1688873171806335,-0.0010190606117248,0.958911111111111,0.0862888888888886,,0.5826,0.5480487804878049,0.905683192261185,0.6828749430177784,0.6759390830993652,-2.014636993408203e-05,-0.0,0.6759390830993652,0.5826,-0.0
imdb,iid,20,123,8,16,0.6518999934196472,0.0004460215568542,0.1688873171806335,-0.0012027621269226,0.958911111111111,0.0884888888888888,,0.5826,0.5480487804878049,0.905683192261185,0.6828749430177784,0.6759390830993652,1.6391277313232422e-05,-0.0001999999999999,0.6759390830993652,0.5826,-0.0001999999999999
imdb,iid,20,123,8,17,0.6518999934196472,-0.0001559853553771,0.1688873171806335,-0.0019235014915466,0.958911111111111,0.0070666666666665,,0.5826,0.5480487804878049,0.905683192261185,0.6828749430177784,0.6759390830993652,1.4126300811767578e-05,0.0001999999999999,0.6759390830993652,0.5826,0.0001999999999999
imdb,iid,20,123,8,18,0.6518999934196472,0.0008080005645751,0.1688873171806335,-0.0033028721809387,0.958911111111111,0.0601888888888888,,0.5826,0.5480487804878049,0.905683192261185,0.6828749430177784,0.6759390830993652,1.722574234008789e-05,-0.0,0.6759390830993652,0.5826,-0.0
imdb,iid,20,123,8,19,0.6518999934196472,0.0006020069122314,0.1688873171806335,-0.0010802745819091,0.958911111111111,-0.0017111111111112,,0.5826,0.5480487804878049,0.905683192261185,0.6828749430177784,0.6759390830993652,-6.085634231567383e-05,-0.0006,0.6759390830993652,0.5826,-0.0006
imdb,iid,20,123,9,0,0.6229360103607178,-0.0015379786491394,0.1257299780845642,-0.0012924075126647,0.8772444444444445,0.0208666666666668,,0.6016,0.560654924336393,0.9109230149133414,0.6941031941031941,0.6688884496688843,6.854534149169922e-06,-0.0001999999999999,0.6688884496688843,0.6016,-0.0001999999999999
imdb,iid,20,123,9,1,0.6229360103607178,-2.5987625122070312e-05,0.1257299780845642,-0.0005604624748229,0.8772444444444445,-0.0078444444444443,,0.6016,0.560654924336393,0.9109230149133414,0.6941031941031941,0.6688884496688843,-2.3245811462402344e-06,0.0001999999999999,0.6688884496688843,0.6016,0.0001999999999999
imdb,iid,20,123,9,2,0.6229360103607178,-0.0005359649658203,0.1257299780845642,0.0008157491683959,0.8772444444444445,-0.0048444444444444,,0.6016,0.560654924336393,0.9109230149133414,0.6941031941031941,0.6688884496688843,2.443790435791016e-06,0.0004,0.6688884496688843,0.6016,0.0004
imdb,iid,20,123,9,3,0.6229360103607178,-0.0006699562072753,0.1257299780845642,0.0001277923583984,0.8772444444444445,-0.0045555555555554,,0.6016,0.560654924336393,0.9109230149133414,0.6941031941031941,0.6688884496688843,1.2516975402832031e-05,0.0004,0.6688884496688843,0.6016,0.0004
imdb,iid,20,123,9,4,0.6229360103607178,0.0007300376892089,0.1257299780845642,0.0003435015678405,0.8772444444444445,0.0288333333333334,,0.6016,0.560654924336393,0.9109230149133414,0.6941031941031941,0.6688884496688843,3.0994415283203125e-05,0.0006,0.6688884496688843,0.6016,0.0006
imdb,iid,20,123,9,5,0.6229360103607178,-0.0011600255966186,0.1257299780845642,0.0003004074096679,0.8772444444444445,-0.0067444444444444,,0.6016,0.560654924336393,0.9109230149133414,0.6941031941031941,0.6688884496688843,-3.516674041748047e-06,0.0004,0.6688884496688843,0.6016,0.0004
imdb,iid,20,123,9,6,0.6229360103607178,-0.0019140243530273,0.1257299780845642,0.0011161565780639,0.8772444444444445,0.0246666666666666,,0.6016,0.560654924336393,0.9109230149133414,0.6941031941031941,0.6688884496688843,1.960992813110352e-05,0.001,0.6688884496688843,0.6016,0.001
imdb,iid,20,123,9,7,0.6229360103607178,-0.001423954963684,0.1257299780845642,0.0012457966804504,0.8772444444444445,0.0025222222222223,,0.6016,0.560654924336393,0.9109230149133414,0.6941031941031941,0.6688884496688843,-1.3053417205810549e-05,-0.0,0.6688884496688843,0.6016,-0.0
imdb,iid,20,123,9,8,0.6229360103607178,-0.0012940168380737,0.1257299780845642,0.0006440877914428,0.8772444444444445,-0.0117999999999998,,0.6016,0.560654924336393,0.9109230149133414,0.6941031941031941,0.6688884496688843,-2.4557113647460938e-05,-0.0,0.6688884496688843,0.6016,-0.0
imdb,iid,20,123,9,9,0.6229360103607178,-0.0011000037193298,0.1257299780845642,-0.0004736185073852,0.8772444444444445,0.0156666666666667,,0.6016,0.560654924336393,0.9109230149133414,0.6941031941031941,0.6688884496688843,-1.6391277313232422e-05,0.0001999999999999,0.6688884496688843,0.6016,0.0001999999999999
imdb,iid,20,123,9,10,0.6229360103607178,-0.0001260042190551,0.1257299780845642,0.0007299780845642,0.8772444444444445,-0.0018888888888888,,0.6016,0.560654924336393,0.9109230149133414,0.6941031941031941,0.6688884496688843,2.8371810913085938e-05,0.0004,0.6688884496688843,0.6016,0.0004
imdb,iid,20,123,9,11,0.6229360103607178,-0.0001959800720214,0.1257299780845642,0.0007728934288024,0.8772444444444445,-0.0170888888888889,,0.6016,0.560654924336393,0.9109230149133414,0.6941031941031941,0.6688884496688843,1.7404556274414062e-05,0.0006,0.6688884496688843,0.6016,0.0006
imdb,iid,20,123,9,12,0.6229360103607178,-0.0009700059890747,0.1257299780845642,-4.32133674621582e-05,0.8772444444444445,-0.0076888888888888,,0.6016,0.560654924336393,0.9109230149133414,0.6941031941031941,0.6688884496688843,-2.54511833190918e-05,-0.0,0.6688884496688843,0.6016,-0.0
imdb,iid,20,123,9,13,0.6229360103607178,-0.001222014427185,0.1257299780845642,0.0,0.8772444444444445,0.0134111111111112,,0.6016,0.560654924336393,0.9109230149133414,0.6941031941031941,0.6688884496688843,7.927417755126953e-06,0.0006,0.6688884496688843,0.6016,0.0006
imdb,iid,20,123,9,14,0.6229360103607178,0.0006099939346313,0.1257299780845642,0.0008157491683959,0.8772444444444445,0.0136666666666667,,0.6016,0.560654924336393,0.9109230149133414,0.6941031941031941,0.6688884496688843,1.9073486328125e-06,-0.0,0.6688884496688843,0.6016,-0.0
imdb,iid,20,123,9,15,0.6229360103607178,-0.0017279982566833,0.1257299780845642,0.0003865957260131,0.8772444444444445,-0.0009999999999998,,0.6016,0.560654924336393,0.9109230149133414,0.6941031941031941,0.6688884496688843,-2.771615982055664e-05,0.0006,0.6688884496688843,0.6016,0.0006
imdb,iid,20,123,9,16,0.6229360103607178,-0.0011420249938964,0.1257299780845642,-0.0009481906890869,0.8772444444444445,0.0201777777777778,,0.6016,0.560654924336393,0.9109230149133414,0.6941031941031941,0.6688884496688843,1.7404556274414062e-05,0.0001999999999999,0.6688884496688843,0.6016,0.0001999999999999
imdb,iid,20,123,9,17,0.6229360103607178,-0.0001399517059326,0.1257299780845642,-0.0006039142608642,0.8772444444444445,-0.0106555555555556,,0.6016,0.560654924336393,0.9109230149133414,0.6941031941031941,0.6688884496688843,1.7583370208740234e-05,0.0001999999999999,0.6688884496688843,0.6016,0.0001999999999999
imdb,iid,20,123,9,18,0.6229360103607178,-0.0005300045013427,0.1257299780845642,0.0006870627403259,0.8772444444444445,0.0501222222222224,,0.6016,0.560654924336393,0.9109230149133414,0.6941031941031941,0.6688884496688843,1.8715858459472656e-05,0.0008,0.6688884496688843,0.6016,0.0008
imdb,iid,20,123,9,19,0.6229360103607178,-0.0001839995384216,0.1257299780845642,-8.64267349243164e-05,0.8772444444444445,-0.0010222222222222,,0.6016,0.560654924336393,0.9109230149133414,0.6941031941031941,0.6688884496688843,-6.717443466186523e-05,-0.0003999999999999,0.6688884496688843,0.6016,-0.0003999999999999
imdb,iid,20,123,10,0,0.6039980053901672,0.0007939934730529,0.0947744250297546,-0.0002937316894531,0.838711111111111,0.0023777777777775,,0.626,0.5788387096774193,0.9040709391374446,0.7057898049087477,0.6596340537071228,1.0251998901367188e-05,0.0001999999999999,0.6596340537071228,0.626,0.0001999999999999
imdb,iid,20,123,10,1,0.6039980053901672,-0.0010219812393188,0.0947744250297546,3.075599670410156e-05,0.838711111111111,0.0210888888888884,,0.626,0.5788387096774193,0.9040709391374446,0.7057898049087477,0.6596340537071228,-7.092952728271484e-06,-0.0003999999999999,0.6596340537071228,0.626,-0.0003999999999999
imdb,iid,20,123,10,2,0.6039980053901672,0.0007500052452087,0.0947744250297546,0.0010649561882019,0.838711111111111,0.0329999999999999,,0.626,0.5788387096774193,0.9040709391374446,0.7057898049087477,0.6596340537071228,1.9073486328125e-06,0.0001999999999999,0.6596340537071228,0.626,0.0001999999999999
imdb,iid,20,123,10,3,0.6039980053901672,0.0001919865608215,0.0947744250297546,-0.0002937316894531,0.838711111111111,-0.0004888888888889,,0.626,0.5788387096774193,0.9040709391374446,0.7057898049087477,0.6596340537071228,1.633167266845703e-05,-0.0,0.6596340537071228,0.626,-0.0
imdb,iid,20,123,10,4,0.6039980053901672,-7.200241088867188e-05,0.0947744250297546,0.0006491541862487,0.838711111111111,0.0142666666666666,,0.626,0.5788387096774193,0.9040709391374446,0.7057898049087477,0.6596340537071228,3.838539123535156e-05,0.0001999999999999,0.6596340537071228,0.626,0.0001999999999999
imdb,iid,20,123,10,5,0.6039980053901672,-0.0004940032958984,0.0947744250297546,3.075599670410156e-05,0.838711111111111,0.0111555555555553,,0.626,0.5788387096774193,0.9040709391374446,0.7057898049087477,0.6596340537071228,-5.602836608886719e-06,-0.0001999999999999,0.6596340537071228,0.626,-0.0001999999999999
imdb,iid,20,123,10,6,0.6039980053901672,0.0002979636192321,0.0947744250297546,0.0007101893424987,0.838711111111111,0.0104888888888885,,0.626,0.5788387096774193,0.9040709391374446,0.7057898049087477,0.6596340537071228,1.8656253814697266e-05,0.001,0.6596340537071228,0.626,0.001
imdb,iid,20,123,10,7,0.6039980053901672,-0.0002140402793884,0.0947744250297546,0.0,0.838711111111111,0.0038444444444443,,0.626,0.5788387096774193,0.9040709391374446,0.7057898049087477,0.6596340537071228,-9.834766387939451e-06,-0.0001999999999999,0.6596340537071228,0.626,-0.0001999999999999
imdb,iid,20,123,10,8,0.6039980053901672,0.0006939768791198,0.0947744250297546,0.0003552436828613,0.838711111111111,0.0185555555555554,,0.626,0.5788387096774193,0.9040709391374446,0.7057898049087477,0.6596340537071228,-2.700090408325196e-05,-0.0,0.6596340537071228,0.626,-0.0
imdb,iid,20,123,10,9,0.6039980053901672,0.0,0.0947744250297546,0.0006796717643737,0.838711111111111,0.014911111111111,,0.626,0.5788387096774193,0.9040709391374446,0.7057898049087477,0.6596340537071228,-1.913309097290039e-05,-0.0,0.6596340537071228,0.626,-0.0
imdb,iid,20,123,10,10,0.6039980053901672,-0.0002259612083435,0.0947744250297546,6.151199340820312e-05,0.838711111111111,0.0354888888888889,,0.626,0.5788387096774193,0.9040709391374446,0.7057898049087477,0.6596340537071228,3.528594970703125e-05,0.0001999999999999,0.6596340537071228,0.626,0.0001999999999999
imdb,iid,20,123,10,11,0.6039980053901672,-0.0009480118751525,0.0947744250297546,0.0007101893424987,0.838711111111111,0.0107111111111111,,0.626,0.5788387096774193,0.9040709391374446,0.7057898049087477,0.6596340537071228,1.6391277313232422e-05,0.0001999999999999,0.6596340537071228,0.626,0.0001999999999999
imdb,iid,20,123,10,12,0.6039980053901672,-0.000428020954132,0.0947744250297546,0.0013285875320434,0.838711111111111,0.022333333333333,,0.626,0.5788387096774193,0.9040709391374446,0.7057898049087477,0.6596340537071228,-3.105401992797852e-05,-0.0,0.6596340537071228,0.626,-0.0
imdb,iid,20,123,10,13,0.6039980053901672,-4.202127456665039e-05,0.0947744250297546,0.0003858208656311,0.838711111111111,0.0120222222222221,,0.626,0.5788387096774193,0.9040709391374446,0.7057898049087477,0.6596340537071228,7.808208465576172e-06,0.0003999999999999,0.6596340537071228,0.626,0.0003999999999999
imdb,iid,20,123,10,14,0.6039980053901672,9.196996688842772e-05,0.0947744250297546,0.0007101893424987,0.838711111111111,0.0212444444444444,,0.626,0.5788387096774193,0.9040709391374446,0.7057898049087477,0.6596340537071228,5.841255187988281e-06,0.0001999999999999,0.6596340537071228,0.626,0.0001999999999999
imdb,iid,20,123,10,15,0.6039980053901672,0.0003580451011657,0.0947744250297546,-0.0002937316894531,0.838711111111111,0.0141777777777776,,0.626,0.5788387096774193,0.9040709391374446,0.7057898049087477,0.6596340537071228,-3.886222839355469e-05,0.0006,0.6596340537071228,0.626,0.0006
imdb,iid,20,123,10,16,0.6039980053901672,-0.0001320242881774,0.0947744250297546,-0.0012983083724975,0.838711111111111,0.0392444444444444,,0.626,0.5788387096774193,0.9040709391374446,0.7057898049087477,0.6596340537071228,1.9669532775878903e-05,0.0006,0.6596340537071228,0.626,0.0006
imdb,iid,20,123,10,17,0.6039980053901672,0.0002259612083435,0.0947744250297546,-0.0013606548309326,0.838711111111111,0.017222222222222,,0.626,0.5788387096774193,0.9040709391374446,0.7057898049087477,0.6596340537071228,2.110004425048828e-05,0.0003999999999999,0.6596340537071228,0.626,0.0003999999999999
imdb,iid,20,123,10,18,0.6039980053901672,0.0001860260963439,0.0947744250297546,-0.0006181597709655,0.838711111111111,0.0200222222222221,,0.626,0.5788387096774193,0.9040709391374446,0.7057898049087477,0.6596340537071228,1.7404556274414062e-05,0.0011999999999999,0.6596340537071228,0.626,0.0011999999999999
imdb,iid,20,123,10,19,0.6039980053901672,0.0002279877662658,0.0947744250297546,-0.0006491541862487,0.838711111111111,0.0302888888888888,,0.626,0.5788387096774193,0.9040709391374446,0.7057898049087477,0.6596340537071228,-7.075071334838867e-05,-0.0001999999999999,0.6596340537071228,0.626,-0.0001999999999999
imdb,iid,4,123,1,0,0.8036479949951172,0.0008000135421752,0.7414555549621582,0.0119539499282836,0.8503555555555558,-0.0042222222222221,,0.5568,0.5377815796977473,0.7601773478436115,0.6299265197060788,0.6881940960884094,-2.747774124145508e-05,0.001,0.6881940960884094,0.5568,0.001
imdb,iid,4,123,1,1,0.8036479949951172,0.000894010066986,0.7414555549621582,0.0011018514633178,0.8503555555555558,-0.0079555555555552,,0.5568,0.5377815796977473,0.7601773478436115,0.6299265197060788,0.6881940960884094,-0.000125765800476,0.0003999999999999,0.6881940960884094,0.5568,0.0003999999999999
imdb,iid,4,123,1,2,0.8036479949951172,-0.0027500391006469,0.7414555549621582,-0.0128669142723083,0.8503555555555558,-0.0088444444444442,,0.5568,0.5377815796977473,0.7601773478436115,0.6299265197060788,0.6881940960884094,0.0001853108406066,-0.0004,0.6881940960884094,0.5568,-0.0004
imdb,iid,4,123,1,3,0.8036479949951172,0.000819981098175,0.7414555549621582,0.0016083717346191,0.8503555555555558,-0.0213111111111108,,0.5568,0.5377815796977473,0.7601773478436115,0.6299265197060788,0.6881940960884094,-3.814697265625e-05,-0.0032,0.6881940960884094,0.5568,-0.0032
imdb,iid,4,123,2,0,0.6629300117492676,-0.0006159543991088,0.0721868276596069,0.0030959248542785,0.8550666666666666,-0.0075777777777776,,0.642,0.6004652515266066,0.8323256751309955,0.6976351351351351,0.6604357957839966,-2.7954578399658203e-05,-0.0003999999999999,0.6604357957839966,0.642,-0.0003999999999999
imdb,iid,4,123,2,1,0.6629300117492676,-0.0007939934730529,0.0721868276596069,0.0007582306861877,0.8550666666666666,0.0122333333333333,,0.642,0.6004652515266066,0.8323256751309955,0.6976351351351351,0.6604357957839966,-0.000180184841156,-0.0008,0.6604357957839966,0.642,-0.0008
imdb,iid,4,123,2,2,0.6629300117492676,-0.0004839897155761,0.0721868276596069,0.000366985797882,0.8550666666666666,0.0107333333333332,,0.642,0.6004652515266066,0.8323256751309955,0.6976351351351351,0.6604357957839966,0.0004402995109558,0.0021999999999999,0.6604357957839966,0.642,0.0021999999999999
imdb,iid,4,123,2,3,0.6629300117492676,0.000599980354309,0.0721868276596069,0.001905083656311,0.8550666666666666,-0.0047333333333332,,0.642,0.6004652515266066,0.8323256751309955,0.6976351351351351,0.6604357957839966,-0.0002463459968566,-0.0021999999999999,0.6604357957839966,0.642,-0.0021999999999999
imdb,iid,4,123,3,0,0.6581299901008606,-0.000245988368988,0.0411717891693115,0.0004740953445434,0.7798888888888889,0.0084444444444444,,0.7478,0.7211747643219725,0.8016928657799275,0.7593052109181141,0.5800279974937439,8.988380432128906e-05,-0.0003999999999999,0.5800279974937439,0.7478,-0.0003999999999999
imdb,iid,4,123,3,1,0.6581299901008606,-0.0011120438575744,0.0411717891693115,-0.0007475614547729,0.7798888888888889,-0.0086444444444444,,0.7478,0.7211747643219725,0.8016928657799275,0.7593052109181141,0.5800279974937439,-0.0003691315650939,0.0008,0.5800279974937439,0.7478,0.0008
imdb,iid,4,123,3,2,0.6581299901008606,5.0008296966552734e-05,0.0411717891693115,0.0007169842720031,0.7798888888888889,0.006,,0.7478,0.7211747643219725,0.8016928657799275,0.7593052109181141,0.5800279974937439,0.0005894899368286,0.0016,0.5800279974937439,0.7478,0.0016
imdb,iid,4,123,3,3,0.6581299901008606,-0.000349998474121,0.0411717891693115,0.0007277131080627,0.7798888888888889,-0.0035333333333333,,0.7478,0.7211747643219725,0.8016928657799275,0.7593052109181141,0.5800279974937439,-0.0003013610839843,-0.0011999999999999,0.5800279974937439,0.7478,-0.0011999999999999
imdb,iid,4,123,4,0,0.669838011264801,0.0010940432548522,0.0724859833717346,0.0007107853889465,0.7810000000000001,0.0024666666666668,,0.7892,0.8050448909790509,0.7589681580008061,0.7813278008298755,0.4863168895244598,0.0001943409442901,0.0004,0.4863168895244598,0.7892,0.0004
imdb,iid,4,123,4,1,0.669838011264801,-0.0001220107078552,0.0724859833717346,-0.0007843971252441,0.7810000000000001,0.0102444444444447,,0.7892,0.8050448909790509,0.7589681580008061,0.7813278008298755,0.4863168895244598,-0.0004657804965972,-0.0003999999999999,0.4863168895244598,0.7892,-0.0003999999999999
imdb,iid,4,123,4,2,0.669838011264801,-0.0001940131187438,0.0724859833717346,0.0005655288696289,0.7810000000000001,0.0058444444444445,,0.7892,0.8050448909790509,0.7589681580008061,0.7813278008298755,0.4863168895244598,8.380413055419922e-05,-0.0005999999999999,0.4863168895244598,0.7892,-0.0005999999999999
imdb,iid,4,123,4,3,0.669838011264801,0.0003960132598876,0.0724859833717346,0.0006373524665832,0.7810000000000001,0.0216444444444445,,0.7892,0.8050448909790509,0.7589681580008061,0.7813278008298755,0.4863168895244598,0.0002464354038238,0.0004,0.4863168895244598,0.7892,0.0004
imdb,iid,4,123,5,0,0.6828460097312927,0.0001420378684997,0.1008276939392089,9.92417335510254e-05,0.7953333333333332,0.0041111111111109,,0.8032,0.82557633753806,0.7650141072148328,0.7941422594142259,0.4400536119937897,0.0001895129680633,0.0006,0.4400536119937897,0.8032,0.0006
imdb,iid,4,123,5,1,0.6828460097312927,-0.000212013721466,0.1008276939392089,-0.0024386644363403,0.7953333333333332,-0.0139333333333335,,0.8032,0.82557633753806,0.7650141072148328,0.7941422594142259,0.4400536119937897,-0.0004049837589263,-0.0003999999999999,0.4400536119937897,0.8032,-0.0003999999999999
imdb,iid,4,123,5,2,0.6828460097312927,0.0003840327262878,0.1008276939392089,-0.0003015398979187,0.7953333333333332,-0.0290444444444446,,0.8032,0.82557633753806,0.7650141072148328,0.7941422594142259,0.4400536119937897,-0.0003267526626586,-0.0003999999999999,0.4400536119937897,0.8032,-0.0003999999999999
imdb,iid,4,123,5,3,0.6828460097312927,0.0006260275840759,0.1008276939392089,-0.0017042756080627,0.7953333333333332,0.0211999999999998,,0.8032,0.82557633753806,0.7650141072148328,0.7941422594142259,0.4400536119937897,0.0006234943866729,0.0014,0.4400536119937897,0.8032,0.0014
imdb,iid,4,123,6,0,0.6914479732513428,-0.00039803981781,0.1315593123435974,-0.0005959868431091,0.7536888888888889,0.0292888888888886,,0.8102,0.8251273344651953,0.7835550181378477,0.8038040107504651,0.4155115187168121,0.0001845657825469,-0.0005999999999999,0.4155115187168121,0.8102,-0.0005999999999999
imdb,iid,4,123,6,1,0.6914479732513428,-3.0040740966796875e-05,0.1315593123435974,-0.0017574429512023,0.7536888888888889,0.0414666666666665,,0.8102,0.8251273344651953,0.7835550181378477,0.8038040107504651,0.4155115187168121,-0.0003309547901153,-0.0011999999999999,0.4155115187168121,0.8102,-0.0011999999999999
imdb,iid,4,123,6,2,0.6914479732513428,-0.000789999961853,0.1315593123435974,0.0009948015213012,0.7536888888888889,0.0356222222222222,,0.8102,0.8251273344651953,0.7835550181378477,0.8038040107504651,0.4155115187168121,-0.0003629922866821,0.0004,0.4155115187168121,0.8102,0.0004
imdb,iid,4,123,6,3,0.6914479732513428,0.0006200075149536,0.1315593123435974,-0.001177430152893,0.7536888888888889,0.045311111111111,,0.8102,0.8251273344651953,0.7835550181378477,0.8038040107504651,0.4155115187168121,0.0006020665168762,-0.001,0.4155115187168121,0.8102,-0.001
imdb,iid,4,123,7,0,0.6992659568786621,-0.0011820793151855,0.1603354811668396,0.0024148225784301,0.702088888888889,0.0377777777777779,,0.8192,0.8259611409673419,0.8053204353083434,0.8155102040816327,0.3992209434509277,0.0001784861087799,0.0006,0.3992209434509277,0.8192,0.0006
imdb,iid,4,123,7,1,0.6992659568786621,0.0005099773406982,0.1603354811668396,-0.0002070665359497,0.702088888888889,0.0265555555555558,,0.8192,0.8259611409673419,0.8053204353083434,0.8155102040816327,0.3992209434509277,-0.0002758204936981,0.0004,0.3992209434509277,0.8192,0.0004
imdb,iid,4,123,7,2,0.6992659568786621,-0.0001500844955444,0.1603354811668396,0.0019733905792236,0.702088888888889,0.0237111111111112,,0.8192,0.8259611409673419,0.8053204353083434,0.8155102040816327,0.3992209434509277,-0.0003116726875305,0.0012,0.3992209434509277,0.8192,0.0012
imdb,iid,4,123,7,3,0.6992659568786621,-0.0006320476531982,0.1603354811668396,0.0004144310951232,0.702088888888889,0.0356888888888888,,0.8192,0.8259611409673419,0.8053204353083434,0.8155102040816327,0.3992209434509277,0.0004945695400238,-0.0005999999999999,0.3992209434509277,0.8192,-0.0005999999999999
imdb,iid,4,123,8,0,0.7046099901199341,0.0006999969482421,0.1814387440681457,0.0014485716819763,0.777711111111111,-0.0306666666666668,,0.8228,0.8261758691206544,0.8141878274889157,0.8201380430369468,0.3872449100017547,0.0001459121704101,0.0008,0.3872449100017547,0.8228,0.0008
imdb,iid,4,123,8,1,0.7046099901199341,0.000182032585144,0.1814387440681457,-0.003301203250885,0.777711111111111,0.0138888888888888,,0.8228,0.8261758691206544,0.8141878274889157,0.8201380430369468,0.3872449100017547,-0.0002341270446777,-0.0006,0.3872449100017547,0.8228,-0.0006
imdb,iid,4,123,8,2,0.7046099901199341,-2.002716064453125e-05,0.1814387440681457,0.0009581446647644,0.777711111111111,-0.0079333333333333,,0.8228,0.8261758691206544,0.8141878274889157,0.8201380430369468,0.3872449100017547,-0.0002530515193939,-0.0004,0.3872449100017547,0.8228,-0.0004
imdb,iid,4,123,8,3,0.7046099901199341,0.0011240243911743,0.1814387440681457,0.0002669095993041,0.777711111111111,-0.0558666666666667,,0.8228,0.8261758691206544,0.8141878274889157,0.8201380430369468,0.3872449100017547,0.000419795513153,-0.0001999999999999,0.3872449100017547,0.8228,-0.0001999999999999
imdb,iid,4,123,9,0,0.7090240120887756,-0.0003300309181213,0.2002931237220764,0.0001466870307922,0.7595777777777777,-0.0276444444444445,,0.8286,0.829813160032494,0.8234582829504232,0.8266235079910985,0.377936989068985,0.000112771987915,0.0001999999999999,0.377936989068985,0.8286,0.0001999999999999
imdb,iid,4,123,9,1,0.7090240120887756,-0.0009400248527526,0.2002931237220764,-0.0022478103637695,0.7595777777777777,-0.0163555555555556,,0.8286,0.829813160032494,0.8234582829504232,0.8266235079910985,0.377936989068985,-0.000190258026123,-0.0008,0.377936989068985,0.8286,-0.0008
imdb,iid,4,123,9,2,0.7090240120887756,0.0001060366630554,0.2002931237220764,0.0005860924720764,0.7595777777777777,0.0097777777777774,,0.8286,0.829813160032494,0.8234582829504232,0.8266235079910985,0.377936989068985,-0.0001958012580871,0.0001999999999999,0.377936989068985,0.8286,0.0001999999999999
imdb,iid,4,123,9,3,0.7090240120887756,-0.0012360215187072,0.2002931237220764,-0.0004385709762573,0.7595777777777777,-0.0610666666666668,,0.8286,0.829813160032494,0.8234582829504232,0.8266235079910985,0.377936989068985,0.0003628134727478,-0.0001999999999999,0.377936989068985,0.8286,-0.0001999999999999
imdb,iid,4,123,10,0,0.7125120162963867,0.0012040138244628,0.2160000205039978,8.541345596313477e-05,0.7873777777777777,-0.0583555555555557,,0.8332,0.8324586192975374,0.8311164852881903,0.8317870108914885,0.3704278469085693,9.72449779510498e-05,0.0006,0.3704278469085693,0.8332,0.0006
imdb,iid,4,123,10,1,0.7125120162963867,-0.0016999840736389,0.2160000205039978,-0.0029320120811462,0.7873777777777777,0.0005444444444442,,0.8332,0.8324586192975374,0.8311164852881903,0.8317870108914885,0.3704278469085693,-0.0001668334007263,0.0006,0.3704278469085693,0.8332,0.0006
imdb,iid,4,123,10,2,0.7125120162963867,-0.0017420053482055,0.2160000205039978,-0.0017184019088745,0.7873777777777777,-0.029311111111111,,0.8332,0.8324586192975374,0.8311164852881903,0.8317870108914885,0.3704278469085693,-0.0001381635665893,0.0012,0.3704278469085693,0.8332,0.0012
imdb,iid,4,123,10,3,0.7125120162963867,-0.0011819601058959,0.2160000205039978,0.0,0.7873777777777777,-0.0386222222222221,,0.8332,0.8324586192975374,0.8311164852881903,0.8317870108914885,0.3704278469085693,0.0002950429916381,-0.0,0.3704278469085693,0.8332,-0.0
imdb,iid,20,2025,1,0,0.6684719920158386,-0.0014579892158508,0.0518754720687866,-0.0012183189392089,0.8626,-0.0068444444444444,,0.5032,0.4210526315789473,0.0032245062474808,0.0064,0.696226954460144,3.814697265625e-06,-0.0001999999999999,0.696226954460144,0.5032,-0.0001999999999999
imdb,iid,20,2025,1,1,0.6684719920158386,-0.0005840063095092,0.0518754720687866,-0.0007771253585815,0.8626,-0.0195111111111112,,0.5032,0.4210526315789473,0.0032245062474808,0.0064,0.696226954460144,1.8775463104248047e-05,-0.0001999999999999,0.696226954460144,0.5032,-0.0001999999999999
imdb,iid,20,2025,1,2,0.6684719920158386,-0.0013380050659179,0.0518754720687866,-0.0011759996414184,0.8626,-0.0151555555555555,,0.5032,0.4210526315789473,0.0032245062474808,0.0064,0.696226954460144,8.165836334228516e-06,-0.0001999999999999,0.696226954460144,0.5032,-0.0001999999999999
imdb,iid,20,2025,1,3,0.6684719920158386,-0.0002920031547546,0.0518754720687866,0.0011970996856689,0.8626,0.0295888888888888,,0.5032,0.4210526315789473,0.0032245062474808,0.0064,0.696226954460144,1.728534698486328e-06,-0.0001999999999999,0.696226954460144,0.5032,-0.0001999999999999
imdb,iid,20,2025,1,4,0.6684719920158386,-0.0006700158119201,0.0518754720687866,-2.0742416381835938e-05,0.8626,-0.008377777777778,,0.5032,0.4210526315789473,0.0032245062474808,0.0064,0.696226954460144,7.331371307373047e-06,-0.0001999999999999,0.696226954460144,0.5032,-0.0001999999999999
imdb,iid,20,2025,1,5,0.6684719920158386,-0.0011519789695739,0.0518754720687866,0.0008184313774108,0.8626,-0.0138666666666666,,0.5032,0.4210526315789473,0.0032245062474808,0.0064,0.696226954460144,-1.883506774902344e-05,-0.0004,0.696226954460144,0.5032,-0.0004
imdb,iid,20,2025,1,6,0.6684719920158386,0.0001999735832214,0.0518754720687866,-2.0742416381835938e-05,0.8626,0.0071555555555555,,0.5032,0.4210526315789473,0.0032245062474808,0.0064,0.696226954460144,-2.056360244750977e-05,-0.0001999999999999,0.696226954460144,0.5032,-0.0001999999999999
imdb,iid,20,2025,1,7,0.6684719920158386,-0.0014280080795288,0.0518754720687866,2.0682811737060547e-05,0.8626,0.0038666666666666,,0.5032,0.4210526315789473,0.0032245062474808,0.0064,0.696226954460144,-9.059906005859377e-06,-0.0001999999999999,0.696226954460144,0.5032,-0.0001999999999999
imdb,iid,20,2025,1,8,0.6684719920158386,0.0005139708518981,0.0518754720687866,0.0008184313774108,0.8626,0.0048888888888889,,0.5032,0.4210526315789473,0.0032245062474808,0.0064,0.696226954460144,8.344650268554688e-07,-0.0001999999999999,0.696226954460144,0.5032,-0.0001999999999999
imdb,iid,20,2025,1,9,0.6684719920158386,-0.0003859996795654,0.0518754720687866,0.00117689371109,0.8626,-0.0170888888888889,,0.5032,0.4210526315789473,0.0032245062474808,0.0064,0.696226954460144,1.990795135498047e-05,-0.0001999999999999,0.696226954460144,0.5032,-0.0001999999999999
imdb,iid,20,2025,1,10,0.6684719920158386,1.4007091522216795e-05,0.0518754720687866,-0.0011971592903137,0.8626,-0.0133333333333331,,0.5032,0.4210526315789473,0.0032245062474808,0.0064,0.696226954460144,-1.847743988037109e-05,-0.0001999999999999,0.696226954460144,0.5032,-0.0001999999999999
imdb,iid,20,2025,1,11,0.6684719920158386,-0.0009860396385192,0.0518754720687866,-0.0016388893127441,0.8626,-0.0020666666666666,,0.5032,0.4210526315789473,0.0032245062474808,0.0064,0.696226954460144,1.2278556823730469e-05,-0.0,0.696226954460144,0.5032,-0.0
imdb,iid,20,2025,1,12,0.6684719920158386,-0.002373993396759,0.0518754720687866,-0.0004199147224426,0.8626,0.0010888888888889,,0.5032,0.4210526315789473,0.0032245062474808,0.0064,0.696226954460144,-1.2516975402832031e-06,-0.0001999999999999,0.696226954460144,0.5032,-0.0001999999999999
imdb,iid,20,2025,1,13,0.6684719920158386,-0.0016480088233947,0.0518754720687866,-0.0012183189392089,0.8626,-0.0360888888888888,,0.5032,0.4210526315789473,0.0032245062474808,0.0064,0.696226954460144,-4.291534423828125e-06,-0.0001999999999999,0.696226954460144,0.5032,-0.0001999999999999
imdb,iid,20,2025,1,14,0.6684719920158386,-0.001114010810852,0.0518754720687866,-0.0020167231559753,0.8626,-0.0042666666666666,,0.5032,0.4210526315789473,0.0032245062474808,0.0064,0.696226954460144,1.1086463928222656e-05,-0.0001999999999999,0.696226954460144,0.5032,-0.0001999999999999
imdb,iid,20,2025,1,15,0.6684719920158386,-0.0005940198898315,0.0518754720687866,0.00117689371109,0.8626,-0.0204888888888887,,0.5032,0.4210526315789473,0.0032245062474808,0.0064,0.696226954460144,-2.6226043701171875e-06,-0.0,0.696226954460144,0.5032,-0.0
imdb,iid,20,2025,1,16,0.6684719920158386,-0.0025339722633361,0.0518754720687866,-0.004146933555603,0.8626,-0.0196888888888888,,0.5032,0.4210526315789473,0.0032245062474808,0.0064,0.696226954460144,4.112720489501953e-06,-0.0001999999999999,0.696226954460144,0.5032,-0.0001999999999999
imdb,iid,20,2025,1,17,0.6684719920158386,-0.0026299953460693,0.0518754720687866,-0.003613531589508,0.8626,0.0056,,0.5032,0.4210526315789473,0.0032245062474808,0.0064,0.696226954460144,3.3974647521972656e-06,-0.0001999999999999,0.696226954460144,0.5032,-0.0001999999999999
imdb,iid,20,2025,1,18,0.6684719920158386,-0.0020440220832824,0.0518754720687866,-0.0020813345909118,0.8626,0.0003555555555556,,0.5032,0.4210526315789473,0.0032245062474808,0.0064,0.696226954460144,-8.404254913330078e-06,-0.0,0.696226954460144,0.5032,-0.0
imdb,iid,20,2025,1,19,0.6684719920158386,-0.0006139874458312,0.0518754720687866,0.0015760660171508,0.8626,-0.0086888888888889,,0.5032,0.4210526315789473,0.0032245062474808,0.0064,0.696226954460144,-6.854534149169922e-06,-0.0001999999999999,0.696226954460144,0.5032,-0.0001999999999999
imdb,iid,20,2025,2,0,0.7581019997596741,0.0009160041809082,0.3205645084381103,-0.0036290287971496,0.8612222222222223,0.0040666666666668,,0.5038,0.0,0.0,0.0,0.7002125382423401,2.0682811737060547e-05,-0.0,0.7002125382423401,0.5038,-0.0
imdb,iid,20,2025,2,1,0.7581019997596741,0.0011979937553405,0.3205645084381103,-0.0006769299507141,0.8612222222222223,0.0068222222222222,,0.5038,0.0,0.0,0.0,0.7002125382423401,3.129243850708008e-05,-0.0,0.7002125382423401,0.5038,-0.0
imdb,iid,20,2025,2,2,0.7581019997596741,0.0002179741859436,0.3205645084381103,-0.0020161271095275,0.8612222222222223,-0.0085111111111109,,0.5038,0.0,0.0,0.0,0.7002125382423401,1.049041748046875e-05,-0.0,0.7002125382423401,0.5038,-0.0
imdb,iid,20,2025,2,3,0.7581019997596741,0.000931978225708,0.3205645084381103,0.0009353160858154,0.8612222222222223,0.0108333333333334,,0.5038,0.0,0.0,0.0,0.7002125382423401,3.6954879760742175e-06,-0.0,0.7002125382423401,0.5038,-0.0
imdb,iid,20,2025,2,4,0.7581019997596741,0.000245988368988,0.3205645084381103,-0.0022891759872436,0.8612222222222223,0.012177777777778,,0.5038,0.0,0.0,0.0,0.7002125382423401,-1.6093254089355469e-06,-0.0,0.7002125382423401,0.5038,-0.0
imdb,iid,20,2025,2,5,0.7581019997596741,0.0007960200309753,0.3205645084381103,0.0021445155143737,0.8612222222222223,-0.0137333333333333,,0.5038,0.0,0.0,0.0,0.7002125382423401,-2.193450927734375e-05,-0.0,0.7002125382423401,0.5038,-0.0
imdb,iid,20,2025,2,6,0.7581019997596741,0.0004519820213317,0.3205645084381103,-0.0006769299507141,0.8612222222222223,-0.007511111111111,,0.5038,0.0,0.0,0.0,0.7002125382423401,-1.9073486328125e-05,-0.0,0.7002125382423401,0.5038,-0.0
imdb,iid,20,2025,2,7,0.7581019997596741,0.0002040266990661,0.3205645084381103,0.000129222869873,0.8612222222222223,-0.0052444444444443,,0.5038,0.0,0.0,0.0,0.7002125382423401,-1.4901161193847656e-05,-0.0,0.7002125382423401,0.5038,-0.0
imdb,iid,20,2025,2,8,0.7581019997596741,0.0007719993591308,0.3205645084381103,0.001612901687622,0.8612222222222223,-0.002,,0.5038,0.0,0.0,0.0,0.7002125382423401,-1.156330108642578e-05,-0.0,0.7002125382423401,0.5038,-0.0
imdb,iid,20,2025,2,9,0.7581019997596741,0.0010259747505187,0.3205645084381103,0.0021445155143737,0.8612222222222223,-0.0091555555555553,,0.5038,0.0,0.0,0.0,0.7002125382423401,3.7550926208496094e-05,-0.0,0.7002125382423401,0.5038,-0.0
imdb,iid,20,2025,2,10,0.7581019997596741,0.0004740357398986,0.3205645084381103,-0.0024193525314331,0.8612222222222223,0.016577777777778,,0.5038,0.0,0.0,0.0,0.7002125382423401,-3.057718276977539e-05,-0.0,0.7002125382423401,0.5038,-0.0
imdb,iid,20,2025,2,11,0.7581019997596741,-0.0006300210952758,0.3205645084381103,-0.0022891759872436,0.8612222222222223,-0.0140888888888888,,0.5038,0.0,0.0,0.0,0.7002125382423401,1.2874603271484377e-05,-0.0,0.7002125382423401,0.5038,-0.0
imdb,iid,20,2025,2,12,0.7581019997596741,0.0006920099258422,0.3205645084381103,0.0013383626937866,0.8612222222222223,-0.0156888888888886,,0.5038,0.0,0.0,0.0,0.7002125382423401,-7.62939453125e-06,-0.0,0.7002125382423401,0.5038,-0.0
imdb,iid,20,2025,2,13,0.7581019997596741,0.0003300309181213,0.3205645084381103,-0.001612901687622,0.8612222222222223,0.0006666666666668,,0.5038,0.0,0.0,0.0,0.7002125382423401,-9.119510650634766e-06,-0.0,0.7002125382423401,0.5038,-0.0
imdb,iid,20,2025,2,14,0.7581019997596741,-2.80141830444336e-05,0.3205645084381103,-0.0032258033752441,0.8612222222222223,0.0011333333333334,,0.5038,0.0,0.0,0.0,0.7002125382423401,2.771615982055664e-05,-0.0,0.7002125382423401,0.5038,-0.0
imdb,iid,20,2025,2,15,0.7581019997596741,0.0010300278663635,0.3205645084381103,0.0021445155143737,0.8612222222222223,0.0044222222222223,,0.5038,0.0,0.0,0.0,0.7002125382423401,-1.0907649993896484e-05,-0.0,0.7002125382423401,0.5038,-0.0
imdb,iid,20,2025,2,16,0.7581019997596741,-0.0017060041427612,0.3205645084381103,-0.0052419304847717,0.8612222222222223,-0.004533333333333,,0.5038,0.0,0.0,0.0,0.7002125382423401,-1.96695327758789e-06,-0.0,0.7002125382423401,0.5038,-0.0
imdb,iid,20,2025,2,17,0.7581019997596741,0.0003259778022766,0.3205645084381103,-0.0060483813285827,0.8612222222222223,0.0082222222222221,,0.5038,0.0,0.0,0.0,0.7002125382423401,-2.3245811462402344e-06,-0.0,0.7002125382423401,0.5038,-0.0
imdb,iid,20,2025,2,18,0.7581019997596741,0.0003420114517211,0.3205645084381103,-0.0056451559066772,0.8612222222222223,-0.0041111111111109,,0.5038,0.0,0.0,0.0,0.7002125382423401,-1.6033649444580078e-05,-0.0,0.7002125382423401,0.5038,-0.0
imdb,iid,20,2025,2,19,0.7581019997596741,0.0018860101699829,0.3205645084381103,0.0037567615509033,0.8612222222222223,-0.0089333333333332,,0.5038,0.0,0.0,0.0,0.7002125382423401,3.6954879760742175e-06,-0.0,0.7002125382423401,0.5038,-0.0
imdb,iid,20,2025,3,0,0.7781959772109985,-0.001904010772705,0.464141845703125,0.0,0.9312444444444444,-0.0060444444444442,,0.5038,0.0,0.0,0.0,0.7037698030471802,3.4809112548828125e-05,-0.0,0.7037698030471802,0.5038,-0.0
imdb,iid,20,2025,3,1,0.7781959772109985,-0.0017940402030944,0.464141845703125,0.0004029273986816,0.9312444444444444,-0.0075333333333333,,0.5038,0.0,0.0,0.0,0.7037698030471802,3.921985626220703e-05,-0.0,0.7037698030471802,0.5038,-0.0
imdb,iid,20,2025,3,2,0.7781959772109985,-0.0019100308418273,0.464141845703125,0.0,0.9312444444444444,0.0002222222222223,,0.5038,0.0,0.0,0.0,0.7037698030471802,1.239776611328125e-05,-0.0,0.7037698030471802,0.5038,-0.0
imdb,iid,20,2025,3,3,0.7781959772109985,-0.0006800293922424,0.464141845703125,0.0004029273986816,0.9312444444444444,-0.0101555555555556,,0.5038,0.0,0.0,0.0,0.7037698030471802,5.125999450683594e-06,-0.0,0.7037698030471802,0.5038,-0.0
imdb,iid,20,2025,3,4,0.7781959772109985,-0.0018520355224609,0.464141845703125,0.0012087225914001,0.9312444444444444,0.0256555555555555,,0.5038,0.0,0.0,0.0,0.7037698030471802,-8.404254913330078e-06,-0.0,0.7037698030471802,0.5038,-0.0
imdb,iid,20,2025,3,5,0.7781959772109985,-0.0014640092849731,0.464141845703125,0.0,0.9312444444444444,0.0025555555555556,,0.5038,0.0,0.0,0.0,0.7037698030471802,-2.7358531951904297e-05,-0.0,0.7037698030471802,0.5038,-0.0
imdb,iid,20,2025,3,6,0.7781959772109985,-0.0007140040397644,0.464141845703125,-0.0004028677940368,0.9312444444444444,-0.0023333333333332,,0.5038,0.0,0.0,0.0,0.7037698030471802,-1.8358230590820312e-05,-0.0,0.7037698030471802,0.5038,-0.0
imdb,iid,20,2025,3,7,0.7781959772109985,-0.0013560056686401,0.464141845703125,0.0008058547973632,0.9312444444444444,0.0366222222222221,,0.5038,0.0,0.0,0.0,0.7037698030471802,-1.8417835235595703e-05,-0.0,0.7037698030471802,0.5038,-0.0
imdb,iid,20,2025,3,8,0.7781959772109985,-0.0010180473327636,0.464141845703125,0.0020145177841186,0.9312444444444444,-0.0046444444444442,,0.5038,0.0,0.0,0.0,0.7037698030471802,-1.960992813110352e-05,-0.0,0.7037698030471802,0.5038,-0.0
imdb,iid,20,2025,3,9,0.7781959772109985,-0.0012280344963073,0.464141845703125,0.0024174451828002,0.9312444444444444,0.0400111111111112,,0.5038,0.0,0.0,0.0,0.7037698030471802,5.1021575927734375e-05,-0.0,0.7037698030471802,0.5038,-0.0
imdb,iid,20,2025,3,10,0.7781959772109985,-0.0009200572967529,0.464141845703125,0.0016116499900817,0.9312444444444444,0.0067111111111113,,0.5038,0.0,0.0,0.0,0.7037698030471802,-3.74913215637207e-05,-0.0,0.7037698030471802,0.5038,-0.0
imdb,iid,20,2025,3,11,0.7781959772109985,-0.0016460418701171,0.464141845703125,-0.0008057951927185,0.9312444444444444,0.0283444444444445,,0.5038,0.0,0.0,0.0,0.7037698030471802,1.2934207916259766e-05,-0.0,0.7037698030471802,0.5038,-0.0
imdb,iid,20,2025,3,12,0.7781959772109985,-0.0011680126190185,0.464141845703125,0.0004029273986816,0.9312444444444444,-0.0035777777777776,,0.5038,0.0,0.0,0.0,0.7037698030471802,-1.1920928955078123e-05,-0.0,0.7037698030471802,0.5038,-0.0
imdb,iid,20,2025,3,13,0.7781959772109985,-0.0016300082206726,0.464141845703125,-0.0004028677940368,0.9312444444444444,0.0113,,0.5038,0.0,0.0,0.0,0.7037698030471802,-1.245737075805664e-05,-0.0,0.7037698030471802,0.5038,-0.0
imdb,iid,20,2025,3,14,0.7781959772109985,-0.002232015132904,0.464141845703125,-0.0012086629867553,0.9312444444444444,0.0226555555555556,,0.5038,0.0,0.0,0.0,0.7037698030471802,3.916025161743164e-05,-0.0,0.7037698030471802,0.5038,-0.0
imdb,iid,20,2025,3,15,0.7781959772109985,-0.0012420415878295,0.464141845703125,0.0012087225914001,0.9312444444444444,0.0118555555555557,,0.5038,0.0,0.0,0.0,0.7037698030471802,-1.6629695892333984e-05,-0.0,0.7037698030471802,0.5038,-0.0
imdb,iid,20,2025,3,16,0.7781959772109985,-0.0034760236740112,0.464141845703125,-0.006446361541748,0.9312444444444444,0.0109777777777779,,0.5038,0.0,0.0,0.0,0.7037698030471802,-4.649162292480469e-06,-0.0,0.7037698030471802,0.5038,-0.0
imdb,iid,20,2025,3,17,0.7781959772109985,-0.003424048423767,0.464141845703125,-0.0036261081695556,0.9312444444444444,0.0060444444444445,,0.5038,0.0,0.0,0.0,0.7037698030471802,-4.351139068603516e-06,-0.0,0.7037698030471802,0.5038,-0.0
imdb,iid,20,2025,3,18,0.7781959772109985,-0.0025720596313476,0.464141845703125,-0.0052376985549926,0.9312444444444444,-0.0034222222222219,,0.5038,0.0,0.0,0.0,0.7037698030471802,-2.187490463256836e-05,-0.0,0.7037698030471802,0.5038,-0.0
imdb,iid,20,2025,3,19,0.7781959772109985,-0.0013140439987182,0.464141845703125,0.0028203129768371,0.9312444444444444,0.0151777777777779,,0.5038,0.0,0.0,0.0,0.7037698030471802,5.900859832763672e-06,-0.0,0.7037698030471802,0.5038,-0.0
imdb,iid,20,2025,4,0,0.7637180089950562,-0.0006799697875976,0.4355877637863159,-0.0001754164695739,0.8161333333333332,-0.0350444444444446,,0.5038,0.0,0.0,0.0,0.7049450874328613,4.398822784423828e-05,-0.0,0.7049450874328613,0.5038,-0.0
imdb,iid,20,2025,4,1,0.7637180089950562,-0.0004339814186096,0.4355877637863159,0.0,0.8161333333333332,-0.0299777777777778,,0.5038,0.0,0.0,0.0,0.7049450874328613,4.4286251068115234e-05,-0.0,0.7049450874328613,0.5038,-0.0
imdb,iid,20,2025,4,2,0.7637180089950562,-0.0008900165557861,0.4355877637863159,-0.0008051395416259,0.8161333333333332,-0.0471777777777777,,0.5038,0.0,0.0,0.0,0.7049450874328613,1.233816146850586e-05,-0.0,0.7049450874328613,0.5038,-0.0
imdb,iid,20,2025,4,3,0.7637180089950562,-0.0003479719161987,0.4355877637863159,0.0008051395416259,0.8161333333333332,-0.0378111111111112,,0.5038,0.0,0.0,0.0,0.7049450874328613,6.67572021484375e-06,-0.0,0.7049450874328613,0.5038,-0.0
imdb,iid,20,2025,4,4,0.7637180089950562,0.0013819932937622,0.4355877637863159,0.0004025697708129,0.8161333333333332,-0.0351111111111115,,0.5038,0.0,0.0,0.0,0.7049450874328613,-1.2159347534179688e-05,-0.0,0.7049450874328613,0.5038,-0.0
imdb,iid,20,2025,4,5,0.7637180089950562,-0.0006560087203979,0.4355877637863159,0.0024154782295227,0.8161333333333332,-0.0124777777777778,,0.5038,0.0,0.0,0.0,0.7049450874328613,-3.230571746826172e-05,-0.0,0.7049450874328613,0.5038,-0.0
imdb,iid,20,2025,4,6,0.7637180089950562,0.0008020401000976,0.4355877637863159,0.0004025697708129,0.8161333333333332,-0.0324000000000002,,0.5038,0.0,0.0,0.0,0.7049450874328613,-1.806020736694336e-05,-0.0,0.7049450874328613,0.5038,-0.0
imdb,iid,20,2025,4,7,0.7637180089950562,-0.0001980066299438,0.4355877637863159,0.0,0.8161333333333332,-0.0378444444444445,,0.5038,0.0,0.0,0.0,0.7049450874328613,-2.050399780273437e-05,-0.0,0.7049450874328613,0.5038,-0.0
imdb,iid,20,2025,4,8,0.7637180089950562,0.0004379749298095,0.4355877637863159,-0.0005781650543212,0.8161333333333332,-0.0030222222222224,,0.5038,0.0,0.0,0.0,0.7049450874328613,-2.4020671844482425e-05,-0.0,0.7049450874328613,0.5038,-0.0
imdb,iid,20,2025,4,9,0.7637180089950562,0.0007200241088867,0.4355877637863159,0.0021873712539672,0.8161333333333332,-0.0620000000000002,,0.5038,0.0,0.0,0.0,0.7049450874328613,5.775690078735352e-05,-0.0,0.7049450874328613,0.5038,-0.0
imdb,iid,20,2025,4,10,0.7637180089950562,0.0004100203514099,0.4355877637863159,0.0004025697708129,0.8161333333333332,-0.0425777777777778,,0.5038,0.0,0.0,0.0,0.7049450874328613,-4.26173210144043e-05,-0.0,0.7049450874328613,0.5038,-0.0
imdb,iid,20,2025,4,11,0.7637180089950562,-0.0004760026931762,0.4355877637863159,-0.0012077093124389,0.8161333333333332,-0.0489333333333334,,0.5038,0.0,0.0,0.0,0.7049450874328613,1.329183578491211e-05,-0.0,0.7049450874328613,0.5038,-0.0
imdb,iid,20,2025,4,12,0.7637180089950562,-0.0002260208129882,0.4355877637863159,0.0016102790832519,0.8161333333333332,-0.0396666666666667,,0.5038,0.0,0.0,0.0,0.7049450874328613,-1.132488250732422e-05,-0.0,0.7049450874328613,0.5038,-0.0
imdb,iid,20,2025,4,13,0.7637180089950562,-0.0017380118370056,0.4355877637863159,-0.0016102790832519,0.8161333333333332,-0.0252333333333336,,0.5038,0.0,0.0,0.0,0.7049450874328613,-1.329183578491211e-05,-0.0,0.7049450874328613,0.5038,-0.0
imdb,iid,20,2025,4,14,0.7637180089950562,-0.001289963722229,0.4355877637863159,-0.0008051395416259,0.8161333333333332,-0.0274,,0.5038,0.0,0.0,0.0,0.7049450874328613,4.464387893676758e-05,-0.0,0.7049450874328613,0.5038,-0.0
imdb,iid,20,2025,4,15,0.7637180089950562,0.0001760125160217,0.4355877637863159,0.0016102790832519,0.8161333333333332,-0.0492222222222225,,0.5038,0.0,0.0,0.0,0.7049450874328613,-2.2351741790771484e-05,-0.0,0.7049450874328613,0.5038,-0.0
imdb,iid,20,2025,4,16,0.7637180089950562,-0.0018839836120605,0.4355877637863159,-0.0046055316925048,0.8161333333333332,-0.0360000000000002,,0.5038,0.0,0.0,0.0,0.7049450874328613,-4.112720489501953e-06,-0.0,0.7049450874328613,0.5038,-0.0
imdb,iid,20,2025,4,17,0.7637180089950562,-0.0007599592208862,0.4355877637863159,-0.0012077093124389,0.8161333333333332,-0.0481111111111112,,0.5038,0.0,0.0,0.0,0.7049450874328613,-3.2782554626464844e-06,-0.0,0.7049450874328613,0.5038,-0.0
imdb,iid,20,2025,4,18,0.7637180089950562,-0.0011960268020629,0.4355877637863159,-0.0029945969581604,0.8161333333333332,-0.061066666666667,,0.5038,0.0,0.0,0.0,0.7049450874328613,-2.3603439331054688e-05,-0.0,0.7049450874328613,0.5038,-0.0
imdb,iid,20,2025,4,19,0.7637180089950562,0.0004600286483764,0.4355877637863159,0.0028180480003356,0.8161333333333332,-0.0508666666666668,,0.5038,0.0,0.0,0.0,0.7049450874328613,5.781650543212891e-06,-0.0,0.7049450874328613,0.5038,-0.0
imdb,iid,20,2025,5,0,0.7300360202789307,-0.000525951385498,0.324670135974884,-0.0003998279571533,0.9200000000000002,-0.0033333333333331,,0.504,1.0,0.0004030632809351,0.0008058017727639,0.7031407952308655,5.066394805908203e-05,-0.0,0.7031407952308655,0.504,-0.0
imdb,iid,20,2025,5,1,0.7300360202789307,-0.0001879930496215,0.324670135974884,-0.0010692477226257,0.9200000000000002,0.0109555555555556,,0.504,1.0,0.0004030632809351,0.0008058017727639,0.7031407952308655,4.571676254272461e-05,-0.0,0.7031407952308655,0.504,-0.0
imdb,iid,20,2025,5,2,0.7300360202789307,-0.0004819631576538,0.324670135974884,-0.0011995434761047,0.9200000000000002,-0.0130444444444444,,0.504,1.0,0.0004030632809351,0.0008058017727639,0.7031407952308655,1.239776611328125e-05,-0.0,0.7031407952308655,0.504,-0.0
imdb,iid,20,2025,5,3,0.7300360202789307,-0.0008039474487304,0.324670135974884,0.0023990273475646,0.9200000000000002,-0.0006444444444444,,0.504,1.0,0.0004030632809351,0.0008058017727639,0.7031407952308655,5.4836273193359375e-06,-0.0,0.7031407952308655,0.504,-0.0
imdb,iid,20,2025,5,4,0.7300360202789307,-0.000432014465332,0.324670135974884,0.0011995434761047,0.9200000000000002,0.0063555555555556,,0.504,1.0,0.0004030632809351,0.0008058017727639,0.7031407952308655,-1.33514404296875e-05,-0.0,0.7031407952308655,0.504,-0.0
imdb,iid,20,2025,5,5,0.7300360202789307,0.0010120272636413,0.324670135974884,0.0035985708236694,0.9200000000000002,0.0083777777777778,,0.504,1.0,0.0004030632809351,0.0008058017727639,0.7031407952308655,-3.355741500854492e-05,-0.0,0.7031407952308655,0.504,-0.0
imdb,iid,20,2025,5,6,0.7300360202789307,0.0011180639266967,0.324670135974884,0.0017284750938415,0.9200000000000002,-0.0010888888888886,,0.504,1.0,0.0004030632809351,0.0008058017727639,0.7031407952308655,-1.8358230590820312e-05,-0.0,0.7031407952308655,0.504,-0.0
imdb,iid,20,2025,5,7,0.7300360202789307,-0.0007820129394531,0.324670135974884,0.001599371433258,0.9200000000000002,0.0106222222222223,,0.504,1.0,0.0004030632809351,0.0008058017727639,0.7031407952308655,-1.996755599975586e-05,-0.0,0.7031407952308655,0.504,-0.0
imdb,iid,20,2025,5,8,0.7300360202789307,0.0009520053863525,0.324670135974884,0.0011995434761047,0.9200000000000002,0.0001333333333335,,0.504,1.0,0.0004030632809351,0.0008058017727639,0.7031407952308655,-2.5272369384765625e-05,-0.0,0.7031407952308655,0.504,-0.0
imdb,iid,20,2025,5,9,0.7300360202789307,0.0004640221595764,0.324670135974884,0.0053256154060363,0.9200000000000002,0.0191333333333336,,0.504,1.0,0.0004030632809351,0.0008058017727639,0.7031407952308655,5.9664249420166016e-05,-0.0,0.7031407952308655,0.504,-0.0
imdb,iid,20,2025,5,10,0.7300360202789307,-0.0004599690437316,0.324670135974884,0.0007996559143066,0.9200000000000002,0.0059333333333335,,0.504,1.0,0.0004030632809351,0.0008058017727639,0.7031407952308655,-4.4405460357666016e-05,-0.0,0.7031407952308655,0.504,-0.0
imdb,iid,20,2025,5,11,0.7300360202789307,-0.0001279711723327,0.324670135974884,-0.001599371433258,0.9200000000000002,-0.0005777777777777,,0.504,1.0,0.0004030632809351,0.0008058017727639,0.7031407952308655,1.3709068298339844e-05,-0.0,0.7031407952308655,0.504,-0.0
imdb,iid,20,2025,5,12,0.7300360202789307,-0.0002959966659545,0.324670135974884,0.0021281838417053,0.9200000000000002,0.0151555555555555,,0.504,1.0,0.0004030632809351,0.0008058017727639,0.7031407952308655,-9.357929229736328e-06,-0.0,0.7031407952308655,0.504,-0.0
imdb,iid,20,2025,5,13,0.7300360202789307,-0.0002620220184326,0.324670135974884,-0.0031987428665161,0.9200000000000002,0.0143333333333335,,0.504,1.0,0.0004030632809351,0.0008058017727639,0.7031407952308655,-1.4424324035644531e-05,-0.0,0.7031407952308655,0.504,-0.0
imdb,iid,20,2025,5,14,0.7300360202789307,-0.0010979771614074,0.324670135974884,-0.0003998279571533,0.9200000000000002,0.0023555555555556,,0.504,1.0,0.0004030632809351,0.0008058017727639,0.7031407952308655,4.464387893676758e-05,-0.0,0.7031407952308655,0.504,-0.0
imdb,iid,20,2025,5,15,0.7300360202789307,0.0009340047836303,0.324670135974884,0.0034701228141784,0.9200000000000002,0.0262,,0.504,1.0,0.0004030632809351,0.0008058017727639,0.7031407952308655,-2.664327621459961e-05,-0.0,0.7031407952308655,0.504,-0.0
imdb,iid,20,2025,5,16,0.7300360202789307,-0.0013959407806396,0.324670135974884,-0.0071971416473388,0.9200000000000002,0.001488888888889,,0.504,1.0,0.0004030632809351,0.0008058017727639,0.7031407952308655,-2.205371856689453e-06,-0.0,0.7031407952308655,0.504,-0.0
imdb,iid,20,2025,5,17,0.7300360202789307,-0.0018919706344604,0.324670135974884,-0.0007996559143066,0.9200000000000002,0.0189333333333334,,0.504,1.0,0.0004030632809351,0.0008058017727639,0.7031407952308655,-2.384185791015625e-06,-0.0,0.7031407952308655,0.504,-0.0
imdb,iid,20,2025,5,18,0.7300360202789307,-0.0005599856376647,0.324670135974884,-0.004398226737976,0.9200000000000002,0.0139333333333333,,0.504,1.0,0.0004030632809351,0.0008058017727639,0.7031407952308655,-2.4259090423583984e-05,-0.0,0.7031407952308655,0.504,-0.0
imdb,iid,20,2025,5,19,0.7300360202789307,0.0012780427932739,0.324670135974884,0.0051979422569274,0.9200000000000002,0.0135333333333333,,0.504,1.0,0.0004030632809351,0.0008058017727639,0.7031407952308655,1.2516975402832031e-06,-0.0,0.7031407952308655,0.504,-0.0
imdb,iid,20,2025,6,0,0.6911759972572327,0.002232015132904,0.2063554525375366,-0.0007845759391784,0.883,-0.0040444444444445,,0.5044,1.0,0.0012091898428053,0.002415458937198,0.6984454393386841,5.567073822021485e-05,-0.0,0.6984454393386841,0.5044,-0.0
imdb,iid,20,2025,6,1,0.6911759972572327,0.0007780194282531,0.2063554525375366,-0.0004734396934509,0.883,0.002288888888889,,0.5044,1.0,0.0012091898428053,0.002415458937198,0.6984454393386841,4.583597183227539e-05,-0.0,0.6984454393386841,0.5044,-0.0
imdb,iid,20,2025,6,2,0.6911759972572327,0.0007939934730529,0.2063554525375366,-0.0016508102416992,0.883,-0.0006444444444444,,0.5044,1.0,0.0012091898428053,0.002415458937198,0.6984454393386841,1.2695789337158205e-05,-0.0,0.6984454393386841,0.5044,-0.0
imdb,iid,20,2025,6,3,0.6911759972572327,0.0014839768409729,0.2063554525375366,-0.0007845759391784,0.883,0.0100888888888888,,0.5044,1.0,0.0012091898428053,0.002415458937198,0.6984454393386841,3.2186508178710938e-06,-0.0,0.6984454393386841,0.5044,-0.0
imdb,iid,20,2025,6,4,0.6911759972572327,0.0005900263786315,0.2063554525375366,0.0,0.883,-0.0072666666666667,,0.5044,1.0,0.0012091898428053,0.002415458937198,0.6984454393386841,-1.4483928680419922e-05,-0.0,0.6984454393386841,0.5044,-0.0
imdb,iid,20,2025,6,5,0.6911759972572327,0.0015459656715393,0.2063554525375366,0.0012574195861816,0.883,0.0354444444444446,,0.5044,1.0,0.0012091898428053,0.002415458937198,0.6984454393386841,-3.486871719360352e-05,-0.0,0.6984454393386841,0.5044,-0.0
imdb,iid,20,2025,6,6,0.6911759972572327,0.001442015171051,0.2063554525375366,-0.0003923177719116,0.883,0.0001777777777778,,0.5044,1.0,0.0012091898428053,0.002415458937198,0.6984454393386841,-1.8656253814697266e-05,-0.0,0.6984454393386841,0.5044,-0.0
imdb,iid,20,2025,6,7,0.6911759972572327,0.0014559626579284,0.2063554525375366,0.0011769533157348,0.883,0.0139555555555554,,0.5044,1.0,0.0012091898428053,0.002415458937198,0.6984454393386841,-1.949071884155273e-05,-0.0,0.6984454393386841,0.5044,-0.0
imdb,iid,20,2025,6,8,0.6911759972572327,0.0013180375099182,0.2063554525375366,-0.0001620054244995,0.883,0.0065777777777777,,0.5044,1.0,0.0012091898428053,0.002415458937198,0.6984454393386841,-2.3245811462402344e-05,-0.0,0.6984454393386841,0.5044,-0.0
imdb,iid,20,2025,6,9,0.6911759972572327,0.0014839768409729,0.2063554525375366,0.0004730820655822,0.883,-0.0016666666666667,,0.5044,1.0,0.0012091898428053,0.002415458937198,0.6984454393386841,5.859136581420898e-05,-0.0,0.6984454393386841,0.5044,-0.0
imdb,iid,20,2025,6,10,0.6911759972572327,0.0003579854965209,0.2063554525375366,-0.0003111958503723,0.883,-0.0063777777777778,,0.5044,1.0,0.0012091898428053,0.002415458937198,0.6984454393386841,-4.38690185546875e-05,-0.0,0.6984454393386841,0.5044,-0.0
imdb,iid,20,2025,6,11,0.6911759972572327,0.0009140372276306,0.2063554525375366,-0.0024357438087463,0.883,-0.0073333333333331,,0.5044,1.0,0.0012091898428053,0.002415458937198,0.6984454393386841,1.323223114013672e-05,-0.0,0.6984454393386841,0.5044,-0.0
imdb,iid,20,2025,6,12,0.6911759972572327,0.0016459822654724,0.2063554525375366,-0.0007033944129943,0.883,0.0025555555555554,,0.5044,1.0,0.0012091898428053,0.002415458937198,0.6984454393386841,-4.0531158447265625e-06,-0.0,0.6984454393386841,0.5044,-0.0
imdb,iid,20,2025,6,13,0.6911759972572327,0.0008580088615417,0.2063554525375366,-0.0004734396934509,0.883,0.0015777777777779,,0.5044,1.0,0.0012091898428053,0.002415458937198,0.6984454393386841,-1.4185905456542969e-05,-0.0,0.6984454393386841,0.5044,-0.0
imdb,iid,20,2025,6,14,0.6911759972572327,0.0019399523735046,0.2063554525375366,-0.002125084400177,0.883,0.0021777777777778,,0.5044,1.0,0.0012091898428053,0.002415458937198,0.6984454393386841,4.184246063232422e-05,-0.0,0.6984454393386841,0.5044,-0.0
imdb,iid,20,2025,6,15,0.6911759972572327,0.0010920166969299,0.2063554525375366,8.094310760498047e-05,0.883,0.0173777777777779,,0.5044,1.0,0.0012091898428053,0.002415458937198,0.6984454393386841,-3.2842159271240234e-05,-0.0,0.6984454393386841,0.5044,-0.0
imdb,iid,20,2025,6,16,0.6911759972572327,-0.000644028186798,0.2063554525375366,-0.0045636296272277,0.883,-0.0061555555555554,,0.5044,1.0,0.0012091898428053,0.002415458937198,0.6984454393386841,-5.364418029785156e-07,-0.0,0.6984454393386841,0.5044,-0.0
imdb,iid,20,2025,6,17,0.6911759972572327,0.0016160011291503,0.2063554525375366,-0.0024357438087463,0.883,0.0108888888888889,,0.5044,1.0,0.0012091898428053,0.002415458937198,0.6984454393386841,1.8477439880371087e-06,-0.0,0.6984454393386841,0.5044,-0.0
imdb,iid,20,2025,6,18,0.6911759972572327,0.0007819533348083,0.2063554525375366,-0.0037781000137329,0.883,0.0048888888888889,,0.5044,1.0,0.0012091898428053,0.002415458937198,0.6984454393386841,-2.3484230041503903e-05,-0.0,0.6984454393386841,0.5044,-0.0
imdb,iid,20,2025,6,19,0.6911759972572327,0.0009220242500305,0.2063554525375366,0.0016495585441589,0.883,0.0096,,0.5044,1.0,0.0012091898428053,0.002415458937198,0.6984454393386841,-3.635883331298828e-06,-0.0,0.6984454393386841,0.5044,-0.0
imdb,iid,20,2025,7,0,0.6557860374450684,0.0005620718002319,0.1233031749725341,0.0003770589828491,0.8595111111111111,0.0097111111111112,,0.5058,0.8125,0.0052398226521563,0.0104124949939927,0.6912237405776978,5.614757537841797e-05,-0.0,0.6912237405776978,0.5058,-0.0
imdb,iid,20,2025,7,1,0.6557860374450684,6.401538848876953e-05,0.1233031749725341,0.0,0.8595111111111111,0.0012666666666667,,0.5058,0.8125,0.0052398226521563,0.0104124949939927,0.6912237405776978,4.4465065002441406e-05,-0.0,0.6912237405776978,0.5058,-0.0
imdb,iid,20,2025,7,2,0.6557860374450684,0.0007380247116088,0.1233031749725341,-0.0022150874137878,0.8595111111111111,-0.0013555555555557,,0.5058,0.8125,0.0052398226521563,0.0104124949939927,0.6912237405776978,1.2218952178955078e-05,-0.0,0.6912237405776978,0.5058,-0.0
imdb,iid,20,2025,7,3,0.6557860374450684,-0.0007919669151306,0.1233031749725341,-0.0003770589828491,0.8595111111111111,0.0014,,0.5058,0.8125,0.0052398226521563,0.0104124949939927,0.6912237405776978,-5.364418029785156e-07,-0.0,0.6912237405776978,0.5058,-0.0
imdb,iid,20,2025,7,4,0.6557860374450684,0.0009260177612304,0.1233031749725341,-0.0010843276977539,0.8595111111111111,-0.0067111111111111,,0.5058,0.8125,0.0052398226521563,0.0104124949939927,0.6912237405776978,-1.513957977294922e-05,-0.0,0.6912237405776978,0.5058,-0.0
imdb,iid,20,2025,7,5,0.6557860374450684,0.0004180669784545,0.1233031749725341,-0.0010843276977539,0.8595111111111111,-0.0090222222222222,,0.5058,0.8125,0.0052398226521563,0.0104124949939927,0.6912237405776978,-3.528594970703125e-05,-0.0,0.6912237405776978,0.5058,-0.0
imdb,iid,20,2025,7,6,0.6557860374450684,-0.0002079606056213,0.1233031749725341,-0.0007073879241943,0.8595111111111111,0.0168222222222222,,0.5058,0.8125,0.0052398226521563,0.0104124949939927,0.6912237405776978,-1.9073486328125e-05,-0.0,0.6912237405776978,0.5058,-0.0
imdb,iid,20,2025,7,7,0.6557860374450684,-0.0009199380874633,0.1233031749725341,-0.0003770589828491,0.8595111111111111,-0.0047333333333334,,0.5058,0.8125,0.0052398226521563,0.0104124949939927,0.6912237405776978,-1.621246337890625e-05,-0.0,0.6912237405776978,0.5058,-0.0
imdb,iid,20,2025,7,8,0.6557860374450684,0.0007359981536865,0.1233031749725341,-0.0007541179656982,0.8595111111111111,-0.0076666666666667,,0.5058,0.8125,0.0052398226521563,0.0104124949939927,0.6912237405776978,-1.937150955200196e-05,-0.0,0.6912237405776978,0.5058,-0.0
imdb,iid,20,2025,7,9,0.6557860374450684,0.0011800527572631,0.1233031749725341,0.0011772513389587,0.8595111111111111,0.0092666666666667,,0.5058,0.8125,0.0052398226521563,0.0104124949939927,0.6912237405776978,5.561113357543945e-05,-0.0,0.6912237405776978,0.5058,-0.0
imdb,iid,20,2025,7,10,0.6557860374450684,-0.0007699728012084,0.1233031749725341,0.0004697442054748,0.8595111111111111,0.0018222222222221,,0.5058,0.8125,0.0052398226521563,0.0104124949939927,0.6912237405776978,-4.357099533081055e-05,-0.0,0.6912237405776978,0.5058,-0.0
imdb,iid,20,2025,7,11,0.6557860374450684,7.003545761108398e-05,0.1233031749725341,-0.0018853545188903,0.8595111111111111,0.0016666666666667,,0.5058,0.8125,0.0052398226521563,0.0104124949939927,0.6912237405776978,9.953975677490234e-06,-0.0,0.6912237405776978,0.5058,-0.0
imdb,iid,20,2025,7,12,0.6557860374450684,-0.0005519390106201,0.1233031749725341,0.0003770589828491,0.8595111111111111,0.0040666666666666,,0.5058,0.8125,0.0052398226521563,0.0104124949939927,0.6912237405776978,2.384185791015625e-06,-0.0,0.6912237405776978,0.5058,-0.0
imdb,iid,20,2025,7,13,0.6557860374450684,-0.001039981842041,0.1233031749725341,-0.0010843276977539,0.8595111111111111,0.0126666666666668,,0.5058,0.8125,0.0052398226521563,0.0104124949939927,0.6912237405776978,-9.298324584960938e-06,-0.0,0.6912237405776978,0.5058,-0.0
imdb,iid,20,2025,7,14,0.6557860374450684,-0.0006859302520751,0.1233031749725341,-0.0008009076118469,0.8595111111111111,-0.0058666666666666,,0.5058,0.8125,0.0052398226521563,0.0104124949939927,0.6912237405776978,3.707408905029297e-05,-0.0,0.6912237405776978,0.5058,-0.0
imdb,iid,20,2025,7,15,0.6557860374450684,0.0001860260963439,0.1233031749725341,-0.0002838373184204,0.8595111111111111,-0.0033777777777779,,0.5058,0.8125,0.0052398226521563,0.0104124949939927,0.6912237405776978,-3.713369369506836e-05,-0.0,0.6912237405776978,0.5058,-0.0
imdb,iid,20,2025,7,16,0.6557860374450684,-0.0010199546813964,0.1233031749725341,-0.0038666129112243,0.8595111111111111,0.0122222222222221,,0.5058,0.8125,0.0052398226521563,0.0104124949939927,0.6912237405776978,2.5033950805664062e-06,-0.0,0.6912237405776978,0.5058,-0.0
imdb,iid,20,2025,7,17,0.6557860374450684,-0.0006719827651977,0.1233031749725341,4.649162292480469e-05,0.8595111111111111,-0.0027333333333332,,0.5058,0.8125,0.0052398226521563,0.0104124949939927,0.6912237405776978,4.470348358154297e-06,-0.0,0.6912237405776978,0.5058,-0.0
imdb,iid,20,2025,7,18,0.6557860374450684,-0.0019099712371826,0.1233031749725341,-0.0026870369911193,0.8595111111111111,0.0105333333333335,,0.5058,0.8125,0.0052398226521563,0.0104124949939927,0.6912237405776978,-2.199411392211914e-05,-0.0,0.6912237405776978,0.5058,-0.0
imdb,iid,20,2025,7,19,0.6557860374450684,-0.0002439618110656,0.1233031749725341,0.0011772513389587,0.8595111111111111,0.0071555555555555,,0.5058,0.8125,0.0052398226521563,0.0104124949939927,0.6912237405776978,-8.58306884765625e-06,-0.0,0.6912237405776978,0.5058,-0.0
imdb,iid,20,2025,8,0,0.6366220116615295,0.0014860033988952,0.0660146474838256,-0.0003957152366638,0.8114888888888889,-0.0573777777777777,,0.513,0.8382352941176471,0.022974607013301,0.0447234209493919,0.6818618178367615,5.751848220825195e-05,-0.0,0.6818618178367615,0.513,-0.0
imdb,iid,20,2025,8,1,0.6366220116615295,0.0009120106697082,0.0660146474838256,0.0003721714019775,0.8114888888888889,-0.0661333333333333,,0.513,0.8382352941176471,0.022974607013301,0.0447234209493919,0.6818618178367615,4.106760025024414e-05,-0.0,0.6818618178367615,0.513,-0.0
imdb,iid,20,2025,8,2,0.6366220116615295,-3.2007694244384766e-05,0.0660146474838256,0.0003033280372619,0.8114888888888889,-0.0519999999999998,,0.513,0.8382352941176471,0.022974607013301,0.0447234209493919,0.6818618178367615,1.3887882232666016e-05,-0.0,0.6818618178367615,0.513,-0.0
imdb,iid,20,2025,8,3,0.6366220116615295,0.0015259981155395,0.0660146474838256,-0.0003492832183837,0.8114888888888889,-0.0429555555555556,,0.513,0.8382352941176471,0.022974607013301,0.0447234209493919,0.6818618178367615,-2.6226043701171875e-06,-0.0,0.6818618178367615,0.513,-0.0
imdb,iid,20,2025,8,4,0.6366220116615295,0.0002220273017883,0.0660146474838256,-0.0003724694252014,0.8114888888888889,-0.0534888888888889,,0.513,0.8382352941176471,0.022974607013301,0.0447234209493919,0.6818618178367615,-1.4007091522216795e-05,-0.0,0.6818618178367615,0.513,-0.0
imdb,iid,20,2025,8,5,0.6366220116615295,-0.0002760291099548,0.0660146474838256,0.0003492832183837,0.8114888888888889,-0.0436888888888888,,0.513,0.8382352941176471,0.022974607013301,0.0447234209493919,0.6818618178367615,-3.075599670410156e-05,-0.0,0.6818618178367615,0.513,-0.0
imdb,iid,20,2025,8,6,0.6366220116615295,0.0016120076179504,0.0660146474838256,0.0003492832183837,0.8114888888888889,-0.0774888888888889,,0.513,0.8382352941176471,0.022974607013301,0.0447234209493919,0.6818618178367615,-1.71661376953125e-05,-0.0,0.6818618178367615,0.513,-0.0
imdb,iid,20,2025,8,7,0.6366220116615295,0.000976026058197,0.0660146474838256,-2.306699752807617e-05,0.8114888888888889,-0.0333555555555555,,0.513,0.8382352941176471,0.022974607013301,0.0447234209493919,0.6818618178367615,-1.2218952178955078e-05,-0.0,0.6818618178367615,0.513,-0.0
imdb,iid,20,2025,8,8,0.6366220116615295,0.000644028186798,0.0660146474838256,0.0003263354301452,0.8114888888888889,-0.0678222222222222,,0.513,0.8382352941176471,0.022974607013301,0.0447234209493919,0.6818618178367615,-1.609325408935547e-05,-0.0,0.6818618178367615,0.513,-0.0
imdb,iid,20,2025,8,9,0.6366220116615295,0.0013239979743957,0.0660146474838256,0.0003721714019775,0.8114888888888889,-0.0565333333333333,,0.513,0.8382352941176471,0.022974607013301,0.0447234209493919,0.6818618178367615,5.155801773071289e-05,-0.0,0.6818618178367615,0.513,-0.0
imdb,iid,20,2025,8,10,0.6366220116615295,-2.199411392211914e-05,0.0660146474838256,0.0003263354301452,0.8114888888888889,-0.0642,,0.513,0.8382352941176471,0.022974607013301,0.0447234209493919,0.6818618178367615,-4.0531158447265625e-05,-0.0,0.6818618178367615,0.513,-0.0
imdb,iid,20,2025,8,11,0.6366220116615295,-0.0003319978713989,0.0660146474838256,0.0003492832183837,0.8114888888888889,-0.0770444444444442,,0.513,0.8382352941176471,0.022974607013301,0.0447234209493919,0.6818618178367615,9.059906005859377e-06,-0.0,0.6818618178367615,0.513,-0.0
imdb,iid,20,2025,8,12,0.6366220116615295,0.0016739964485168,0.0660146474838256,-0.0006985664367675,0.8114888888888889,-0.062111111111111,,0.513,0.8382352941176471,0.022974607013301,0.0447234209493919,0.6818618178367615,7.927417755126953e-06,-0.0,0.6818618178367615,0.513,-0.0
imdb,iid,20,2025,8,13,0.6366220116615295,-3.3974647521972656e-05,0.0660146474838256,-0.0007452368736267,0.8114888888888889,-0.0492888888888889,,0.513,0.8382352941176471,0.022974607013301,0.0447234209493919,0.6818618178367615,-9.059906005859377e-06,-0.0,0.6818618178367615,0.513,-0.0
imdb,iid,20,2025,8,14,0.6366220116615295,0.0008080005645751,0.0660146474838256,0.0003263354301452,0.8114888888888889,-0.065622222222222,,0.513,0.8382352941176471,0.022974607013301,0.0447234209493919,0.6818618178367615,3.165006637573242e-05,-0.0,0.6818618178367615,0.513,-0.0
imdb,iid,20,2025,8,15,0.6366220116615295,0.0016340017318725,0.0660146474838256,4.607439041137695e-05,0.8114888888888889,-0.0594444444444446,,0.513,0.8382352941176471,0.022974607013301,0.0447234209493919,0.6818618178367615,-4.178285598754883e-05,-0.0,0.6818618178367615,0.513,-0.0
imdb,iid,20,2025,8,16,0.6366220116615295,0.0012159943580627,0.0660146474838256,-0.0004886984825134,0.8114888888888889,-0.0720222222222222,,0.513,0.8382352941176471,0.022974607013301,0.0447234209493919,0.6818618178367615,2.80141830444336e-06,-0.0,0.6818618178367615,0.513,-0.0
imdb,iid,20,2025,8,17,0.6366220116615295,0.0012499690055847,0.0660146474838256,0.0002803802490234,0.8114888888888889,-0.0726,,0.513,0.8382352941176471,0.022974607013301,0.0447234209493919,0.6818618178367615,5.424022674560547e-06,-0.0,0.6818618178367615,0.513,-0.0
imdb,iid,20,2025,8,18,0.6366220116615295,-0.0006520152091979,0.0660146474838256,-0.0007919073104858,0.8114888888888889,-0.062888888888889,,0.513,0.8382352941176471,0.022974607013301,0.0447234209493919,0.6818618178367615,-2.193450927734375e-05,-0.0,0.6818618178367615,0.513,-0.0
imdb,iid,20,2025,8,19,0.6366220116615295,0.0008360147476196,0.0660146474838256,0.0003263354301452,0.8114888888888889,-0.0552666666666668,,0.513,0.8382352941176471,0.022974607013301,0.0447234209493919,0.6818618178367615,-1.5795230865478516e-05,-0.0,0.6818618178367615,0.513,-0.0
imdb,iid,20,2025,9,0,0.6284040212631226,0.0005480051040649,0.0363577008247375,-0.0006550550460815,0.8747777777777777,0.0040666666666664,,0.5306,0.8101851851851852,0.0705360741636436,0.1297738227660363,0.6708007454872131,5.733966827392578e-05,0.0003999999999999,0.6708007454872131,0.5306,0.0003999999999999
imdb,iid,20,2025,9,1,0.6284040212631226,0.0010660290718078,0.0363577008247375,-0.0006550550460815,0.8747777777777777,0.0021777777777778,,0.5306,0.8101851851851852,0.0705360741636436,0.1297738227660363,0.6708007454872131,3.62396240234375e-05,0.0001999999999999,0.6708007454872131,0.5306,0.0001999999999999
imdb,iid,20,2025,9,2,0.6284040212631226,5.400180816650391e-05,0.0363577008247375,0.0,0.8747777777777777,-0.0045888888888889,,0.5306,0.8101851851851852,0.0705360741636436,0.1297738227660363,0.6708007454872131,1.4185905456542969e-05,0.0001999999999999,0.6708007454872131,0.5306,0.0001999999999999
imdb,iid,20,2025,9,3,0.6284040212631226,0.0003579854965209,0.0363577008247375,-0.000982642173767,0.8747777777777777,-0.0155333333333333,,0.5306,0.8101851851851852,0.0705360741636436,0.1297738227660363,0.6708007454872131,-6.67572021484375e-06,-0.0,0.6708007454872131,0.5306,-0.0
imdb,iid,20,2025,9,4,0.6284040212631226,0.0018500089645385,0.0363577008247375,-0.0003275275230407,0.8747777777777777,-0.0111111111111112,,0.5306,0.8101851851851852,0.0705360741636436,0.1297738227660363,0.6708007454872131,-1.1682510375976562e-05,-0.0,0.6708007454872131,0.5306,-0.0
imdb,iid,20,2025,9,5,0.6284040212631226,-0.0002039670944213,0.0363577008247375,-0.0006672143936157,0.8747777777777777,-0.0135333333333333,,0.5306,0.8101851851851852,0.0705360741636436,0.1297738227660363,0.6708007454872131,-2.7298927307128903e-05,-0.0,0.6708007454872131,0.5306,-0.0
imdb,iid,20,2025,9,6,0.6284040212631226,0.0006240606307983,0.0363577008247375,-0.0003275275230407,0.8747777777777777,-0.0245333333333335,,0.5306,0.8101851851851852,0.0705360741636436,0.1297738227660363,0.6708007454872131,-1.615285873413086e-05,-0.0,0.6708007454872131,0.5306,-0.0
imdb,iid,20,2025,9,7,0.6284040212631226,0.0004160404205322,0.0363577008247375,-0.0006550550460815,0.8747777777777777,-0.0026444444444446,,0.5306,0.8101851851851852,0.0705360741636436,0.1297738227660363,0.6708007454872131,-7.271766662597656e-06,-0.0,0.6708007454872131,0.5306,-0.0
imdb,iid,20,2025,9,8,0.6284040212631226,0.0010080337524414,0.0363577008247375,-1.1920928955078123e-05,0.8747777777777777,-0.0044666666666666,,0.5306,0.8101851851851852,0.0705360741636436,0.1297738227660363,0.6708007454872131,-1.0728836059570312e-05,-0.0002,0.6708007454872131,0.5306,-0.0002
imdb,iid,20,2025,9,9,0.6284040212631226,0.0010939836502075,0.0363577008247375,-0.0006672143936157,0.8747777777777777,-0.0016333333333333,,0.5306,0.8101851851851852,0.0705360741636436,0.1297738227660363,0.6708007454872131,4.506111145019531e-05,0.0003999999999999,0.6708007454872131,0.5306,0.0003999999999999
imdb,iid,20,2025,9,10,0.6284040212631226,0.0006600618362426,0.0363577008247375,-0.0006550550460815,0.8747777777777777,-0.0177777777777778,,0.5306,0.8101851851851852,0.0705360741636436,0.1297738227660363,0.6708007454872131,-3.993511199951172e-05,-0.0002,0.6708007454872131,0.5306,-0.0002
imdb,iid,20,2025,9,11,0.6284040212631226,0.0006279945373535,0.0363577008247375,-0.0003395676612854,0.8747777777777777,-0.0134222222222224,,0.5306,0.8101851851851852,0.0705360741636436,0.1297738227660363,0.6708007454872131,5.4836273193359375e-06,-0.0,0.6708007454872131,0.5306,-0.0
imdb,iid,20,2025,9,12,0.6284040212631226,0.001222014427185,0.0363577008247375,-0.0006672143936157,0.8747777777777777,0.0295555555555553,,0.5306,0.8101851851851852,0.0705360741636436,0.1297738227660363,0.6708007454872131,1.3947486877441406e-05,0.0001999999999999,0.6708007454872131,0.5306,0.0001999999999999
imdb,iid,20,2025,9,13,0.6284040212631226,0.0008180141448974,0.0363577008247375,-0.0006793141365051,0.8747777777777777,0.0185555555555554,,0.5306,0.8101851851851852,0.0705360741636436,0.1297738227660363,0.6708007454872131,-4.649162292480469e-06,-0.0002,0.6708007454872131,0.5306,-0.0002
imdb,iid,20,2025,9,14,0.6284040212631226,0.0003360509872436,0.0363577008247375,-0.0006550550460815,0.8747777777777777,-0.015688888888889,,0.5306,0.8101851851851852,0.0705360741636436,0.1297738227660363,0.6708007454872131,2.9802322387695312e-05,0.0001999999999999,0.6708007454872131,0.5306,0.0001999999999999
imdb,iid,20,2025,9,15,0.6284040212631226,0.0010100603103637,0.0363577008247375,-0.0003275275230407,0.8747777777777777,0.0009999999999998,,0.5306,0.8101851851851852,0.0705360741636436,0.1297738227660363,0.6708007454872131,-4.613399505615234e-05,-0.0002,0.6708007454872131,0.5306,-0.0002
imdb,iid,20,2025,9,16,0.6284040212631226,0.0002300143241882,0.0363577008247375,-0.0013472437858581,0.8747777777777777,-0.012088888888889,,0.5306,0.8101851851851852,0.0705360741636436,0.1297738227660363,0.6708007454872131,2.264976501464844e-06,0.0001999999999999,0.6708007454872131,0.5306,0.0001999999999999
imdb,iid,20,2025,9,17,0.6284040212631226,0.0005960464477539,0.0363577008247375,-0.0006672143936157,0.8747777777777777,0.0141777777777776,,0.5306,0.8101851851851852,0.0705360741636436,0.1297738227660363,0.6708007454872131,8.046627044677734e-06,0.0001999999999999,0.6708007454872131,0.5306,0.0001999999999999
imdb,iid,20,2025,9,18,0.6284040212631226,-0.0001299381256103,0.0363577008247375,-0.0016750693321228,0.8747777777777777,-0.0161777777777778,,0.5306,0.8101851851851852,0.0705360741636436,0.1297738227660363,0.6708007454872131,-2.104043960571289e-05,-0.0,0.6708007454872131,0.5306,-0.0
imdb,iid,20,2025,9,19,0.6284040212631226,0.0018000602722167,0.0363577008247375,-0.0006672143936157,0.8747777777777777,0.0033999999999998,,0.5306,0.8101851851851852,0.0705360741636436,0.1297738227660363,0.6708007454872131,-2.181529998779297e-05,-0.0,0.6708007454872131,0.5306,-0.0
imdb,iid,20,2025,10,0,0.6274960041046143,-0.0019699931144714,0.0263402462005615,-0.0003016591072082,0.8754,-0.0093555555555555,,0.5736,0.8132854578096947,0.1825876662636034,0.2982225148123765,0.6582702994346619,5.2034854888916016e-05,-0.0,0.6582702994346619,0.5736,-0.0
imdb,iid,20,2025,10,1,0.6274960041046143,-0.0008580088615417,0.0263402462005615,8.165836334228516e-06,0.8754,0.0009999999999998,,0.5736,0.8132854578096947,0.1825876662636034,0.2982225148123765,0.6582702994346619,3.319978713989258e-05,-0.0,0.6582702994346619,0.5736,-0.0
imdb,iid,20,2025,10,2,0.6274960041046143,-0.0004220008850097,0.0263402462005615,-0.000318169593811,0.8754,-0.0072666666666665,,0.5736,0.8132854578096947,0.1825876662636034,0.2982225148123765,0.6582702994346619,1.6927719116210938e-05,-0.0,0.6582702994346619,0.5736,-0.0
imdb,iid,20,2025,10,3,0.6274960041046143,-0.0009980201721191,0.0263402462005615,0.0003018379211425,0.8754,-0.0154,,0.5736,0.8132854578096947,0.1825876662636034,0.2982225148123765,0.6582702994346619,-8.821487426757812e-06,-0.0,0.6582702994346619,0.5736,-0.0
imdb,iid,20,2025,10,4,0.6274960041046143,-0.0013760328292846,0.0263402462005615,0.0003098845481872,0.8754,-0.0183333333333333,,0.5736,0.8132854578096947,0.1825876662636034,0.2982225148123765,0.6582702994346619,-1.0609626770019531e-05,-0.0001999999999999,0.6582702994346619,0.5736,-0.0001999999999999
imdb,iid,20,2025,10,5,0.6274960041046143,-0.0010440349578857,0.0263402462005615,0.0,0.8754,-0.0277333333333331,,0.5736,0.8132854578096947,0.1825876662636034,0.2982225148123765,0.6582702994346619,-2.41994857788086e-05,-0.0,0.6582702994346619,0.5736,-0.0
imdb,iid,20,2025,10,6,0.6274960041046143,-0.000491976737976,0.0263402462005615,0.0003259778022766,0.8754,-0.0238666666666667,,0.5736,0.8132854578096947,0.1825876662636034,0.2982225148123765,0.6582702994346619,-1.817941665649414e-05,-0.0001999999999999,0.6582702994346619,0.5736,-0.0001999999999999
imdb,iid,20,2025,10,7,0.6274960041046143,-0.0010260343551635,0.0263402462005615,-0.0003016591072082,0.8754,-0.0056888888888888,,0.5736,0.8132854578096947,0.1825876662636034,0.2982225148123765,0.6582702994346619,-4.172325134277344e-07,-0.0,0.6582702994346619,0.5736,-0.0
imdb,iid,20,2025,10,8,0.6274960041046143,-0.0005019903182983,0.0263402462005615,-0.000318169593811,0.8754,-0.0337111111111112,,0.5736,0.8132854578096947,0.1825876662636034,0.2982225148123765,0.6582702994346619,-5.7220458984375e-06,-0.0003999999999999,0.6582702994346619,0.5736,-0.0003999999999999
imdb,iid,20,2025,10,9,0.6274960041046143,-0.0013679862022399,0.0263402462005615,0.0,0.8754,-0.0126444444444446,,0.5736,0.8132854578096947,0.1825876662636034,0.2982225148123765,0.6582702994346619,3.856420516967773e-05,-0.0,0.6582702994346619,0.5736,-0.0
imdb,iid,20,2025,10,10,0.6274960041046143,-0.0009399652481079,0.0263402462005615,0.0003098845481872,0.8754,0.0027999999999999,,0.5736,0.8132854578096947,0.1825876662636034,0.2982225148123765,0.6582702994346619,-3.5822391510009766e-05,-0.0003999999999999,0.6582702994346619,0.5736,-0.0003999999999999
imdb,iid,20,2025,10,11,0.6274960041046143,-0.001628041267395,0.0263402462005615,0.0003179311752319,0.8754,-0.0181777777777778,,0.5736,0.8132854578096947,0.1825876662636034,0.2982225148123765,0.6582702994346619,3.516674041748047e-06,-0.0,0.6582702994346619,0.5736,-0.0
imdb,iid,20,2025,10,12,0.6274960041046143,-0.0013940334320068,0.0263402462005615,0.0003098845481872,0.8754,-0.0079555555555557,,0.5736,0.8132854578096947,0.1825876662636034,0.2982225148123765,0.6582702994346619,1.7464160919189453e-05,-0.0,0.6582702994346619,0.5736,-0.0
imdb,iid,20,2025,10,13,0.6274960041046143,-0.0010179877281188,0.0263402462005615,0.0003018379211425,0.8754,-0.0185111111111111,,0.5736,0.8132854578096947,0.1825876662636034,0.2982225148123765,0.6582702994346619,-4.172325134277344e-07,-0.0,0.6582702994346619,0.5736,-0.0
imdb,iid,20,2025,10,14,0.6274960041046143,6.80088996887207e-05,0.0263402462005615,0.0003098845481872,0.8754,0.0019333333333335,,0.5736,0.8132854578096947,0.1825876662636034,0.2982225148123765,0.6582702994346619,2.610683441162109e-05,-0.0,0.6582702994346619,0.5736,-0.0
imdb,iid,20,2025,10,15,0.6274960041046143,-0.0015820264816284,0.0263402462005615,-0.0002933740615844,0.8754,-0.0163777777777778,,0.5736,0.8132854578096947,0.1825876662636034,0.2982225148123765,0.6582702994346619,-5.030632019042969e-05,-0.0001999999999999,0.6582702994346619,0.5736,-0.0001999999999999
imdb,iid,20,2025,10,16,0.6274960041046143,-0.0017939805984497,0.0263402462005615,-0.000628113746643,0.8754,-0.0166444444444442,,0.5736,0.8132854578096947,0.1825876662636034,0.2982225148123765,0.6582702994346619,3.6954879760742175e-06,0.0001999999999999,0.6582702994346619,0.5736,0.0001999999999999
imdb,iid,20,2025,10,17,0.6274960041046143,-0.0026080012321472,0.0263402462005615,0.0003098845481872,0.8754,-0.0154222222222222,,0.5736,0.8132854578096947,0.1825876662636034,0.2982225148123765,0.6582702994346619,1.1444091796875e-05,0.0001999999999999,0.6582702994346619,0.5736,0.0001999999999999
imdb,iid,20,2025,10,18,0.6274960041046143,-0.0006400346755981,0.0263402462005615,-0.000628113746643,0.8754,-0.0038666666666666,,0.5736,0.8132854578096947,0.1825876662636034,0.2982225148123765,0.6582702994346619,-1.9729137420654297e-05,-0.0001999999999999,0.6582702994346619,0.5736,-0.0001999999999999
imdb,iid,20,2025,10,19,0.6274960041046143,-0.0014359951019287,0.0263402462005615,8.165836334228516e-06,0.8754,-0.0213555555555555,,0.5736,0.8132854578096947,0.1825876662636034,0.2982225148123765,0.6582702994346619,-2.8967857360839844e-05,-0.0001999999999999,0.6582702994346619,0.5736,-0.0001999999999999
imdb,iid,4,2025,1,0,0.6711180210113525,1.2040138244628906e-05,0.1139143705368042,-0.0006331801414489,0.8615111111111111,0.0015777777777779,,0.5038,0.0,0.0,0.0,0.7091506719589233,0.0001662373542785,-0.0,0.7091506719589233,0.5038,-0.0
imdb,iid,4,2025,1,1,0.6711180210113525,-0.0010459423065185,0.1139143705368042,0.0021676421165466,0.8615111111111111,0.002911111111111,,0.5038,0.0,0.0,0.0,0.7091506719589233,-0.0002644658088684,-0.0,0.7091506719589233,0.5038,-0.0
imdb,iid,4,2025,1,2,0.6711180210113525,-0.0054680109024047,0.1139143705368042,-0.0079714059829711,0.8615111111111111,0.024822222222222,,0.5038,0.0,0.0,0.0,0.7091506719589233,-0.0002018809318542,-0.0,0.7091506719589233,0.5038,-0.0
imdb,iid,4,2025,1,3,0.6711180210113525,0.0017600059509277,0.1139143705368042,0.0021272897720336,0.8615111111111111,-0.0033777777777777,,0.5038,0.0,0.0,0.0,0.7091506719589233,0.0002956390380859,-0.0,0.7091506719589233,0.5038,-0.0
imdb,iid,4,2025,2,0,0.6026999950408936,-0.0004940032958984,0.0353367328643798,0.0003337264060974,0.8106666666666669,-0.0027777777777775,,0.5292,0.839572192513369,0.0632809351068117,0.1176911544227886,0.6678519248962402,9.91225242614746e-05,-0.0006,0.6678519248962402,0.5292,-0.0006
imdb,iid,4,2025,2,1,0.6026999950408936,0.0001839995384216,0.0353367328643798,2.1338462829589844e-05,0.8106666666666669,-0.0043111111111109,,0.5292,0.839572192513369,0.0632809351068117,0.1176911544227886,0.6678519248962402,-8.58306884765625e-05,-0.0008,0.6678519248962402,0.5292,-0.0008
imdb,iid,4,2025,2,2,0.6026999950408936,-0.0009779930114746,0.0353367328643798,-0.0004751086235046,0.8106666666666669,-0.0180222222222219,,0.5292,0.839572192513369,0.0632809351068117,0.1176911544227886,0.6678519248962402,-0.0003960728645324,-0.0018,0.6678519248962402,0.5292,-0.0018
imdb,iid,4,2025,2,3,0.6026999950408936,0.0021439790725708,0.0353367328643798,0.0004284977912902,0.8106666666666669,-0.0140888888888885,,0.5292,0.839572192513369,0.0632809351068117,0.1176911544227886,0.6678519248962402,0.0003840923309326,0.0001999999999999,0.6678519248962402,0.5292,0.0001999999999999
imdb,iid,4,2025,3,0,0.6164020299911499,0.0018460154533386,0.0242666602134704,0.0007435083389282,0.8102666666666665,0.0089111111111108,,0.7202,0.8266908212560387,0.5517936316001613,0.6618322455885908,0.5836400389671326,-2.8908252716064453e-05,-0.0008,0.5836400389671326,0.7202,-0.0008
imdb,iid,4,2025,3,1,0.6164020299911499,0.0005160570144653,0.0242666602134704,-0.0005399584770202,0.8102666666666665,-0.0089333333333334,,0.7202,0.8266908212560387,0.5517936316001613,0.6618322455885908,0.5836400389671326,0.0002492070198059,-0.0006,0.5836400389671326,0.7202,-0.0006
imdb,iid,4,2025,3,2,0.6164020299911499,0.0029660463333129,0.0242666602134704,0.0007309317588806,0.8102666666666665,0.0110444444444441,,0.7202,0.8266908212560387,0.5517936316001613,0.6618322455885908,0.5836400389671326,-0.0005527138710021,-0.0012,0.5836400389671326,0.7202,-0.0012
imdb,iid,4,2025,3,3,0.6164020299911499,-4.398822784423828e-05,0.0242666602134704,0.0004953145980834,0.8102666666666665,0.0172444444444443,,0.7202,0.8266908212560387,0.5517936316001613,0.6618322455885908,0.5836400389671326,0.0003525614738464,0.002,0.5836400389671326,0.7202,0.002
imdb,iid,4,2025,4,0,0.6486200094223022,0.0005559921264648,0.0453509092330932,-0.0006348490715026,0.7641333333333333,-0.0275333333333331,,0.7732,0.821173104434907,0.694074969770254,0.7522935779816514,0.4972679615020752,-0.0001101493835449,-0.0008,0.4972679615020752,0.7732,-0.0008
imdb,iid,4,2025,4,1,0.6486200094223022,0.001796007156372,0.0453509092330932,0.0,0.7641333333333333,-0.0493555555555556,,0.7732,0.821173104434907,0.694074969770254,0.7522935779816514,0.4972679615020752,0.000286042690277,-0.0003999999999999,0.4972679615020752,0.7732,-0.0003999999999999
imdb,iid,4,2025,4,2,0.6486200094223022,0.0016460418701171,0.0453509092330932,-0.0002996325492858,0.7641333333333333,-0.0791111111111111,,0.7732,0.821173104434907,0.694074969770254,0.7522935779816514,0.4972679615020752,-0.0008580088615417,-0.0018,0.4972679615020752,0.7732,-0.0018
imdb,iid,4,2025,4,3,0.6486200094223022,-0.0010479688644409,0.0453509092330932,-0.0013022422790527,0.7641333333333333,-0.0288555555555556,,0.7732,0.821173104434907,0.694074969770254,0.7522935779816514,0.4972679615020752,0.0007375180721282,0.001,0.4972679615020752,0.7732,0.001
imdb,iid,4,2025,5,0,0.6695699691772461,-0.0001760721206665,0.0788753628730773,0.0001509189605712,0.7627000000000002,-0.0122777777777776,,0.798,0.8282016956715752,0.7480854494155582,0.7861075815332487,0.4477736353874206,-0.0002050697803497,-0.0003999999999999,0.4477736353874206,0.798,-0.0003999999999999
imdb,iid,4,2025,5,1,0.6695699691772461,-0.0013880729675292,0.0788753628730773,0.0007464885711669,0.7627000000000002,-0.0254555555555553,,0.798,0.8282016956715752,0.7480854494155582,0.7861075815332487,0.4477736353874206,0.0003116130828857,-0.0001999999999999,0.4477736353874206,0.798,-0.0001999999999999
imdb,iid,4,2025,5,2,0.6695699691772461,-0.0011480450630187,0.0788753628730773,0.0007270574569702,0.7627000000000002,-0.039811111111111,,0.798,0.8282016956715752,0.7480854494155582,0.7861075815332487,0.4477736353874206,-0.0008925795555114,-0.0015999999999999,0.4477736353874206,0.798,-0.0015999999999999
imdb,iid,4,2025,5,3,0.6695699691772461,-0.0008720159530639,0.0788753628730773,-0.0008456110954284,0.7627000000000002,-0.0214222222222222,,0.798,0.8282016956715752,0.7480854494155582,0.7861075815332487,0.4477736353874206,0.0008724629878997,0.0004,0.4477736353874206,0.798,0.0004
imdb,iid,4,2025,6,0,0.68476402759552,-0.0008419752120971,0.111439824104309,-0.0015907883644104,0.7816000000000001,0.0252000000000001,,0.812,0.8288518992744345,0.7827488915759774,0.8051409618573798,0.4212114214897156,-0.0002143383026123,-0.0003999999999999,0.4212114214897156,0.812,-0.0003999999999999
imdb,iid,4,2025,6,1,0.68476402759552,0.000364065170288,0.111439824104309,-0.0009058713912963,0.7816000000000001,-0.0093999999999998,,0.812,0.8288518992744345,0.7827488915759774,0.8051409618573798,0.4212114214897156,0.00028857588768,-0.0007999999999999,0.4212114214897156,0.812,-0.0007999999999999
imdb,iid,4,2025,6,2,0.68476402759552,0.0001120567321777,0.111439824104309,-0.0016422271728515,0.7816000000000001,0.0314,,0.812,0.8288518992744345,0.7827488915759774,0.8051409618573798,0.4212114214897156,-0.0007807612419128,-0.0005999999999999,0.4212114214897156,0.812,-0.0005999999999999
imdb,iid,4,2025,6,3,0.68476402759552,0.0001260042190551,0.111439824104309,-5.501508712768555e-05,0.7816000000000001,-0.0129999999999999,,0.812,0.8288518992744345,0.7827488915759774,0.8051409618573798,0.4212114214897156,0.0007821321487426,0.0004,0.4212114214897156,0.812,0.0004
imdb,iid,4,2025,7,0,0.6959999799728394,5.400180816650391e-05,0.1409068703651428,-0.0005220770835876,0.7379777777777776,-0.0169555555555556,,0.8198,0.8283458021612635,0.8033051189036678,0.8156333128708819,0.4041598737239837,-0.0001435279846191,-0.0008,0.4041598737239837,0.8198,-0.0008
imdb,iid,4,2025,7,1,0.6959999799728394,0.0013560056686401,0.1409068703651428,-0.000623345375061,0.7379777777777776,0.0241555555555554,,0.8198,0.8283458021612635,0.8033051189036678,0.8156333128708819,0.4041598737239837,0.0002522766590118,0.0005999999999999,0.4041598737239837,0.8198,0.0005999999999999
imdb,iid,4,2025,7,2,0.6959999799728394,0.0021659731864929,0.1409068703651428,0.0001064538955688,0.7379777777777776,0.005111111111111,,0.8198,0.8283458021612635,0.8033051189036678,0.8156333128708819,0.4041598737239837,-0.000652402639389,-0.0006,0.4041598737239837,0.8198,-0.0006
imdb,iid,4,2025,7,3,0.6959999799728394,0.0005580186843872,0.1409068703651428,-0.0016364455223083,0.7379777777777776,-0.0462666666666669,,0.8198,0.8283458021612635,0.8033051189036678,0.8156333128708819,0.4041598737239837,0.0006319880485534,-0.0,0.4041598737239837,0.8198,-0.0
imdb,iid,4,2025,8,0,0.703000009059906,-0.0001220107078552,0.1709982752799987,0.0005271434783935,0.6445555555555558,-0.0123555555555552,,0.8264,0.8295872496935023,0.8182184602982668,0.8238636363636364,0.3917904198169708,-0.0001102089881896,0.0008,0.3917904198169708,0.8264,0.0008
imdb,iid,4,2025,8,1,0.703000009059906,0.000152051448822,0.1709982752799987,-0.0005620121955871,0.6445555555555558,-0.0076222222222219,,0.8264,0.8295872496935023,0.8182184602982668,0.8238636363636364,0.3917904198169708,0.0002453327178955,0.0001999999999999,0.3917904198169708,0.8264,0.0001999999999999
imdb,iid,4,2025,8,2,0.703000009059906,-0.0005779862403869,0.1709982752799987,0.0020252466201782,0.6445555555555558,0.0429777777777782,,0.8264,0.8295872496935023,0.8182184602982668,0.8238636363636364,0.3917904198169708,-0.0005381107330322,-0.0001999999999999,0.3917904198169708,0.8264,-0.0001999999999999
imdb,iid,4,2025,8,3,0.703000009059906,-0.0020000338554382,0.1709982752799987,-0.0004441738128662,0.6445555555555558,-0.0237999999999996,,0.8264,0.8295872496935023,0.8182184602982668,0.8238636363636364,0.3917904198169708,0.0004843473434448,-0.0008,0.3917904198169708,0.8264,-0.0008
imdb,iid,4,2025,9,0,0.7097820043563843,0.0002620220184326,0.1942636966705322,-0.0023587346076965,0.6739999999999999,-0.0201555555555554,,0.8286,0.82821341956346,0.8258766626360339,0.8270433905146317,0.3821288049221039,-9.09566879272461e-05,0.0003999999999999,0.3821288049221039,0.8286,0.0003999999999999
imdb,iid,4,2025,9,1,0.7097820043563843,-0.0007979869842529,0.1942636966705322,-0.0012050867080688,0.6739999999999999,-0.0179555555555555,,0.8286,0.82821341956346,0.8258766626360339,0.8270433905146317,0.3821288049221039,0.0002212822437286,-0.0003999999999999,0.3821288049221039,0.8286,-0.0003999999999999
imdb,iid,4,2025,9,2,0.7097820043563843,0.0005559921264648,0.1942636966705322,9.363889694213869e-05,0.6739999999999999,0.0201777777777778,,0.8286,0.82821341956346,0.8258766626360339,0.8270433905146317,0.3821288049221039,-0.000430405139923,-0.0001999999999999,0.3821288049221039,0.8286,-0.0001999999999999
imdb,iid,4,2025,9,3,0.7097820043563843,-0.0007779598236083,0.1942636966705322,-0.0012050867080688,0.6739999999999999,-0.0123333333333333,,0.8286,0.82821341956346,0.8258766626360339,0.8270433905146317,0.3821288049221039,0.0003804862499237,-0.0003999999999999,0.3821288049221039,0.8286,-0.0003999999999999
imdb,iid,4,2025,10,0,0.7151179909706116,-0.000137984752655,0.2137367725372314,-0.0008235573768615,0.7313555555555555,0.0362888888888888,,0.8342,0.8319935691318328,0.8343409915356711,0.8331656268866975,0.3742587268352508,-6.517767906188965e-05,0.0002,0.3742587268352508,0.8342,0.0002
imdb,iid,4,2025,10,1,0.7151179909706116,0.0005059838294982,0.2137367725372314,-0.000137448310852,0.7313555555555555,0.0714666666666667,,0.8342,0.8319935691318328,0.8343409915356711,0.8331656268866975,0.3742587268352508,0.0002087652683258,0.0006,0.3742587268352508,0.8342,0.0006
imdb,iid,4,2025,10,2,0.7151179909706116,-0.0007200241088867,0.2137367725372314,-0.0009606480598449,0.7313555555555555,0.0260888888888888,,0.8342,0.8319935691318328,0.8343409915356711,0.8331656268866975,0.3742587268352508,-0.0003632307052612,-0.0003999999999999,0.3742587268352508,0.8342,-0.0003999999999999
imdb,iid,4,2025,10,3,0.7151179909706116,0.0001119971275329,0.2137367725372314,-0.0009945034980773,0.7313555555555555,0.0012,,0.8342,0.8319935691318328,0.8343409915356711,0.8331656268866975,0.3742587268352508,0.0002930462360382,0.001,0.3742587268352508,0.8342,0.001
imdb,iid,20,9928,1,0,0.5280159711837769,-0.0010080337524414,0.0,0.0,0.9046444444444444,-0.011688888888889,,0.4962,0.4962,1.0,0.663280310118968,0.6974888443946838,2.86102294921875e-05,-0.0,0.6974888443946838,0.4962,-0.0
imdb,iid,20,9928,1,1,0.5280159711837769,-0.0010120272636413,0.0,0.0,0.9046444444444444,0.0210888888888889,,0.4962,0.4962,1.0,0.663280310118968,0.6974888443946838,1.0728836059570312e-05,-0.0,0.6974888443946838,0.4962,-0.0
imdb,iid,20,9928,1,2,0.5280159711837769,0.0001179575920104,0.0,0.0,0.9046444444444444,-0.0151777777777779,,0.4962,0.4962,1.0,0.663280310118968,0.6974888443946838,-1.0251998901367188e-05,-0.0,0.6974888443946838,0.4962,-0.0
imdb,iid,20,9928,1,3,0.5280159711837769,-0.0005480051040649,0.0,0.0,0.9046444444444444,-0.0332222222222222,,0.4962,0.4962,1.0,0.663280310118968,0.6974888443946838,1.1920928955078123e-05,-0.0,0.6974888443946838,0.4962,-0.0
imdb,iid,20,9928,1,4,0.5280159711837769,-0.0008620023727416,0.0,0.0,0.9046444444444444,-0.0203333333333333,,0.4962,0.4962,1.0,0.663280310118968,0.6974888443946838,2.41994857788086e-05,-0.0,0.6974888443946838,0.4962,-0.0
imdb,iid,20,9928,1,5,0.5280159711837769,-0.0002880096435546,0.0,0.0,0.9046444444444444,0.0740666666666665,,0.4962,0.4962,1.0,0.663280310118968,0.6974888443946838,-3.039836883544922e-06,-0.0,0.6974888443946838,0.4962,-0.0
imdb,iid,20,9928,1,6,0.5280159711837769,-0.0001060366630554,0.0,0.0,0.9046444444444444,-0.0030888888888889,,0.4962,0.4962,1.0,0.663280310118968,0.6974888443946838,-2.1338462829589844e-05,-0.0,0.6974888443946838,0.4962,-0.0
imdb,iid,20,9928,1,7,0.5280159711837769,-0.0005019903182983,0.0,0.0,0.9046444444444444,0.0064444444444442,,0.4962,0.4962,1.0,0.663280310118968,0.6974888443946838,-2.16364860534668e-05,-0.0,0.6974888443946838,0.4962,-0.0
imdb,iid,20,9928,1,8,0.5280159711837769,-0.0009260177612304,0.0,0.0,0.9046444444444444,0.0026444444444444,,0.4962,0.4962,1.0,0.663280310118968,0.6974888443946838,-1.0728836059570312e-05,-0.0,0.6974888443946838,0.4962,-0.0
imdb,iid,20,9928,1,9,0.5280159711837769,-0.0004460215568542,0.0,0.0,0.9046444444444444,0.0025111111111111,,0.4962,0.4962,1.0,0.663280310118968,0.6974888443946838,-1.823902130126953e-05,-0.0,0.6974888443946838,0.4962,-0.0
imdb,iid,20,9928,1,10,0.5280159711837769,0.0002520084381103,0.0,0.0,0.9046444444444444,-0.0062444444444442,,0.4962,0.4962,1.0,0.663280310118968,0.6974888443946838,-5.304813385009766e-06,-0.0,0.6974888443946838,0.4962,-0.0
imdb,iid,20,9928,1,11,0.5280159711837769,-0.0004200339317321,0.0,0.0,0.9046444444444444,0.0538444444444443,,0.4962,0.4962,1.0,0.663280310118968,0.6974888443946838,3.2782554626464844e-05,-0.0,0.6974888443946838,0.4962,-0.0
imdb,iid,20,9928,1,12,0.5280159711837769,0.0001919269561767,0.0,0.0,0.9046444444444444,0.0074222222222222,,0.4962,0.4962,1.0,0.663280310118968,0.6974888443946838,-1.919269561767578e-05,-0.0,0.6974888443946838,0.4962,-0.0
imdb,iid,20,9928,1,13,0.5280159711837769,-0.0002820491790771,0.0,0.0,0.9046444444444444,-0.0069111111111113,,0.4962,0.4962,1.0,0.663280310118968,0.6974888443946838,7.62939453125e-06,-0.0,0.6974888443946838,0.4962,-0.0
imdb,iid,20,9928,1,14,0.5280159711837769,8.594989776611328e-05,0.0,0.0,0.9046444444444444,-0.0237555555555555,,0.4962,0.4962,1.0,0.663280310118968,0.6974888443946838,8.52346420288086e-06,-0.0,0.6974888443946838,0.4962,-0.0
imdb,iid,20,9928,1,15,0.5280159711837769,-0.0004220008850097,0.0,0.0,0.9046444444444444,-0.040488888888889,,0.4962,0.4962,1.0,0.663280310118968,0.6974888443946838,1.9073486328125e-06,-0.0,0.6974888443946838,0.4962,-0.0
imdb,iid,20,9928,1,16,0.5280159711837769,-0.0011640191078186,0.0,0.0,0.9046444444444444,0.0062444444444442,,0.4962,0.4962,1.0,0.663280310118968,0.6974888443946838,-1.1086463928222656e-05,-0.0,0.6974888443946838,0.4962,-0.0
imdb,iid,20,9928,1,17,0.5280159711837769,-0.0011600255966186,0.0,0.0,0.9046444444444444,-0.0126444444444444,,0.4962,0.4962,1.0,0.663280310118968,0.6974888443946838,2.104043960571289e-05,-0.0,0.6974888443946838,0.4962,-0.0
imdb,iid,20,9928,1,18,0.5280159711837769,-0.0002779960632324,0.0,0.0,0.9046444444444444,0.0189666666666665,,0.4962,0.4962,1.0,0.663280310118968,0.6974888443946838,-2.974271774291992e-05,-0.0,0.6974888443946838,0.4962,-0.0
imdb,iid,20,9928,1,19,0.5280159711837769,-0.0002800226211547,0.0,0.0,0.9046444444444444,-0.0151111111111112,,0.4962,0.4962,1.0,0.663280310118968,0.6974888443946838,4.231929779052734e-06,-0.0,0.6974888443946838,0.4962,-0.0
imdb,iid,20,9928,2,0,0.5713880062103271,-0.0001779794692993,0.0,0.0,0.887,-0.0275777777777779,,0.4962,0.4962,1.0,0.663280310118968,0.7056246399879456,5.549192428588867e-05,-0.0,0.7056246399879456,0.4962,-0.0
imdb,iid,20,9928,2,1,0.5713880062103271,0.0016579627990722,0.0,0.0,0.887,-0.0755222222222222,,0.4962,0.4962,1.0,0.663280310118968,0.7056246399879456,1.043081283569336e-05,-0.0,0.7056246399879456,0.4962,-0.0
imdb,iid,20,9928,2,2,0.5713880062103271,6.198883056640625e-05,0.0,0.0,0.887,-0.0424666666666666,,0.4962,0.4962,1.0,0.663280310118968,0.7056246399879456,-3.814697265625e-06,-0.0,0.7056246399879456,0.4962,-0.0
imdb,iid,20,9928,2,3,0.5713880062103271,0.000353991985321,0.0,0.0,0.887,-0.0656444444444444,,0.4962,0.4962,1.0,0.663280310118968,0.7056246399879456,2.9325485229492188e-05,-0.0,0.7056246399879456,0.4962,-0.0
imdb,iid,20,9928,2,4,0.5713880062103271,0.0010740160942077,0.0,0.0,0.887,-0.0648444444444444,,0.4962,0.4962,1.0,0.663280310118968,0.7056246399879456,4.4286251068115234e-05,-0.0,0.7056246399879456,0.4962,-0.0
imdb,iid,20,9928,2,5,0.5713880062103271,0.0005120038986206,0.0,0.0,0.887,0.0214444444444443,,0.4962,0.4962,1.0,0.663280310118968,0.7056246399879456,-1.0192394256591795e-05,-0.0,0.7056246399879456,0.4962,-0.0
imdb,iid,20,9928,2,6,0.5713880062103271,0.0005819797515869,0.0,0.0,0.887,-0.0258555555555557,,0.4962,0.4962,1.0,0.663280310118968,0.7056246399879456,-2.7835369110107425e-05,-0.0,0.7056246399879456,0.4962,-0.0
imdb,iid,20,9928,2,7,0.5713880062103271,-0.0007439851760864,0.0,0.0,0.887,-0.0758444444444443,,0.4962,0.4962,1.0,0.663280310118968,0.7056246399879456,-2.765655517578125e-05,-0.0,0.7056246399879456,0.4962,-0.0
imdb,iid,20,9928,2,8,0.5713880062103271,0.0002779960632324,0.0,0.0,0.887,-0.0217333333333331,,0.4962,0.4962,1.0,0.663280310118968,0.7056246399879456,-9.47713851928711e-06,-0.0,0.7056246399879456,0.4962,-0.0
imdb,iid,20,9928,2,9,0.5713880062103271,0.0017759799957275,0.0,0.0,0.887,0.0037777777777778,,0.4962,0.4962,1.0,0.663280310118968,0.7056246399879456,-3.3020973205566406e-05,-0.0,0.7056246399879456,0.4962,-0.0
imdb,iid,20,9928,2,10,0.5713880062103271,0.0008679628372192,0.0,0.0,0.887,-0.0816888888888889,,0.4962,0.4962,1.0,0.663280310118968,0.7056246399879456,-1.5556812286376953e-05,-0.0,0.7056246399879456,0.4962,-0.0
imdb,iid,20,9928,2,11,0.5713880062103271,0.0019500255584716,0.0,0.0,0.887,-0.0697555555555553,,0.4962,0.4962,1.0,0.663280310118968,0.7056246399879456,5.710124969482422e-05,-0.0,0.7056246399879456,0.4962,-0.0
imdb,iid,20,9928,2,12,0.5713880062103271,-3.2007694244384766e-05,0.0,0.0,0.887,-0.0496444444444443,,0.4962,0.4962,1.0,0.663280310118968,0.7056246399879456,-3.802776336669922e-05,-0.0,0.7056246399879456,0.4962,-0.0
imdb,iid,20,9928,2,13,0.5713880062103271,0.0015640258789062,0.0,0.0,0.887,-0.0411555555555556,,0.4962,0.4962,1.0,0.663280310118968,0.7056246399879456,8.463859558105469e-06,-0.0,0.7056246399879456,0.4962,-0.0
imdb,iid,20,9928,2,14,0.5713880062103271,-0.0011399984359741,0.0,0.0,0.887,-0.0757777777777777,,0.4962,0.4962,1.0,0.663280310118968,0.7056246399879456,2.682209014892578e-05,-0.0,0.7056246399879456,0.4962,-0.0
imdb,iid,20,9928,2,15,0.5713880062103271,-0.0001579523086547,0.0,0.0,0.887,-0.0349222222222223,,0.4962,0.4962,1.0,0.663280310118968,0.7056246399879456,-1.049041748046875e-05,-0.0,0.7056246399879456,0.4962,-0.0
imdb,iid,20,9928,2,16,0.5713880062103271,0.0015560388565063,0.0,0.0,0.887,-0.0371888888888889,,0.4962,0.4962,1.0,0.663280310118968,0.7056246399879456,-2.1696090698242188e-05,-0.0,0.7056246399879456,0.4962,-0.0
imdb,iid,20,9928,2,17,0.5713880062103271,0.0003520250320434,0.0,0.0,0.887,-0.0644444444444443,,0.4962,0.4962,1.0,0.663280310118968,0.7056246399879456,3.081560134887695e-05,-0.0,0.7056246399879456,0.4962,-0.0
imdb,iid,20,9928,2,18,0.5713880062103271,0.0002700090408325,0.0,0.0,0.887,-0.0811999999999999,,0.4962,0.4962,1.0,0.663280310118968,0.7056246399879456,-5.704164505004883e-05,-0.0,0.7056246399879456,0.4962,-0.0
imdb,iid,20,9928,2,19,0.5713880062103271,0.0006020069122314,0.0,0.0,0.887,-0.0713111111111111,,0.4962,0.4962,1.0,0.663280310118968,0.7056246399879456,-6.496906280517578e-06,-0.0,0.7056246399879456,0.4962,-0.0
imdb,iid,20,9928,3,0,0.5932400226593018,0.0011320114135742,0.0022497177124023,-2.562999725341797e-06,0.8640222222222222,-0.0041555555555554,,0.4962,0.4962,1.0,0.663280310118968,0.7115479111671448,7.933378219604492e-05,-0.0,0.7115479111671448,0.4962,-0.0
imdb,iid,20,9928,3,1,0.5932400226593018,0.0039120316505432,0.0022497177124023,0.0003763437271118,0.8640222222222222,0.0186444444444444,,0.4962,0.4962,1.0,0.663280310118968,0.7115479111671448,8.702278137207031e-06,-0.0,0.7115479111671448,0.4962,-0.0
imdb,iid,20,9928,3,2,0.5932400226593018,0.0004000067710876,0.0022497177124023,-2.562999725341797e-06,0.8640222222222222,0.0226888888888889,,0.4962,0.4962,1.0,0.663280310118968,0.7115479111671448,1.5497207641601562e-06,-0.0,0.7115479111671448,0.4962,-0.0
imdb,iid,20,9928,3,3,0.5932400226593018,0.0006459951400756,0.0022497177124023,8.344650268554688e-07,0.8640222222222222,0.0100222222222223,,0.4962,0.4962,1.0,0.663280310118968,0.7115479111671448,3.707408905029297e-05,-0.0,0.7115479111671448,0.4962,-0.0
imdb,iid,20,9928,3,4,0.5932400226593018,0.0024000406265258,0.0022497177124023,-1.6689300537109375e-06,0.8640222222222222,0.0177111111111112,,0.4962,0.4962,1.0,0.663280310118968,0.7115479111671448,6.246566772460938e-05,-0.0,0.7115479111671448,0.4962,-0.0
imdb,iid,20,9928,3,5,0.5932400226593018,3.600120544433594e-05,0.0022497177124023,-1.6689300537109375e-06,0.8640222222222222,0.0234888888888891,,0.4962,0.4962,1.0,0.663280310118968,0.7115479111671448,-1.3530254364013672e-05,-0.0,0.7115479111671448,0.4962,-0.0
imdb,iid,20,9928,3,6,0.5932400226593018,0.0007400512695312,0.0022497177124023,0.0,0.8640222222222222,0.0022222222222221,,0.4962,0.4962,1.0,0.663280310118968,0.7115479111671448,-3.618001937866211e-05,-0.0,0.7115479111671448,0.4962,-0.0
imdb,iid,20,9928,3,7,0.5932400226593018,2.026557922363281e-06,0.0022497177124023,-8.344650268554688e-07,0.8640222222222222,-0.0202222222222219,,0.4962,0.4962,1.0,0.663280310118968,0.7115479111671448,-3.236532211303711e-05,-0.0,0.7115479111671448,0.4962,-0.0
imdb,iid,20,9928,3,8,0.5932400226593018,-0.0015999674797058,0.0022497177124023,-5.066394805908203e-06,0.8640222222222222,0.0038888888888888,,0.4962,0.4962,1.0,0.663280310118968,0.7115479111671448,-8.404254913330078e-06,-0.0,0.7115479111671448,0.4962,-0.0
imdb,iid,20,9928,3,9,0.5932400226593018,7.998943328857422e-05,0.0022497177124023,-8.344650268554688e-07,0.8640222222222222,0.0032,,0.4962,0.4962,1.0,0.663280310118968,0.7115479111671448,-4.422664642333984e-05,-0.0,0.7115479111671448,0.4962,-0.0
imdb,iid,20,9928,3,10,0.5932400226593018,-3.600120544433594e-05,0.0022497177124023,0.0,0.8640222222222222,0.0111555555555555,,0.4962,0.4962,1.0,0.663280310118968,0.7115479111671448,-2.2590160369873047e-05,-0.0,0.7115479111671448,0.4962,-0.0
imdb,iid,20,9928,3,11,0.5932400226593018,-1.96695327758789e-06,0.0022497177124023,3.3974647521972656e-06,0.8640222222222222,0.008822222222222,,0.4962,0.4962,1.0,0.663280310118968,0.7115479111671448,6.985664367675781e-05,-0.0,0.7115479111671448,0.4962,-0.0
imdb,iid,20,9928,3,12,0.5932400226593018,0.0005840063095092,0.0022497177124023,-2.562999725341797e-06,0.8640222222222222,0.0290888888888889,,0.4962,0.4962,1.0,0.663280310118968,0.7115479111671448,-5.0067901611328125e-05,-0.0,0.7115479111671448,0.4962,-0.0
imdb,iid,20,9928,3,13,0.5932400226593018,0.0002859830856323,0.0022497177124023,8.344650268554688e-07,0.8640222222222222,0.0079555555555557,,0.4962,0.4962,1.0,0.663280310118968,0.7115479111671448,1.1444091796875e-05,-0.0,0.7115479111671448,0.4962,-0.0
imdb,iid,20,9928,3,14,0.5932400226593018,-6.401538848876953e-05,0.0022497177124023,-3.3974647521972656e-06,0.8640222222222222,0.0209111111111111,,0.4962,0.4962,1.0,0.663280310118968,0.7115479111671448,3.701448440551758e-05,-0.0,0.7115479111671448,0.4962,-0.0
imdb,iid,20,9928,3,15,0.5932400226593018,0.0016959905624389,0.0022497177124023,8.344650268554688e-07,0.8640222222222222,0.0074666666666667,,0.4962,0.4962,1.0,0.663280310118968,0.7115479111671448,-2.03847885131836e-05,-0.0,0.7115479111671448,0.4962,-0.0
imdb,iid,20,9928,3,16,0.5932400226593018,0.0018140077590942,0.0022497177124023,1.6689300537109375e-06,0.8640222222222222,0.0200666666666666,,0.4962,0.4962,1.0,0.663280310118968,0.7115479111671448,-2.6166439056396484e-05,-0.0,0.7115479111671448,0.4962,-0.0
imdb,iid,20,9928,3,17,0.5932400226593018,0.0004920363426208,0.0022497177124023,0.0,0.8640222222222222,0.0074888888888888,,0.4962,0.4962,1.0,0.663280310118968,0.7115479111671448,3.1888484954833984e-05,-0.0,0.7115479111671448,0.4962,-0.0
imdb,iid,20,9928,3,18,0.5932400226593018,-0.0006200075149536,0.0022497177124023,-2.562999725341797e-06,0.8640222222222222,0.0183333333333335,,0.4962,0.4962,1.0,0.663280310118968,0.7115479111671448,-6.961822509765625e-05,-0.0,0.7115479111671448,0.4962,-0.0
imdb,iid,20,9928,3,19,0.5932400226593018,0.0012739896774291,0.0022497177124023,4.231929779052734e-06,0.8640222222222222,-0.0145333333333332,,0.4962,0.4962,1.0,0.663280310118968,0.7115479111671448,-1.5079975128173828e-05,-0.0,0.7115479111671448,0.4962,-0.0
imdb,iid,20,9928,4,0,0.6004040241241455,-0.0017939805984497,0.0047341585159301,-3.457069396972656e-06,0.9096888888888888,0.0017111111111109,,0.4962,0.4962,1.0,0.663280310118968,0.7131850719451904,9.369850158691406e-05,-0.0,0.7131850719451904,0.4962,-0.0
imdb,iid,20,9928,4,1,0.6004040241241455,0.0012720227241516,0.0047341585159301,-6.9141387939453125e-06,0.9096888888888888,0.0138555555555555,,0.4962,0.4962,1.0,0.663280310118968,0.7131850719451904,4.887580871582031e-06,-0.0,0.7131850719451904,0.4962,-0.0
imdb,iid,20,9928,4,2,0.6004040241241455,-0.0013499855995178,0.0047341585159301,-6.9141387939453125e-06,0.9096888888888888,0.0006666666666665,,0.4962,0.4962,1.0,0.663280310118968,0.7131850719451904,5.4836273193359375e-06,-0.0,0.7131850719451904,0.4962,-0.0
imdb,iid,20,9928,4,3,0.6004040241241455,-0.0001819729804992,0.0047341585159301,0.0003641843795776,0.9096888888888888,0.0038777777777776,,0.4962,0.4962,1.0,0.663280310118968,0.7131850719451904,4.333257675170898e-05,-0.0,0.7131850719451904,0.4962,-0.0
imdb,iid,20,9928,4,4,0.6004040241241455,-0.0009700059890747,0.0047341585159301,-3.457069396972656e-06,0.9096888888888888,-0.0004222222222223,,0.4962,0.4962,1.0,0.663280310118968,0.7131850719451904,7.456541061401367e-05,-0.0,0.7131850719451904,0.4962,-0.0
imdb,iid,20,9928,4,5,0.6004040241241455,0.0005480051040649,0.0047341585159301,0.0,0.9096888888888888,0.0009999999999998,,0.4962,0.4962,1.0,0.663280310118968,0.7131850719451904,-1.0788440704345705e-05,-0.0,0.7131850719451904,0.4962,-0.0
imdb,iid,20,9928,4,6,0.6004040241241455,-0.0014139413833618,0.0047341585159301,-1.728534698486328e-06,0.9096888888888888,0.0278444444444443,,0.4962,0.4962,1.0,0.663280310118968,0.7131850719451904,-4.798173904418945e-05,-0.0,0.7131850719451904,0.4962,-0.0
imdb,iid,20,9928,4,7,0.6004040241241455,-0.0008720159530639,0.0047341585159301,0.0,0.9096888888888888,-0.0103333333333335,,0.4962,0.4962,1.0,0.663280310118968,0.7131850719451904,-3.659725189208984e-05,-0.0,0.7131850719451904,0.4962,-0.0
imdb,iid,20,9928,4,8,0.6004040241241455,-6.794929504394531e-05,0.0047341585159301,-5.185604095458984e-06,0.9096888888888888,-0.0003555555555556,,0.4962,0.4962,1.0,0.663280310118968,0.7131850719451904,-4.112720489501953e-06,-0.0,0.7131850719451904,0.4962,-0.0
imdb,iid,20,9928,4,9,0.6004040241241455,-0.0007799863815307,0.0047341585159301,-1.728534698486328e-06,0.9096888888888888,0.0153444444444443,,0.4962,0.4962,1.0,0.663280310118968,0.7131850719451904,-5.125999450683594e-05,-0.0,0.7131850719451904,0.4962,-0.0
imdb,iid,20,9928,4,10,0.6004040241241455,-0.0011059641838073,0.0047341585159301,0.0,0.9096888888888888,-0.0065777777777777,,0.4962,0.4962,1.0,0.663280310118968,0.7131850719451904,-2.5033950805664062e-05,-0.0,0.7131850719451904,0.4962,-0.0
imdb,iid,20,9928,4,11,0.6004040241241455,-0.0001299381256103,0.0047341585159301,-3.457069396972656e-06,0.9096888888888888,0.0071555555555553,,0.4962,0.4962,1.0,0.663280310118968,0.7131850719451904,7.903575897216797e-05,-0.0,0.7131850719451904,0.4962,-0.0
imdb,iid,20,9928,4,12,0.6004040241241455,-0.0006120204925537,0.0047341585159301,-3.457069396972656e-06,0.9096888888888888,-0.004088888888889,,0.4962,0.4962,1.0,0.663280310118968,0.7131850719451904,-5.751848220825195e-05,-0.0,0.7131850719451904,0.4962,-0.0
imdb,iid,20,9928,4,13,0.6004040241241455,-0.0002499818801879,0.0047341585159301,-1.728534698486328e-06,0.9096888888888888,-0.0180666666666668,,0.4962,0.4962,1.0,0.663280310118968,0.7131850719451904,1.4901161193847656e-05,-0.0,0.7131850719451904,0.4962,-0.0
imdb,iid,20,9928,4,14,0.6004040241241455,-0.0008099675178527,0.0047341585159301,-1.728534698486328e-06,0.9096888888888888,0.0271888888888887,,0.4962,0.4962,1.0,0.663280310118968,0.7131850719451904,4.136562347412109e-05,-0.0,0.7131850719451904,0.4962,-0.0
imdb,iid,20,9928,4,15,0.6004040241241455,-0.0003339648246765,0.0047341585159301,1.728534698486328e-06,0.9096888888888888,0.0015111111111107,,0.4962,0.4962,1.0,0.663280310118968,0.7131850719451904,-2.992153167724609e-05,-0.0,0.7131850719451904,0.4962,-0.0
imdb,iid,20,9928,4,16,0.6004040241241455,0.0010920166969299,0.0047341585159301,-1.728534698486328e-06,0.9096888888888888,0.0018222222222219,,0.4962,0.4962,1.0,0.663280310118968,0.7131850719451904,-2.765655517578125e-05,-0.0,0.7131850719451904,0.4962,-0.0
imdb,iid,20,9928,4,17,0.6004040241241455,-0.0014139413833618,0.0047341585159301,-1.728534698486328e-06,0.9096888888888888,-0.0066666666666665,,0.4962,0.4962,1.0,0.663280310118968,0.7131850719451904,2.753734588623047e-05,-0.0,0.7131850719451904,0.4962,-0.0
imdb,iid,20,9928,4,18,0.6004040241241455,-0.0015439987182617,0.0047341585159301,-6.9141387939453125e-06,0.9096888888888888,0.0045444444444444,,0.4962,0.4962,1.0,0.663280310118968,0.7131850719451904,-7.432699203491211e-05,-0.0,0.7131850719451904,0.4962,-0.0
imdb,iid,20,9928,4,19,0.6004040241241455,0.0015580654144287,0.0047341585159301,0.0,0.9096888888888888,-0.0030888888888889,,0.4962,0.4962,1.0,0.663280310118968,0.7131850719451904,-2.1278858184814453e-05,-0.0,0.7131850719451904,0.4962,-0.0
imdb,iid,20,9928,5,0,0.6007139682769775,-0.0011300444602966,0.0066784024238586,-1.4066696166992188e-05,0.8420444444444446,0.017888888888889,,0.4962,0.4962,1.0,0.663280310118968,0.710254967212677,9.649991989135742e-05,-0.0,0.710254967212677,0.4962,-0.0
imdb,iid,20,9928,5,1,0.6007139682769775,-0.0002220273017883,0.0066784024238586,0.0003626346588134,0.8420444444444446,0.002177777777778,,0.4962,0.4962,1.0,0.663280310118968,0.710254967212677,2.1457672119140625e-06,-0.0,0.710254967212677,0.4962,-0.0
imdb,iid,20,9928,5,2,0.6007139682769775,-0.0021940469741821,0.0066784024238586,-1.4066696166992188e-05,0.8420444444444446,0.0006222222222225,,0.4962,0.4962,1.0,0.663280310118968,0.710254967212677,6.854534149169922e-06,-0.0,0.710254967212677,0.4962,-0.0
imdb,iid,20,9928,5,3,0.6007139682769775,-2.4020671844482425e-05,0.0066784024238586,0.0,0.8420444444444446,0.0076444444444445,,0.4962,0.4962,1.0,0.663280310118968,0.710254967212677,4.51207160949707e-05,-0.0,0.710254967212677,0.4962,-0.0
imdb,iid,20,9928,5,4,0.6007139682769775,-0.0012880563735961,0.0066784024238586,-4.649162292480469e-06,0.8420444444444446,0.0056444444444447,,0.4962,0.4962,1.0,0.663280310118968,0.710254967212677,8.255243301391602e-05,-0.0,0.710254967212677,0.4962,-0.0
imdb,iid,20,9928,5,5,0.6007139682769775,-0.0011840462684631,0.0066784024238586,-1.4066696166992188e-05,0.8420444444444446,0.0168666666666668,,0.4962,0.4962,1.0,0.663280310118968,0.710254967212677,-8.940696716308594e-06,-0.0,0.710254967212677,0.4962,-0.0
imdb,iid,20,9928,5,6,0.6007139682769775,-0.0011260509490966,0.0066784024238586,0.0,0.8420444444444446,0.0162000000000002,,0.4962,0.4962,1.0,0.663280310118968,0.710254967212677,-6.0617923736572266e-05,-0.0,0.710254967212677,0.4962,-0.0
imdb,iid,20,9928,5,7,0.6007139682769775,-0.000178039073944,0.0066784024238586,-1.1742115020751951e-05,0.8420444444444446,0.0028444444444446,,0.4962,0.4962,1.0,0.663280310118968,0.710254967212677,-3.510713577270508e-05,-0.0,0.710254967212677,0.4962,-0.0
imdb,iid,20,9928,5,8,0.6007139682769775,-0.0020760297775268,0.0066784024238586,-1.6450881958007812e-05,0.8420444444444446,-0.013311111111111,,0.4962,0.4962,1.0,0.663280310118968,0.710254967212677,1.0132789611816406e-06,-0.0,0.710254967212677,0.4962,-0.0
imdb,iid,20,9928,5,9,0.6007139682769775,-0.0009200572967529,0.0066784024238586,-4.649162292480469e-06,0.8420444444444446,-0.0176444444444443,,0.4962,0.4962,1.0,0.663280310118968,0.710254967212677,-5.400180816650391e-05,-0.0,0.710254967212677,0.4962,-0.0
imdb,iid,20,9928,5,10,0.6007139682769775,-0.0006800293922424,0.0066784024238586,-7.033348083496094e-06,0.8420444444444446,0.0137777777777778,,0.4962,0.4962,1.0,0.663280310118968,0.710254967212677,-2.539157867431641e-05,-0.0,0.710254967212677,0.4962,-0.0
imdb,iid,20,9928,5,11,0.6007139682769775,0.0003939867019653,0.0066784024238586,-4.649162292480469e-06,0.8420444444444446,0.0191333333333334,,0.4962,0.4962,1.0,0.663280310118968,0.710254967212677,8.535385131835938e-05,-0.0,0.710254967212677,0.4962,-0.0
imdb,iid,20,9928,5,12,0.6007139682769775,0.0002700090408325,0.0066784024238586,-9.357929229736328e-06,0.8420444444444446,-0.0034666666666662,,0.4962,0.4962,1.0,0.663280310118968,0.710254967212677,-6.127357482910156e-05,-0.0,0.710254967212677,0.4962,-0.0
imdb,iid,20,9928,5,13,0.6007139682769775,0.0004760026931762,0.0066784024238586,2.384185791015625e-06,0.8420444444444446,0.0105333333333335,,0.4962,0.4962,1.0,0.663280310118968,0.710254967212677,2.1278858184814453e-05,-0.0,0.710254967212677,0.4962,-0.0
imdb,iid,20,9928,5,14,0.6007139682769775,-0.0003840327262878,0.0066784024238586,-1.6450881958007812e-05,0.8420444444444446,-0.0033333333333331,,0.4962,0.4962,1.0,0.663280310118968,0.710254967212677,4.1604042053222656e-05,-0.0,0.710254967212677,0.4962,-0.0
imdb,iid,20,9928,5,15,0.6007139682769775,-0.000868022441864,0.0066784024238586,-4.649162292480469e-06,0.8420444444444446,0.0068000000000001,,0.4962,0.4962,1.0,0.663280310118968,0.710254967212677,-3.1828880310058594e-05,-0.0,0.710254967212677,0.4962,-0.0
imdb,iid,20,9928,5,16,0.6007139682769775,-0.0009080171585083,0.0066784024238586,4.708766937255859e-06,0.8420444444444446,-0.0034444444444443,,0.4962,0.4962,1.0,0.663280310118968,0.710254967212677,-2.789497375488281e-05,-0.0,0.710254967212677,0.4962,-0.0
imdb,iid,20,9928,5,17,0.6007139682769775,-0.000722050666809,0.0066784024238586,0.0,0.8420444444444446,0.020088888888889,,0.4962,0.4962,1.0,0.663280310118968,0.710254967212677,2.1159648895263672e-05,-0.0,0.710254967212677,0.4962,-0.0
imdb,iid,20,9928,5,18,0.6007139682769775,-0.0007440447807312,0.0066784024238586,-2.1159648895263672e-05,0.8420444444444446,-0.0037333333333331,,0.4962,0.4962,1.0,0.663280310118968,0.710254967212677,-7.43865966796875e-05,-0.0,0.710254967212677,0.4962,-0.0
imdb,iid,20,9928,5,19,0.6007139682769775,-0.0009280443191528,0.0066784024238586,9.41753387451172e-06,0.8420444444444446,0.0121111111111114,,0.4962,0.4962,1.0,0.663280310118968,0.710254967212677,-2.3603439331054688e-05,-0.0,0.710254967212677,0.4962,-0.0
imdb,iid,20,9928,6,0,0.5984539985656738,-0.0001460313796997,0.0091587305068969,0.0003241896629333,0.8765333333333334,-0.0338666666666667,,0.4962,0.4961984793917567,0.9995969367190648,0.6631902660783527,0.7032585144042969,9.5367431640625e-05,-0.0,0.7032585144042969,0.4962,-0.0
imdb,iid,20,9928,6,1,0.5984539985656738,0.0006679892539978,0.0091587305068969,0.0013779401779174,0.8765333333333334,-0.024088888888889,,0.4962,0.4961984793917567,0.9995969367190648,0.6631902660783527,0.7032585144042969,-1.1920928955078125e-06,-0.0,0.7032585144042969,0.4962,-0.0
imdb,iid,20,9928,6,2,0.5984539985656738,-0.0004119873046875,0.0091587305068969,-1.245737075805664e-05,0.8765333333333334,-0.0264888888888887,,0.4962,0.4961984793917567,0.9995969367190648,0.6631902660783527,0.7032585144042969,8.463859558105469e-06,-0.0,0.7032585144042969,0.4962,-0.0
imdb,iid,20,9928,6,3,0.5984539985656738,0.000573992729187,0.0091587305068969,0.0017061829566955,0.8765333333333334,-0.0180333333333333,,0.4962,0.4961984793917567,0.9995969367190648,0.6631902660783527,0.7032585144042969,4.786252975463867e-05,-0.0,0.7032585144042969,0.4962,-0.0
imdb,iid,20,9928,6,4,0.5984539985656738,0.001118004322052,0.0091587305068969,0.000669777393341,0.8765333333333334,-0.0319111111111112,,0.4962,0.4961984793917567,0.9995969367190648,0.6631902660783527,0.7032585144042969,8.922815322875977e-05,-0.0,0.7032585144042969,0.4962,-0.0
imdb,iid,20,9928,6,5,0.5984539985656738,-0.000573992729187,0.0091587305068969,0.000669777393341,0.8765333333333334,-0.0075333333333331,,0.4962,0.4961984793917567,0.9995969367190648,0.6631902660783527,0.7032585144042969,-5.841255187988281e-06,-0.0,0.7032585144042969,0.4962,-0.0
imdb,iid,20,9928,6,6,0.5984539985656738,-0.0006259679794311,0.0091587305068969,0.000669777393341,0.8765333333333334,-0.0232888888888889,,0.4962,0.4961984793917567,0.9995969367190648,0.6631902660783527,0.7032585144042969,-7.200241088867188e-05,-0.0,0.7032585144042969,0.4962,-0.0
imdb,iid,20,9928,6,7,0.5984539985656738,-0.0007339715957641,0.0091587305068969,0.0003272294998168,0.8765333333333334,-0.0197777777777776,,0.4962,0.4961984793917567,0.9995969367190648,0.6631902660783527,0.7032585144042969,-3.0338764190673828e-05,-0.0,0.7032585144042969,0.4962,-0.0
imdb,iid,20,9928,6,8,0.5984539985656738,-0.0014280080795288,0.0091587305068969,-0.0003553628921508,0.8765333333333334,-0.010911111111111,,0.4962,0.4961984793917567,0.9995969367190648,0.6631902660783527,0.7032585144042969,1.1086463928222656e-05,-0.0,0.7032585144042969,0.4962,-0.0
imdb,iid,20,9928,6,9,0.5984539985656738,7.796287536621094e-05,0.0091587305068969,0.0003331899642944,0.8765333333333334,0.0097444444444445,,0.4962,0.4961984793917567,0.9995969367190648,0.6631902660783527,0.7032585144042969,-5.614757537841797e-05,-0.0,0.7032585144042969,0.4962,-0.0
imdb,iid,20,9928,6,10,0.5984539985656738,0.0007120370864868,0.0091587305068969,0.0006726384162902,0.8765333333333334,-0.0244999999999997,,0.4962,0.4961984793917567,0.9995969367190648,0.6631902660783527,0.7032585144042969,-2.09808349609375e-05,-0.0,0.7032585144042969,0.4962,-0.0
imdb,iid,20,9928,6,11,0.5984539985656738,-0.0001280307769775,0.0091587305068969,0.0017011165618896,0.8765333333333334,-0.0087555555555554,,0.4962,0.4961984793917567,0.9995969367190648,0.6631902660783527,0.7032585144042969,8.571147918701172e-05,-0.0,0.7032585144042969,0.4962,-0.0
imdb,iid,20,9928,6,12,0.5984539985656738,0.0013059973716735,0.0091587305068969,-1.245737075805664e-05,0.8765333333333334,-0.0289777777777777,,0.4962,0.4961984793917567,0.9995969367190648,0.6631902660783527,0.7032585144042969,-6.270408630371094e-05,-0.0,0.7032585144042969,0.4962,-0.0
imdb,iid,20,9928,6,13,0.5984539985656738,0.0013960003852844,0.0091587305068969,-0.0003359913825988,0.8765333333333334,-0.0102444444444442,,0.4962,0.4961984793917567,0.9995969367190648,0.6631902660783527,0.7032585144042969,2.2172927856445312e-05,-0.0,0.7032585144042969,0.4962,-0.0
imdb,iid,20,9928,6,14,0.5984539985656738,8.398294448852539e-05,0.0091587305068969,-1.5556812286376953e-05,0.8765333333333334,0.0042000000000002,,0.4962,0.4961984793917567,0.9995969367190648,0.6631902660783527,0.7032585144042969,3.9517879486083984e-05,-0.0,0.7032585144042969,0.4962,-0.0
imdb,iid,20,9928,6,15,0.5984539985656738,0.0012099742889404,0.0091587305068969,0.0006812810897827,0.8765333333333334,-0.0147111111111111,,0.4962,0.4961984793917567,0.9995969367190648,0.6631902660783527,0.7032585144042969,-3.6776065826416016e-05,-0.0,0.7032585144042969,0.4962,-0.0
imdb,iid,20,9928,6,16,0.5984539985656738,-0.0012739896774291,0.0091587305068969,0.0010231137275695,0.8765333333333334,-0.0279777777777776,,0.4962,0.4961984793917567,0.9995969367190648,0.6631902660783527,0.7032585144042969,-2.8848648071289062e-05,-0.0,0.7032585144042969,0.4962,-0.0
imdb,iid,20,9928,6,17,0.5984539985656738,0.0001360177993774,0.0091587305068969,0.0006754994392395,0.8765333333333334,-0.0187111111111109,,0.4962,0.4961984793917567,0.9995969367190648,0.6631902660783527,0.7032585144042969,1.3530254364013672e-05,-0.0,0.7032585144042969,0.4962,-0.0
imdb,iid,20,9928,6,18,0.5984539985656738,0.000815987586975,0.0091587305068969,-9.357929229736328e-06,0.8765333333333334,-0.0233333333333334,,0.4962,0.4961984793917567,0.9995969367190648,0.6631902660783527,0.7032585144042969,-7.098913192749023e-05,-0.0,0.7032585144042969,0.4962,-0.0
imdb,iid,20,9928,6,19,0.5984539985656738,0.0009239912033081,0.0091587305068969,0.001025915145874,0.8765333333333334,-0.0202666666666666,,0.4962,0.4961984793917567,0.9995969367190648,0.6631902660783527,0.7032585144042969,-2.694129943847656e-05,-0.0,0.7032585144042969,0.4962,-0.0
imdb,iid,20,9928,7,0,0.5948939919471741,0.0009459853172302,0.0104404687881469,-6.794929504394531e-06,0.8951,-0.0055666666666667,,0.4976,0.4968931649629184,0.9991938734381298,0.6637215528781794,0.6929609179496765,8.881092071533203e-05,0.0001999999999999,0.6929609179496765,0.4976,0.0001999999999999
imdb,iid,20,9928,7,1,0.5948939919471741,0.0014219880104064,0.0104404687881469,-0.0003192424774169,0.8951,0.0149333333333332,,0.4976,0.4968931649629184,0.9991938734381298,0.6637215528781794,0.6929609179496765,-7.271766662597656e-06,-0.0,0.6929609179496765,0.4976,-0.0
imdb,iid,20,9928,7,2,0.5948939919471741,0.0018759965896606,0.0104404687881469,-3.3974647521972656e-06,0.8951,-0.0087888888888889,,0.4976,0.4968931649629184,0.9991938734381298,0.6637215528781794,0.6929609179496765,7.450580596923828e-06,-0.0,0.6929609179496765,0.4976,-0.0
imdb,iid,20,9928,7,3,0.5948939919471741,0.0018460154533386,0.0104404687881469,-3.3974647521972656e-06,0.8951,-0.0008777777777777,,0.4976,0.4968931649629184,0.9991938734381298,0.6637215528781794,0.6929609179496765,4.667043685913086e-05,-0.0,0.6929609179496765,0.4976,-0.0
imdb,iid,20,9928,7,4,0.5948939919471741,0.0033820271492004,0.0104404687881469,-6.794929504394531e-06,0.8951,-0.0016333333333333,,0.4976,0.4968931649629184,0.9991938734381298,0.6637215528781794,0.6929609179496765,8.803606033325195e-05,-0.0,0.6929609179496765,0.4976,-0.0
imdb,iid,20,9928,7,5,0.5948939919471741,0.0008580088615417,0.0104404687881469,0.0,0.8951,0.0013888888888888,,0.4976,0.4968931649629184,0.9991938734381298,0.6637215528781794,0.6929609179496765,-5.960464477539063e-06,-0.0,0.6929609179496765,0.4976,-0.0
imdb,iid,20,9928,7,6,0.5948939919471741,0.00027996301651,0.0104404687881469,-0.0003227591514587,0.8951,-0.0069666666666667,,0.4976,0.4968931649629184,0.9991938734381298,0.6637215528781794,0.6929609179496765,-7.94529914855957e-05,-0.0,0.6929609179496765,0.4976,-0.0
imdb,iid,20,9928,7,7,0.5948939919471741,0.0003319978713989,0.0104404687881469,0.0,0.8951,0.0468222222222223,,0.4976,0.4968931649629184,0.9991938734381298,0.6637215528781794,0.6929609179496765,-2.437829971313477e-05,-0.0,0.6929609179496765,0.4976,-0.0
imdb,iid,20,9928,7,8,0.5948939919471741,0.0014500021934509,0.0104404687881469,-0.0006597638130187,0.8951,-0.0054555555555555,,0.4976,0.4968931649629184,0.9991938734381298,0.6637215528781794,0.6929609179496765,2.276897430419922e-05,-0.0,0.6929609179496765,0.4976,-0.0
imdb,iid,20,9928,7,9,0.5948939919471741,0.0017679929733276,0.0104404687881469,-0.0003262758255004,0.8951,-0.0200333333333333,,0.4976,0.4968931649629184,0.9991938734381298,0.6637215528781794,0.6929609179496765,-5.21540641784668e-05,-0.0,0.6929609179496765,0.4976,-0.0
imdb,iid,20,9928,7,10,0.5948939919471741,0.0016940236091613,0.0104404687881469,-0.0003297924995422,0.8951,0.0387444444444444,,0.4976,0.4968931649629184,0.9991938734381298,0.6637215528781794,0.6929609179496765,-1.949071884155273e-05,-0.0,0.6929609179496765,0.4976,-0.0
imdb,iid,20,9928,7,11,0.5948939919471741,0.001427948474884,0.0104404687881469,-6.794929504394531e-06,0.8951,0.0107999999999999,,0.4976,0.4968931649629184,0.9991938734381298,0.6637215528781794,0.6929609179496765,8.666515350341797e-05,-0.0,0.6929609179496765,0.4976,-0.0
imdb,iid,20,9928,7,12,0.5948939919471741,0.0019319653511047,0.0104404687881469,-6.794929504394531e-06,0.8951,0.0011666666666665,,0.4976,0.4968931649629184,0.9991938734381298,0.6637215528781794,0.6929609179496765,-6.300210952758789e-05,-0.0,0.6929609179496765,0.4976,-0.0
imdb,iid,20,9928,7,13,0.5948939919471741,0.0010419487953186,0.0104404687881469,0.0,0.8951,-0.0048555555555553,,0.4976,0.4968931649629184,0.9991938734381298,0.6637215528781794,0.6929609179496765,2.4616718292236328e-05,-0.0,0.6929609179496765,0.4976,-0.0
imdb,iid,20,9928,7,14,0.5948939919471741,0.0013739466667175,0.0104404687881469,-0.0003333091735839,0.8951,-0.0047444444444444,,0.4976,0.4968931649629184,0.9991938734381298,0.6637215528781794,0.6929609179496765,3.534555435180664e-05,-0.0,0.6929609179496765,0.4976,-0.0
imdb,iid,20,9928,7,15,0.5948939919471741,0.0016559958457946,0.0104404687881469,-0.0003157258033752,0.8951,0.0027444444444444,,0.4976,0.4968931649629184,0.9991938734381298,0.6637215528781794,0.6929609179496765,-3.552436828613281e-05,-0.0,0.6929609179496765,0.4976,-0.0
imdb,iid,20,9928,7,16,0.5948939919471741,0.0003120303153991,0.0104404687881469,0.0,0.8951,-0.0014999999999998,,0.4976,0.4968931649629184,0.9991938734381298,0.6637215528781794,0.6929609179496765,-2.5033950805664062e-05,-0.0,0.6929609179496765,0.4976,-0.0
imdb,iid,20,9928,7,17,0.5948939919471741,0.0005139708518981,0.0104404687881469,6.794929504394531e-06,0.8951,-0.0055,,0.4976,0.4968931649629184,0.9991938734381298,0.6637215528781794,0.6929609179496765,6.973743438720703e-06,-0.0,0.6929609179496765,0.4976,-0.0
imdb,iid,20,9928,7,18,0.5948939919471741,0.0014399886131286,0.0104404687881469,-1.0192394256591795e-05,0.8951,0.0360555555555557,,0.4976,0.4968931649629184,0.9991938734381298,0.6637215528781794,0.6929609179496765,-6.490945816040039e-05,-0.0,0.6929609179496765,0.4976,-0.0
imdb,iid,20,9928,7,19,0.5948939919471741,0.0015140175819396,0.0104404687881469,1.0192394256591795e-05,0.8951,-0.0150555555555556,,0.4976,0.4968931649629184,0.9991938734381298,0.6637215528781794,0.6929609179496765,-2.8371810913085938e-05,-0.0,0.6929609179496765,0.4976,-0.0
imdb,iid,20,9928,8,0,0.5890600085258484,2.4020671844482425e-05,0.0106817483901977,-0.0003107190132141,0.8868666666666667,-0.0150000000000001,,0.5052,0.5007083586318559,0.9971785570334544,0.6666666666666666,0.6801192164421082,7.963180541992188e-05,-0.0,0.6801192164421082,0.5052,-0.0
imdb,iid,20,9928,8,1,0.5890600085258484,8.046627044677734e-06,0.0106817483901977,0.0,0.8868666666666667,-0.0073999999999998,,0.5052,0.5007083586318559,0.9971785570334544,0.6666666666666666,0.6801192164421082,-1.6033649444580078e-05,-0.0,0.6801192164421082,0.5052,-0.0
imdb,iid,20,9928,8,2,0.5890600085258484,-0.0004460215568542,0.0106817483901977,1.0073184967041016e-05,0.8868666666666667,0.0095111111111112,,0.5052,0.5007083586318559,0.9971785570334544,0.6666666666666666,0.6801192164421082,7.569789886474609e-06,-0.0,0.6801192164421082,0.5052,-0.0
imdb,iid,20,9928,8,3,0.5890600085258484,0.0004220008850097,0.0106817483901977,3.337860107421875e-06,0.8868666666666667,0.0025777777777777,,0.5052,0.5007083586318559,0.9971785570334544,0.6666666666666666,0.6801192164421082,4.690885543823242e-05,-0.0,0.6801192164421082,0.5052,-0.0
imdb,iid,20,9928,8,4,0.5890600085258484,0.0007160305976867,0.0106817483901977,-0.0003107190132141,0.8868666666666667,-0.0203555555555554,,0.5052,0.5007083586318559,0.9971785570334544,0.6666666666666666,0.6801192164421082,8.64267349243164e-05,-0.0,0.6801192164421082,0.5052,-0.0
imdb,iid,20,9928,8,5,0.5890600085258484,1.996755599975586e-05,0.0106817483901977,-0.0006212592124938,0.8868666666666667,-0.0142222222222221,,0.5052,0.5007083586318559,0.9971785570334544,0.6666666666666666,0.6801192164421082,-4.947185516357422e-06,-0.0,0.6801192164421082,0.5052,-0.0
imdb,iid,20,9928,8,6,0.5890600085258484,2.199411392211914e-05,0.0106817483901977,0.000314176082611,0.8868666666666667,-0.0041999999999999,,0.5052,0.5007083586318559,0.9971785570334544,0.6666666666666666,0.6801192164421082,-8.26120376586914e-05,-0.0,0.6801192164421082,0.5052,-0.0
imdb,iid,20,9928,8,7,0.5890600085258484,-0.000320017337799,0.0106817483901977,0.0003206729888916,0.8868666666666667,0.0050444444444444,,0.5052,0.5007083586318559,0.9971785570334544,0.6666666666666666,0.6801192164421082,-1.8417835235595703e-05,-0.0,0.6801192164421082,0.5052,-0.0
imdb,iid,20,9928,8,8,0.5890600085258484,-0.0005480051040649,0.0106817483901977,-0.0003072619438171,0.8868666666666667,-0.008088888888889,,0.5052,0.5007083586318559,0.9971785570334544,0.6666666666666666,0.6801192164421082,3.24249267578125e-05,-0.0,0.6801192164421082,0.5052,-0.0
imdb,iid,20,9928,8,9,0.5890600085258484,0.000461995601654,0.0106817483901977,-0.000314176082611,0.8868666666666667,-0.0050444444444441,,0.5052,0.5007083586318559,0.9971785570334544,0.6666666666666666,0.6801192164421082,-4.673004150390625e-05,-0.0,0.6801192164421082,0.5052,-0.0
imdb,iid,20,9928,8,10,0.5890600085258484,-0.0014799833297729,0.0106817483901977,0.000314176082611,0.8868666666666667,0.0037777777777778,,0.5052,0.5007083586318559,0.9971785570334544,0.6666666666666666,0.6801192164421082,-1.7940998077392578e-05,-0.0,0.6801192164421082,0.5052,-0.0
imdb,iid,20,9928,8,11,0.5890600085258484,-0.0003579854965209,0.0106817483901977,-0.0003072619438171,0.8868666666666667,-0.0129333333333332,,0.5052,0.5007083586318559,0.9971785570334544,0.6666666666666666,0.6801192164421082,8.350610733032227e-05,-0.0,0.6801192164421082,0.5052,-0.0
imdb,iid,20,9928,8,12,0.5890600085258484,-7.998943328857422e-05,0.0106817483901977,0.0,0.8868666666666667,-0.0009999999999998,,0.5052,0.5007083586318559,0.9971785570334544,0.6666666666666666,0.6801192164421082,-6.198883056640625e-05,-0.0,0.6801192164421082,0.5052,-0.0
imdb,iid,20,9928,8,13,0.5890600085258484,0.0003600120544433,0.0106817483901977,0.0,0.8868666666666667,0.0065777777777777,,0.5052,0.5007083586318559,0.9971785570334544,0.6666666666666666,0.6801192164421082,2.580881118774414e-05,-0.0,0.6801192164421082,0.5052,-0.0
imdb,iid,20,9928,8,14,0.5890600085258484,-0.0009559988975524,0.0106817483901977,1.341104507446289e-05,0.8868666666666667,-0.0042444444444442,,0.5052,0.5007083586318559,0.9971785570334544,0.6666666666666666,0.6801192164421082,3.254413604736328e-05,-0.0,0.6801192164421082,0.5052,-0.0
imdb,iid,20,9928,8,15,0.5890600085258484,0.0005900263786315,0.0106817483901977,0.0003206729888916,0.8868666666666667,-0.0139333333333333,,0.5052,0.5007083586318559,0.9971785570334544,0.6666666666666666,0.6801192164421082,-3.6776065826416016e-05,-0.0,0.6801192164421082,0.5052,-0.0
imdb,iid,20,9928,8,16,0.5890600085258484,-0.0007539987564086,0.0106817483901977,0.0,0.8868666666666667,0.014,,0.5052,0.5007083586318559,0.9971785570334544,0.6666666666666666,0.6801192164421082,-2.443790435791016e-05,-0.0,0.6801192164421082,0.5052,-0.0
imdb,iid,20,9928,8,17,0.5890600085258484,0.0006279945373535,0.0106817483901977,1.0073184967041016e-05,0.8868666666666667,-0.0089444444444444,,0.5052,0.5007083586318559,0.9971785570334544,0.6666666666666666,0.6801192164421082,-5.364418029785156e-07,-0.0,0.6801192164421082,0.5052,-0.0
imdb,iid,20,9928,8,18,0.5890600085258484,-7.003545761108398e-05,0.0106817483901977,0.0,0.8868666666666667,-0.0026444444444444,,0.5052,0.5007083586318559,0.9971785570334544,0.6666666666666666,0.6801192164421082,-5.632638931274414e-05,-0.0,0.6801192164421082,0.5052,-0.0
imdb,iid,20,9928,8,19,0.5890600085258484,0.001334011554718,0.0106817483901977,-0.000314176082611,0.8868666666666667,-0.0275777777777777,,0.5052,0.5007083586318559,0.9971785570334544,0.6666666666666666,0.6801192164421082,-2.574920654296875e-05,-0.0,0.6801192164421082,0.5052,-0.0
imdb,iid,20,9928,9,0,0.5872560143470764,0.0009980201721191,0.0099337697029113,0.0,0.8936,0.002,,0.5298,0.5135869565217391,0.9903264812575574,0.6763936682725395,0.6652465462684631,6.830692291259766e-05,-0.0,0.6652465462684631,0.5298,-0.0
imdb,iid,20,9928,9,1,0.5872560143470764,0.0007420182228088,0.0099337697029113,1.4901161193847656e-05,0.8936,0.0156888888888888,,0.5298,0.5135869565217391,0.9903264812575574,0.6763936682725395,0.6652465462684631,-2.086162567138672e-05,-0.0001999999999999,0.6652465462684631,0.5298,-0.0001999999999999
imdb,iid,20,9928,9,2,0.5872560143470764,0.0006060004234313,0.0099337697029113,-9.000301361083984e-06,0.8936,0.0106888888888887,,0.5298,0.5135869565217391,0.9903264812575574,0.6763936682725395,0.6652465462684631,7.62939453125e-06,-0.0,0.6652465462684631,0.5298,-0.0
imdb,iid,20,9928,9,3,0.5872560143470764,0.0005620121955871,0.0099337697029113,8.940696716308594e-06,0.8936,0.0019666666666666,,0.5298,0.5135869565217391,0.9903264812575574,0.6763936682725395,0.6652465462684631,4.64320182800293e-05,-0.0,0.6652465462684631,0.5298,-0.0
imdb,iid,20,9928,9,4,0.5872560143470764,0.0016960501670837,0.0099337697029113,2.9802322387695312e-06,0.8936,0.012911111111111,,0.5298,0.5135869565217391,0.9903264812575574,0.6763936682725395,0.6652465462684631,8.481740951538086e-05,-0.0,0.6652465462684631,0.5298,-0.0
imdb,iid,20,9928,9,5,0.5872560143470764,0.001226007938385,0.0099337697029113,2.9802322387695312e-06,0.8936,0.0042888888888887,,0.5298,0.5135869565217391,0.9903264812575574,0.6763936682725395,0.6652465462684631,-7.748603820800781e-06,-0.0,0.6652465462684631,0.5298,-0.0
imdb,iid,20,9928,9,6,0.5872560143470764,0.0002440214157104,0.0099337697029113,-0.0002948641777038,0.8936,0.0351444444444444,,0.5298,0.5135869565217391,0.9903264812575574,0.6763936682725395,0.6652465462684631,-8.416175842285156e-05,-0.0001999999999999,0.6652465462684631,0.5298,-0.0001999999999999
imdb,iid,20,9928,9,7,0.5872560143470764,-0.0006939768791198,0.0099337697029113,0.0,0.8936,0.0199999999999997,,0.5298,0.5135869565217391,0.9903264812575574,0.6763936682725395,0.6652465462684631,-6.973743438720703e-06,-0.0001999999999999,0.6652465462684631,0.5298,-0.0001999999999999
imdb,iid,20,9928,9,8,0.5872560143470764,0.0007399916648864,0.0099337697029113,-0.000304102897644,0.8936,0.0079111111111112,,0.5298,0.5135869565217391,0.9903264812575574,0.6763936682725395,0.6652465462684631,3.868341445922852e-05,-0.0,0.6652465462684631,0.5298,-0.0
imdb,iid,20,9928,9,9,0.5872560143470764,0.0016840100288391,0.0099337697029113,8.940696716308594e-06,0.8936,0.005711111111111,,0.5298,0.5135869565217391,0.9903264812575574,0.6763936682725395,0.6652465462684631,-4.32729721069336e-05,-0.0003999999999999,0.6652465462684631,0.5298,-0.0003999999999999
imdb,iid,20,9928,9,10,0.5872560143470764,0.0006840229034423,0.0099337697029113,0.0,0.8936,-0.0073333333333331,,0.5298,0.5135869565217391,0.9903264812575574,0.6763936682725395,0.6652465462684631,-1.2636184692382812e-05,-0.0,0.6652465462684631,0.5298,-0.0
imdb,iid,20,9928,9,11,0.5872560143470764,1.0013580322265623e-05,0.0099337697029113,8.940696716308594e-06,0.8936,0.0078888888888888,,0.5298,0.5135869565217391,0.9903264812575574,0.6763936682725395,0.6652465462684631,7.963180541992188e-05,-0.0,0.6652465462684631,0.5298,-0.0
imdb,iid,20,9928,9,12,0.5872560143470764,0.0004140138626098,0.0099337697029113,-2.9802322387695312e-06,0.8936,-0.0018555555555554,,0.5298,0.5135869565217391,0.9903264812575574,0.6763936682725395,0.6652465462684631,-5.4776668548583984e-05,-0.0005999999999999,0.6652465462684631,0.5298,-0.0005999999999999
imdb,iid,20,9928,9,13,0.5872560143470764,-0.0001259446144104,0.0099337697029113,8.940696716308594e-06,0.8936,-0.0137777777777778,,0.5298,0.5135869565217391,0.9903264812575574,0.6763936682725395,0.6652465462684631,2.4616718292236328e-05,-0.0,0.6652465462684631,0.5298,-0.0
imdb,iid,20,9928,9,14,0.5872560143470764,0.0008040070533752,0.0099337697029113,-5.960464477539063e-06,0.8936,0.0242888888888888,,0.5298,0.5135869565217391,0.9903264812575574,0.6763936682725395,0.6652465462684631,2.920627593994141e-05,-0.0,0.6652465462684631,0.5298,-0.0
imdb,iid,20,9928,9,15,0.5872560143470764,0.0011579990386962,0.0099337697029113,5.960464477539063e-06,0.8936,0.0163777777777776,,0.5298,0.5135869565217391,0.9903264812575574,0.6763936682725395,0.6652465462684631,-3.74913215637207e-05,-0.0003999999999999,0.6652465462684631,0.5298,-0.0003999999999999
imdb,iid,20,9928,9,16,0.5872560143470764,0.0009179711341857,0.0099337697029113,1.1920928955078123e-05,0.8936,-0.0097333333333333,,0.5298,0.5135869565217391,0.9903264812575574,0.6763936682725395,0.6652465462684631,-2.7954578399658203e-05,-0.0001999999999999,0.6652465462684631,0.5298,-0.0001999999999999
imdb,iid,20,9928,9,17,0.5872560143470764,0.0002279877662658,0.0099337697029113,8.940696716308594e-06,0.8936,0.0053777777777777,,0.5298,0.5135869565217391,0.9903264812575574,0.6763936682725395,0.6652465462684631,-1.4126300811767578e-05,-0.0,0.6652465462684631,0.5298,-0.0
imdb,iid,20,9928,9,18,0.5872560143470764,0.000349998474121,0.0099337697029113,-5.960464477539063e-06,0.8936,0.0175555555555553,,0.5298,0.5135869565217391,0.9903264812575574,0.6763936682725395,0.6652465462684631,-4.571676254272461e-05,-0.0,0.6652465462684631,0.5298,-0.0
imdb,iid,20,9928,9,19,0.5872560143470764,0.0014720559120178,0.0099337697029113,5.960464477539063e-06,0.8936,-0.0062000000000002,,0.5298,0.5135869565217391,0.9903264812575574,0.6763936682725395,0.6652465462684631,-2.491474151611328e-05,-0.0001999999999999,0.6652465462684631,0.5298,-0.0001999999999999
imdb,iid,20,9928,10,0,0.5895240306854248,0.0027199983596801,0.0103986263275146,-9.000301361083984e-06,0.9020444444444444,-0.0088888888888889,,0.573,0.5385816235504014,0.973397823458283,0.6934673366834171,0.6488432884216309,5.668401718139648e-05,0.0011999999999999,0.6488432884216309,0.573,0.0011999999999999
imdb,iid,20,9928,10,1,0.5895240306854248,0.0024280548095703,0.0103986263275146,-0.0002826452255249,0.9020444444444444,0.0058333333333333,,0.573,0.5385816235504014,0.973397823458283,0.6934673366834171,0.6488432884216309,-2.7060508728027344e-05,0.0001999999999999,0.6488432884216309,0.573,0.0001999999999999
imdb,iid,20,9928,10,2,0.5895240306854248,0.00245201587677,0.0103986263275146,-0.000310480594635,0.9020444444444444,-0.0074,,0.573,0.5385816235504014,0.973397823458283,0.6934673366834171,0.6488432884216309,6.496906280517578e-06,0.0003999999999999,0.6488432884216309,0.573,0.0003999999999999
imdb,iid,20,9928,10,3,0.5895240306854248,0.0026400089263916,0.0103986263275146,0.0002917647361755,0.9020444444444444,-0.0119333333333333,,0.573,0.5385816235504014,0.973397823458283,0.6934673366834171,0.6488432884216309,4.929304122924805e-05,0.0003999999999999,0.6488432884216309,0.573,0.0003999999999999
imdb,iid,20,9928,10,4,0.5895240306854248,0.0034180283546447,0.0103986263275146,-0.0002950429916381,0.9020444444444444,0.0116888888888888,,0.573,0.5385816235504014,0.973397823458283,0.6934673366834171,0.6488432884216309,7.832050323486328e-05,0.0007999999999999,0.6488432884216309,0.573,0.0007999999999999
imdb,iid,20,9928,10,5,0.5895240306854248,0.0011240243911743,0.0103986263275146,-0.0002919435501098,0.9020444444444444,0.0003111111111109,,0.573,0.5385816235504014,0.973397823458283,0.6934673366834171,0.6488432884216309,-6.437301635742188e-06,0.0001999999999999,0.6488432884216309,0.573,0.0001999999999999
imdb,iid,20,9928,10,6,0.5895240306854248,0.0033380389213562,0.0103986263275146,-2.9802322387695312e-06,0.9020444444444444,0.0113555555555555,,0.573,0.5385816235504014,0.973397823458283,0.6934673366834171,0.6488432884216309,-8.624792098999023e-05,-0.0002,0.6488432884216309,0.573,-0.0002
imdb,iid,20,9928,10,7,0.5895240306854248,0.0021820068359375,0.0103986263275146,3.039836883544922e-06,0.9020444444444444,-0.0021777777777778,,0.573,0.5385816235504014,0.973397823458283,0.6934673366834171,0.6488432884216309,2.80141830444336e-06,0.0001999999999999,0.6488432884216309,0.573,0.0001999999999999
imdb,iid,20,9928,10,8,0.5895240306854248,0.002261996269226,0.0103986263275146,-0.0003042817115783,0.9020444444444444,-0.0027777777777777,,0.573,0.5385816235504014,0.973397823458283,0.6934673366834171,0.6488432884216309,4.64320182800293e-05,0.001,0.6488432884216309,0.573,0.001
imdb,iid,20,9928,10,9,0.5895240306854248,0.0024080276489257,0.0103986263275146,-0.0002919435501098,0.9020444444444444,-0.0116666666666667,,0.573,0.5385816235504014,0.973397823458283,0.6934673366834171,0.6488432884216309,-3.540515899658203e-05,-0.0,0.6488432884216309,0.573,-0.0
imdb,iid,20,9928,10,10,0.5895240306854248,0.0012800693511962,0.0103986263275146,-0.0002919435501098,0.9020444444444444,-0.0152888888888889,,0.573,0.5385816235504014,0.973397823458283,0.6934673366834171,0.6488432884216309,-8.344650268554688e-06,0.0001999999999999,0.6488432884216309,0.573,0.0001999999999999
imdb,iid,20,9928,10,11,0.5895240306854248,0.0018880367279052,0.0103986263275146,-0.0002950429916381,0.9020444444444444,-0.0108222222222222,,0.573,0.5385816235504014,0.973397823458283,0.6934673366834171,0.6488432884216309,7.450580596923828e-05,0.001,0.6488432884216309,0.573,0.001
imdb,iid,20,9928,10,12,0.5895240306854248,0.0018560290336608,0.0103986263275146,-0.0002919435501098,0.9020444444444444,-0.0171555555555555,,0.573,0.5385816235504014,0.973397823458283,0.6934673366834171,0.6488432884216309,-4.845857620239258e-05,-0.0,0.6488432884216309,0.573,-0.0
imdb,iid,20,9928,10,13,0.5895240306854248,0.0019460320472717,0.0103986263275146,-0.0002919435501098,0.9020444444444444,-0.0032666666666665,,0.573,0.5385816235504014,0.973397823458283,0.6934673366834171,0.6488432884216309,2.1278858184814453e-05,0.0003999999999999,0.6488432884216309,0.573,0.0003999999999999
imdb,iid,20,9928,10,14,0.5895240306854248,0.0022120475769042,0.0103986263275146,-0.0003042817115783,0.9020444444444444,-0.0080888888888888,,0.573,0.5385816235504014,0.973397823458283,0.6934673366834171,0.6488432884216309,2.5093555450439453e-05,0.0003999999999999,0.6488432884216309,0.573,0.0003999999999999
imdb,iid,20,9928,10,15,0.5895240306854248,0.001255989074707,0.0103986263275146,3.039836883544922e-06,0.9020444444444444,-0.0399555555555557,,0.573,0.5385816235504014,0.973397823458283,0.6934673366834171,0.6488432884216309,-3.5822391510009766e-05,-0.0,0.6488432884216309,0.573,-0.0
imdb,iid,20,9928,10,16,0.5895240306854248,0.0021080374717712,0.0103986263275146,-0.0002826452255249,0.9020444444444444,-0.0074888888888891,,0.573,0.5385816235504014,0.973397823458283,0.6934673366834171,0.6488432884216309,-3.236532211303711e-05,0.0001999999999999,0.6488432884216309,0.573,0.0001999999999999
imdb,iid,20,9928,10,17,0.5895240306854248,0.0028600692749023,0.0103986263275146,-0.0002857446670532,0.9020444444444444,-0.0209999999999999,,0.573,0.5385816235504014,0.973397823458283,0.6934673366834171,0.6488432884216309,-2.1696090698242188e-05,0.0003999999999999,0.6488432884216309,0.573,0.0003999999999999
imdb,iid,20,9928,10,18,0.5895240306854248,0.0021080374717712,0.0103986263275146,-0.0003073811531066,0.9020444444444444,0.0030888888888886,,0.573,0.5385816235504014,0.973397823458283,0.6934673366834171,0.6488432884216309,-3.534555435180664e-05,0.0001999999999999,0.6488432884216309,0.573,0.0001999999999999
imdb,iid,20,9928,10,19,0.5895240306854248,0.0021080374717712,0.0103986263275146,0.0002946853637695,0.9020444444444444,0.0258555555555555,,0.573,0.5385816235504014,0.973397823458283,0.6934673366834171,0.6488432884216309,-2.3245811462402344e-05,-0.0,0.6488432884216309,0.573,-0.0
imdb,iid,4,9928,1,0,0.615693986415863,-0.0015400052070617,0.0113387107849121,-0.0022943019866943,0.8920444444444444,0.0108444444444444,,0.4962,0.4962,1.0,0.663280310118968,0.7158404588699341,0.000933289527893,-0.0,0.7158404588699341,0.4962,-0.0
imdb,iid,4,9928,1,1,0.615693986415863,0.0061360001564025,0.0113387107849121,0.0026462078094482,0.8920444444444444,0.0398666666666667,,0.4962,0.4962,1.0,0.663280310118968,0.7158404588699341,-0.000420331954956,-0.0,0.7158404588699341,0.4962,-0.0
imdb,iid,4,9928,1,2,0.615693986415863,0.00164395570755,0.0113387107849121,0.0003858208656311,0.8920444444444444,0.0134444444444443,,0.4962,0.4962,1.0,0.663280310118968,0.7158404588699341,-0.0009338855743408,-0.0,0.7158404588699341,0.4962,-0.0
imdb,iid,4,9928,1,3,0.615693986415863,-1.6033649444580078e-05,0.0113387107849121,-0.0014724135398864,0.8920444444444444,0.0081111111111111,,0.4962,0.4962,1.0,0.663280310118968,0.7158404588699341,0.0004283785820007,-0.0,0.7158404588699341,0.4962,-0.0
imdb,iid,4,9928,2,0,0.5876539945602417,0.0011819601058959,0.0108440518379211,-0.0012006163597106,0.8848888888888888,-0.0403111111111109,,0.5426,0.5205770046669496,0.989117291414752,0.6821403752605977,0.6592513918876648,0.0009663105010986,0.0031999999999999,0.6592513918876648,0.5426,0.0031999999999999
imdb,iid,4,9928,2,1,0.5876539945602417,-0.0024020075798034,0.0108440518379211,0.0012118220329284,0.8848888888888888,-0.0398888888888888,,0.5426,0.5205770046669496,0.989117291414752,0.6821403752605977,0.6592513918876648,-0.0002956986427307,-0.0004,0.6592513918876648,0.5426,-0.0004
imdb,iid,4,9928,2,2,0.5876539945602417,0.0006699562072753,0.0108440518379211,1.2695789337158205e-05,0.8848888888888888,0.0126555555555554,,0.5426,0.5205770046669496,0.989117291414752,0.6821403752605977,0.6592513918876648,-0.0008350014686584,-0.0011999999999999,0.6592513918876648,0.5426,-0.0011999999999999
imdb,iid,4,9928,2,3,0.5876539945602417,-0.0008920431137084,0.0108440518379211,-0.0009068250656127,0.8848888888888888,-0.0238,,0.5426,0.5205770046669496,0.989117291414752,0.6821403752605977,0.6592513918876648,0.0001684427261352,0.0011999999999999,0.6592513918876648,0.5426,0.0011999999999999
imdb,iid,4,9928,3,0,0.6120339632034302,0.0007239580154418,0.0243712663650512,0.0007472038269042,0.7679555555555555,-0.0094888888888888,,0.74,0.6837846249610956,0.8855300282144297,0.771689497716895,0.5631911158561707,0.0008414387702941,0.0013999999999999,0.5631911158561707,0.74,0.0013999999999999
imdb,iid,4,9928,3,1,0.6120339632034302,-0.0019400119781494,0.0243712663650512,-6.318092346191406e-06,0.7679555555555555,-0.0166666666666668,,0.74,0.6837846249610956,0.8855300282144297,0.771689497716895,0.5631911158561707,-0.0002415776252746,-0.0,0.5631911158561707,0.74,-0.0
imdb,iid,4,9928,3,2,0.6120339632034302,0.0018259286880493,0.0243712663650512,-0.0008301138877868,0.7679555555555555,-0.0214444444444446,,0.74,0.6837846249610956,0.8855300282144297,0.771689497716895,0.5631911158561707,-0.0006411075592041,-0.0016,0.5631911158561707,0.74,-0.0016
imdb,iid,4,9928,3,3,0.6120339632034302,1.5974044799804688e-05,0.0243712663650512,-0.0008235573768615,0.7679555555555555,-0.0122666666666666,,0.74,0.6837846249610956,0.8855300282144297,0.771689497716895,0.5631911158561707,6.765127182006836e-05,0.0003999999999999,0.5631911158561707,0.74,0.0003999999999999
imdb,iid,4,9928,4,0,0.6416959762573242,-0.0004080533981323,0.0533567070960998,0.0012524724006652,0.7699555555555555,0.0378888888888886,,0.7868,0.7664783427495292,0.8202337767029424,0.7924454828660437,0.4814801812171936,0.0005505681037902,0.0022,0.4814801812171936,0.7868,0.0022
imdb,iid,4,9928,4,1,0.6416959762573242,-0.001546025276184,0.0533567070960998,-0.0007650852203369,0.7699555555555555,0.0017777777777776,,0.7868,0.7664783427495292,0.8202337767029424,0.7924454828660437,0.4814801812171936,-0.0001066327095031,-0.0009999999999998,0.4814801812171936,0.7868,-0.0009999999999998
imdb,iid,4,9928,4,2,0.6416959762573242,0.0013380050659179,0.0533567070960998,1.33514404296875e-05,0.7699555555555555,0.0165555555555554,,0.7868,0.7664783427495292,0.8202337767029424,0.7924454828660437,0.4814801812171936,-0.0004105567932128,-0.0007999999999999,0.4814801812171936,0.7868,-0.0007999999999999
imdb,iid,4,9928,4,3,0.6416959762573242,0.0003199577331542,0.0533567070960998,-0.0006226897239685,0.7699555555555555,0.0310888888888889,,0.7868,0.7664783427495292,0.8202337767029424,0.7924454828660437,0.4814801812171936,3.758072853088379e-05,-0.0001999999999999,0.4814801812171936,0.7868,-0.0001999999999999
imdb,iid,4,9928,5,0,0.6644060015678406,0.0022180080413818,0.0896927714347839,-0.0002923607826232,0.7673777777777779,-0.0382666666666664,,0.8006,0.7942109436954797,0.807335751713019,0.8007195682590446,0.441146045923233,0.0002336800098419,-0.0014,0.441146045923233,0.8006,-0.0014
imdb,iid,4,9928,5,1,0.6644060015678406,-0.0002340078353881,0.0896927714347839,-0.002093493938446,0.7673777777777779,-0.0314888888888886,,0.8006,0.7942109436954797,0.807335751713019,0.8007195682590446,0.441146045923233,-3.409385681152344e-05,-0.0001999999999999,0.441146045923233,0.8006,-0.0001999999999999
imdb,iid,4,9928,5,2,0.6644060015678406,0.0014919638633728,0.0896927714347839,-0.0002254843711853,0.7673777777777779,0.0086888888888889,,0.8006,0.7942109436954797,0.807335751713019,0.8007195682590446,0.441146045923233,-0.0001905858516693,-0.001,0.441146045923233,0.8006,-0.001
imdb,iid,4,9928,5,3,0.6644060015678406,-8.600950241088867e-05,0.0896927714347839,-0.0012388229370117,0.7673777777777779,0.004377777777778,,0.8006,0.7942109436954797,0.807335751713019,0.8007195682590446,0.441146045923233,7.486343383789062e-05,-0.0016,0.441146045923233,0.8006,-0.0016
imdb,iid,4,9928,6,0,0.678007960319519,-0.0001020431518554,0.1176470518112182,0.0012204051017761,0.6566888888888889,-0.0605999999999999,,0.8132,0.8117694478033051,0.8117694478033051,0.8117694478033051,0.4201166033744812,0.0001018643379211,0.002,0.4201166033744812,0.8132,0.002
imdb,iid,4,9928,6,1,0.678007960319519,-0.0006400346755981,0.1176470518112182,-0.0015921592712402,0.6566888888888889,-0.0590222222222223,,0.8132,0.8117694478033051,0.8117694478033051,0.8117694478033051,0.4201166033744812,1.0788440704345705e-05,0.0016,0.4201166033744812,0.8132,0.0016
imdb,iid,4,9928,6,2,0.678007960319519,-0.0008500814437866,0.1176470518112182,-0.00094735622406,0.6566888888888889,-0.0682666666666664,,0.8132,0.8117694478033051,0.8117694478033051,0.8117694478033051,0.4201166033744812,-0.0001232326030731,0.0014,0.4201166033744812,0.8132,0.0014
imdb,iid,4,9928,6,3,0.678007960319519,-0.0001360177993774,0.1176470518112182,-0.0005747079849243,0.6566888888888889,-0.0467777777777778,,0.8132,0.8117694478033051,0.8117694478033051,0.8117694478033051,0.4201166033744812,0.0001052618026733,0.0008,0.4201166033744812,0.8132,0.0008
imdb,iid,4,9928,7,0,0.6887099742889404,0.0009739398956298,0.1508746147155761,0.0036159753799438,0.7620222222222222,-0.0400444444444443,,0.821,0.8220958570268074,0.8158000806126562,0.818935868905523,0.4058087468147278,4.404783248901367e-05,0.0007999999999999,0.4058087468147278,0.821,0.0007999999999999
imdb,iid,4,9928,7,1,0.6887099742889404,-0.00039803981781,0.1508746147155761,-0.0016266107559204,0.7620222222222222,-0.0600666666666669,,0.821,0.8220958570268074,0.8158000806126562,0.818935868905523,0.4058087468147278,4.544854164123535e-05,0.0011999999999999,0.4058087468147278,0.821,0.0011999999999999
imdb,iid,4,9928,7,2,0.6887099742889404,0.0008000135421752,0.1508746147155761,0.0007288455963134,0.7620222222222222,-0.0529333333333335,,0.821,0.8220958570268074,0.8158000806126562,0.818935868905523,0.4058087468147278,-0.000110775232315,0.0005999999999999,0.4058087468147278,0.821,0.0005999999999999
imdb,iid,4,9928,7,3,0.6887099742889404,0.0003019571304321,0.1508746147155761,0.000619351863861,0.7620222222222222,-0.0183999999999999,,0.821,0.8220958570268074,0.8158000806126562,0.818935868905523,0.4058087468147278,0.0001238882541656,0.0007999999999999,0.4058087468147278,0.821,0.0007999999999999
imdb,iid,4,9928,8,0,0.697409987449646,0.0016019940376281,0.1724637746810913,0.0021023154258728,0.7289111111111111,-0.0261333333333335,,0.8244,0.8275439313445034,0.8162031438935913,0.8218344155844156,0.3947809934616089,2.3096799850463867e-05,0.0008,0.3947809934616089,0.8244,0.0008
imdb,iid,4,9928,8,1,0.697409987449646,-0.0005720257759094,0.1724637746810913,-0.0019013881683349,0.7289111111111111,-0.0161777777777778,,0.8244,0.8275439313445034,0.8162031438935913,0.8218344155844156,0.3947809934616089,5.626678466796875e-05,-0.0011999999999999,0.3947809934616089,0.8244,-0.0011999999999999
imdb,iid,4,9928,8,2,0.697409987449646,0.0001479983329772,0.1724637746810913,0.0002415776252746,0.7289111111111111,-0.0270444444444444,,0.8244,0.8275439313445034,0.8162031438935913,0.8218344155844156,0.3947809934616089,-9.998679161071776e-05,-0.0001999999999999,0.3947809934616089,0.8244,-0.0001999999999999
imdb,iid,4,9928,8,3,0.697409987449646,0.0011539459228515,0.1724637746810913,-0.0002415180206298,0.7289111111111111,-0.0013999999999998,,0.8244,0.8275439313445034,0.8162031438935913,0.8218344155844156,0.3947809934616089,0.0001172423362731,0.0001999999999999,0.3947809934616089,0.8244,0.0001999999999999
imdb,iid,4,9928,9,0,0.7039899826049805,0.0010799765586853,0.1941840648651123,0.0011931657791137,0.718488888888889,-0.0035555555555555,,0.8278,0.8316953316953317,0.8186215235792019,0.8251066422912858,0.3858551681041717,5.364418029785156e-07,-0.0006,0.3858551681041717,0.8278,-0.0006
imdb,iid,4,9928,9,1,0.7039899826049805,-0.0013160109519958,0.1941840648651123,-0.0006679892539978,0.718488888888889,0.017688888888889,,0.8278,0.8316953316953317,0.8186215235792019,0.8251066422912858,0.3858551681041717,5.874037742614746e-05,-0.0006,0.3858551681041717,0.8278,-0.0006
imdb,iid,4,9928,9,2,0.7039899826049805,0.0002859830856323,0.1941840648651123,0.000519573688507,0.718488888888889,-0.0290444444444442,,0.8278,0.8316953316953317,0.8186215235792019,0.8251066422912858,0.3858551681041717,-7.218122482299805e-05,-0.001,0.3858551681041717,0.8278,-0.001
imdb,iid,4,9928,9,3,0.7039899826049805,0.0006599426269531,0.1941840648651123,-0.000861644744873,0.718488888888889,0.0046666666666668,,0.8278,0.8316953316953317,0.8186215235792019,0.8251066422912858,0.3858551681041717,0.0001117289066314,-0.0001999999999999,0.3858551681041717,0.8278,-0.0001999999999999
imdb,iid,4,9928,10,0,0.7095860242843628,0.0007439851760864,0.2087622880935669,0.0006877779960632,0.7512444444444444,0.0128444444444442,,0.8322,0.8367514356029533,0.8222490931076178,0.8294368774141085,0.3784531950950622,1.3172626495361328e-05,0.0004,0.3784531950950622,0.8322,0.0004
imdb,iid,4,9928,10,1,0.7095860242843628,-0.0003699660301208,0.2087622880935669,-0.0036779046058654,0.7512444444444444,-0.0078,,0.8322,0.8367514356029533,0.8222490931076178,0.8294368774141085,0.3784531950950622,5.131959915161133e-05,0.0002,0.3784531950950622,0.8322,0.0002
imdb,iid,4,9928,10,2,0.7095860242843628,0.0004160404205322,0.2087622880935669,-0.003112256526947,0.7512444444444444,-0.0257555555555555,,0.8322,0.8367514356029533,0.8222490931076178,0.8294368774141085,0.3784531950950622,-7.215142250061035e-05,-0.0005999999999999,0.3784531950950622,0.8322,-0.0005999999999999
imdb,iid,4,9928,10,3,0.7095860242843628,0.0005000233650207,0.2087622880935669,-0.0004677176475524,0.7512444444444444,-0.0018222222222221,,0.8322,0.8367514356029533,0.8222490931076178,0.8294368774141085,0.3784531950950622,0.0001106262207031,0.0004,0.3784531950950622,0.8322,0.0004
